0 0 60
0 1 61
0 2 56
0 3 41
0 4 47
0 5 53
0 6 43
0 7 31
0 8 57
0 9 42
0 10 49
0 11 42
0 12 46
0 13 50
0 14 48
0 15 42
0 16 54
0 17 39
0 18 51
0 19 54
0 20 52
0 21 56
0 22 48
0 23 37
0 24 46
0 25 54
0 26 49
0 27 49
0 28 41
0 29 56
0 30 50
0 31 48
0 32 49
0 33 54
0 34 45
0 35 56
0 36 46
0 37 51
0 38 46
0 39 57
0 40 49
0 41 56
0 42 46
0 43 60
0 44 45
0 45 51
0 46 51
0 47 58
0 48 63
0 49 65
0 50 66
0 51 61
0 52 57
0 53 54
0 54 41
0 55 62
0 56 49
0 57 58
0 58 49
0 59 53
0 60 30
0 61 38
0 62 44
0 63 59
0 64 46
0 65 52
0 66 52
0 67 65
0 68 58
0 69 44
0 70 52
0 71 42
0 72 50
0 73 63
0 74 52
0 75 45
0 76 49
0 77 58
0 78 62
0 79 58
0 80 54
0 81 40
0 82 63
0 83 64
0 84 53
0 85 52
0 86 58
0 87 50
0 88 52
0 89 52
0 90 50
0 91 55
0 92 52
0 93 48
0 94 41
0 95 45
0 96 41
0 97 46
0 98 46
0 99 47
0 100 53
0 101 52
0 102 52
0 103 61
0 104 54
0 105 61
0 106 44
0 107 52
0 108 55
0 109 47
0 110 52
0 111 62
0 112 55
0 113 56
0 114 56
0 115 51
0 116 50
0 117 57
0 118 50
0 119 47
0 120 63
0 121 41
0 122 59
0 123 45
0 124 59
0 125 44
0 126 53
0 127 51
0 128 46
0 129 53
0 130 69
0 131 50
0 132 41
0 133 38
0 134 62
0 135 43
0 136 51
0 137 47
0 138 58
0 139 51
0 140 43
0 141 37
0 142 60
0 143 45
0 144 38
0 145 46
0 146 32
0 147 45
0 148 50
0 149 55
1 0 33
1 1 50
1 2 46
1 3 50
1 4 47
1 5 55
1 6 41
1 7 45
1 8 45
1 9 39
1 10 51
1 11 51
1 12 59
1 13 47
1 14 60
1 15 48
1 16 47
1 17 54
1 18 59
1 19 40
1 20 56
1 21 61
1 22 56
1 23 62
1 24 53
1 25 50
1 26 46
1 27 60
1 28 60
1 29 50
1 30 72
1 31 48
1 32 51
1 33 55
1 34 50
1 35 48
1 36 61
1 37 45
1 38 44
1 39 64
1 40 56
1 41 49
1 42 52
1 43 49
1 44 43
1 45 62
1 46 36
1 47 55
1 48 45
1 49 58
1 50 56
1 51 38
1 52 52
1 53 58
1 54 52
1 55 57
1 56 54
1 57 55
1 58 51
1 59 61
1 60 40
1 61 57
1 62 48
1 63 47
1 64 59
1 65 59
1 66 50
1 67 48
1 68 46
1 69 52
1 70 60
1 71 53
1 72 53
1 73 59
1 74 35
1 75 45
1 76 56
1 77 46
1 78 45
1 79 47
1 80 52
1 81 43
1 82 45
1 83 38
1 84 57
1 85 47
1 86 57
1 87 42
1 88 62
1 89 50
1 90 53
1 91 54
1 92 44
1 93 55
1 94 48
1 95 32
1 96 68
1 97 57
1 98 44
1 99 54
1 100 51
1 101 62
1 102 44
1 103 41
1 104 61
1 105 50
1 106 60
1 107 43
1 108 47
1 109 63
1 110 45
1 111 58
1 112 64
1 113 46
1 114 57
1 115 55
1 116 51
1 117 43
1 118 43
1 119 50
1 120 40
1 121 36
1 122 43
1 123 50
1 124 51
1 125 62
1 126 41
1 127 42
1 128 45
1 129 49
1 130 50
1 131 46
1 132 52
1 133 37
1 134 44
1 135 52
1 136 48
1 137 39
1 138 40
1 139 42
1 140 60
1 141 57
1 142 37
1 143 49
1 144 51
1 145 39
1 146 42
1 147 64
1 148 47
1 149 46
2 0 63
2 1 50
2 2 46
2 3 36
2 4 63
2 5 53
2 6 48
2 7 43
2 8 41
2 9 46
2 10 38
2 11 55
2 12 61
2 13 49
2 14 51
2 15 49
2 16 46
2 17 44
2 18 61
2 19 49
2 20 46
2 21 57
2 22 50
2 23 58
2 24 58
2 25 52
2 26 68
2 27 62
2 28 49
2 29 54
2 30 49
2 31 55
2 32 40
2 33 58
2 34 45
2 35 55
2 36 54
2 37 40
2 38 44
2 39 52
2 40 43
2 41 55
2 42 52
2 43 60
2 44 56
2 45 59
2 46 54
2 47 54
2 48 40
2 49 28
2 50 60
2 51 47
2 52 62
2 53 53
2 54 43
2 55 49
2 56 37
2 57 56
2 58 49
2 59 48
2 60 44
2 61 45
2 62 70
2 63 50
2 64 33
2 65 55
2 66 51
2 67 54
2 68 48
2 69 55
2 70 61
2 71 49
2 72 52
2 73 49
2 74 51
2 75 47
2 76 58
2 77 43
2 78 42
2 79 54
2 80 48
2 81 60
2 82 52
2 83 53
2 84 53
2 85 55
2 86 43
2 87 42
2 88 49
2 89 52
2 90 51
2 91 34
2 92 42
2 93 62
2 94 45
2 95 56
2 96 46
2 97 60
2 98 39
2 99 50
2 100 46
2 101 50
2 102 51
2 103 58
2 104 51
2 105 48
2 106 65
2 107 44
2 108 45
2 109 59
2 110 45
2 111 48
2 112 36
2 113 53
2 114 44
2 115 46
2 116 42
2 117 51
2 118 42
2 119 43
2 120 54
2 121 53
2 122 46
2 123 40
2 124 45
2 125 50
2 126 47
2 127 40
2 128 56
2 129 41
2 130 44
2 131 50
2 132 44
2 133 44
2 134 40
2 135 57
2 136 42
2 137 46
2 138 36
2 139 39
2 140 54
2 141 44
2 142 66
2 143 43
2 144 48
2 145 57
2 146 55
2 147 43
2 148 46
2 149 57
3 0 47
3 1 61
3 2 49
3 3 49
3 4 45
3 5 45
3 6 48
3 7 55
3 8 36
3 9 50
3 10 56
3 11 68
3 12 44
3 13 51
3 14 41
3 15 42
3 16 50
3 17 64
3 18 59
3 19 46
3 20 48
3 21 59
3 22 53
3 23 54
3 24 40
3 25 59
3 26 40
3 27 48
3 28 44
3 29 49
3 30 39
3 31 40
3 32 47
3 33 51
3 34 48
3 35 57
3 36 63
3 37 41
3 38 52
3 39 48
3 40 53
3 41 43
3 42 43
3 43 61
3 44 51
3 45 50
3 46 53
3 47 50
3 48 56
3 49 47
3 50 39
3 51 48
3 52 43
3 53 50
3 54 48
3 55 48
3 56 49
3 57 42
3 58 47
3 59 59
3 60 37
3 61 52
3 62 59
3 63 49
3 64 55
3 65 45
3 66 42
3 67 62
3 68 48
3 69 56
3 70 47
3 71 51
3 72 40
3 73 41
3 74 53
3 75 58
3 76 54
3 77 61
3 78 44
3 79 52
3 80 36
3 81 46
3 82 44
3 83 55
3 84 41
3 85 46
3 86 50
3 87 52
3 88 59
3 89 42
3 90 46
3 91 36
3 92 52
3 93 56
3 94 44
3 95 44
3 96 42
3 97 54
3 98 48
3 99 45
3 100 50
3 101 50
3 102 33
3 103 56
3 104 59
3 105 57
3 106 54
3 107 53
3 108 42
3 109 41
3 110 49
3 111 49
3 112 44
3 113 45
3 114 56
3 115 45
3 116 51
3 117 48
3 118 44
3 119 60
3 120 44
3 121 42
3 122 61
3 123 55
3 124 48
3 125 51
3 126 43
3 127 44
3 128 51
3 129 44
3 130 56
3 131 46
3 132 59
3 133 51
3 134 50
3 135 47
3 136 43
3 137 45
3 138 43
3 139 53
3 140 58
3 141 53
3 142 48
3 143 49
3 144 40
3 145 51
3 146 43
3 147 52
3 148 46
3 149 53
4 0 46
4 1 59
4 2 45
4 3 41
4 4 47
4 5 58
4 6 48
4 7 47
4 8 40
4 9 31
4 10 43
4 11 52
4 12 51
4 13 49
4 14 41
4 15 69
4 16 60
4 17 46
4 18 47
4 19 48
4 20 41
4 21 51
4 22 49
4 23 43
4 24 54
4 25 66
4 26 55
4 27 46
4 28 50
4 29 34
4 30 55
4 31 48
4 32 56
4 33 43
4 34 49
4 35 48
4 36 39
4 37 48
4 38 54
4 39 48
4 40 44
4 41 51
4 42 39
4 43 51
4 44 50
4 45 65
4 46 47
4 47 54
4 48 52
4 49 56
4 50 44
4 51 41
4 52 56
4 53 60
4 54 38
4 55 58
4 56 47
4 57 66
4 58 47
4 59 49
4 60 47
4 61 65
4 62 53
4 63 64
4 64 48
4 65 56
4 66 42
4 67 54
4 68 48
4 69 61
4 70 45
4 71 55
4 72 37
4 73 57
4 74 56
4 75 56
4 76 48
4 77 45
4 78 43
4 79 48
4 80 49
4 81 40
4 82 48
4 83 57
4 84 59
4 85 49
4 86 43
4 87 45
4 88 41
4 89 41
4 90 62
4 91 60
4 92 36
4 93 53
4 94 50
4 95 46
4 96 60
4 97 44
4 98 61
4 99 51
4 100 56
4 101 59
4 102 47
4 103 52
4 104 48
4 105 46
4 106 53
4 107 61
4 108 56
4 109 49
4 110 49
4 111 54
4 112 43
4 113 64
4 114 42
4 115 48
4 116 62
4 117 44
4 118 33
4 119 40
4 120 67
4 121 51
4 122 44
4 123 46
4 124 45
4 125 46
4 126 49
4 127 50
4 128 55
4 129 41
4 130 43
4 131 46
4 132 43
4 133 48
4 134 57
4 135 49
4 136 47
4 137 48
4 138 46
4 139 40
4 140 55
4 141 41
4 142 46
4 143 36
4 144 52
4 145 39
4 146 46
4 147 31
4 148 46
4 149 42
5 0 44
5 1 44
5 2 48
5 3 40
5 4 41
5 5 37
5 6 45
5 7 45
5 8 55
5 9 39
5 10 50
5 11 57
5 12 56
5 13 48
5 14 49
5 15 47
5 16 34
5 17 50
5 18 56
5 19 64
5 20 59
5 21 58
5 22 58
5 23 54
5 24 53
5 25 44
5 26 34
5 27 55
5 28 62
5 29 62
5 30 43
5 31 51
5 32 59
5 33 47
5 34 42
5 35 53
5 36 46
5 37 59
5 38 62
5 39 54
5 40 58
5 41 37
5 42 46
5 43 54
5 44 55
5 45 40
5 46 48
5 47 43
5 48 56
5 49 37
5 50 48
5 51 46
5 52 46
5 53 43
5 54 45
5 55 45
5 56 52
5 57 56
5 58 48
5 59 44
5 60 38
5 61 52
5 62 40
5 63 42
5 64 41
5 65 54
5 66 52
5 67 55
5 68 57
5 69 51
5 70 51
5 71 43
5 72 51
5 73 50
5 74 44
5 75 43
5 76 42
5 77 52
5 78 60
5 79 42
5 80 52
5 81 52
5 82 70
5 83 50
5 84 48
5 85 43
5 86 60
5 87 51
5 88 55
5 89 46
5 90 59
5 91 41
5 92 49
5 93 48
5 94 54
5 95 43
5 96 58
5 97 44
5 98 52
5 99 40
5 100 47
5 101 30
5 102 51
5 103 37
5 104 42
5 105 56
5 106 41
5 107 39
5 108 39
5 109 61
5 110 38
5 111 68
5 112 49
5 113 46
5 114 42
5 115 57
5 116 43
5 117 66
5 118 49
5 119 45
5 120 49
5 121 46
5 122 56
5 123 53
5 124 57
5 125 38
5 126 39
5 127 39
5 128 46
5 129 47
5 130 45
5 131 48
5 132 49
5 133 42
5 134 44
5 135 52
5 136 54
5 137 42
5 138 39
5 139 49
5 140 48
5 141 38
5 142 46
5 143 41
5 144 66
5 145 42
5 146 46
5 147 47
5 148 42
5 149 54
6 0 43
6 1 48
6 2 46
6 3 46
6 4 57
6 5 46
6 6 51
6 7 51
6 8 43
6 9 44
6 10 47
6 11 41
6 12 54
6 13 51
6 14 47
6 15 44
6 16 39
6 17 43
6 18 40
6 19 45
6 20 41
6 21 48
6 22 39
6 23 44
6 24 55
6 25 48
6 26 51
6 27 53
6 28 47
6 29 58
6 30 42
6 31 45
6 32 44
6 33 40
6 34 42
6 35 39
6 36 47
6 37 44
6 38 52
6 39 47
6 40 51
6 41 46
6 42 48
6 43 49
6 44 46
6 45 41
6 46 49
6 47 54
6 48 50
6 49 64
6 50 52
6 51 54
6 52 51
6 53 38
6 54 41
6 55 50
6 56 42
6 57 37
6 58 55
6 59 57
6 60 53
6 61 49
6 62 56
6 63 60
6 64 62
6 65 46
6 66 43
6 67 47
6 68 48
6 69 49
6 70 42
6 71 52
6 72 46
6 73 55
6 74 52
6 75 48
6 76 56
6 77 43
6 78 47
6 79 34
6 80 45
6 81 46
6 82 43
6 83 42
6 84 52
6 85 62
6 86 48
6 87 54
6 88 45
6 89 43
6 90 48
6 91 50
6 92 40
6 93 57
6 94 60
6 95 44
6 96 55
6 97 51
6 98 40
6 99 46
6 100 48
6 101 54
6 102 46
6 103 38
6 104 60
6 105 44
6 106 51
6 107 58
6 108 49
6 109 53
6 110 61
6 111 56
6 112 53
6 113 52
6 114 53
6 115 53
6 116 57
6 117 54
6 118 52
6 119 50
6 120 41
6 121 44
6 122 49
6 123 43
6 124 35
6 125 41
6 126 35
6 127 65
6 128 53
6 129 42
6 130 52
6 131 55
6 132 45
6 133 57
6 134 58
6 135 47
6 136 39
6 137 51
6 138 40
6 139 44
6 140 54
6 141 48
6 142 50
6 143 36
6 144 59
6 145 38
6 146 51
6 147 45
6 148 56
6 149 52
7 0 44
7 1 54
7 2 32
7 3 41
7 4 56
7 5 50
7 6 44
7 7 36
7 8 54
7 9 45
7 10 59
7 11 39
7 12 47
7 13 43
7 14 51
7 15 42
7 16 68
7 17 51
7 18 63
7 19 52
7 20 50
7 21 56
7 22 56
7 23 46
7 24 29
7 25 59
7 26 51
7 27 62
7 28 52
7 29 57
7 30 52
7 31 49
7 32 53
7 33 53
7 34 42
7 35 50
7 36 38
7 37 48
7 38 40
7 39 52
7 40 47
7 41 51
7 42 49
7 43 63
7 44 45
7 45 41
7 46 44
7 47 49
7 48 54
7 49 47
7 50 54
7 51 52
7 52 47
7 53 50
7 54 46
7 55 56
7 56 49
7 57 47
7 58 37
7 59 48
7 60 59
7 61 45
7 62 43
7 63 46
7 64 48
7 65 49
7 66 43
7 67 42
7 68 53
7 69 47
7 70 39
7 71 50
7 72 50
7 73 65
7 74 53
7 75 55
7 76 52
7 77 45
7 78 54
7 79 42
7 80 43
7 81 40
7 82 46
7 83 49
7 84 40
7 85 39
7 86 55
7 87 55
7 88 48
7 89 54
7 90 46
7 91 54
7 92 38
7 93 45
7 94 45
7 95 61
7 96 43
7 97 55
7 98 45
7 99 56
7 100 41
7 101 49
7 102 59
7 103 59
7 104 46
7 105 32
7 106 43
7 107 41
7 108 43
7 109 63
7 110 46
7 111 48
7 112 74
7 113 59
7 114 43
7 115 53
7 116 38
7 117 47
7 118 48
7 119 46
7 120 49
7 121 41
7 122 58
7 123 65
7 124 33
7 125 49
7 126 57
7 127 49
7 128 47
7 129 41
7 130 50
7 131 39
7 132 67
7 133 48
7 134 60
7 135 41
7 136 44
7 137 50
7 138 42
7 139 39
7 140 53
7 141 33
7 142 54
7 143 49
7 144 40
7 145 51
7 146 45
7 147 45
7 148 32
7 149 37
8 0 55
8 1 36
8 2 42
8 3 37
8 4 47
8 5 48
8 6 56
8 7 44
8 8 49
8 9 48
8 10 44
8 11 49
8 12 58
8 13 59
8 14 55
8 15 47
8 16 49
8 17 52
8 18 57
8 19 56
8 20 59
8 21 45
8 22 40
8 23 56
8 24 51
8 25 41
8 26 41
8 27 64
8 28 53
8 29 64
8 30 37
8 31 46
8 32 39
8 33 55
8 34 39
8 35 53
8 36 50
8 37 51
8 38 46
8 39 54
8 40 44
8 41 33
8 42 39
8 43 48
8 44 47
8 45 54
8 46 60
8 47 49
8 48 43
8 49 62
8 50 35
8 51 59
8 52 61
8 53 42
8 54 45
8 55 54
8 56 56
8 57 52
8 58 45
8 59 46
8 60 62
8 61 43
8 62 45
8 63 61
8 64 47
8 65 40
8 66 34
8 67 49
8 68 48
8 69 55
8 70 38
8 71 53
8 72 56
8 73 48
8 74 44
8 75 45
8 76 56
8 77 52
8 78 48
8 79 49
8 80 47
8 81 40
8 82 34
8 83 47
8 84 60
8 85 50
8 86 50
8 87 54
8 88 43
8 89 50
8 90 46
8 91 42
8 92 41
8 93 47
8 94 48
8 95 47
8 96 50
8 97 56
8 98 62
8 99 51
8 100 50
8 101 50
8 102 40
8 103 50
8 104 41
8 105 61
8 106 58
8 107 45
8 108 56
8 109 50
8 110 49
8 111 64
8 112 42
8 113 48
8 114 42
8 115 46
8 116 31
8 117 47
8 118 43
8 119 51
8 120 58
8 121 67
8 122 46
8 123 50
8 124 57
8 125 38
8 126 54
8 127 35
8 128 47
8 129 49
8 130 58
8 131 51
8 132 37
8 133 41
8 134 50
8 135 34
8 136 47
8 137 39
8 138 53
8 139 45
8 140 47
8 141 32
8 142 55
8 143 54
8 144 38
8 145 57
8 146 46
8 147 51
8 148 52
8 149 47
9 0 56
9 1 51
9 2 50
9 3 57
9 4 43
9 5 47
9 6 41
9 7 47
9 8 37
9 9 51
9 10 55
9 11 45
9 12 45
9 13 57
9 14 52
9 15 45
9 16 60
9 17 52
9 18 61
9 19 47
9 20 56
9 21 42
9 22 48
9 23 47
9 24 46
9 25 61
9 26 52
9 27 49
9 28 47
9 29 60
9 30 46
9 31 47
9 32 50
9 33 48
9 34 55
9 35 44
9 36 47
9 37 42
9 38 53
9 39 61
9 40 46
9 41 48
9 42 47
9 43 47
9 44 47
9 45 51
9 46 49
9 47 53
9 48 40
9 49 38
9 50 46
9 51 49
9 52 53
9 53 56
9 54 35
9 55 48
9 56 47
9 57 44
9 58 39
9 59 56
9 60 56
9 61 52
9 62 48
9 63 60
9 64 45
9 65 34
9 66 40
9 67 40
9 68 48
9 69 45
9 70 75
9 71 65
9 72 42
9 73 51
9 74 55
9 75 45
9 76 48
9 77 45
9 78 42
9 79 53
9 80 54
9 81 49
9 82 36
9 83 43
9 84 41
9 85 43
9 86 45
9 87 55
9 88 43
9 89 57
9 90 42
9 91 40
9 92 55
9 93 55
9 94 49
9 95 41
9 96 40
9 97 43
9 98 42
9 99 51
9 100 45
9 101 47
9 102 44
9 103 48
9 104 39
9 105 51
9 106 57
9 107 42
9 108 31
9 109 42
9 110 36
9 111 52
9 112 56
9 113 48
9 114 49
9 115 40
9 116 55
9 117 53
9 118 47
9 119 50
9 120 51
9 121 59
9 122 44
9 123 46
9 124 34
9 125 44
9 126 59
9 127 52
9 128 30
9 129 53
9 130 45
9 131 60
9 132 39
9 133 39
9 134 39
9 135 44
9 136 39
9 137 45
9 138 45
9 139 31
9 140 44
9 141 52
9 142 53
9 143 43
9 144 46
9 145 50
9 146 40
9 147 47
9 148 38
9 149 45
10 0 55
10 1 46
10 2 37
10 3 48
10 4 44
10 5 58
10 6 39
10 7 50
10 8 53
10 9 48
10 10 52
10 11 45
10 12 57
10 13 43
10 14 42
10 15 43
10 16 42
10 17 43
10 18 45
10 19 53
10 20 50
10 21 44
10 22 42
10 23 56
10 24 45
10 25 38
10 26 43
10 27 31
10 28 64
10 29 54
10 30 47
10 31 45
10 32 42
10 33 42
10 34 49
10 35 32
10 36 46
10 37 42
10 38 48
10 39 55
10 40 55
10 41 52
10 42 46
10 43 51
10 44 47
10 45 45
10 46 47
10 47 46
10 48 59
10 49 38
10 50 55
10 51 56
10 52 46
10 53 56
10 54 42
10 55 52
10 56 45
10 57 55
10 58 41
10 59 47
10 60 53
10 61 44
10 62 57
10 63 39
10 64 45
10 65 35
10 66 44
10 67 31
10 68 46
10 69 43
10 70 39
10 71 37
10 72 48
10 73 37
10 74 47
10 75 54
10 76 49
10 77 61
10 78 55
10 79 50
10 80 53
10 81 48
10 82 57
10 83 47
10 84 54
10 85 53
10 86 32
10 87 47
10 88 41
10 89 67
10 90 52
10 91 57
10 92 32
10 93 38
10 94 49
10 95 56
10 96 53
10 97 36
10 98 47
10 99 51
10 100 56
10 101 52
10 102 41
10 103 54
10 104 43
10 105 53
10 106 47
10 107 53
10 108 45
10 109 43
10 110 54
10 111 51
10 112 46
10 113 35
10 114 51
10 115 51
10 116 50
10 117 54
10 118 54
10 119 43
10 120 62
10 121 49
10 122 37
10 123 31
10 124 59
10 125 47
10 126 57
10 127 49
10 128 45
10 129 53
10 130 50
10 131 46
10 132 38
10 133 42
10 134 40
10 135 35
10 136 37
10 137 45
10 138 47
10 139 42
10 140 40
10 141 48
10 142 46
10 143 41
10 144 39
10 145 54
10 146 48
10 147 59
10 148 52
10 149 42
11 0 37
11 1 39
11 2 46
11 3 39
11 4 52
11 5 51
11 6 49
11 7 39
11 8 33
11 9 54
11 10 63
11 11 55
11 12 31
11 13 48
11 14 43
11 15 37
11 16 61
11 17 44
11 18 47
11 19 37
11 20 53
11 21 41
11 22 34
11 23 47
11 24 43
11 25 50
11 26 41
11 27 54
11 28 41
11 29 52
11 30 47
11 31 50
11 32 43
11 33 44
11 34 47
11 35 46
11 36 43
11 37 43
11 38 46
11 39 57
11 40 46
11 41 46
11 42 56
11 43 40
11 44 48
11 45 36
11 46 46
11 47 39
11 48 49
11 49 48
11 50 47
11 51 50
11 52 57
11 53 44
11 54 45
11 55 42
11 56 53
11 57 55
11 58 44
11 59 52
11 60 35
11 61 51
11 62 46
11 63 54
11 64 51
11 65 48
11 66 43
11 67 37
11 68 50
11 69 49
11 70 41
11 71 35
11 72 50
11 73 41
11 74 46
11 75 46
11 76 55
11 77 35
11 78 45
11 79 38
11 80 44
11 81 57
11 82 44
11 83 45
11 84 62
11 85 49
11 86 50
11 87 36
11 88 56
11 89 60
11 90 51
11 91 54
11 92 43
11 93 58
11 94 40
11 95 49
11 96 60
11 97 50
11 98 50
11 99 61
11 100 62
11 101 44
11 102 53
11 103 49
11 104 35
11 105 57
11 106 46
11 107 60
11 108 51
11 109 26
11 110 45
11 111 49
11 112 36
11 113 44
11 114 40
11 115 61
11 116 41
11 117 41
11 118 41
11 119 50
11 120 58
11 121 50
11 122 60
11 123 31
11 124 37
11 125 37
11 126 48
11 127 45
11 128 53
11 129 35
11 130 38
11 131 46
11 132 49
11 133 50
11 134 45
11 135 51
11 136 56
11 137 56
11 138 44
11 139 48
11 140 51
11 141 34
11 142 41
11 143 51
11 144 50
11 145 45
11 146 45
11 147 45
11 148 43
11 149 34
12 0 47
12 1 40
12 2 55
12 3 46
12 4 53
12 5 48
12 6 41
12 7 54
12 8 52
12 9 48
12 10 46
12 11 55
12 12 43
12 13 55
12 14 56
12 15 44
12 16 42
12 17 45
12 18 52
12 19 43
12 20 43
12 21 41
12 22 31
12 23 66
12 24 37
12 25 37
12 26 45
12 27 42
12 28 50
12 29 53
12 30 42
12 31 33
12 32 38
12 33 57
12 34 49
12 35 49
12 36 50
12 37 31
12 38 49
12 39 43
12 40 35
12 41 50
12 42 34
12 43 43
12 44 48
12 45 41
12 46 58
12 47 44
12 48 39
12 49 60
12 50 55
12 51 46
12 52 44
12 53 50
12 54 42
12 55 44
12 56 41
12 57 57
12 58 44
12 59 46
12 60 54
12 61 49
12 62 51
12 63 46
12 64 44
12 65 44
12 66 51
12 67 43
12 68 50
12 69 50
12 70 52
12 71 65
12 72 43
12 73 46
12 74 46
12 75 44
12 76 46
12 77 48
12 78 50
12 79 64
12 80 42
12 81 40
12 82 51
12 83 57
12 84 37
12 85 43
12 86 41
12 87 46
12 88 41
12 89 48
12 90 54
12 91 58
12 92 55
12 93 47
12 94 50
12 95 46
12 96 46
12 97 43
12 98 41
12 99 44
12 100 49
12 101 42
12 102 43
12 103 41
12 104 49
12 105 52
12 106 54
12 107 37
12 108 43
12 109 49
12 110 38
12 111 49
12 112 46
12 113 43
12 114 47
12 115 51
12 116 49
12 117 43
12 118 33
12 119 48
12 120 40
12 121 55
12 122 45
12 123 36
12 124 52
12 125 38
12 126 47
12 127 34
12 128 51
12 129 55
12 130 39
12 131 56
12 132 50
12 133 36
12 134 45
12 135 52
12 136 43
12 137 42
12 138 58
12 139 35
12 140 46
12 141 47
12 142 50
12 143 49
12 144 48
12 145 49
12 146 42
12 147 49
12 148 45
12 149 46
13 0 45
13 1 48
13 2 42
13 3 51
13 4 66
13 5 39
13 6 63
13 7 45
13 8 31
13 9 53
13 10 45
13 11 54
13 12 49
13 13 47
13 14 33
13 15 66
13 16 50
13 17 53
13 18 58
13 19 49
13 20 48
13 21 40
13 22 37
13 23 47
13 24 50
13 25 51
13 26 36
13 27 42
13 28 50
13 29 44
13 30 39
13 31 61
13 32 50
13 33 47
13 34 49
13 35 46
13 36 38
13 37 34
13 38 50
13 39 53
13 40 44
13 41 42
13 42 45
13 43 51
13 44 53
13 45 66
13 46 52
13 47 47
13 48 46
13 49 40
13 50 49
13 51 49
13 52 53
13 53 55
13 54 40
13 55 47
13 56 38
13 57 45
13 58 46
13 59 52
13 60 53
13 61 60
13 62 42
13 63 39
13 64 60
13 65 56
13 66 51
13 67 49
13 68 49
13 69 47
13 70 35
13 71 53
13 72 57
13 73 38
13 74 49
13 75 49
13 76 45
13 77 53
13 78 37
13 79 61
13 80 47
13 81 48
13 82 46
13 83 39
13 84 60
13 85 48
13 86 44
13 87 48
13 88 53
13 89 45
13 90 49
13 91 49
13 92 47
13 93 58
13 94 46
13 95 50
13 96 54
13 97 36
13 98 45
13 99 27
13 100 44
13 101 45
13 102 51
13 103 42
13 104 37
13 105 50
13 106 39
13 107 56
13 108 45
13 109 50
13 110 50
13 111 43
13 112 51
13 113 50
13 114 45
13 115 46
13 116 41
13 117 53
13 118 38
13 119 39
13 120 45
13 121 44
13 122 42
13 123 61
13 124 48
13 125 47
13 126 52
13 127 48
13 128 34
13 129 49
13 130 58
13 131 49
13 132 55
13 133 56
13 134 34
13 135 47
13 136 51
13 137 35
13 138 50
13 139 48
13 140 51
13 141 49
13 142 44
13 143 43
13 144 54
13 145 52
13 146 46
13 147 54
13 148 51
13 149 52
14 0 41
14 1 54
14 2 46
14 3 56
14 4 45
14 5 44
14 6 45
14 7 48
14 8 53
14 9 44
14 10 37
14 11 44
14 12 24
14 13 43
14 14 51
14 15 43
14 16 51
14 17 47
14 18 58
14 19 46
14 20 39
14 21 40
14 22 46
14 23 55
14 24 63
14 25 48
14 26 51
14 27 46
14 28 47
14 29 55
14 30 42
14 31 63
14 32 34
14 33 38
14 34 47
14 35 34
14 36 49
14 37 47
14 38 43
14 39 52
14 40 34
14 41 48
14 42 41
14 43 42
14 44 48
14 45 42
14 46 51
14 47 47
14 48 50
14 49 57
14 50 44
14 51 57
14 52 54
14 53 43
14 54 45
14 55 43
14 56 44
14 57 51
14 58 44
14 59 49
14 60 53
14 61 58
14 62 45
14 63 45
14 64 46
14 65 42
14 66 55
14 67 37
14 68 49
14 69 47
14 70 48
14 71 38
14 72 49
14 73 41
14 74 57
14 75 45
14 76 38
14 77 42
14 78 42
14 79 49
14 80 44
14 81 46
14 82 40
14 83 48
14 84 57
14 85 48
14 86 51
14 87 42
14 88 44
14 89 41
14 90 42
14 91 45
14 92 39
14 93 59
14 94 52
14 95 40
14 96 31
14 97 43
14 98 43
14 99 46
14 100 48
14 101 40
14 102 63
14 103 41
14 104 47
14 105 41
14 106 37
14 107 48
14 108 56
14 109 54
14 110 39
14 111 43
14 112 47
14 113 44
14 114 43
14 115 51
14 116 40
14 117 62
14 118 35
14 119 38
14 120 45
14 121 42
14 122 53
14 123 39
14 124 39
14 125 43
14 126 54
14 127 53
14 128 56
14 129 42
14 130 43
14 131 52
14 132 47
14 133 59
14 134 47
14 135 50
14 136 48
14 137 62
14 138 45
14 139 48
14 140 50
14 141 50
14 142 46
14 143 51
14 144 62
14 145 52
14 146 50
14 147 56
14 148 44
14 149 62
15 0 52
15 1 58
15 2 43
15 3 36
15 4 44
15 5 45
15 6 44
15 7 51
15 8 45
15 9 53
15 10 39
15 11 53
15 12 45
15 13 38
15 14 55
15 15 50
15 16 52
15 17 50
15 18 45
15 19 51
15 20 47
15 21 55
15 22 36
15 23 47
15 24 52
15 25 43
15 26 44
15 27 38
15 28 49
15 29 40
15 30 54
15 31 48
15 32 52
15 33 47
15 34 40
15 35 31
15 36 48
15 37 39
15 38 48
15 39 44
15 40 53
15 41 50
15 42 50
15 43 44
15 44 52
15 45 47
15 46 38
15 47 50
15 48 35
15 49 46
15 50 50
15 51 56
15 52 42
15 53 46
15 54 50
15 55 53
15 56 38
15 57 34
15 58 43
15 59 49
15 60 45
15 61 40
15 62 45
15 63 54
15 64 46
15 65 51
15 66 46
15 67 39
15 68 45
15 69 42
15 70 47
15 71 49
15 72 46
15 73 47
15 74 36
15 75 53
15 76 43
15 77 46
15 78 38
15 79 55
15 80 41
15 81 49
15 82 33
15 83 52
15 84 43
15 85 52
15 86 42
15 87 48
15 88 42
15 89 62
15 90 43
15 91 42
15 92 48
15 93 50
15 94 29
15 95 45
15 96 43
15 97 40
15 98 47
15 99 43
15 100 55
15 101 51
15 102 46
15 103 39
15 104 41
15 105 58
15 106 49
15 107 44
15 108 45
15 109 45
15 110 38
15 111 42
15 112 47
15 113 52
15 114 35
15 115 54
15 116 51
15 117 47
15 118 35
15 119 49
15 120 48
15 121 31
15 122 45
15 123 44
15 124 48
15 125 60
15 126 36
15 127 37
15 128 46
15 129 48
15 130 48
15 131 55
15 132 54
15 133 50
15 134 53
15 135 36
15 136 56
15 137 47
15 138 51
15 139 48
15 140 43
15 141 58
15 142 42
15 143 57
15 144 50
15 145 50
15 146 59
15 147 40
15 148 46
15 149 43
16 0 44
16 1 64
16 2 43
16 3 44
16 4 52
16 5 44
16 6 38
16 7 53
16 8 44
16 9 55
16 10 38
16 11 40
16 12 52
16 13 41
16 14 44
16 15 52
16 16 41
16 17 43
16 18 47
16 19 32
16 20 43
16 21 47
16 22 40
16 23 41
16 24 43
16 25 53
16 26 54
16 27 36
16 28 59
16 29 42
16 30 47
16 31 43
16 32 35
16 33 41
16 34 39
16 35 51
16 36 46
16 37 50
16 38 43
16 39 45
16 40 47
16 41 57
16 42 51
16 43 47
16 44 43
16 45 50
16 46 44
16 47 50
16 48 57
16 49 35
16 50 28
16 51 58
16 52 58
16 53 41
16 54 43
16 55 39
16 56 41
16 57 43
16 58 42
16 59 44
16 60 54
16 61 39
16 62 51
16 63 47
16 64 61
16 65 48
16 66 49
16 67 45
16 68 55
16 69 54
16 70 36
16 71 42
16 72 52
16 73 53
16 74 54
16 75 55
16 76 45
16 77 55
16 78 54
16 79 51
16 80 50
16 81 47
16 82 52
16 83 52
16 84 49
16 85 40
16 86 36
16 87 51
16 88 52
16 89 46
16 90 69
16 91 44
16 92 38
16 93 40
16 94 54
16 95 40
16 96 35
16 97 58
16 98 67
16 99 50
16 100 50
16 101 54
16 102 58
16 103 41
16 104 59
16 105 49
16 106 51
16 107 50
16 108 54
16 109 42
16 110 56
16 111 48
16 112 40
16 113 56
16 114 53
16 115 39
16 116 47
16 117 46
16 118 47
16 119 37
16 120 51
16 121 45
16 122 46
16 123 53
16 124 43
16 125 48
16 126 44
16 127 54
16 128 48
16 129 41
16 130 51
16 131 43
16 132 53
16 133 41
16 134 43
16 135 51
16 136 42
16 137 57
16 138 59
16 139 52
16 140 34
16 141 39
16 142 43
16 143 51
16 144 54
16 145 59
16 146 40
16 147 44
16 148 38
16 149 54
17 0 51
17 1 55
17 2 36
17 3 56
17 4 54
17 5 46
17 6 42
17 7 32
17 8 31
17 9 52
17 10 46
17 11 49
17 12 59
17 13 56
17 14 51
17 15 47
17 16 56
17 17 52
17 18 49
17 19 50
17 20 32
17 21 54
17 22 43
17 23 51
17 24 53
17 25 39
17 26 43
17 27 56
17 28 37
17 29 53
17 30 46
17 31 50
17 32 40
17 33 49
17 34 51
17 35 47
17 36 47
17 37 45
17 38 57
17 39 42
17 40 55
17 41 44
17 42 45
17 43 45
17 44 33
17 45 45
17 46 43
17 47 44
17 48 50
17 49 45
17 50 45
17 51 35
17 52 49
17 53 46
17 54 34
17 55 53
17 56 47
17 57 63
17 58 35
17 59 42
17 60 44
17 61 51
17 62 48
17 63 49
17 64 52
17 65 49
17 66 49
17 67 53
17 68 37
17 69 40
17 70 45
17 71 43
17 72 33
17 73 48
17 74 43
17 75 46
17 76 39
17 77 47
17 78 51
17 79 40
17 80 48
17 81 50
17 82 59
17 83 44
17 84 42
17 85 54
17 86 41
17 87 37
17 88 47
17 89 53
17 90 49
17 91 47
17 92 56
17 93 55
17 94 48
17 95 51
17 96 49
17 97 48
17 98 45
17 99 55
17 100 61
17 101 37
17 102 40
17 103 44
17 104 49
17 105 52
17 106 36
17 107 32
17 108 33
17 109 46
17 110 34
17 111 45
17 112 55
17 113 35
17 114 39
17 115 41
17 116 43
17 117 43
17 118 36
17 119 43
17 120 41
17 121 42
17 122 55
17 123 36
17 124 38
17 125 46
17 126 43
17 127 50
17 128 45
17 129 43
17 130 52
17 131 45
17 132 48
17 133 53
17 134 42
17 135 54
17 136 53
17 137 58
17 138 49
17 139 42
17 140 48
17 141 57
17 142 45
17 143 47
17 144 39
17 145 45
17 146 54
17 147 52
17 148 57
17 149 45
18 0 49
18 1 42
18 2 61
18 3 40
18 4 50
18 5 58
18 6 51
18 7 55
18 8 49
18 9 40
18 10 54
18 11 43
18 12 55
18 13 35
18 14 54
18 15 49
18 16 44
18 17 37
18 18 49
18 19 41
18 20 56
18 21 44
18 22 45
18 23 46
18 24 40
18 25 54
18 26 42
18 27 52
18 28 48
18 29 48
18 30 53
18 31 49
18 32 41
18 33 43
18 34 54
18 35 58
18 36 37
18 37 34
18 38 50
18 39 39
18 40 46
18 41 55
18 42 45
18 43 42
18 44 55
18 45 55
18 46 54
18 47 42
18 48 53
18 49 46
18 50 41
18 51 46
18 52 48
18 53 47
18 54 58
18 55 52
18 56 40
18 57 44
18 58 37
18 59 57
18 60 49
18 61 44
18 62 49
18 63 55
18 64 49
18 65 37
18 66 51
18 67 44
18 68 50
18 69 52
18 70 37
18 71 45
18 72 49
18 73 44
18 74 42
18 75 47
18 76 50
18 77 45
18 78 50
18 79 53
18 80 58
18 81 35
18 82 45
18 83 51
18 84 48
18 85 46
18 86 43
18 87 57
18 88 55
18 89 49
18 90 53
18 91 51
18 92 46
18 93 46
18 94 40
18 95 58
18 96 45
18 97 42
18 98 43
18 99 46
18 100 42
18 101 45
18 102 52
18 103 44
18 104 52
18 105 50
18 106 47
18 107 46
18 108 48
18 109 46
18 110 42
18 111 48
18 112 47
18 113 36
18 114 42
18 115 39
18 116 43
18 117 40
18 118 38
18 119 46
18 120 55
18 121 49
18 122 41
18 123 45
18 124 41
18 125 48
18 126 50
18 127 51
18 128 49
18 129 45
18 130 46
18 131 47
18 132 32
18 133 38
18 134 54
18 135 61
18 136 44
18 137 53
18 138 47
18 139 48
18 140 50
18 141 47
18 142 46
18 143 60
18 144 44
18 145 60
18 146 51
18 147 63
18 148 46
18 149 63
19 0 57
19 1 40
19 2 56
19 3 47
19 4 55
19 5 60
19 6 58
19 7 62
19 8 33
19 9 56
19 10 53
19 11 54
19 12 66
19 13 44
19 14 62
19 15 35
19 16 59
19 17 38
19 18 53
19 19 55
19 20 51
19 21 40
19 22 50
19 23 66
19 24 47
19 25 47
19 26 50
19 27 55
19 28 44
19 29 57
19 30 52
19 31 46
19 32 45
19 33 56
19 34 47
19 35 42
19 36 40
19 37 56
19 38 49
19 39 40
19 40 47
19 41 31
19 42 61
19 43 47
19 44 52
19 45 46
19 46 51
19 47 56
19 48 44
19 49 53
19 50 51
19 51 41
19 52 44
19 53 48
19 54 55
19 55 47
19 56 52
19 57 45
19 58 44
19 59 44
19 60 49
19 61 45
19 62 47
19 63 52
19 64 43
19 65 55
19 66 50
19 67 50
19 68 54
19 69 52
19 70 36
19 71 46
19 72 39
19 73 52
19 74 41
19 75 35
19 76 38
19 77 32
19 78 35
19 79 50
19 80 49
19 81 40
19 82 47
19 83 46
19 84 47
19 85 47
19 86 45
19 87 42
19 88 41
19 89 43
19 90 44
19 91 38
19 92 49
19 93 38
19 94 49
19 95 53
19 96 41
19 97 49
19 98 43
19 99 50
19 100 58
19 101 48
19 102 56
19 103 53
19 104 52
19 105 40
19 106 46
19 107 48
19 108 40
19 109 49
19 110 33
19 111 46
19 112 45
19 113 57
19 114 48
19 115 46
19 116 48
19 117 45
19 118 53
19 119 48
19 120 40
19 121 42
19 122 56
19 123 48
19 124 47
19 125 44
19 126 43
19 127 46
19 128 54
19 129 39
19 130 46
19 131 55
19 132 43
19 133 45
19 134 53
19 135 46
19 136 49
19 137 44
19 138 65
19 139 49
19 140 42
19 141 45
19 142 43
19 143 56
19 144 52
19 145 49
19 146 36
19 147 57
19 148 51
19 149 60
20 0 51
20 1 47
20 2 47
20 3 49
20 4 61
20 5 47
20 6 49
20 7 42
20 8 51
20 9 48
20 10 54
20 11 56
20 12 54
20 13 41
20 14 58
20 15 43
20 16 46
20 17 65
20 18 47
20 19 52
20 20 56
20 21 44
20 22 45
20 23 49
20 24 40
20 25 37
20 26 42
20 27 39
20 28 36
20 29 42
20 30 47
20 31 43
20 32 46
20 33 59
20 34 45
20 35 49
20 36 51
20 37 48
20 38 52
20 39 55
20 40 43
20 41 39
20 42 33
20 43 47
20 44 51
20 45 47
20 46 48
20 47 52
20 48 50
20 49 49
20 50 43
20 51 61
20 52 40
20 53 64
20 54 58
20 55 49
20 56 42
20 57 58
20 58 39
20 59 45
20 60 60
20 61 44
20 62 45
20 63 63
20 64 37
20 65 39
20 66 42
20 67 45
20 68 47
20 69 47
20 70 60
20 71 53
20 72 50
20 73 52
20 74 35
20 75 45
20 76 51
20 77 48
20 78 35
20 79 53
20 80 47
20 81 44
20 82 38
20 83 47
20 84 40
20 85 70
20 86 54
20 87 49
20 88 44
20 89 46
20 90 45
20 91 53
20 92 50
20 93 45
20 94 47
20 95 50
20 96 37
20 97 51
20 98 54
20 99 40
20 100 44
20 101 47
20 102 60
20 103 58
20 104 49
20 105 47
20 106 44
20 107 50
20 108 47
20 109 38
20 110 44
20 111 58
20 112 54
20 113 51
20 114 41
20 115 44
20 116 42
20 117 43
20 118 48
20 119 54
20 120 45
20 121 51
20 122 47
20 123 38
20 124 45
20 125 56
20 126 52
20 127 49
20 128 53
20 129 51
20 130 59
20 131 53
20 132 43
20 133 40
20 134 59
20 135 42
20 136 48
20 137 56
20 138 43
20 139 41
20 140 40
20 141 40
20 142 51
20 143 46
20 144 51
20 145 50
20 146 41
20 147 56
20 148 61
20 149 48
21 0 58
21 1 56
21 2 47
21 3 54
21 4 52
21 5 53
21 6 56
21 7 51
21 8 60
21 9 54
21 10 42
21 11 40
21 12 61
21 13 47
21 14 49
21 15 46
21 16 46
21 17 48
21 18 46
21 19 40
21 20 41
21 21 43
21 22 47
21 23 56
21 24 59
21 25 40
21 26 53
21 27 42
21 28 41
21 29 48
21 30 48
21 31 48
21 32 49
21 33 47
21 34 54
21 35 57
21 36 55
21 37 59
21 38 49
21 39 55
21 40 61
21 41 60
21 42 47
21 43 49
21 44 52
21 45 48
21 46 34
21 47 34
21 48 43
21 49 40
21 50 58
21 51 43
21 52 50
21 53 38
21 54 37
21 55 42
21 56 47
21 57 44
21 58 40
21 59 50
21 60 51
21 61 42
21 62 51
21 63 38
21 64 38
21 65 55
21 66 52
21 67 38
21 68 48
21 69 48
21 70 53
21 71 36
21 72 42
21 73 51
21 74 51
21 75 62
21 76 46
21 77 51
21 78 42
21 79 44
21 80 42
21 81 59
21 82 37
21 83 50
21 84 49
21 85 58
21 86 60
21 87 54
21 88 48
21 89 41
21 90 44
21 91 49
21 92 44
21 93 52
21 94 32
21 95 42
21 96 40
21 97 44
21 98 46
21 99 36
21 100 53
21 101 48
21 102 41
21 103 58
21 104 49
21 105 28
21 106 50
21 107 46
21 108 48
21 109 51
21 110 56
21 111 64
21 112 56
21 113 48
21 114 47
21 115 32
21 116 44
21 117 51
21 118 48
21 119 59
21 120 66
21 121 55
21 122 45
21 123 40
21 124 39
21 125 57
21 126 49
21 127 55
21 128 49
21 129 52
21 130 54
21 131 54
21 132 52
21 133 69
21 134 62
21 135 42
21 136 51
21 137 43
21 138 63
21 139 54
21 140 47
21 141 43
21 142 55
21 143 45
21 144 46
21 145 57
21 146 45
21 147 43
21 148 58
21 149 45
22 0 47
22 1 56
22 2 49
22 3 52
22 4 44
22 5 56
22 6 42
22 7 46
22 8 42
22 9 52
22 10 40
22 11 51
22 12 47
22 13 42
22 14 46
22 15 58
22 16 38
22 17 37
22 18 41
22 19 53
22 20 46
22 21 43
22 22 49
22 23 42
22 24 45
22 25 50
22 26 48
22 27 53
22 28 44
22 29 44
22 30 42
22 31 65
22 32 43
22 33 41
22 34 48
22 35 68
22 36 56
22 37 29
22 38 39
22 39 49
22 40 56
22 41 54
22 42 52
22 43 45
22 44 63
22 45 50
22 46 48
22 47 60
22 48 40
22 49 35
22 50 39
22 51 45
22 52 60
22 53 55
22 54 51
22 55 48
22 56 45
22 57 44
22 58 40
22 59 53
22 60 48
22 61 35
22 62 42
22 63 39
22 64 54
22 65 47
22 66 38
22 67 50
22 68 44
22 69 67
22 70 48
22 71 51
22 72 43
22 73 37
22 74 50
22 75 43
22 76 45
22 77 45
22 78 53
22 79 41
22 80 45
22 81 50
22 82 52
22 83 44
22 84 50
22 85 41
22 86 52
22 87 39
22 88 51
22 89 47
22 90 48
22 91 52
22 92 54
22 93 53
22 94 42
22 95 43
22 96 52
22 97 51
22 98 45
22 99 48
22 100 51
22 101 48
22 102 38
22 103 50
22 104 58
22 105 50
22 106 42
22 107 53
22 108 51
22 109 48
22 110 43
22 111 52
22 112 41
22 113 53
22 114 43
22 115 57
22 116 48
22 117 47
22 118 50
22 119 46
22 120 43
22 121 44
22 122 47
22 123 59
22 124 44
22 125 54
22 126 42
22 127 50
22 128 53
22 129 37
22 130 40
22 131 39
22 132 49
22 133 44
22 134 56
22 135 44
22 136 46
22 137 50
22 138 49
22 139 44
22 140 38
22 141 51
22 142 51
22 143 45
22 144 53
22 145 50
22 146 57
22 147 52
22 148 44
22 149 38
23 0 46
23 1 54
23 2 52
23 3 37
23 4 47
23 5 55
23 6 51
23 7 51
23 8 54
23 9 63
23 10 55
23 11 36
23 12 47
23 13 47
23 14 57
23 15 47
23 16 46
23 17 63
23 18 49
23 19 44
23 20 40
23 21 50
23 22 47
23 23 45
23 24 37
23 25 49
23 26 56
23 27 42
23 28 61
23 29 64
23 30 43
23 31 48
23 32 42
23 33 59
23 34 41
23 35 43
23 36 43
23 37 42
23 38 50
23 39 47
23 40 48
23 41 46
23 42 38
23 43 46
23 44 56
23 45 50
23 46 53
23 47 54
23 48 47
23 49 53
23 50 45
23 51 44
23 52 53
23 53 45
23 54 43
23 55 56
23 56 47
23 57 42
23 58 48
23 59 49
23 60 58
23 61 41
23 62 42
23 63 33
23 64 41
23 65 41
23 66 50
23 67 35
23 68 43
23 69 55
23 70 54
23 71 52
23 72 36
23 73 60
23 74 44
23 75 54
23 76 50
23 77 51
23 78 51
23 79 64
23 80 55
23 81 47
23 82 45
23 83 54
23 84 43
23 85 63
23 86 53
23 87 56
23 88 41
23 89 51
23 90 61
23 91 50
23 92 40
23 93 57
23 94 51
23 95 50
23 96 47
23 97 49
23 98 41
23 99 35
23 100 44
23 101 39
23 102 44
23 103 52
23 104 64
23 105 51
23 106 37
23 107 49
23 108 51
23 109 59
23 110 46
23 111 56
23 112 44
23 113 50
23 114 43
23 115 59
23 116 44
23 117 44
23 118 56
23 119 45
23 120 45
23 121 43
23 122 43
23 123 45
23 124 48
23 125 66
23 126 55
23 127 46
23 128 51
23 129 57
23 130 53
23 131 64
23 132 50
23 133 55
23 134 56
23 135 66
23 136 57
23 137 62
23 138 56
23 139 47
23 140 71
23 141 35
23 142 63
23 143 44
23 144 47
23 145 57
23 146 53
23 147 45
23 148 48
23 149 56
24 0 50
24 1 44
24 2 37
24 3 55
24 4 60
24 5 50
24 6 36
24 7 35
24 8 38
24 9 52
24 10 42
24 11 45
24 12 58
24 13 48
24 14 51
24 15 45
24 16 53
24 17 57
24 18 46
24 19 50
24 20 45
24 21 47
24 22 48
24 23 51
24 24 51
24 25 38
24 26 59
24 27 41
24 28 41
24 29 47
24 30 49
24 31 38
24 32 63
24 33 67
24 34 49
24 35 38
24 36 51
24 37 49
24 38 56
24 39 49
24 40 41
24 41 46
24 42 38
24 43 45
24 44 49
24 45 51
24 46 52
24 47 55
24 48 50
24 49 45
24 50 53
24 51 52
24 52 44
24 53 49
24 54 35
24 55 51
24 56 39
24 57 40
24 58 45
24 59 43
24 60 43
24 61 48
24 62 43
24 63 32
24 64 49
24 65 64
24 66 46
24 67 52
24 68 45
24 69 52
24 70 62
24 71 57
24 72 46
24 73 47
24 74 55
24 75 39
24 76 55
24 77 51
24 78 54
24 79 54
24 80 39
24 81 52
24 82 41
24 83 51
24 84 55
24 85 53
24 86 40
24 87 50
24 88 42
24 89 53
24 90 49
24 91 47
24 92 45
24 93 53
24 94 39
24 95 53
24 96 47
24 97 45
24 98 44
24 99 48
24 100 45
24 101 56
24 102 40
24 103 49
24 104 42
24 105 38
24 106 43
24 107 48
24 108 44
24 109 40
24 110 40
24 111 48
24 112 47
24 113 44
24 114 58
24 115 56
24 116 47
24 117 57
24 118 50
24 119 56
24 120 60
24 121 42
24 122 48
24 123 49
24 124 49
24 125 54
24 126 61
24 127 41
24 128 42
24 129 49
24 130 49
24 131 48
24 132 40
24 133 57
24 134 53
24 135 61
24 136 52
24 137 47
24 138 51
24 139 53
24 140 37
24 141 42
24 142 54
24 143 36
24 144 48
24 145 58
24 146 48
24 147 45
24 148 59
24 149 49
25 0 56
25 1 50
25 2 58
25 3 45
25 4 50
25 5 55
25 6 57
25 7 49
25 8 50
25 9 55
25 10 50
25 11 52
25 12 45
25 13 44
25 14 42
25 15 50
25 16 53
25 17 54
25 18 63
25 19 51
25 20 57
25 21 47
25 22 50
25 23 54
25 24 61
25 25 41
25 26 51
25 27 40
25 28 62
25 29 48
25 30 60
25 31 45
25 32 43
25 33 46
25 34 50
25 35 50
25 36 60
25 37 50
25 38 51
25 39 54
25 40 55
25 41 66
25 42 47
25 43 47
25 44 49
25 45 55
25 46 56
25 47 53
25 48 52
25 49 55
25 50 38
25 51 47
25 52 56
25 53 54
25 54 55
25 55 52
25 56 56
25 57 42
25 58 40
25 59 54
25 60 50
25 61 48
25 62 49
25 63 37
25 64 41
25 65 45
25 66 33
25 67 48
25 68 38
25 69 43
25 70 42
25 71 43
25 72 45
25 73 56
25 74 51
25 75 53
25 76 50
25 77 59
25 78 47
25 79 58
25 80 59
25 81 52
25 82 53
25 83 55
25 84 60
25 85 43
25 86 40
25 87 51
25 88 49
25 89 53
25 90 56
25 91 55
25 92 53
25 93 53
25 94 58
25 95 39
25 96 44
25 97 49
25 98 38
25 99 53
25 100 35
25 101 45
25 102 52
25 103 43
25 104 46
25 105 47
25 106 45
25 107 43
25 108 45
25 109 45
25 110 41
25 111 56
25 112 56
25 113 53
25 114 47
25 115 44
25 116 46
25 117 50
25 118 46
25 119 44
25 120 51
25 121 50
25 122 45
25 123 40
25 124 54
25 125 63
25 126 46
25 127 49
25 128 56
25 129 46
25 130 52
25 131 55
25 132 45
25 133 49
25 134 40
25 135 49
25 136 48
25 137 49
25 138 57
25 139 49
25 140 46
25 141 61
25 142 50
25 143 47
25 144 39
25 145 60
25 146 62
25 147 54
25 148 49
25 149 48
26 0 46
26 1 53
26 2 62
26 3 45
26 4 56
26 5 47
26 6 51
26 7 41
26 8 46
26 9 59
26 10 51
26 11 51
26 12 53
26 13 46
26 14 46
26 15 39
26 16 47
26 17 44
26 18 46
26 19 45
26 20 44
26 21 41
26 22 47
26 23 45
26 24 48
26 25 59
26 26 37
26 27 28
26 28 48
26 29 45
26 30 46
26 31 48
26 32 55
26 33 43
26 34 42
26 35 58
26 36 50
26 37 53
26 38 49
26 39 49
26 40 42
26 41 50
26 42 46
26 43 62
26 44 58
26 45 44
26 46 44
26 47 51
26 48 40
26 49 45
26 50 53
26 51 49
26 52 45
26 53 50
26 54 55
26 55 46
26 56 47
26 57 57
26 58 38
26 59 55
26 60 48
26 61 36
26 62 48
26 63 52
26 64 42
26 65 54
26 66 40
26 67 59
26 68 49
26 69 50
26 70 50
26 71 50
26 72 47
26 73 59
26 74 47
26 75 61
26 76 48
26 77 46
26 78 47
26 79 39
26 80 49
26 81 45
26 82 43
26 83 51
26 84 50
26 85 52
26 86 63
26 87 42
26 88 53
26 89 50
26 90 45
26 91 49
26 92 48
26 93 50
26 94 44
26 95 63
26 96 51
26 97 49
26 98 50
26 99 41
26 100 45
26 101 47
26 102 60
26 103 56
26 104 40
26 105 53
26 106 41
26 107 54
26 108 50
26 109 61
26 110 65
26 111 35
26 112 35
26 113 41
26 114 44
26 115 48
26 116 46
26 117 48
26 118 58
26 119 54
26 120 48
26 121 55
26 122 58
26 123 57
26 124 40
26 125 50
26 126 47
26 127 46
26 128 56
26 129 52
26 130 50
26 131 54
26 132 51
26 133 48
26 134 42
26 135 60
26 136 44
26 137 53
26 138 53
26 139 52
26 140 45
26 141 47
26 142 50
26 143 43
26 144 62
26 145 43
26 146 46
26 147 58
26 148 49
26 149 53
27 0 42
27 1 44
27 2 58
27 3 62
27 4 51
27 5 49
27 6 46
27 7 48
27 8 53
27 9 57
27 10 47
27 11 47
27 12 54
27 13 58
27 14 47
27 15 53
27 16 52
27 17 38
27 18 47
27 19 55
27 20 42
27 21 46
27 22 55
27 23 52
27 24 69
27 25 46
27 26 55
27 27 49
27 28 56
27 29 48
27 30 32
27 31 50
27 32 51
27 33 53
27 34 45
27 35 53
27 36 46
27 37 62
27 38 60
27 39 46
27 40 54
27 41 52
27 42 53
27 43 36
27 44 41
27 45 41
27 46 54
27 47 48
27 48 47
27 49 52
27 50 60
27 51 44
27 52 41
27 53 46
27 54 66
27 55 46
27 56 46
27 57 48
27 58 50
27 59 49
27 60 47
27 61 55
27 62 40
27 63 41
27 64 44
27 65 48
27 66 55
27 67 62
27 68 50
27 69 60
27 70 49
27 71 58
27 72 47
27 73 43
27 74 48
27 75 54
27 76 65
27 77 43
27 78 56
27 79 46
27 80 45
27 81 56
27 82 53
27 83 62
27 84 56
27 85 42
27 86 56
27 87 46
27 88 48
27 89 42
27 90 54
27 91 65
27 92 45
27 93 42
27 94 38
27 95 50
27 96 44
27 97 54
27 98 46
27 99 61
27 100 50
27 101 56
27 102 49
27 103 49
27 104 45
27 105 54
27 106 55
27 107 44
27 108 53
27 109 48
27 110 38
27 111 46
27 112 67
27 113 61
27 114 40
27 115 40
27 116 41
27 117 54
27 118 50
27 119 54
27 120 47
27 121 54
27 122 52
27 123 48
27 124 61
27 125 54
27 126 40
27 127 57
27 128 52
27 129 50
27 130 53
27 131 40
27 132 52
27 133 59
27 134 55
27 135 57
27 136 43
27 137 41
27 138 39
27 139 53
27 140 42
27 141 52
27 142 49
27 143 54
27 144 51
27 145 56
27 146 49
27 147 52
27 148 47
27 149 36
28 0 54
28 1 37
28 2 42
28 3 59
28 4 48
28 5 67
28 6 63
28 7 39
28 8 44
28 9 53
28 10 55
28 11 51
28 12 48
28 13 53
28 14 55
28 15 45
28 16 48
28 17 52
28 18 34
28 19 53
28 20 44
28 21 46
28 22 53
28 23 44
28 24 67
28 25 55
28 26 40
28 27 40
28 28 46
28 29 52
28 30 57
28 31 44
28 32 62
28 33 52
28 34 50
28 35 46
28 36 47
28 37 42
28 38 50
28 39 61
28 40 46
28 41 50
28 42 52
28 43 57
28 44 48
28 45 49
28 46 60
28 47 46
28 48 57
28 49 41
28 50 52
28 51 41
28 52 50
28 53 50
28 54 56
28 55 46
28 56 43
28 57 35
28 58 53
28 59 48
28 60 46
28 61 48
28 62 57
28 63 50
28 64 54
28 65 42
28 66 52
28 67 48
28 68 41
28 69 54
28 70 57
28 71 45
28 72 53
28 73 45
28 74 50
28 75 68
28 76 49
28 77 50
28 78 41
28 79 42
28 80 45
28 81 57
28 82 51
28 83 37
28 84 47
28 85 45
28 86 42
28 87 50
28 88 40
28 89 52
28 90 53
28 91 45
28 92 52
28 93 53
28 94 46
28 95 49
28 96 46
28 97 40
28 98 47
28 99 54
28 100 55
28 101 52
28 102 44
28 103 51
28 104 63
28 105 44
28 106 58
28 107 59
28 108 35
28 109 64
28 110 50
28 111 61
28 112 54
28 113 52
28 114 52
28 115 47
28 116 61
28 117 59
28 118 42
28 119 47
28 120 39
28 121 47
28 122 42
28 123 41
28 124 57
28 125 58
28 126 52
28 127 63
28 128 43
28 129 59
28 130 51
28 131 63
28 132 44
28 133 51
28 134 46
28 135 60
28 136 46
28 137 52
28 138 49
28 139 60
28 140 51
28 141 44
28 142 55
28 143 43
28 144 43
28 145 53
28 146 60
28 147 59
28 148 53
28 149 53
29 0 54
29 1 56
29 2 59
29 3 49
29 4 51
29 5 45
29 6 55
29 7 47
29 8 56
29 9 53
29 10 47
29 11 50
29 12 49
29 13 48
29 14 46
29 15 62
29 16 40
29 17 43
29 18 56
29 19 50
29 20 54
29 21 54
29 22 47
29 23 47
29 24 52
29 25 53
29 26 48
29 27 40
29 28 52
29 29 57
29 30 50
29 31 45
29 32 34
29 33 45
29 34 55
29 35 49
29 36 47
29 37 58
29 38 48
29 39 46
29 40 53
29 41 51
29 42 39
29 43 48
29 44 43
29 45 43
29 46 50
29 47 37
29 48 60
29 49 53
29 50 41
29 51 65
29 52 47
29 53 52
29 54 51
29 55 57
29 56 55
29 57 52
29 58 51
29 59 52
29 60 46
29 61 40
29 62 60
29 63 49
29 64 47
29 65 53
29 66 53
29 67 43
29 68 56
29 69 41
29 70 48
29 71 49
29 72 37
29 73 62
29 74 52
29 75 57
29 76 62
29 77 39
29 78 50
29 79 55
29 80 47
29 81 59
29 82 62
29 83 45
29 84 46
29 85 54
29 86 68
29 87 54
29 88 55
29 89 56
29 90 67
29 91 48
29 92 35
29 93 55
29 94 48
29 95 44
29 96 42
29 97 45
29 98 42
29 99 43
29 100 48
29 101 56
29 102 52
29 103 40
29 104 55
29 105 44
29 106 58
29 107 57
29 108 36
29 109 41
29 110 50
29 111 49
29 112 56
29 113 61
29 114 47
29 115 40
29 116 42
29 117 53
29 118 55
29 119 49
29 120 49
29 121 60
29 122 54
29 123 52
29 124 46
29 125 39
29 126 55
29 127 54
29 128 53
29 129 50
29 130 48
29 131 51
29 132 46
29 133 43
29 134 44
29 135 46
29 136 52
29 137 60
29 138 50
29 139 54
29 140 55
29 141 52
29 142 46
29 143 50
29 144 55
29 145 44
29 146 59
29 147 64
29 148 51
29 149 55
30 0 47
30 1 62
30 2 41
30 3 51
30 4 58
30 5 47
30 6 54
30 7 52
30 8 33
30 9 60
30 10 62
30 11 46
30 12 65
30 13 46
30 14 50
30 15 58
30 16 53
30 17 52
30 18 37
30 19 41
30 20 58
30 21 49
30 22 31
30 23 46
30 24 51
30 25 50
30 26 43
30 27 51
30 28 44
30 29 45
30 30 56
30 31 48
30 32 52
30 33 44
30 34 46
30 35 54
30 36 51
30 37 47
30 38 62
30 39 48
30 40 55
30 41 44
30 42 47
30 43 46
30 44 58
30 45 60
30 46 41
30 47 54
30 48 59
30 49 50
30 50 55
30 51 50
30 52 56
30 53 35
30 54 52
30 55 52
30 56 52
30 57 46
30 58 50
30 59 55
30 60 56
30 61 49
30 62 50
30 63 54
30 64 47
30 65 48
30 66 49
30 67 47
30 68 34
30 69 43
30 70 46
30 71 46
30 72 57
30 73 58
30 74 50
30 75 56
30 76 57
30 77 43
30 78 51
30 79 53
30 80 50
30 81 57
30 82 44
30 83 46
30 84 41
30 85 43
30 86 55
30 87 50
30 88 42
30 89 57
30 90 61
30 91 39
30 92 52
30 93 49
30 94 55
30 95 39
30 96 50
30 97 53
30 98 51
30 99 47
30 100 56
30 101 46
30 102 46
30 103 37
30 104 58
30 105 46
30 106 38
30 107 52
30 108 60
30 109 47
30 110 37
30 111 56
30 112 45
30 113 46
30 114 47
30 115 42
30 116 52
30 117 49
30 118 47
30 119 45
30 120 42
30 121 55
30 122 40
30 123 56
30 124 56
30 125 48
30 126 62
30 127 48
30 128 64
30 129 57
30 130 50
30 131 47
30 132 65
30 133 49
30 134 46
30 135 43
30 136 43
30 137 31
30 138 42
30 139 49
30 140 47
30 141 46
30 142 48
30 143 55
30 144 51
30 145 41
30 146 56
30 147 49
30 148 71
30 149 54
31 0 37
31 1 53
31 2 55
31 3 51
31 4 41
31 5 49
31 6 45
31 7 59
31 8 45
31 9 51
31 10 55
31 11 52
31 12 46
31 13 53
31 14 42
31 15 54
31 16 52
31 17 46
31 18 42
31 19 56
31 20 46
31 21 55
31 22 43
31 23 44
31 24 57
31 25 45
31 26 54
31 27 35
31 28 38
31 29 44
31 30 45
31 31 34
31 32 41
31 33 41
31 34 39
31 35 57
31 36 46
31 37 41
31 38 56
31 39 41
31 40 50
31 41 47
31 42 52
31 43 56
31 44 53
31 45 55
31 46 65
31 47 53
31 48 44
31 49 50
31 50 47
31 51 43
31 52 46
31 53 54
31 54 47
31 55 58
31 56 49
31 57 51
31 58 51
31 59 64
31 60 46
31 61 67
31 62 46
31 63 48
31 64 50
31 65 48
31 66 46
31 67 64
31 68 38
31 69 53
31 70 34
31 71 59
31 72 51
31 73 42
31 74 45
31 75 53
31 76 51
31 77 43
31 78 52
31 79 46
31 80 54
31 81 52
31 82 61
31 83 60
31 84 49
31 85 53
31 86 56
31 87 56
31 88 46
31 89 51
31 90 47
31 91 59
31 92 44
31 93 51
31 94 47
31 95 57
31 96 43
31 97 59
31 98 51
31 99 53
31 100 48
31 101 43
31 102 64
31 103 63
31 104 56
31 105 49
31 106 57
31 107 48
31 108 49
31 109 51
31 110 44
31 111 45
31 112 55
31 113 55
31 114 49
31 115 54
31 116 43
31 117 52
31 118 58
31 119 39
31 120 48
31 121 37
31 122 57
31 123 47
31 124 40
31 125 47
31 126 58
31 127 48
31 128 49
31 129 43
31 130 45
31 131 42
31 132 52
31 133 61
31 134 52
31 135 49
31 136 65
31 137 45
31 138 52
31 139 45
31 140 40
31 141 65
31 142 58
31 143 50
31 144 51
31 145 50
31 146 51
31 147 49
31 148 57
31 149 46
32 0 44
32 1 59
32 2 49
32 3 57
32 4 49
32 5 57
32 6 44
32 7 46
32 8 55
32 9 49
32 10 56
32 11 50
32 12 44
32 13 42
32 14 48
32 15 48
32 16 56
32 17 49
32 18 43
32 19 46
32 20 37
32 21 40
32 22 44
32 23 47
32 24 51
32 25 39
32 26 45
32 27 44
32 28 54
32 29 63
32 30 48
32 31 60
32 32 63
32 33 59
32 34 54
32 35 40
32 36 64
32 37 43
32 38 60
32 39 53
32 40 57
32 41 59
32 42 44
32 43 44
32 44 48
32 45 50
32 46 54
32 47 50
32 48 43
32 49 57
32 50 62
32 51 45
32 52 36
32 53 42
32 54 60
32 55 60
32 56 59
32 57 49
32 58 52
32 59 40
32 60 42
32 61 60
32 62 56
32 63 47
32 64 63
32 65 58
32 66 49
32 67 49
32 68 49
32 69 47
32 70 71
32 71 53
32 72 35
32 73 46
32 74 39
32 75 51
32 76 49
32 77 51
32 78 53
32 79 58
32 80 54
32 81 68
32 82 49
32 83 46
32 84 45
32 85 51
32 86 48
32 87 62
32 88 48
32 89 51
32 90 61
32 91 52
32 92 53
32 93 50
32 94 50
32 95 47
32 96 47
32 97 57
32 98 50
32 99 46
32 100 44
32 101 53
32 102 49
32 103 50
32 104 48
32 105 42
32 106 45
32 107 48
32 108 73
32 109 57
32 110 50
32 111 44
32 112 36
32 113 52
32 114 39
32 115 61
32 116 55
32 117 44
32 118 65
32 119 59
32 120 51
32 121 55
32 122 46
32 123 44
32 124 49
32 125 50
32 126 51
32 127 38
32 128 50
32 129 46
32 130 44
32 131 54
32 132 60
32 133 46
32 134 56
32 135 48
32 136 46
32 137 49
32 138 55
32 139 69
32 140 50
32 141 46
32 142 57
32 143 50
32 144 52
32 145 56
32 146 58
32 147 41
32 148 62
32 149 61
33 0 59
33 1 60
33 2 61
33 3 54
33 4 38
33 5 59
33 6 51
33 7 46
33 8 41
33 9 45
33 10 48
33 11 53
33 12 42
33 13 58
33 14 50
33 15 44
33 16 53
33 17 49
33 18 46
33 19 50
33 20 40
33 21 47
33 22 42
33 23 51
33 24 50
33 25 59
33 26 52
33 27 48
33 28 46
33 29 45
33 30 42
33 31 46
33 32 52
33 33 46
33 34 49
33 35 61
33 36 55
33 37 48
33 38 45
33 39 53
33 40 51
33 41 36
33 42 57
33 43 59
33 44 59
33 45 50
33 46 61
33 47 51
33 48 44
33 49 67
33 50 46
33 51 71
33 52 36
33 53 57
33 54 55
33 55 64
33 56 34
33 57 56
33 58 55
33 59 40
33 60 54
33 61 42
33 62 55
33 63 60
33 64 53
33 65 44
33 66 58
33 67 36
33 68 47
33 69 39
33 70 50
33 71 51
33 72 46
33 73 47
33 74 41
33 75 54
33 76 55
33 77 39
33 78 55
33 79 42
33 80 52
33 81 55
33 82 48
33 83 59
33 84 56
33 85 53
33 86 47
33 87 54
33 88 45
33 89 52
33 90 51
33 91 64
33 92 48
33 93 49
33 94 48
33 95 44
33 96 46
33 97 46
33 98 43
33 99 63
33 100 52
33 101 51
33 102 55
33 103 37
33 104 46
33 105 49
33 106 51
33 107 45
33 108 56
33 109 45
33 110 46
33 111 39
33 112 47
33 113 41
33 114 49
33 115 46
33 116 46
33 117 37
33 118 42
33 119 44
33 120 61
33 121 48
33 122 53
33 123 53
33 124 54
33 125 48
33 126 53
33 127 44
33 128 61
33 129 39
33 130 52
33 131 55
33 132 55
33 133 47
33 134 51
33 135 43
33 136 51
33 137 43
33 138 52
33 139 57
33 140 48
33 141 56
33 142 43
33 143 50
33 144 40
33 145 48
33 146 43
33 147 58
33 148 60
33 149 56
34 0 55
34 1 53
34 2 36
34 3 59
34 4 42
34 5 52
34 6 56
34 7 56
34 8 43
34 9 56
34 10 53
34 11 48
34 12 47
34 13 37
34 14 53
34 15 49
34 16 40
34 17 47
34 18 41
34 19 59
34 20 49
34 21 43
34 22 54
34 23 41
34 24 55
34 25 42
34 26 36
34 27 54
34 28 54
34 29 40
34 30 50
34 31 55
34 32 38
34 33 35
34 34 58
34 35 52
34 36 55
34 37 47
34 38 53
34 39 55
34 40 44
34 41 60
34 42 43
34 43 70
34 44 48
34 45 31
34 46 56
34 47 57
34 48 45
34 49 49
34 50 51
34 51 40
34 52 60
34 53 38
34 54 42
34 55 61
34 56 45
34 57 43
34 58 53
34 59 44
34 60 46
34 61 55
34 62 52
34 63 57
34 64 51
34 65 55
34 66 45
34 67 50
34 68 49
34 69 55
34 70 52
34 71 56
34 72 56
34 73 51
34 74 61
34 75 52
34 76 50
34 77 55
34 78 44
34 79 42
34 80 58
34 81 45
34 82 48
34 83 53
34 84 44
34 85 48
34 86 48
34 87 43
34 88 40
34 89 50
34 90 41
34 91 51
34 92 41
34 93 59
34 94 52
34 95 52
34 96 68
34 97 30
34 98 51
34 99 55
34 100 48
34 101 49
34 102 39
34 103 47
34 104 40
34 105 48
34 106 58
34 107 50
34 108 42
34 109 50
34 110 58
34 111 62
34 112 55
34 113 53
34 114 44
34 115 52
34 116 60
34 117 52
34 118 37
34 119 50
34 120 64
34 121 43
34 122 52
34 123 41
34 124 52
34 125 55
34 126 48
34 127 47
34 128 48
34 129 60
34 130 53
34 131 58
34 132 53
34 133 59
34 134 44
34 135 50
34 136 42
34 137 56
34 138 53
34 139 69
34 140 42
34 141 54
34 142 56
34 143 43
34 144 50
34 145 49
34 146 54
34 147 45
34 148 51
34 149 48
35 0 55
35 1 49
35 2 62
35 3 43
35 4 47
35 5 34
35 6 50
35 7 45
35 8 57
35 9 45
35 10 42
35 11 37
35 12 49
35 13 38
35 14 54
35 15 56
35 16 51
35 17 50
35 18 48
35 19 48
35 20 44
35 21 59
35 22 53
35 23 49
35 24 29
35 25 55
35 26 50
35 27 40
35 28 66
35 29 44
35 30 50
35 31 43
35 32 44
35 33 52
35 34 50
35 35 51
35 36 57
35 37 50
35 38 44
35 39 57
35 40 44
35 41 36
35 42 38
35 43 64
35 44 50
35 45 62
35 46 42
35 47 49
35 48 56
35 49 45
35 50 48
35 51 58
35 52 57
35 53 50
35 54 54
35 55 50
35 56 48
35 57 47
35 58 46
35 59 47
35 60 42
35 61 53
35 62 55
35 63 44
35 64 34
35 65 46
35 66 50
35 67 48
35 68 55
35 69 47
35 70 55
35 71 51
35 72 57
35 73 48
35 74 51
35 75 47
35 76 47
35 77 55
35 78 52
35 79 41
35 80 38
35 81 38
35 82 56
35 83 41
35 84 52
35 85 47
35 86 52
35 87 51
35 88 55
35 89 34
35 90 51
35 91 34
35 92 43
35 93 54
35 94 44
35 95 41
35 96 50
35 97 48
35 98 43
35 99 56
35 100 48
35 101 52
35 102 60
35 103 47
35 104 59
35 105 58
35 106 48
35 107 49
35 108 61
35 109 54
35 110 53
35 111 55
35 112 45
35 113 46
35 114 46
35 115 54
35 116 46
35 117 55
35 118 54
35 119 52
35 120 51
35 121 61
35 122 56
35 123 50
35 124 61
35 125 63
35 126 42
35 127 46
35 128 61
35 129 60
35 130 36
35 131 45
35 132 50
35 133 45
35 134 57
35 135 56
35 136 43
35 137 39
35 138 55
35 139 49
35 140 47
35 141 43
35 142 55
35 143 59
35 144 50
35 145 55
35 146 54
35 147 45
35 148 61
35 149 53
36 0 44
36 1 51
36 2 60
36 3 47
36 4 44
36 5 49
36 6 35
36 7 47
36 8 54
36 9 53
36 10 52
36 11 44
36 12 38
36 13 58
36 14 52
36 15 48
36 16 49
36 17 36
36 18 41
36 19 36
36 20 55
36 21 48
36 22 47
36 23 39
36 24 41
36 25 49
36 26 59
36 27 54
36 28 38
36 29 58
36 30 45
36 31 49
36 32 58
36 33 59
36 34 53
36 35 55
36 36 48
36 37 56
36 38 55
36 39 50
36 40 64
36 41 51
36 42 40
36 43 62
36 44 53
36 45 63
36 46 62
36 47 54
36 48 39
36 49 41
36 50 50
36 51 54
36 52 53
36 53 53
36 54 49
36 55 47
36 56 53
36 57 66
36 58 49
36 59 52
36 60 58
36 61 50
36 62 61
36 63 47
36 64 54
36 65 47
36 66 50
36 67 47
36 68 44
36 69 43
36 70 47
36 71 49
36 72 46
36 73 48
36 74 54
36 75 42
36 76 44
36 77 34
36 78 53
36 79 40
36 80 60
36 81 39
36 82 45
36 83 51
36 84 37
36 85 54
36 86 48
36 87 57
36 88 44
36 89 49
36 90 51
36 91 40
36 92 46
36 93 47
36 94 44
36 95 39
36 96 57
36 97 56
36 98 54
36 99 45
36 100 40
36 101 55
36 102 41
36 103 43
36 104 60
36 105 48
36 106 55
36 107 47
36 108 63
36 109 38
36 110 48
36 111 47
36 112 50
36 113 54
36 114 48
36 115 48
36 116 57
36 117 43
36 118 43
36 119 42
36 120 50
36 121 51
36 122 40
36 123 60
36 124 59
36 125 55
36 126 46
36 127 49
36 128 51
36 129 48
36 130 51
36 131 59
36 132 52
36 133 53
36 134 47
36 135 48
36 136 41
36 137 50
36 138 47
36 139 50
36 140 48
36 141 49
36 142 50
36 143 49
36 144 48
36 145 47
36 146 52
36 147 51
36 148 48
36 149 58
37 0 48
37 1 38
37 2 48
37 3 53
37 4 50
37 5 37
37 6 64
37 7 49
37 8 52
37 9 54
37 10 56
37 11 49
37 12 50
37 13 55
37 14 53
37 15 39
37 16 49
37 17 52
37 18 48
37 19 50
37 20 57
37 21 64
37 22 55
37 23 46
37 24 52
37 25 48
37 26 42
37 27 59
37 28 67
37 29 46
37 30 50
37 31 43
37 32 58
37 33 47
37 34 59
37 35 48
37 36 55
37 37 42
37 38 44
37 39 49
37 40 67
37 41 54
37 42 46
37 43 41
37 44 56
37 45 32
37 46 59
37 47 55
37 48 49
37 49 54
37 50 59
37 51 55
37 52 49
37 53 50
37 54 51
37 55 55
37 56 59
37 57 49
37 58 51
37 59 55
37 60 55
37 61 52
37 62 50
37 63 42
37 64 62
37 65 49
37 66 60
37 67 56
37 68 50
37 69 52
37 70 55
37 71 46
37 72 41
37 73 55
37 74 46
37 75 50
37 76 51
37 77 47
37 78 44
37 79 52
37 80 50
37 81 50
37 82 55
37 83 40
37 84 49
37 85 45
37 86 52
37 87 43
37 88 56
37 89 57
37 90 47
37 91 43
37 92 49
37 93 56
37 94 47
37 95 41
37 96 40
37 97 48
37 98 41
37 99 48
37 100 55
37 101 39
37 102 58
37 103 45
37 104 53
37 105 57
37 106 43
37 107 54
37 108 58
37 109 52
37 110 61
37 111 56
37 112 48
37 113 56
37 114 50
37 115 55
37 116 61
37 117 46
37 118 35
37 119 55
37 120 39
37 121 46
37 122 52
37 123 52
37 124 39
37 125 44
37 126 51
37 127 56
37 128 46
37 129 62
37 130 48
37 131 51
37 132 43
37 133 58
37 134 57
37 135 56
37 136 47
37 137 59
37 138 53
37 139 58
37 140 55
37 141 51
37 142 36
37 143 39
37 144 48
37 145 61
37 146 56
37 147 43
37 148 49
37 149 57
38 0 52
38 1 64
38 2 42
38 3 45
38 4 48
38 5 45
38 6 28
38 7 50
38 8 49
38 9 54
38 10 47
38 11 60
38 12 47
38 13 42
38 14 46
38 15 43
38 16 41
38 17 52
38 18 50
38 19 52
38 20 43
38 21 40
38 22 40
38 23 49
38 24 53
38 25 45
38 26 50
38 27 57
38 28 43
38 29 47
38 30 45
38 31 63
38 32 64
38 33 57
38 34 50
38 35 55
38 36 63
38 37 50
38 38 46
38 39 39
38 40 43
38 41 50
38 42 38
38 43 41
38 44 56
38 45 58
38 46 35
38 47 55
38 48 55
38 49 40
38 50 44
38 51 51
38 52 59
38 53 57
38 54 43
38 55 51
38 56 51
38 57 45
38 58 48
38 59 60
38 60 51
38 61 42
38 62 50
38 63 51
38 64 59
38 65 46
38 66 39
38 67 48
38 68 57
38 69 46
38 70 44
38 71 43
38 72 46
38 73 48
38 74 35
38 75 41
38 76 58
38 77 50
38 78 55
38 79 59
38 80 54
38 81 53
38 82 44
38 83 46
38 84 50
38 85 48
38 86 52
38 87 52
38 88 44
38 89 55
38 90 57
38 91 49
38 92 49
38 93 34
38 94 34
38 95 39
38 96 43
38 97 44
38 98 50
38 99 39
38 100 42
38 101 51
38 102 52
38 103 52
38 104 38
38 105 52
38 106 53
38 107 44
38 108 37
38 109 59
38 110 48
38 111 53
38 112 52
38 113 52
38 114 61
38 115 47
38 116 49
38 117 55
38 118 52
38 119 41
38 120 34
38 121 62
38 122 43
38 123 38
38 124 46
38 125 61
38 126 44
38 127 51
38 128 48
38 129 49
38 130 52
38 131 51
38 132 49
38 133 58
38 134 36
38 135 54
38 136 51
38 137 46
38 138 65
38 139 44
38 140 58
38 141 46
38 142 49
38 143 52
38 144 49
38 145 51
38 146 44
38 147 51
38 148 49
38 149 52
39 0 51
39 1 52
39 2 53
39 3 37
39 4 51
39 5 43
39 6 52
39 7 50
39 8 46
39 9 50
39 10 56
39 11 48
39 12 52
39 13 50
39 14 59
39 15 56
39 16 36
39 17 45
39 18 39
39 19 51
39 20 54
39 21 50
39 22 57
39 23 52
39 24 38
39 25 38
39 26 58
39 27 43
39 28 51
39 29 46
39 30 46
39 31 45
39 32 63
39 33 42
39 34 51
39 35 56
39 36 42
39 37 61
39 38 59
39 39 47
39 40 52
39 41 62
39 42 52
39 43 52
39 44 51
39 45 55
39 46 51
39 47 50
39 48 52
39 49 47
39 50 48
39 51 68
39 52 43
39 53 47
39 54 31
39 55 49
39 56 33
39 57 49
39 58 61
39 59 59
39 60 51
39 61 45
39 62 36
39 63 54
39 64 38
39 65 46
39 66 63
39 67 41
39 68 43
39 69 47
39 70 38
39 71 46
39 72 39
39 73 38
39 74 47
39 75 52
39 76 30
39 77 48
39 78 48
39 79 51
39 80 55
39 81 56
39 82 44
39 83 52
39 84 48
39 85 50
39 86 48
39 87 43
39 88 53
39 89 35
39 90 55
39 91 43
39 92 54
39 93 51
39 94 52
39 95 61
39 96 45
39 97 38
39 98 39
39 99 36
39 100 67
39 101 53
39 102 54
39 103 54
39 104 44
39 105 46
39 106 64
39 107 54
39 108 57
39 109 60
39 110 46
39 111 57
39 112 58
39 113 41
39 114 47
39 115 54
39 116 53
39 117 58
39 118 44
39 119 51
39 120 53
39 121 44
39 122 57
39 123 59
39 124 54
39 125 67
39 126 37
39 127 51
39 128 45
39 129 39
39 130 52
39 131 54
39 132 58
39 133 44
39 134 56
39 135 62
39 136 63
39 137 49
39 138 39
39 139 61
39 140 39
39 141 56
39 142 53
39 143 52
39 144 48
39 145 51
39 146 52
39 147 51
39 148 50
39 149 60
40 0 54
40 1 44
40 2 59
40 3 40
40 4 57
40 5 47
40 6 45
40 7 43
40 8 66
40 9 56
40 10 44
40 11 45
40 12 42
40 13 43
40 14 47
40 15 51
40 16 48
40 17 40
40 18 37
40 19 37
40 20 51
40 21 45
40 22 59
40 23 48
40 24 51
40 25 47
40 26 47
40 27 46
40 28 41
40 29 47
40 30 59
40 31 64
40 32 51
40 33 65
40 34 64
40 35 68
40 36 52
40 37 36
40 38 56
40 39 48
40 40 57
40 41 62
40 42 57
40 43 64
40 44 30
40 45 49
40 46 53
40 47 53
40 48 44
40 49 55
40 50 47
40 51 49
40 52 44
40 53 53
40 54 48
40 55 35
40 56 41
40 57 43
40 58 52
40 59 45
40 60 45
40 61 48
40 62 50
40 63 57
40 64 54
40 65 45
40 66 56
40 67 49
40 68 42
40 69 49
40 70 48
40 71 45
40 72 57
40 73 37
40 74 35
40 75 52
40 76 42
40 77 37
40 78 57
40 79 45
40 80 53
40 81 38
40 82 40
40 83 46
40 84 43
40 85 39
40 86 42
40 87 36
40 88 49
40 89 49
40 90 36
40 91 44
40 92 41
40 93 56
40 94 49
40 95 50
40 96 59
40 97 48
40 98 50
40 99 48
40 100 69
40 101 38
40 102 42
40 103 53
40 104 44
40 105 50
40 106 54
40 107 41
40 108 43
40 109 52
40 110 50
40 111 47
40 112 44
40 113 59
40 114 63
40 115 49
40 116 48
40 117 45
40 118 40
40 119 50
40 120 44
40 121 55
40 122 48
40 123 52
40 124 35
40 125 45
40 126 51
40 127 41
40 128 47
40 129 50
40 130 63
40 131 58
40 132 56
40 133 50
40 134 47
40 135 53
40 136 52
40 137 42
40 138 49
40 139 41
40 140 47
40 141 48
40 142 37
40 143 61
40 144 52
40 145 37
40 146 43
40 147 44
40 148 51
40 149 66
41 0 45
41 1 46
41 2 45
41 3 46
41 4 49
41 5 40
41 6 52
41 7 50
41 8 52
41 9 35
41 10 31
41 11 47
41 12 49
41 13 57
41 14 57
41 15 49
41 16 41
41 17 57
41 18 59
41 19 46
41 20 42
41 21 61
41 22 44
41 23 45
41 24 56
41 25 55
41 26 51
41 27 48
41 28 44
41 29 42
41 30 53
41 31 50
41 32 46
41 33 56
41 34 51
41 35 54
41 36 47
41 37 41
41 38 51
41 39 40
41 40 40
41 41 52
41 42 53
41 43 55
41 44 58
41 45 52
41 46 51
41 47 59
41 48 43
41 49 50
41 50 48
41 51 46
41 52 51
41 53 52
41 54 35
41 55 55
41 56 37
41 57 38
41 58 46
41 59 50
41 60 55
41 61 35
41 62 43
41 63 39
41 64 46
41 65 44
41 66 55
41 67 37
41 68 48
41 69 41
41 70 43
41 71 48
41 72 43
41 73 52
41 74 50
41 75 48
41 76 56
41 77 44
41 78 36
41 79 58
41 80 48
41 81 39
41 82 37
41 83 61
41 84 42
41 85 35
41 86 57
41 87 37
41 88 51
41 89 52
41 90 41
41 91 42
41 92 67
41 93 36
41 94 50
41 95 43
41 96 53
41 97 46
41 98 57
41 99 55
41 100 54
41 101 47
41 102 38
41 103 32
41 104 47
41 105 57
41 106 55
41 107 49
41 108 43
41 109 58
41 110 47
41 111 46
41 112 46
41 113 52
41 114 52
41 115 58
41 116 54
41 117 31
41 118 53
41 119 51
41 120 54
41 121 53
41 122 47
41 123 46
41 124 49
41 125 47
41 126 59
41 127 39
41 128 47
41 129 41
41 130 47
41 131 59
41 132 57
41 133 55
41 134 46
41 135 58
41 136 46
41 137 43
41 138 50
41 139 60
41 140 40
41 141 52
41 142 61
41 143 41
41 144 56
41 145 44
41 146 50
41 147 43
41 148 37
41 149 47
42 0 49
42 1 55
42 2 43
42 3 27
42 4 50
42 5 49
42 6 48
42 7 54
42 8 38
42 9 55
42 10 56
42 11 55
42 12 49
42 13 51
42 14 55
42 15 45
42 16 42
42 17 52
42 18 47
42 19 37
42 20 47
42 21 31
42 22 51
42 23 51
42 24 40
42 25 38
42 26 55
42 27 55
42 28 36
42 29 53
42 30 52
42 31 49
42 32 43
42 33 52
42 34 55
42 35 59
42 36 60
42 37 43
42 38 44
42 39 52
42 40 59
42 41 49
42 42 45
42 43 49
42 44 48
42 45 52
42 46 50
42 47 47
42 48 54
42 49 43
42 50 55
42 51 49
42 52 48
42 53 50
42 54 55
42 55 58
42 56 44
42 57 51
42 58 56
42 59 49
42 60 52
42 61 39
42 62 45
42 63 56
42 64 48
42 65 41
42 66 36
42 67 50
42 68 52
42 69 58
42 70 47
42 71 39
42 72 32
42 73 50
42 74 36
42 75 66
42 76 54
42 77 40
42 78 46
42 79 49
42 80 45
42 81 55
42 82 42
42 83 49
42 84 45
42 85 47
42 86 34
42 87 45
42 88 56
42 89 43
42 90 46
42 91 50
42 92 62
42 93 50
42 94 44
42 95 52
42 96 53
42 97 59
42 98 48
42 99 37
42 100 50
42 101 49
42 102 42
42 103 54
42 104 67
42 105 46
42 106 52
42 107 50
42 108 64
42 109 54
42 110 51
42 111 37
42 112 43
42 113 46
42 114 58
42 115 53
42 116 42
42 117 38
42 118 53
42 119 48
42 120 51
42 121 52
42 122 57
42 123 54
42 124 37
42 125 61
42 126 49
42 127 53
42 128 58
42 129 50
42 130 39
42 131 42
42 132 46
42 133 45
42 134 60
42 135 43
42 136 40
42 137 56
42 138 53
42 139 47
42 140 37
42 141 65
42 142 47
42 143 48
42 144 53
42 145 41
42 146 58
42 147 29
42 148 47
42 149 49
43 0 46
43 1 50
43 2 40
43 3 53
43 4 40
43 5 50
43 6 46
43 7 46
43 8 50
43 9 41
43 10 43
43 11 30
43 12 46
43 13 44
43 14 52
43 15 49
43 16 39
43 17 54
43 18 53
43 19 52
43 20 47
43 21 59
43 22 46
43 23 46
43 24 34
43 25 43
43 26 47
43 27 44
43 28 51
43 29 53
43 30 50
43 31 40
43 32 67
43 33 49
43 34 49
43 35 32
43 36 41
43 37 61
43 38 50
43 39 53
43 40 54
43 41 77
43 42 51
43 43 56
43 44 39
43 45 41
43 46 40
43 47 38
43 48 42
43 49 30
43 50 37
43 51 39
43 52 50
43 53 53
43 54 47
43 55 42
43 56 57
43 57 48
43 58 54
43 59 54
43 60 40
43 61 46
43 62 45
43 63 47
43 64 58
43 65 52
43 66 42
43 67 44
43 68 45
43 69 41
43 70 40
43 71 47
43 72 37
43 73 41
43 74 36
43 75 45
43 76 39
43 77 34
43 78 49
43 79 39
43 80 48
43 81 43
43 82 46
43 83 42
43 84 43
43 85 59
43 86 49
43 87 44
43 88 50
43 89 42
43 90 36
43 91 49
43 92 51
43 93 44
43 94 42
43 95 43
43 96 53
43 97 46
43 98 47
43 99 43
43 100 48
43 101 46
43 102 51
43 103 49
43 104 46
43 105 50
43 106 39
43 107 36
43 108 47
43 109 45
43 110 40
43 111 46
43 112 57
43 113 49
43 114 44
43 115 52
43 116 53
43 117 43
43 118 41
43 119 44
43 120 53
43 121 51
43 122 52
43 123 56
43 124 48
43 125 49
43 126 44
43 127 46
43 128 44
43 129 55
43 130 56
43 131 56
43 132 58
43 133 42
43 134 37
43 135 60
43 136 38
43 137 42
43 138 47
43 139 43
43 140 51
43 141 47
43 142 41
43 143 62
43 144 37
43 145 42
43 146 48
43 147 43
43 148 52
43 149 51
44 0 42
44 1 53
44 2 37
44 3 41
44 4 39
44 5 51
44 6 63
44 7 46
44 8 54
44 9 49
44 10 47
44 11 50
44 12 64
44 13 46
44 14 48
44 15 47
44 16 49
44 17 29
44 18 50
44 19 42
44 20 55
44 21 41
44 22 35
44 23 41
44 24 45
44 25 56
44 26 48
44 27 42
44 28 57
44 29 52
44 30 57
44 31 41
44 32 55
44 33 59
44 34 46
44 35 44
44 36 51
44 37 49
44 38 58
44 39 43
44 40 57
44 41 44
44 42 44
44 43 37
44 44 55
44 45 49
44 46 54
44 47 55
44 48 47
44 49 60
44 50 54
44 51 42
44 52 44
44 53 40
44 54 35
44 55 51
44 56 44
44 57 52
44 58 40
44 59 46
44 60 43
44 61 40
44 62 51
44 63 45
44 64 44
44 65 35
44 66 46
44 67 48
44 68 32
44 69 52
44 70 48
44 71 42
44 72 42
44 73 43
44 74 42
44 75 40
44 76 49
44 77 38
44 78 46
44 79 39
44 80 44
44 81 47
44 82 48
44 83 53
44 84 41
44 85 40
44 86 50
44 87 54
44 88 38
44 89 35
44 90 48
44 91 47
44 92 52
44 93 48
44 94 43
44 95 46
44 96 38
44 97 43
44 98 50
44 99 44
44 100 39
44 101 47
44 102 43
44 103 46
44 104 41
44 105 45
44 106 52
44 107 43
44 108 56
44 109 43
44 110 41
44 111 39
44 112 42
44 113 47
44 114 50
44 115 45
44 116 45
44 117 51
44 118 30
44 119 58
44 120 50
44 121 47
44 122 49
44 123 44
44 124 45
44 125 50
44 126 47
44 127 58
44 128 59
44 129 44
44 130 42
44 131 60
44 132 45
44 133 56
44 134 48
44 135 52
44 136 47
44 137 44
44 138 45
44 139 59
44 140 38
44 141 43
44 142 57
44 143 48
44 144 42
44 145 44
44 146 54
44 147 45
44 148 35
44 149 60
45 0 33
45 1 35
45 2 46
45 3 46
45 4 45
45 5 53
45 6 33
45 7 34
45 8 41
45 9 44
45 10 50
45 11 42
45 12 45
45 13 47
45 14 44
45 15 49
45 16 43
45 17 49
45 18 39
45 19 42
45 20 48
45 21 69
45 22 53
45 23 57
45 24 41
45 25 46
45 26 54
45 27 53
45 28 40
45 29 56
45 30 57
45 31 41
45 32 46
45 33 46
45 34 49
45 35 42
45 36 58
45 37 55
45 38 43
45 39 58
45 40 47
45 41 46
45 42 65
45 43 36
45 44 53
45 45 47
45 46 52
45 47 59
45 48 39
45 49 44
45 50 42
45 51 57
45 52 48
45 53 33
45 54 50
45 55 43
45 56 43
45 57 51
45 58 44
45 59 39
45 60 40
45 61 44
45 62 51
45 63 40
45 64 48
45 65 42
45 66 43
45 67 52
45 68 44
45 69 41
45 70 47
45 71 49
45 72 48
45 73 40
45 74 51
45 75 46
45 76 44
45 77 52
45 78 42
45 79 38
45 80 34
45 81 50
45 82 41
45 83 51
45 84 54
45 85 50
45 86 42
45 87 43
45 88 41
45 89 36
45 90 45
45 91 39
45 92 52
45 93 33
45 94 39
45 95 57
45 96 47
45 97 41
45 98 45
45 99 45
45 100 56
45 101 46
45 102 55
45 103 45
45 104 47
45 105 43
45 106 36
45 107 50
45 108 40
45 109 44
45 110 36
45 111 36
45 112 57
45 113 45
45 114 45
45 115 49
45 116 50
45 117 43
45 118 43
45 119 32
45 120 45
45 121 49
45 122 57
45 123 50
45 124 45
45 125 46
45 126 55
45 127 45
45 128 49
45 129 49
45 130 40
45 131 40
45 132 46
45 133 44
45 134 46
45 135 48
45 136 44
45 137 49
45 138 43
45 139 30
45 140 46
45 141 47
45 142 53
45 143 48
45 144 47
45 145 53
45 146 42
45 147 47
45 148 38
45 149 47
46 0 53
46 1 44
46 2 33
46 3 48
46 4 52
46 5 46
46 6 33
46 7 60
46 8 51
46 9 46
46 10 54
46 11 44
46 12 35
46 13 48
46 14 48
46 15 48
46 16 45
46 17 48
46 18 42
46 19 54
46 20 48
46 21 57
46 22 45
46 23 39
46 24 44
46 25 51
46 26 47
46 27 46
46 28 56
46 29 43
46 30 58
46 31 48
46 32 51
46 33 49
46 34 56
46 35 37
46 36 52
46 37 60
46 38 47
46 39 42
46 40 68
46 41 37
46 42 44
46 43 46
46 44 44
46 45 54
46 46 43
46 47 48
46 48 48
46 49 56
46 50 58
46 51 41
46 52 51
46 53 46
46 54 56
46 55 56
46 56 35
46 57 39
46 58 55
46 59 49
46 60 51
46 61 39
46 62 51
46 63 41
46 64 53
46 65 49
46 66 49
46 67 56
46 68 54
46 69 31
46 70 53
46 71 46
46 72 45
46 73 46
46 74 43
46 75 51
46 76 45
46 77 48
46 78 52
46 79 60
46 80 53
46 81 58
46 82 47
46 83 44
46 84 59
46 85 48
46 86 44
46 87 55
46 88 48
46 89 45
46 90 43
46 91 49
46 92 47
46 93 46
46 94 48
46 95 50
46 96 37
46 97 56
46 98 45
46 99 43
46 100 34
46 101 44
46 102 47
46 103 48
46 104 37
46 105 35
46 106 45
46 107 37
46 108 43
46 109 56
46 110 47
46 111 63
46 112 53
46 113 50
46 114 45
46 115 43
46 116 48
46 117 32
46 118 63
46 119 63
46 120 45
46 121 50
46 122 51
46 123 41
46 124 50
46 125 63
46 126 43
46 127 53
46 128 37
46 129 50
46 130 47
46 131 38
46 132 62
46 133 40
46 134 37
46 135 60
46 136 62
46 137 48
46 138 52
46 139 37
46 140 48
46 141 41
46 142 37
46 143 48
46 144 38
46 145 52
46 146 50
46 147 54
46 148 45
46 149 42
47 0 48
47 1 41
47 2 53
47 3 54
47 4 52
47 5 50
47 6 42
47 7 43
47 8 45
47 9 47
47 10 41
47 11 31
47 12 44
47 13 36
47 14 43
47 15 45
47 16 39
47 17 54
47 18 44
47 19 49
47 20 45
47 21 48
47 22 58
47 23 48
47 24 45
47 25 55
47 26 44
47 27 38
47 28 43
47 29 41
47 30 51
47 31 49
47 32 41
47 33 52
47 34 54
47 35 40
47 36 52
47 37 51
47 38 51
47 39 58
47 40 52
47 41 53
47 42 49
47 43 45
47 44 53
47 45 55
47 46 37
47 47 46
47 48 54
47 49 44
47 50 43
47 51 38
47 52 45
47 53 52
47 54 46
47 55 50
47 56 47
47 57 61
47 58 51
47 59 49
47 60 54
47 61 38
47 62 46
47 63 44
47 64 43
47 65 48
47 66 47
47 67 52
47 68 41
47 69 44
47 70 44
47 71 46
47 72 55
47 73 55
47 74 57
47 75 52
47 76 51
47 77 48
47 78 43
47 79 47
47 80 46
47 81 35
47 82 45
47 83 41
47 84 37
47 85 44
47 86 52
47 87 40
47 88 47
47 89 41
47 90 51
47 91 42
47 92 61
47 93 49
47 94 42
47 95 46
47 96 47
47 97 52
47 98 49
47 99 45
47 100 53
47 101 57
47 102 44
47 103 46
47 104 51
47 105 45
47 106 51
47 107 48
47 108 50
47 109 42
47 110 42
47 111 39
47 112 44
47 113 49
47 114 52
47 115 37
47 116 44
47 117 55
47 118 52
47 119 50
47 120 46
47 121 57
47 122 49
47 123 50
47 124 46
47 125 61
47 126 44
47 127 39
47 128 49
47 129 36
47 130 35
47 131 52
47 132 45
47 133 60
47 134 44
47 135 45
47 136 44
47 137 51
47 138 50
47 139 41
47 140 55
47 141 32
47 142 44
47 143 44
47 144 56
47 145 42
47 146 43
47 147 54
47 148 45
47 149 55
48 0 46
48 1 45
48 2 43
48 3 51
48 4 51
48 5 46
48 6 52
48 7 45
48 8 49
48 9 59
48 10 53
48 11 37
48 12 46
48 13 57
48 14 61
48 15 43
48 16 43
48 17 54
48 18 45
48 19 51
48 20 42
48 21 48
48 22 47
48 23 44
48 24 58
48 25 52
48 26 49
48 27 45
48 28 55
48 29 45
48 30 45
48 31 58
48 32 55
48 33 50
48 34 44
48 35 56
48 36 45
48 37 50
48 38 48
48 39 51
48 40 40
48 41 44
48 42 51
48 43 53
48 44 52
48 45 48
48 46 46
48 47 48
48 48 53
48 49 37
48 50 40
48 51 46
48 52 46
48 53 57
48 54 56
48 55 54
48 56 47
48 57 46
48 58 49
48 59 32
48 60 55
48 61 52
48 62 44
48 63 41
48 64 44
48 65 35
48 66 55
48 67 43
48 68 48
48 69 28
48 70 42
48 71 44
48 72 46
48 73 37
48 74 53
48 75 35
48 76 34
48 77 54
48 78 55
48 79 40
48 80 34
48 81 51
48 82 52
48 83 49
48 84 42
48 85 45
48 86 49
48 87 45
48 88 52
48 89 50
48 90 42
48 91 50
48 92 41
48 93 48
48 94 45
48 95 39
48 96 52
48 97 50
48 98 48
48 99 58
48 100 39
48 101 46
48 102 45
48 103 47
48 104 35
48 105 61
48 106 56
48 107 42
48 108 41
48 109 44
48 110 49
48 111 45
48 112 39
48 113 51
48 114 53
48 115 41
48 116 50
48 117 41
48 118 49
48 119 44
48 120 42
48 121 50
48 122 51
48 123 37
48 124 54
48 125 53
48 126 38
48 127 53
48 128 41
48 129 46
48 130 58
48 131 55
48 132 46
48 133 47
48 134 48
48 135 54
48 136 50
48 137 40
48 138 38
48 139 60
48 140 46
48 141 33
48 142 38
48 143 44
48 144 47
48 145 53
48 146 44
48 147 45
48 148 43
48 149 48
49 0 39
49 1 44
49 2 40
49 3 52
49 4 50
49 5 52
49 6 53
49 7 43
49 8 36
49 9 45
49 10 55
49 11 38
49 12 45
49 13 65
49 14 39
49 15 48
49 16 60
49 17 46
49 18 35
49 19 48
49 20 47
49 21 49
49 22 45
49 23 46
49 24 49
49 25 55
49 26 40
49 27 44
49 28 56
49 29 44
49 30 47
49 31 45
49 32 57
49 33 47
49 34 56
49 35 44
49 36 48
49 37 39
49 38 49
49 39 54
49 40 67
49 41 52
49 42 55
49 43 34
49 44 47
49 45 45
49 46 56
49 47 54
49 48 52
49 49 44
49 50 41
49 51 52
49 52 55
49 53 39
49 54 51
49 55 38
49 56 41
49 57 52
49 58 49
49 59 51
49 60 36
49 61 56
49 62 41
49 63 50
49 64 46
49 65 38
49 66 39
49 67 39
49 68 48
49 69 51
49 70 53
49 71 60
49 72 40
49 73 51
49 74 46
49 75 39
49 76 44
49 77 49
49 78 41
49 79 52
49 80 37
49 81 46
49 82 50
49 83 51
49 84 46
49 85 39
49 86 57
49 87 50
49 88 38
49 89 63
49 90 51
49 91 57
49 92 46
49 93 38
49 94 43
49 95 47
49 96 39
49 97 49
49 98 39
49 99 44
49 100 54
49 101 42
49 102 44
49 103 41
49 104 55
49 105 37
49 106 53
49 107 36
49 108 43
49 109 42
49 110 39
49 111 44
49 112 51
49 113 35
49 114 34
49 115 36
49 116 47
49 117 55
49 118 50
49 119 42
49 120 53
49 121 52
49 122 41
49 123 51
49 124 49
49 125 41
49 126 47
49 127 44
49 128 47
49 129 42
49 130 53
49 131 33
49 132 50
49 133 37
49 134 46
49 135 32
49 136 36
49 137 56
49 138 52
49 139 45
49 140 61
49 141 44
49 142 41
49 143 57
49 144 53
49 145 46
49 146 35
49 147 33
49 148 62
49 149 55
50 0 37
50 1 45
50 2 58
50 3 51
50 4 51
50 5 37
50 6 51
50 7 49
50 8 48
50 9 44
50 10 52
50 11 43
50 12 38
50 13 38
50 14 31
50 15 34
50 16 52
50 17 39
50 18 41
50 19 35
50 20 49
50 21 48
50 22 54
50 23 44
50 24 34
50 25 38
50 26 58
50 27 56
50 28 40
50 29 44
50 30 50
50 31 46
50 32 56
50 33 53
50 34 45
50 35 43
50 36 56
50 37 48
50 38 67
50 39 45
50 40 44
50 41 52
50 42 57
50 43 47
50 44 49
50 45 52
50 46 47
50 47 46
50 48 45
50 49 55
50 50 45
50 51 54
50 52 39
50 53 35
50 54 48
50 55 50
50 56 37
50 57 41
50 58 39
50 59 46
50 60 41
50 61 43
50 62 45
50 63 53
50 64 55
50 65 36
50 66 48
50 67 48
50 68 45
50 69 46
50 70 41
50 71 34
50 72 44
50 73 42
50 74 48
50 75 40
50 76 44
50 77 42
50 78 46
50 79 51
50 80 52
50 81 56
50 82 39
50 83 45
50 84 52
50 85 53
50 86 51
50 87 44
50 88 46
50 89 51
50 90 47
50 91 44
50 92 43
50 93 51
50 94 45
50 95 32
50 96 70
50 97 37
50 98 43
50 99 45
50 100 44
50 101 38
50 102 40
50 103 50
50 104 47
50 105 46
50 106 46
50 107 32
50 108 41
50 109 44
50 110 35
50 111 55
50 112 37
50 113 48
50 114 29
50 115 42
50 116 46
50 117 46
50 118 58
50 119 44
50 120 37
50 121 56
50 122 38
50 123 38
50 124 44
50 125 32
50 126 40
50 127 34
50 128 34
50 129 47
50 130 36
50 131 45
50 132 51
50 133 43
50 134 37
50 135 41
50 136 42
50 137 38
50 138 40
50 139 50
50 140 51
50 141 47
50 142 30
50 143 35
50 144 39
50 145 43
50 146 67
50 147 41
50 148 47
50 149 54
51 0 45
51 1 41
51 2 47
51 3 39
51 4 36
51 5 45
51 6 47
51 7 50
51 8 37
51 9 53
51 10 46
51 11 48
51 12 52
51 13 38
51 14 34
51 15 50
51 16 43
51 17 52
51 18 63
51 19 42
51 20 50
51 21 43
51 22 57
51 23 36
51 24 52
51 25 51
51 26 34
51 27 46
51 28 49
51 29 59
51 30 48
51 31 71
51 32 56
51 33 49
51 34 53
51 35 45
51 36 50
51 37 44
51 38 45
51 39 70
51 40 51
51 41 51
51 42 43
51 43 43
51 44 53
51 45 54
51 46 46
51 47 46
51 48 46
51 49 35
51 50 47
51 51 39
51 52 42
51 53 40
51 54 43
51 55 37
51 56 42
51 57 49
51 58 45
51 59 40
51 60 53
51 61 38
51 62 59
51 63 47
51 64 41
51 65 48
51 66 50
51 67 50
51 68 49
51 69 47
51 70 47
51 71 44
51 72 43
51 73 35
51 74 51
51 75 42
51 76 45
51 77 43
51 78 49
51 79 44
51 80 44
51 81 45
51 82 43
51 83 51
51 84 46
51 85 44
51 86 42
51 87 40
51 88 37
51 89 46
51 90 40
51 91 51
51 92 58
51 93 50
51 94 58
51 95 48
51 96 49
51 97 38
51 98 50
51 99 41
51 100 54
51 101 44
51 102 57
51 103 46
51 104 57
51 105 53
51 106 46
51 107 58
51 108 34
51 109 51
51 110 54
51 111 45
51 112 44
51 113 45
51 114 40
51 115 50
51 116 58
51 117 40
51 118 43
51 119 37
51 120 43
51 121 42
51 122 38
51 123 39
51 124 48
51 125 38
51 126 54
51 127 42
51 128 42
51 129 47
51 130 43
51 131 50
51 132 45
51 133 57
51 134 44
51 135 45
51 136 34
51 137 46
51 138 45
51 139 49
51 140 44
51 141 47
51 142 40
51 143 44
51 144 40
51 145 44
51 146 52
51 147 49
51 148 38
51 149 38
52 0 51
52 1 50
52 2 42
52 3 45
52 4 39
52 5 63
52 6 31
52 7 40
52 8 53
52 9 38
52 10 49
52 11 46
52 12 56
52 13 52
52 14 43
52 15 38
52 16 51
52 17 43
52 18 44
52 19 53
52 20 51
52 21 57
52 22 41
52 23 55
52 24 54
52 25 43
52 26 48
52 27 39
52 28 43
52 29 53
52 30 43
52 31 67
52 32 44
52 33 52
52 34 39
52 35 49
52 36 51
52 37 53
52 38 47
52 39 42
52 40 54
52 41 51
52 42 47
52 43 44
52 44 39
52 45 45
52 46 50
52 47 44
52 48 52
52 49 52
52 50 53
52 51 42
52 52 45
52 53 50
52 54 53
52 55 39
52 56 61
52 57 51
52 58 41
52 59 40
52 60 41
52 61 49
52 62 38
52 63 41
52 64 37
52 65 47
52 66 37
52 67 48
52 68 46
52 69 56
52 70 49
52 71 52
52 72 49
52 73 44
52 74 55
52 75 44
52 76 47
52 77 48
52 78 42
52 79 35
52 80 57
52 81 40
52 82 47
52 83 44
52 84 48
52 85 41
52 86 53
52 87 47
52 88 43
52 89 40
52 90 48
52 91 48
52 92 48
52 93 39
52 94 42
52 95 37
52 96 38
52 97 37
52 98 50
52 99 45
52 100 49
52 101 46
52 102 47
52 103 39
52 104 48
52 105 38
52 106 47
52 107 52
52 108 46
52 109 48
52 110 61
52 111 48
52 112 53
52 113 39
52 114 42
52 115 35
52 116 35
52 117 45
52 118 43
52 119 43
52 120 47
52 121 46
52 122 48
52 123 49
52 124 42
52 125 49
52 126 46
52 127 54
52 128 56
52 129 44
52 130 48
52 131 41
52 132 41
52 133 39
52 134 42
52 135 46
52 136 43
52 137 43
52 138 48
52 139 32
52 140 47
52 141 47
52 142 46
52 143 49
52 144 45
52 145 43
52 146 36
52 147 46
52 148 38
52 149 38
53 0 42
53 1 33
53 2 55
53 3 56
53 4 37
53 5 50
53 6 40
53 7 50
53 8 37
53 9 45
53 10 54
53 11 55
53 12 45
53 13 41
53 14 38
53 15 25
53 16 43
53 17 48
53 18 49
53 19 47
53 20 62
53 21 40
53 22 35
53 23 55
53 24 38
53 25 45
53 26 53
53 27 39
53 28 54
53 29 49
53 30 66
53 31 36
53 32 59
53 33 45
53 34 40
53 35 43
53 36 41
53 37 36
53 38 42
53 39 47
53 40 42
53 41 37
53 42 36
53 43 51
53 44 42
53 45 51
53 46 40
53 47 37
53 48 46
53 49 55
53 50 31
53 51 43
53 52 43
53 53 41
53 54 48
53 55 32
53 56 44
53 57 54
53 58 48
53 59 43
53 60 42
53 61 31
53 62 49
53 63 38
53 64 44
53 65 54
53 66 56
53 67 38
53 68 37
53 69 43
53 70 47
53 71 56
53 72 50
53 73 53
53 74 40
53 75 49
53 76 54
53 77 49
53 78 51
53 79 54
53 80 52
53 81 46
53 82 56
53 83 48
53 84 40
53 85 46
53 86 48
53 87 39
53 88 48
53 89 36
53 90 51
53 91 50
53 92 45
53 93 42
53 94 43
53 95 45
53 96 43
53 97 60
53 98 50
53 99 42
53 100 44
53 101 55
53 102 43
53 103 51
53 104 49
53 105 53
53 106 39
53 107 46
53 108 53
53 109 55
53 110 46
53 111 51
53 112 46
53 113 54
53 114 42
53 115 48
53 116 46
53 117 52
53 118 30
53 119 43
53 120 43
53 121 47
53 122 38
53 123 46
53 124 41
53 125 44
53 126 38
53 127 42
53 128 52
53 129 50
53 130 29
53 131 47
53 132 56
53 133 45
53 134 38
53 135 50
53 136 42
53 137 39
53 138 41
53 139 49
53 140 53
53 141 41
53 142 44
53 143 44
53 144 46
53 145 40
53 146 47
53 147 50
53 148 46
53 149 35
54 0 42
54 1 50
54 2 38
54 3 40
54 4 43
54 5 47
54 6 52
54 7 58
54 8 37
54 9 52
54 10 51
54 11 55
54 12 41
54 13 42
54 14 46
54 15 57
54 16 37
54 17 53
54 18 56
54 19 46
54 20 45
54 21 43
54 22 53
54 23 41
54 24 48
54 25 30
54 26 51
54 27 40
54 28 43
54 29 68
54 30 45
54 31 35
54 32 54
54 33 50
54 34 46
54 35 53
54 36 52
54 37 47
54 38 55
54 39 46
54 40 44
54 41 45
54 42 51
54 43 37
54 44 49
54 45 52
54 46 50
54 47 44
54 48 48
54 49 40
54 50 53
54 51 42
54 52 46
54 53 50
54 54 45
54 55 46
54 56 43
54 57 42
54 58 46
54 59 47
54 60 50
54 61 48
54 62 47
54 63 63
54 64 53
54 65 48
54 66 54
54 67 41
54 68 51
54 69 56
54 70 57
54 71 57
54 72 43
54 73 53
54 74 42
54 75 48
54 76 38
54 77 55
54 78 51
54 79 42
54 80 66
54 81 42
54 82 49
54 83 49
54 84 43
54 85 35
54 86 58
54 87 41
54 88 53
54 89 42
54 90 60
54 91 45
54 92 65
54 93 46
54 94 52
54 95 40
54 96 43
54 97 44
54 98 50
54 99 36
54 100 37
54 101 46
54 102 45
54 103 48
54 104 58
54 105 55
54 106 54
54 107 45
54 108 42
54 109 43
54 110 37
54 111 45
54 112 42
54 113 53
54 114 50
54 115 51
54 116 44
54 117 49
54 118 45
54 119 38
54 120 47
54 121 55
54 122 53
54 123 58
54 124 50
54 125 44
54 126 53
54 127 33
54 128 43
54 129 31
54 130 45
54 131 43
54 132 47
54 133 44
54 134 53
54 135 28
54 136 46
54 137 41
54 138 52
54 139 42
54 140 39
54 141 37
54 142 46
54 143 40
54 144 61
54 145 38
54 146 41
54 147 44
54 148 42
54 149 55
55 0 37
55 1 46
55 2 41
55 3 44
55 4 41
55 5 54
55 6 43
55 7 47
55 8 55
55 9 44
55 10 59
55 11 48
55 12 57
55 13 54
55 14 44
55 15 47
55 16 43
55 17 46
55 18 36
55 19 48
55 20 41
55 21 53
55 22 50
55 23 48
55 24 57
55 25 48
55 26 48
55 27 43
55 28 43
55 29 50
55 30 44
55 31 50
55 32 48
55 33 48
55 34 48
55 35 40
55 36 51
55 37 53
55 38 50
55 39 38
55 40 45
55 41 39
55 42 45
55 43 40
55 44 50
55 45 47
55 46 30
55 47 41
55 48 44
55 49 51
55 50 48
55 51 38
55 52 44
55 53 51
55 54 55
55 55 50
55 56 38
55 57 49
55 58 51
55 59 33
55 60 49
55 61 42
55 62 47
55 63 51
55 64 42
55 65 45
55 66 58
55 67 43
55 68 47
55 69 42
55 70 47
55 71 39
55 72 54
55 73 46
55 74 58
55 75 52
55 76 52
55 77 49
55 78 62
55 79 42
55 80 42
55 81 52
55 82 58
55 83 38
55 84 50
55 85 42
55 86 50
55 87 59
55 88 49
55 89 60
55 90 47
55 91 55
55 92 51
55 93 44
55 94 43
55 95 58
55 96 40
55 97 47
55 98 54
55 99 46
55 100 43
55 101 55
55 102 57
55 103 49
55 104 46
55 105 54
55 106 54
55 107 48
55 108 41
55 109 51
55 110 38
55 111 55
55 112 45
55 113 47
55 114 29
55 115 46
55 116 39
55 117 52
55 118 58
55 119 48
55 120 55
55 121 47
55 122 32
55 123 50
55 124 39
55 125 46
55 126 44
55 127 54
55 128 43
55 129 53
55 130 47
55 131 40
55 132 37
55 133 44
55 134 49
55 135 51
55 136 43
55 137 40
55 138 44
55 139 55
55 140 32
55 141 45
55 142 49
55 143 34
55 144 42
55 145 38
55 146 50
55 147 57
55 148 47
55 149 42
56 0 52
56 1 37
56 2 47
56 3 55
56 4 48
56 5 42
56 6 52
56 7 38
56 8 43
56 9 55
56 10 47
56 11 42
56 12 42
56 13 48
56 14 39
56 15 46
56 16 52
56 17 38
56 18 44
56 19 53
56 20 52
56 21 34
56 22 51
56 23 50
56 24 48
56 25 43
56 26 49
56 27 45
56 28 46
56 29 32
56 30 55
56 31 46
56 32 58
56 33 45
56 34 50
56 35 53
56 36 54
56 37 40
56 38 36
56 39 41
56 40 44
56 41 57
56 42 43
56 43 42
56 44 48
56 45 48
56 46 51
56 47 38
56 48 47
56 49 46
56 50 51
56 51 52
56 52 57
56 53 40
56 54 39
56 55 49
56 56 54
56 57 39
56 58 51
56 59 48
56 60 46
56 61 49
56 62 51
56 63 43
56 64 41
56 65 45
56 66 35
56 67 44
56 68 57
56 69 55
56 70 52
56 71 38
56 72 40
56 73 64
56 74 40
56 75 48
56 76 44
56 77 47
56 78 52
56 79 37
56 80 37
56 81 45
56 82 49
56 83 46
56 84 52
56 85 54
56 86 41
56 87 55
56 88 52
56 89 54
56 90 35
56 91 46
56 92 42
56 93 42
56 94 47
56 95 45
56 96 38
56 97 44
56 98 43
56 99 44
56 100 49
56 101 53
56 102 41
56 103 48
56 104 45
56 105 52
56 106 58
56 107 41
56 108 45
56 109 43
56 110 54
56 111 39
56 112 43
56 113 50
56 114 39
56 115 57
56 116 42
56 117 56
56 118 46
56 119 51
56 120 49
56 121 44
56 122 38
56 123 46
56 124 37
56 125 51
56 126 42
56 127 41
56 128 36
56 129 45
56 130 37
56 131 51
56 132 48
56 133 41
56 134 50
56 135 40
56 136 47
56 137 46
56 138 44
56 139 54
56 140 42
56 141 49
56 142 36
56 143 47
56 144 42
56 145 43
56 146 43
56 147 41
56 148 45
56 149 50
57 0 44
57 1 33
57 2 47
57 3 53
57 4 50
57 5 53
57 6 55
57 7 46
57 8 47
57 9 53
57 10 37
57 11 48
57 12 57
57 13 52
57 14 66
57 15 57
57 16 44
57 17 58
57 18 52
57 19 46
57 20 48
57 21 45
57 22 43
57 23 39
57 24 49
57 25 43
57 26 40
57 27 45
57 28 34
57 29 44
57 30 53
57 31 42
57 32 51
57 33 64
57 34 47
57 35 39
57 36 49
57 37 41
57 38 54
57 39 51
57 40 53
57 41 37
57 42 38
57 43 45
57 44 47
57 45 51
57 46 56
57 47 35
57 48 51
57 49 45
57 50 48
57 51 34
57 52 45
57 53 42
57 54 45
57 55 43
57 56 37
57 57 48
57 58 55
57 59 45
57 60 42
57 61 58
57 62 44
57 63 36
57 64 49
57 65 54
57 66 57
57 67 43
57 68 35
57 69 42
57 70 44
57 71 43
57 72 45
57 73 51
57 74 41
57 75 45
57 76 63
57 77 46
57 78 51
57 79 51
57 80 45
57 81 67
57 82 48
57 83 45
57 84 52
57 85 50
57 86 41
57 87 60
57 88 55
57 89 50
57 90 59
57 91 56
57 92 33
57 93 51
57 94 51
57 95 58
57 96 49
57 97 45
57 98 41
57 99 47
57 100 44
57 101 64
57 102 52
57 103 42
57 104 49
57 105 58
57 106 39
57 107 52
57 108 32
57 109 43
57 110 43
57 111 46
57 112 35
57 113 57
57 114 54
57 115 43
57 116 37
57 117 48
57 118 45
57 119 45
57 120 43
57 121 49
57 122 51
57 123 51
57 124 45
57 125 30
57 126 46
57 127 38
57 128 48
57 129 49
57 130 51
57 131 40
57 132 48
57 133 39
57 134 53
57 135 35
57 136 49
57 137 46
57 138 45
57 139 33
57 140 33
57 141 52
57 142 52
57 143 50
57 144 44
57 145 52
57 146 51
57 147 39
57 148 44
57 149 37
58 0 54
58 1 38
58 2 46
58 3 44
58 4 47
58 5 46
58 6 46
58 7 45
58 8 30
58 9 42
58 10 54
58 11 50
58 12 38
58 13 49
58 14 46
58 15 40
58 16 45
58 17 38
58 18 44
58 19 43
58 20 49
58 21 48
58 22 49
58 23 39
58 24 46
58 25 37
58 26 42
58 27 59
58 28 47
58 29 42
58 30 41
58 31 47
58 32 51
58 33 40
58 34 49
58 35 49
58 36 49
58 37 42
58 38 36
58 39 38
58 40 29
58 41 48
58 42 49
58 43 55
58 44 44
58 45 46
58 46 38
58 47 42
58 48 53
58 49 52
58 50 46
58 51 37
58 52 48
58 53 47
58 54 51
58 55 55
58 56 41
58 57 52
58 58 55
58 59 38
58 60 41
58 61 38
58 62 46
58 63 54
58 64 45
58 65 58
58 66 47
58 67 45
58 68 53
58 69 54
58 70 42
58 71 52
58 72 44
58 73 44
58 74 47
58 75 55
58 76 45
58 77 49
58 78 56
58 79 62
58 80 47
58 81 50
58 82 48
58 83 41
58 84 53
58 85 40
58 86 47
58 87 47
58 88 52
58 89 39
58 90 44
58 91 54
58 92 38
58 93 43
58 94 36
58 95 60
58 96 48
58 97 43
58 98 47
58 99 50
58 100 43
58 101 50
58 102 39
58 103 46
58 104 40
58 105 42
58 106 34
58 107 53
58 108 67
58 109 30
58 110 48
58 111 41
58 112 52
58 113 44
58 114 42
58 115 49
58 116 52
58 117 44
58 118 53
58 119 45
58 120 41
58 121 45
58 122 51
58 123 49
58 124 51
58 125 56
58 126 49
58 127 55
58 128 39
58 129 54
58 130 44
58 131 52
58 132 53
58 133 34
58 134 35
58 135 44
58 136 46
58 137 50
58 138 48
58 139 45
58 140 40
58 141 34
58 142 42
58 143 44
58 144 44
58 145 49
58 146 43
58 147 45
58 148 48
58 149 39
59 0 46
59 1 39
59 2 46
59 3 43
59 4 45
59 5 41
59 6 48
59 7 43
59 8 46
59 9 57
59 10 45
59 11 37
59 12 42
59 13 58
59 14 52
59 15 60
59 16 47
59 17 50
59 18 51
59 19 34
59 20 41
59 21 45
59 22 42
59 23 51
59 24 58
59 25 54
59 26 39
59 27 56
59 28 56
59 29 48
59 30 39
59 31 45
59 32 47
59 33 53
59 34 49
59 35 36
59 36 50
59 37 49
59 38 43
59 39 49
59 40 51
59 41 55
59 42 40
59 43 47
59 44 44
59 45 49
59 46 43
59 47 57
59 48 41
59 49 46
59 50 49
59 51 42
59 52 38
59 53 45
59 54 35
59 55 32
59 56 44
59 57 51
59 58 53
59 59 42
59 60 42
59 61 43
59 62 50
59 63 55
59 64 62
59 65 54
59 66 44
59 67 39
59 68 48
59 69 49
59 70 55
59 71 42
59 72 55
59 73 50
59 74 58
59 75 52
59 76 40
59 77 51
59 78 39
59 79 49
59 80 52
59 81 54
59 82 38
59 83 52
59 84 48
59 85 47
59 86 46
59 87 43
59 88 55
59 89 45
59 90 42
59 91 60
59 92 44
59 93 32
59 94 33
59 95 46
59 96 52
59 97 40
59 98 61
59 99 39
59 100 39
59 101 39
59 102 60
59 103 50
59 104 45
59 105 40
59 106 45
59 107 52
59 108 45
59 109 45
59 110 42
59 111 50
59 112 55
59 113 63
59 114 44
59 115 53
59 116 46
59 117 42
59 118 58
59 119 35
59 120 57
59 121 48
59 122 52
59 123 52
59 124 43
59 125 51
59 126 51
59 127 47
59 128 45
59 129 53
59 130 46
59 131 61
59 132 47
59 133 49
59 134 44
59 135 56
59 136 42
59 137 57
59 138 46
59 139 46
59 140 44
59 141 43
59 142 53
59 143 48
59 144 41
59 145 43
59 146 41
59 147 39
59 148 32
59 149 53
60 0 36
60 1 54
60 2 55
60 3 44
60 4 58
60 5 42
60 6 51
60 7 43
60 8 38
60 9 50
60 10 45
60 11 42
60 12 51
60 13 46
60 14 57
60 15 44
60 16 53
60 17 45
60 18 37
60 19 40
60 20 50
60 21 53
60 22 44
60 23 49
60 24 47
60 25 49
60 26 52
60 27 35
60 28 42
60 29 52
60 30 49
60 31 46
60 32 50
60 33 37
60 34 43
60 35 53
60 36 42
60 37 53
60 38 53
60 39 40
60 40 56
60 41 44
60 42 55
60 43 58
60 44 37
60 45 47
60 46 47
60 47 37
60 48 47
60 49 40
60 50 49
60 51 48
60 52 42
60 53 51
60 54 41
60 55 43
60 56 44
60 57 43
60 58 36
60 59 42
60 60 52
60 61 47
60 62 46
60 63 39
60 64 48
60 65 55
60 66 39
60 67 48
60 68 57
60 69 45
60 70 51
60 71 41
60 72 47
60 73 51
60 74 41
60 75 60
60 76 56
60 77 52
60 78 51
60 79 57
60 80 39
60 81 46
60 82 61
60 83 54
60 84 56
60 85 41
60 86 53
60 87 55
60 88 55
60 89 53
60 90 48
60 91 42
60 92 49
60 93 35
60 94 51
60 95 49
60 96 48
60 97 42
60 98 58
60 99 42
60 100 59
60 101 42
60 102 48
60 103 33
60 104 53
60 105 51
60 106 50
60 107 44
60 108 47
60 109 43
60 110 37
60 111 60
60 112 40
60 113 62
60 114 62
60 115 43
60 116 50
60 117 40
60 118 48
60 119 41
60 120 43
60 121 42
60 122 53
60 123 43
60 124 50
60 125 53
60 126 38
60 127 52
60 128 42
60 129 35
60 130 54
60 131 40
60 132 48
60 133 55
60 134 44
60 135 42
60 136 53
60 137 54
60 138 38
60 139 56
60 140 42
60 141 48
60 142 43
60 143 49
60 144 53
60 145 61
60 146 58
60 147 49
60 148 55
60 149 55
61 0 43
61 1 61
61 2 48
61 3 46
61 4 46
61 5 53
61 6 49
61 7 60
61 8 36
61 9 59
61 10 40
61 11 50
61 12 43
61 13 43
61 14 50
61 15 51
61 16 51
61 17 51
61 18 48
61 19 51
61 20 48
61 21 47
61 22 43
61 23 46
61 24 57
61 25 38
61 26 44
61 27 58
61 28 52
61 29 56
61 30 54
61 31 48
61 32 38
61 33 48
61 34 42
61 35 56
61 36 46
61 37 34
61 38 51
61 39 34
61 40 67
61 41 40
61 42 39
61 43 47
61 44 55
61 45 35
61 46 43
61 47 53
61 48 49
61 49 49
61 50 53
61 51 46
61 52 44
61 53 65
61 54 52
61 55 42
61 56 51
61 57 37
61 58 53
61 59 52
61 60 59
61 61 47
61 62 36
61 63 47
61 64 57
61 65 46
61 66 55
61 67 55
61 68 51
61 69 63
61 70 43
61 71 53
61 72 59
61 73 47
61 74 45
61 75 54
61 76 49
61 77 49
61 78 49
61 79 56
61 80 48
61 81 35
61 82 42
61 83 37
61 84 66
61 85 51
61 86 57
61 87 46
61 88 56
61 89 61
61 90 55
61 91 56
61 92 47
61 93 38
61 94 43
61 95 39
61 96 47
61 97 46
61 98 41
61 99 45
61 100 53
61 101 60
61 102 41
61 103 50
61 104 47
61 105 48
61 106 54
61 107 48
61 108 56
61 109 62
61 110 46
61 111 53
61 112 53
61 113 56
61 114 49
61 115 38
61 116 55
61 117 46
61 118 38
61 119 60
61 120 39
61 121 49
61 122 60
61 123 44
61 124 52
61 125 54
61 126 50
61 127 46
61 128 54
61 129 33
61 130 45
61 131 57
61 132 47
61 133 48
61 134 42
61 135 51
61 136 51
61 137 45
61 138 44
61 139 48
61 140 53
61 141 54
61 142 46
61 143 40
61 144 49
61 145 52
61 146 40
61 147 40
61 148 33
61 149 42
62 0 52
62 1 43
62 2 47
62 3 46
62 4 59
62 5 38
62 6 47
62 7 43
62 8 64
62 9 58
62 10 56
62 11 54
62 12 45
62 13 46
62 14 51
62 15 54
62 16 57
62 17 46
62 18 41
62 19 44
62 20 54
62 21 51
62 22 46
62 23 46
62 24 45
62 25 51
62 26 48
62 27 42
62 28 45
62 29 40
62 30 49
62 31 47
62 32 48
62 33 35
62 34 42
62 35 43
62 36 44
62 37 58
62 38 42
62 39 48
62 40 48
62 41 51
62 42 54
62 43 54
62 44 51
62 45 41
62 46 44
62 47 53
62 48 47
62 49 52
62 50 50
62 51 42
62 52 40
62 53 56
62 54 47
62 55 51
62 56 44
62 57 47
62 58 50
62 59 49
62 60 36
62 61 35
62 62 47
62 63 61
62 64 45
62 65 51
62 66 40
62 67 51
62 68 50
62 69 58
62 70 42
62 71 61
62 72 51
62 73 40
62 74 56
62 75 48
62 76 46
62 77 50
62 78 53
62 79 52
62 80 47
62 81 47
62 82 53
62 83 47
62 84 53
62 85 57
62 86 63
62 87 57
62 88 43
62 89 49
62 90 39
62 91 44
62 92 66
62 93 50
62 94 45
62 95 49
62 96 49
62 97 61
62 98 45
62 99 49
62 100 32
62 101 61
62 102 56
62 103 51
62 104 38
62 105 59
62 106 53
62 107 67
62 108 44
62 109 59
62 110 45
62 111 37
62 112 35
62 113 49
62 114 55
62 115 61
62 116 49
62 117 54
62 118 49
62 119 57
62 120 53
62 121 52
62 122 54
62 123 39
62 124 56
62 125 38
62 126 49
62 127 49
62 128 33
62 129 42
62 130 42
62 131 47
62 132 46
62 133 39
62 134 48
62 135 39
62 136 46
62 137 55
62 138 51
62 139 42
62 140 43
62 141 49
62 142 53
62 143 60
62 144 43
62 145 48
62 146 44
62 147 45
62 148 40
62 149 47
63 0 48
63 1 51
63 2 48
63 3 45
63 4 55
63 5 52
63 6 61
63 7 56
63 8 65
63 9 53
63 10 48
63 11 55
63 12 59
63 13 54
63 14 52
63 15 34
63 16 63
63 17 51
63 18 47
63 19 39
63 20 55
63 21 54
63 22 56
63 23 49
63 24 43
63 25 43
63 26 42
63 27 48
63 28 46
63 29 42
63 30 46
63 31 44
63 32 55
63 33 41
63 34 55
63 35 49
63 36 40
63 37 48
63 38 44
63 39 39
63 40 40
63 41 50
63 42 50
63 43 47
63 44 37
63 45 41
63 46 53
63 47 50
63 48 42
63 49 48
63 50 59
63 51 46
63 52 54
63 53 58
63 54 44
63 55 32
63 56 48
63 57 46
63 58 50
63 59 53
63 60 50
63 61 59
63 62 57
63 63 50
63 64 50
63 65 40
63 66 48
63 67 49
63 68 51
63 69 55
63 70 46
63 71 53
63 72 47
63 73 56
63 74 49
63 75 51
63 76 59
63 77 66
63 78 39
63 79 50
63 80 43
63 81 45
63 82 48
63 83 46
63 84 53
63 85 66
63 86 50
63 87 51
63 88 52
63 89 36
63 90 46
63 91 44
63 92 47
63 93 51
63 94 39
63 95 33
63 96 48
63 97 41
63 98 46
63 99 42
63 100 59
63 101 43
63 102 59
63 103 47
63 104 55
63 105 60
63 106 43
63 107 42
63 108 52
63 109 52
63 110 67
63 111 46
63 112 40
63 113 46
63 114 52
63 115 44
63 116 47
63 117 36
63 118 37
63 119 43
63 120 55
63 121 47
63 122 46
63 123 44
63 124 52
63 125 65
63 126 45
63 127 41
63 128 52
63 129 56
63 130 49
63 131 40
63 132 44
63 133 54
63 134 48
63 135 55
63 136 52
63 137 59
63 138 53
63 139 32
63 140 49
63 141 57
63 142 47
63 143 32
63 144 44
63 145 58
63 146 46
63 147 50
63 148 57
63 149 50
64 0 65
64 1 43
64 2 54
64 3 43
64 4 59
64 5 50
64 6 44
64 7 46
64 8 50
64 9 39
64 10 48
64 11 47
64 12 43
64 13 53
64 14 48
64 15 42
64 16 50
64 17 39
64 18 39
64 19 55
64 20 40
64 21 39
64 22 47
64 23 55
64 24 30
64 25 46
64 26 65
64 27 47
64 28 51
64 29 56
64 30 41
64 31 40
64 32 61
64 33 66
64 34 41
64 35 53
64 36 46
64 37 52
64 38 54
64 39 61
64 40 36
64 41 54
64 42 38
64 43 44
64 44 57
64 45 41
64 46 34
64 47 46
64 48 53
64 49 52
64 50 42
64 51 60
64 52 50
64 53 50
64 54 52
64 55 39
64 56 44
64 57 50
64 58 43
64 59 53
64 60 46
64 61 47
64 62 38
64 63 43
64 64 59
64 65 44
64 66 39
64 67 51
64 68 50
64 69 44
64 70 51
64 71 52
64 72 63
64 73 44
64 74 45
64 75 50
64 76 35
64 77 53
64 78 51
64 79 50
64 80 44
64 81 49
64 82 43
64 83 51
64 84 56
64 85 50
64 86 50
64 87 61
64 88 47
64 89 41
64 90 34
64 91 51
64 92 47
64 93 53
64 94 49
64 95 48
64 96 51
64 97 46
64 98 51
64 99 57
64 100 50
64 101 50
64 102 51
64 103 53
64 104 50
64 105 55
64 106 55
64 107 54
64 108 47
64 109 57
64 110 41
64 111 48
64 112 53
64 113 33
64 114 48
64 115 44
64 116 43
64 117 59
64 118 37
64 119 48
64 120 54
64 121 48
64 122 52
64 123 51
64 124 51
64 125 52
64 126 52
64 127 50
64 128 52
64 129 52
64 130 49
64 131 56
64 132 45
64 133 36
64 134 50
64 135 44
64 136 59
64 137 53
64 138 40
64 139 54
64 140 69
64 141 52
64 142 50
64 143 50
64 144 43
64 145 54
64 146 50
64 147 49
64 148 43
64 149 58
65 0 67
65 1 44
65 2 59
65 3 48
65 4 50
65 5 52
65 6 55
65 7 50
65 8 45
65 9 61
65 10 48
65 11 45
65 12 55
65 13 36
65 14 47
65 15 39
65 16 50
65 17 50
65 18 51
65 19 42
65 20 42
65 21 41
65 22 47
65 23 39
65 24 49
65 25 46
65 26 52
65 27 47
65 28 44
65 29 59
65 30 43
65 31 57
65 32 46
65 33 42
65 34 46
65 35 39
65 36 48
65 37 42
65 38 43
65 39 55
65 40 58
65 41 58
65 42 60
65 43 50
65 44 49
65 45 45
65 46 51
65 47 48
65 48 41
65 49 57
65 50 44
65 51 35
65 52 52
65 53 51
65 54 50
65 55 52
65 56 50
65 57 50
65 58 41
65 59 41
65 60 44
65 61 52
65 62 56
65 63 44
65 64 55
65 65 50
65 66 63
65 67 47
65 68 63
65 69 55
65 70 51
65 71 45
65 72 44
65 73 58
65 74 40
65 75 55
65 76 45
65 77 58
65 78 48
65 79 50
65 80 47
65 81 54
65 82 57
65 83 44
65 84 53
65 85 58
65 86 65
65 87 54
65 88 59
65 89 61
65 90 32
65 91 56
65 92 57
65 93 42
65 94 43
65 95 52
65 96 38
65 97 48
65 98 43
65 99 55
65 100 44
65 101 49
65 102 42
65 103 45
65 104 47
65 105 47
65 106 41
65 107 51
65 108 56
65 109 61
65 110 50
65 111 44
65 112 47
65 113 47
65 114 48
65 115 47
65 116 62
65 117 50
65 118 50
65 119 38
65 120 58
65 121 56
65 122 46
65 123 51
65 124 42
65 125 55
65 126 41
65 127 57
65 128 36
65 129 44
65 130 45
65 131 47
65 132 57
65 133 56
65 134 48
65 135 41
65 136 59
65 137 49
65 138 48
65 139 53
65 140 53
65 141 41
65 142 52
65 143 45
65 144 55
65 145 55
65 146 53
65 147 40
65 148 48
65 149 50
66 0 57
66 1 55
66 2 46
66 3 63
66 4 53
66 5 56
66 6 44
66 7 43
66 8 48
66 9 50
66 10 41
66 11 49
66 12 41
66 13 59
66 14 48
66 15 59
66 16 52
66 17 51
66 18 45
66 19 48
66 20 57
66 21 39
66 22 59
66 23 45
66 24 54
66 25 48
66 26 53
66 27 40
66 28 46
66 29 57
66 30 46
66 31 43
66 32 60
66 33 54
66 34 48
66 35 56
66 36 48
66 37 42
66 38 49
66 39 54
66 40 51
66 41 45
66 42 44
66 43 57
66 44 36
66 45 60
66 46 44
66 47 54
66 48 59
66 49 45
66 50 48
66 51 42
66 52 41
66 53 38
66 54 45
66 55 53
66 56 48
66 57 51
66 58 42
66 59 46
66 60 47
66 61 49
66 62 40
66 63 33
66 64 47
66 65 49
66 66 54
66 67 60
66 68 60
66 69 44
66 70 49
66 71 60
66 72 51
66 73 56
66 74 46
66 75 64
66 76 62
66 77 38
66 78 53
66 79 55
66 80 50
66 81 59
66 82 66
66 83 43
66 84 51
66 85 58
66 86 47
66 87 53
66 88 52
66 89 58
66 90 47
66 91 72
66 92 41
66 93 44
66 94 44
66 95 58
66 96 50
66 97 43
66 98 53
66 99 36
66 100 44
66 101 46
66 102 45
66 103 48
66 104 52
66 105 46
66 106 41
66 107 49
66 108 54
66 109 47
66 110 45
66 111 47
66 112 50
66 113 43
66 114 55
66 115 52
66 116 54
66 117 56
66 118 53
66 119 61
66 120 45
66 121 44
66 122 59
66 123 52
66 124 46
66 125 45
66 126 42
66 127 55
66 128 49
66 129 42
66 130 54
66 131 62
66 132 61
66 133 50
66 134 51
66 135 52
66 136 51
66 137 45
66 138 54
66 139 47
66 140 37
66 141 51
66 142 44
66 143 44
66 144 54
66 145 53
66 146 51
66 147 45
66 148 56
66 149 54
67 0 48
67 1 51
67 2 64
67 3 51
67 4 45
67 5 41
67 6 55
67 7 47
67 8 52
67 9 51
67 10 42
67 11 56
67 12 55
67 13 64
67 14 65
67 15 45
67 16 44
67 17 45
67 18 48
67 19 58
67 20 49
67 21 36
67 22 46
67 23 37
67 24 41
67 25 62
67 26 40
67 27 54
67 28 56
67 29 50
67 30 42
67 31 48
67 32 36
67 33 60
67 34 49
67 35 49
67 36 45
67 37 49
67 38 49
67 39 62
67 40 49
67 41 48
67 42 49
67 43 36
67 44 54
67 45 49
67 46 54
67 47 42
67 48 46
67 49 53
67 50 53
67 51 51
67 52 61
67 53 48
67 54 48
67 55 69
67 56 40
67 57 36
67 58 60
67 59 35
67 60 72
67 61 74
67 62 47
67 63 45
67 64 50
67 65 68
67 66 51
67 67 44
67 68 46
67 69 49
67 70 64
67 71 52
67 72 52
67 73 58
67 74 50
67 75 54
67 76 48
67 77 55
67 78 45
67 79 46
67 80 43
67 81 52
67 82 63
67 83 44
67 84 44
67 85 49
67 86 49
67 87 48
67 88 45
67 89 61
67 90 53
67 91 55
67 92 46
67 93 52
67 94 59
67 95 57
67 96 40
67 97 48
67 98 48
67 99 58
67 100 35
67 101 57
67 102 47
67 103 44
67 104 47
67 105 58
67 106 43
67 107 52
67 108 42
67 109 33
67 110 35
67 111 54
67 112 42
67 113 59
67 114 51
67 115 37
67 116 49
67 117 55
67 118 40
67 119 63
67 120 45
67 121 57
67 122 46
67 123 43
67 124 48
67 125 60
67 126 42
67 127 41
67 128 46
67 129 46
67 130 54
67 131 48
67 132 56
67 133 47
67 134 44
67 135 53
67 136 57
67 137 49
67 138 40
67 139 56
67 140 53
67 141 47
67 142 46
67 143 48
67 144 51
67 145 49
67 146 45
67 147 40
67 148 51
67 149 49
68 0 48
68 1 45
68 2 59
68 3 43
68 4 48
68 5 52
68 6 51
68 7 52
68 8 62
68 9 50
68 10 56
68 11 42
68 12 54
68 13 44
68 14 48
68 15 39
68 16 41
68 17 50
68 18 44
68 19 40
68 20 42
68 21 40
68 22 59
68 23 67
68 24 45
68 25 51
68 26 41
68 27 57
68 28 55
68 29 42
68 30 55
68 31 45
68 32 57
68 33 41
68 34 50
68 35 50
68 36 41
68 37 51
68 38 44
68 39 41
68 40 48
68 41 41
68 42 59
68 43 43
68 44 49
68 45 49
68 46 59
68 47 49
68 48 59
68 49 47
68 50 41
68 51 43
68 52 40
68 53 47
68 54 60
68 55 36
68 56 45
68 57 53
68 58 58
68 59 47
68 60 50
68 61 57
68 62 38
68 63 43
68 64 44
68 65 50
68 66 47
68 67 49
68 68 62
68 69 53
68 70 52
68 71 47
68 72 53
68 73 46
68 74 52
68 75 43
68 76 65
68 77 50
68 78 37
68 79 45
68 80 66
68 81 46
68 82 55
68 83 52
68 84 47
68 85 49
68 86 51
68 87 62
68 88 42
68 89 50
68 90 57
68 91 37
68 92 46
68 93 46
68 94 47
68 95 46
68 96 34
68 97 55
68 98 53
68 99 44
68 100 52
68 101 50
68 102 43
68 103 51
68 104 43
68 105 55
68 106 46
68 107 57
68 108 50
68 109 55
68 110 60
68 111 65
68 112 45
68 113 52
68 114 47
68 115 51
68 116 48
68 117 45
68 118 55
68 119 51
68 120 42
68 121 61
68 122 47
68 123 51
68 124 51
68 125 39
68 126 39
68 127 55
68 128 44
68 129 40
68 130 50
68 131 51
68 132 63
68 133 47
68 134 40
68 135 44
68 136 47
68 137 53
68 138 62
68 139 52
68 140 48
68 141 54
68 142 51
68 143 52
68 144 53
68 145 51
68 146 54
68 147 49
68 148 40
68 149 42
69 0 66
69 1 52
69 2 56
69 3 56
69 4 46
69 5 55
69 6 41
69 7 55
69 8 53
69 9 52
69 10 56
69 11 52
69 12 56
69 13 53
69 14 44
69 15 50
69 16 60
69 17 53
69 18 56
69 19 57
69 20 59
69 21 52
69 22 55
69 23 65
69 24 48
69 25 57
69 26 50
69 27 52
69 28 54
69 29 40
69 30 64
69 31 45
69 32 38
69 33 54
69 34 49
69 35 50
69 36 49
69 37 50
69 38 46
69 39 51
69 40 49
69 41 42
69 42 48
69 43 46
69 44 53
69 45 45
69 46 42
69 47 59
69 48 51
69 49 46
69 50 44
69 51 49
69 52 47
69 53 42
69 54 45
69 55 47
69 56 63
69 57 35
69 58 63
69 59 43
69 60 48
69 61 46
69 62 55
69 63 64
69 64 59
69 65 55
69 66 41
69 67 44
69 68 46
69 69 62
69 70 43
69 71 56
69 72 59
69 73 44
69 74 48
69 75 65
69 76 64
69 77 62
69 78 51
69 79 40
69 80 55
69 81 54
69 82 50
69 83 53
69 84 55
69 85 66
69 86 53
69 87 49
69 88 44
69 89 44
69 90 67
69 91 56
69 92 43
69 93 65
69 94 52
69 95 53
69 96 50
69 97 53
69 98 47
69 99 47
69 100 47
69 101 38
69 102 52
69 103 44
69 104 47
69 105 55
69 106 70
69 107 47
69 108 47
69 109 45
69 110 49
69 111 41
69 112 44
69 113 58
69 114 53
69 115 48
69 116 44
69 117 68
69 118 59
69 119 63
69 120 52
69 121 46
69 122 50
69 123 48
69 124 53
69 125 48
69 126 54
69 127 46
69 128 49
69 129 56
69 130 48
69 131 41
69 132 43
69 133 41
69 134 60
69 135 36
69 136 49
69 137 58
69 138 55
69 139 62
69 140 47
69 141 48
69 142 42
69 143 48
69 144 66
69 145 56
69 146 60
69 147 37
69 148 47
69 149 56
70 0 46
70 1 40
70 2 55
70 3 50
70 4 56
70 5 51
70 6 46
70 7 63
70 8 42
70 9 45
70 10 42
70 11 55
70 12 41
70 13 50
70 14 55
70 15 56
70 16 54
70 17 46
70 18 51
70 19 55
70 20 48
70 21 44
70 22 43
70 23 45
70 24 40
70 25 65
70 26 39
70 27 51
70 28 44
70 29 45
70 30 46
70 31 55
70 32 45
70 33 51
70 34 47
70 35 44
70 36 51
70 37 67
70 38 49
70 39 53
70 40 54
70 41 49
70 42 47
70 43 43
70 44 53
70 45 50
70 46 60
70 47 50
70 48 45
70 49 55
70 50 52
70 51 65
70 52 55
70 53 43
70 54 49
70 55 35
70 56 47
70 57 55
70 58 47
70 59 52
70 60 46
70 61 57
70 62 53
70 63 51
70 64 64
70 65 44
70 66 59
70 67 61
70 68 51
70 69 53
70 70 55
70 71 58
70 72 55
70 73 64
70 74 54
70 75 49
70 76 60
70 77 43
70 78 57
70 79 52
70 80 61
70 81 54
70 82 47
70 83 50
70 84 52
70 85 51
70 86 39
70 87 55
70 88 38
70 89 43
70 90 55
70 91 49
70 92 50
70 93 48
70 94 47
70 95 58
70 96 55
70 97 47
70 98 45
70 99 45
70 100 43
70 101 48
70 102 46
70 103 63
70 104 47
70 105 46
70 106 47
70 107 48
70 108 46
70 109 47
70 110 51
70 111 35
70 112 58
70 113 49
70 114 47
70 115 35
70 116 45
70 117 46
70 118 46
70 119 36
70 120 53
70 121 56
70 122 49
70 123 49
70 124 57
70 125 46
70 126 50
70 127 44
70 128 41
70 129 49
70 130 53
70 131 46
70 132 53
70 133 50
70 134 48
70 135 46
70 136 63
70 137 62
70 138 46
70 139 56
70 140 51
70 141 56
70 142 55
70 143 56
70 144 54
70 145 50
70 146 53
70 147 43
70 148 48
70 149 42
71 0 49
71 1 68
71 2 64
71 3 63
71 4 43
71 5 49
71 6 48
71 7 53
71 8 50
71 9 60
71 10 50
71 11 56
71 12 47
71 13 48
71 14 56
71 15 43
71 16 52
71 17 62
71 18 45
71 19 40
71 20 48
71 21 50
71 22 50
71 23 49
71 24 44
71 25 48
71 26 46
71 27 59
71 28 44
71 29 49
71 30 39
71 31 61
71 32 54
71 33 49
71 34 61
71 35 57
71 36 48
71 37 52
71 38 46
71 39 50
71 40 51
71 41 39
71 42 58
71 43 52
71 44 50
71 45 56
71 46 54
71 47 47
71 48 46
71 49 46
71 50 59
71 51 37
71 52 55
71 53 61
71 54 46
71 55 49
71 56 41
71 57 58
71 58 57
71 59 45
71 60 52
71 61 57
71 62 68
71 63 41
71 64 52
71 65 51
71 66 41
71 67 50
71 68 54
71 69 49
71 70 44
71 71 34
71 72 50
71 73 48
71 74 57
71 75 46
71 76 47
71 77 48
71 78 52
71 79 41
71 80 43
71 81 48
71 82 51
71 83 61
71 84 46
71 85 48
71 86 52
71 87 54
71 88 47
71 89 47
71 90 57
71 91 50
71 92 52
71 93 55
71 94 46
71 95 44
71 96 45
71 97 54
71 98 47
71 99 47
71 100 51
71 101 43
71 102 46
71 103 50
71 104 51
71 105 48
71 106 50
71 107 51
71 108 52
71 109 63
71 110 59
71 111 50
71 112 53
71 113 52
71 114 58
71 115 45
71 116 48
71 117 52
71 118 48
71 119 54
71 120 41
71 121 47
71 122 52
71 123 44
71 124 57
71 125 61
71 126 51
71 127 58
71 128 41
71 129 57
71 130 44
71 131 72
71 132 54
71 133 40
71 134 48
71 135 63
71 136 51
71 137 43
71 138 36
71 139 46
71 140 55
71 141 47
71 142 50
71 143 42
71 144 67
71 145 65
71 146 55
71 147 44
71 148 65
71 149 40
72 0 46
72 1 56
72 2 62
72 3 40
72 4 48
72 5 49
72 6 67
72 7 63
72 8 55
72 9 56
72 10 53
72 11 31
72 12 62
72 13 54
72 14 57
72 15 59
72 16 54
72 17 53
72 18 62
72 19 64
72 20 52
72 21 46
72 22 43
72 23 42
72 24 52
72 25 60
72 26 55
72 27 52
72 28 47
72 29 46
72 30 36
72 31 36
72 32 53
72 33 54
72 34 53
72 35 59
72 36 56
72 37 49
72 38 42
72 39 65
72 40 42
72 41 52
72 42 48
72 43 50
72 44 50
72 45 44
72 46 60
72 47 44
72 48 55
72 49 56
72 50 51
72 51 64
72 52 49
72 53 51
72 54 51
72 55 45
72 56 51
72 57 40
72 58 56
72 59 57
72 60 44
72 61 62
72 62 63
72 63 44
72 64 60
72 65 49
72 66 52
72 67 49
72 68 59
72 69 50
72 70 45
72 71 54
72 72 54
72 73 42
72 74 56
72 75 45
72 76 40
72 77 59
72 78 46
72 79 55
72 80 53
72 81 49
72 82 53
72 83 45
72 84 52
72 85 51
72 86 48
72 87 66
72 88 59
72 89 43
72 90 53
72 91 52
72 92 48
72 93 57
72 94 53
72 95 44
72 96 50
72 97 46
72 98 49
72 99 57
72 100 36
72 101 52
72 102 44
72 103 57
72 104 43
72 105 49
72 106 63
72 107 53
72 108 43
72 109 44
72 110 52
72 111 50
72 112 53
72 113 47
72 114 65
72 115 45
72 116 36
72 117 50
72 118 50
72 119 57
72 120 53
72 121 40
72 122 61
72 123 45
72 124 57
72 125 49
72 126 49
72 127 49
72 128 66
72 129 49
72 130 57
72 131 56
72 132 51
72 133 46
72 134 46
72 135 46
72 136 54
72 137 52
72 138 50
72 139 60
72 140 51
72 141 49
72 142 53
72 143 40
72 144 50
72 145 45
72 146 52
72 147 48
72 148 57
72 149 55
73 0 48
73 1 47
73 2 44
73 3 50
73 4 63
73 5 59
73 6 58
73 7 64
73 8 49
73 9 46
73 10 53
73 11 56
73 12 48
73 13 56
73 14 54
73 15 55
73 16 50
73 17 40
73 18 44
73 19 45
73 20 52
73 21 59
73 22 53
73 23 46
73 24 45
73 25 44
73 26 47
73 27 56
73 28 50
73 29 54
73 30 57
73 31 71
73 32 50
73 33 47
73 34 67
73 35 44
73 36 40
73 37 49
73 38 51
73 39 48
73 40 47
73 41 49
73 42 58
73 43 64
73 44 44
73 45 54
73 46 54
73 47 50
73 48 49
73 49 39
73 50 52
73 51 36
73 52 57
73 53 50
73 54 54
73 55 54
73 56 54
73 57 55
73 58 48
73 59 49
73 60 44
73 61 43
73 62 59
73 63 46
73 64 42
73 65 48
73 66 50
73 67 52
73 68 56
73 69 40
73 70 41
73 71 51
73 72 60
73 73 55
73 74 45
73 75 43
73 76 45
73 77 51
73 78 61
73 79 55
73 80 58
73 81 49
73 82 58
73 83 53
73 84 49
73 85 44
73 86 43
73 87 51
73 88 57
73 89 45
73 90 56
73 91 44
73 92 59
73 93 37
73 94 42
73 95 46
73 96 56
73 97 37
73 98 46
73 99 48
73 100 55
73 101 59
73 102 68
73 103 42
73 104 52
73 105 43
73 106 59
73 107 50
73 108 58
73 109 55
73 110 48
73 111 37
73 112 51
73 113 47
73 114 33
73 115 38
73 116 47
73 117 46
73 118 60
73 119 50
73 120 54
73 121 48
73 122 43
73 123 48
73 124 46
73 125 49
73 126 47
73 127 46
73 128 47
73 129 53
73 130 36
73 131 34
73 132 45
73 133 63
73 134 39
73 135 56
73 136 47
73 137 41
73 138 51
73 139 53
73 140 58
73 141 61
73 142 53
73 143 74
73 144 55
73 145 54
73 146 60
73 147 50
73 148 72
73 149 54
74 0 51
74 1 58
74 2 43
74 3 51
74 4 54
74 5 51
74 6 46
74 7 55
74 8 50
74 9 58
74 10 47
74 11 48
74 12 62
74 13 61
74 14 51
74 15 45
74 16 54
74 17 54
74 18 52
74 19 43
74 20 58
74 21 52
74 22 43
74 23 52
74 24 49
74 25 48
74 26 60
74 27 51
74 28 50
74 29 60
74 30 49
74 31 55
74 32 56
74 33 34
74 34 47
74 35 51
74 36 44
74 37 49
74 38 44
74 39 48
74 40 53
74 41 43
74 42 54
74 43 39
74 44 41
74 45 63
74 46 41
74 47 47
74 48 47
74 49 40
74 50 38
74 51 63
74 52 36
74 53 44
74 54 52
74 55 48
74 56 42
74 57 58
74 58 45
74 59 45
74 60 50
74 61 46
74 62 45
74 63 50
74 64 44
74 65 47
74 66 55
74 67 57
74 68 47
74 69 48
74 70 42
74 71 44
74 72 66
74 73 59
74 74 50
74 75 51
74 76 56
74 77 55
74 78 62
74 79 50
74 80 57
74 81 52
74 82 42
74 83 53
74 84 46
74 85 45
74 86 54
74 87 58
74 88 49
74 89 47
74 90 54
74 91 40
74 92 55
74 93 44
74 94 43
74 95 54
74 96 45
74 97 45
74 98 39
74 99 36
74 100 62
74 101 49
74 102 54
74 103 52
74 104 63
74 105 45
74 106 48
74 107 48
74 108 68
74 109 50
74 110 52
74 111 58
74 112 48
74 113 55
74 114 50
74 115 49
74 116 46
74 117 42
74 118 47
74 119 47
74 120 48
74 121 53
74 122 48
74 123 46
74 124 56
74 125 52
74 126 44
74 127 44
74 128 54
74 129 64
74 130 43
74 131 56
74 132 63
74 133 54
74 134 48
74 135 45
74 136 54
74 137 44
74 138 51
74 139 55
74 140 50
74 141 42
74 142 35
74 143 36
74 144 55
74 145 60
74 146 49
74 147 55
74 148 43
74 149 59
75 0 43
75 1 49
75 2 57
75 3 55
75 4 57
75 5 47
75 6 45
75 7 48
75 8 52
75 9 52
75 10 46
75 11 49
75 12 53
75 13 52
75 14 54
75 15 49
75 16 61
75 17 48
75 18 41
75 19 39
75 20 50
75 21 53
75 22 55
75 23 62
75 24 44
75 25 42
75 26 54
75 27 54
75 28 49
75 29 51
75 30 48
75 31 52
75 32 49
75 33 40
75 34 48
75 35 51
75 36 59
75 37 45
75 38 46
75 39 47
75 40 46
75 41 51
75 42 37
75 43 38
75 44 56
75 45 51
75 46 58
75 47 56
75 48 53
75 49 46
75 50 50
75 51 58
75 52 43
75 53 51
75 54 43
75 55 54
75 56 52
75 57 57
75 58 43
75 59 61
75 60 49
75 61 38
75 62 62
75 63 43
75 64 48
75 65 54
75 66 50
75 67 43
75 68 46
75 69 61
75 70 53
75 71 42
75 72 48
75 73 49
75 74 57
75 75 51
75 76 47
75 77 39
75 78 47
75 79 56
75 80 43
75 81 38
75 82 39
75 83 55
75 84 42
75 85 56
75 86 53
75 87 59
75 88 48
75 89 56
75 90 53
75 91 54
75 92 41
75 93 46
75 94 52
75 95 47
75 96 44
75 97 56
75 98 54
75 99 62
75 100 49
75 101 43
75 102 49
75 103 45
75 104 52
75 105 51
75 106 42
75 107 45
75 108 63
75 109 52
75 110 52
75 111 39
75 112 55
75 113 52
75 114 56
75 115 44
75 116 53
75 117 50
75 118 42
75 119 46
75 120 58
75 121 45
75 122 55
75 123 54
75 124 41
75 125 54
75 126 47
75 127 59
75 128 50
75 129 54
75 130 64
75 131 38
75 132 62
75 133 39
75 134 54
75 135 55
75 136 50
75 137 56
75 138 49
75 139 60
75 140 47
75 141 58
75 142 48
75 143 54
75 144 54
75 145 53
75 146 51
75 147 61
75 148 64
75 149 59
76 0 48
76 1 47
76 2 55
76 3 56
76 4 58
76 5 56
76 6 56
76 7 40
76 8 51
76 9 61
76 10 55
76 11 63
76 12 47
76 13 53
76 14 47
76 15 48
76 16 39
76 17 63
76 18 50
76 19 44
76 20 51
76 21 48
76 22 54
76 23 48
76 24 54
76 25 46
76 26 41
76 27 52
76 28 46
76 29 39
76 30 52
76 31 39
76 32 46
76 33 47
76 34 55
76 35 46
76 36 57
76 37 49
76 38 41
76 39 53
76 40 49
76 41 48
76 42 48
76 43 55
76 44 49
76 45 49
76 46 47
76 47 39
76 48 38
76 49 55
76 50 48
76 51 45
76 52 60
76 53 49
76 54 59
76 55 49
76 56 56
76 57 52
76 58 45
76 59 60
76 60 54
76 61 54
76 62 53
76 63 49
76 64 40
76 65 53
76 66 49
76 67 44
76 68 48
76 69 64
76 70 59
76 71 40
76 72 40
76 73 50
76 74 48
76 75 60
76 76 53
76 77 46
76 78 54
76 79 47
76 80 55
76 81 37
76 82 46
76 83 73
76 84 51
76 85 48
76 86 56
76 87 42
76 88 42
76 89 51
76 90 51
76 91 49
76 92 63
76 93 52
76 94 54
76 95 45
76 96 39
76 97 48
76 98 46
76 99 35
76 100 48
76 101 63
76 102 58
76 103 51
76 104 42
76 105 58
76 106 48
76 107 55
76 108 49
76 109 58
76 110 44
76 111 61
76 112 50
76 113 48
76 114 69
76 115 40
76 116 61
76 117 66
76 118 52
76 119 46
76 120 50
76 121 57
76 122 57
76 123 52
76 124 54
76 125 58
76 126 44
76 127 56
76 128 46
76 129 45
76 130 48
76 131 66
76 132 50
76 133 66
76 134 64
76 135 48
76 136 49
76 137 54
76 138 54
76 139 58
76 140 50
76 141 62
76 142 52
76 143 51
76 144 50
76 145 45
76 146 57
76 147 48
76 148 53
76 149 43
77 0 43
77 1 49
77 2 53
77 3 50
77 4 36
77 5 53
77 6 40
77 7 62
77 8 45
77 9 44
77 10 42
77 11 50
77 12 48
77 13 53
77 14 46
77 15 63
77 16 54
77 17 42
77 18 64
77 19 55
77 20 49
77 21 47
77 22 39
77 23 51
77 24 51
77 25 54
77 26 68
77 27 50
77 28 50
77 29 48
77 30 42
77 31 49
77 32 50
77 33 63
77 34 56
77 35 43
77 36 49
77 37 50
77 38 57
77 39 38
77 40 59
77 41 52
77 42 50
77 43 59
77 44 55
77 45 72
77 46 48
77 47 48
77 48 53
77 49 57
77 50 35
77 51 54
77 52 47
77 53 48
77 54 56
77 55 49
77 56 48
77 57 41
77 58 59
77 59 55
77 60 51
77 61 51
77 62 52
77 63 54
77 64 49
77 65 49
77 66 57
77 67 45
77 68 51
77 69 48
77 70 46
77 71 59
77 72 51
77 73 34
77 74 50
77 75 45
77 76 46
77 77 57
77 78 53
77 79 43
77 80 39
77 81 44
77 82 46
77 83 54
77 84 60
77 85 44
77 86 55
77 87 46
77 88 39
77 89 46
77 90 46
77 91 50
77 92 37
77 93 47
77 94 45
77 95 39
77 96 54
77 97 54
77 98 54
77 99 54
77 100 50
77 101 55
77 102 57
77 103 43
77 104 42
77 105 54
77 106 39
77 107 33
77 108 42
77 109 49
77 110 56
77 111 49
77 112 41
77 113 57
77 114 45
77 115 53
77 116 50
77 117 64
77 118 43
77 119 54
77 120 48
77 121 54
77 122 50
77 123 59
77 124 51
77 125 51
77 126 44
77 127 58
77 128 44
77 129 47
77 130 54
77 131 57
77 132 61
77 133 33
77 134 71
77 135 36
77 136 45
77 137 49
77 138 57
77 139 48
77 140 45
77 141 45
77 142 56
77 143 46
77 144 52
77 145 63
77 146 59
77 147 50
77 148 46
77 149 44
78 0 56
78 1 63
78 2 61
78 3 61
78 4 48
78 5 56
78 6 57
78 7 49
78 8 63
78 9 49
78 10 51
78 11 52
78 12 45
78 13 60
78 14 55
78 15 53
78 16 53
78 17 61
78 18 37
78 19 43
78 20 49
78 21 50
78 22 52
78 23 56
78 24 41
78 25 40
78 26 57
78 27 38
78 28 46
78 29 47
78 30 52
78 31 59
78 32 68
78 33 52
78 34 39
78 35 52
78 36 51
78 37 64
78 38 50
78 39 58
78 40 50
78 41 58
78 42 58
78 43 60
78 44 50
78 45 34
78 46 53
78 47 54
78 48 54
78 49 49
78 50 52
78 51 44
78 52 44
78 53 53
78 54 39
78 55 52
78 56 49
78 57 50
78 58 54
78 59 46
78 60 52
78 61 40
78 62 48
78 63 42
78 64 50
78 65 43
78 66 47
78 67 51
78 68 43
78 69 39
78 70 45
78 71 62
78 72 44
78 73 57
78 74 42
78 75 45
78 76 46
78 77 58
78 78 58
78 79 51
78 80 53
78 81 43
78 82 34
78 83 49
78 84 47
78 85 53
78 86 46
78 87 41
78 88 57
78 89 51
78 90 37
78 91 39
78 92 51
78 93 44
78 94 46
78 95 61
78 96 46
78 97 46
78 98 57
78 99 48
78 100 48
78 101 55
78 102 40
78 103 46
78 104 46
78 105 42
78 106 51
78 107 45
78 108 47
78 109 42
78 110 41
78 111 53
78 112 63
78 113 54
78 114 58
78 115 53
78 116 52
78 117 52
78 118 46
78 119 47
78 120 53
78 121 48
78 122 56
78 123 39
78 124 48
78 125 45
78 126 58
78 127 40
78 128 51
78 129 56
78 130 45
78 131 53
78 132 48
78 133 48
78 134 53
78 135 40
78 136 51
78 137 52
78 138 38
78 139 55
78 140 52
78 141 46
78 142 52
78 143 54
78 144 42
78 145 50
78 146 56
78 147 58
78 148 55
78 149 49
79 0 45
79 1 59
79 2 48
79 3 49
79 4 36
79 5 57
79 6 51
79 7 49
79 8 46
79 9 49
79 10 53
79 11 51
79 12 46
79 13 46
79 14 44
79 15 47
79 16 46
79 17 54
79 18 51
79 19 40
79 20 40
79 21 49
79 22 62
79 23 45
79 24 38
79 25 50
79 26 45
79 27 43
79 28 60
79 29 46
79 30 58
79 31 47
79 32 61
79 33 60
79 34 37
79 35 51
79 36 64
79 37 45
79 38 51
79 39 49
79 40 56
79 41 42
79 42 48
79 43 49
79 44 63
79 45 42
79 46 58
79 47 43
79 48 57
79 49 53
79 50 45
79 51 50
79 52 45
79 53 49
79 54 56
79 55 54
79 56 77
79 57 51
79 58 57
79 59 52
79 60 56
79 61 60
79 62 43
79 63 34
79 64 63
79 65 56
79 66 49
79 67 44
79 68 57
79 69 56
79 70 55
79 71 45
79 72 59
79 73 46
79 74 55
79 75 40
79 76 47
79 77 55
79 78 42
79 79 51
79 80 59
79 81 62
79 82 52
79 83 48
79 84 46
79 85 43
79 86 49
79 87 45
79 88 41
79 89 43
79 90 57
79 91 54
79 92 48
79 93 46
79 94 53
79 95 66
79 96 45
79 97 55
79 98 52
79 99 58
79 100 45
79 101 53
79 102 60
79 103 58
79 104 57
79 105 41
79 106 34
79 107 46
79 108 53
79 109 48
79 110 51
79 111 57
79 112 51
79 113 44
79 114 43
79 115 71
79 116 55
79 117 46
79 118 55
79 119 51
79 120 50
79 121 59
79 122 50
79 123 47
79 124 59
79 125 54
79 126 41
79 127 50
79 128 37
79 129 47
79 130 45
79 131 50
79 132 63
79 133 43
79 134 50
79 135 47
79 136 40
79 137 49
79 138 63
79 139 54
79 140 50
79 141 49
79 142 50
79 143 63
79 144 52
79 145 54
79 146 44
79 147 50
79 148 52
79 149 52
80 0 52
80 1 55
80 2 54
80 3 43
80 4 48
80 5 45
80 6 53
80 7 44
80 8 41
80 9 42
80 10 43
80 11 52
80 12 45
80 13 55
80 14 45
80 15 45
80 16 48
80 17 59
80 18 39
80 19 55
80 20 54
80 21 45
80 22 45
80 23 58
80 24 45
80 25 54
80 26 51
80 27 41
80 28 53
80 29 43
80 30 50
80 31 35
80 32 47
80 33 46
80 34 43
80 35 36
80 36 61
80 37 60
80 38 51
80 39 43
80 40 44
80 41 48
80 42 65
80 43 54
80 44 45
80 45 60
80 46 51
80 47 51
80 48 56
80 49 56
80 50 46
80 51 50
80 52 34
80 53 54
80 54 51
80 55 51
80 56 41
80 57 46
80 58 50
80 59 47
80 60 49
80 61 51
80 62 59
80 63 46
80 64 54
80 65 45
80 66 57
80 67 60
80 68 53
80 69 52
80 70 52
80 71 48
80 72 59
80 73 49
80 74 55
80 75 47
80 76 43
80 77 50
80 78 48
80 79 42
80 80 55
80 81 49
80 82 48
80 83 48
80 84 49
80 85 40
80 86 48
80 87 52
80 88 49
80 89 52
80 90 49
80 91 50
80 92 45
80 93 53
80 94 42
80 95 48
80 96 52
80 97 55
80 98 52
80 99 60
80 100 36
80 101 52
80 102 46
80 103 56
80 104 49
80 105 48
80 106 60
80 107 44
80 108 46
80 109 52
80 110 57
80 111 45
80 112 55
80 113 34
80 114 43
80 115 55
80 116 48
80 117 57
80 118 42
80 119 42
80 120 54
80 121 52
80 122 57
80 123 51
80 124 56
80 125 63
80 126 42
80 127 59
80 128 49
80 129 46
80 130 67
80 131 55
80 132 53
80 133 50
80 134 46
80 135 58
80 136 40
80 137 47
80 138 55
80 139 45
80 140 48
80 141 54
80 142 54
80 143 62
80 144 43
80 145 40
80 146 54
80 147 45
80 148 52
80 149 42
81 0 55
81 1 61
81 2 46
81 3 35
81 4 44
81 5 52
81 6 53
81 7 42
81 8 55
81 9 42
81 10 59
81 11 43
81 12 64
81 13 44
81 14 43
81 15 59
81 16 38
81 17 49
81 18 52
81 19 44
81 20 42
81 21 40
81 22 53
81 23 40
81 24 50
81 25 42
81 26 54
81 27 43
81 28 35
81 29 44
81 30 40
81 31 48
81 32 67
81 33 56
81 34 43
81 35 46
81 36 46
81 37 56
81 38 45
81 39 30
81 40 46
81 41 52
81 42 62
81 43 49
81 44 43
81 45 51
81 46 32
81 47 44
81 48 66
81 49 54
81 50 46
81 51 49
81 52 51
81 53 41
81 54 36
81 55 48
81 56 33
81 57 40
81 58 57
81 59 65
81 60 62
81 61 57
81 62 47
81 63 51
81 64 54
81 65 46
81 66 50
81 67 70
81 68 58
81 69 48
81 70 47
81 71 40
81 72 58
81 73 46
81 74 55
81 75 53
81 76 48
81 77 44
81 78 49
81 79 46
81 80 45
81 81 51
81 82 51
81 83 54
81 84 31
81 85 41
81 86 38
81 87 51
81 88 52
81 89 54
81 90 48
81 91 41
81 92 53
81 93 49
81 94 35
81 95 61
81 96 52
81 97 36
81 98 56
81 99 61
81 100 43
81 101 52
81 102 46
81 103 46
81 104 48
81 105 42
81 106 38
81 107 38
81 108 46
81 109 40
81 110 46
81 111 50
81 112 33
81 113 42
81 114 38
81 115 52
81 116 53
81 117 46
81 118 46
81 119 54
81 120 50
81 121 38
81 122 37
81 123 56
81 124 48
81 125 44
81 126 48
81 127 57
81 128 63
81 129 40
81 130 55
81 131 57
81 132 38
81 133 62
81 134 43
81 135 43
81 136 52
81 137 54
81 138 42
81 139 46
81 140 52
81 141 51
81 142 51
81 143 49
81 144 51
81 145 49
81 146 56
81 147 52
81 148 59
81 149 29
82 0 38
82 1 52
82 2 49
82 3 49
82 4 54
82 5 50
82 6 39
82 7 66
82 8 61
82 9 52
82 10 49
82 11 61
82 12 60
82 13 58
82 14 48
82 15 50
82 16 54
82 17 49
82 18 56
82 19 56
82 20 53
82 21 49
82 22 48
82 23 68
82 24 48
82 25 53
82 26 57
82 27 51
82 28 46
82 29 41
82 30 46
82 31 58
82 32 47
82 33 52
82 34 41
82 35 47
82 36 60
82 37 42
82 38 42
82 39 44
82 40 41
82 41 51
82 42 46
82 43 49
82 44 36
82 45 69
82 46 47
82 47 42
82 48 43
82 49 48
82 50 48
82 51 43
82 52 46
82 53 53
82 54 53
82 55 46
82 56 50
82 57 48
82 58 57
82 59 48
82 60 61
82 61 45
82 62 57
82 63 59
82 64 52
82 65 40
82 66 53
82 67 55
82 68 44
82 69 50
82 70 34
82 71 44
82 72 60
82 73 46
82 74 47
82 75 45
82 76 46
82 77 40
82 78 37
82 79 54
82 80 41
82 81 44
82 82 41
82 83 57
82 84 49
82 85 43
82 86 47
82 87 54
82 88 45
82 89 54
82 90 55
82 91 54
82 92 48
82 93 49
82 94 60
82 95 42
82 96 52
82 97 42
82 98 50
82 99 54
82 100 51
82 101 45
82 102 52
82 103 47
82 104 67
82 105 42
82 106 52
82 107 47
82 108 42
82 109 50
82 110 42
82 111 45
82 112 45
82 113 49
82 114 44
82 115 43
82 116 46
82 117 38
82 118 51
82 119 39
82 120 49
82 121 64
82 122 51
82 123 39
82 124 51
82 125 59
82 126 37
82 127 48
82 128 40
82 129 53
82 130 49
82 131 40
82 132 49
82 133 37
82 134 35
82 135 39
82 136 48
82 137 54
82 138 48
82 139 49
82 140 45
82 141 46
82 142 52
82 143 35
82 144 45
82 145 36
82 146 59
82 147 54
82 148 46
82 149 52
83 0 42
83 1 61
83 2 41
83 3 54
83 4 39
83 5 54
83 6 47
83 7 41
83 8 37
83 9 47
83 10 47
83 11 40
83 12 45
83 13 52
83 14 48
83 15 51
83 16 40
83 17 70
83 18 46
83 19 58
83 20 44
83 21 52
83 22 53
83 23 51
83 24 41
83 25 47
83 26 45
83 27 36
83 28 49
83 29 43
83 30 58
83 31 44
83 32 44
83 33 52
83 34 56
83 35 50
83 36 47
83 37 49
83 38 49
83 39 50
83 40 56
83 41 48
83 42 48
83 43 53
83 44 46
83 45 49
83 46 42
83 47 57
83 48 55
83 49 43
83 50 45
83 51 40
83 52 43
83 53 53
83 54 52
83 55 43
83 56 42
83 57 54
83 58 55
83 59 41
83 60 45
83 61 58
83 62 53
83 63 41
83 64 50
83 65 50
83 66 44
83 67 46
83 68 52
83 69 46
83 70 56
83 71 46
83 72 41
83 73 57
83 74 58
83 75 44
83 76 41
83 77 48
83 78 39
83 79 56
83 80 38
83 81 39
83 82 49
83 83 49
83 84 53
83 85 45
83 86 62
83 87 40
83 88 60
83 89 36
83 90 51
83 91 45
83 92 47
83 93 41
83 94 55
83 95 45
83 96 38
83 97 58
83 98 45
83 99 62
83 100 47
83 101 46
83 102 55
83 103 41
83 104 48
83 105 54
83 106 47
83 107 53
83 108 62
83 109 51
83 110 56
83 111 66
83 112 51
83 113 56
83 114 49
83 115 57
83 116 44
83 117 45
83 118 42
83 119 43
83 120 43
83 121 46
83 122 53
83 123 58
83 124 43
83 125 48
83 126 55
83 127 52
83 128 44
83 129 33
83 130 61
83 131 50
83 132 44
83 133 58
83 134 39
83 135 55
83 136 47
83 137 67
83 138 58
83 139 38
83 140 47
83 141 42
83 142 38
83 143 47
83 144 50
83 145 49
83 146 50
83 147 45
83 148 48
83 149 44
84 0 45
84 1 65
84 2 41
84 3 46
84 4 40
84 5 49
84 6 31
84 7 52
84 8 55
84 9 45
84 10 48
84 11 49
84 12 56
84 13 45
84 14 46
84 15 44
84 16 48
84 17 47
84 18 48
84 19 42
84 20 59
84 21 31
84 22 49
84 23 47
84 24 55
84 25 47
84 26 53
84 27 49
84 28 51
84 29 41
84 30 52
84 31 35
84 32 44
84 33 45
84 34 45
84 35 51
84 36 42
84 37 49
84 38 46
84 39 36
84 40 46
84 41 45
84 42 53
84 43 54
84 44 53
84 45 53
84 46 46
84 47 48
84 48 49
84 49 48
84 50 39
84 51 45
84 52 44
84 53 51
84 54 45
84 55 56
84 56 43
84 57 53
84 58 50
84 59 47
84 60 50
84 61 50
84 62 46
84 63 46
84 64 50
84 65 39
84 66 43
84 67 46
84 68 42
84 69 46
84 70 45
84 71 40
84 72 53
84 73 34
84 74 35
84 75 44
84 76 44
84 77 40
84 78 47
84 79 61
84 80 49
84 81 45
84 82 50
84 83 31
84 84 48
84 85 55
84 86 47
84 87 48
84 88 48
84 89 48
84 90 50
84 91 46
84 92 38
84 93 54
84 94 48
84 95 51
84 96 42
84 97 49
84 98 38
84 99 48
84 100 42
84 101 41
84 102 52
84 103 52
84 104 45
84 105 52
84 106 50
84 107 49
84 108 49
84 109 42
84 110 61
84 111 68
84 112 61
84 113 54
84 114 48
84 115 49
84 116 49
84 117 45
84 118 63
84 119 48
84 120 49
84 121 43
84 122 50
84 123 55
84 124 44
84 125 50
84 126 42
84 127 47
84 128 40
84 129 48
84 130 43
84 131 44
84 132 45
84 133 42
84 134 42
84 135 45
84 136 39
84 137 58
84 138 40
84 139 41
84 140 50
84 141 42
84 142 51
84 143 43
84 144 46
84 145 54
84 146 45
84 147 53
84 148 55
84 149 45
85 0 46
85 1 41
85 2 38
85 3 38
85 4 48
85 5 48
85 6 56
85 7 58
85 8 54
85 9 55
85 10 52
85 11 45
85 12 43
85 13 48
85 14 41
85 15 55
85 16 48
85 17 62
85 18 52
85 19 49
85 20 50
85 21 36
85 22 53
85 23 60
85 24 56
85 25 50
85 26 43
85 27 49
85 28 36
85 29 50
85 30 43
85 31 35
85 32 50
85 33 55
85 34 52
85 35 51
85 36 47
85 37 47
85 38 51
85 39 48
85 40 38
85 41 38
85 42 55
85 43 57
85 44 50
85 45 46
85 46 50
85 47 42
85 48 47
85 49 54
85 50 58
85 51 46
85 52 39
85 53 54
85 54 50
85 55 47
85 56 43
85 57 45
85 58 38
85 59 57
85 60 54
85 61 53
85 62 39
85 63 52
85 64 49
85 65 49
85 66 58
85 67 45
85 68 50
85 69 39
85 70 41
85 71 40
85 72 57
85 73 54
85 74 61
85 75 44
85 76 48
85 77 40
85 78 49
85 79 41
85 80 36
85 81 56
85 82 43
85 83 61
85 84 51
85 85 43
85 86 36
85 87 57
85 88 58
85 89 58
85 90 41
85 91 40
85 92 52
85 93 36
85 94 46
85 95 57
85 96 47
85 97 38
85 98 39
85 99 44
85 100 49
85 101 36
85 102 52
85 103 43
85 104 35
85 105 53
85 106 50
85 107 46
85 108 48
85 109 53
85 110 42
85 111 39
85 112 43
85 113 54
85 114 48
85 115 44
85 116 60
85 117 47
85 118 55
85 119 43
85 120 53
85 121 46
85 122 50
85 123 54
85 124 46
85 125 37
85 126 42
85 127 52
85 128 58
85 129 53
85 130 51
85 131 47
85 132 53
85 133 44
85 134 41
85 135 46
85 136 35
85 137 56
85 138 40
85 139 42
85 140 40
85 141 45
85 142 52
85 143 58
85 144 50
85 145 35
85 146 47
85 147 45
85 148 47
85 149 54
86 0 49
86 1 42
86 2 49
86 3 45
86 4 33
86 5 55
86 6 40
86 7 33
86 8 41
86 9 47
86 10 50
86 11 53
86 12 61
86 13 45
86 14 53
86 15 43
86 16 45
86 17 51
86 18 61
86 19 45
86 20 50
86 21 41
86 22 51
86 23 51
86 24 47
86 25 43
86 26 46
86 27 63
86 28 49
86 29 59
86 30 48
86 31 53
86 32 51
86 33 50
86 34 42
86 35 45
86 36 40
86 37 44
86 38 36
86 39 52
86 40 44
86 41 41
86 42 35
86 43 55
86 44 41
86 45 47
86 46 38
86 47 44
86 48 53
86 49 50
86 50 50
86 51 39
86 52 39
86 53 42
86 54 44
86 55 50
86 56 48
86 57 48
86 58 49
86 59 43
86 60 37
86 61 43
86 62 51
86 63 48
86 64 48
86 65 45
86 66 52
86 67 42
86 68 49
86 69 60
86 70 44
86 71 55
86 72 60
86 73 52
86 74 45
86 75 52
86 76 46
86 77 41
86 78 57
86 79 50
86 80 50
86 81 44
86 82 39
86 83 44
86 84 56
86 85 53
86 86 47
86 87 50
86 88 63
86 89 43
86 90 57
86 91 44
86 92 50
86 93 50
86 94 53
86 95 46
86 96 45
86 97 56
86 98 53
86 99 44
86 100 49
86 101 60
86 102 60
86 103 62
86 104 47
86 105 51
86 106 32
86 107 51
86 108 45
86 109 46
86 110 40
86 111 49
86 112 53
86 113 57
86 114 48
86 115 42
86 116 43
86 117 56
86 118 67
86 119 46
86 120 64
86 121 47
86 122 44
86 123 58
86 124 48
86 125 55
86 126 48
86 127 34
86 128 36
86 129 46
86 130 41
86 131 45
86 132 42
86 133 39
86 134 45
86 135 50
86 136 54
86 137 37
86 138 44
86 139 51
86 140 57
86 141 54
86 142 48
86 143 51
86 144 50
86 145 54
86 146 49
86 147 53
86 148 44
86 149 45
87 0 51
87 1 40
87 2 49
87 3 53
87 4 52
87 5 44
87 6 52
87 7 48
87 8 44
87 9 49
87 10 39
87 11 47
87 12 40
87 13 48
87 14 43
87 15 37
87 16 43
87 17 31
87 18 42
87 19 41
87 20 47
87 21 50
87 22 52
87 23 58
87 24 45
87 25 61
87 26 48
87 27 42
87 28 47
87 29 49
87 30 46
87 31 47
87 32 52
87 33 48
87 34 44
87 35 45
87 36 50
87 37 53
87 38 36
87 39 45
87 40 48
87 41 47
87 42 45
87 43 56
87 44 56
87 45 45
87 46 43
87 47 57
87 48 50
87 49 34
87 50 55
87 51 65
87 52 45
87 53 54
87 54 51
87 55 41
87 56 50
87 57 50
87 58 52
87 59 47
87 60 57
87 61 42
87 62 53
87 63 56
87 64 50
87 65 43
87 66 37
87 67 46
87 68 39
87 69 53
87 70 51
87 71 48
87 72 43
87 73 52
87 74 46
87 75 48
87 76 60
87 77 40
87 78 53
87 79 55
87 80 43
87 81 44
87 82 50
87 83 46
87 84 45
87 85 56
87 86 53
87 87 42
87 88 54
87 89 46
87 90 50
87 91 40
87 92 56
87 93 35
87 94 42
87 95 44
87 96 58
87 97 51
87 98 45
87 99 58
87 100 60
87 101 40
87 102 48
87 103 39
87 104 42
87 105 53
87 106 64
87 107 44
87 108 55
87 109 47
87 110 56
87 111 51
87 112 54
87 113 50
87 114 41
87 115 55
87 116 48
87 117 66
87 118 61
87 119 35
87 120 44
87 121 54
87 122 47
87 123 48
87 124 45
87 125 59
87 126 42
87 127 62
87 128 43
87 129 52
87 130 45
87 131 39
87 132 53
87 133 33
87 134 39
87 135 37
87 136 51
87 137 45
87 138 37
87 139 45
87 140 48
87 141 40
87 142 39
87 143 40
87 144 56
87 145 40
87 146 38
87 147 56
87 148 52
87 149 52
88 0 41
88 1 55
88 2 48
88 3 43
88 4 57
88 5 33
88 6 48
88 7 48
88 8 42
88 9 58
88 10 51
88 11 38
88 12 52
88 13 42
88 14 49
88 15 34
88 16 43
88 17 53
88 18 59
88 19 46
88 20 45
88 21 51
88 22 51
88 23 47
88 24 43
88 25 54
88 26 55
88 27 50
88 28 46
88 29 49
88 30 55
88 31 53
88 32 46
88 33 56
88 34 40
88 35 45
88 36 40
88 37 48
88 38 62
88 39 42
88 40 44
88 41 36
88 42 58
88 43 48
88 44 42
88 45 42
88 46 55
88 47 46
88 48 41
88 49 51
88 50 44
88 51 41
88 52 47
88 53 46
88 54 39
88 55 39
88 56 45
88 57 53
88 58 65
88 59 60
88 60 47
88 61 47
88 62 50
88 63 49
88 64 46
88 65 48
88 66 47
88 67 54
88 68 49
88 69 50
88 70 55
88 71 50
88 72 39
88 73 48
88 74 42
88 75 57
88 76 49
88 77 31
88 78 47
88 79 48
88 80 42
88 81 42
88 82 58
88 83 56
88 84 44
88 85 42
88 86 48
88 87 46
88 88 50
88 89 43
88 90 53
88 91 42
88 92 43
88 93 51
88 94 46
88 95 43
88 96 42
88 97 40
88 98 51
88 99 51
88 100 42
88 101 44
88 102 50
88 103 54
88 104 45
88 105 52
88 106 40
88 107 53
88 108 42
88 109 39
88 110 51
88 111 46
88 112 48
88 113 48
88 114 64
88 115 53
88 116 40
88 117 49
88 118 52
88 119 53
88 120 59
88 121 49
88 122 43
88 123 47
88 124 51
88 125 40
88 126 43
88 127 45
88 128 39
88 129 48
88 130 47
88 131 50
88 132 52
88 133 52
88 134 38
88 135 51
88 136 61
88 137 54
88 138 37
88 139 43
88 140 47
88 141 36
88 142 43
88 143 41
88 144 39
88 145 42
88 146 54
88 147 46
88 148 39
88 149 41
89 0 51
89 1 48
89 2 40
89 3 50
89 4 40
89 5 33
89 6 58
89 7 56
89 8 53
89 9 36
89 10 40
89 11 44
89 12 48
89 13 36
89 14 39
89 15 46
89 16 61
89 17 50
89 18 41
89 19 53
89 20 45
89 21 49
89 22 51
89 23 52
89 24 31
89 25 48
89 26 46
89 27 37
89 28 49
89 29 42
89 30 61
89 31 40
89 32 45
89 33 49
89 34 50
89 35 44
89 36 51
89 37 53
89 38 51
89 39 65
89 40 58
89 41 54
89 42 39
89 43 48
89 44 42
89 45 41
89 46 45
89 47 40
89 48 38
89 49 47
89 50 38
89 51 41
89 52 45
89 53 43
89 54 49
89 55 53
89 56 48
89 57 59
89 58 51
89 59 56
89 60 41
89 61 47
89 62 55
89 63 35
89 64 44
89 65 54
89 66 48
89 67 47
89 68 47
89 69 50
89 70 61
89 71 43
89 72 54
89 73 47
89 74 54
89 75 52
89 76 48
89 77 57
89 78 42
89 79 58
89 80 40
89 81 41
89 82 43
89 83 38
89 84 54
89 85 43
89 86 49
89 87 52
89 88 57
89 89 39
89 90 58
89 91 36
89 92 50
89 93 67
89 94 60
89 95 55
89 96 49
89 97 44
89 98 44
89 99 39
89 100 49
89 101 51
89 102 62
89 103 50
89 104 41
89 105 44
89 106 47
89 107 47
89 108 54
89 109 54
89 110 55
89 111 48
89 112 50
89 113 50
89 114 55
89 115 68
89 116 48
89 117 47
89 118 47
89 119 51
89 120 49
89 121 51
89 122 53
89 123 41
89 124 49
89 125 37
89 126 44
89 127 59
89 128 44
89 129 59
89 130 53
89 131 42
89 132 44
89 133 41
89 134 58
89 135 47
89 136 44
89 137 34
89 138 48
89 139 49
89 140 41
89 141 46
89 142 52
89 143 36
89 144 27
89 145 54
89 146 52
89 147 48
89 148 37
89 149 49
90 0 42
90 1 50
90 2 48
90 3 54
90 4 44
90 5 38
90 6 45
90 7 52
90 8 43
90 9 54
90 10 36
90 11 44
90 12 54
90 13 44
90 14 56
90 15 47
90 16 48
90 17 43
90 18 52
90 19 48
90 20 52
90 21 47
90 22 56
90 23 49
90 24 40
90 25 51
90 26 44
90 27 46
90 28 37
90 29 62
90 30 57
90 31 48
90 32 43
90 33 41
90 34 55
90 35 60
90 36 53
90 37 48
90 38 44
90 39 51
90 40 53
90 41 50
90 42 44
90 43 49
90 44 46
90 45 49
90 46 45
90 47 55
90 48 44
90 49 48
90 50 36
90 51 47
90 52 42
90 53 41
90 54 49
90 55 42
90 56 48
90 57 53
90 58 37
90 59 42
90 60 51
90 61 46
90 62 53
90 63 44
90 64 39
90 65 43
90 66 46
90 67 49
90 68 46
90 69 52
90 70 53
90 71 43
90 72 53
90 73 57
90 74 30
90 75 39
90 76 42
90 77 51
90 78 51
90 79 48
90 80 47
90 81 51
90 82 51
90 83 39
90 84 42
90 85 41
90 86 42
90 87 33
90 88 38
90 89 41
90 90 52
90 91 41
90 92 45
90 93 44
90 94 57
90 95 40
90 96 57
90 97 46
90 98 44
90 99 39
90 100 51
90 101 54
90 102 61
90 103 38
90 104 45
90 105 43
90 106 49
90 107 61
90 108 47
90 109 47
90 110 46
90 111 47
90 112 49
90 113 51
90 114 50
90 115 49
90 116 49
90 117 56
90 118 34
90 119 65
90 120 44
90 121 48
90 122 41
90 123 57
90 124 46
90 125 48
90 126 39
90 127 52
90 128 58
90 129 54
90 130 52
90 131 47
90 132 60
90 133 45
90 134 40
90 135 36
90 136 47
90 137 48
90 138 47
90 139 36
90 140 44
90 141 43
90 142 52
90 143 43
90 144 42
90 145 58
90 146 47
90 147 46
90 148 53
90 149 45
91 0 46
91 1 51
91 2 42
91 3 37
91 4 40
91 5 42
91 6 40
91 7 48
91 8 32
91 9 42
91 10 35
91 11 44
91 12 53
91 13 46
91 14 58
91 15 48
91 16 52
91 17 61
91 18 49
91 19 44
91 20 56
91 21 53
91 22 57
91 23 39
91 24 54
91 25 55
91 26 46
91 27 51
91 28 53
91 29 58
91 30 44
91 31 40
91 32 40
91 33 43
91 34 48
91 35 45
91 36 56
91 37 47
91 38 49
91 39 53
91 40 45
91 41 53
91 42 46
91 43 59
91 44 50
91 45 54
91 46 59
91 47 42
91 48 41
91 49 41
91 50 45
91 51 43
91 52 47
91 53 48
91 54 53
91 55 45
91 56 46
91 57 50
91 58 47
91 59 57
91 60 45
91 61 48
91 62 40
91 63 36
91 64 39
91 65 52
91 66 63
91 67 51
91 68 46
91 69 54
91 70 44
91 71 51
91 72 36
91 73 52
91 74 50
91 75 42
91 76 51
91 77 36
91 78 45
91 79 51
91 80 52
91 81 54
91 82 61
91 83 37
91 84 54
91 85 46
91 86 51
91 87 42
91 88 44
91 89 47
91 90 43
91 91 47
91 92 35
91 93 45
91 94 55
91 95 47
91 96 37
91 97 57
91 98 64
91 99 47
91 100 40
91 101 52
91 102 41
91 103 48
91 104 53
91 105 49
91 106 52
91 107 40
91 108 42
91 109 61
91 110 47
91 111 47
91 112 45
91 113 54
91 114 46
91 115 53
91 116 46
91 117 44
91 118 48
91 119 49
91 120 37
91 121 51
91 122 50
91 123 61
91 124 50
91 125 40
91 126 51
91 127 45
91 128 52
91 129 47
91 130 54
91 131 44
91 132 52
91 133 44
91 134 43
91 135 48
91 136 55
91 137 46
91 138 42
91 139 47
91 140 57
91 141 42
91 142 42
91 143 47
91 144 58
91 145 37
91 146 30
91 147 48
91 148 60
91 149 48
92 0 43
92 1 38
92 2 49
92 3 46
92 4 48
92 5 46
92 6 37
92 7 60
92 8 49
92 9 50
92 10 44
92 11 47
92 12 41
92 13 57
92 14 62
92 15 52
92 16 39
92 17 52
92 18 46
92 19 51
92 20 47
92 21 50
92 22 42
92 23 47
92 24 43
92 25 59
92 26 49
92 27 51
92 28 48
92 29 53
92 30 63
92 31 44
92 32 50
92 33 40
92 34 52
92 35 49
92 36 41
92 37 42
92 38 51
92 39 49
92 40 33
92 41 45
92 42 56
92 43 32
92 44 35
92 45 50
92 46 34
92 47 52
92 48 39
92 49 59
92 50 59
92 51 46
92 52 40
92 53 43
92 54 38
92 55 51
92 56 50
92 57 53
92 58 41
92 59 39
92 60 62
92 61 32
92 62 53
92 63 48
92 64 56
92 65 61
92 66 58
92 67 43
92 68 48
92 69 47
92 70 48
92 71 43
92 72 51
92 73 43
92 74 49
92 75 52
92 76 48
92 77 42
92 78 49
92 79 51
92 80 46
92 81 41
92 82 47
92 83 45
92 84 60
92 85 48
92 86 53
92 87 43
92 88 41
92 89 44
92 90 48
92 91 53
92 92 37
92 93 56
92 94 54
92 95 39
92 96 48
92 97 55
92 98 53
92 99 52
92 100 45
92 101 50
92 102 50
92 103 53
92 104 39
92 105 49
92 106 46
92 107 37
92 108 50
92 109 63
92 110 42
92 111 50
92 112 63
92 113 59
92 114 41
92 115 52
92 116 49
92 117 51
92 118 51
92 119 47
92 120 45
92 121 42
92 122 57
92 123 55
92 124 38
92 125 52
92 126 51
92 127 56
92 128 37
92 129 53
92 130 50
92 131 56
92 132 41
92 133 44
92 134 62
92 135 47
92 136 53
92 137 31
92 138 40
92 139 45
92 140 48
92 141 33
92 142 59
92 143 43
92 144 48
92 145 51
92 146 49
92 147 39
92 148 49
92 149 43
93 0 55
93 1 46
93 2 42
93 3 50
93 4 61
93 5 38
93 6 62
93 7 54
93 8 41
93 9 45
93 10 43
93 11 42
93 12 52
93 13 57
93 14 58
93 15 40
93 16 43
93 17 50
93 18 62
93 19 48
93 20 55
93 21 46
93 22 46
93 23 50
93 24 53
93 25 56
93 26 43
93 27 49
93 28 43
93 29 41
93 30 45
93 31 55
93 32 48
93 33 56
93 34 55
93 35 50
93 36 48
93 37 52
93 38 60
93 39 49
93 40 48
93 41 46
93 42 62
93 43 47
93 44 51
93 45 46
93 46 41
93 47 56
93 48 50
93 49 49
93 50 34
93 51 49
93 52 47
93 53 48
93 54 49
93 55 55
93 56 47
93 57 53
93 58 46
93 59 51
93 60 43
93 61 59
93 62 47
93 63 57
93 64 49
93 65 52
93 66 48
93 67 47
93 68 48
93 69 33
93 70 49
93 71 57
93 72 39
93 73 56
93 74 62
93 75 47
93 76 48
93 77 47
93 78 51
93 79 39
93 80 44
93 81 40
93 82 53
93 83 51
93 84 38
93 85 46
93 86 43
93 87 54
93 88 56
93 89 47
93 90 52
93 91 51
93 92 53
93 93 47
93 94 49
93 95 51
93 96 41
93 97 42
93 98 53
93 99 54
93 100 62
93 101 65
93 102 42
93 103 48
93 104 46
93 105 40
93 106 41
93 107 53
93 108 54
93 109 52
93 110 50
93 111 71
93 112 40
93 113 46
93 114 46
93 115 41
93 116 44
93 117 41
93 118 47
93 119 44
93 120 50
93 121 47
93 122 61
93 123 54
93 124 51
93 125 52
93 126 35
93 127 50
93 128 55
93 129 48
93 130 37
93 131 45
93 132 62
93 133 51
93 134 48
93 135 46
93 136 50
93 137 64
93 138 42
93 139 61
93 140 47
93 141 44
93 142 40
93 143 56
93 144 41
93 145 39
93 146 46
93 147 55
93 148 49
93 149 47
94 0 48
94 1 43
94 2 46
94 3 36
94 4 51
94 5 50
94 6 47
94 7 47
94 8 45
94 9 49
94 10 65
94 11 53
94 12 47
94 13 46
94 14 40
94 15 33
94 16 47
94 17 56
94 18 38
94 19 36
94 20 50
94 21 57
94 22 44
94 23 39
94 24 39
94 25 39
94 26 42
94 27 57
94 28 43
94 29 43
94 30 48
94 31 51
94 32 50
94 33 50
94 34 50
94 35 43
94 36 49
94 37 46
94 38 46
94 39 41
94 40 44
94 41 38
94 42 58
94 43 42
94 44 51
94 45 51
94 46 42
94 47 50
94 48 53
94 49 44
94 50 52
94 51 60
94 52 57
94 53 50
94 54 46
94 55 56
94 56 53
94 57 41
94 58 43
94 59 49
94 60 49
94 61 56
94 62 44
94 63 42
94 64 53
94 65 51
94 66 56
94 67 49
94 68 53
94 69 53
94 70 42
94 71 65
94 72 39
94 73 43
94 74 45
94 75 44
94 76 55
94 77 50
94 78 51
94 79 41
94 80 50
94 81 53
94 82 52
94 83 65
94 84 56
94 85 44
94 86 54
94 87 35
94 88 49
94 89 51
94 90 44
94 91 47
94 92 49
94 93 52
94 94 58
94 95 47
94 96 50
94 97 51
94 98 44
94 99 44
94 100 39
94 101 45
94 102 42
94 103 52
94 104 57
94 105 58
94 106 38
94 107 64
94 108 57
94 109 34
94 110 72
94 111 59
94 112 46
94 113 48
94 114 42
94 115 58
94 116 44
94 117 51
94 118 59
94 119 46
94 120 50
94 121 44
94 122 37
94 123 54
94 124 40
94 125 49
94 126 51
94 127 37
94 128 63
94 129 65
94 130 42
94 131 45
94 132 49
94 133 60
94 134 50
94 135 52
94 136 39
94 137 63
94 138 36
94 139 47
94 140 44
94 141 40
94 142 52
94 143 57
94 144 41
94 145 39
94 146 55
94 147 42
94 148 45
94 149 43
95 0 51
95 1 48
95 2 49
95 3 52
95 4 43
95 5 44
95 6 60
95 7 61
95 8 55
95 9 50
95 10 59
95 11 41
95 12 56
95 13 54
95 14 47
95 15 61
95 16 65
95 17 41
95 18 38
95 19 54
95 20 45
95 21 56
95 22 49
95 23 35
95 24 51
95 25 45
95 26 47
95 27 53
95 28 48
95 29 36
95 30 72
95 31 68
95 32 40
95 33 47
95 34 43
95 35 41
95 36 48
95 37 55
95 38 55
95 39 44
95 40 48
95 41 39
95 42 47
95 43 41
95 44 34
95 45 46
95 46 47
95 47 48
95 48 53
95 49 45
95 50 47
95 51 50
95 52 41
95 53 48
95 54 52
95 55 44
95 56 39
95 57 41
95 58 50
95 59 47
95 60 34
95 61 53
95 62 46
95 63 42
95 64 45
95 65 48
95 66 63
95 67 41
95 68 45
95 69 51
95 70 57
95 71 46
95 72 55
95 73 39
95 74 58
95 75 47
95 76 41
95 77 45
95 78 48
95 79 49
95 80 52
95 81 44
95 82 37
95 83 52
95 84 52
95 85 47
95 86 54
95 87 49
95 88 68
95 89 54
95 90 47
95 91 46
95 92 51
95 93 53
95 94 63
95 95 34
95 96 59
95 97 52
95 98 46
95 99 41
95 100 52
95 101 46
95 102 50
95 103 54
95 104 40
95 105 48
95 106 53
95 107 43
95 108 60
95 109 48
95 110 61
95 111 69
95 112 64
95 113 53
95 114 53
95 115 40
95 116 48
95 117 57
95 118 47
95 119 52
95 120 49
95 121 47
95 122 42
95 123 48
95 124 50
95 125 49
95 126 40
95 127 43
95 128 53
95 129 43
95 130 43
95 131 50
95 132 66
95 133 45
95 134 46
95 135 49
95 136 53
95 137 53
95 138 36
95 139 39
95 140 51
95 141 52
95 142 43
95 143 47
95 144 56
95 145 50
95 146 44
95 147 43
95 148 60
95 149 43
96 0 57
96 1 57
96 2 50
96 3 48
96 4 45
96 5 52
96 6 52
96 7 46
96 8 47
96 9 49
96 10 49
96 11 51
96 12 52
96 13 53
96 14 53
96 15 57
96 16 43
96 17 30
96 18 47
96 19 51
96 20 54
96 21 46
96 22 51
96 23 49
96 24 31
96 25 45
96 26 48
96 27 50
96 28 60
96 29 51
96 30 64
96 31 50
96 32 50
96 33 54
96 34 52
96 35 49
96 36 57
96 37 51
96 38 46
96 39 55
96 40 57
96 41 50
96 42 53
96 43 46
96 44 49
96 45 44
96 46 50
96 47 57
96 48 59
96 49 40
96 50 63
96 51 51
96 52 59
96 53 57
96 54 48
96 55 56
96 56 51
96 57 46
96 58 59
96 59 57
96 60 43
96 61 51
96 62 47
96 63 40
96 64 48
96 65 59
96 66 50
96 67 45
96 68 48
96 69 50
96 70 57
96 71 53
96 72 43
96 73 43
96 74 53
96 75 45
96 76 60
96 77 43
96 78 48
96 79 42
96 80 33
96 81 40
96 82 60
96 83 43
96 84 50
96 85 47
96 86 55
96 87 55
96 88 56
96 89 57
96 90 57
96 91 41
96 92 48
96 93 58
96 94 52
96 95 56
96 96 40
96 97 61
96 98 45
96 99 48
96 100 48
96 101 67
96 102 49
96 103 54
96 104 50
96 105 59
96 106 46
96 107 56
96 108 46
96 109 49
96 110 47
96 111 53
96 112 49
96 113 47
96 114 67
96 115 42
96 116 42
96 117 61
96 118 45
96 119 52
96 120 47
96 121 62
96 122 61
96 123 49
96 124 52
96 125 45
96 126 50
96 127 48
96 128 55
96 129 48
96 130 42
96 131 58
96 132 51
96 133 43
96 134 57
96 135 49
96 136 49
96 137 48
96 138 38
96 139 56
96 140 37
96 141 64
96 142 54
96 143 49
96 144 38
96 145 52
96 146 47
96 147 49
96 148 42
96 149 58
97 0 41
97 1 42
97 2 57
97 3 69
97 4 46
97 5 40
97 6 54
97 7 44
97 8 51
97 9 38
97 10 47
97 11 65
97 12 36
97 13 43
97 14 48
97 15 68
97 16 50
97 17 42
97 18 54
97 19 54
97 20 47
97 21 43
97 22 46
97 23 49
97 24 43
97 25 40
97 26 46
97 27 51
97 28 36
97 29 54
97 30 50
97 31 56
97 32 38
97 33 48
97 34 48
97 35 59
97 36 53
97 37 58
97 38 51
97 39 48
97 40 61
97 41 44
97 42 46
97 43 47
97 44 56
97 45 46
97 46 67
97 47 49
97 48 45
97 49 56
97 50 50
97 51 43
97 52 51
97 53 54
97 54 44
97 55 50
97 56 41
97 57 41
97 58 57
97 59 36
97 60 55
97 61 53
97 62 51
97 63 38
97 64 50
97 65 53
97 66 60
97 67 44
97 68 41
97 69 34
97 70 43
97 71 55
97 72 53
97 73 58
97 74 45
97 75 42
97 76 48
97 77 55
97 78 46
97 79 50
97 80 45
97 81 55
97 82 53
97 83 56
97 84 50
97 85 48
97 86 56
97 87 48
97 88 48
97 89 46
97 90 54
97 91 44
97 92 60
97 93 47
97 94 49
97 95 53
97 96 43
97 97 54
97 98 47
97 99 42
97 100 45
97 101 47
97 102 52
97 103 53
97 104 47
97 105 56
97 106 53
97 107 46
97 108 46
97 109 37
97 110 52
97 111 51
97 112 47
97 113 56
97 114 41
97 115 54
97 116 45
97 117 43
97 118 42
97 119 44
97 120 50
97 121 52
97 122 44
97 123 51
97 124 60
97 125 44
97 126 33
97 127 54
97 128 58
97 129 53
97 130 45
97 131 58
97 132 49
97 133 47
97 134 49
97 135 46
97 136 48
97 137 49
97 138 57
97 139 46
97 140 37
97 141 32
97 142 45
97 143 44
97 144 54
97 145 40
97 146 48
97 147 45
97 148 54
97 149 44
98 0 47
98 1 62
98 2 50
98 3 44
98 4 56
98 5 51
98 6 54
98 7 42
98 8 38
98 9 46
98 10 50
98 11 45
98 12 61
98 13 52
98 14 59
98 15 68
98 16 44
98 17 57
98 18 55
98 19 48
98 20 51
98 21 54
98 22 56
98 23 53
98 24 48
98 25 54
98 26 56
98 27 47
98 28 62
98 29 56
98 30 60
98 31 49
98 32 39
98 33 56
98 34 56
98 35 50
98 36 41
98 37 59
98 38 36
98 39 62
98 40 47
98 41 51
98 42 49
98 43 50
98 44 57
98 45 45
98 46 51
98 47 58
98 48 42
98 49 64
98 50 45
98 51 46
98 52 37
98 53 46
98 54 54
98 55 45
98 56 50
98 57 49
98 58 53
98 59 44
98 60 50
98 61 35
98 62 43
98 63 55
98 64 61
98 65 57
98 66 55
98 67 60
98 68 41
98 69 45
98 70 54
98 71 44
98 72 59
98 73 35
98 74 53
98 75 43
98 76 39
98 77 56
98 78 60
98 79 45
98 80 38
98 81 47
98 82 58
98 83 71
98 84 47
98 85 52
98 86 52
98 87 54
98 88 50
98 89 39
98 90 46
98 91 48
98 92 48
98 93 46
98 94 48
98 95 58
98 96 47
98 97 49
98 98 52
98 99 50
98 100 64
98 101 55
98 102 47
98 103 56
98 104 60
98 105 53
98 106 45
98 107 66
98 108 57
98 109 58
98 110 47
98 111 46
98 112 49
98 113 45
98 114 41
98 115 56
98 116 48
98 117 50
98 118 39
98 119 45
98 120 57
98 121 66
98 122 59
98 123 64
98 124 41
98 125 66
98 126 40
98 127 49
98 128 60
98 129 38
98 130 48
98 131 45
98 132 56
98 133 54
98 134 57
98 135 47
98 136 51
98 137 48
98 138 52
98 139 48
98 140 43
98 141 47
98 142 65
98 143 53
98 144 50
98 145 48
98 146 55
98 147 47
98 148 54
98 149 50
99 0 47
99 1 49
99 2 48
99 3 47
99 4 61
99 5 54
99 6 55
99 7 51
99 8 46
99 9 54
99 10 58
99 11 49
99 12 39
99 13 45
99 14 45
99 15 57
99 16 40
99 17 48
99 18 47
99 19 56
99 20 58
99 21 34
99 22 44
99 23 58
99 24 43
99 25 34
99 26 42
99 27 58
99 28 53
99 29 42
99 30 58
99 31 39
99 32 54
99 33 54
99 34 61
99 35 40
99 36 52
99 37 51
99 38 59
99 39 56
99 40 49
99 41 44
99 42 45
99 43 50
99 44 48
99 45 61
99 46 51
99 47 51
99 48 50
99 49 49
99 50 46
99 51 61
99 52 40
99 53 58
99 54 45
99 55 47
99 56 45
99 57 53
99 58 45
99 59 48
99 60 59
99 61 45
99 62 57
99 63 58
99 64 65
99 65 47
99 66 48
99 67 49
99 68 47
99 69 53
99 70 50
99 71 46
99 72 42
99 73 52
99 74 62
99 75 59
99 76 51
99 77 44
99 78 60
99 79 40
99 80 50
99 81 34
99 82 58
99 83 57
99 84 61
99 85 55
99 86 38
99 87 51
99 88 51
99 89 54
99 90 55
99 91 48
99 92 62
99 93 53
99 94 51
99 95 43
99 96 54
99 97 65
99 98 39
99 99 64
99 100 48
99 101 49
99 102 52
99 103 49
99 104 51
99 105 48
99 106 48
99 107 56
99 108 62
99 109 49
99 110 49
99 111 51
99 112 48
99 113 45
99 114 55
99 115 41
99 116 53
99 117 48
99 118 51
99 119 48
99 120 54
99 121 53
99 122 43
99 123 38
99 124 44
99 125 47
99 126 45
99 127 61
99 128 48
99 129 50
99 130 50
99 131 36
99 132 51
99 133 64
99 134 55
99 135 48
99 136 56
99 137 44
99 138 59
99 139 38
99 140 55
99 141 45
99 142 38
99 143 39
99 144 55
99 145 55
99 146 49
99 147 50
99 148 49
99 149 46
100 0 48
100 1 55
100 2 59
100 3 41
100 4 47
100 5 44
100 6 57
100 7 56
100 8 55
100 9 55
100 10 44
100 11 59
100 12 55
100 13 49
100 14 37
100 15 42
100 16 53
100 17 53
100 18 43
100 19 55
100 20 54
100 21 51
100 22 48
100 23 50
100 24 55
100 25 51
100 26 54
100 27 52
100 28 49
100 29 46
100 30 46
100 31 50
100 32 47
100 33 55
100 34 52
100 35 65
100 36 44
100 37 44
100 38 67
100 39 44
100 40 46
100 41 64
100 42 52
100 43 52
100 44 55
100 45 46
100 46 52
100 47 47
100 48 52
100 49 54
100 50 44
100 51 62
100 52 41
100 53 55
100 54 56
100 55 38
100 56 57
100 57 67
100 58 55
100 59 58
100 60 56
100 61 48
100 62 63
100 63 58
100 64 56
100 65 56
100 66 43
100 67 45
100 68 50
100 69 44
100 70 52
100 71 56
100 72 52
100 73 43
100 74 48
100 75 47
100 76 59
100 77 54
100 78 59
100 79 48
100 80 38
100 81 52
100 82 48
100 83 48
100 84 40
100 85 54
100 86 38
100 87 36
100 88 52
100 89 61
100 90 58
100 91 60
100 92 53
100 93 63
100 94 42
100 95 52
100 96 38
100 97 57
100 98 50
100 99 44
100 100 50
100 101 43
100 102 45
100 103 51
100 104 43
100 105 62
100 106 65
100 107 52
100 108 52
100 109 58
100 110 53
100 111 54
100 112 66
100 113 45
100 114 38
100 115 52
100 116 71
100 117 55
100 118 38
100 119 49
100 120 43
100 121 64
100 122 42
100 123 48
100 124 49
100 125 59
100 126 65
100 127 53
100 128 39
100 129 57
100 130 44
100 131 46
100 132 55
100 133 44
100 134 35
100 135 37
100 136 46
100 137 50
100 138 61
100 139 40
100 140 42
100 141 43
100 142 47
100 143 47
100 144 47
100 145 61
100 146 44
100 147 46
100 148 35
100 149 53
101 0 47
101 1 53
101 2 51
101 3 53
101 4 39
101 5 50
101 6 52
101 7 40
101 8 52
101 9 53
101 10 45
101 11 52
101 12 59
101 13 43
101 14 49
101 15 53
101 16 45
101 17 51
101 18 46
101 19 43
101 20 56
101 21 51
101 22 39
101 23 55
101 24 35
101 25 47
101 26 53
101 27 60
101 28 45
101 29 40
101 30 48
101 31 50
101 32 48
101 33 50
101 34 53
101 35 44
101 36 42
101 37 53
101 38 40
101 39 58
101 40 52
101 41 52
101 42 51
101 43 53
101 44 65
101 45 48
101 46 58
101 47 59
101 48 45
101 49 55
101 50 39
101 51 44
101 52 58
101 53 48
101 54 44
101 55 44
101 56 37
101 57 47
101 58 44
101 59 41
101 60 48
101 61 50
101 62 53
101 63 51
101 64 56
101 65 49
101 66 63
101 67 41
101 68 50
101 69 44
101 70 55
101 71 47
101 72 40
101 73 49
101 74 38
101 75 44
101 76 47
101 77 53
101 78 63
101 79 47
101 80 51
101 81 59
101 82 57
101 83 46
101 84 44
101 85 64
101 86 50
101 87 45
101 88 45
101 89 43
101 90 49
101 91 50
101 92 52
101 93 69
101 94 52
101 95 45
101 96 51
101 97 41
101 98 66
101 99 63
101 100 47
101 101 47
101 102 62
101 103 55
101 104 55
101 105 56
101 106 50
101 107 43
101 108 48
101 109 28
101 110 48
101 111 47
101 112 76
101 113 47
101 114 48
101 115 49
101 116 52
101 117 40
101 118 54
101 119 51
101 120 48
101 121 48
101 122 51
101 123 45
101 124 47
101 125 40
101 126 47
101 127 39
101 128 48
101 129 53
101 130 48
101 131 43
101 132 54
101 133 49
101 134 46
101 135 50
101 136 55
101 137 48
101 138 44
101 139 46
101 140 48
101 141 62
101 142 55
101 143 43
101 144 61
101 145 49
101 146 48
101 147 49
101 148 52
101 149 57
102 0 55
102 1 52
102 2 54
102 3 46
102 4 73
102 5 49
102 6 51
102 7 43
102 8 46
102 9 37
102 10 44
102 11 60
102 12 34
102 13 48
102 14 52
102 15 54
102 16 51
102 17 53
102 18 47
102 19 50
102 20 53
102 21 40
102 22 54
102 23 50
102 24 49
102 25 41
102 26 50
102 27 52
102 28 59
102 29 50
102 30 46
102 31 57
102 32 55
102 33 61
102 34 51
102 35 50
102 36 49
102 37 64
102 38 44
102 39 59
102 40 56
102 41 47
102 42 62
102 43 58
102 44 57
102 45 46
102 46 55
102 47 50
102 48 52
102 49 45
102 50 46
102 51 62
102 52 45
102 53 49
102 54 42
102 55 50
102 56 47
102 57 53
102 58 44
102 59 49
102 60 49
102 61 54
102 62 51
102 63 56
102 64 52
102 65 51
102 66 58
102 67 55
102 68 54
102 69 69
102 70 53
102 71 54
102 72 48
102 73 37
102 74 52
102 75 54
102 76 55
102 77 44
102 78 46
102 79 39
102 80 52
102 81 47
102 82 65
102 83 44
102 84 54
102 85 61
102 86 61
102 87 60
102 88 53
102 89 47
102 90 48
102 91 47
102 92 58
102 93 60
102 94 48
102 95 37
102 96 43
102 97 57
102 98 45
102 99 58
102 100 50
102 101 54
102 102 47
102 103 47
102 104 60
102 105 44
102 106 44
102 107 58
102 108 56
102 109 42
102 110 42
102 111 55
102 112 47
102 113 56
102 114 51
102 115 56
102 116 50
102 117 54
102 118 70
102 119 53
102 120 51
102 121 56
102 122 53
102 123 47
102 124 65
102 125 42
102 126 51
102 127 50
102 128 56
102 129 55
102 130 43
102 131 39
102 132 47
102 133 48
102 134 45
102 135 39
102 136 44
102 137 63
102 138 45
102 139 64
102 140 55
102 141 63
102 142 47
102 143 38
102 144 52
102 145 49
102 146 51
102 147 55
102 148 57
102 149 37
103 0 47
103 1 51
103 2 49
103 3 71
103 4 51
103 5 56
103 6 45
103 7 61
103 8 65
103 9 42
103 10 69
103 11 65
103 12 42
103 13 53
103 14 56
103 15 54
103 16 68
103 17 39
103 18 41
103 19 45
103 20 62
103 21 65
103 22 49
103 23 53
103 24 51
103 25 61
103 26 45
103 27 47
103 28 43
103 29 41
103 30 54
103 31 54
103 32 54
103 33 58
103 34 54
103 35 47
103 36 56
103 37 52
103 38 41
103 39 55
103 40 46
103 41 54
103 42 52
103 43 52
103 44 60
103 45 46
103 46 54
103 47 52
103 48 48
103 49 48
103 50 54
103 51 38
103 52 53
103 53 49
103 54 57
103 55 62
103 56 51
103 57 40
103 58 49
103 59 58
103 60 59
103 61 41
103 62 54
103 63 47
103 64 51
103 65 43
103 66 57
103 67 50
103 68 48
103 69 52
103 70 42
103 71 58
103 72 50
103 73 40
103 74 51
103 75 43
103 76 54
103 77 50
103 78 41
103 79 62
103 80 36
103 81 47
103 82 44
103 83 61
103 84 47
103 85 46
103 86 48
103 87 46
103 88 49
103 89 43
103 90 45
103 91 46
103 92 64
103 93 45
103 94 59
103 95 48
103 96 48
103 97 50
103 98 48
103 99 44
103 100 51
103 101 50
103 102 46
103 103 60
103 104 40
103 105 49
103 106 48
103 107 50
103 108 49
103 109 47
103 110 54
103 111 51
103 112 59
103 113 46
103 114 41
103 115 44
103 116 56
103 117 50
103 118 43
103 119 35
103 120 52
103 121 53
103 122 47
103 123 42
103 124 53
103 125 46
103 126 43
103 127 47
103 128 49
103 129 58
103 130 52
103 131 54
103 132 51
103 133 55
103 134 48
103 135 46
103 136 60
103 137 46
103 138 48
103 139 60
103 140 47
103 141 56
103 142 51
103 143 46
103 144 36
103 145 31
103 146 45
103 147 40
103 148 62
103 149 58
104 0 47
104 1 64
104 2 55
104 3 46
104 4 45
104 5 56
104 6 46
104 7 50
104 8 56
104 9 49
104 10 54
104 11 52
104 12 58
104 13 56
104 14 51
104 15 41
104 16 48
104 17 56
104 18 47
104 19 57
104 20 45
104 21 55
104 22 51
104 23 45
104 24 46
104 25 58
104 26 63
104 27 39
104 28 61
104 29 42
104 30 54
104 31 52
104 32 51
104 33 56
104 34 49
104 35 53
104 36 58
104 37 57
104 38 59
104 39 53
104 40 42
104 41 48
104 42 41
104 43 53
104 44 40
104 45 62
104 46 59
104 47 57
104 48 45
104 49 58
104 50 48
104 51 62
104 52 46
104 53 52
104 54 49
104 55 48
104 56 51
104 57 44
104 58 54
104 59 61
104 60 51
104 61 49
104 62 54
104 63 43
104 64 53
104 65 51
104 66 56
104 67 55
104 68 57
104 69 52
104 70 50
104 71 46
104 72 55
104 73 48
104 74 39
104 75 43
104 76 50
104 77 42
104 78 48
104 79 56
104 80 42
104 81 67
104 82 40
104 83 41
104 84 52
104 85 41
104 86 51
104 87 51
104 88 60
104 89 56
104 90 54
104 91 47
104 92 55
104 93 48
104 94 47
104 95 58
104 96 56
104 97 59
104 98 42
104 99 60
104 100 36
104 101 46
104 102 49
104 103 32
104 104 44
104 105 51
104 106 58
104 107 62
104 108 36
104 109 44
104 110 53
104 111 64
104 112 38
104 113 58
104 114 59
104 115 55
104 116 47
104 117 52
104 118 61
104 119 55
104 120 34
104 121 40
104 122 57
104 123 48
104 124 49
104 125 49
104 126 63
104 127 73
104 128 45
104 129 50
104 130 59
104 131 49
104 132 54
104 133 48
104 134 63
104 135 41
104 136 48
104 137 56
104 138 52
104 139 51
104 140 48
104 141 38
104 142 52
104 143 52
104 144 55
104 145 58
104 146 48
104 147 55
104 148 41
104 149 56
105 0 56
105 1 50
105 2 55
105 3 45
105 4 51
105 5 66
105 6 55
105 7 53
105 8 58
105 9 44
105 10 57
105 11 35
105 12 44
105 13 47
105 14 45
105 15 50
105 16 45
105 17 44
105 18 42
105 19 60
105 20 49
105 21 56
105 22 50
105 23 48
105 24 59
105 25 38
105 26 55
105 27 45
105 28 53
105 29 68
105 30 47
105 31 59
105 32 49
105 33 49
105 34 48
105 35 44
105 36 50
105 37 46
105 38 74
105 39 47
105 40 48
105 41 76
105 42 48
105 43 43
105 44 50
105 45 52
105 46 58
105 47 49
105 48 48
105 49 52
105 50 49
105 51 47
105 52 49
105 53 42
105 54 62
105 55 52
105 56 53
105 57 40
105 58 53
105 59 55
105 60 52
105 61 62
105 62 51
105 63 61
105 64 44
105 65 40
105 66 40
105 67 60
105 68 65
105 69 43
105 70 47
105 71 58
105 72 51
105 73 62
105 74 50
105 75 53
105 76 40
105 77 65
105 78 43
105 79 57
105 80 55
105 81 59
105 82 52
105 83 59
105 84 40
105 85 49
105 86 48
105 87 45
105 88 46
105 89 44
105 90 44
105 91 57
105 92 51
105 93 52
105 94 56
105 95 50
105 96 67
105 97 46
105 98 50
105 99 63
105 100 53
105 101 47
105 102 54
105 103 64
105 104 55
105 105 55
105 106 42
105 107 46
105 108 56
105 109 41
105 110 45
105 111 39
105 112 61
105 113 60
105 114 63
105 115 46
105 116 55
105 117 47
105 118 53
105 119 61
105 120 43
105 121 51
105 122 48
105 123 44
105 124 55
105 125 56
105 126 59
105 127 51
105 128 60
105 129 49
105 130 56
105 131 50
105 132 47
105 133 45
105 134 54
105 135 57
105 136 42
105 137 42
105 138 61
105 139 57
105 140 49
105 141 59
105 142 54
105 143 48
105 144 59
105 145 43
105 146 56
105 147 53
105 148 51
105 149 67
106 0 45
106 1 48
106 2 39
106 3 58
106 4 41
106 5 62
106 6 48
106 7 52
106 8 53
106 9 40
106 10 47
106 11 59
106 12 51
106 13 42
106 14 55
106 15 65
106 16 58
106 17 45
106 18 38
106 19 50
106 20 47
106 21 49
106 22 45
106 23 39
106 24 49
106 25 55
106 26 52
106 27 36
106 28 45
106 29 46
106 30 47
106 31 49
106 32 66
106 33 55
106 34 51
106 35 51
106 36 48
106 37 53
106 38 56
106 39 49
106 40 55
106 41 56
106 42 54
106 43 60
106 44 50
106 45 38
106 46 43
106 47 47
106 48 52
106 49 47
106 50 61
106 51 49
106 52 48
106 53 38
106 54 35
106 55 50
106 56 62
106 57 41
106 58 52
106 59 53
106 60 62
106 61 57
106 62 44
106 63 66
106 64 57
106 65 53
106 66 59
106 67 61
106 68 52
106 69 51
106 70 47
106 71 52
106 72 50
106 73 43
106 74 58
106 75 58
106 76 46
106 77 57
106 78 53
106 79 56
106 80 56
106 81 53
106 82 51
106 83 59
106 84 48
106 85 45
106 86 61
106 87 46
106 88 61
106 89 54
106 90 53
106 91 46
106 92 52
106 93 46
106 94 36
106 95 48
106 96 43
106 97 69
106 98 50
106 99 63
106 100 56
106 101 43
106 102 56
106 103 63
106 104 42
106 105 37
106 106 61
106 107 46
106 108 43
106 109 32
106 110 43
106 111 42
106 112 45
106 113 43
106 114 52
106 115 47
106 116 60
106 117 57
106 118 53
106 119 46
106 120 55
106 121 45
106 122 54
106 123 62
106 124 50
106 125 57
106 126 57
106 127 51
106 128 40
106 129 52
106 130 57
106 131 48
106 132 56
106 133 42
106 134 44
106 135 55
106 136 52
106 137 50
106 138 48
106 139 55
106 140 41
106 141 52
106 142 66
106 143 63
106 144 54
106 145 42
106 146 49
106 147 43
106 148 53
106 149 57
107 0 65
107 1 65
107 2 50
107 3 57
107 4 44
107 5 56
107 6 61
107 7 62
107 8 46
107 9 55
107 10 55
107 11 70
107 12 55
107 13 52
107 14 50
107 15 55
107 16 59
107 17 48
107 18 46
107 19 44
107 20 56
107 21 41
107 22 53
107 23 45
107 24 48
107 25 56
107 26 56
107 27 38
107 28 59
107 29 50
107 30 59
107 31 54
107 32 43
107 33 52
107 34 56
107 35 41
107 36 45
107 37 58
107 38 56
107 39 56
107 40 42
107 41 55
107 42 52
107 43 42
107 44 57
107 45 50
107 46 48
107 47 45
107 48 51
107 49 53
107 50 58
107 51 46
107 52 62
107 53 41
107 54 61
107 55 58
107 56 46
107 57 58
107 58 55
107 59 61
107 60 48
107 61 42
107 62 51
107 63 40
107 64 57
107 65 63
107 66 49
107 67 41
107 68 64
107 69 58
107 70 57
107 71 50
107 72 44
107 73 54
107 74 54
107 75 50
107 76 56
107 77 46
107 78 45
107 79 43
107 80 63
107 81 49
107 82 53
107 83 47
107 84 43
107 85 48
107 86 57
107 87 45
107 88 45
107 89 49
107 90 48
107 91 44
107 92 58
107 93 60
107 94 54
107 95 54
107 96 50
107 97 54
107 98 62
107 99 55
107 100 44
107 101 49
107 102 40
107 103 52
107 104 33
107 105 37
107 106 37
107 107 52
107 108 52
107 109 56
107 110 49
107 111 43
107 112 51
107 113 58
107 114 45
107 115 48
107 116 42
107 117 61
107 118 50
107 119 54
107 120 47
107 121 54
107 122 50
107 123 43
107 124 50
107 125 55
107 126 46
107 127 64
107 128 66
107 129 61
107 130 50
107 131 51
107 132 63
107 133 43
107 134 54
107 135 56
107 136 52
107 137 47
107 138 49
107 139 58
107 140 53
107 141 41
107 142 45
107 143 36
107 144 55
107 145 43
107 146 48
107 147 50
107 148 53
107 149 45
108 0 48
108 1 56
108 2 50
108 3 47
108 4 55
108 5 55
108 6 49
108 7 56
108 8 47
108 9 50
108 10 63
108 11 56
108 12 46
108 13 50
108 14 58
108 15 51
108 16 49
108 17 42
108 18 53
108 19 38
108 20 44
108 21 47
108 22 55
108 23 50
108 24 55
108 25 48
108 26 53
108 27 39
108 28 51
108 29 59
108 30 56
108 31 42
108 32 49
108 33 50
108 34 47
108 35 48
108 36 42
108 37 57
108 38 41
108 39 62
108 40 40
108 41 55
108 42 63
108 43 45
108 44 47
108 45 51
108 46 60
108 47 53
108 48 48
108 49 42
108 50 55
108 51 44
108 52 55
108 53 61
108 54 54
108 55 59
108 56 49
108 57 48
108 58 52
108 59 62
108 60 32
108 61 52
108 62 49
108 63 42
108 64 57
108 65 48
108 66 44
108 67 47
108 68 52
108 69 44
108 70 58
108 71 61
108 72 52
108 73 44
108 74 57
108 75 46
108 76 59
108 77 56
108 78 56
108 79 49
108 80 64
108 81 39
108 82 41
108 83 46
108 84 45
108 85 52
108 86 52
108 87 43
108 88 59
108 89 51
108 90 46
108 91 52
108 92 55
108 93 56
108 94 57
108 95 48
108 96 59
108 97 54
108 98 43
108 99 59
108 100 40
108 101 48
108 102 60
108 103 49
108 104 54
108 105 51
108 106 45
108 107 39
108 108 37
108 109 55
108 110 49
108 111 41
108 112 40
108 113 29
108 114 60
108 115 39
108 116 48
108 117 58
108 118 55
108 119 49
108 120 43
108 121 48
108 122 45
108 123 54
108 124 40
108 125 47
108 126 45
108 127 41
108 128 40
108 129 45
108 130 49
108 131 58
108 132 46
108 133 49
108 134 44
108 135 55
108 136 43
108 137 43
108 138 50
108 139 55
108 140 45
108 141 51
108 142 43
108 143 59
108 144 51
108 145 45
108 146 49
108 147 44
108 148 37
108 149 59
109 0 54
109 1 58
109 2 38
109 3 57
109 4 53
109 5 52
109 6 50
109 7 40
109 8 56
109 9 54
109 10 46
109 11 54
109 12 43
109 13 51
109 14 46
109 15 52
109 16 44
109 17 44
109 18 49
109 19 62
109 20 47
109 21 44
109 22 49
109 23 44
109 24 47
109 25 53
109 26 51
109 27 58
109 28 52
109 29 47
109 30 51
109 31 45
109 32 44
109 33 42
109 34 53
109 35 49
109 36 47
109 37 48
109 38 40
109 39 59
109 40 52
109 41 42
109 42 57
109 43 63
109 44 57
109 45 58
109 46 57
109 47 50
109 48 50
109 49 37
109 50 51
109 51 49
109 52 54
109 53 49
109 54 40
109 55 47
109 56 53
109 57 52
109 58 53
109 59 57
109 60 55
109 61 49
109 62 41
109 63 57
109 64 55
109 65 50
109 66 56
109 67 56
109 68 52
109 69 49
109 70 51
109 71 50
109 72 52
109 73 55
109 74 50
109 75 46
109 76 40
109 77 51
109 78 50
109 79 44
109 80 45
109 81 47
109 82 49
109 83 42
109 84 62
109 85 51
109 86 42
109 87 49
109 88 50
109 89 50
109 90 50
109 91 42
109 92 40
109 93 50
109 94 50
109 95 47
109 96 49
109 97 38
109 98 48
109 99 64
109 100 51
109 101 46
109 102 53
109 103 41
109 104 48
109 105 52
109 106 56
109 107 48
109 108 53
109 109 50
109 110 40
109 111 47
109 112 52
109 113 54
109 114 54
109 115 55
109 116 57
109 117 50
109 118 55
109 119 51
109 120 47
109 121 46
109 122 44
109 123 43
109 124 51
109 125 50
109 126 50
109 127 44
109 128 58
109 129 61
109 130 43
109 131 37
109 132 51
109 133 43
109 134 53
109 135 40
109 136 47
109 137 45
109 138 48
109 139 55
109 140 51
109 141 50
109 142 41
109 143 50
109 144 58
109 145 60
109 146 52
109 147 59
109 148 55
109 149 63
110 0 60
110 1 42
110 2 59
110 3 50
110 4 66
110 5 54
110 6 53
110 7 55
110 8 45
110 9 59
110 10 68
110 11 51
110 12 40
110 13 48
110 14 48
110 15 57
110 16 60
110 17 44
110 18 54
110 19 52
110 20 48
110 21 54
110 22 56
110 23 43
110 24 63
110 25 44
110 26 53
110 27 47
110 28 46
110 29 50
110 30 55
110 31 43
110 32 43
110 33 45
110 34 64
110 35 58
110 36 57
110 37 53
110 38 50
110 39 46
110 40 57
110 41 45
110 42 54
110 43 49
110 44 49
110 45 47
110 46 52
110 47 62
110 48 49
110 49 54
110 50 64
110 51 40
110 52 61
110 53 54
110 54 48
110 55 51
110 56 40
110 57 49
110 58 49
110 59 46
110 60 67
110 61 53
110 62 41
110 63 51
110 64 48
110 65 58
110 66 44
110 67 59
110 68 43
110 69 35
110 70 56
110 71 44
110 72 49
110 73 49
110 74 61
110 75 57
110 76 53
110 77 48
110 78 57
110 79 35
110 80 50
110 81 58
110 82 55
110 83 56
110 84 42
110 85 46
110 86 45
110 87 53
110 88 71
110 89 48
110 90 52
110 91 45
110 92 46
110 93 52
110 94 43
110 95 48
110 96 45
110 97 55
110 98 38
110 99 50
110 100 62
110 101 47
110 102 46
110 103 48
110 104 51
110 105 41
110 106 44
110 107 62
110 108 47
110 109 45
110 110 53
110 111 58
110 112 38
110 113 46
110 114 45
110 115 44
110 116 52
110 117 50
110 118 50
110 119 48
110 120 54
110 121 52
110 122 43
110 123 42
110 124 45
110 125 62
110 126 54
110 127 56
110 128 55
110 129 43
110 130 55
110 131 54
110 132 63
110 133 56
110 134 48
110 135 59
110 136 49
110 137 65
110 138 51
110 139 47
110 140 52
110 141 51
110 142 50
110 143 45
110 144 46
110 145 47
110 146 52
110 147 52
110 148 51
110 149 68
111 0 44
111 1 55
111 2 51
111 3 72
111 4 60
111 5 42
111 6 47
111 7 45
111 8 45
111 9 50
111 10 48
111 11 42
111 12 39
111 13 43
111 14 50
111 15 50
111 16 48
111 17 43
111 18 36
111 19 49
111 20 36
111 21 51
111 22 55
111 23 55
111 24 46
111 25 58
111 26 46
111 27 51
111 28 42
111 29 48
111 30 60
111 31 47
111 32 50
111 33 44
111 34 61
111 35 51
111 36 44
111 37 48
111 38 43
111 39 57
111 40 57
111 41 56
111 42 60
111 43 43
111 44 44
111 45 53
111 46 56
111 47 49
111 48 60
111 49 59
111 50 54
111 51 53
111 52 53
111 53 52
111 54 49
111 55 41
111 56 39
111 57 68
111 58 47
111 59 53
111 60 40
111 61 34
111 62 47
111 63 56
111 64 46
111 65 52
111 66 61
111 67 63
111 68 45
111 69 49
111 70 43
111 71 49
111 72 47
111 73 55
111 74 49
111 75 58
111 76 46
111 77 48
111 78 49
111 79 46
111 80 48
111 81 60
111 82 44
111 83 50
111 84 57
111 85 45
111 86 56
111 87 47
111 88 54
111 89 53
111 90 52
111 91 48
111 92 44
111 93 55
111 94 54
111 95 44
111 96 48
111 97 52
111 98 53
111 99 39
111 100 57
111 101 50
111 102 47
111 103 51
111 104 42
111 105 56
111 106 36
111 107 45
111 108 46
111 109 52
111 110 57
111 111 50
111 112 49
111 113 49
111 114 56
111 115 48
111 116 43
111 117 47
111 118 53
111 119 44
111 120 42
111 121 54
111 122 43
111 123 59
111 124 54
111 125 41
111 126 47
111 127 43
111 128 61
111 129 36
111 130 53
111 131 51
111 132 51
111 133 46
111 134 57
111 135 57
111 136 59
111 137 59
111 138 68
111 139 54
111 140 64
111 141 52
111 142 47
111 143 57
111 144 40
111 145 53
111 146 67
111 147 54
111 148 50
111 149 52
112 0 59
112 1 40
112 2 40
112 3 52
112 4 48
112 5 41
112 6 50
112 7 48
112 8 46
112 9 51
112 10 50
112 11 52
112 12 51
112 13 69
112 14 46
112 15 55
112 16 37
112 17 36
112 18 39
112 19 52
112 20 50
112 21 51
112 22 53
112 23 48
112 24 44
112 25 49
112 26 50
112 27 57
112 28 42
112 29 44
112 30 51
112 31 44
112 32 50
112 33 52
112 34 51
112 35 46
112 36 67
112 37 54
112 38 60
112 39 44
112 40 47
112 41 45
112 42 46
112 43 62
112 44 44
112 45 48
112 46 61
112 47 50
112 48 57
112 49 42
112 50 53
112 51 44
112 52 51
112 53 55
112 54 46
112 55 50
112 56 51
112 57 51
112 58 52
112 59 46
112 60 53
112 61 60
112 62 47
112 63 50
112 64 35
112 65 54
112 66 48
112 67 56
112 68 49
112 69 48
112 70 53
112 71 55
112 72 43
112 73 43
112 74 43
112 75 45
112 76 53
112 77 53
112 78 48
112 79 51
112 80 45
112 81 54
112 82 46
112 83 58
112 84 49
112 85 62
112 86 47
112 87 56
112 88 46
112 89 40
112 90 55
112 91 46
112 92 57
112 93 56
112 94 48
112 95 52
112 96 56
112 97 48
112 98 52
112 99 49
112 100 52
112 101 54
112 102 43
112 103 51
112 104 64
112 105 59
112 106 34
112 107 52
112 108 45
112 109 50
112 110 54
112 111 42
112 112 44
112 113 53
112 114 48
112 115 37
112 116 46
112 117 42
112 118 42
112 119 54
112 120 51
112 121 61
112 122 42
112 123 45
112 124 55
112 125 51
112 126 53
112 127 44
112 128 46
112 129 44
112 130 42
112 131 50
112 132 44
112 133 60
112 134 51
112 135 62
112 136 53
112 137 52
112 138 45
112 139 43
112 140 49
112 141 47
112 142 54
112 143 45
112 144 46
112 145 49
112 146 52
112 147 51
112 148 47
112 149 37
113 0 45
113 1 52
113 2 58
113 3 47
113 4 49
113 5 56
113 6 48
113 7 53
113 8 37
113 9 47
113 10 48
113 11 52
113 12 63
113 13 60
113 14 40
113 15 61
113 16 45
113 17 51
113 18 41
113 19 53
113 20 52
113 21 47
113 22 55
113 23 45
113 24 35
113 25 56
113 26 59
113 27 43
113 28 53
113 29 53
113 30 61
113 31 48
113 32 36
113 33 51
113 34 44
113 35 52
113 36 52
113 37 50
113 38 47
113 39 52
113 40 50
113 41 55
113 42 53
113 43 55
113 44 54
113 45 41
113 46 45
113 47 57
113 48 52
113 49 54
113 50 52
113 51 55
113 52 55
113 53 67
113 54 41
113 55 51
113 56 46
113 57 47
113 58 53
113 59 56
113 60 58
113 61 51
113 62 62
113 63 36
113 64 56
113 65 46
113 66 42
113 67 49
113 68 52
113 69 49
113 70 58
113 71 52
113 72 63
113 73 50
113 74 51
113 75 54
113 76 47
113 77 51
113 78 45
113 79 43
113 80 45
113 81 46
113 82 45
113 83 46
113 84 61
113 85 41
113 86 45
113 87 54
113 88 46
113 89 38
113 90 31
113 91 44
113 92 43
113 93 49
113 94 49
113 95 52
113 96 56
113 97 45
113 98 46
113 99 57
113 100 56
113 101 38
113 102 47
113 103 49
113 104 49
113 105 39
113 106 51
113 107 47
113 108 60
113 109 54
113 110 58
113 111 54
113 112 47
113 113 46
113 114 58
113 115 39
113 116 46
113 117 49
113 118 54
113 119 42
113 120 40
113 121 53
113 122 46
113 123 50
113 124 58
113 125 58
113 126 39
113 127 51
113 128 52
113 129 50
113 130 49
113 131 48
113 132 49
113 133 46
113 134 48
113 135 59
113 136 50
113 137 55
113 138 54
113 139 45
113 140 61
113 141 46
113 142 52
113 143 45
113 144 61
113 145 58
113 146 68
113 147 54
113 148 51
113 149 49
114 0 57
114 1 48
114 2 51
114 3 54
114 4 56
114 5 62
114 6 43
114 7 57
114 8 43
114 9 33
114 10 51
114 11 48
114 12 61
114 13 48
114 14 39
114 15 47
114 16 33
114 17 45
114 18 50
114 19 37
114 20 45
114 21 54
114 22 35
114 23 56
114 24 39
114 25 37
114 26 32
114 27 46
114 28 44
114 29 49
114 30 45
114 31 47
114 32 58
114 33 45
114 34 48
114 35 46
114 36 53
114 37 49
114 38 45
114 39 37
114 40 58
114 41 52
114 42 54
114 43 34
114 44 50
114 45 59
114 46 49
114 47 45
114 48 42
114 49 52
114 50 50
114 51 61
114 52 56
114 53 53
114 54 39
114 55 46
114 56 44
114 57 58
114 58 38
114 59 47
114 60 55
114 61 61
114 62 56
114 63 39
114 64 39
114 65 63
114 66 54
114 67 40
114 68 53
114 69 46
114 70 59
114 71 53
114 72 40
114 73 58
114 74 44
114 75 58
114 76 47
114 77 41
114 78 53
114 79 53
114 80 49
114 81 45
114 82 54
114 83 51
114 84 46
114 85 55
114 86 38
114 87 51
114 88 54
114 89 61
114 90 64
114 91 41
114 92 38
114 93 38
114 94 48
114 95 54
114 96 46
114 97 52
114 98 52
114 99 55
114 100 52
114 101 59
114 102 48
114 103 42
114 104 46
114 105 45
114 106 53
114 107 40
114 108 33
114 109 59
114 110 52
114 111 32
114 112 48
114 113 52
114 114 46
114 115 53
114 116 40
114 117 56
114 118 36
114 119 43
114 120 53
114 121 51
114 122 56
114 123 70
114 124 52
114 125 43
114 126 35
114 127 58
114 128 48
114 129 37
114 130 43
114 131 44
114 132 42
114 133 43
114 134 48
114 135 52
114 136 62
114 137 39
114 138 62
114 139 55
114 140 47
114 141 47
114 142 40
114 143 42
114 144 46
114 145 55
114 146 45
114 147 46
114 148 49
114 149 51
115 0 73
115 1 61
115 2 52
115 3 49
115 4 54
115 5 38
115 6 44
115 7 51
115 8 47
115 9 51
115 10 52
115 11 32
115 12 41
115 13 36
115 14 48
115 15 41
115 16 44
115 17 59
115 18 37
115 19 53
115 20 43
115 21 35
115 22 40
115 23 38
115 24 49
115 25 50
115 26 41
115 27 43
115 28 45
115 29 41
115 30 61
115 31 64
115 32 48
115 33 54
115 34 40
115 35 64
115 36 61
115 37 41
115 38 43
115 39 63
115 40 48
115 41 60
115 42 45
115 43 51
115 44 51
115 45 44
115 46 43
115 47 43
115 48 53
115 49 50
115 50 37
115 51 43
115 52 44
115 53 49
115 54 57
115 55 41
115 56 50
115 57 43
115 58 54
115 59 53
115 60 45
115 61 47
115 62 41
115 63 63
115 64 48
115 65 52
115 66 53
115 67 59
115 68 51
115 69 59
115 70 44
115 71 42
115 72 53
115 73 57
115 74 50
115 75 47
115 76 51
115 77 34
115 78 49
115 79 48
115 80 50
115 81 56
115 82 47
115 83 54
115 84 35
115 85 51
115 86 56
115 87 31
115 88 51
115 89 52
115 90 48
115 91 60
115 92 49
115 93 45
115 94 58
115 95 48
115 96 42
115 97 26
115 98 46
115 99 43
115 100 51
115 101 35
115 102 43
115 103 56
115 104 46
115 105 56
115 106 41
115 107 44
115 108 57
115 109 57
115 110 46
115 111 52
115 112 39
115 113 37
115 114 48
115 115 44
115 116 54
115 117 53
115 118 53
115 119 41
115 120 52
115 121 40
115 122 56
115 123 43
115 124 52
115 125 49
115 126 61
115 127 44
115 128 52
115 129 54
115 130 59
115 131 46
115 132 45
115 133 61
115 134 46
115 135 45
115 136 51
115 137 52
115 138 47
115 139 59
115 140 56
115 141 42
115 142 44
115 143 46
115 144 45
115 145 47
115 146 57
115 147 52
115 148 48
115 149 53
116 0 57
116 1 40
116 2 46
116 3 41
116 4 46
116 5 46
116 6 39
116 7 57
116 8 51
116 9 53
116 10 57
116 11 40
116 12 48
116 13 45
116 14 47
116 15 54
116 16 45
116 17 46
116 18 45
116 19 44
116 20 50
116 21 47
116 22 40
116 23 37
116 24 51
116 25 49
116 26 45
116 27 57
116 28 41
116 29 38
116 30 43
116 31 32
116 32 50
116 33 62
116 34 53
116 35 44
116 36 44
116 37 40
116 38 47
116 39 48
116 40 59
116 41 45
116 42 59
116 43 42
116 44 55
116 45 42
116 46 48
116 47 47
116 48 50
116 49 49
116 50 54
116 51 55
116 52 45
116 53 44
116 54 37
116 55 54
116 56 60
116 57 43
116 58 36
116 59 44
116 60 50
116 61 60
116 62 44
116 63 51
116 64 34
116 65 53
116 66 48
116 67 48
116 68 50
116 69 45
116 70 51
116 71 52
116 72 43
116 73 42
116 74 48
116 75 52
116 76 38
116 77 47
116 78 65
116 79 55
116 80 45
116 81 48
116 82 43
116 83 60
116 84 38
116 85 57
116 86 55
116 87 40
116 88 48
116 89 58
116 90 48
116 91 41
116 92 52
116 93 51
116 94 51
116 95 54
116 96 54
116 97 37
116 98 53
116 99 63
116 100 47
116 101 48
116 102 48
116 103 53
116 104 52
116 105 49
116 106 47
116 107 39
116 108 47
116 109 35
116 110 41
116 111 43
116 112 51
116 113 50
116 114 36
116 115 52
116 116 44
116 117 55
116 118 46
116 119 62
116 120 60
116 121 41
116 122 58
116 123 32
116 124 44
116 125 41
116 126 40
116 127 40
116 128 49
116 129 36
116 130 64
116 131 50
116 132 37
116 133 46
116 134 48
116 135 43
116 136 30
116 137 53
116 138 54
116 139 50
116 140 47
116 141 54
116 142 60
116 143 49
116 144 49
116 145 55
116 146 61
116 147 42
116 148 56
116 149 51
117 0 56
117 1 45
117 2 51
117 3 45
117 4 32
117 5 48
117 6 46
117 7 41
117 8 40
117 9 43
117 10 50
117 11 45
117 12 33
117 13 55
117 14 49
117 15 55
117 16 54
117 17 36
117 18 50
117 19 42
117 20 53
117 21 38
117 22 43
117 23 43
117 24 44
117 25 40
117 26 39
117 27 46
117 28 64
117 29 36
117 30 51
117 31 38
117 32 47
117 33 46
117 34 46
117 35 53
117 36 34
117 37 41
117 38 60
117 39 56
117 40 45
117 41 54
117 42 58
117 43 46
117 44 40
117 45 34
117 46 51
117 47 49
117 48 42
117 49 45
117 50 49
117 51 45
117 52 54
117 53 48
117 54 50
117 55 50
117 56 56
117 57 46
117 58 57
117 59 49
117 60 40
117 61 50
117 62 47
117 63 40
117 64 44
117 65 51
117 66 41
117 67 51
117 68 36
117 69 42
117 70 52
117 71 50
117 72 57
117 73 62
117 74 53
117 75 60
117 76 42
117 77 59
117 78 44
117 79 55
117 80 54
117 81 50
117 82 48
117 83 38
117 84 46
117 85 51
117 86 54
117 87 54
117 88 45
117 89 43
117 90 54
117 91 49
117 92 50
117 93 47
117 94 46
117 95 46
117 96 38
117 97 53
117 98 44
117 99 43
117 100 48
117 101 56
117 102 45
117 103 52
117 104 52
117 105 46
117 106 56
117 107 50
117 108 53
117 109 47
117 110 44
117 111 46
117 112 36
117 113 52
117 114 32
117 115 40
117 116 37
117 117 57
117 118 40
117 119 52
117 120 39
117 121 52
117 122 51
117 123 55
117 124 37
117 125 27
117 126 41
117 127 51
117 128 60
117 129 47
117 130 36
117 131 55
117 132 38
117 133 41
117 134 35
117 135 54
117 136 41
117 137 47
117 138 48
117 139 41
117 140 35
117 141 51
117 142 39
117 143 52
117 144 60
117 145 54
117 146 41
117 147 47
117 148 48
117 149 49
118 0 54
118 1 33
118 2 52
118 3 46
118 4 47
118 5 53
118 6 44
118 7 49
118 8 46
118 9 47
118 10 50
118 11 38
118 12 44
118 13 45
118 14 56
118 15 46
118 16 41
118 17 55
118 18 51
118 19 45
118 20 38
118 21 50
118 22 42
118 23 42
118 24 52
118 25 52
118 26 51
118 27 46
118 28 38
118 29 53
118 30 44
118 31 41
118 32 60
118 33 49
118 34 49
118 35 52
118 36 47
118 37 46
118 38 47
118 39 33
118 40 42
118 41 34
118 42 47
118 43 50
118 44 46
118 45 40
118 46 41
118 47 45
118 48 44
118 49 51
118 50 50
118 51 39
118 52 42
118 53 53
118 54 40
118 55 44
118 56 53
118 57 49
118 58 49
118 59 44
118 60 54
118 61 41
118 62 54
118 63 43
118 64 53
118 65 60
118 66 36
118 67 46
118 68 49
118 69 44
118 70 48
118 71 42
118 72 63
118 73 43
118 74 47
118 75 28
118 76 43
118 77 46
118 78 45
118 79 51
118 80 38
118 81 57
118 82 55
118 83 31
118 84 51
118 85 42
118 86 49
118 87 37
118 88 46
118 89 52
118 90 40
118 91 46
118 92 41
118 93 43
118 94 52
118 95 61
118 96 32
118 97 50
118 98 46
118 99 53
118 100 41
118 101 44
118 102 49
118 103 46
118 104 59
118 105 41
118 106 39
118 107 51
118 108 42
118 109 53
118 110 45
118 111 57
118 112 49
118 113 44
118 114 43
118 115 43
118 116 44
118 117 44
118 118 46
118 119 42
118 120 46
118 121 47
118 122 53
118 123 36
118 124 37
118 125 47
118 126 48
118 127 43
118 128 44
118 129 42
118 130 48
118 131 36
118 132 56
118 133 57
118 134 50
118 135 58
118 136 54
118 137 37
118 138 52
118 139 43
118 140 49
118 141 47
118 142 48
118 143 59
118 144 54
118 145 57
118 146 41
118 147 52
118 148 40
118 149 49
119 0 47
119 1 48
119 2 44
119 3 54
119 4 46
119 5 48
119 6 60
119 7 48
119 8 40
119 9 45
119 10 58
119 11 47
119 12 41
119 13 43
119 14 41
119 15 39
119 16 43
119 17 55
119 18 51
119 19 45
119 20 45
119 21 43
119 22 47
119 23 51
119 24 42
119 25 44
119 26 47
119 27 47
119 28 34
119 29 47
119 30 51
119 31 35
119 32 39
119 33 50
119 34 59
119 35 43
119 36 44
119 37 39
119 38 46
119 39 49
119 40 45
119 41 52
119 42 40
119 43 46
119 44 51
119 45 42
119 46 30
119 47 50
119 48 40
119 49 49
119 50 53
119 51 43
119 52 47
119 53 50
119 54 46
119 55 37
119 56 39
119 57 49
119 58 49
119 59 38
119 60 52
119 61 54
119 62 51
119 63 36
119 64 60
119 65 34
119 66 52
119 67 48
119 68 49
119 69 35
119 70 48
119 71 44
119 72 43
119 73 50
119 74 43
119 75 47
119 76 53
119 77 40
119 78 64
119 79 44
119 80 36
119 81 44
119 82 37
119 83 48
119 84 45
119 85 53
119 86 35
119 87 45
119 88 59
119 89 42
119 90 51
119 91 39
119 92 41
119 93 47
119 94 44
119 95 58
119 96 52
119 97 48
119 98 45
119 99 56
119 100 47
119 101 35
119 102 52
119 103 47
119 104 48
119 105 43
119 106 55
119 107 43
119 108 57
119 109 39
119 110 46
119 111 42
119 112 46
119 113 53
119 114 49
119 115 41
119 116 56
119 117 59
119 118 37
119 119 49
119 120 48
119 121 56
119 122 51
119 123 51
119 124 44
119 125 31
119 126 31
119 127 51
119 128 46
119 129 49
119 130 50
119 131 49
119 132 60
119 133 40
119 134 52
119 135 45
119 136 47
119 137 54
119 138 54
119 139 53
119 140 67
119 141 46
119 142 55
119 143 53
119 144 39
119 145 51
119 146 55
119 147 41
119 148 47
119 149 39
120 0 43
120 1 48
120 2 44
120 3 40
120 4 49
120 5 48
120 6 53
120 7 52
120 8 48
120 9 38
120 10 40
120 11 52
120 12 41
120 13 35
120 14 52
120 15 48
120 16 43
120 17 55
120 18 38
120 19 63
120 20 37
120 21 42
120 22 53
120 23 40
120 24 39
120 25 52
120 26 44
120 27 45
120 28 46
120 29 44
120 30 44
120 31 49
120 32 44
120 33 39
120 34 41
120 35 43
120 36 57
120 37 43
120 38 56
120 39 45
120 40 45
120 41 51
120 42 36
120 43 51
120 44 49
120 45 51
120 46 40
120 47 44
120 48 49
120 49 36
120 50 40
120 51 44
120 52 40
120 53 49
120 54 55
120 55 38
120 56 58
120 57 47
120 58 47
120 59 47
120 60 59
120 61 53
120 62 49
120 63 48
120 64 45
120 65 47
120 66 37
120 67 59
120 68 36
120 69 48
120 70 49
120 71 50
120 72 44
120 73 57
120 74 43
120 75 47
120 76 31
120 77 48
120 78 46
120 79 46
120 80 45
120 81 44
120 82 43
120 83 47
120 84 52
120 85 43
120 86 44
120 87 46
120 88 44
120 89 52
120 90 39
120 91 36
120 92 44
120 93 43
120 94 56
120 95 41
120 96 46
120 97 50
120 98 55
120 99 39
120 100 51
120 101 46
120 102 46
120 103 49
120 104 51
120 105 58
120 106 47
120 107 36
120 108 50
120 109 50
120 110 51
120 111 47
120 112 48
120 113 41
120 114 52
120 115 40
120 116 47
120 117 49
120 118 58
120 119 46
120 120 56
120 121 43
120 122 48
120 123 50
120 124 42
120 125 47
120 126 51
120 127 56
120 128 50
120 129 33
120 130 49
120 131 48
120 132 60
120 133 36
120 134 40
120 135 48
120 136 49
120 137 38
120 138 51
120 139 48
120 140 37
120 141 46
120 142 48
120 143 38
120 144 40
120 145 53
120 146 59
120 147 40
120 148 55
120 149 38
121 0 52
121 1 43
121 2 42
121 3 50
121 4 42
121 5 43
121 6 35
121 7 45
121 8 40
121 9 37
121 10 58
121 11 45
121 12 43
121 13 49
121 14 43
121 15 43
121 16 39
121 17 33
121 18 43
121 19 51
121 20 38
121 21 41
121 22 43
121 23 54
121 24 42
121 25 50
121 26 49
121 27 41
121 28 40
121 29 50
121 30 41
121 31 42
121 32 47
121 33 54
121 34 56
121 35 45
121 36 42
121 37 50
121 38 39
121 39 45
121 40 39
121 41 54
121 42 44
121 43 49
121 44 49
121 45 43
121 46 43
121 47 56
121 48 54
121 49 47
121 50 49
121 51 56
121 52 48
121 53 44
121 54 40
121 55 42
121 56 43
121 57 40
121 58 47
121 59 41
121 60 44
121 61 57
121 62 50
121 63 38
121 64 52
121 65 50
121 66 37
121 67 51
121 68 53
121 69 47
121 70 38
121 71 50
121 72 46
121 73 42
121 74 51
121 75 46
121 76 39
121 77 65
121 78 49
121 79 42
121 80 53
121 81 41
121 82 40
121 83 52
121 84 53
121 85 49
121 86 49
121 87 48
121 88 48
121 89 46
121 90 53
121 91 53
121 92 45
121 93 43
121 94 60
121 95 52
121 96 45
121 97 51
121 98 53
121 99 56
121 100 50
121 101 45
121 102 39
121 103 54
121 104 41
121 105 41
121 106 42
121 107 42
121 108 43
121 109 31
121 110 46
121 111 44
121 112 48
121 113 55
121 114 49
121 115 36
121 116 45
121 117 45
121 118 38
121 119 41
121 120 51
121 121 45
121 122 53
121 123 49
121 124 50
121 125 44
121 126 47
121 127 53
121 128 52
121 129 37
121 130 47
121 131 36
121 132 50
121 133 42
121 134 59
121 135 55
121 136 39
121 137 37
121 138 47
121 139 43
121 140 52
121 141 39
121 142 38
121 143 36
121 144 46
121 145 67
121 146 46
121 147 55
121 148 59
121 149 44
122 0 30
122 1 44
122 2 41
122 3 48
122 4 36
122 5 47
122 6 42
122 7 42
122 8 34
122 9 50
122 10 43
122 11 43
122 12 46
122 13 44
122 14 58
122 15 43
122 16 50
122 17 47
122 18 45
122 19 45
122 20 46
122 21 57
122 22 38
122 23 30
122 24 39
122 25 55
122 26 45
122 27 56
122 28 37
122 29 42
122 30 57
122 31 40
122 32 51
122 33 46
122 34 31
122 35 38
122 36 41
122 37 55
122 38 50
122 39 38
122 40 44
122 41 48
122 42 55
122 43 54
122 44 55
122 45 40
122 46 42
122 47 45
122 48 34
122 49 41
122 50 35
122 51 40
122 52 44
122 53 49
122 54 36
122 55 36
122 56 34
122 57 44
122 58 41
122 59 38
122 60 43
122 61 39
122 62 42
122 63 54
122 64 46
122 65 47
122 66 38
122 67 29
122 68 36
122 69 57
122 70 44
122 71 45
122 72 36
122 73 46
122 74 36
122 75 29
122 76 36
122 77 54
122 78 46
122 79 46
122 80 39
122 81 32
122 82 37
122 83 47
122 84 41
122 85 41
122 86 32
122 87 48
122 88 35
122 89 36
122 90 56
122 91 50
122 92 46
122 93 32
122 94 50
122 95 47
122 96 55
122 97 41
122 98 45
122 99 50
122 100 48
122 101 59
122 102 48
122 103 39
122 104 50
122 105 46
122 106 42
122 107 44
122 108 44
122 109 55
122 110 57
122 111 46
122 112 40
122 113 51
122 114 41
122 115 35
122 116 43
122 117 40
122 118 40
122 119 56
122 120 51
122 121 39
122 122 42
122 123 45
122 124 54
122 125 57
122 126 41
122 127 44
122 128 39
122 129 43
122 130 39
122 131 56
122 132 49
122 133 45
122 134 48
122 135 58
122 136 37
122 137 43
122 138 40
122 139 36
122 140 40
122 141 48
122 142 38
122 143 55
122 144 44
122 145 49
122 146 40
122 147 41
122 148 49
122 149 54
123 0 35
123 1 37
123 2 49
123 3 49
123 4 57
123 5 37
123 6 38
123 7 43
123 8 49
123 9 47
123 10 47
123 11 42
123 12 37
123 13 48
123 14 45
123 15 43
123 16 44
123 17 42
123 18 25
123 19 58
123 20 35
123 21 41
123 22 55
123 23 44
123 24 48
123 25 47
123 26 32
123 27 35
123 28 59
123 29 42
123 30 48
123 31 36
123 32 50
123 33 41
123 34 38
123 35 49
123 36 58
123 37 42
123 38 49
123 39 46
123 40 48
123 41 43
123 42 59
123 43 51
123 44 58
123 45 39
123 46 50
123 47 40
123 48 51
123 49 40
123 50 41
123 51 56
123 52 48
123 53 43
123 54 55
123 55 47
123 56 37
123 57 42
123 58 50
123 59 48
123 60 51
123 61 40
123 62 53
123 63 57
123 64 42
123 65 44
123 66 40
123 67 45
123 68 47
123 69 54
123 70 36
123 71 45
123 72 43
123 73 51
123 74 59
123 75 40
123 76 51
123 77 39
123 78 32
123 79 37
123 80 38
123 81 44
123 82 44
123 83 49
123 84 42
123 85 39
123 86 39
123 87 31
123 88 44
123 89 49
123 90 38
123 91 38
123 92 52
123 93 45
123 94 44
123 95 52
123 96 43
123 97 42
123 98 51
123 99 44
123 100 51
123 101 46
123 102 45
123 103 61
123 104 36
123 105 49
123 106 48
123 107 58
123 108 47
123 109 49
123 110 44
123 111 42
123 112 52
123 113 42
123 114 39
123 115 55
123 116 48
123 117 42
123 118 49
123 119 54
123 120 36
123 121 52
123 122 41
123 123 46
123 124 42
123 125 40
123 126 35
123 127 42
123 128 45
123 129 49
123 130 47
123 131 34
123 132 42
123 133 46
123 134 48
123 135 58
123 136 48
123 137 43
123 138 47
123 139 39
123 140 44
123 141 59
123 142 58
123 143 42
123 144 58
123 145 48
123 146 55
123 147 55
123 148 46
123 149 41
124 0 37
124 1 48
124 2 57
124 3 60
124 4 36
124 5 43
124 6 40
124 7 33
124 8 52
124 9 37
124 10 52
124 11 34
124 12 46
124 13 44
124 14 45
124 15 37
124 16 42
124 17 41
124 18 48
124 19 50
124 20 46
124 21 44
124 22 49
124 23 43
124 24 45
124 25 43
124 26 53
124 27 36
124 28 39
124 29 28
124 30 42
124 31 38
124 32 52
124 33 53
124 34 49
124 35 49
124 36 35
124 37 55
124 38 55
124 39 50
124 40 53
124 41 50
124 42 50
124 43 49
124 44 54
124 45 44
124 46 36
124 47 38
124 48 30
124 49 40
124 50 55
124 51 43
124 52 39
124 53 50
124 54 55
124 55 39
124 56 49
124 57 49
124 58 51
124 59 42
124 60 47
124 61 54
124 62 50
124 63 44
124 64 49
124 65 40
124 66 37
124 67 46
124 68 34
124 69 62
124 70 41
124 71 38
124 72 41
124 73 47
124 74 36
124 75 45
124 76 46
124 77 54
124 78 43
124 79 39
124 80 36
124 81 47
124 82 37
124 83 49
124 84 39
124 85 42
124 86 38
124 87 46
124 88 44
124 89 61
124 90 47
124 91 56
124 92 49
124 93 66
124 94 50
124 95 47
124 96 48
124 97 55
124 98 43
124 99 49
124 100 58
124 101 39
124 102 41
124 103 47
124 104 47
124 105 47
124 106 35
124 107 41
124 108 42
124 109 50
124 110 40
124 111 51
124 112 48
124 113 38
124 114 44
124 115 38
124 116 58
124 117 44
124 118 50
124 119 45
124 120 43
124 121 34
124 122 48
124 123 50
124 124 48
124 125 44
124 126 56
124 127 43
124 128 43
124 129 44
124 130 36
124 131 43
124 132 38
124 133 53
124 134 46
124 135 33
124 136 41
124 137 41
124 138 34
124 139 58
124 140 30
124 141 42
124 142 53
124 143 45
124 144 45
124 145 49
124 146 38
124 147 51
124 148 50
124 149 54
125 0 44
125 1 39
125 2 43
125 3 49
125 4 44
125 5 32
125 6 41
125 7 45
125 8 37
125 9 47
125 10 39
125 11 30
125 12 39
125 13 37
125 14 32
125 15 48
125 16 37
125 17 39
125 18 45
125 19 47
125 20 41
125 21 41
125 22 44
125 23 50
125 24 44
125 25 46
125 26 46
125 27 41
125 28 41
125 29 35
125 30 39
125 31 37
125 32 52
125 33 44
125 34 35
125 35 48
125 36 47
125 37 45
125 38 56
125 39 46
125 40 57
125 41 41
125 42 42
125 43 49
125 44 33
125 45 39
125 46 48
125 47 51
125 48 46
125 49 44
125 50 41
125 51 42
125 52 40
125 53 45
125 54 43
125 55 33
125 56 42
125 57 41
125 58 56
125 59 43
125 60 50
125 61 49
125 62 55
125 63 38
125 64 50
125 65 49
125 66 36
125 67 43
125 68 41
125 69 35
125 70 48
125 71 62
125 72 42
125 73 45
125 74 40
125 75 46
125 76 29
125 77 37
125 78 43
125 79 47
125 80 44
125 81 51
125 82 57
125 83 41
125 84 47
125 85 52
125 86 36
125 87 46
125 88 38
125 89 48
125 90 47
125 91 45
125 92 46
125 93 37
125 94 54
125 95 44
125 96 42
125 97 42
125 98 53
125 99 34
125 100 45
125 101 44
125 102 53
125 103 49
125 104 50
125 105 40
125 106 39
125 107 46
125 108 37
125 109 32
125 110 41
125 111 41
125 112 53
125 113 42
125 114 34
125 115 48
125 116 52
125 117 29
125 118 40
125 119 39
125 120 38
125 121 38
125 122 50
125 123 38
125 124 40
125 125 51
125 126 46
125 127 58
125 128 38
125 129 48
125 130 42
125 131 42
125 132 38
125 133 48
125 134 52
125 135 41
125 136 37
125 137 43
125 138 57
125 139 42
125 140 49
125 141 49
125 142 62
125 143 35
125 144 55
125 145 45
125 146 39
125 147 28
125 148 52
125 149 48
126 0 36
126 1 46
126 2 38
126 3 41
126 4 44
126 5 61
126 6 38
126 7 38
126 8 50
126 9 47
126 10 40
126 11 40
126 12 42
126 13 54
126 14 54
126 15 46
126 16 52
126 17 50
126 18 46
126 19 43
126 20 49
126 21 39
126 22 40
126 23 43
126 24 38
126 25 42
126 26 42
126 27 42
126 28 45
126 29 46
126 30 42
126 31 39
126 32 45
126 33 45
126 34 41
126 35 49
126 36 50
126 37 47
126 38 40
126 39 42
126 40 50
126 41 47
126 42 56
126 43 36
126 44 42
126 45 37
126 46 32
126 47 43
126 48 54
126 49 33
126 50 36
126 51 41
126 52 49
126 53 58
126 54 42
126 55 44
126 56 39
126 57 67
126 58 41
126 59 47
126 60 42
126 61 53
126 62 39
126 63 48
126 64 43
126 65 47
126 66 33
126 67 40
126 68 45
126 69 49
126 70 38
126 71 54
126 72 42
126 73 46
126 74 41
126 75 39
126 76 34
126 77 40
126 78 44
126 79 43
126 80 44
126 81 46
126 82 49
126 83 37
126 84 32
126 85 33
126 86 29
126 87 53
126 88 41
126 89 47
126 90 47
126 91 60
126 92 37
126 93 56
126 94 40
126 95 43
126 96 52
126 97 44
126 98 43
126 99 42
126 100 42
126 101 40
126 102 31
126 103 51
126 104 46
126 105 44
126 106 43
126 107 37
126 108 40
126 109 40
126 110 55
126 111 43
126 112 48
126 113 41
126 114 44
126 115 54
126 116 56
126 117 51
126 118 41
126 119 44
126 120 52
126 121 47
126 122 47
126 123 41
126 124 40
126 125 39
126 126 41
126 127 48
126 128 44
126 129 42
126 130 54
126 131 40
126 132 53
126 133 45
126 134 41
126 135 50
126 136 48
126 137 54
126 138 42
126 139 47
126 140 47
126 141 40
126 142 38
126 143 42
126 144 40
126 145 44
126 146 46
126 147 44
126 148 43
126 149 38
127 0 50
127 1 41
127 2 58
127 3 39
127 4 56
127 5 49
127 6 28
127 7 45
127 8 42
127 9 57
127 10 52
127 11 41
127 12 48
127 13 57
127 14 48
127 15 40
127 16 39
127 17 41
127 18 54
127 19 43
127 20 46
127 21 58
127 22 49
127 23 42
127 24 37
127 25 48
127 26 44
127 27 44
127 28 47
127 29 56
127 30 45
127 31 46
127 32 40
127 33 36
127 34 40
127 35 42
127 36 51
127 37 52
127 38 43
127 39 44
127 40 41
127 41 44
127 42 43
127 43 43
127 44 45
127 45 52
127 46 39
127 47 58
127 48 49
127 49 45
127 50 38
127 51 44
127 52 41
127 53 55
127 54 45
127 55 41
127 56 45
127 57 43
127 58 37
127 59 40
127 60 45
127 61 42
127 62 45
127 63 37
127 64 41
127 65 36
127 66 39
127 67 61
127 68 49
127 69 37
127 70 47
127 71 51
127 72 35
127 73 45
127 74 51
127 75 39
127 76 47
127 77 43
127 78 62
127 79 40
127 80 42
127 81 49
127 82 52
127 83 61
127 84 35
127 85 44
127 86 55
127 87 39
127 88 47
127 89 44
127 90 50
127 91 39
127 92 47
127 93 39
127 94 53
127 95 50
127 96 45
127 97 53
127 98 49
127 99 55
127 100 44
127 101 58
127 102 38
127 103 55
127 104 51
127 105 45
127 106 45
127 107 50
127 108 54
127 109 48
127 110 42
127 111 53
127 112 44
127 113 51
127 114 49
127 115 45
127 116 58
127 117 24
127 118 42
127 119 41
127 120 37
127 121 38
127 122 47
127 123 55
127 124 40
127 125 42
127 126 37
127 127 48
127 128 35
127 129 50
127 130 46
127 131 43
127 132 43
127 133 42
127 134 50
127 135 40
127 136 32
127 137 50
127 138 41
127 139 50
127 140 52
127 141 61
127 142 47
127 143 42
127 144 48
127 145 40
127 146 58
127 147 39
127 148 44
127 149 50
128 0 47
128 1 34
128 2 30
128 3 55
128 4 47
128 5 38
128 6 49
128 7 45
128 8 56
128 9 43
128 10 54
128 11 60
128 12 54
128 13 50
128 14 43
128 15 40
128 16 36
128 17 51
128 18 43
128 19 36
128 20 57
128 21 51
128 22 42
128 23 46
128 24 48
128 25 55
128 26 44
128 27 52
128 28 40
128 29 50
128 30 49
128 31 32
128 32 47
128 33 34
128 34 41
128 35 51
128 36 56
128 37 44
128 38 52
128 39 36
128 40 46
128 41 47
128 42 38
128 43 49
128 44 46
128 45 52
128 46 54
128 47 39
128 48 46
128 49 50
128 50 47
128 51 41
128 52 48
128 53 37
128 54 44
128 55 48
128 56 37
128 57 47
128 58 55
128 59 42
128 60 35
128 61 51
128 62 52
128 63 46
128 64 44
128 65 49
128 66 48
128 67 44
128 68 41
128 69 49
128 70 46
128 71 55
128 72 41
128 73 41
128 74 51
128 75 43
128 76 50
128 77 40
128 78 35
128 79 39
128 80 47
128 81 41
128 82 39
128 83 45
128 84 43
128 85 32
128 86 47
128 87 43
128 88 48
128 89 50
128 90 46
128 91 43
128 92 48
128 93 44
128 94 42
128 95 34
128 96 49
128 97 35
128 98 51
128 99 58
128 100 49
128 101 50
128 102 47
128 103 36
128 104 42
128 105 38
128 106 53
128 107 54
128 108 44
128 109 50
128 110 43
128 111 41
128 112 37
128 113 34
128 114 57
128 115 48
128 116 38
128 117 55
128 118 44
128 119 30
128 120 58
128 121 40
128 122 49
128 123 52
128 124 55
128 125 45
128 126 45
128 127 53
128 128 53
128 129 51
128 130 44
128 131 40
128 132 42
128 133 36
128 134 58
128 135 50
128 136 45
128 137 44
128 138 43
128 139 52
128 140 40
128 141 38
128 142 64
128 143 41
128 144 42
128 145 46
128 146 44
128 147 46
128 148 47
128 149 44
129 0 44
129 1 44
129 2 45
129 3 45
129 4 44
129 5 48
129 6 50
129 7 44
129 8 40
129 9 50
129 10 51
129 11 30
129 12 47
129 13 57
129 14 39
129 15 31
129 16 52
129 17 27
129 18 39
129 19 57
129 20 51
129 21 58
129 22 48
129 23 58
129 24 38
129 25 41
129 26 55
129 27 44
129 28 40
129 29 51
129 30 46
129 31 46
129 32 40
129 33 39
129 34 40
129 35 43
129 36 41
129 37 37
129 38 42
129 39 27
129 40 39
129 41 49
129 42 34
129 43 37
129 44 43
129 45 48
129 46 37
129 47 55
129 48 42
129 49 46
129 50 61
129 51 54
129 52 47
129 53 45
129 54 54
129 55 41
129 56 50
129 57 39
129 58 35
129 59 40
129 60 50
129 61 41
129 62 38
129 63 54
129 64 53
129 65 48
129 66 34
129 67 44
129 68 46
129 69 43
129 70 47
129 71 47
129 72 50
129 73 38
129 74 52
129 75 54
129 76 39
129 77 56
129 78 43
129 79 43
129 80 29
129 81 40
129 82 46
129 83 42
129 84 44
129 85 44
129 86 40
129 87 59
129 88 48
129 89 53
129 90 49
129 91 43
129 92 51
129 93 54
129 94 45
129 95 37
129 96 43
129 97 43
129 98 46
129 99 35
129 100 42
129 101 54
129 102 54
129 103 47
129 104 48
129 105 55
129 106 47
129 107 40
129 108 40
129 109 44
129 110 46
129 111 55
129 112 39
129 113 40
129 114 43
129 115 40
129 116 49
129 117 45
129 118 50
129 119 37
129 120 54
129 121 40
129 122 44
129 123 51
129 124 46
129 125 48
129 126 32
129 127 50
129 128 43
129 129 50
129 130 36
129 131 45
129 132 43
129 133 56
129 134 40
129 135 37
129 136 46
129 137 46
129 138 54
129 139 51
129 140 37
129 141 36
129 142 44
129 143 41
129 144 44
129 145 37
129 146 60
129 147 40
129 148 42
129 149 45
130 0 32
130 1 55
130 2 40
130 3 53
130 4 52
130 5 45
130 6 42
130 7 39
130 8 41
130 9 42
130 10 55
130 11 37
130 12 43
130 13 48
130 14 36
130 15 43
130 16 36
130 17 54
130 18 52
130 19 56
130 20 45
130 21 52
130 22 41
130 23 40
130 24 51
130 25 49
130 26 48
130 27 46
130 28 33
130 29 49
130 30 47
130 31 41
130 32 51
130 33 54
130 34 45
130 35 46
130 36 47
130 37 31
130 38 53
130 39 56
130 40 50
130 41 49
130 42 46
130 43 44
130 44 49
130 45 33
130 46 42
130 47 44
130 48 41
130 49 43
130 50 36
130 51 46
130 52 45
130 53 39
130 54 42
130 55 34
130 56 46
130 57 51
130 58 42
130 59 35
130 60 53
130 61 59
130 62 44
130 63 47
130 64 38
130 65 43
130 66 42
130 67 53
130 68 42
130 69 49
130 70 36
130 71 45
130 72 44
130 73 31
130 74 42
130 75 39
130 76 54
130 77 52
130 78 50
130 79 45
130 80 46
130 81 40
130 82 44
130 83 44
130 84 48
130 85 31
130 86 57
130 87 48
130 88 50
130 89 45
130 90 54
130 91 51
130 92 40
130 93 46
130 94 61
130 95 54
130 96 49
130 97 42
130 98 46
130 99 38
130 100 49
130 101 49
130 102 40
130 103 44
130 104 35
130 105 42
130 106 50
130 107 45
130 108 37
130 109 35
130 110 55
130 111 42
130 112 49
130 113 52
130 114 36
130 115 48
130 116 39
130 117 48
130 118 37
130 119 40
130 120 50
130 121 36
130 122 41
130 123 36
130 124 46
130 125 45
130 126 35
130 127 47
130 128 47
130 129 47
130 130 46
130 131 43
130 132 45
130 133 38
130 134 38
130 135 35
130 136 66
130 137 44
130 138 50
130 139 50
130 140 52
130 141 44
130 142 49
130 143 31
130 144 53
130 145 40
130 146 38
130 147 55
130 148 42
130 149 41
131 0 44
131 1 45
131 2 47
131 3 56
131 4 45
131 5 51
131 6 52
131 7 43
131 8 54
131 9 34
131 10 52
131 11 46
131 12 38
131 13 49
131 14 55
131 15 39
131 16 36
131 17 57
131 18 46
131 19 46
131 20 37
131 21 41
131 22 36
131 23 43
131 24 54
131 25 48
131 26 46
131 27 57
131 28 46
131 29 35
131 30 53
131 31 45
131 32 46
131 33 39
131 34 41
131 35 42
131 36 53
131 37 40
131 38 41
131 39 54
131 40 47
131 41 46
131 42 51
131 43 57
131 44 52
131 45 44
131 46 38
131 47 48
131 48 42
131 49 25
131 50 42
131 51 46
131 52 49
131 53 43
131 54 30
131 55 55
131 56 36
131 57 37
131 58 53
131 59 44
131 60 39
131 61 41
131 62 53
131 63 47
131 64 47
131 65 40
131 66 44
131 67 33
131 68 43
131 69 34
131 70 53
131 71 60
131 72 45
131 73 48
131 74 42
131 75 54
131 76 35
131 77 55
131 78 47
131 79 43
131 80 42
131 81 46
131 82 43
131 83 55
131 84 51
131 85 54
131 86 39
131 87 39
131 88 57
131 89 62
131 90 48
131 91 42
131 92 37
131 93 48
131 94 47
131 95 52
131 96 38
131 97 49
131 98 49
131 99 47
131 100 45
131 101 44
131 102 49
131 103 62
131 104 34
131 105 36
131 106 46
131 107 58
131 108 47
131 109 39
131 110 41
131 111 43
131 112 45
131 113 56
131 114 50
131 115 40
131 116 44
131 117 60
131 118 40
131 119 39
131 120 51
131 121 36
131 122 30
131 123 37
131 124 42
131 125 42
131 126 56
131 127 48
131 128 57
131 129 46
131 130 53
131 131 36
131 132 35
131 133 47
131 134 43
131 135 43
131 136 45
131 137 40
131 138 43
131 139 46
131 140 49
131 141 49
131 142 37
131 143 50
131 144 38
131 145 44
131 146 53
131 147 56
131 148 53
131 149 38
132 0 48
132 1 55
132 2 40
132 3 48
132 4 41
132 5 48
132 6 48
132 7 42
132 8 47
132 9 42
132 10 48
132 11 43
132 12 44
132 13 49
132 14 47
132 15 60
132 16 49
132 17 37
132 18 35
132 19 47
132 20 44
132 21 36
132 22 46
132 23 54
132 24 41
132 25 43
132 26 48
132 27 46
132 28 46
132 29 42
132 30 49
132 31 48
132 32 45
132 33 51
132 34 47
132 35 62
132 36 41
132 37 43
132 38 53
132 39 43
132 40 51
132 41 61
132 42 55
132 43 49
132 44 41
132 45 57
132 46 47
132 47 40
132 48 47
132 49 42
132 50 43
132 51 44
132 52 41
132 53 45
132 54 42
132 55 41
132 56 56
132 57 45
132 58 37
132 59 44
132 60 40
132 61 43
132 62 44
132 63 37
132 64 47
132 65 50
132 66 53
132 67 32
132 68 46
132 69 42
132 70 48
132 71 31
132 72 42
132 73 57
132 74 62
132 75 45
132 76 46
132 77 40
132 78 47
132 79 57
132 80 46
132 81 39
132 82 48
132 83 45
132 84 43
132 85 44
132 86 36
132 87 48
132 88 47
132 89 51
132 90 39
132 91 49
132 92 50
132 93 40
132 94 47
132 95 54
132 96 37
132 97 42
132 98 42
132 99 33
132 100 46
132 101 44
132 102 43
132 103 51
132 104 52
132 105 48
132 106 44
132 107 39
132 108 60
132 109 37
132 110 42
132 111 48
132 112 46
132 113 56
132 114 41
132 115 49
132 116 41
132 117 34
132 118 50
132 119 40
132 120 41
132 121 39
132 122 36
132 123 40
132 124 46
132 125 43
132 126 45
132 127 47
132 128 45
132 129 49
132 130 50
132 131 51
132 132 54
132 133 53
132 134 37
132 135 38
132 136 47
132 137 33
132 138 51
132 139 41
132 140 44
132 141 46
132 142 44
132 143 43
132 144 44
132 145 46
132 146 49
132 147 37
132 148 57
132 149 48
133 0 41
133 1 62
133 2 45
133 3 26
133 4 49
133 5 51
133 6 47
133 7 56
133 8 44
133 9 47
133 10 69
133 11 41
133 12 46
133 13 42
133 14 55
133 15 34
133 16 37
133 17 52
133 18 45
133 19 36
133 20 49
133 21 51
133 22 37
133 23 50
133 24 51
133 25 64
133 26 41
133 27 47
133 28 44
133 29 45
133 30 45
133 31 50
133 32 60
133 33 50
133 34 50
133 35 45
133 36 57
133 37 45
133 38 45
133 39 43
133 40 51
133 41 44
133 42 50
133 43 45
133 44 46
133 45 49
133 46 37
133 47 41
133 48 40
133 49 37
133 50 60
133 51 57
133 52 59
133 53 50
133 54 37
133 55 48
133 56 48
133 57 49
133 58 46
133 59 53
133 60 46
133 61 52
133 62 40
133 63 46
133 64 56
133 65 43
133 66 44
133 67 55
133 68 43
133 69 30
133 70 42
133 71 37
133 72 46
133 73 48
133 74 47
133 75 48
133 76 51
133 77 56
133 78 57
133 79 40
133 80 57
133 81 48
133 82 64
133 83 43
133 84 51
133 85 53
133 86 43
133 87 60
133 88 37
133 89 40
133 90 33
133 91 47
133 92 47
133 93 43
133 94 38
133 95 42
133 96 36
133 97 47
133 98 47
133 99 52
133 100 52
133 101 40
133 102 47
133 103 51
133 104 32
133 105 39
133 106 39
133 107 48
133 108 59
133 109 37
133 110 47
133 111 56
133 112 59
133 113 38
133 114 42
133 115 41
133 116 42
133 117 43
133 118 42
133 119 48
133 120 40
133 121 54
133 122 37
133 123 37
133 124 54
133 125 51
133 126 46
133 127 39
133 128 44
133 129 65
133 130 38
133 131 39
133 132 41
133 133 56
133 134 50
133 135 44
133 136 51
133 137 46
133 138 45
133 139 43
133 140 46
133 141 55
133 142 54
133 143 50
133 144 45
133 145 53
133 146 42
133 147 45
133 148 48
133 149 44
134 0 45
134 1 46
134 2 46
134 3 40
134 4 52
134 5 59
134 6 44
134 7 43
134 8 57
134 9 43
134 10 57
134 11 52
134 12 40
134 13 64
134 14 53
134 15 58
134 16 42
134 17 54
134 18 50
134 19 63
134 20 38
134 21 34
134 22 49
134 23 46
134 24 40
134 25 42
134 26 39
134 27 41
134 28 68
134 29 48
134 30 48
134 31 45
134 32 44
134 33 33
134 34 50
134 35 50
134 36 43
134 37 43
134 38 40
134 39 44
134 40 33
134 41 41
134 42 35
134 43 46
134 44 43
134 45 43
134 46 39
134 47 32
134 48 43
134 49 40
134 50 43
134 51 48
134 52 49
134 53 51
134 54 48
134 55 49
134 56 50
134 57 64
134 58 50
134 59 54
134 60 46
134 61 55
134 62 65
134 63 36
134 64 46
134 65 52
134 66 46
134 67 53
134 68 55
134 69 49
134 70 49
134 71 39
134 72 44
134 73 52
134 74 47
134 75 48
134 76 46
134 77 33
134 78 56
134 79 43
134 80 53
134 81 43
134 82 46
134 83 50
134 84 49
134 85 49
134 86 43
134 87 50
134 88 44
134 89 36
134 90 57
134 91 46
134 92 44
134 93 51
134 94 43
134 95 48
134 96 42
134 97 50
134 98 46
134 99 41
134 100 46
134 101 54
134 102 54
134 103 46
134 104 54
134 105 60
134 106 44
134 107 52
134 108 50
134 109 38
134 110 44
134 111 42
134 112 46
134 113 35
134 114 48
134 115 39
134 116 56
134 117 47
134 118 41
134 119 49
134 120 43
134 121 46
134 122 50
134 123 36
134 124 52
134 125 56
134 126 46
134 127 31
134 128 36
134 129 56
134 130 51
134 131 47
134 132 46
134 133 57
134 134 43
134 135 54
134 136 50
134 137 51
134 138 46
134 139 54
134 140 43
134 141 62
134 142 56
134 143 43
134 144 52
134 145 57
134 146 44
134 147 41
134 148 49
134 149 60
135 0 51
135 1 52
135 2 57
135 3 31
135 4 54
135 5 37
135 6 60
135 7 48
135 8 52
135 9 48
135 10 52
135 11 45
135 12 48
135 13 51
135 14 60
135 15 45
135 16 59
135 17 43
135 18 38
135 19 52
135 20 49
135 21 60
135 22 42
135 23 46
135 24 49
135 25 54
135 26 47
135 27 50
135 28 44
135 29 46
135 30 48
135 31 46
135 32 47
135 33 41
135 34 46
135 35 43
135 36 44
135 37 51
135 38 34
135 39 42
135 40 52
135 41 51
135 42 44
135 43 51
135 44 38
135 45 56
135 46 61
135 47 33
135 48 52
135 49 61
135 50 53
135 51 49
135 52 41
135 53 40
135 54 37
135 55 55
135 56 43
135 57 51
135 58 48
135 59 48
135 60 68
135 61 52
135 62 49
135 63 45
135 64 39
135 65 42
135 66 55
135 67 48
135 68 46
135 69 42
135 70 49
135 71 37
135 72 52
135 73 46
135 74 35
135 75 40
135 76 42
135 77 48
135 78 44
135 79 44
135 80 55
135 81 48
135 82 49
135 83 53
135 84 54
135 85 45
135 86 52
135 87 45
135 88 53
135 89 43
135 90 50
135 91 46
135 92 50
135 93 46
135 94 51
135 95 57
135 96 54
135 97 51
135 98 44
135 99 34
135 100 40
135 101 40
135 102 58
135 103 48
135 104 53
135 105 56
135 106 48
135 107 57
135 108 39
135 109 34
135 110 54
135 111 45
135 112 51
135 113 48
135 114 49
135 115 34
135 116 48
135 117 45
135 118 45
135 119 31
135 120 45
135 121 55
135 122 39
135 123 46
135 124 53
135 125 56
135 126 49
135 127 47
135 128 46
135 129 41
135 130 50
135 131 35
135 132 46
135 133 36
135 134 38
135 135 56
135 136 52
135 137 45
135 138 51
135 139 48
135 140 45
135 141 39
135 142 38
135 143 44
135 144 45
135 145 39
135 146 49
135 147 53
135 148 49
135 149 42
136 0 57
136 1 48
136 2 58
136 3 49
136 4 65
136 5 52
136 6 47
136 7 65
136 8 38
136 9 43
136 10 49
136 11 50
136 12 50
136 13 60
136 14 45
136 15 51
136 16 36
136 17 45
136 18 53
136 19 59
136 20 43
136 21 51
136 22 42
136 23 51
136 24 46
136 25 40
136 26 54
136 27 49
136 28 46
136 29 44
136 30 52
136 31 57
136 32 43
136 33 47
136 34 50
136 35 42
136 36 54
136 37 34
136 38 53
136 39 52
136 40 39
136 41 41
136 42 51
136 43 46
136 44 48
136 45 51
136 46 50
136 47 29
136 48 48
136 49 42
136 50 51
136 51 49
136 52 44
136 53 45
136 54 52
136 55 29
136 56 54
136 57 51
136 58 43
136 59 55
136 60 40
136 61 33
136 62 57
136 63 57
136 64 37
136 65 41
136 66 52
136 67 55
136 68 39
136 69 52
136 70 37
136 71 54
136 72 41
136 73 47
136 74 50
136 75 54
136 76 48
136 77 48
136 78 45
136 79 46
136 80 38
136 81 41
136 82 54
136 83 45
136 84 58
136 85 44
136 86 50
136 87 50
136 88 44
136 89 62
136 90 50
136 91 49
136 92 50
136 93 63
136 94 46
136 95 46
136 96 33
136 97 37
136 98 37
136 99 42
136 100 53
136 101 37
136 102 53
136 103 46
136 104 44
136 105 52
136 106 38
136 107 49
136 108 37
136 109 45
136 110 48
136 111 41
136 112 40
136 113 47
136 114 43
136 115 48
136 116 51
136 117 46
136 118 51
136 119 54
136 120 30
136 121 47
136 122 47
136 123 46
136 124 51
136 125 51
136 126 45
136 127 48
136 128 56
136 129 53
136 130 53
136 131 57
136 132 44
136 133 59
136 134 59
136 135 48
136 136 37
136 137 48
136 138 55
136 139 53
136 140 48
136 141 50
136 142 41
136 143 45
136 144 39
136 145 59
136 146 45
136 147 47
136 148 45
136 149 37
137 0 38
137 1 64
137 2 36
137 3 37
137 4 34
137 5 47
137 6 44
137 7 45
137 8 52
137 9 45
137 10 47
137 11 59
137 12 50
137 13 54
137 14 39
137 15 40
137 16 40
137 17 50
137 18 40
137 19 49
137 20 48
137 21 45
137 22 37
137 23 50
137 24 47
137 25 53
137 26 47
137 27 44
137 28 34
137 29 53
137 30 43
137 31 54
137 32 39
137 33 53
137 34 52
137 35 40
137 36 47
137 37 47
137 38 43
137 39 46
137 40 39
137 41 52
137 42 40
137 43 43
137 44 53
137 45 54
137 46 58
137 47 45
137 48 46
137 49 33
137 50 60
137 51 47
137 52 41
137 53 53
137 54 54
137 55 55
137 56 39
137 57 47
137 58 47
137 59 36
137 60 55
137 61 37
137 62 51
137 63 57
137 64 50
137 65 46
137 66 54
137 67 45
137 68 48
137 69 46
137 70 44
137 71 52
137 72 42
137 73 49
137 74 41
137 75 57
137 76 42
137 77 44
137 78 45
137 79 44
137 80 36
137 81 36
137 82 56
137 83 45
137 84 56
137 85 45
137 86 55
137 87 49
137 88 33
137 89 60
137 90 54
137 91 40
137 92 65
137 93 52
137 94 34
137 95 57
137 96 45
137 97 51
137 98 45
137 99 40
137 100 54
137 101 38
137 102 58
137 103 47
137 104 58
137 105 48
137 106 43
137 107 50
137 108 52
137 109 57
137 110 59
137 111 53
137 112 51
137 113 62
137 114 52
137 115 52
137 116 44
137 117 54
137 118 44
137 119 52
137 120 55
137 121 60
137 122 49
137 123 49
137 124 44
137 125 45
137 126 56
137 127 54
137 128 52
137 129 54
137 130 57
137 131 47
137 132 50
137 133 52
137 134 40
137 135 52
137 136 47
137 137 42
137 138 35
137 139 42
137 140 40
137 141 50
137 142 50
137 143 58
137 144 52
137 145 46
137 146 47
137 147 55
137 148 42
137 149 40
138 0 51
138 1 55
138 2 45
138 3 55
138 4 29
138 5 43
138 6 43
138 7 63
138 8 52
138 9 54
138 10 51
138 11 53
138 12 48
138 13 40
138 14 53
138 15 51
138 16 55
138 17 53
138 18 48
138 19 49
138 20 46
138 21 53
138 22 43
138 23 58
138 24 60
138 25 29
138 26 56
138 27 52
138 28 47
138 29 59
138 30 44
138 31 49
138 32 51
138 33 48
138 34 43
138 35 44
138 36 47
138 37 57
138 38 35
138 39 49
138 40 43
138 41 49
138 42 56
138 43 52
138 44 43
138 45 41
138 46 40
138 47 41
138 48 37
138 49 40
138 50 61
138 51 53
138 52 61
138 53 49
138 54 51
138 55 48
138 56 49
138 57 43
138 58 61
138 59 40
138 60 51
138 61 46
138 62 46
138 63 48
138 64 53
138 65 51
138 66 54
138 67 47
138 68 41
138 69 52
138 70 48
138 71 41
138 72 45
138 73 56
138 74 38
138 75 48
138 76 53
138 77 51
138 78 48
138 79 43
138 80 58
138 81 44
138 82 50
138 83 52
138 84 54
138 85 42
138 86 46
138 87 35
138 88 35
138 89 45
138 90 49
138 91 64
138 92 59
138 93 46
138 94 42
138 95 44
138 96 61
138 97 55
138 98 42
138 99 48
138 100 53
138 101 41
138 102 55
138 103 66
138 104 46
138 105 45
138 106 54
138 107 42
138 108 56
138 109 56
138 110 41
138 111 61
138 112 53
138 113 42
138 114 34
138 115 51
138 116 36
138 117 51
138 118 44
138 119 39
138 120 43
138 121 43
138 122 44
138 123 51
138 124 36
138 125 50
138 126 43
138 127 53
138 128 43
138 129 35
138 130 50
138 131 47
138 132 48
138 133 50
138 134 32
138 135 40
138 136 49
138 137 37
138 138 42
138 139 58
138 140 69
138 141 63
138 142 53
138 143 42
138 144 46
138 145 39
138 146 49
138 147 50
138 148 59
138 149 43
139 0 44
139 1 47
139 2 49
139 3 54
139 4 39
139 5 53
139 6 59
139 7 58
139 8 51
139 9 41
139 10 48
139 11 42
139 12 54
139 13 43
139 14 44
139 15 61
139 16 42
139 17 53
139 18 52
139 19 45
139 20 51
139 21 53
139 22 50
139 23 46
139 24 39
139 25 52
139 26 41
139 27 44
139 28 52
139 29 53
139 30 45
139 31 48
139 32 50
139 33 40
139 34 45
139 35 51
139 36 45
139 37 49
139 38 48
139 39 50
139 40 44
139 41 51
139 42 50
139 43 53
139 44 44
139 45 48
139 46 46
139 47 47
139 48 35
139 49 40
139 50 52
139 51 49
139 52 37
139 53 59
139 54 47
139 55 43
139 56 52
139 57 55
139 58 42
139 59 34
139 60 45
139 61 39
139 62 50
139 63 44
139 64 47
139 65 37
139 66 43
139 67 48
139 68 58
139 69 45
139 70 62
139 71 52
139 72 51
139 73 49
139 74 49
139 75 48
139 76 51
139 77 54
139 78 52
139 79 59
139 80 40
139 81 45
139 82 60
139 83 54
139 84 53
139 85 44
139 86 41
139 87 37
139 88 43
139 89 51
139 90 49
139 91 47
139 92 57
139 93 52
139 94 48
139 95 57
139 96 44
139 97 47
139 98 56
139 99 54
139 100 54
139 101 53
139 102 54
139 103 41
139 104 68
139 105 55
139 106 52
139 107 51
139 108 50
139 109 62
139 110 41
139 111 36
139 112 40
139 113 43
139 114 55
139 115 49
139 116 49
139 117 50
139 118 45
139 119 61
139 120 45
139 121 68
139 122 59
139 123 48
139 124 42
139 125 40
139 126 51
139 127 50
139 128 42
139 129 58
139 130 44
139 131 49
139 132 54
139 133 54
139 134 47
139 135 52
139 136 32
139 137 49
139 138 45
139 139 42
139 140 60
139 141 42
139 142 46
139 143 54
139 144 40
139 145 54
139 146 46
139 147 42
139 148 61
139 149 60
140 0 58
140 1 52
140 2 52
140 3 49
140 4 55
140 5 32
140 6 40
140 7 69
140 8 43
140 9 56
140 10 52
140 11 54
140 12 49
140 13 53
140 14 40
140 15 45
140 16 51
140 17 50
140 18 51
140 19 44
140 20 51
140 21 51
140 22 51
140 23 55
140 24 53
140 25 54
140 26 51
140 27 48
140 28 58
140 29 42
140 30 43
140 31 51
140 32 48
140 33 50
140 34 48
140 35 42
140 36 51
140 37 50
140 38 50
140 39 43
140 40 43
140 41 43
140 42 43
140 43 53
140 44 52
140 45 47
140 46 47
140 47 64
140 48 51
140 49 49
140 50 41
140 51 53
140 52 44
140 53 50
140 54 55
140 55 60
140 56 62
140 57 61
140 58 44
140 59 42
140 60 42
140 61 53
140 62 47
140 63 69
140 64 44
140 65 61
140 66 48
140 67 40
140 68 45
140 69 51
140 70 45
140 71 41
140 72 46
140 73 63
140 74 48
140 75 48
140 76 54
140 77 45
140 78 46
140 79 48
140 80 55
140 81 48
140 82 49
140 83 55
140 84 50
140 85 51
140 86 48
140 87 53
140 88 51
140 89 42
140 90 43
140 91 55
140 92 42
140 93 45
140 94 56
140 95 40
140 96 57
140 97 40
140 98 47
140 99 54
140 100 49
140 101 37
140 102 50
140 103 56
140 104 28
140 105 40
140 106 41
140 107 45
140 108 49
140 109 45
140 110 27
140 111 49
140 112 50
140 113 58
140 114 45
140 115 62
140 116 39
140 117 48
140 118 48
140 119 41
140 120 44
140 121 48
140 122 42
140 123 54
140 124 42
140 125 47
140 126 47
140 127 41
140 128 50
140 129 56
140 130 34
140 131 54
140 132 56
140 133 38
140 134 52
140 135 52
140 136 45
140 137 46
140 138 64
140 139 50
140 140 51
140 141 63
140 142 62
140 143 46
140 144 53
140 145 44
140 146 49
140 147 41
140 148 53
140 149 46
141 0 56
141 1 53
141 2 44
141 3 52
141 4 54
141 5 46
141 6 53
141 7 49
141 8 54
141 9 51
141 10 46
141 11 49
141 12 55
141 13 55
141 14 59
141 15 41
141 16 49
141 17 49
141 18 43
141 19 50
141 20 43
141 21 49
141 22 49
141 23 45
141 24 55
141 25 49
141 26 53
141 27 58
141 28 57
141 29 43
141 30 38
141 31 42
141 32 58
141 33 40
141 34 51
141 35 43
141 36 44
141 37 61
141 38 35
141 39 47
141 40 46
141 41 51
141 42 45
141 43 37
141 44 54
141 45 48
141 46 59
141 47 56
141 48 55
141 49 48
141 50 46
141 51 52
141 52 43
141 53 47
141 54 63
141 55 57
141 56 52
141 57 45
141 58 49
141 59 53
141 60 49
141 61 44
141 62 50
141 63 55
141 64 62
141 65 62
141 66 53
141 67 39
141 68 46
141 69 69
141 70 44
141 71 44
141 72 50
141 73 64
141 74 54
141 75 42
141 76 49
141 77 50
141 78 46
141 79 56
141 80 36
141 81 64
141 82 55
141 83 46
141 84 45
141 85 51
141 86 43
141 87 46
141 88 48
141 89 58
141 90 43
141 91 58
141 92 52
141 93 41
141 94 54
141 95 49
141 96 46
141 97 52
141 98 39
141 99 51
141 100 38
141 101 51
141 102 51
141 103 54
141 104 49
141 105 51
141 106 53
141 107 44
141 108 56
141 109 43
141 110 49
141 111 52
141 112 52
141 113 42
141 114 54
141 115 56
141 116 33
141 117 44
141 118 58
141 119 62
141 120 60
141 121 56
141 122 46
141 123 45
141 124 44
141 125 44
141 126 52
141 127 43
141 128 43
141 129 47
141 130 47
141 131 36
141 132 54
141 133 54
141 134 40
141 135 58
141 136 49
141 137 56
141 138 48
141 139 46
141 140 56
141 141 46
141 142 54
141 143 45
141 144 50
141 145 49
141 146 77
141 147 58
141 148 50
141 149 37
142 0 52
142 1 33
142 2 46
142 3 42
142 4 43
142 5 39
142 6 55
142 7 48
142 8 69
142 9 53
142 10 56
142 11 38
142 12 50
142 13 53
142 14 41
142 15 53
142 16 54
142 17 35
142 18 37
142 19 47
142 20 53
142 21 42
142 22 39
142 23 47
142 24 50
142 25 55
142 26 51
142 27 45
142 28 41
142 29 45
142 30 43
142 31 53
142 32 42
142 33 44
142 34 38
142 35 55
142 36 52
142 37 52
142 38 55
142 39 42
142 40 50
142 41 57
142 42 56
142 43 45
142 44 44
142 45 55
142 46 52
142 47 54
142 48 55
142 49 41
142 50 63
142 51 56
142 52 58
142 53 37
142 54 50
142 55 48
142 56 50
142 57 44
142 58 57
142 59 53
142 60 64
142 61 52
142 62 52
142 63 39
142 64 45
142 65 51
142 66 59
142 67 50
142 68 53
142 69 44
142 70 51
142 71 48
142 72 49
142 73 54
142 74 48
142 75 54
142 76 52
142 77 39
142 78 56
142 79 51
142 80 47
142 81 57
142 82 39
142 83 51
142 84 37
142 85 41
142 86 42
142 87 57
142 88 45
142 89 50
142 90 50
142 91 41
142 92 39
142 93 55
142 94 55
142 95 46
142 96 59
142 97 51
142 98 44
142 99 45
142 100 51
142 101 58
142 102 39
142 103 45
142 104 54
142 105 42
142 106 48
142 107 60
142 108 51
142 109 57
142 110 64
142 111 50
142 112 49
142 113 53
142 114 56
142 115 45
142 116 41
142 117 56
142 118 53
142 119 54
142 120 41
142 121 44
142 122 39
142 123 52
142 124 54
142 125 42
142 126 54
142 127 33
142 128 57
142 129 53
142 130 66
142 131 45
142 132 48
142 133 58
142 134 54
142 135 51
142 136 54
142 137 40
142 138 62
142 139 56
142 140 45
142 141 49
142 142 47
142 143 47
142 144 49
142 145 55
142 146 60
142 147 60
142 148 39
142 149 64
143 0 50
143 1 60
143 2 48
143 3 47
143 4 43
143 5 48
143 6 52
143 7 50
143 8 42
143 9 45
143 10 48
143 11 55
143 12 51
143 13 43
143 14 48
143 15 49
143 16 48
143 17 50
143 18 56
143 19 53
143 20 33
143 21 46
143 22 49
143 23 48
143 24 44
143 25 52
143 26 44
143 27 53
143 28 53
143 29 49
143 30 42
143 31 51
143 32 54
143 33 46
143 34 56
143 35 65
143 36 32
143 37 64
143 38 46
143 39 53
143 40 72
143 41 54
143 42 43
143 43 44
143 44 53
143 45 55
143 46 65
143 47 62
143 48 52
143 49 53
143 50 52
143 51 46
143 52 55
143 53 45
143 54 52
143 55 30
143 56 47
143 57 43
143 58 45
143 59 45
143 60 65
143 61 44
143 62 56
143 63 49
143 64 53
143 65 61
143 66 42
143 67 51
143 68 42
143 69 62
143 70 45
143 71 54
143 72 46
143 73 59
143 74 53
143 75 65
143 76 57
143 77 53
143 78 35
143 79 49
143 80 43
143 81 45
143 82 30
143 83 45
143 84 52
143 85 41
143 86 42
143 87 47
143 88 51
143 89 46
143 90 41
143 91 47
143 92 62
143 93 49
143 94 40
143 95 54
143 96 57
143 97 46
143 98 45
143 99 41
143 100 70
143 101 56
143 102 54
143 103 41
143 104 45
143 105 52
143 106 41
143 107 56
143 108 46
143 109 46
143 110 57
143 111 56
143 112 51
143 113 41
143 114 47
143 115 58
143 116 63
143 117 45
143 118 49
143 119 51
143 120 42
143 121 50
143 122 42
143 123 38
143 124 54
143 125 48
143 126 62
143 127 57
143 128 48
143 129 55
143 130 50
143 131 43
143 132 53
143 133 55
143 134 53
143 135 36
143 136 61
143 137 63
143 138 51
143 139 50
143 140 63
143 141 48
143 142 49
143 143 68
143 144 60
143 145 49
143 146 44
143 147 47
143 148 37
143 149 58
144 0 41
144 1 53
144 2 53
144 3 47
144 4 28
144 5 48
144 6 49
144 7 40
144 8 52
144 9 52
144 10 53
144 11 40
144 12 47
144 13 47
144 14 56
144 15 59
144 16 66
144 17 49
144 18 45
144 19 59
144 20 54
144 21 56
144 22 48
144 23 55
144 24 44
144 25 55
144 26 42
144 27 53
144 28 55
144 29 50
144 30 49
144 31 49
144 32 60
144 33 59
144 34 49
144 35 54
144 36 47
144 37 51
144 38 51
144 39 63
144 40 68
144 41 57
144 42 55
144 43 40
144 44 56
144 45 48
144 46 56
144 47 46
144 48 51
144 49 33
144 50 42
144 51 51
144 52 44
144 53 51
144 54 47
144 55 44
144 56 45
144 57 53
144 58 57
144 59 49
144 60 53
144 61 66
144 62 56
144 63 52
144 64 50
144 65 46
144 66 58
144 67 44
144 68 54
144 69 49
144 70 57
144 71 47
144 72 59
144 73 41
144 74 67
144 75 67
144 76 52
144 77 48
144 78 68
144 79 47
144 80 51
144 81 44
144 82 52
144 83 52
144 84 53
144 85 49
144 86 62
144 87 58
144 88 43
144 89 52
144 90 49
144 91 56
144 92 54
144 93 65
144 94 47
144 95 33
144 96 38
144 97 47
144 98 46
144 99 40
144 100 46
144 101 54
144 102 50
144 103 54
144 104 55
144 105 37
144 106 41
144 107 48
144 108 49
144 109 58
144 110 52
144 111 48
144 112 49
144 113 48
144 114 51
144 115 53
144 116 48
144 117 53
144 118 38
144 119 43
144 120 44
144 121 42
144 122 61
144 123 52
144 124 57
144 125 55
144 126 47
144 127 45
144 128 39
144 129 48
144 130 51
144 131 54
144 132 46
144 133 48
144 134 54
144 135 46
144 136 51
144 137 50
144 138 44
144 139 45
144 140 50
144 141 46
144 142 44
144 143 56
144 144 46
144 145 42
144 146 54
144 147 39
144 148 35
144 149 49
145 0 55
145 1 46
145 2 50
145 3 56
145 4 41
145 5 47
145 6 44
145 7 44
145 8 50
145 9 48
145 10 62
145 11 38
145 12 67
145 13 55
145 14 49
145 15 31
145 16 58
145 17 45
145 18 55
145 19 56
145 20 54
145 21 42
145 22 60
145 23 40
145 24 52
145 25 54
145 26 43
145 27 48
145 28 54
145 29 39
145 30 60
145 31 39
145 32 56
145 33 61
145 34 66
145 35 48
145 36 47
145 37 48
145 38 43
145 39 54
145 40 37
145 41 57
145 42 68
145 43 55
145 44 37
145 45 51
145 46 44
145 47 56
145 48 47
145 49 64
145 50 43
145 51 43
145 52 67
145 53 44
145 54 57
145 55 46
145 56 65
145 57 39
145 58 44
145 59 41
145 60 50
145 61 48
145 62 45
145 63 42
145 64 44
145 65 66
145 66 37
145 67 49
145 68 50
145 69 39
145 70 57
145 71 54
145 72 42
145 73 57
145 74 42
145 75 46
145 76 50
145 77 55
145 78 55
145 79 48
145 80 52
145 81 54
145 82 56
145 83 46
145 84 50
145 85 44
145 86 46
145 87 51
145 88 57
145 89 44
145 90 48
145 91 44
145 92 49
145 93 48
145 94 44
145 95 45
145 96 64
145 97 45
145 98 41
145 99 54
145 100 59
145 101 46
145 102 54
145 103 51
145 104 48
145 105 60
145 106 47
145 107 47
145 108 47
145 109 58
145 110 54
145 111 53
145 112 63
145 113 53
145 114 52
145 115 42
145 116 58
145 117 52
145 118 48
145 119 53
145 120 64
145 121 38
145 122 49
145 123 58
145 124 60
145 125 59
145 126 55
145 127 50
145 128 51
145 129 44
145 130 35
145 131 56
145 132 38
145 133 51
145 134 43
145 135 44
145 136 57
145 137 48
145 138 57
145 139 51
145 140 56
145 141 52
145 142 55
145 143 52
145 144 48
145 145 50
145 146 53
145 147 61
145 148 52
145 149 60
146 0 68
146 1 42
146 2 50
146 3 53
146 4 48
146 5 40
146 6 50
146 7 59
146 8 52
146 9 30
146 10 51
146 11 37
146 12 44
146 13 54
146 14 55
146 15 50
146 16 38
146 17 45
146 18 46
146 19 45
146 20 57
146 21 48
146 22 46
146 23 52
146 24 52
146 25 35
146 26 57
146 27 59
146 28 58
146 29 42
146 30 49
146 31 35
146 32 40
146 33 52
146 34 70
146 35 54
146 36 51
146 37 44
146 38 44
146 39 57
146 40 48
146 41 48
146 42 39
146 43 53
146 44 52
146 45 55
146 46 49
146 47 43
146 48 50
146 49 37
146 50 50
146 51 54
146 52 54
146 53 47
146 54 53
146 55 50
146 56 47
146 57 52
146 58 65
146 59 46
146 60 50
146 61 51
146 62 41
146 63 45
146 64 58
146 65 45
146 66 56
146 67 47
146 68 57
146 69 52
146 70 43
146 71 41
146 72 49
146 73 51
146 74 58
146 75 46
146 76 58
146 77 39
146 78 42
146 79 55
146 80 60
146 81 43
146 82 60
146 83 49
146 84 44
146 85 66
146 86 56
146 87 48
146 88 61
146 89 57
146 90 49
146 91 57
146 92 49
146 93 53
146 94 57
146 95 47
146 96 51
146 97 54
146 98 56
146 99 53
146 100 55
146 101 44
146 102 50
146 103 60
146 104 37
146 105 45
146 106 54
146 107 60
146 108 60
146 109 57
146 110 57
146 111 45
146 112 31
146 113 43
146 114 50
146 115 48
146 116 59
146 117 61
146 118 38
146 119 59
146 120 51
146 121 48
146 122 50
146 123 49
146 124 49
146 125 40
146 126 50
146 127 39
146 128 54
146 129 43
146 130 48
146 131 47
146 132 56
146 133 47
146 134 48
146 135 54
146 136 45
146 137 53
146 138 49
146 139 38
146 140 39
146 141 36
146 142 47
146 143 44
146 144 63
146 145 45
146 146 46
146 147 51
146 148 43
146 149 63
147 0 46
147 1 48
147 2 45
147 3 49
147 4 58
147 5 50
147 6 52
147 7 53
147 8 42
147 9 48
147 10 41
147 11 45
147 12 51
147 13 39
147 14 71
147 15 46
147 16 53
147 17 46
147 18 46
147 19 63
147 20 46
147 21 55
147 22 44
147 23 38
147 24 50
147 25 53
147 26 48
147 27 49
147 28 48
147 29 40
147 30 42
147 31 38
147 32 57
147 33 48
147 34 59
147 35 63
147 36 49
147 37 66
147 38 62
147 39 49
147 40 53
147 41 49
147 42 51
147 43 60
147 44 56
147 45 50
147 46 54
147 47 57
147 48 51
147 49 37
147 50 42
147 51 59
147 52 51
147 53 52
147 54 47
147 55 59
147 56 47
147 57 61
147 58 52
147 59 49
147 60 48
147 61 58
147 62 63
147 63 39
147 64 45
147 65 39
147 66 47
147 67 45
147 68 50
147 69 63
147 70 53
147 71 60
147 72 54
147 73 53
147 74 49
147 75 40
147 76 46
147 77 56
147 78 40
147 79 45
147 80 52
147 81 44
147 82 63
147 83 54
147 84 42
147 85 52
147 86 40
147 87 60
147 88 46
147 89 44
147 90 59
147 91 42
147 92 58
147 93 50
147 94 52
147 95 49
147 96 43
147 97 55
147 98 55
147 99 45
147 100 59
147 101 52
147 102 63
147 103 62
147 104 49
147 105 51
147 106 54
147 107 43
147 108 38
147 109 40
147 110 43
147 111 47
147 112 46
147 113 51
147 114 41
147 115 45
147 116 47
147 117 54
147 118 44
147 119 48
147 120 44
147 121 67
147 122 51
147 123 64
147 124 57
147 125 52
147 126 42
147 127 58
147 128 58
147 129 61
147 130 49
147 131 49
147 132 39
147 133 56
147 134 46
147 135 55
147 136 58
147 137 44
147 138 48
147 139 49
147 140 39
147 141 52
147 142 50
147 143 43
147 144 58
147 145 51
147 146 60
147 147 35
147 148 54
147 149 54
148 0 50
148 1 51
148 2 61
148 3 45
148 4 59
148 5 49
148 6 58
148 7 49
148 8 50
148 9 51
148 10 46
148 11 51
148 12 48
148 13 36
148 14 52
148 15 72
148 16 56
148 17 40
148 18 48
148 19 45
148 20 51
148 21 45
148 22 44
148 23 55
148 24 47
148 25 56
148 26 69
148 27 40
148 28 63
148 29 46
148 30 58
148 31 42
148 32 47
148 33 44
148 34 44
148 35 45
148 36 48
148 37 53
148 38 42
148 39 61
148 40 49
148 41 56
148 42 51
148 43 50
148 44 39
148 45 48
148 46 56
148 47 50
148 48 55
148 49 54
148 50 47
148 51 52
148 52 66
148 53 50
148 54 49
148 55 41
148 56 42
148 57 60
148 58 53
148 59 45
148 60 59
148 61 57
148 62 49
148 63 48
148 64 65
148 65 44
148 66 59
148 67 42
148 68 71
148 69 32
148 70 62
148 71 49
148 72 59
148 73 45
148 74 50
148 75 36
148 76 53
148 77 47
148 78 49
148 79 41
148 80 42
148 81 63
148 82 42
148 83 43
148 84 54
148 85 48
148 86 39
148 87 35
148 88 49
148 89 51
148 90 35
148 91 61
148 92 64
148 93 57
148 94 47
148 95 59
148 96 42
148 97 37
148 98 44
148 99 46
148 100 51
148 101 56
148 102 51
148 103 55
148 104 47
148 105 49
148 106 64
148 107 57
148 108 40
148 109 50
148 110 44
148 111 53
148 112 58
148 113 52
148 114 47
148 115 49
148 116 38
148 117 51
148 118 46
148 119 56
148 120 46
148 121 41
148 122 54
148 123 52
148 124 48
148 125 54
148 126 44
148 127 45
148 128 47
148 129 56
148 130 37
148 131 66
148 132 49
148 133 51
148 134 62
148 135 46
148 136 45
148 137 39
148 138 41
148 139 37
148 140 51
148 141 47
148 142 38
148 143 37
148 144 52
148 145 46
148 146 50
148 147 37
148 148 55
148 149 45
149 0 63
149 1 38
149 2 44
149 3 45
149 4 44
149 5 44
149 6 41
149 7 30
149 8 39
149 9 48
149 10 55
149 11 60
149 12 41
149 13 50
149 14 39
149 15 47
149 16 55
149 17 55
149 18 42
149 19 51
149 20 50
149 21 48
149 22 57
149 23 50
149 24 33
149 25 54
149 26 54
149 27 48
149 28 47
149 29 49
149 30 61
149 31 48
149 32 49
149 33 54
149 34 42
149 35 56
149 36 42
149 37 35
149 38 48
149 39 56
149 40 42
149 41 39
149 42 44
149 43 48
149 44 44
149 45 53
149 46 48
149 47 44
149 48 52
149 49 52
149 50 52
149 51 67
149 52 53
149 53 40
149 54 53
149 55 56
149 56 46
149 57 42
149 58 56
149 59 43
149 60 55
149 61 47
149 62 38
149 63 38
149 64 48
149 65 36
149 66 54
149 67 43
149 68 44
149 69 67
149 70 54
149 71 50
149 72 47
149 73 52
149 74 38
149 75 53
149 76 49
149 77 44
149 78 45
149 79 50
149 80 44
149 81 47
149 82 48
149 83 49
149 84 51
149 85 48
149 86 55
149 87 45
149 88 59
149 89 46
149 90 42
149 91 44
149 92 49
149 93 42
149 94 50
149 95 46
149 96 58
149 97 50
149 98 48
149 99 56
149 100 39
149 101 46
149 102 55
149 103 47
149 104 54
149 105 55
149 106 39
149 107 51
149 108 57
149 109 35
149 110 48
149 111 54
149 112 40
149 113 43
149 114 62
149 115 53
149 116 46
149 117 53
149 118 44
149 119 58
149 120 62
149 121 58
149 122 52
149 123 42
149 124 53
149 125 41
149 126 63
149 127 60
149 128 55
149 129 47
149 130 36
149 131 48
149 132 39
149 133 42
149 134 48
149 135 53
149 136 40
149 137 47
149 138 60
149 139 46
149 140 45
149 141 52
149 142 42
149 143 45
149 144 51
149 145 52
149 146 53
149 147 50
149 148 54
149 149 54
