0.5 0.0 0.0 0 0 
0.5 0.0 0.006666666666666667 0 0 
0.5 0.0 0.013333333333333334 1411 1411 
0.5 0.0 0.02 669 669 
0.5 0.0 0.02666666666666667 757 757 
0.5 0.0 0.03333333333333333 943 943 
0.5 0.0 0.04 753 753 
0.5 0.0 0.04666666666666667 876 876 
0.5 0.0 0.05333333333333334 834 834 
0.5 0.0 0.06 831 831 
0.5 0.0 0.06666666666666667 914 914 
0.5 0.0 0.07333333333333333 836 836 
0.5 0.0 0.08 819 819 
0.5 0.0 0.08666666666666667 823 823 
0.5 0.0 0.09333333333333334 852 852 
0.5 0.0 0.1 857 857 
0.5 0.0 0.10666666666666667 838 838 
0.5 0.0 0.11333333333333333 806 806 
0.5 0.0 0.12 870 870 
0.5 0.0 0.12666666666666668 815 815 
0.5 0.0 0.13333333333333333 844 844 
0.5 0.0 0.14 838 838 
0.5 0.0 0.14666666666666667 841 841 
0.5 0.0 0.15333333333333332 803 803 
0.5 0.0 0.16 840 840 
0.5 0.0 0.16666666666666666 899 899 
0.5 0.0 0.17333333333333334 813 813 
0.5 0.0 0.18 859 859 
0.5 0.0 0.18666666666666668 873 873 
0.5 0.0 0.19333333333333333 935 935 
0.5 0.0 0.2 861 861 
0.5 0.0 0.20666666666666667 881 881 
0.5 0.0 0.21333333333333335 863 863 
0.5 0.0 0.22 811 811 
0.5 0.0 0.22666666666666666 904 904 
0.5 0.0 0.23333333333333334 887 887 
0.5 0.0 0.24 859 859 
0.5 0.0 0.24666666666666667 832 832 
0.5 0.0 0.25333333333333335 850 850 
0.5 0.0 0.26 883 883 
0.5 0.0 0.26666666666666666 837 837 
0.5 0.0 0.2733333333333333 801 801 
0.5 0.0 0.28 844 844 
0.5 0.0 0.2866666666666667 837 837 
0.5 0.0 0.29333333333333333 818 818 
0.5 0.0 0.3 844 844 
0.5 0.0 0.30666666666666664 846 846 
0.5 0.0 0.31333333333333335 879 879 
0.5 0.0 0.32 858 858 
0.5 0.0 0.32666666666666666 889 889 
0.5 0.0 0.3333333333333333 853 853 
0.5 0.0 0.34 843 843 
0.5 0.0 0.3466666666666667 810 810 
0.5 0.0 0.35333333333333333 827 827 
0.5 0.0 0.36 842 842 
0.5 0.0 0.36666666666666664 832 832 
0.5 0.0 0.37333333333333335 827 827 
0.5 0.0 0.38 815 815 
0.5 0.0 0.38666666666666666 811 811 
0.5 0.0 0.3933333333333333 828 828 
0.5 0.0 0.4 862 862 
0.5 0.0 0.4066666666666667 829 829 
0.5 0.0 0.41333333333333333 819 819 
0.5 0.0 0.42 831 831 
0.5 0.0 0.4266666666666667 840 840 
0.5 0.0 0.43333333333333335 846 846 
0.5 0.0 0.44 840 840 
0.5 0.0 0.44666666666666666 826 826 
0.5 0.0 0.4533333333333333 836 836 
0.5 0.0 0.46 777 777 
0.5 0.0 0.4666666666666667 863 863 
0.5 0.0 0.47333333333333333 848 848 
0.5 0.0 0.48 823 823 
0.5 0.0 0.4866666666666667 790 790 
0.5 0.0 0.49333333333333335 760 760 
0.5 0.0 0.5 819 819 
0.5 0.0 0.5066666666666667 858 858 
0.5 0.0 0.5133333333333333 866 866 
0.5 0.0 0.52 814 814 
0.5 0.0 0.5266666666666666 805 805 
0.5 0.0 0.5333333333333333 822 822 
0.5 0.0 0.54 814 814 
0.5 0.0 0.5466666666666666 847 847 
0.5 0.0 0.5533333333333333 879 879 
0.5 0.0 0.56 844 844 
0.5 0.0 0.5666666666666667 821 821 
0.5 0.0 0.5733333333333334 871 871 
0.5 0.0 0.58 851 851 
0.5 0.0 0.5866666666666667 795 795 
0.5 0.0 0.5933333333333334 845 845 
0.5 0.0 0.6 805 805 
0.5 0.0 0.6066666666666667 789 789 
0.5 0.0 0.6133333333333333 811 811 
0.5 0.0 0.62 766 766 
0.5 0.0 0.6266666666666667 858 858 
0.5 0.0 0.6333333333333333 819 819 
0.5 0.0 0.64 916 916 
0.5 0.0 0.6466666666666666 788 788 
0.5 0.0 0.6533333333333333 876 876 
0.5 0.0 0.66 884 884 
0.5 0.0 0.6666666666666666 833 833 
0.5 0.0 0.6733333333333333 782 782 
0.5 0.0 0.68 864 864 
0.5 0.0 0.6866666666666666 843 843 
0.5 0.0 0.6933333333333334 871 871 
0.5 0.0 0.7 805 805 
0.5 0.0 0.7066666666666667 863 863 
0.5 0.0 0.7133333333333334 806 806 
0.5 0.0 0.72 871 871 
0.5 0.0 0.7266666666666667 842 842 
0.5 0.0 0.7333333333333333 867 867 
0.5 0.0 0.74 875 875 
0.5 0.0 0.7466666666666667 855 855 
0.5 0.0 0.7533333333333333 855 855 
0.5 0.0 0.76 798 798 
0.5 0.0 0.7666666666666667 819 819 
0.5 0.0 0.7733333333333333 850 850 
0.5 0.0 0.78 888 888 
0.5 0.0 0.7866666666666666 820 820 
0.5 0.0 0.7933333333333333 831 831 
0.5 0.0 0.8 847 847 
0.5 0.0 0.8066666666666666 882 882 
0.5 0.0 0.8133333333333334 870 870 
0.5 0.0 0.82 909 909 
0.5 0.0 0.8266666666666667 855 855 
0.5 0.0 0.8333333333333334 841 841 
0.5 0.0 0.84 846 846 
0.5 0.0 0.8466666666666667 819 819 
0.5 0.0 0.8533333333333334 827 827 
0.5 0.0 0.86 871 871 
0.5 0.0 0.8666666666666667 865 865 
0.5 0.0 0.8733333333333333 861 861 
0.5 0.0 0.88 845 845 
0.5 0.0 0.8866666666666667 849 849 
0.5 0.0 0.8933333333333333 819 819 
0.5 0.0 0.9 820 820 
0.5 0.0 0.9066666666666666 815 815 
0.5 0.0 0.9133333333333333 873 873 
0.5 0.0 0.92 857 857 
0.5 0.0 0.9266666666666666 878 878 
0.5 0.0 0.9333333333333333 836 836 
0.5 0.0 0.94 845 845 
0.5 0.0 0.9466666666666667 896 896 
0.5 0.0 0.9533333333333334 746 746 
0.5 0.0 0.96 945 945 
0.5 0.0 0.9666666666666667 731 731 
0.5 0.0 0.9733333333333334 684 684 
0.5 0.0 0.98 1407 1407 
0.5 0.0 0.9866666666666667 0 0 
0.5 0.0 0.9933333333333333 0 0 
0.5 0.006666666666666667 0.0 0 0 
0.5 0.006666666666666667 0.006666666666666667 0 0 
0.5 0.006666666666666667 0.013333333333333334 1338 1338 
0.5 0.006666666666666667 0.02 685 685 
0.5 0.006666666666666667 0.02666666666666667 715 715 
0.5 0.006666666666666667 0.03333333333333333 1051 1051 
0.5 0.006666666666666667 0.04 809 809 
0.5 0.006666666666666667 0.04666666666666667 913 913 
0.5 0.006666666666666667 0.05333333333333334 865 865 
0.5 0.006666666666666667 0.06 842 842 
0.5 0.006666666666666667 0.06666666666666667 876 876 
0.5 0.006666666666666667 0.07333333333333333 841 841 
0.5 0.006666666666666667 0.08 889 889 
0.5 0.006666666666666667 0.08666666666666667 851 851 
0.5 0.006666666666666667 0.09333333333333334 804 804 
0.5 0.006666666666666667 0.1 820 820 
0.5 0.006666666666666667 0.10666666666666667 800 800 
0.5 0.006666666666666667 0.11333333333333333 832 832 
0.5 0.006666666666666667 0.12 841 841 
0.5 0.006666666666666667 0.12666666666666668 836 836 
0.5 0.006666666666666667 0.13333333333333333 841 841 
0.5 0.006666666666666667 0.14 850 850 
0.5 0.006666666666666667 0.14666666666666667 797 797 
0.5 0.006666666666666667 0.15333333333333332 908 908 
0.5 0.006666666666666667 0.16 845 845 
0.5 0.006666666666666667 0.16666666666666666 867 867 
0.5 0.006666666666666667 0.17333333333333334 863 863 
0.5 0.006666666666666667 0.18 859 859 
0.5 0.006666666666666667 0.18666666666666668 879 879 
0.5 0.006666666666666667 0.19333333333333333 863 863 
0.5 0.006666666666666667 0.2 834 834 
0.5 0.006666666666666667 0.20666666666666667 786 786 
0.5 0.006666666666666667 0.21333333333333335 802 802 
0.5 0.006666666666666667 0.22 823 823 
0.5 0.006666666666666667 0.22666666666666666 837 837 
0.5 0.006666666666666667 0.23333333333333334 895 895 
0.5 0.006666666666666667 0.24 839 839 
0.5 0.006666666666666667 0.24666666666666667 862 862 
0.5 0.006666666666666667 0.25333333333333335 894 894 
0.5 0.006666666666666667 0.26 831 831 
0.5 0.006666666666666667 0.26666666666666666 838 838 
0.5 0.006666666666666667 0.2733333333333333 887 887 
0.5 0.006666666666666667 0.28 811 811 
0.5 0.006666666666666667 0.2866666666666667 832 832 
0.5 0.006666666666666667 0.29333333333333333 814 814 
0.5 0.006666666666666667 0.3 830 830 
0.5 0.006666666666666667 0.30666666666666664 821 821 
0.5 0.006666666666666667 0.31333333333333335 870 870 
0.5 0.006666666666666667 0.32 826 826 
0.5 0.006666666666666667 0.32666666666666666 877 877 
0.5 0.006666666666666667 0.3333333333333333 868 868 
0.5 0.006666666666666667 0.34 867 867 
0.5 0.006666666666666667 0.3466666666666667 846 846 
0.5 0.006666666666666667 0.35333333333333333 810 810 
0.5 0.006666666666666667 0.36 817 817 
0.5 0.006666666666666667 0.36666666666666664 862 862 
0.5 0.006666666666666667 0.37333333333333335 838 838 
0.5 0.006666666666666667 0.38 840 840 
0.5 0.006666666666666667 0.38666666666666666 859 859 
0.5 0.006666666666666667 0.3933333333333333 783 783 
0.5 0.006666666666666667 0.4 823 823 
0.5 0.006666666666666667 0.4066666666666667 814 814 
0.5 0.006666666666666667 0.41333333333333333 829 829 
0.5 0.006666666666666667 0.42 814 814 
0.5 0.006666666666666667 0.4266666666666667 783 783 
0.5 0.006666666666666667 0.43333333333333335 873 873 
0.5 0.006666666666666667 0.44 847 847 
0.5 0.006666666666666667 0.44666666666666666 790 790 
0.5 0.006666666666666667 0.4533333333333333 817 817 
0.5 0.006666666666666667 0.46 827 827 
0.5 0.006666666666666667 0.4666666666666667 810 810 
0.5 0.006666666666666667 0.47333333333333333 815 815 
0.5 0.006666666666666667 0.48 860 860 
0.5 0.006666666666666667 0.4866666666666667 796 796 
0.5 0.006666666666666667 0.49333333333333335 840 840 
0.5 0.006666666666666667 0.5 838 838 
0.5 0.006666666666666667 0.5066666666666667 874 874 
0.5 0.006666666666666667 0.5133333333333333 807 807 
0.5 0.006666666666666667 0.52 819 819 
0.5 0.006666666666666667 0.5266666666666666 816 816 
0.5 0.006666666666666667 0.5333333333333333 816 816 
0.5 0.006666666666666667 0.54 897 897 
0.5 0.006666666666666667 0.5466666666666666 837 837 
0.5 0.006666666666666667 0.5533333333333333 788 788 
0.5 0.006666666666666667 0.56 816 816 
0.5 0.006666666666666667 0.5666666666666667 833 833 
0.5 0.006666666666666667 0.5733333333333334 829 829 
0.5 0.006666666666666667 0.58 820 820 
0.5 0.006666666666666667 0.5866666666666667 858 858 
0.5 0.006666666666666667 0.5933333333333334 783 783 
0.5 0.006666666666666667 0.6 852 852 
0.5 0.006666666666666667 0.6066666666666667 882 882 
0.5 0.006666666666666667 0.6133333333333333 816 816 
0.5 0.006666666666666667 0.62 832 832 
0.5 0.006666666666666667 0.6266666666666667 858 858 
0.5 0.006666666666666667 0.6333333333333333 827 827 
0.5 0.006666666666666667 0.64 866 866 
0.5 0.006666666666666667 0.6466666666666666 810 810 
0.5 0.006666666666666667 0.6533333333333333 885 885 
0.5 0.006666666666666667 0.66 875 875 
0.5 0.006666666666666667 0.6666666666666666 835 835 
0.5 0.006666666666666667 0.6733333333333333 856 856 
0.5 0.006666666666666667 0.68 828 828 
0.5 0.006666666666666667 0.6866666666666666 817 817 
0.5 0.006666666666666667 0.6933333333333334 821 821 
0.5 0.006666666666666667 0.7 838 838 
0.5 0.006666666666666667 0.7066666666666667 790 790 
0.5 0.006666666666666667 0.7133333333333334 854 854 
0.5 0.006666666666666667 0.72 832 832 
0.5 0.006666666666666667 0.7266666666666667 828 828 
0.5 0.006666666666666667 0.7333333333333333 807 807 
0.5 0.006666666666666667 0.74 854 854 
0.5 0.006666666666666667 0.7466666666666667 827 827 
0.5 0.006666666666666667 0.7533333333333333 798 798 
0.5 0.006666666666666667 0.76 793 793 
0.5 0.006666666666666667 0.7666666666666667 887 887 
0.5 0.006666666666666667 0.7733333333333333 840 840 
0.5 0.006666666666666667 0.78 834 834 
0.5 0.006666666666666667 0.7866666666666666 850 850 
0.5 0.006666666666666667 0.7933333333333333 832 832 
0.5 0.006666666666666667 0.8 842 842 
0.5 0.006666666666666667 0.8066666666666666 873 873 
0.5 0.006666666666666667 0.8133333333333334 852 852 
0.5 0.006666666666666667 0.82 866 866 
0.5 0.006666666666666667 0.8266666666666667 832 832 
0.5 0.006666666666666667 0.8333333333333334 841 841 
0.5 0.006666666666666667 0.84 857 857 
0.5 0.006666666666666667 0.8466666666666667 868 868 
0.5 0.006666666666666667 0.8533333333333334 847 847 
0.5 0.006666666666666667 0.86 828 828 
0.5 0.006666666666666667 0.8666666666666667 790 790 
0.5 0.006666666666666667 0.8733333333333333 791 791 
0.5 0.006666666666666667 0.88 860 860 
0.5 0.006666666666666667 0.8866666666666667 863 863 
0.5 0.006666666666666667 0.8933333333333333 840 840 
0.5 0.006666666666666667 0.9 879 879 
0.5 0.006666666666666667 0.9066666666666666 823 823 
0.5 0.006666666666666667 0.9133333333333333 886 886 
0.5 0.006666666666666667 0.92 793 793 
0.5 0.006666666666666667 0.9266666666666666 842 842 
0.5 0.006666666666666667 0.9333333333333333 851 851 
0.5 0.006666666666666667 0.94 837 837 
0.5 0.006666666666666667 0.9466666666666667 896 896 
0.5 0.006666666666666667 0.9533333333333334 762 762 
0.5 0.006666666666666667 0.96 967 967 
0.5 0.006666666666666667 0.9666666666666667 780 780 
0.5 0.006666666666666667 0.9733333333333334 710 710 
0.5 0.006666666666666667 0.98 1420 1420 
0.5 0.006666666666666667 0.9866666666666667 0 0 
0.5 0.006666666666666667 0.9933333333333333 0 0 
0.5 0.013333333333333334 0.0 0 0 
0.5 0.013333333333333334 0.006666666666666667 0 0 
0.5 0.013333333333333334 0.013333333333333334 1433 1433 
0.5 0.013333333333333334 0.02 682 682 
0.5 0.013333333333333334 0.02666666666666667 757 757 
0.5 0.013333333333333334 0.03333333333333333 991 991 
0.5 0.013333333333333334 0.04 794 794 
0.5 0.013333333333333334 0.04666666666666667 876 876 
0.5 0.013333333333333334 0.05333333333333334 907 907 
0.5 0.013333333333333334 0.06 800 800 
0.5 0.013333333333333334 0.06666666666666667 821 821 
0.5 0.013333333333333334 0.07333333333333333 881 881 
0.5 0.013333333333333334 0.08 787 787 
0.5 0.013333333333333334 0.08666666666666667 801 801 
0.5 0.013333333333333334 0.09333333333333334 812 812 
0.5 0.013333333333333334 0.1 862 862 
0.5 0.013333333333333334 0.10666666666666667 855 855 
0.5 0.013333333333333334 0.11333333333333333 836 836 
0.5 0.013333333333333334 0.12 865 865 
0.5 0.013333333333333334 0.12666666666666668 837 837 
0.5 0.013333333333333334 0.13333333333333333 817 817 
0.5 0.013333333333333334 0.14 868 868 
0.5 0.013333333333333334 0.14666666666666667 863 863 
0.5 0.013333333333333334 0.15333333333333332 868 868 
0.5 0.013333333333333334 0.16 856 856 
0.5 0.013333333333333334 0.16666666666666666 840 840 
0.5 0.013333333333333334 0.17333333333333334 889 889 
0.5 0.013333333333333334 0.18 812 812 
0.5 0.013333333333333334 0.18666666666666668 849 849 
0.5 0.013333333333333334 0.19333333333333333 837 837 
0.5 0.013333333333333334 0.2 871 871 
0.5 0.013333333333333334 0.20666666666666667 816 816 
0.5 0.013333333333333334 0.21333333333333335 836 836 
0.5 0.013333333333333334 0.22 848 848 
0.5 0.013333333333333334 0.22666666666666666 826 826 
0.5 0.013333333333333334 0.23333333333333334 837 837 
0.5 0.013333333333333334 0.24 849 849 
0.5 0.013333333333333334 0.24666666666666667 868 868 
0.5 0.013333333333333334 0.25333333333333335 846 846 
0.5 0.013333333333333334 0.26 830 830 
0.5 0.013333333333333334 0.26666666666666666 832 832 
0.5 0.013333333333333334 0.2733333333333333 798 798 
0.5 0.013333333333333334 0.28 822 822 
0.5 0.013333333333333334 0.2866666666666667 832 832 
0.5 0.013333333333333334 0.29333333333333333 784 784 
0.5 0.013333333333333334 0.3 866 866 
0.5 0.013333333333333334 0.30666666666666664 909 909 
0.5 0.013333333333333334 0.31333333333333335 756 756 
0.5 0.013333333333333334 0.32 801 801 
0.5 0.013333333333333334 0.32666666666666666 844 844 
0.5 0.013333333333333334 0.3333333333333333 859 859 
0.5 0.013333333333333334 0.34 853 853 
0.5 0.013333333333333334 0.3466666666666667 836 836 
0.5 0.013333333333333334 0.35333333333333333 834 834 
0.5 0.013333333333333334 0.36 812 812 
0.5 0.013333333333333334 0.36666666666666664 811 811 
0.5 0.013333333333333334 0.37333333333333335 761 761 
0.5 0.013333333333333334 0.38 808 808 
0.5 0.013333333333333334 0.38666666666666666 832 832 
0.5 0.013333333333333334 0.3933333333333333 824 824 
0.5 0.013333333333333334 0.4 834 834 
0.5 0.013333333333333334 0.4066666666666667 821 821 
0.5 0.013333333333333334 0.41333333333333333 795 795 
0.5 0.013333333333333334 0.42 839 839 
0.5 0.013333333333333334 0.4266666666666667 828 828 
0.5 0.013333333333333334 0.43333333333333335 848 848 
0.5 0.013333333333333334 0.44 790 790 
0.5 0.013333333333333334 0.44666666666666666 865 865 
0.5 0.013333333333333334 0.4533333333333333 835 835 
0.5 0.013333333333333334 0.46 877 877 
0.5 0.013333333333333334 0.4666666666666667 865 865 
0.5 0.013333333333333334 0.47333333333333333 764 764 
0.5 0.013333333333333334 0.48 838 838 
0.5 0.013333333333333334 0.4866666666666667 858 858 
0.5 0.013333333333333334 0.49333333333333335 851 851 
0.5 0.013333333333333334 0.5 840 840 
0.5 0.013333333333333334 0.5066666666666667 822 822 
0.5 0.013333333333333334 0.5133333333333333 859 859 
0.5 0.013333333333333334 0.52 896 896 
0.5 0.013333333333333334 0.5266666666666666 856 856 
0.5 0.013333333333333334 0.5333333333333333 821 821 
0.5 0.013333333333333334 0.54 809 809 
0.5 0.013333333333333334 0.5466666666666666 818 818 
0.5 0.013333333333333334 0.5533333333333333 827 827 
0.5 0.013333333333333334 0.56 826 826 
0.5 0.013333333333333334 0.5666666666666667 863 863 
0.5 0.013333333333333334 0.5733333333333334 827 827 
0.5 0.013333333333333334 0.58 828 828 
0.5 0.013333333333333334 0.5866666666666667 805 805 
0.5 0.013333333333333334 0.5933333333333334 805 805 
0.5 0.013333333333333334 0.6 821 821 
0.5 0.013333333333333334 0.6066666666666667 868 868 
0.5 0.013333333333333334 0.6133333333333333 830 830 
0.5 0.013333333333333334 0.62 840 840 
0.5 0.013333333333333334 0.6266666666666667 861 861 
0.5 0.013333333333333334 0.6333333333333333 835 835 
0.5 0.013333333333333334 0.64 852 852 
0.5 0.013333333333333334 0.6466666666666666 852 852 
0.5 0.013333333333333334 0.6533333333333333 834 834 
0.5 0.013333333333333334 0.66 842 842 
0.5 0.013333333333333334 0.6666666666666666 807 807 
0.5 0.013333333333333334 0.6733333333333333 859 859 
0.5 0.013333333333333334 0.68 839 839 
0.5 0.013333333333333334 0.6866666666666666 844 844 
0.5 0.013333333333333334 0.6933333333333334 828 828 
0.5 0.013333333333333334 0.7 791 791 
0.5 0.013333333333333334 0.7066666666666667 848 848 
0.5 0.013333333333333334 0.7133333333333334 858 858 
0.5 0.013333333333333334 0.72 837 837 
0.5 0.013333333333333334 0.7266666666666667 805 805 
0.5 0.013333333333333334 0.7333333333333333 880 880 
0.5 0.013333333333333334 0.74 830 830 
0.5 0.013333333333333334 0.7466666666666667 839 839 
0.5 0.013333333333333334 0.7533333333333333 838 838 
0.5 0.013333333333333334 0.76 856 856 
0.5 0.013333333333333334 0.7666666666666667 837 837 
0.5 0.013333333333333334 0.7733333333333333 852 852 
0.5 0.013333333333333334 0.78 865 865 
0.5 0.013333333333333334 0.7866666666666666 843 843 
0.5 0.013333333333333334 0.7933333333333333 841 841 
0.5 0.013333333333333334 0.8 861 861 
0.5 0.013333333333333334 0.8066666666666666 835 835 
0.5 0.013333333333333334 0.8133333333333334 842 842 
0.5 0.013333333333333334 0.82 874 874 
0.5 0.013333333333333334 0.8266666666666667 857 857 
0.5 0.013333333333333334 0.8333333333333334 865 865 
0.5 0.013333333333333334 0.84 856 856 
0.5 0.013333333333333334 0.8466666666666667 828 828 
0.5 0.013333333333333334 0.8533333333333334 834 834 
0.5 0.013333333333333334 0.86 866 866 
0.5 0.013333333333333334 0.8666666666666667 808 808 
0.5 0.013333333333333334 0.8733333333333333 892 892 
0.5 0.013333333333333334 0.88 815 815 
0.5 0.013333333333333334 0.8866666666666667 882 882 
0.5 0.013333333333333334 0.8933333333333333 831 831 
0.5 0.013333333333333334 0.9 822 822 
0.5 0.013333333333333334 0.9066666666666666 862 862 
0.5 0.013333333333333334 0.9133333333333333 807 807 
0.5 0.013333333333333334 0.92 868 868 
0.5 0.013333333333333334 0.9266666666666666 894 894 
0.5 0.013333333333333334 0.9333333333333333 897 897 
0.5 0.013333333333333334 0.94 847 847 
0.5 0.013333333333333334 0.9466666666666667 879 879 
0.5 0.013333333333333334 0.9533333333333334 820 820 
0.5 0.013333333333333334 0.96 1010 1010 
0.5 0.013333333333333334 0.9666666666666667 723 723 
0.5 0.013333333333333334 0.9733333333333334 736 736 
0.5 0.013333333333333334 0.98 1337 1337 
0.5 0.013333333333333334 0.9866666666666667 0 0 
0.5 0.013333333333333334 0.9933333333333333 0 0 
0.5 0.02 0.0 0 0 
0.5 0.02 0.006666666666666667 0 0 
0.5 0.02 0.013333333333333334 1384 1384 
0.5 0.02 0.02 726 726 
0.5 0.02 0.02666666666666667 754 754 
0.5 0.02 0.03333333333333333 1002 1002 
0.5 0.02 0.04 738 738 
0.5 0.02 0.04666666666666667 883 883 
0.5 0.02 0.05333333333333334 792 792 
0.5 0.02 0.06 854 854 
0.5 0.02 0.06666666666666667 879 879 
0.5 0.02 0.07333333333333333 860 860 
0.5 0.02 0.08 844 844 
0.5 0.02 0.08666666666666667 837 837 
0.5 0.02 0.09333333333333334 847 847 
0.5 0.02 0.1 773 773 
0.5 0.02 0.10666666666666667 841 841 
0.5 0.02 0.11333333333333333 821 821 
0.5 0.02 0.12 875 875 
0.5 0.02 0.12666666666666668 859 859 
0.5 0.02 0.13333333333333333 823 823 
0.5 0.02 0.14 885 885 
0.5 0.02 0.14666666666666667 789 789 
0.5 0.02 0.15333333333333332 816 816 
0.5 0.02 0.16 886 886 
0.5 0.02 0.16666666666666666 845 845 
0.5 0.02 0.17333333333333334 824 824 
0.5 0.02 0.18 854 854 
0.5 0.02 0.18666666666666668 826 826 
0.5 0.02 0.19333333333333333 826 826 
0.5 0.02 0.2 820 820 
0.5 0.02 0.20666666666666667 839 839 
0.5 0.02 0.21333333333333335 839 839 
0.5 0.02 0.22 809 809 
0.5 0.02 0.22666666666666666 844 844 
0.5 0.02 0.23333333333333334 808 808 
0.5 0.02 0.24 813 813 
0.5 0.02 0.24666666666666667 807 807 
0.5 0.02 0.25333333333333335 870 870 
0.5 0.02 0.26 851 851 
0.5 0.02 0.26666666666666666 803 803 
0.5 0.02 0.2733333333333333 806 806 
0.5 0.02 0.28 839 839 
0.5 0.02 0.2866666666666667 856 856 
0.5 0.02 0.29333333333333333 836 836 
0.5 0.02 0.3 797 797 
0.5 0.02 0.30666666666666664 815 815 
0.5 0.02 0.31333333333333335 842 842 
0.5 0.02 0.32 817 817 
0.5 0.02 0.32666666666666666 798 798 
0.5 0.02 0.3333333333333333 809 809 
0.5 0.02 0.34 827 827 
0.5 0.02 0.3466666666666667 811 811 
0.5 0.02 0.35333333333333333 848 848 
0.5 0.02 0.36 815 815 
0.5 0.02 0.36666666666666664 899 899 
0.5 0.02 0.37333333333333335 827 827 
0.5 0.02 0.38 816 816 
0.5 0.02 0.38666666666666666 820 820 
0.5 0.02 0.3933333333333333 839 839 
0.5 0.02 0.4 827 827 
0.5 0.02 0.4066666666666667 856 856 
0.5 0.02 0.41333333333333333 822 822 
0.5 0.02 0.42 827 827 
0.5 0.02 0.4266666666666667 812 812 
0.5 0.02 0.43333333333333335 838 838 
0.5 0.02 0.44 829 829 
0.5 0.02 0.44666666666666666 800 800 
0.5 0.02 0.4533333333333333 748 748 
0.5 0.02 0.46 848 848 
0.5 0.02 0.4666666666666667 834 834 
0.5 0.02 0.47333333333333333 795 795 
0.5 0.02 0.48 816 816 
0.5 0.02 0.4866666666666667 819 819 
0.5 0.02 0.49333333333333335 830 830 
0.5 0.02 0.5 838 838 
0.5 0.02 0.5066666666666667 845 845 
0.5 0.02 0.5133333333333333 858 858 
0.5 0.02 0.52 893 893 
0.5 0.02 0.5266666666666666 857 857 
0.5 0.02 0.5333333333333333 866 866 
0.5 0.02 0.54 887 887 
0.5 0.02 0.5466666666666666 876 876 
0.5 0.02 0.5533333333333333 841 841 
0.5 0.02 0.56 819 819 
0.5 0.02 0.5666666666666667 817 817 
0.5 0.02 0.5733333333333334 869 869 
0.5 0.02 0.58 805 805 
0.5 0.02 0.5866666666666667 841 841 
0.5 0.02 0.5933333333333334 876 876 
0.5 0.02 0.6 809 809 
0.5 0.02 0.6066666666666667 842 842 
0.5 0.02 0.6133333333333333 886 886 
0.5 0.02 0.62 855 855 
0.5 0.02 0.6266666666666667 876 876 
0.5 0.02 0.6333333333333333 859 859 
0.5 0.02 0.64 874 874 
0.5 0.02 0.6466666666666666 841 841 
0.5 0.02 0.6533333333333333 809 809 
0.5 0.02 0.66 874 874 
0.5 0.02 0.6666666666666666 782 782 
0.5 0.02 0.6733333333333333 817 817 
0.5 0.02 0.68 820 820 
0.5 0.02 0.6866666666666666 839 839 
0.5 0.02 0.6933333333333334 812 812 
0.5 0.02 0.7 834 834 
0.5 0.02 0.7066666666666667 865 865 
0.5 0.02 0.7133333333333334 786 786 
0.5 0.02 0.72 834 834 
0.5 0.02 0.7266666666666667 887 887 
0.5 0.02 0.7333333333333333 829 829 
0.5 0.02 0.74 842 842 
0.5 0.02 0.7466666666666667 800 800 
0.5 0.02 0.7533333333333333 810 810 
0.5 0.02 0.76 848 848 
0.5 0.02 0.7666666666666667 830 830 
0.5 0.02 0.7733333333333333 854 854 
0.5 0.02 0.78 845 845 
0.5 0.02 0.7866666666666666 836 836 
0.5 0.02 0.7933333333333333 867 867 
0.5 0.02 0.8 851 851 
0.5 0.02 0.8066666666666666 868 868 
0.5 0.02 0.8133333333333334 838 838 
0.5 0.02 0.82 866 866 
0.5 0.02 0.8266666666666667 869 869 
0.5 0.02 0.8333333333333334 871 871 
0.5 0.02 0.84 827 827 
0.5 0.02 0.8466666666666667 848 848 
0.5 0.02 0.8533333333333334 869 869 
0.5 0.02 0.86 911 911 
0.5 0.02 0.8666666666666667 842 842 
0.5 0.02 0.8733333333333333 876 876 
0.5 0.02 0.88 838 838 
0.5 0.02 0.8866666666666667 849 849 
0.5 0.02 0.8933333333333333 840 840 
0.5 0.02 0.9 894 894 
0.5 0.02 0.9066666666666666 788 788 
0.5 0.02 0.9133333333333333 837 837 
0.5 0.02 0.92 855 855 
0.5 0.02 0.9266666666666666 899 899 
0.5 0.02 0.9333333333333333 858 858 
0.5 0.02 0.94 821 821 
0.5 0.02 0.9466666666666667 935 935 
0.5 0.02 0.9533333333333334 795 795 
0.5 0.02 0.96 1034 1034 
0.5 0.02 0.9666666666666667 759 759 
0.5 0.02 0.9733333333333334 735 735 
0.5 0.02 0.98 1393 1393 
0.5 0.02 0.9866666666666667 0 0 
0.5 0.02 0.9933333333333333 0 0 
0.5 0.02666666666666667 0.0 0 0 
0.5 0.02666666666666667 0.006666666666666667 0 0 
0.5 0.02666666666666667 0.013333333333333334 1362 1362 
0.5 0.02666666666666667 0.02 657 657 
0.5 0.02666666666666667 0.02666666666666667 749 749 
0.5 0.02666666666666667 0.03333333333333333 979 979 
0.5 0.02666666666666667 0.04 731 731 
0.5 0.02666666666666667 0.04666666666666667 917 917 
0.5 0.02666666666666667 0.05333333333333334 930 930 
0.5 0.02666666666666667 0.06 826 826 
0.5 0.02666666666666667 0.06666666666666667 853 853 
0.5 0.02666666666666667 0.07333333333333333 842 842 
0.5 0.02666666666666667 0.08 802 802 
0.5 0.02666666666666667 0.08666666666666667 840 840 
0.5 0.02666666666666667 0.09333333333333334 806 806 
0.5 0.02666666666666667 0.1 887 887 
0.5 0.02666666666666667 0.10666666666666667 792 792 
0.5 0.02666666666666667 0.11333333333333333 872 872 
0.5 0.02666666666666667 0.12 866 866 
0.5 0.02666666666666667 0.12666666666666668 837 837 
0.5 0.02666666666666667 0.13333333333333333 873 873 
0.5 0.02666666666666667 0.14 832 832 
0.5 0.02666666666666667 0.14666666666666667 824 824 
0.5 0.02666666666666667 0.15333333333333332 819 819 
0.5 0.02666666666666667 0.16 835 835 
0.5 0.02666666666666667 0.16666666666666666 842 842 
0.5 0.02666666666666667 0.17333333333333334 808 808 
0.5 0.02666666666666667 0.18 859 859 
0.5 0.02666666666666667 0.18666666666666668 804 804 
0.5 0.02666666666666667 0.19333333333333333 797 797 
0.5 0.02666666666666667 0.2 905 905 
0.5 0.02666666666666667 0.20666666666666667 800 800 
0.5 0.02666666666666667 0.21333333333333335 867 867 
0.5 0.02666666666666667 0.22 818 818 
0.5 0.02666666666666667 0.22666666666666666 836 836 
0.5 0.02666666666666667 0.23333333333333334 858 858 
0.5 0.02666666666666667 0.24 839 839 
0.5 0.02666666666666667 0.24666666666666667 828 828 
0.5 0.02666666666666667 0.25333333333333335 840 840 
0.5 0.02666666666666667 0.26 828 828 
0.5 0.02666666666666667 0.26666666666666666 825 825 
0.5 0.02666666666666667 0.2733333333333333 847 847 
0.5 0.02666666666666667 0.28 846 846 
0.5 0.02666666666666667 0.2866666666666667 822 822 
0.5 0.02666666666666667 0.29333333333333333 823 823 
0.5 0.02666666666666667 0.3 845 845 
0.5 0.02666666666666667 0.30666666666666664 805 805 
0.5 0.02666666666666667 0.31333333333333335 777 777 
0.5 0.02666666666666667 0.32 850 850 
0.5 0.02666666666666667 0.32666666666666666 842 842 
0.5 0.02666666666666667 0.3333333333333333 775 775 
0.5 0.02666666666666667 0.34 850 850 
0.5 0.02666666666666667 0.3466666666666667 817 817 
0.5 0.02666666666666667 0.35333333333333333 813 813 
0.5 0.02666666666666667 0.36 858 858 
0.5 0.02666666666666667 0.36666666666666664 752 752 
0.5 0.02666666666666667 0.37333333333333335 875 875 
0.5 0.02666666666666667 0.38 851 851 
0.5 0.02666666666666667 0.38666666666666666 851 851 
0.5 0.02666666666666667 0.3933333333333333 781 781 
0.5 0.02666666666666667 0.4 844 844 
0.5 0.02666666666666667 0.4066666666666667 806 806 
0.5 0.02666666666666667 0.41333333333333333 815 815 
0.5 0.02666666666666667 0.42 837 837 
0.5 0.02666666666666667 0.4266666666666667 858 858 
0.5 0.02666666666666667 0.43333333333333335 851 851 
0.5 0.02666666666666667 0.44 860 860 
0.5 0.02666666666666667 0.44666666666666666 816 816 
0.5 0.02666666666666667 0.4533333333333333 858 858 
0.5 0.02666666666666667 0.46 854 854 
0.5 0.02666666666666667 0.4666666666666667 788 788 
0.5 0.02666666666666667 0.47333333333333333 846 846 
0.5 0.02666666666666667 0.48 838 838 
0.5 0.02666666666666667 0.4866666666666667 836 836 
0.5 0.02666666666666667 0.49333333333333335 837 837 
0.5 0.02666666666666667 0.5 827 827 
0.5 0.02666666666666667 0.5066666666666667 828 828 
0.5 0.02666666666666667 0.5133333333333333 828 828 
0.5 0.02666666666666667 0.52 902 902 
0.5 0.02666666666666667 0.5266666666666666 821 821 
0.5 0.02666666666666667 0.5333333333333333 825 825 
0.5 0.02666666666666667 0.54 833 833 
0.5 0.02666666666666667 0.5466666666666666 828 828 
0.5 0.02666666666666667 0.5533333333333333 876 876 
0.5 0.02666666666666667 0.56 817 817 
0.5 0.02666666666666667 0.5666666666666667 907 907 
0.5 0.02666666666666667 0.5733333333333334 836 836 
0.5 0.02666666666666667 0.58 861 861 
0.5 0.02666666666666667 0.5866666666666667 783 783 
0.5 0.02666666666666667 0.5933333333333334 810 810 
0.5 0.02666666666666667 0.6 821 821 
0.5 0.02666666666666667 0.6066666666666667 816 816 
0.5 0.02666666666666667 0.6133333333333333 825 825 
0.5 0.02666666666666667 0.62 889 889 
0.5 0.02666666666666667 0.6266666666666667 856 856 
0.5 0.02666666666666667 0.6333333333333333 872 872 
0.5 0.02666666666666667 0.64 834 834 
0.5 0.02666666666666667 0.6466666666666666 860 860 
0.5 0.02666666666666667 0.6533333333333333 791 791 
0.5 0.02666666666666667 0.66 810 810 
0.5 0.02666666666666667 0.6666666666666666 810 810 
0.5 0.02666666666666667 0.6733333333333333 839 839 
0.5 0.02666666666666667 0.68 849 849 
0.5 0.02666666666666667 0.6866666666666666 833 833 
0.5 0.02666666666666667 0.6933333333333334 854 854 
0.5 0.02666666666666667 0.7 851 851 
0.5 0.02666666666666667 0.7066666666666667 810 810 
0.5 0.02666666666666667 0.7133333333333334 819 819 
0.5 0.02666666666666667 0.72 865 865 
0.5 0.02666666666666667 0.7266666666666667 856 856 
0.5 0.02666666666666667 0.7333333333333333 819 819 
0.5 0.02666666666666667 0.74 802 802 
0.5 0.02666666666666667 0.7466666666666667 824 824 
0.5 0.02666666666666667 0.7533333333333333 831 831 
0.5 0.02666666666666667 0.76 904 904 
0.5 0.02666666666666667 0.7666666666666667 834 834 
0.5 0.02666666666666667 0.7733333333333333 826 826 
0.5 0.02666666666666667 0.78 898 898 
0.5 0.02666666666666667 0.7866666666666666 846 846 
0.5 0.02666666666666667 0.7933333333333333 877 877 
0.5 0.02666666666666667 0.8 825 825 
0.5 0.02666666666666667 0.8066666666666666 833 833 
0.5 0.02666666666666667 0.8133333333333334 881 881 
0.5 0.02666666666666667 0.82 819 819 
0.5 0.02666666666666667 0.8266666666666667 821 821 
0.5 0.02666666666666667 0.8333333333333334 854 854 
0.5 0.02666666666666667 0.84 843 843 
0.5 0.02666666666666667 0.8466666666666667 826 826 
0.5 0.02666666666666667 0.8533333333333334 820 820 
0.5 0.02666666666666667 0.86 870 870 
0.5 0.02666666666666667 0.8666666666666667 836 836 
0.5 0.02666666666666667 0.8733333333333333 844 844 
0.5 0.02666666666666667 0.88 769 769 
0.5 0.02666666666666667 0.8866666666666667 837 837 
0.5 0.02666666666666667 0.8933333333333333 847 847 
0.5 0.02666666666666667 0.9 890 890 
0.5 0.02666666666666667 0.9066666666666666 863 863 
0.5 0.02666666666666667 0.9133333333333333 846 846 
0.5 0.02666666666666667 0.92 847 847 
0.5 0.02666666666666667 0.9266666666666666 828 828 
0.5 0.02666666666666667 0.9333333333333333 893 893 
0.5 0.02666666666666667 0.94 840 840 
0.5 0.02666666666666667 0.9466666666666667 874 874 
0.5 0.02666666666666667 0.9533333333333334 808 808 
0.5 0.02666666666666667 0.96 973 973 
0.5 0.02666666666666667 0.9666666666666667 726 726 
0.5 0.02666666666666667 0.9733333333333334 705 705 
0.5 0.02666666666666667 0.98 1325 1325 
0.5 0.02666666666666667 0.9866666666666667 0 0 
0.5 0.02666666666666667 0.9933333333333333 0 0 
0.5 0.03333333333333333 0.0 0 0 
0.5 0.03333333333333333 0.006666666666666667 0 0 
0.5 0.03333333333333333 0.013333333333333334 1372 1372 
0.5 0.03333333333333333 0.02 690 690 
0.5 0.03333333333333333 0.02666666666666667 765 765 
0.5 0.03333333333333333 0.03333333333333333 918 918 
0.5 0.03333333333333333 0.04 747 747 
0.5 0.03333333333333333 0.04666666666666667 901 901 
0.5 0.03333333333333333 0.05333333333333334 827 827 
0.5 0.03333333333333333 0.06 843 843 
0.5 0.03333333333333333 0.06666666666666667 811 811 
0.5 0.03333333333333333 0.07333333333333333 836 836 
0.5 0.03333333333333333 0.08 797 797 
0.5 0.03333333333333333 0.08666666666666667 802 802 
0.5 0.03333333333333333 0.09333333333333334 805 805 
0.5 0.03333333333333333 0.1 839 839 
0.5 0.03333333333333333 0.10666666666666667 802 802 
0.5 0.03333333333333333 0.11333333333333333 823 823 
0.5 0.03333333333333333 0.12 793 793 
0.5 0.03333333333333333 0.12666666666666668 858 858 
0.5 0.03333333333333333 0.13333333333333333 802 802 
0.5 0.03333333333333333 0.14 825 825 
0.5 0.03333333333333333 0.14666666666666667 821 821 
0.5 0.03333333333333333 0.15333333333333332 815 815 
0.5 0.03333333333333333 0.16 837 837 
0.5 0.03333333333333333 0.16666666666666666 793 793 
0.5 0.03333333333333333 0.17333333333333334 811 811 
0.5 0.03333333333333333 0.18 807 807 
0.5 0.03333333333333333 0.18666666666666668 933 933 
0.5 0.03333333333333333 0.19333333333333333 820 820 
0.5 0.03333333333333333 0.2 826 826 
0.5 0.03333333333333333 0.20666666666666667 823 823 
0.5 0.03333333333333333 0.21333333333333335 843 843 
0.5 0.03333333333333333 0.22 818 818 
0.5 0.03333333333333333 0.22666666666666666 827 827 
0.5 0.03333333333333333 0.23333333333333334 806 806 
0.5 0.03333333333333333 0.24 817 817 
0.5 0.03333333333333333 0.24666666666666667 867 867 
0.5 0.03333333333333333 0.25333333333333335 832 832 
0.5 0.03333333333333333 0.26 774 774 
0.5 0.03333333333333333 0.26666666666666666 804 804 
0.5 0.03333333333333333 0.2733333333333333 846 846 
0.5 0.03333333333333333 0.28 842 842 
0.5 0.03333333333333333 0.2866666666666667 857 857 
0.5 0.03333333333333333 0.29333333333333333 842 842 
0.5 0.03333333333333333 0.3 839 839 
0.5 0.03333333333333333 0.30666666666666664 850 850 
0.5 0.03333333333333333 0.31333333333333335 820 820 
0.5 0.03333333333333333 0.32 784 784 
0.5 0.03333333333333333 0.32666666666666666 827 827 
0.5 0.03333333333333333 0.3333333333333333 832 832 
0.5 0.03333333333333333 0.34 841 841 
0.5 0.03333333333333333 0.3466666666666667 840 840 
0.5 0.03333333333333333 0.35333333333333333 815 815 
0.5 0.03333333333333333 0.36 842 842 
0.5 0.03333333333333333 0.36666666666666664 830 830 
0.5 0.03333333333333333 0.37333333333333335 839 839 
0.5 0.03333333333333333 0.38 837 837 
0.5 0.03333333333333333 0.38666666666666666 816 816 
0.5 0.03333333333333333 0.3933333333333333 859 859 
0.5 0.03333333333333333 0.4 838 838 
0.5 0.03333333333333333 0.4066666666666667 806 806 
0.5 0.03333333333333333 0.41333333333333333 791 791 
0.5 0.03333333333333333 0.42 836 836 
0.5 0.03333333333333333 0.4266666666666667 827 827 
0.5 0.03333333333333333 0.43333333333333335 811 811 
0.5 0.03333333333333333 0.44 853 853 
0.5 0.03333333333333333 0.44666666666666666 900 900 
0.5 0.03333333333333333 0.4533333333333333 838 838 
0.5 0.03333333333333333 0.46 844 844 
0.5 0.03333333333333333 0.4666666666666667 848 848 
0.5 0.03333333333333333 0.47333333333333333 794 794 
0.5 0.03333333333333333 0.48 816 816 
0.5 0.03333333333333333 0.4866666666666667 812 812 
0.5 0.03333333333333333 0.49333333333333335 840 840 
0.5 0.03333333333333333 0.5 894 894 
0.5 0.03333333333333333 0.5066666666666667 813 813 
0.5 0.03333333333333333 0.5133333333333333 813 813 
0.5 0.03333333333333333 0.52 797 797 
0.5 0.03333333333333333 0.5266666666666666 838 838 
0.5 0.03333333333333333 0.5333333333333333 828 828 
0.5 0.03333333333333333 0.54 770 770 
0.5 0.03333333333333333 0.5466666666666666 865 865 
0.5 0.03333333333333333 0.5533333333333333 847 847 
0.5 0.03333333333333333 0.56 852 852 
0.5 0.03333333333333333 0.5666666666666667 818 818 
0.5 0.03333333333333333 0.5733333333333334 857 857 
0.5 0.03333333333333333 0.58 798 798 
0.5 0.03333333333333333 0.5866666666666667 863 863 
0.5 0.03333333333333333 0.5933333333333334 837 837 
0.5 0.03333333333333333 0.6 893 893 
0.5 0.03333333333333333 0.6066666666666667 849 849 
0.5 0.03333333333333333 0.6133333333333333 884 884 
0.5 0.03333333333333333 0.62 812 812 
0.5 0.03333333333333333 0.6266666666666667 808 808 
0.5 0.03333333333333333 0.6333333333333333 812 812 
0.5 0.03333333333333333 0.64 847 847 
0.5 0.03333333333333333 0.6466666666666666 857 857 
0.5 0.03333333333333333 0.6533333333333333 863 863 
0.5 0.03333333333333333 0.66 819 819 
0.5 0.03333333333333333 0.6666666666666666 803 803 
0.5 0.03333333333333333 0.6733333333333333 862 862 
0.5 0.03333333333333333 0.68 816 816 
0.5 0.03333333333333333 0.6866666666666666 852 852 
0.5 0.03333333333333333 0.6933333333333334 848 848 
0.5 0.03333333333333333 0.7 834 834 
0.5 0.03333333333333333 0.7066666666666667 836 836 
0.5 0.03333333333333333 0.7133333333333334 855 855 
0.5 0.03333333333333333 0.72 824 824 
0.5 0.03333333333333333 0.7266666666666667 797 797 
0.5 0.03333333333333333 0.7333333333333333 890 890 
0.5 0.03333333333333333 0.74 826 826 
0.5 0.03333333333333333 0.7466666666666667 830 830 
0.5 0.03333333333333333 0.7533333333333333 824 824 
0.5 0.03333333333333333 0.76 837 837 
0.5 0.03333333333333333 0.7666666666666667 851 851 
0.5 0.03333333333333333 0.7733333333333333 827 827 
0.5 0.03333333333333333 0.78 828 828 
0.5 0.03333333333333333 0.7866666666666666 828 828 
0.5 0.03333333333333333 0.7933333333333333 782 782 
0.5 0.03333333333333333 0.8 848 848 
0.5 0.03333333333333333 0.8066666666666666 884 884 
0.5 0.03333333333333333 0.8133333333333334 828 828 
0.5 0.03333333333333333 0.82 866 866 
0.5 0.03333333333333333 0.8266666666666667 840 840 
0.5 0.03333333333333333 0.8333333333333334 827 827 
0.5 0.03333333333333333 0.84 846 846 
0.5 0.03333333333333333 0.8466666666666667 844 844 
0.5 0.03333333333333333 0.8533333333333334 799 799 
0.5 0.03333333333333333 0.86 819 819 
0.5 0.03333333333333333 0.8666666666666667 877 877 
0.5 0.03333333333333333 0.8733333333333333 797 797 
0.5 0.03333333333333333 0.88 830 830 
0.5 0.03333333333333333 0.8866666666666667 792 792 
0.5 0.03333333333333333 0.8933333333333333 859 859 
0.5 0.03333333333333333 0.9 806 806 
0.5 0.03333333333333333 0.9066666666666666 861 861 
0.5 0.03333333333333333 0.9133333333333333 844 844 
0.5 0.03333333333333333 0.92 813 813 
0.5 0.03333333333333333 0.9266666666666666 850 850 
0.5 0.03333333333333333 0.9333333333333333 869 869 
0.5 0.03333333333333333 0.94 861 861 
0.5 0.03333333333333333 0.9466666666666667 924 924 
0.5 0.03333333333333333 0.9533333333333334 794 794 
0.5 0.03333333333333333 0.96 1019 1019 
0.5 0.03333333333333333 0.9666666666666667 764 764 
0.5 0.03333333333333333 0.9733333333333334 724 724 
0.5 0.03333333333333333 0.98 1323 1323 
0.5 0.03333333333333333 0.9866666666666667 0 0 
0.5 0.03333333333333333 0.9933333333333333 0 0 
0.5 0.04 0.0 0 0 
0.5 0.04 0.006666666666666667 0 0 
0.5 0.04 0.013333333333333334 1342 1342 
0.5 0.04 0.02 670 670 
0.5 0.04 0.02666666666666667 771 771 
0.5 0.04 0.03333333333333333 1012 1012 
0.5 0.04 0.04 737 737 
0.5 0.04 0.04666666666666667 934 934 
0.5 0.04 0.05333333333333334 872 872 
0.5 0.04 0.06 828 828 
0.5 0.04 0.06666666666666667 843 843 
0.5 0.04 0.07333333333333333 836 836 
0.5 0.04 0.08 842 842 
0.5 0.04 0.08666666666666667 799 799 
0.5 0.04 0.09333333333333334 860 860 
0.5 0.04 0.1 783 783 
0.5 0.04 0.10666666666666667 809 809 
0.5 0.04 0.11333333333333333 849 849 
0.5 0.04 0.12 859 859 
0.5 0.04 0.12666666666666668 891 891 
0.5 0.04 0.13333333333333333 782 782 
0.5 0.04 0.14 832 832 
0.5 0.04 0.14666666666666667 825 825 
0.5 0.04 0.15333333333333332 803 803 
0.5 0.04 0.16 818 818 
0.5 0.04 0.16666666666666666 813 813 
0.5 0.04 0.17333333333333334 849 849 
0.5 0.04 0.18 869 869 
0.5 0.04 0.18666666666666668 814 814 
0.5 0.04 0.19333333333333333 788 788 
0.5 0.04 0.2 868 868 
0.5 0.04 0.20666666666666667 773 773 
0.5 0.04 0.21333333333333335 817 817 
0.5 0.04 0.22 851 851 
0.5 0.04 0.22666666666666666 855 855 
0.5 0.04 0.23333333333333334 874 874 
0.5 0.04 0.24 786 786 
0.5 0.04 0.24666666666666667 862 862 
0.5 0.04 0.25333333333333335 854 854 
0.5 0.04 0.26 784 784 
0.5 0.04 0.26666666666666666 848 848 
0.5 0.04 0.2733333333333333 831 831 
0.5 0.04 0.28 837 837 
0.5 0.04 0.2866666666666667 806 806 
0.5 0.04 0.29333333333333333 807 807 
0.5 0.04 0.3 819 819 
0.5 0.04 0.30666666666666664 800 800 
0.5 0.04 0.31333333333333335 820 820 
0.5 0.04 0.32 841 841 
0.5 0.04 0.32666666666666666 802 802 
0.5 0.04 0.3333333333333333 803 803 
0.5 0.04 0.34 831 831 
0.5 0.04 0.3466666666666667 837 837 
0.5 0.04 0.35333333333333333 817 817 
0.5 0.04 0.36 801 801 
0.5 0.04 0.36666666666666664 825 825 
0.5 0.04 0.37333333333333335 833 833 
0.5 0.04 0.38 821 821 
0.5 0.04 0.38666666666666666 815 815 
0.5 0.04 0.3933333333333333 801 801 
0.5 0.04 0.4 777 777 
0.5 0.04 0.4066666666666667 833 833 
0.5 0.04 0.41333333333333333 861 861 
0.5 0.04 0.42 839 839 
0.5 0.04 0.4266666666666667 807 807 
0.5 0.04 0.43333333333333335 798 798 
0.5 0.04 0.44 780 780 
0.5 0.04 0.44666666666666666 796 796 
0.5 0.04 0.4533333333333333 887 887 
0.5 0.04 0.46 795 795 
0.5 0.04 0.4666666666666667 833 833 
0.5 0.04 0.47333333333333333 879 879 
0.5 0.04 0.48 859 859 
0.5 0.04 0.4866666666666667 814 814 
0.5 0.04 0.49333333333333335 841 841 
0.5 0.04 0.5 838 838 
0.5 0.04 0.5066666666666667 819 819 
0.5 0.04 0.5133333333333333 851 851 
0.5 0.04 0.52 832 832 
0.5 0.04 0.5266666666666666 858 858 
0.5 0.04 0.5333333333333333 806 806 
0.5 0.04 0.54 802 802 
0.5 0.04 0.5466666666666666 814 814 
0.5 0.04 0.5533333333333333 812 812 
0.5 0.04 0.56 825 825 
0.5 0.04 0.5666666666666667 799 799 
0.5 0.04 0.5733333333333334 865 865 
0.5 0.04 0.58 801 801 
0.5 0.04 0.5866666666666667 854 854 
0.5 0.04 0.5933333333333334 843 843 
0.5 0.04 0.6 829 829 
0.5 0.04 0.6066666666666667 892 892 
0.5 0.04 0.6133333333333333 830 830 
0.5 0.04 0.62 859 859 
0.5 0.04 0.6266666666666667 819 819 
0.5 0.04 0.6333333333333333 795 795 
0.5 0.04 0.64 875 875 
0.5 0.04 0.6466666666666666 833 833 
0.5 0.04 0.6533333333333333 838 838 
0.5 0.04 0.66 831 831 
0.5 0.04 0.6666666666666666 801 801 
0.5 0.04 0.6733333333333333 817 817 
0.5 0.04 0.68 829 829 
0.5 0.04 0.6866666666666666 800 800 
0.5 0.04 0.6933333333333334 827 827 
0.5 0.04 0.7 818 818 
0.5 0.04 0.7066666666666667 773 773 
0.5 0.04 0.7133333333333334 794 794 
0.5 0.04 0.72 805 805 
0.5 0.04 0.7266666666666667 814 814 
0.5 0.04 0.7333333333333333 787 787 
0.5 0.04 0.74 812 812 
0.5 0.04 0.7466666666666667 810 810 
0.5 0.04 0.7533333333333333 854 854 
0.5 0.04 0.76 851 851 
0.5 0.04 0.7666666666666667 811 811 
0.5 0.04 0.7733333333333333 795 795 
0.5 0.04 0.78 836 836 
0.5 0.04 0.7866666666666666 849 849 
0.5 0.04 0.7933333333333333 833 833 
0.5 0.04 0.8 881 881 
0.5 0.04 0.8066666666666666 834 834 
0.5 0.04 0.8133333333333334 813 813 
0.5 0.04 0.82 816 816 
0.5 0.04 0.8266666666666667 819 819 
0.5 0.04 0.8333333333333334 854 854 
0.5 0.04 0.84 797 797 
0.5 0.04 0.8466666666666667 824 824 
0.5 0.04 0.8533333333333334 809 809 
0.5 0.04 0.86 808 808 
0.5 0.04 0.8666666666666667 795 795 
0.5 0.04 0.8733333333333333 814 814 
0.5 0.04 0.88 852 852 
0.5 0.04 0.8866666666666667 824 824 
0.5 0.04 0.8933333333333333 840 840 
0.5 0.04 0.9 782 782 
0.5 0.04 0.9066666666666666 841 841 
0.5 0.04 0.9133333333333333 787 787 
0.5 0.04 0.92 793 793 
0.5 0.04 0.9266666666666666 912 912 
0.5 0.04 0.9333333333333333 836 836 
0.5 0.04 0.94 844 844 
0.5 0.04 0.9466666666666667 901 901 
0.5 0.04 0.9533333333333334 732 732 
0.5 0.04 0.96 978 978 
0.5 0.04 0.9666666666666667 762 762 
0.5 0.04 0.9733333333333334 696 696 
0.5 0.04 0.98 1324 1324 
0.5 0.04 0.9866666666666667 0 0 
0.5 0.04 0.9933333333333333 0 0 
0.5 0.04666666666666667 0.0 0 0 
0.5 0.04666666666666667 0.006666666666666667 0 0 
0.5 0.04666666666666667 0.013333333333333334 1332 1332 
0.5 0.04666666666666667 0.02 700 700 
0.5 0.04666666666666667 0.02666666666666667 795 795 
0.5 0.04666666666666667 0.03333333333333333 964 964 
0.5 0.04666666666666667 0.04 757 757 
0.5 0.04666666666666667 0.04666666666666667 835 835 
0.5 0.04666666666666667 0.05333333333333334 862 862 
0.5 0.04666666666666667 0.06 815 815 
0.5 0.04666666666666667 0.06666666666666667 835 835 
0.5 0.04666666666666667 0.07333333333333333 815 815 
0.5 0.04666666666666667 0.08 862 862 
0.5 0.04666666666666667 0.08666666666666667 797 797 
0.5 0.04666666666666667 0.09333333333333334 861 861 
0.5 0.04666666666666667 0.1 870 870 
0.5 0.04666666666666667 0.10666666666666667 839 839 
0.5 0.04666666666666667 0.11333333333333333 808 808 
0.5 0.04666666666666667 0.12 874 874 
0.5 0.04666666666666667 0.12666666666666668 816 816 
0.5 0.04666666666666667 0.13333333333333333 840 840 
0.5 0.04666666666666667 0.14 803 803 
0.5 0.04666666666666667 0.14666666666666667 856 856 
0.5 0.04666666666666667 0.15333333333333332 836 836 
0.5 0.04666666666666667 0.16 800 800 
0.5 0.04666666666666667 0.16666666666666666 826 826 
0.5 0.04666666666666667 0.17333333333333334 813 813 
0.5 0.04666666666666667 0.18 768 768 
0.5 0.04666666666666667 0.18666666666666668 851 851 
0.5 0.04666666666666667 0.19333333333333333 806 806 
0.5 0.04666666666666667 0.2 826 826 
0.5 0.04666666666666667 0.20666666666666667 833 833 
0.5 0.04666666666666667 0.21333333333333335 875 875 
0.5 0.04666666666666667 0.22 859 859 
0.5 0.04666666666666667 0.22666666666666666 870 870 
0.5 0.04666666666666667 0.23333333333333334 860 860 
0.5 0.04666666666666667 0.24 840 840 
0.5 0.04666666666666667 0.24666666666666667 812 812 
0.5 0.04666666666666667 0.25333333333333335 773 773 
0.5 0.04666666666666667 0.26 798 798 
0.5 0.04666666666666667 0.26666666666666666 858 858 
0.5 0.04666666666666667 0.2733333333333333 828 828 
0.5 0.04666666666666667 0.28 824 824 
0.5 0.04666666666666667 0.2866666666666667 811 811 
0.5 0.04666666666666667 0.29333333333333333 818 818 
0.5 0.04666666666666667 0.3 821 821 
0.5 0.04666666666666667 0.30666666666666664 879 879 
0.5 0.04666666666666667 0.31333333333333335 828 828 
0.5 0.04666666666666667 0.32 837 837 
0.5 0.04666666666666667 0.32666666666666666 854 854 
0.5 0.04666666666666667 0.3333333333333333 812 812 
0.5 0.04666666666666667 0.34 827 827 
0.5 0.04666666666666667 0.3466666666666667 750 750 
0.5 0.04666666666666667 0.35333333333333333 814 814 
0.5 0.04666666666666667 0.36 789 789 
0.5 0.04666666666666667 0.36666666666666664 776 776 
0.5 0.04666666666666667 0.37333333333333335 847 847 
0.5 0.04666666666666667 0.38 823 823 
0.5 0.04666666666666667 0.38666666666666666 785 785 
0.5 0.04666666666666667 0.3933333333333333 889 889 
0.5 0.04666666666666667 0.4 898 898 
0.5 0.04666666666666667 0.4066666666666667 805 805 
0.5 0.04666666666666667 0.41333333333333333 764 764 
0.5 0.04666666666666667 0.42 818 818 
0.5 0.04666666666666667 0.4266666666666667 807 807 
0.5 0.04666666666666667 0.43333333333333335 896 896 
0.5 0.04666666666666667 0.44 824 824 
0.5 0.04666666666666667 0.44666666666666666 843 843 
0.5 0.04666666666666667 0.4533333333333333 839 839 
0.5 0.04666666666666667 0.46 901 901 
0.5 0.04666666666666667 0.4666666666666667 789 789 
0.5 0.04666666666666667 0.47333333333333333 820 820 
0.5 0.04666666666666667 0.48 823 823 
0.5 0.04666666666666667 0.4866666666666667 833 833 
0.5 0.04666666666666667 0.49333333333333335 864 864 
0.5 0.04666666666666667 0.5 834 834 
0.5 0.04666666666666667 0.5066666666666667 843 843 
0.5 0.04666666666666667 0.5133333333333333 848 848 
0.5 0.04666666666666667 0.52 837 837 
0.5 0.04666666666666667 0.5266666666666666 787 787 
0.5 0.04666666666666667 0.5333333333333333 892 892 
0.5 0.04666666666666667 0.54 835 835 
0.5 0.04666666666666667 0.5466666666666666 825 825 
0.5 0.04666666666666667 0.5533333333333333 821 821 
0.5 0.04666666666666667 0.56 842 842 
0.5 0.04666666666666667 0.5666666666666667 797 797 
0.5 0.04666666666666667 0.5733333333333334 814 814 
0.5 0.04666666666666667 0.58 848 848 
0.5 0.04666666666666667 0.5866666666666667 823 823 
0.5 0.04666666666666667 0.5933333333333334 843 843 
0.5 0.04666666666666667 0.6 867 867 
0.5 0.04666666666666667 0.6066666666666667 867 867 
0.5 0.04666666666666667 0.6133333333333333 857 857 
0.5 0.04666666666666667 0.62 802 802 
0.5 0.04666666666666667 0.6266666666666667 815 815 
0.5 0.04666666666666667 0.6333333333333333 836 836 
0.5 0.04666666666666667 0.64 799 799 
0.5 0.04666666666666667 0.6466666666666666 819 819 
0.5 0.04666666666666667 0.6533333333333333 820 820 
0.5 0.04666666666666667 0.66 801 801 
0.5 0.04666666666666667 0.6666666666666666 835 835 
0.5 0.04666666666666667 0.6733333333333333 798 798 
0.5 0.04666666666666667 0.68 858 858 
0.5 0.04666666666666667 0.6866666666666666 808 808 
0.5 0.04666666666666667 0.6933333333333334 823 823 
0.5 0.04666666666666667 0.7 818 818 
0.5 0.04666666666666667 0.7066666666666667 811 811 
0.5 0.04666666666666667 0.7133333333333334 751 751 
0.5 0.04666666666666667 0.72 813 813 
0.5 0.04666666666666667 0.7266666666666667 797 797 
0.5 0.04666666666666667 0.7333333333333333 821 821 
0.5 0.04666666666666667 0.74 868 868 
0.5 0.04666666666666667 0.7466666666666667 799 799 
0.5 0.04666666666666667 0.7533333333333333 833 833 
0.5 0.04666666666666667 0.76 795 795 
0.5 0.04666666666666667 0.7666666666666667 778 778 
0.5 0.04666666666666667 0.7733333333333333 863 863 
0.5 0.04666666666666667 0.78 811 811 
0.5 0.04666666666666667 0.7866666666666666 811 811 
0.5 0.04666666666666667 0.7933333333333333 794 794 
0.5 0.04666666666666667 0.8 820 820 
0.5 0.04666666666666667 0.8066666666666666 820 820 
0.5 0.04666666666666667 0.8133333333333334 855 855 
0.5 0.04666666666666667 0.82 796 796 
0.5 0.04666666666666667 0.8266666666666667 787 787 
0.5 0.04666666666666667 0.8333333333333334 820 820 
0.5 0.04666666666666667 0.84 804 804 
0.5 0.04666666666666667 0.8466666666666667 848 848 
0.5 0.04666666666666667 0.8533333333333334 853 853 
0.5 0.04666666666666667 0.86 792 792 
0.5 0.04666666666666667 0.8666666666666667 788 788 
0.5 0.04666666666666667 0.8733333333333333 829 829 
0.5 0.04666666666666667 0.88 832 832 
0.5 0.04666666666666667 0.8866666666666667 843 843 
0.5 0.04666666666666667 0.8933333333333333 833 833 
0.5 0.04666666666666667 0.9 804 804 
0.5 0.04666666666666667 0.9066666666666666 797 797 
0.5 0.04666666666666667 0.9133333333333333 828 828 
0.5 0.04666666666666667 0.92 829 829 
0.5 0.04666666666666667 0.9266666666666666 879 879 
0.5 0.04666666666666667 0.9333333333333333 837 837 
0.5 0.04666666666666667 0.94 859 859 
0.5 0.04666666666666667 0.9466666666666667 884 884 
0.5 0.04666666666666667 0.9533333333333334 763 763 
0.5 0.04666666666666667 0.96 946 946 
0.5 0.04666666666666667 0.9666666666666667 767 767 
0.5 0.04666666666666667 0.9733333333333334 678 678 
0.5 0.04666666666666667 0.98 1372 1372 
0.5 0.04666666666666667 0.9866666666666667 0 0 
0.5 0.04666666666666667 0.9933333333333333 0 0 
0.5 0.05333333333333334 0.0 0 0 
0.5 0.05333333333333334 0.006666666666666667 0 0 
0.5 0.05333333333333334 0.013333333333333334 1337 1337 
0.5 0.05333333333333334 0.02 721 721 
0.5 0.05333333333333334 0.02666666666666667 745 745 
0.5 0.05333333333333334 0.03333333333333333 977 977 
0.5 0.05333333333333334 0.04 803 803 
0.5 0.05333333333333334 0.04666666666666667 871 871 
0.5 0.05333333333333334 0.05333333333333334 827 827 
0.5 0.05333333333333334 0.06 843 843 
0.5 0.05333333333333334 0.06666666666666667 826 826 
0.5 0.05333333333333334 0.07333333333333333 843 843 
0.5 0.05333333333333334 0.08 833 833 
0.5 0.05333333333333334 0.08666666666666667 886 886 
0.5 0.05333333333333334 0.09333333333333334 863 863 
0.5 0.05333333333333334 0.1 822 822 
0.5 0.05333333333333334 0.10666666666666667 801 801 
0.5 0.05333333333333334 0.11333333333333333 833 833 
0.5 0.05333333333333334 0.12 823 823 
0.5 0.05333333333333334 0.12666666666666668 822 822 
0.5 0.05333333333333334 0.13333333333333333 875 875 
0.5 0.05333333333333334 0.14 793 793 
0.5 0.05333333333333334 0.14666666666666667 767 767 
0.5 0.05333333333333334 0.15333333333333332 829 829 
0.5 0.05333333333333334 0.16 794 794 
0.5 0.05333333333333334 0.16666666666666666 814 814 
0.5 0.05333333333333334 0.17333333333333334 874 874 
0.5 0.05333333333333334 0.18 811 811 
0.5 0.05333333333333334 0.18666666666666668 787 787 
0.5 0.05333333333333334 0.19333333333333333 864 864 
0.5 0.05333333333333334 0.2 817 817 
0.5 0.05333333333333334 0.20666666666666667 832 832 
0.5 0.05333333333333334 0.21333333333333335 798 798 
0.5 0.05333333333333334 0.22 840 840 
0.5 0.05333333333333334 0.22666666666666666 812 812 
0.5 0.05333333333333334 0.23333333333333334 820 820 
0.5 0.05333333333333334 0.24 847 847 
0.5 0.05333333333333334 0.24666666666666667 786 786 
0.5 0.05333333333333334 0.25333333333333335 783 783 
0.5 0.05333333333333334 0.26 850 850 
0.5 0.05333333333333334 0.26666666666666666 788 788 
0.5 0.05333333333333334 0.2733333333333333 800 800 
0.5 0.05333333333333334 0.28 766 766 
0.5 0.05333333333333334 0.2866666666666667 766 766 
0.5 0.05333333333333334 0.29333333333333333 858 858 
0.5 0.05333333333333334 0.3 848 848 
0.5 0.05333333333333334 0.30666666666666664 852 852 
0.5 0.05333333333333334 0.31333333333333335 818 818 
0.5 0.05333333333333334 0.32 799 799 
0.5 0.05333333333333334 0.32666666666666666 794 794 
0.5 0.05333333333333334 0.3333333333333333 852 852 
0.5 0.05333333333333334 0.34 825 825 
0.5 0.05333333333333334 0.3466666666666667 857 857 
0.5 0.05333333333333334 0.35333333333333333 838 838 
0.5 0.05333333333333334 0.36 843 843 
0.5 0.05333333333333334 0.36666666666666664 810 810 
0.5 0.05333333333333334 0.37333333333333335 887 887 
0.5 0.05333333333333334 0.38 811 811 
0.5 0.05333333333333334 0.38666666666666666 843 843 
0.5 0.05333333333333334 0.3933333333333333 914 914 
0.5 0.05333333333333334 0.4 838 838 
0.5 0.05333333333333334 0.4066666666666667 819 819 
0.5 0.05333333333333334 0.41333333333333333 857 857 
0.5 0.05333333333333334 0.42 869 869 
0.5 0.05333333333333334 0.4266666666666667 892 892 
0.5 0.05333333333333334 0.43333333333333335 777 777 
0.5 0.05333333333333334 0.44 839 839 
0.5 0.05333333333333334 0.44666666666666666 823 823 
0.5 0.05333333333333334 0.4533333333333333 825 825 
0.5 0.05333333333333334 0.46 855 855 
0.5 0.05333333333333334 0.4666666666666667 832 832 
0.5 0.05333333333333334 0.47333333333333333 842 842 
0.5 0.05333333333333334 0.48 832 832 
0.5 0.05333333333333334 0.4866666666666667 846 846 
0.5 0.05333333333333334 0.49333333333333335 830 830 
0.5 0.05333333333333334 0.5 829 829 
0.5 0.05333333333333334 0.5066666666666667 796 796 
0.5 0.05333333333333334 0.5133333333333333 834 834 
0.5 0.05333333333333334 0.52 843 843 
0.5 0.05333333333333334 0.5266666666666666 811 811 
0.5 0.05333333333333334 0.5333333333333333 771 771 
0.5 0.05333333333333334 0.54 826 826 
0.5 0.05333333333333334 0.5466666666666666 821 821 
0.5 0.05333333333333334 0.5533333333333333 881 881 
0.5 0.05333333333333334 0.56 815 815 
0.5 0.05333333333333334 0.5666666666666667 868 868 
0.5 0.05333333333333334 0.5733333333333334 834 834 
0.5 0.05333333333333334 0.58 828 828 
0.5 0.05333333333333334 0.5866666666666667 870 870 
0.5 0.05333333333333334 0.5933333333333334 809 809 
0.5 0.05333333333333334 0.6 880 880 
0.5 0.05333333333333334 0.6066666666666667 934 934 
0.5 0.05333333333333334 0.6133333333333333 827 827 
0.5 0.05333333333333334 0.62 834 834 
0.5 0.05333333333333334 0.6266666666666667 808 808 
0.5 0.05333333333333334 0.6333333333333333 821 821 
0.5 0.05333333333333334 0.64 828 828 
0.5 0.05333333333333334 0.6466666666666666 821 821 
0.5 0.05333333333333334 0.6533333333333333 818 818 
0.5 0.05333333333333334 0.66 830 830 
0.5 0.05333333333333334 0.6666666666666666 840 840 
0.5 0.05333333333333334 0.6733333333333333 850 850 
0.5 0.05333333333333334 0.68 870 870 
0.5 0.05333333333333334 0.6866666666666666 780 780 
0.5 0.05333333333333334 0.6933333333333334 837 837 
0.5 0.05333333333333334 0.7 843 843 
0.5 0.05333333333333334 0.7066666666666667 816 816 
0.5 0.05333333333333334 0.7133333333333334 785 785 
0.5 0.05333333333333334 0.72 792 792 
0.5 0.05333333333333334 0.7266666666666667 792 792 
0.5 0.05333333333333334 0.7333333333333333 763 763 
0.5 0.05333333333333334 0.74 826 826 
0.5 0.05333333333333334 0.7466666666666667 839 839 
0.5 0.05333333333333334 0.7533333333333333 783 783 
0.5 0.05333333333333334 0.76 848 848 
0.5 0.05333333333333334 0.7666666666666667 844 844 
0.5 0.05333333333333334 0.7733333333333333 823 823 
0.5 0.05333333333333334 0.78 854 854 
0.5 0.05333333333333334 0.7866666666666666 781 781 
0.5 0.05333333333333334 0.7933333333333333 820 820 
0.5 0.05333333333333334 0.8 832 832 
0.5 0.05333333333333334 0.8066666666666666 816 816 
0.5 0.05333333333333334 0.8133333333333334 861 861 
0.5 0.05333333333333334 0.82 782 782 
0.5 0.05333333333333334 0.8266666666666667 838 838 
0.5 0.05333333333333334 0.8333333333333334 827 827 
0.5 0.05333333333333334 0.84 856 856 
0.5 0.05333333333333334 0.8466666666666667 811 811 
0.5 0.05333333333333334 0.8533333333333334 776 776 
0.5 0.05333333333333334 0.86 812 812 
0.5 0.05333333333333334 0.8666666666666667 833 833 
0.5 0.05333333333333334 0.8733333333333333 830 830 
0.5 0.05333333333333334 0.88 730 730 
0.5 0.05333333333333334 0.8866666666666667 742 742 
0.5 0.05333333333333334 0.8933333333333333 830 830 
0.5 0.05333333333333334 0.9 846 846 
0.5 0.05333333333333334 0.9066666666666666 807 807 
0.5 0.05333333333333334 0.9133333333333333 837 837 
0.5 0.05333333333333334 0.92 798 798 
0.5 0.05333333333333334 0.9266666666666666 841 841 
0.5 0.05333333333333334 0.9333333333333333 789 789 
0.5 0.05333333333333334 0.94 889 889 
0.5 0.05333333333333334 0.9466666666666667 891 891 
0.5 0.05333333333333334 0.9533333333333334 789 789 
0.5 0.05333333333333334 0.96 956 956 
0.5 0.05333333333333334 0.9666666666666667 712 712 
0.5 0.05333333333333334 0.9733333333333334 714 714 
0.5 0.05333333333333334 0.98 1352 1352 
0.5 0.05333333333333334 0.9866666666666667 0 0 
0.5 0.05333333333333334 0.9933333333333333 0 0 
0.5 0.06 0.0 0 0 
0.5 0.06 0.006666666666666667 0 0 
0.5 0.06 0.013333333333333334 1294 1294 
0.5 0.06 0.02 676 676 
0.5 0.06 0.02666666666666667 700 700 
0.5 0.06 0.03333333333333333 962 962 
0.5 0.06 0.04 766 766 
0.5 0.06 0.04666666666666667 908 908 
0.5 0.06 0.05333333333333334 823 823 
0.5 0.06 0.06 868 868 
0.5 0.06 0.06666666666666667 865 865 
0.5 0.06 0.07333333333333333 800 800 
0.5 0.06 0.08 848 848 
0.5 0.06 0.08666666666666667 808 808 
0.5 0.06 0.09333333333333334 875 875 
0.5 0.06 0.1 848 848 
0.5 0.06 0.10666666666666667 868 868 
0.5 0.06 0.11333333333333333 829 829 
0.5 0.06 0.12 862 862 
0.5 0.06 0.12666666666666668 826 826 
0.5 0.06 0.13333333333333333 830 830 
0.5 0.06 0.14 828 828 
0.5 0.06 0.14666666666666667 817 817 
0.5 0.06 0.15333333333333332 875 875 
0.5 0.06 0.16 843 843 
0.5 0.06 0.16666666666666666 822 822 
0.5 0.06 0.17333333333333334 826 826 
0.5 0.06 0.18 800 800 
0.5 0.06 0.18666666666666668 813 813 
0.5 0.06 0.19333333333333333 800 800 
0.5 0.06 0.2 795 795 
0.5 0.06 0.20666666666666667 826 826 
0.5 0.06 0.21333333333333335 800 800 
0.5 0.06 0.22 839 839 
0.5 0.06 0.22666666666666666 832 832 
0.5 0.06 0.23333333333333334 848 848 
0.5 0.06 0.24 841 841 
0.5 0.06 0.24666666666666667 820 820 
0.5 0.06 0.25333333333333335 796 796 
0.5 0.06 0.26 827 827 
0.5 0.06 0.26666666666666666 808 808 
0.5 0.06 0.2733333333333333 815 815 
0.5 0.06 0.28 819 819 
0.5 0.06 0.2866666666666667 876 876 
0.5 0.06 0.29333333333333333 807 807 
0.5 0.06 0.3 839 839 
0.5 0.06 0.30666666666666664 863 863 
0.5 0.06 0.31333333333333335 828 828 
0.5 0.06 0.32 784 784 
0.5 0.06 0.32666666666666666 770 770 
0.5 0.06 0.3333333333333333 837 837 
0.5 0.06 0.34 825 825 
0.5 0.06 0.3466666666666667 844 844 
0.5 0.06 0.35333333333333333 850 850 
0.5 0.06 0.36 855 855 
0.5 0.06 0.36666666666666664 854 854 
0.5 0.06 0.37333333333333335 811 811 
0.5 0.06 0.38 774 774 
0.5 0.06 0.38666666666666666 813 813 
0.5 0.06 0.3933333333333333 771 771 
0.5 0.06 0.4 875 875 
0.5 0.06 0.4066666666666667 806 806 
0.5 0.06 0.41333333333333333 844 844 
0.5 0.06 0.42 838 838 
0.5 0.06 0.4266666666666667 797 797 
0.5 0.06 0.43333333333333335 823 823 
0.5 0.06 0.44 804 804 
0.5 0.06 0.44666666666666666 822 822 
0.5 0.06 0.4533333333333333 827 827 
0.5 0.06 0.46 866 866 
0.5 0.06 0.4666666666666667 868 868 
0.5 0.06 0.47333333333333333 835 835 
0.5 0.06 0.48 842 842 
0.5 0.06 0.4866666666666667 811 811 
0.5 0.06 0.49333333333333335 836 836 
0.5 0.06 0.5 785 785 
0.5 0.06 0.5066666666666667 870 870 
0.5 0.06 0.5133333333333333 795 795 
0.5 0.06 0.52 813 813 
0.5 0.06 0.5266666666666666 816 816 
0.5 0.06 0.5333333333333333 826 826 
0.5 0.06 0.54 861 861 
0.5 0.06 0.5466666666666666 813 813 
0.5 0.06 0.5533333333333333 773 773 
0.5 0.06 0.56 878 878 
0.5 0.06 0.5666666666666667 820 820 
0.5 0.06 0.5733333333333334 872 872 
0.5 0.06 0.58 804 804 
0.5 0.06 0.5866666666666667 833 833 
0.5 0.06 0.5933333333333334 851 851 
0.5 0.06 0.6 875 875 
0.5 0.06 0.6066666666666667 821 821 
0.5 0.06 0.6133333333333333 827 827 
0.5 0.06 0.62 805 805 
0.5 0.06 0.6266666666666667 839 839 
0.5 0.06 0.6333333333333333 847 847 
0.5 0.06 0.64 838 838 
0.5 0.06 0.6466666666666666 837 837 
0.5 0.06 0.6533333333333333 793 793 
0.5 0.06 0.66 806 806 
0.5 0.06 0.6666666666666666 874 874 
0.5 0.06 0.6733333333333333 769 769 
0.5 0.06 0.68 844 844 
0.5 0.06 0.6866666666666666 808 808 
0.5 0.06 0.6933333333333334 802 802 
0.5 0.06 0.7 803 803 
0.5 0.06 0.7066666666666667 862 862 
0.5 0.06 0.7133333333333334 851 851 
0.5 0.06 0.72 816 816 
0.5 0.06 0.7266666666666667 881 881 
0.5 0.06 0.7333333333333333 847 847 
0.5 0.06 0.74 825 825 
0.5 0.06 0.7466666666666667 847 847 
0.5 0.06 0.7533333333333333 872 872 
0.5 0.06 0.76 823 823 
0.5 0.06 0.7666666666666667 835 835 
0.5 0.06 0.7733333333333333 791 791 
0.5 0.06 0.78 819 819 
0.5 0.06 0.7866666666666666 800 800 
0.5 0.06 0.7933333333333333 829 829 
0.5 0.06 0.8 808 808 
0.5 0.06 0.8066666666666666 738 738 
0.5 0.06 0.8133333333333334 824 824 
0.5 0.06 0.82 822 822 
0.5 0.06 0.8266666666666667 823 823 
0.5 0.06 0.8333333333333334 798 798 
0.5 0.06 0.84 758 758 
0.5 0.06 0.8466666666666667 793 793 
0.5 0.06 0.8533333333333334 783 783 
0.5 0.06 0.86 785 785 
0.5 0.06 0.8666666666666667 842 842 
0.5 0.06 0.8733333333333333 804 804 
0.5 0.06 0.88 823 823 
0.5 0.06 0.8866666666666667 835 835 
0.5 0.06 0.8933333333333333 815 815 
0.5 0.06 0.9 861 861 
0.5 0.06 0.9066666666666666 827 827 
0.5 0.06 0.9133333333333333 854 854 
0.5 0.06 0.92 784 784 
0.5 0.06 0.9266666666666666 818 818 
0.5 0.06 0.9333333333333333 813 813 
0.5 0.06 0.94 852 852 
0.5 0.06 0.9466666666666667 868 868 
0.5 0.06 0.9533333333333334 734 734 
0.5 0.06 0.96 922 922 
0.5 0.06 0.9666666666666667 736 736 
0.5 0.06 0.9733333333333334 656 656 
0.5 0.06 0.98 1286 1286 
0.5 0.06 0.9866666666666667 0 0 
0.5 0.06 0.9933333333333333 0 0 
0.5 0.06666666666666667 0.0 0 0 
0.5 0.06666666666666667 0.006666666666666667 0 0 
0.5 0.06666666666666667 0.013333333333333334 1333 1333 
0.5 0.06666666666666667 0.02 662 662 
0.5 0.06666666666666667 0.02666666666666667 724 724 
0.5 0.06666666666666667 0.03333333333333333 965 965 
0.5 0.06666666666666667 0.04 770 770 
0.5 0.06666666666666667 0.04666666666666667 891 891 
0.5 0.06666666666666667 0.05333333333333334 825 825 
0.5 0.06666666666666667 0.06 822 822 
0.5 0.06666666666666667 0.06666666666666667 850 850 
0.5 0.06666666666666667 0.07333333333333333 871 871 
0.5 0.06666666666666667 0.08 798 798 
0.5 0.06666666666666667 0.08666666666666667 786 786 
0.5 0.06666666666666667 0.09333333333333334 825 825 
0.5 0.06666666666666667 0.1 856 856 
0.5 0.06666666666666667 0.10666666666666667 849 849 
0.5 0.06666666666666667 0.11333333333333333 796 796 
0.5 0.06666666666666667 0.12 834 834 
0.5 0.06666666666666667 0.12666666666666668 830 830 
0.5 0.06666666666666667 0.13333333333333333 831 831 
0.5 0.06666666666666667 0.14 824 824 
0.5 0.06666666666666667 0.14666666666666667 817 817 
0.5 0.06666666666666667 0.15333333333333332 824 824 
0.5 0.06666666666666667 0.16 840 840 
0.5 0.06666666666666667 0.16666666666666666 783 783 
0.5 0.06666666666666667 0.17333333333333334 792 792 
0.5 0.06666666666666667 0.18 857 857 
0.5 0.06666666666666667 0.18666666666666668 823 823 
0.5 0.06666666666666667 0.19333333333333333 829 829 
0.5 0.06666666666666667 0.2 838 838 
0.5 0.06666666666666667 0.20666666666666667 845 845 
0.5 0.06666666666666667 0.21333333333333335 802 802 
0.5 0.06666666666666667 0.22 844 844 
0.5 0.06666666666666667 0.22666666666666666 819 819 
0.5 0.06666666666666667 0.23333333333333334 847 847 
0.5 0.06666666666666667 0.24 864 864 
0.5 0.06666666666666667 0.24666666666666667 798 798 
0.5 0.06666666666666667 0.25333333333333335 828 828 
0.5 0.06666666666666667 0.26 816 816 
0.5 0.06666666666666667 0.26666666666666666 763 763 
0.5 0.06666666666666667 0.2733333333333333 851 851 
0.5 0.06666666666666667 0.28 858 858 
0.5 0.06666666666666667 0.2866666666666667 825 825 
0.5 0.06666666666666667 0.29333333333333333 799 799 
0.5 0.06666666666666667 0.3 835 835 
0.5 0.06666666666666667 0.30666666666666664 854 854 
0.5 0.06666666666666667 0.31333333333333335 816 816 
0.5 0.06666666666666667 0.32 851 851 
0.5 0.06666666666666667 0.32666666666666666 798 798 
0.5 0.06666666666666667 0.3333333333333333 867 867 
0.5 0.06666666666666667 0.34 797 797 
0.5 0.06666666666666667 0.3466666666666667 831 831 
0.5 0.06666666666666667 0.35333333333333333 824 824 
0.5 0.06666666666666667 0.36 851 851 
0.5 0.06666666666666667 0.36666666666666664 840 840 
0.5 0.06666666666666667 0.37333333333333335 798 798 
0.5 0.06666666666666667 0.38 814 814 
0.5 0.06666666666666667 0.38666666666666666 834 834 
0.5 0.06666666666666667 0.3933333333333333 868 868 
0.5 0.06666666666666667 0.4 845 845 
0.5 0.06666666666666667 0.4066666666666667 887 887 
0.5 0.06666666666666667 0.41333333333333333 847 847 
0.5 0.06666666666666667 0.42 822 822 
0.5 0.06666666666666667 0.4266666666666667 833 833 
0.5 0.06666666666666667 0.43333333333333335 873 873 
0.5 0.06666666666666667 0.44 836 836 
0.5 0.06666666666666667 0.44666666666666666 815 815 
0.5 0.06666666666666667 0.4533333333333333 849 849 
0.5 0.06666666666666667 0.46 840 840 
0.5 0.06666666666666667 0.4666666666666667 865 865 
0.5 0.06666666666666667 0.47333333333333333 867 867 
0.5 0.06666666666666667 0.48 829 829 
0.5 0.06666666666666667 0.4866666666666667 827 827 
0.5 0.06666666666666667 0.49333333333333335 866 866 
0.5 0.06666666666666667 0.5 812 812 
0.5 0.06666666666666667 0.5066666666666667 825 825 
0.5 0.06666666666666667 0.5133333333333333 823 823 
0.5 0.06666666666666667 0.52 822 822 
0.5 0.06666666666666667 0.5266666666666666 830 830 
0.5 0.06666666666666667 0.5333333333333333 788 788 
0.5 0.06666666666666667 0.54 845 845 
0.5 0.06666666666666667 0.5466666666666666 802 802 
0.5 0.06666666666666667 0.5533333333333333 823 823 
0.5 0.06666666666666667 0.56 795 795 
0.5 0.06666666666666667 0.5666666666666667 796 796 
0.5 0.06666666666666667 0.5733333333333334 832 832 
0.5 0.06666666666666667 0.58 869 869 
0.5 0.06666666666666667 0.5866666666666667 831 831 
0.5 0.06666666666666667 0.5933333333333334 850 850 
0.5 0.06666666666666667 0.6 819 819 
0.5 0.06666666666666667 0.6066666666666667 809 809 
0.5 0.06666666666666667 0.6133333333333333 908 908 
0.5 0.06666666666666667 0.62 837 837 
0.5 0.06666666666666667 0.6266666666666667 834 834 
0.5 0.06666666666666667 0.6333333333333333 783 783 
0.5 0.06666666666666667 0.64 820 820 
0.5 0.06666666666666667 0.6466666666666666 858 858 
0.5 0.06666666666666667 0.6533333333333333 860 860 
0.5 0.06666666666666667 0.66 786 786 
0.5 0.06666666666666667 0.6666666666666666 792 792 
0.5 0.06666666666666667 0.6733333333333333 843 843 
0.5 0.06666666666666667 0.68 776 776 
0.5 0.06666666666666667 0.6866666666666666 847 847 
0.5 0.06666666666666667 0.6933333333333334 801 801 
0.5 0.06666666666666667 0.7 868 868 
0.5 0.06666666666666667 0.7066666666666667 826 826 
0.5 0.06666666666666667 0.7133333333333334 845 845 
0.5 0.06666666666666667 0.72 827 827 
0.5 0.06666666666666667 0.7266666666666667 773 773 
0.5 0.06666666666666667 0.7333333333333333 822 822 
0.5 0.06666666666666667 0.74 835 835 
0.5 0.06666666666666667 0.7466666666666667 853 853 
0.5 0.06666666666666667 0.7533333333333333 865 865 
0.5 0.06666666666666667 0.76 846 846 
0.5 0.06666666666666667 0.7666666666666667 841 841 
0.5 0.06666666666666667 0.7733333333333333 808 808 
0.5 0.06666666666666667 0.78 800 800 
0.5 0.06666666666666667 0.7866666666666666 796 796 
0.5 0.06666666666666667 0.7933333333333333 825 825 
0.5 0.06666666666666667 0.8 739 739 
0.5 0.06666666666666667 0.8066666666666666 816 816 
0.5 0.06666666666666667 0.8133333333333334 820 820 
0.5 0.06666666666666667 0.82 790 790 
0.5 0.06666666666666667 0.8266666666666667 848 848 
0.5 0.06666666666666667 0.8333333333333334 799 799 
0.5 0.06666666666666667 0.84 820 820 
0.5 0.06666666666666667 0.8466666666666667 808 808 
0.5 0.06666666666666667 0.8533333333333334 798 798 
0.5 0.06666666666666667 0.86 818 818 
0.5 0.06666666666666667 0.8666666666666667 801 801 
0.5 0.06666666666666667 0.8733333333333333 793 793 
0.5 0.06666666666666667 0.88 827 827 
0.5 0.06666666666666667 0.8866666666666667 813 813 
0.5 0.06666666666666667 0.8933333333333333 822 822 
0.5 0.06666666666666667 0.9 821 821 
0.5 0.06666666666666667 0.9066666666666666 754 754 
0.5 0.06666666666666667 0.9133333333333333 804 804 
0.5 0.06666666666666667 0.92 860 860 
0.5 0.06666666666666667 0.9266666666666666 869 869 
0.5 0.06666666666666667 0.9333333333333333 851 851 
0.5 0.06666666666666667 0.94 846 846 
0.5 0.06666666666666667 0.9466666666666667 895 895 
0.5 0.06666666666666667 0.9533333333333334 813 813 
0.5 0.06666666666666667 0.96 957 957 
0.5 0.06666666666666667 0.9666666666666667 709 709 
0.5 0.06666666666666667 0.9733333333333334 638 638 
0.5 0.06666666666666667 0.98 1338 1338 
0.5 0.06666666666666667 0.9866666666666667 0 0 
0.5 0.06666666666666667 0.9933333333333333 0 0 
0.5 0.07333333333333333 0.0 0 0 
0.5 0.07333333333333333 0.006666666666666667 0 0 
0.5 0.07333333333333333 0.013333333333333334 1347 1347 
0.5 0.07333333333333333 0.02 678 678 
0.5 0.07333333333333333 0.02666666666666667 718 718 
0.5 0.07333333333333333 0.03333333333333333 979 979 
0.5 0.07333333333333333 0.04 791 791 
0.5 0.07333333333333333 0.04666666666666667 885 885 
0.5 0.07333333333333333 0.05333333333333334 874 874 
0.5 0.07333333333333333 0.06 879 879 
0.5 0.07333333333333333 0.06666666666666667 840 840 
0.5 0.07333333333333333 0.07333333333333333 844 844 
0.5 0.07333333333333333 0.08 836 836 
0.5 0.07333333333333333 0.08666666666666667 827 827 
0.5 0.07333333333333333 0.09333333333333334 859 859 
0.5 0.07333333333333333 0.1 787 787 
0.5 0.07333333333333333 0.10666666666666667 836 836 
0.5 0.07333333333333333 0.11333333333333333 835 835 
0.5 0.07333333333333333 0.12 816 816 
0.5 0.07333333333333333 0.12666666666666668 813 813 
0.5 0.07333333333333333 0.13333333333333333 823 823 
0.5 0.07333333333333333 0.14 823 823 
0.5 0.07333333333333333 0.14666666666666667 823 823 
0.5 0.07333333333333333 0.15333333333333332 835 835 
0.5 0.07333333333333333 0.16 824 824 
0.5 0.07333333333333333 0.16666666666666666 874 874 
0.5 0.07333333333333333 0.17333333333333334 822 822 
0.5 0.07333333333333333 0.18 772 772 
0.5 0.07333333333333333 0.18666666666666668 832 832 
0.5 0.07333333333333333 0.19333333333333333 830 830 
0.5 0.07333333333333333 0.2 841 841 
0.5 0.07333333333333333 0.20666666666666667 791 791 
0.5 0.07333333333333333 0.21333333333333335 860 860 
0.5 0.07333333333333333 0.22 810 810 
0.5 0.07333333333333333 0.22666666666666666 783 783 
0.5 0.07333333333333333 0.23333333333333334 803 803 
0.5 0.07333333333333333 0.24 804 804 
0.5 0.07333333333333333 0.24666666666666667 807 807 
0.5 0.07333333333333333 0.25333333333333335 847 847 
0.5 0.07333333333333333 0.26 858 858 
0.5 0.07333333333333333 0.26666666666666666 849 849 
0.5 0.07333333333333333 0.2733333333333333 833 833 
0.5 0.07333333333333333 0.28 830 830 
0.5 0.07333333333333333 0.2866666666666667 817 817 
0.5 0.07333333333333333 0.29333333333333333 803 803 
0.5 0.07333333333333333 0.3 830 830 
0.5 0.07333333333333333 0.30666666666666664 827 827 
0.5 0.07333333333333333 0.31333333333333335 829 829 
0.5 0.07333333333333333 0.32 814 814 
0.5 0.07333333333333333 0.32666666666666666 862 862 
0.5 0.07333333333333333 0.3333333333333333 833 833 
0.5 0.07333333333333333 0.34 805 805 
0.5 0.07333333333333333 0.3466666666666667 830 830 
0.5 0.07333333333333333 0.35333333333333333 842 842 
0.5 0.07333333333333333 0.36 866 866 
0.5 0.07333333333333333 0.36666666666666664 865 865 
0.5 0.07333333333333333 0.37333333333333335 808 808 
0.5 0.07333333333333333 0.38 820 820 
0.5 0.07333333333333333 0.38666666666666666 841 841 
0.5 0.07333333333333333 0.3933333333333333 808 808 
0.5 0.07333333333333333 0.4 827 827 
0.5 0.07333333333333333 0.4066666666666667 774 774 
0.5 0.07333333333333333 0.41333333333333333 799 799 
0.5 0.07333333333333333 0.42 847 847 
0.5 0.07333333333333333 0.4266666666666667 833 833 
0.5 0.07333333333333333 0.43333333333333335 829 829 
0.5 0.07333333333333333 0.44 837 837 
0.5 0.07333333333333333 0.44666666666666666 833 833 
0.5 0.07333333333333333 0.4533333333333333 845 845 
0.5 0.07333333333333333 0.46 826 826 
0.5 0.07333333333333333 0.4666666666666667 862 862 
0.5 0.07333333333333333 0.47333333333333333 842 842 
0.5 0.07333333333333333 0.48 832 832 
0.5 0.07333333333333333 0.4866666666666667 872 872 
0.5 0.07333333333333333 0.49333333333333335 844 844 
0.5 0.07333333333333333 0.5 848 848 
0.5 0.07333333333333333 0.5066666666666667 829 829 
0.5 0.07333333333333333 0.5133333333333333 797 797 
0.5 0.07333333333333333 0.52 824 824 
0.5 0.07333333333333333 0.5266666666666666 873 873 
0.5 0.07333333333333333 0.5333333333333333 892 892 
0.5 0.07333333333333333 0.54 829 829 
0.5 0.07333333333333333 0.5466666666666666 848 848 
0.5 0.07333333333333333 0.5533333333333333 789 789 
0.5 0.07333333333333333 0.56 888 888 
0.5 0.07333333333333333 0.5666666666666667 823 823 
0.5 0.07333333333333333 0.5733333333333334 791 791 
0.5 0.07333333333333333 0.58 797 797 
0.5 0.07333333333333333 0.5866666666666667 764 764 
0.5 0.07333333333333333 0.5933333333333334 820 820 
0.5 0.07333333333333333 0.6 776 776 
0.5 0.07333333333333333 0.6066666666666667 828 828 
0.5 0.07333333333333333 0.6133333333333333 832 832 
0.5 0.07333333333333333 0.62 868 868 
0.5 0.07333333333333333 0.6266666666666667 858 858 
0.5 0.07333333333333333 0.6333333333333333 856 856 
0.5 0.07333333333333333 0.64 797 797 
0.5 0.07333333333333333 0.6466666666666666 835 835 
0.5 0.07333333333333333 0.6533333333333333 855 855 
0.5 0.07333333333333333 0.66 787 787 
0.5 0.07333333333333333 0.6666666666666666 818 818 
0.5 0.07333333333333333 0.6733333333333333 800 800 
0.5 0.07333333333333333 0.68 858 858 
0.5 0.07333333333333333 0.6866666666666666 901 901 
0.5 0.07333333333333333 0.6933333333333334 811 811 
0.5 0.07333333333333333 0.7 806 806 
0.5 0.07333333333333333 0.7066666666666667 837 837 
0.5 0.07333333333333333 0.7133333333333334 858 858 
0.5 0.07333333333333333 0.72 850 850 
0.5 0.07333333333333333 0.7266666666666667 823 823 
0.5 0.07333333333333333 0.7333333333333333 826 826 
0.5 0.07333333333333333 0.74 812 812 
0.5 0.07333333333333333 0.7466666666666667 822 822 
0.5 0.07333333333333333 0.7533333333333333 832 832 
0.5 0.07333333333333333 0.76 855 855 
0.5 0.07333333333333333 0.7666666666666667 851 851 
0.5 0.07333333333333333 0.7733333333333333 825 825 
0.5 0.07333333333333333 0.78 814 814 
0.5 0.07333333333333333 0.7866666666666666 839 839 
0.5 0.07333333333333333 0.7933333333333333 853 853 
0.5 0.07333333333333333 0.8 809 809 
0.5 0.07333333333333333 0.8066666666666666 800 800 
0.5 0.07333333333333333 0.8133333333333334 854 854 
0.5 0.07333333333333333 0.82 845 845 
0.5 0.07333333333333333 0.8266666666666667 861 861 
0.5 0.07333333333333333 0.8333333333333334 784 784 
0.5 0.07333333333333333 0.84 835 835 
0.5 0.07333333333333333 0.8466666666666667 813 813 
0.5 0.07333333333333333 0.8533333333333334 815 815 
0.5 0.07333333333333333 0.86 812 812 
0.5 0.07333333333333333 0.8666666666666667 863 863 
0.5 0.07333333333333333 0.8733333333333333 794 794 
0.5 0.07333333333333333 0.88 805 805 
0.5 0.07333333333333333 0.8866666666666667 839 839 
0.5 0.07333333333333333 0.8933333333333333 820 820 
0.5 0.07333333333333333 0.9 826 826 
0.5 0.07333333333333333 0.9066666666666666 886 886 
0.5 0.07333333333333333 0.9133333333333333 817 817 
0.5 0.07333333333333333 0.92 844 844 
0.5 0.07333333333333333 0.9266666666666666 855 855 
0.5 0.07333333333333333 0.9333333333333333 867 867 
0.5 0.07333333333333333 0.94 867 867 
0.5 0.07333333333333333 0.9466666666666667 893 893 
0.5 0.07333333333333333 0.9533333333333334 750 750 
0.5 0.07333333333333333 0.96 926 926 
0.5 0.07333333333333333 0.9666666666666667 738 738 
0.5 0.07333333333333333 0.9733333333333334 732 732 
0.5 0.07333333333333333 0.98 1333 1333 
0.5 0.07333333333333333 0.9866666666666667 0 0 
0.5 0.07333333333333333 0.9933333333333333 0 0 
0.5 0.08 0.0 0 0 
0.5 0.08 0.006666666666666667 0 0 
0.5 0.08 0.013333333333333334 1377 1377 
0.5 0.08 0.02 703 703 
0.5 0.08 0.02666666666666667 785 785 
0.5 0.08 0.03333333333333333 965 965 
0.5 0.08 0.04 814 814 
0.5 0.08 0.04666666666666667 883 883 
0.5 0.08 0.05333333333333334 855 855 
0.5 0.08 0.06 860 860 
0.5 0.08 0.06666666666666667 848 848 
0.5 0.08 0.07333333333333333 817 817 
0.5 0.08 0.08 883 883 
0.5 0.08 0.08666666666666667 911 911 
0.5 0.08 0.09333333333333334 850 850 
0.5 0.08 0.1 853 853 
0.5 0.08 0.10666666666666667 847 847 
0.5 0.08 0.11333333333333333 870 870 
0.5 0.08 0.12 818 818 
0.5 0.08 0.12666666666666668 843 843 
0.5 0.08 0.13333333333333333 800 800 
0.5 0.08 0.14 829 829 
0.5 0.08 0.14666666666666667 804 804 
0.5 0.08 0.15333333333333332 876 876 
0.5 0.08 0.16 865 865 
0.5 0.08 0.16666666666666666 817 817 
0.5 0.08 0.17333333333333334 880 880 
0.5 0.08 0.18 795 795 
0.5 0.08 0.18666666666666668 826 826 
0.5 0.08 0.19333333333333333 838 838 
0.5 0.08 0.2 821 821 
0.5 0.08 0.20666666666666667 873 873 
0.5 0.08 0.21333333333333335 793 793 
0.5 0.08 0.22 837 837 
0.5 0.08 0.22666666666666666 815 815 
0.5 0.08 0.23333333333333334 874 874 
0.5 0.08 0.24 807 807 
0.5 0.08 0.24666666666666667 813 813 
0.5 0.08 0.25333333333333335 836 836 
0.5 0.08 0.26 832 832 
0.5 0.08 0.26666666666666666 823 823 
0.5 0.08 0.2733333333333333 812 812 
0.5 0.08 0.28 830 830 
0.5 0.08 0.2866666666666667 858 858 
0.5 0.08 0.29333333333333333 805 805 
0.5 0.08 0.3 881 881 
0.5 0.08 0.30666666666666664 874 874 
0.5 0.08 0.31333333333333335 850 850 
0.5 0.08 0.32 818 818 
0.5 0.08 0.32666666666666666 840 840 
0.5 0.08 0.3333333333333333 797 797 
0.5 0.08 0.34 872 872 
0.5 0.08 0.3466666666666667 885 885 
0.5 0.08 0.35333333333333333 816 816 
0.5 0.08 0.36 835 835 
0.5 0.08 0.36666666666666664 795 795 
0.5 0.08 0.37333333333333335 846 846 
0.5 0.08 0.38 801 801 
0.5 0.08 0.38666666666666666 829 829 
0.5 0.08 0.3933333333333333 812 812 
0.5 0.08 0.4 805 805 
0.5 0.08 0.4066666666666667 839 839 
0.5 0.08 0.41333333333333333 811 811 
0.5 0.08 0.42 801 801 
0.5 0.08 0.4266666666666667 848 848 
0.5 0.08 0.43333333333333335 827 827 
0.5 0.08 0.44 802 802 
0.5 0.08 0.44666666666666666 874 874 
0.5 0.08 0.4533333333333333 788 788 
0.5 0.08 0.46 839 839 
0.5 0.08 0.4666666666666667 837 837 
0.5 0.08 0.47333333333333333 844 844 
0.5 0.08 0.48 872 872 
0.5 0.08 0.4866666666666667 844 844 
0.5 0.08 0.49333333333333335 806 806 
0.5 0.08 0.5 864 864 
0.5 0.08 0.5066666666666667 866 866 
0.5 0.08 0.5133333333333333 833 833 
0.5 0.08 0.52 802 802 
0.5 0.08 0.5266666666666666 837 837 
0.5 0.08 0.5333333333333333 902 902 
0.5 0.08 0.54 808 808 
0.5 0.08 0.5466666666666666 867 867 
0.5 0.08 0.5533333333333333 821 821 
0.5 0.08 0.56 796 796 
0.5 0.08 0.5666666666666667 791 791 
0.5 0.08 0.5733333333333334 800 800 
0.5 0.08 0.58 875 875 
0.5 0.08 0.5866666666666667 785 785 
0.5 0.08 0.5933333333333334 811 811 
0.5 0.08 0.6 859 859 
0.5 0.08 0.6066666666666667 799 799 
0.5 0.08 0.6133333333333333 818 818 
0.5 0.08 0.62 859 859 
0.5 0.08 0.6266666666666667 799 799 
0.5 0.08 0.6333333333333333 835 835 
0.5 0.08 0.64 880 880 
0.5 0.08 0.6466666666666666 817 817 
0.5 0.08 0.6533333333333333 814 814 
0.5 0.08 0.66 849 849 
0.5 0.08 0.6666666666666666 796 796 
0.5 0.08 0.6733333333333333 822 822 
0.5 0.08 0.68 857 857 
0.5 0.08 0.6866666666666666 775 775 
0.5 0.08 0.6933333333333334 781 781 
0.5 0.08 0.7 821 821 
0.5 0.08 0.7066666666666667 819 819 
0.5 0.08 0.7133333333333334 828 828 
0.5 0.08 0.72 803 803 
0.5 0.08 0.7266666666666667 847 847 
0.5 0.08 0.7333333333333333 848 848 
0.5 0.08 0.74 898 898 
0.5 0.08 0.7466666666666667 867 867 
0.5 0.08 0.7533333333333333 774 774 
0.5 0.08 0.76 802 802 
0.5 0.08 0.7666666666666667 839 839 
0.5 0.08 0.7733333333333333 830 830 
0.5 0.08 0.78 806 806 
0.5 0.08 0.7866666666666666 825 825 
0.5 0.08 0.7933333333333333 806 806 
0.5 0.08 0.8 798 798 
0.5 0.08 0.8066666666666666 829 829 
0.5 0.08 0.8133333333333334 809 809 
0.5 0.08 0.82 898 898 
0.5 0.08 0.8266666666666667 865 865 
0.5 0.08 0.8333333333333334 812 812 
0.5 0.08 0.84 786 786 
0.5 0.08 0.8466666666666667 865 865 
0.5 0.08 0.8533333333333334 851 851 
0.5 0.08 0.86 823 823 
0.5 0.08 0.8666666666666667 815 815 
0.5 0.08 0.8733333333333333 825 825 
0.5 0.08 0.88 810 810 
0.5 0.08 0.8866666666666667 859 859 
0.5 0.08 0.8933333333333333 846 846 
0.5 0.08 0.9 893 893 
0.5 0.08 0.9066666666666666 890 890 
0.5 0.08 0.9133333333333333 847 847 
0.5 0.08 0.92 834 834 
0.5 0.08 0.9266666666666666 809 809 
0.5 0.08 0.9333333333333333 818 818 
0.5 0.08 0.94 816 816 
0.5 0.08 0.9466666666666667 869 869 
0.5 0.08 0.9533333333333334 795 795 
0.5 0.08 0.96 962 962 
0.5 0.08 0.9666666666666667 718 718 
0.5 0.08 0.9733333333333334 714 714 
0.5 0.08 0.98 1275 1275 
0.5 0.08 0.9866666666666667 0 0 
0.5 0.08 0.9933333333333333 0 0 
0.5 0.08666666666666667 0.0 0 0 
0.5 0.08666666666666667 0.006666666666666667 0 0 
0.5 0.08666666666666667 0.013333333333333334 1389 1389 
0.5 0.08666666666666667 0.02 664 664 
0.5 0.08666666666666667 0.02666666666666667 783 783 
0.5 0.08666666666666667 0.03333333333333333 1026 1026 
0.5 0.08666666666666667 0.04 827 827 
0.5 0.08666666666666667 0.04666666666666667 912 912 
0.5 0.08666666666666667 0.05333333333333334 868 868 
0.5 0.08666666666666667 0.06 837 837 
0.5 0.08666666666666667 0.06666666666666667 820 820 
0.5 0.08666666666666667 0.07333333333333333 824 824 
0.5 0.08666666666666667 0.08 841 841 
0.5 0.08666666666666667 0.08666666666666667 861 861 
0.5 0.08666666666666667 0.09333333333333334 830 830 
0.5 0.08666666666666667 0.1 856 856 
0.5 0.08666666666666667 0.10666666666666667 802 802 
0.5 0.08666666666666667 0.11333333333333333 840 840 
0.5 0.08666666666666667 0.12 790 790 
0.5 0.08666666666666667 0.12666666666666668 876 876 
0.5 0.08666666666666667 0.13333333333333333 835 835 
0.5 0.08666666666666667 0.14 786 786 
0.5 0.08666666666666667 0.14666666666666667 863 863 
0.5 0.08666666666666667 0.15333333333333332 834 834 
0.5 0.08666666666666667 0.16 796 796 
0.5 0.08666666666666667 0.16666666666666666 798 798 
0.5 0.08666666666666667 0.17333333333333334 830 830 
0.5 0.08666666666666667 0.18 836 836 
0.5 0.08666666666666667 0.18666666666666668 879 879 
0.5 0.08666666666666667 0.19333333333333333 882 882 
0.5 0.08666666666666667 0.2 845 845 
0.5 0.08666666666666667 0.20666666666666667 812 812 
0.5 0.08666666666666667 0.21333333333333335 805 805 
0.5 0.08666666666666667 0.22 835 835 
0.5 0.08666666666666667 0.22666666666666666 873 873 
0.5 0.08666666666666667 0.23333333333333334 846 846 
0.5 0.08666666666666667 0.24 856 856 
0.5 0.08666666666666667 0.24666666666666667 867 867 
0.5 0.08666666666666667 0.25333333333333335 805 805 
0.5 0.08666666666666667 0.26 820 820 
0.5 0.08666666666666667 0.26666666666666666 801 801 
0.5 0.08666666666666667 0.2733333333333333 838 838 
0.5 0.08666666666666667 0.28 891 891 
0.5 0.08666666666666667 0.2866666666666667 837 837 
0.5 0.08666666666666667 0.29333333333333333 903 903 
0.5 0.08666666666666667 0.3 849 849 
0.5 0.08666666666666667 0.30666666666666664 820 820 
0.5 0.08666666666666667 0.31333333333333335 834 834 
0.5 0.08666666666666667 0.32 831 831 
0.5 0.08666666666666667 0.32666666666666666 830 830 
0.5 0.08666666666666667 0.3333333333333333 785 785 
0.5 0.08666666666666667 0.34 768 768 
0.5 0.08666666666666667 0.3466666666666667 819 819 
0.5 0.08666666666666667 0.35333333333333333 846 846 
0.5 0.08666666666666667 0.36 831 831 
0.5 0.08666666666666667 0.36666666666666664 831 831 
0.5 0.08666666666666667 0.37333333333333335 836 836 
0.5 0.08666666666666667 0.38 894 894 
0.5 0.08666666666666667 0.38666666666666666 885 885 
0.5 0.08666666666666667 0.3933333333333333 800 800 
0.5 0.08666666666666667 0.4 745 745 
0.5 0.08666666666666667 0.4066666666666667 852 852 
0.5 0.08666666666666667 0.41333333333333333 788 788 
0.5 0.08666666666666667 0.42 852 852 
0.5 0.08666666666666667 0.4266666666666667 839 839 
0.5 0.08666666666666667 0.43333333333333335 768 768 
0.5 0.08666666666666667 0.44 823 823 
0.5 0.08666666666666667 0.44666666666666666 794 794 
0.5 0.08666666666666667 0.4533333333333333 791 791 
0.5 0.08666666666666667 0.46 774 774 
0.5 0.08666666666666667 0.4666666666666667 814 814 
0.5 0.08666666666666667 0.47333333333333333 773 773 
0.5 0.08666666666666667 0.48 827 827 
0.5 0.08666666666666667 0.4866666666666667 818 818 
0.5 0.08666666666666667 0.49333333333333335 798 798 
0.5 0.08666666666666667 0.5 833 833 
0.5 0.08666666666666667 0.5066666666666667 812 812 
0.5 0.08666666666666667 0.5133333333333333 810 810 
0.5 0.08666666666666667 0.52 883 883 
0.5 0.08666666666666667 0.5266666666666666 842 842 
0.5 0.08666666666666667 0.5333333333333333 852 852 
0.5 0.08666666666666667 0.54 885 885 
0.5 0.08666666666666667 0.5466666666666666 843 843 
0.5 0.08666666666666667 0.5533333333333333 841 841 
0.5 0.08666666666666667 0.56 833 833 
0.5 0.08666666666666667 0.5666666666666667 819 819 
0.5 0.08666666666666667 0.5733333333333334 830 830 
0.5 0.08666666666666667 0.58 807 807 
0.5 0.08666666666666667 0.5866666666666667 834 834 
0.5 0.08666666666666667 0.5933333333333334 845 845 
0.5 0.08666666666666667 0.6 810 810 
0.5 0.08666666666666667 0.6066666666666667 873 873 
0.5 0.08666666666666667 0.6133333333333333 843 843 
0.5 0.08666666666666667 0.62 816 816 
0.5 0.08666666666666667 0.6266666666666667 778 778 
0.5 0.08666666666666667 0.6333333333333333 862 862 
0.5 0.08666666666666667 0.64 812 812 
0.5 0.08666666666666667 0.6466666666666666 819 819 
0.5 0.08666666666666667 0.6533333333333333 853 853 
0.5 0.08666666666666667 0.66 820 820 
0.5 0.08666666666666667 0.6666666666666666 786 786 
0.5 0.08666666666666667 0.6733333333333333 765 765 
0.5 0.08666666666666667 0.68 790 790 
0.5 0.08666666666666667 0.6866666666666666 825 825 
0.5 0.08666666666666667 0.6933333333333334 880 880 
0.5 0.08666666666666667 0.7 847 847 
0.5 0.08666666666666667 0.7066666666666667 831 831 
0.5 0.08666666666666667 0.7133333333333334 819 819 
0.5 0.08666666666666667 0.72 783 783 
0.5 0.08666666666666667 0.7266666666666667 838 838 
0.5 0.08666666666666667 0.7333333333333333 852 852 
0.5 0.08666666666666667 0.74 852 852 
0.5 0.08666666666666667 0.7466666666666667 788 788 
0.5 0.08666666666666667 0.7533333333333333 829 829 
0.5 0.08666666666666667 0.76 836 836 
0.5 0.08666666666666667 0.7666666666666667 793 793 
0.5 0.08666666666666667 0.7733333333333333 796 796 
0.5 0.08666666666666667 0.78 815 815 
0.5 0.08666666666666667 0.7866666666666666 775 775 
0.5 0.08666666666666667 0.7933333333333333 798 798 
0.5 0.08666666666666667 0.8 860 860 
0.5 0.08666666666666667 0.8066666666666666 832 832 
0.5 0.08666666666666667 0.8133333333333334 842 842 
0.5 0.08666666666666667 0.82 832 832 
0.5 0.08666666666666667 0.8266666666666667 765 765 
0.5 0.08666666666666667 0.8333333333333334 875 875 
0.5 0.08666666666666667 0.84 816 816 
0.5 0.08666666666666667 0.8466666666666667 836 836 
0.5 0.08666666666666667 0.8533333333333334 805 805 
0.5 0.08666666666666667 0.86 876 876 
0.5 0.08666666666666667 0.8666666666666667 858 858 
0.5 0.08666666666666667 0.8733333333333333 804 804 
0.5 0.08666666666666667 0.88 882 882 
0.5 0.08666666666666667 0.8866666666666667 844 844 
0.5 0.08666666666666667 0.8933333333333333 884 884 
0.5 0.08666666666666667 0.9 869 869 
0.5 0.08666666666666667 0.9066666666666666 897 897 
0.5 0.08666666666666667 0.9133333333333333 821 821 
0.5 0.08666666666666667 0.92 877 877 
0.5 0.08666666666666667 0.9266666666666666 833 833 
0.5 0.08666666666666667 0.9333333333333333 843 843 
0.5 0.08666666666666667 0.94 802 802 
0.5 0.08666666666666667 0.9466666666666667 882 882 
0.5 0.08666666666666667 0.9533333333333334 764 764 
0.5 0.08666666666666667 0.96 972 972 
0.5 0.08666666666666667 0.9666666666666667 762 762 
0.5 0.08666666666666667 0.9733333333333334 693 693 
0.5 0.08666666666666667 0.98 1299 1299 
0.5 0.08666666666666667 0.9866666666666667 0 0 
0.5 0.08666666666666667 0.9933333333333333 0 0 
0.5 0.09333333333333334 0.0 0 0 
0.5 0.09333333333333334 0.006666666666666667 0 0 
0.5 0.09333333333333334 0.013333333333333334 1408 1408 
0.5 0.09333333333333334 0.02 644 644 
0.5 0.09333333333333334 0.02666666666666667 796 796 
0.5 0.09333333333333334 0.03333333333333333 1005 1005 
0.5 0.09333333333333334 0.04 794 794 
0.5 0.09333333333333334 0.04666666666666667 890 890 
0.5 0.09333333333333334 0.05333333333333334 885 885 
0.5 0.09333333333333334 0.06 815 815 
0.5 0.09333333333333334 0.06666666666666667 855 855 
0.5 0.09333333333333334 0.07333333333333333 845 845 
0.5 0.09333333333333334 0.08 836 836 
0.5 0.09333333333333334 0.08666666666666667 785 785 
0.5 0.09333333333333334 0.09333333333333334 870 870 
0.5 0.09333333333333334 0.1 827 827 
0.5 0.09333333333333334 0.10666666666666667 838 838 
0.5 0.09333333333333334 0.11333333333333333 912 912 
0.5 0.09333333333333334 0.12 828 828 
0.5 0.09333333333333334 0.12666666666666668 877 877 
0.5 0.09333333333333334 0.13333333333333333 815 815 
0.5 0.09333333333333334 0.14 829 829 
0.5 0.09333333333333334 0.14666666666666667 841 841 
0.5 0.09333333333333334 0.15333333333333332 856 856 
0.5 0.09333333333333334 0.16 783 783 
0.5 0.09333333333333334 0.16666666666666666 880 880 
0.5 0.09333333333333334 0.17333333333333334 797 797 
0.5 0.09333333333333334 0.18 838 838 
0.5 0.09333333333333334 0.18666666666666668 865 865 
0.5 0.09333333333333334 0.19333333333333333 877 877 
0.5 0.09333333333333334 0.2 832 832 
0.5 0.09333333333333334 0.20666666666666667 835 835 
0.5 0.09333333333333334 0.21333333333333335 829 829 
0.5 0.09333333333333334 0.22 828 828 
0.5 0.09333333333333334 0.22666666666666666 856 856 
0.5 0.09333333333333334 0.23333333333333334 826 826 
0.5 0.09333333333333334 0.24 864 864 
0.5 0.09333333333333334 0.24666666666666667 793 793 
0.5 0.09333333333333334 0.25333333333333335 842 842 
0.5 0.09333333333333334 0.26 890 890 
0.5 0.09333333333333334 0.26666666666666666 797 797 
0.5 0.09333333333333334 0.2733333333333333 847 847 
0.5 0.09333333333333334 0.28 817 817 
0.5 0.09333333333333334 0.2866666666666667 812 812 
0.5 0.09333333333333334 0.29333333333333333 834 834 
0.5 0.09333333333333334 0.3 829 829 
0.5 0.09333333333333334 0.30666666666666664 824 824 
0.5 0.09333333333333334 0.31333333333333335 818 818 
0.5 0.09333333333333334 0.32 817 817 
0.5 0.09333333333333334 0.32666666666666666 793 793 
0.5 0.09333333333333334 0.3333333333333333 829 829 
0.5 0.09333333333333334 0.34 881 881 
0.5 0.09333333333333334 0.3466666666666667 834 834 
0.5 0.09333333333333334 0.35333333333333333 849 849 
0.5 0.09333333333333334 0.36 808 808 
0.5 0.09333333333333334 0.36666666666666664 792 792 
0.5 0.09333333333333334 0.37333333333333335 876 876 
0.5 0.09333333333333334 0.38 799 799 
0.5 0.09333333333333334 0.38666666666666666 849 849 
0.5 0.09333333333333334 0.3933333333333333 823 823 
0.5 0.09333333333333334 0.4 818 818 
0.5 0.09333333333333334 0.4066666666666667 808 808 
0.5 0.09333333333333334 0.41333333333333333 841 841 
0.5 0.09333333333333334 0.42 841 841 
0.5 0.09333333333333334 0.4266666666666667 833 833 
0.5 0.09333333333333334 0.43333333333333335 827 827 
0.5 0.09333333333333334 0.44 792 792 
0.5 0.09333333333333334 0.44666666666666666 739 739 
0.5 0.09333333333333334 0.4533333333333333 834 834 
0.5 0.09333333333333334 0.46 805 805 
0.5 0.09333333333333334 0.4666666666666667 782 782 
0.5 0.09333333333333334 0.47333333333333333 841 841 
0.5 0.09333333333333334 0.48 804 804 
0.5 0.09333333333333334 0.4866666666666667 789 789 
0.5 0.09333333333333334 0.49333333333333335 829 829 
0.5 0.09333333333333334 0.5 829 829 
0.5 0.09333333333333334 0.5066666666666667 820 820 
0.5 0.09333333333333334 0.5133333333333333 859 859 
0.5 0.09333333333333334 0.52 855 855 
0.5 0.09333333333333334 0.5266666666666666 839 839 
0.5 0.09333333333333334 0.5333333333333333 825 825 
0.5 0.09333333333333334 0.54 822 822 
0.5 0.09333333333333334 0.5466666666666666 832 832 
0.5 0.09333333333333334 0.5533333333333333 783 783 
0.5 0.09333333333333334 0.56 805 805 
0.5 0.09333333333333334 0.5666666666666667 812 812 
0.5 0.09333333333333334 0.5733333333333334 809 809 
0.5 0.09333333333333334 0.58 772 772 
0.5 0.09333333333333334 0.5866666666666667 799 799 
0.5 0.09333333333333334 0.5933333333333334 849 849 
0.5 0.09333333333333334 0.6 799 799 
0.5 0.09333333333333334 0.6066666666666667 833 833 
0.5 0.09333333333333334 0.6133333333333333 822 822 
0.5 0.09333333333333334 0.62 805 805 
0.5 0.09333333333333334 0.6266666666666667 816 816 
0.5 0.09333333333333334 0.6333333333333333 879 879 
0.5 0.09333333333333334 0.64 865 865 
0.5 0.09333333333333334 0.6466666666666666 827 827 
0.5 0.09333333333333334 0.6533333333333333 846 846 
0.5 0.09333333333333334 0.66 865 865 
0.5 0.09333333333333334 0.6666666666666666 804 804 
0.5 0.09333333333333334 0.6733333333333333 849 849 
0.5 0.09333333333333334 0.68 798 798 
0.5 0.09333333333333334 0.6866666666666666 908 908 
0.5 0.09333333333333334 0.6933333333333334 822 822 
0.5 0.09333333333333334 0.7 856 856 
0.5 0.09333333333333334 0.7066666666666667 827 827 
0.5 0.09333333333333334 0.7133333333333334 862 862 
0.5 0.09333333333333334 0.72 845 845 
0.5 0.09333333333333334 0.7266666666666667 799 799 
0.5 0.09333333333333334 0.7333333333333333 811 811 
0.5 0.09333333333333334 0.74 810 810 
0.5 0.09333333333333334 0.7466666666666667 796 796 
0.5 0.09333333333333334 0.7533333333333333 831 831 
0.5 0.09333333333333334 0.76 809 809 
0.5 0.09333333333333334 0.7666666666666667 815 815 
0.5 0.09333333333333334 0.7733333333333333 838 838 
0.5 0.09333333333333334 0.78 865 865 
0.5 0.09333333333333334 0.7866666666666666 849 849 
0.5 0.09333333333333334 0.7933333333333333 864 864 
0.5 0.09333333333333334 0.8 879 879 
0.5 0.09333333333333334 0.8066666666666666 828 828 
0.5 0.09333333333333334 0.8133333333333334 893 893 
0.5 0.09333333333333334 0.82 835 835 
0.5 0.09333333333333334 0.8266666666666667 857 857 
0.5 0.09333333333333334 0.8333333333333334 812 812 
0.5 0.09333333333333334 0.84 795 795 
0.5 0.09333333333333334 0.8466666666666667 817 817 
0.5 0.09333333333333334 0.8533333333333334 859 859 
0.5 0.09333333333333334 0.86 846 846 
0.5 0.09333333333333334 0.8666666666666667 801 801 
0.5 0.09333333333333334 0.8733333333333333 837 837 
0.5 0.09333333333333334 0.88 884 884 
0.5 0.09333333333333334 0.8866666666666667 814 814 
0.5 0.09333333333333334 0.8933333333333333 850 850 
0.5 0.09333333333333334 0.9 813 813 
0.5 0.09333333333333334 0.9066666666666666 887 887 
0.5 0.09333333333333334 0.9133333333333333 854 854 
0.5 0.09333333333333334 0.92 865 865 
0.5 0.09333333333333334 0.9266666666666666 860 860 
0.5 0.09333333333333334 0.9333333333333333 790 790 
0.5 0.09333333333333334 0.94 784 784 
0.5 0.09333333333333334 0.9466666666666667 828 828 
0.5 0.09333333333333334 0.9533333333333334 817 817 
0.5 0.09333333333333334 0.96 1018 1018 
0.5 0.09333333333333334 0.9666666666666667 741 741 
0.5 0.09333333333333334 0.9733333333333334 676 676 
0.5 0.09333333333333334 0.98 1312 1312 
0.5 0.09333333333333334 0.9866666666666667 0 0 
0.5 0.09333333333333334 0.9933333333333333 0 0 
0.5 0.1 0.0 0 0 
0.5 0.1 0.006666666666666667 0 0 
0.5 0.1 0.013333333333333334 1322 1322 
0.5 0.1 0.02 702 702 
0.5 0.1 0.02666666666666667 777 777 
0.5 0.1 0.03333333333333333 1053 1053 
0.5 0.1 0.04 753 753 
0.5 0.1 0.04666666666666667 855 855 
0.5 0.1 0.05333333333333334 834 834 
0.5 0.1 0.06 851 851 
0.5 0.1 0.06666666666666667 875 875 
0.5 0.1 0.07333333333333333 832 832 
0.5 0.1 0.08 862 862 
0.5 0.1 0.08666666666666667 906 906 
0.5 0.1 0.09333333333333334 882 882 
0.5 0.1 0.1 855 855 
0.5 0.1 0.10666666666666667 893 893 
0.5 0.1 0.11333333333333333 842 842 
0.5 0.1 0.12 857 857 
0.5 0.1 0.12666666666666668 821 821 
0.5 0.1 0.13333333333333333 816 816 
0.5 0.1 0.14 861 861 
0.5 0.1 0.14666666666666667 862 862 
0.5 0.1 0.15333333333333332 874 874 
0.5 0.1 0.16 833 833 
0.5 0.1 0.16666666666666666 828 828 
0.5 0.1 0.17333333333333334 866 866 
0.5 0.1 0.18 811 811 
0.5 0.1 0.18666666666666668 830 830 
0.5 0.1 0.19333333333333333 851 851 
0.5 0.1 0.2 789 789 
0.5 0.1 0.20666666666666667 814 814 
0.5 0.1 0.21333333333333335 819 819 
0.5 0.1 0.22 849 849 
0.5 0.1 0.22666666666666666 816 816 
0.5 0.1 0.23333333333333334 846 846 
0.5 0.1 0.24 845 845 
0.5 0.1 0.24666666666666667 898 898 
0.5 0.1 0.25333333333333335 830 830 
0.5 0.1 0.26 805 805 
0.5 0.1 0.26666666666666666 834 834 
0.5 0.1 0.2733333333333333 820 820 
0.5 0.1 0.28 873 873 
0.5 0.1 0.2866666666666667 863 863 
0.5 0.1 0.29333333333333333 857 857 
0.5 0.1 0.3 787 787 
0.5 0.1 0.30666666666666664 841 841 
0.5 0.1 0.31333333333333335 874 874 
0.5 0.1 0.32 852 852 
0.5 0.1 0.32666666666666666 854 854 
0.5 0.1 0.3333333333333333 819 819 
0.5 0.1 0.34 817 817 
0.5 0.1 0.3466666666666667 853 853 
0.5 0.1 0.35333333333333333 856 856 
0.5 0.1 0.36 839 839 
0.5 0.1 0.36666666666666664 841 841 
0.5 0.1 0.37333333333333335 854 854 
0.5 0.1 0.38 858 858 
0.5 0.1 0.38666666666666666 816 816 
0.5 0.1 0.3933333333333333 786 786 
0.5 0.1 0.4 875 875 
0.5 0.1 0.4066666666666667 843 843 
0.5 0.1 0.41333333333333333 867 867 
0.5 0.1 0.42 747 747 
0.5 0.1 0.4266666666666667 840 840 
0.5 0.1 0.43333333333333335 839 839 
0.5 0.1 0.44 863 863 
0.5 0.1 0.44666666666666666 829 829 
0.5 0.1 0.4533333333333333 784 784 
0.5 0.1 0.46 822 822 
0.5 0.1 0.4666666666666667 778 778 
0.5 0.1 0.47333333333333333 773 773 
0.5 0.1 0.48 831 831 
0.5 0.1 0.4866666666666667 811 811 
0.5 0.1 0.49333333333333335 795 795 
0.5 0.1 0.5 799 799 
0.5 0.1 0.5066666666666667 786 786 
0.5 0.1 0.5133333333333333 801 801 
0.5 0.1 0.52 812 812 
0.5 0.1 0.5266666666666666 831 831 
0.5 0.1 0.5333333333333333 771 771 
0.5 0.1 0.54 823 823 
0.5 0.1 0.5466666666666666 838 838 
0.5 0.1 0.5533333333333333 843 843 
0.5 0.1 0.56 846 846 
0.5 0.1 0.5666666666666667 837 837 
0.5 0.1 0.5733333333333334 827 827 
0.5 0.1 0.58 842 842 
0.5 0.1 0.5866666666666667 850 850 
0.5 0.1 0.5933333333333334 844 844 
0.5 0.1 0.6 794 794 
0.5 0.1 0.6066666666666667 880 880 
0.5 0.1 0.6133333333333333 863 863 
0.5 0.1 0.62 858 858 
0.5 0.1 0.6266666666666667 795 795 
0.5 0.1 0.6333333333333333 794 794 
0.5 0.1 0.64 852 852 
0.5 0.1 0.6466666666666666 866 866 
0.5 0.1 0.6533333333333333 799 799 
0.5 0.1 0.66 838 838 
0.5 0.1 0.6666666666666666 835 835 
0.5 0.1 0.6733333333333333 825 825 
0.5 0.1 0.68 904 904 
0.5 0.1 0.6866666666666666 786 786 
0.5 0.1 0.6933333333333334 757 757 
0.5 0.1 0.7 879 879 
0.5 0.1 0.7066666666666667 826 826 
0.5 0.1 0.7133333333333334 803 803 
0.5 0.1 0.72 871 871 
0.5 0.1 0.7266666666666667 780 780 
0.5 0.1 0.7333333333333333 839 839 
0.5 0.1 0.74 806 806 
0.5 0.1 0.7466666666666667 831 831 
0.5 0.1 0.7533333333333333 828 828 
0.5 0.1 0.76 800 800 
0.5 0.1 0.7666666666666667 835 835 
0.5 0.1 0.7733333333333333 827 827 
0.5 0.1 0.78 862 862 
0.5 0.1 0.7866666666666666 827 827 
0.5 0.1 0.7933333333333333 821 821 
0.5 0.1 0.8 874 874 
0.5 0.1 0.8066666666666666 808 808 
0.5 0.1 0.8133333333333334 844 844 
0.5 0.1 0.82 836 836 
0.5 0.1 0.8266666666666667 816 816 
0.5 0.1 0.8333333333333334 861 861 
0.5 0.1 0.84 795 795 
0.5 0.1 0.8466666666666667 860 860 
0.5 0.1 0.8533333333333334 854 854 
0.5 0.1 0.86 879 879 
0.5 0.1 0.8666666666666667 819 819 
0.5 0.1 0.8733333333333333 819 819 
0.5 0.1 0.88 867 867 
0.5 0.1 0.8866666666666667 886 886 
0.5 0.1 0.8933333333333333 824 824 
0.5 0.1 0.9 840 840 
0.5 0.1 0.9066666666666666 833 833 
0.5 0.1 0.9133333333333333 810 810 
0.5 0.1 0.92 838 838 
0.5 0.1 0.9266666666666666 853 853 
0.5 0.1 0.9333333333333333 851 851 
0.5 0.1 0.94 842 842 
0.5 0.1 0.9466666666666667 883 883 
0.5 0.1 0.9533333333333334 762 762 
0.5 0.1 0.96 921 921 
0.5 0.1 0.9666666666666667 720 720 
0.5 0.1 0.9733333333333334 664 664 
0.5 0.1 0.98 1400 1400 
0.5 0.1 0.9866666666666667 0 0 
0.5 0.1 0.9933333333333333 0 0 
0.5 0.10666666666666667 0.0 0 0 
0.5 0.10666666666666667 0.006666666666666667 0 0 
0.5 0.10666666666666667 0.013333333333333334 1410 1410 
0.5 0.10666666666666667 0.02 653 653 
0.5 0.10666666666666667 0.02666666666666667 766 766 
0.5 0.10666666666666667 0.03333333333333333 959 959 
0.5 0.10666666666666667 0.04 767 767 
0.5 0.10666666666666667 0.04666666666666667 947 947 
0.5 0.10666666666666667 0.05333333333333334 895 895 
0.5 0.10666666666666667 0.06 873 873 
0.5 0.10666666666666667 0.06666666666666667 891 891 
0.5 0.10666666666666667 0.07333333333333333 853 853 
0.5 0.10666666666666667 0.08 865 865 
0.5 0.10666666666666667 0.08666666666666667 886 886 
0.5 0.10666666666666667 0.09333333333333334 853 853 
0.5 0.10666666666666667 0.1 837 837 
0.5 0.10666666666666667 0.10666666666666667 806 806 
0.5 0.10666666666666667 0.11333333333333333 839 839 
0.5 0.10666666666666667 0.12 872 872 
0.5 0.10666666666666667 0.12666666666666668 832 832 
0.5 0.10666666666666667 0.13333333333333333 791 791 
0.5 0.10666666666666667 0.14 829 829 
0.5 0.10666666666666667 0.14666666666666667 809 809 
0.5 0.10666666666666667 0.15333333333333332 838 838 
0.5 0.10666666666666667 0.16 807 807 
0.5 0.10666666666666667 0.16666666666666666 828 828 
0.5 0.10666666666666667 0.17333333333333334 832 832 
0.5 0.10666666666666667 0.18 862 862 
0.5 0.10666666666666667 0.18666666666666668 853 853 
0.5 0.10666666666666667 0.19333333333333333 825 825 
0.5 0.10666666666666667 0.2 890 890 
0.5 0.10666666666666667 0.20666666666666667 810 810 
0.5 0.10666666666666667 0.21333333333333335 886 886 
0.5 0.10666666666666667 0.22 805 805 
0.5 0.10666666666666667 0.22666666666666666 845 845 
0.5 0.10666666666666667 0.23333333333333334 804 804 
0.5 0.10666666666666667 0.24 810 810 
0.5 0.10666666666666667 0.24666666666666667 871 871 
0.5 0.10666666666666667 0.25333333333333335 870 870 
0.5 0.10666666666666667 0.26 790 790 
0.5 0.10666666666666667 0.26666666666666666 807 807 
0.5 0.10666666666666667 0.2733333333333333 855 855 
0.5 0.10666666666666667 0.28 844 844 
0.5 0.10666666666666667 0.2866666666666667 850 850 
0.5 0.10666666666666667 0.29333333333333333 800 800 
0.5 0.10666666666666667 0.3 833 833 
0.5 0.10666666666666667 0.30666666666666664 855 855 
0.5 0.10666666666666667 0.31333333333333335 868 868 
0.5 0.10666666666666667 0.32 813 813 
0.5 0.10666666666666667 0.32666666666666666 847 847 
0.5 0.10666666666666667 0.3333333333333333 806 806 
0.5 0.10666666666666667 0.34 784 784 
0.5 0.10666666666666667 0.3466666666666667 825 825 
0.5 0.10666666666666667 0.35333333333333333 859 859 
0.5 0.10666666666666667 0.36 843 843 
0.5 0.10666666666666667 0.36666666666666664 822 822 
0.5 0.10666666666666667 0.37333333333333335 841 841 
0.5 0.10666666666666667 0.38 815 815 
0.5 0.10666666666666667 0.38666666666666666 801 801 
0.5 0.10666666666666667 0.3933333333333333 830 830 
0.5 0.10666666666666667 0.4 846 846 
0.5 0.10666666666666667 0.4066666666666667 859 859 
0.5 0.10666666666666667 0.41333333333333333 815 815 
0.5 0.10666666666666667 0.42 749 749 
0.5 0.10666666666666667 0.4266666666666667 835 835 
0.5 0.10666666666666667 0.43333333333333335 858 858 
0.5 0.10666666666666667 0.44 795 795 
0.5 0.10666666666666667 0.44666666666666666 831 831 
0.5 0.10666666666666667 0.4533333333333333 769 769 
0.5 0.10666666666666667 0.46 854 854 
0.5 0.10666666666666667 0.4666666666666667 809 809 
0.5 0.10666666666666667 0.47333333333333333 821 821 
0.5 0.10666666666666667 0.48 800 800 
0.5 0.10666666666666667 0.4866666666666667 804 804 
0.5 0.10666666666666667 0.49333333333333335 854 854 
0.5 0.10666666666666667 0.5 808 808 
0.5 0.10666666666666667 0.5066666666666667 825 825 
0.5 0.10666666666666667 0.5133333333333333 826 826 
0.5 0.10666666666666667 0.52 837 837 
0.5 0.10666666666666667 0.5266666666666666 775 775 
0.5 0.10666666666666667 0.5333333333333333 850 850 
0.5 0.10666666666666667 0.54 834 834 
0.5 0.10666666666666667 0.5466666666666666 783 783 
0.5 0.10666666666666667 0.5533333333333333 840 840 
0.5 0.10666666666666667 0.56 805 805 
0.5 0.10666666666666667 0.5666666666666667 790 790 
0.5 0.10666666666666667 0.5733333333333334 813 813 
0.5 0.10666666666666667 0.58 766 766 
0.5 0.10666666666666667 0.5866666666666667 814 814 
0.5 0.10666666666666667 0.5933333333333334 817 817 
0.5 0.10666666666666667 0.6 826 826 
0.5 0.10666666666666667 0.6066666666666667 826 826 
0.5 0.10666666666666667 0.6133333333333333 805 805 
0.5 0.10666666666666667 0.62 827 827 
0.5 0.10666666666666667 0.6266666666666667 783 783 
0.5 0.10666666666666667 0.6333333333333333 826 826 
0.5 0.10666666666666667 0.64 864 864 
0.5 0.10666666666666667 0.6466666666666666 802 802 
0.5 0.10666666666666667 0.6533333333333333 816 816 
0.5 0.10666666666666667 0.66 858 858 
0.5 0.10666666666666667 0.6666666666666666 869 869 
0.5 0.10666666666666667 0.6733333333333333 875 875 
0.5 0.10666666666666667 0.68 848 848 
0.5 0.10666666666666667 0.6866666666666666 859 859 
0.5 0.10666666666666667 0.6933333333333334 882 882 
0.5 0.10666666666666667 0.7 743 743 
0.5 0.10666666666666667 0.7066666666666667 840 840 
0.5 0.10666666666666667 0.7133333333333334 777 777 
0.5 0.10666666666666667 0.72 831 831 
0.5 0.10666666666666667 0.7266666666666667 829 829 
0.5 0.10666666666666667 0.7333333333333333 861 861 
0.5 0.10666666666666667 0.74 858 858 
0.5 0.10666666666666667 0.7466666666666667 799 799 
0.5 0.10666666666666667 0.7533333333333333 821 821 
0.5 0.10666666666666667 0.76 841 841 
0.5 0.10666666666666667 0.7666666666666667 820 820 
0.5 0.10666666666666667 0.7733333333333333 805 805 
0.5 0.10666666666666667 0.78 849 849 
0.5 0.10666666666666667 0.7866666666666666 832 832 
0.5 0.10666666666666667 0.7933333333333333 814 814 
0.5 0.10666666666666667 0.8 875 875 
0.5 0.10666666666666667 0.8066666666666666 802 802 
0.5 0.10666666666666667 0.8133333333333334 845 845 
0.5 0.10666666666666667 0.82 815 815 
0.5 0.10666666666666667 0.8266666666666667 834 834 
0.5 0.10666666666666667 0.8333333333333334 857 857 
0.5 0.10666666666666667 0.84 827 827 
0.5 0.10666666666666667 0.8466666666666667 824 824 
0.5 0.10666666666666667 0.8533333333333334 824 824 
0.5 0.10666666666666667 0.86 853 853 
0.5 0.10666666666666667 0.8666666666666667 860 860 
0.5 0.10666666666666667 0.8733333333333333 827 827 
0.5 0.10666666666666667 0.88 841 841 
0.5 0.10666666666666667 0.8866666666666667 803 803 
0.5 0.10666666666666667 0.8933333333333333 847 847 
0.5 0.10666666666666667 0.9 809 809 
0.5 0.10666666666666667 0.9066666666666666 860 860 
0.5 0.10666666666666667 0.9133333333333333 788 788 
0.5 0.10666666666666667 0.92 867 867 
0.5 0.10666666666666667 0.9266666666666666 842 842 
0.5 0.10666666666666667 0.9333333333333333 850 850 
0.5 0.10666666666666667 0.94 832 832 
0.5 0.10666666666666667 0.9466666666666667 875 875 
0.5 0.10666666666666667 0.9533333333333334 715 715 
0.5 0.10666666666666667 0.96 991 991 
0.5 0.10666666666666667 0.9666666666666667 699 699 
0.5 0.10666666666666667 0.9733333333333334 715 715 
0.5 0.10666666666666667 0.98 1319 1319 
0.5 0.10666666666666667 0.9866666666666667 0 0 
0.5 0.10666666666666667 0.9933333333333333 0 0 
0.5 0.11333333333333333 0.0 0 0 
0.5 0.11333333333333333 0.006666666666666667 0 0 
0.5 0.11333333333333333 0.013333333333333334 1373 1373 
0.5 0.11333333333333333 0.02 687 687 
0.5 0.11333333333333333 0.02666666666666667 739 739 
0.5 0.11333333333333333 0.03333333333333333 952 952 
0.5 0.11333333333333333 0.04 766 766 
0.5 0.11333333333333333 0.04666666666666667 908 908 
0.5 0.11333333333333333 0.05333333333333334 841 841 
0.5 0.11333333333333333 0.06 882 882 
0.5 0.11333333333333333 0.06666666666666667 893 893 
0.5 0.11333333333333333 0.07333333333333333 847 847 
0.5 0.11333333333333333 0.08 854 854 
0.5 0.11333333333333333 0.08666666666666667 839 839 
0.5 0.11333333333333333 0.09333333333333334 895 895 
0.5 0.11333333333333333 0.1 849 849 
0.5 0.11333333333333333 0.10666666666666667 855 855 
0.5 0.11333333333333333 0.11333333333333333 834 834 
0.5 0.11333333333333333 0.12 765 765 
0.5 0.11333333333333333 0.12666666666666668 919 919 
0.5 0.11333333333333333 0.13333333333333333 872 872 
0.5 0.11333333333333333 0.14 796 796 
0.5 0.11333333333333333 0.14666666666666667 822 822 
0.5 0.11333333333333333 0.15333333333333332 812 812 
0.5 0.11333333333333333 0.16 862 862 
0.5 0.11333333333333333 0.16666666666666666 852 852 
0.5 0.11333333333333333 0.17333333333333334 840 840 
0.5 0.11333333333333333 0.18 814 814 
0.5 0.11333333333333333 0.18666666666666668 839 839 
0.5 0.11333333333333333 0.19333333333333333 800 800 
0.5 0.11333333333333333 0.2 864 864 
0.5 0.11333333333333333 0.20666666666666667 856 856 
0.5 0.11333333333333333 0.21333333333333335 804 804 
0.5 0.11333333333333333 0.22 895 895 
0.5 0.11333333333333333 0.22666666666666666 833 833 
0.5 0.11333333333333333 0.23333333333333334 824 824 
0.5 0.11333333333333333 0.24 814 814 
0.5 0.11333333333333333 0.24666666666666667 806 806 
0.5 0.11333333333333333 0.25333333333333335 839 839 
0.5 0.11333333333333333 0.26 816 816 
0.5 0.11333333333333333 0.26666666666666666 875 875 
0.5 0.11333333333333333 0.2733333333333333 833 833 
0.5 0.11333333333333333 0.28 884 884 
0.5 0.11333333333333333 0.2866666666666667 806 806 
0.5 0.11333333333333333 0.29333333333333333 822 822 
0.5 0.11333333333333333 0.3 832 832 
0.5 0.11333333333333333 0.30666666666666664 882 882 
0.5 0.11333333333333333 0.31333333333333335 778 778 
0.5 0.11333333333333333 0.32 846 846 
0.5 0.11333333333333333 0.32666666666666666 754 754 
0.5 0.11333333333333333 0.3333333333333333 851 851 
0.5 0.11333333333333333 0.34 837 837 
0.5 0.11333333333333333 0.3466666666666667 895 895 
0.5 0.11333333333333333 0.35333333333333333 837 837 
0.5 0.11333333333333333 0.36 811 811 
0.5 0.11333333333333333 0.36666666666666664 804 804 
0.5 0.11333333333333333 0.37333333333333335 859 859 
0.5 0.11333333333333333 0.38 780 780 
0.5 0.11333333333333333 0.38666666666666666 797 797 
0.5 0.11333333333333333 0.3933333333333333 821 821 
0.5 0.11333333333333333 0.4 786 786 
0.5 0.11333333333333333 0.4066666666666667 851 851 
0.5 0.11333333333333333 0.41333333333333333 877 877 
0.5 0.11333333333333333 0.42 833 833 
0.5 0.11333333333333333 0.4266666666666667 841 841 
0.5 0.11333333333333333 0.43333333333333335 800 800 
0.5 0.11333333333333333 0.44 830 830 
0.5 0.11333333333333333 0.44666666666666666 865 865 
0.5 0.11333333333333333 0.4533333333333333 871 871 
0.5 0.11333333333333333 0.46 804 804 
0.5 0.11333333333333333 0.4666666666666667 809 809 
0.5 0.11333333333333333 0.47333333333333333 822 822 
0.5 0.11333333333333333 0.48 824 824 
0.5 0.11333333333333333 0.4866666666666667 826 826 
0.5 0.11333333333333333 0.49333333333333335 823 823 
0.5 0.11333333333333333 0.5 821 821 
0.5 0.11333333333333333 0.5066666666666667 795 795 
0.5 0.11333333333333333 0.5133333333333333 826 826 
0.5 0.11333333333333333 0.52 798 798 
0.5 0.11333333333333333 0.5266666666666666 783 783 
0.5 0.11333333333333333 0.5333333333333333 855 855 
0.5 0.11333333333333333 0.54 812 812 
0.5 0.11333333333333333 0.5466666666666666 807 807 
0.5 0.11333333333333333 0.5533333333333333 869 869 
0.5 0.11333333333333333 0.56 846 846 
0.5 0.11333333333333333 0.5666666666666667 820 820 
0.5 0.11333333333333333 0.5733333333333334 865 865 
0.5 0.11333333333333333 0.58 832 832 
0.5 0.11333333333333333 0.5866666666666667 817 817 
0.5 0.11333333333333333 0.5933333333333334 838 838 
0.5 0.11333333333333333 0.6 858 858 
0.5 0.11333333333333333 0.6066666666666667 834 834 
0.5 0.11333333333333333 0.6133333333333333 832 832 
0.5 0.11333333333333333 0.62 783 783 
0.5 0.11333333333333333 0.6266666666666667 850 850 
0.5 0.11333333333333333 0.6333333333333333 825 825 
0.5 0.11333333333333333 0.64 806 806 
0.5 0.11333333333333333 0.6466666666666666 805 805 
0.5 0.11333333333333333 0.6533333333333333 829 829 
0.5 0.11333333333333333 0.66 841 841 
0.5 0.11333333333333333 0.6666666666666666 867 867 
0.5 0.11333333333333333 0.6733333333333333 812 812 
0.5 0.11333333333333333 0.68 813 813 
0.5 0.11333333333333333 0.6866666666666666 800 800 
0.5 0.11333333333333333 0.6933333333333334 821 821 
0.5 0.11333333333333333 0.7 796 796 
0.5 0.11333333333333333 0.7066666666666667 849 849 
0.5 0.11333333333333333 0.7133333333333334 823 823 
0.5 0.11333333333333333 0.72 828 828 
0.5 0.11333333333333333 0.7266666666666667 884 884 
0.5 0.11333333333333333 0.7333333333333333 888 888 
0.5 0.11333333333333333 0.74 806 806 
0.5 0.11333333333333333 0.7466666666666667 907 907 
0.5 0.11333333333333333 0.7533333333333333 827 827 
0.5 0.11333333333333333 0.76 798 798 
0.5 0.11333333333333333 0.7666666666666667 753 753 
0.5 0.11333333333333333 0.7733333333333333 887 887 
0.5 0.11333333333333333 0.78 857 857 
0.5 0.11333333333333333 0.7866666666666666 800 800 
0.5 0.11333333333333333 0.7933333333333333 843 843 
0.5 0.11333333333333333 0.8 826 826 
0.5 0.11333333333333333 0.8066666666666666 767 767 
0.5 0.11333333333333333 0.8133333333333334 824 824 
0.5 0.11333333333333333 0.82 803 803 
0.5 0.11333333333333333 0.8266666666666667 847 847 
0.5 0.11333333333333333 0.8333333333333334 808 808 
0.5 0.11333333333333333 0.84 824 824 
0.5 0.11333333333333333 0.8466666666666667 829 829 
0.5 0.11333333333333333 0.8533333333333334 803 803 
0.5 0.11333333333333333 0.86 808 808 
0.5 0.11333333333333333 0.8666666666666667 798 798 
0.5 0.11333333333333333 0.8733333333333333 828 828 
0.5 0.11333333333333333 0.88 810 810 
0.5 0.11333333333333333 0.8866666666666667 783 783 
0.5 0.11333333333333333 0.8933333333333333 784 784 
0.5 0.11333333333333333 0.9 850 850 
0.5 0.11333333333333333 0.9066666666666666 833 833 
0.5 0.11333333333333333 0.9133333333333333 816 816 
0.5 0.11333333333333333 0.92 803 803 
0.5 0.11333333333333333 0.9266666666666666 854 854 
0.5 0.11333333333333333 0.9333333333333333 885 885 
0.5 0.11333333333333333 0.94 857 857 
0.5 0.11333333333333333 0.9466666666666667 894 894 
0.5 0.11333333333333333 0.9533333333333334 760 760 
0.5 0.11333333333333333 0.96 968 968 
0.5 0.11333333333333333 0.9666666666666667 759 759 
0.5 0.11333333333333333 0.9733333333333334 677 677 
0.5 0.11333333333333333 0.98 1321 1321 
0.5 0.11333333333333333 0.9866666666666667 0 0 
0.5 0.11333333333333333 0.9933333333333333 0 0 
0.5 0.12 0.0 0 0 
0.5 0.12 0.006666666666666667 0 0 
0.5 0.12 0.013333333333333334 1324 1324 
0.5 0.12 0.02 625 625 
0.5 0.12 0.02666666666666667 776 776 
0.5 0.12 0.03333333333333333 986 986 
0.5 0.12 0.04 805 805 
0.5 0.12 0.04666666666666667 843 843 
0.5 0.12 0.05333333333333334 830 830 
0.5 0.12 0.06 847 847 
0.5 0.12 0.06666666666666667 807 807 
0.5 0.12 0.07333333333333333 834 834 
0.5 0.12 0.08 864 864 
0.5 0.12 0.08666666666666667 836 836 
0.5 0.12 0.09333333333333334 846 846 
0.5 0.12 0.1 847 847 
0.5 0.12 0.10666666666666667 774 774 
0.5 0.12 0.11333333333333333 797 797 
0.5 0.12 0.12 826 826 
0.5 0.12 0.12666666666666668 825 825 
0.5 0.12 0.13333333333333333 822 822 
0.5 0.12 0.14 848 848 
0.5 0.12 0.14666666666666667 822 822 
0.5 0.12 0.15333333333333332 815 815 
0.5 0.12 0.16 854 854 
0.5 0.12 0.16666666666666666 898 898 
0.5 0.12 0.17333333333333334 808 808 
0.5 0.12 0.18 792 792 
0.5 0.12 0.18666666666666668 861 861 
0.5 0.12 0.19333333333333333 786 786 
0.5 0.12 0.2 806 806 
0.5 0.12 0.20666666666666667 828 828 
0.5 0.12 0.21333333333333335 871 871 
0.5 0.12 0.22 884 884 
0.5 0.12 0.22666666666666666 816 816 
0.5 0.12 0.23333333333333334 778 778 
0.5 0.12 0.24 839 839 
0.5 0.12 0.24666666666666667 835 835 
0.5 0.12 0.25333333333333335 827 827 
0.5 0.12 0.26 862 862 
0.5 0.12 0.26666666666666666 856 856 
0.5 0.12 0.2733333333333333 868 868 
0.5 0.12 0.28 824 824 
0.5 0.12 0.2866666666666667 802 802 
0.5 0.12 0.29333333333333333 854 854 
0.5 0.12 0.3 856 856 
0.5 0.12 0.30666666666666664 814 814 
0.5 0.12 0.31333333333333335 824 824 
0.5 0.12 0.32 828 828 
0.5 0.12 0.32666666666666666 869 869 
0.5 0.12 0.3333333333333333 778 778 
0.5 0.12 0.34 818 818 
0.5 0.12 0.3466666666666667 869 869 
0.5 0.12 0.35333333333333333 850 850 
0.5 0.12 0.36 790 790 
0.5 0.12 0.36666666666666664 824 824 
0.5 0.12 0.37333333333333335 801 801 
0.5 0.12 0.38 865 865 
0.5 0.12 0.38666666666666666 794 794 
0.5 0.12 0.3933333333333333 825 825 
0.5 0.12 0.4 845 845 
0.5 0.12 0.4066666666666667 816 816 
0.5 0.12 0.41333333333333333 815 815 
0.5 0.12 0.42 848 848 
0.5 0.12 0.4266666666666667 799 799 
0.5 0.12 0.43333333333333335 848 848 
0.5 0.12 0.44 833 833 
0.5 0.12 0.44666666666666666 847 847 
0.5 0.12 0.4533333333333333 838 838 
0.5 0.12 0.46 866 866 
0.5 0.12 0.4666666666666667 841 841 
0.5 0.12 0.47333333333333333 776 776 
0.5 0.12 0.48 837 837 
0.5 0.12 0.4866666666666667 840 840 
0.5 0.12 0.49333333333333335 849 849 
0.5 0.12 0.5 830 830 
0.5 0.12 0.5066666666666667 795 795 
0.5 0.12 0.5133333333333333 812 812 
0.5 0.12 0.52 840 840 
0.5 0.12 0.5266666666666666 811 811 
0.5 0.12 0.5333333333333333 855 855 
0.5 0.12 0.54 796 796 
0.5 0.12 0.5466666666666666 812 812 
0.5 0.12 0.5533333333333333 833 833 
0.5 0.12 0.56 792 792 
0.5 0.12 0.5666666666666667 838 838 
0.5 0.12 0.5733333333333334 800 800 
0.5 0.12 0.58 853 853 
0.5 0.12 0.5866666666666667 872 872 
0.5 0.12 0.5933333333333334 834 834 
0.5 0.12 0.6 822 822 
0.5 0.12 0.6066666666666667 792 792 
0.5 0.12 0.6133333333333333 857 857 
0.5 0.12 0.62 793 793 
0.5 0.12 0.6266666666666667 862 862 
0.5 0.12 0.6333333333333333 828 828 
0.5 0.12 0.64 822 822 
0.5 0.12 0.6466666666666666 720 720 
0.5 0.12 0.6533333333333333 867 867 
0.5 0.12 0.66 807 807 
0.5 0.12 0.6666666666666666 824 824 
0.5 0.12 0.6733333333333333 788 788 
0.5 0.12 0.68 791 791 
0.5 0.12 0.6866666666666666 825 825 
0.5 0.12 0.6933333333333334 854 854 
0.5 0.12 0.7 823 823 
0.5 0.12 0.7066666666666667 883 883 
0.5 0.12 0.7133333333333334 845 845 
0.5 0.12 0.72 848 848 
0.5 0.12 0.7266666666666667 821 821 
0.5 0.12 0.7333333333333333 806 806 
0.5 0.12 0.74 781 781 
0.5 0.12 0.7466666666666667 886 886 
0.5 0.12 0.7533333333333333 855 855 
0.5 0.12 0.76 848 848 
0.5 0.12 0.7666666666666667 842 842 
0.5 0.12 0.7733333333333333 853 853 
0.5 0.12 0.78 824 824 
0.5 0.12 0.7866666666666666 863 863 
0.5 0.12 0.7933333333333333 845 845 
0.5 0.12 0.8 797 797 
0.5 0.12 0.8066666666666666 787 787 
0.5 0.12 0.8133333333333334 782 782 
0.5 0.12 0.82 824 824 
0.5 0.12 0.8266666666666667 810 810 
0.5 0.12 0.8333333333333334 813 813 
0.5 0.12 0.84 875 875 
0.5 0.12 0.8466666666666667 826 826 
0.5 0.12 0.8533333333333334 869 869 
0.5 0.12 0.86 858 858 
0.5 0.12 0.8666666666666667 806 806 
0.5 0.12 0.8733333333333333 824 824 
0.5 0.12 0.88 798 798 
0.5 0.12 0.8866666666666667 805 805 
0.5 0.12 0.8933333333333333 784 784 
0.5 0.12 0.9 778 778 
0.5 0.12 0.9066666666666666 772 772 
0.5 0.12 0.9133333333333333 812 812 
0.5 0.12 0.92 822 822 
0.5 0.12 0.9266666666666666 812 812 
0.5 0.12 0.9333333333333333 786 786 
0.5 0.12 0.94 824 824 
0.5 0.12 0.9466666666666667 831 831 
0.5 0.12 0.9533333333333334 758 758 
0.5 0.12 0.96 1000 1000 
0.5 0.12 0.9666666666666667 734 734 
0.5 0.12 0.9733333333333334 743 743 
0.5 0.12 0.98 1299 1299 
0.5 0.12 0.9866666666666667 0 0 
0.5 0.12 0.9933333333333333 0 0 
0.5 0.12666666666666668 0.0 0 0 
0.5 0.12666666666666668 0.006666666666666667 0 0 
0.5 0.12666666666666668 0.013333333333333334 1387 1387 
0.5 0.12666666666666668 0.02 668 668 
0.5 0.12666666666666668 0.02666666666666667 797 797 
0.5 0.12666666666666668 0.03333333333333333 986 986 
0.5 0.12666666666666668 0.04 779 779 
0.5 0.12666666666666668 0.04666666666666667 914 914 
0.5 0.12666666666666668 0.05333333333333334 913 913 
0.5 0.12666666666666668 0.06 819 819 
0.5 0.12666666666666668 0.06666666666666667 877 877 
0.5 0.12666666666666668 0.07333333333333333 872 872 
0.5 0.12666666666666668 0.08 807 807 
0.5 0.12666666666666668 0.08666666666666667 833 833 
0.5 0.12666666666666668 0.09333333333333334 838 838 
0.5 0.12666666666666668 0.1 806 806 
0.5 0.12666666666666668 0.10666666666666667 825 825 
0.5 0.12666666666666668 0.11333333333333333 843 843 
0.5 0.12666666666666668 0.12 847 847 
0.5 0.12666666666666668 0.12666666666666668 899 899 
0.5 0.12666666666666668 0.13333333333333333 854 854 
0.5 0.12666666666666668 0.14 869 869 
0.5 0.12666666666666668 0.14666666666666667 830 830 
0.5 0.12666666666666668 0.15333333333333332 843 843 
0.5 0.12666666666666668 0.16 792 792 
0.5 0.12666666666666668 0.16666666666666666 833 833 
0.5 0.12666666666666668 0.17333333333333334 809 809 
0.5 0.12666666666666668 0.18 833 833 
0.5 0.12666666666666668 0.18666666666666668 876 876 
0.5 0.12666666666666668 0.19333333333333333 838 838 
0.5 0.12666666666666668 0.2 904 904 
0.5 0.12666666666666668 0.20666666666666667 866 866 
0.5 0.12666666666666668 0.21333333333333335 878 878 
0.5 0.12666666666666668 0.22 866 866 
0.5 0.12666666666666668 0.22666666666666666 820 820 
0.5 0.12666666666666668 0.23333333333333334 843 843 
0.5 0.12666666666666668 0.24 815 815 
0.5 0.12666666666666668 0.24666666666666667 847 847 
0.5 0.12666666666666668 0.25333333333333335 853 853 
0.5 0.12666666666666668 0.26 851 851 
0.5 0.12666666666666668 0.26666666666666666 840 840 
0.5 0.12666666666666668 0.2733333333333333 827 827 
0.5 0.12666666666666668 0.28 806 806 
0.5 0.12666666666666668 0.2866666666666667 822 822 
0.5 0.12666666666666668 0.29333333333333333 758 758 
0.5 0.12666666666666668 0.3 797 797 
0.5 0.12666666666666668 0.30666666666666664 801 801 
0.5 0.12666666666666668 0.31333333333333335 812 812 
0.5 0.12666666666666668 0.32 881 881 
0.5 0.12666666666666668 0.32666666666666666 825 825 
0.5 0.12666666666666668 0.3333333333333333 857 857 
0.5 0.12666666666666668 0.34 804 804 
0.5 0.12666666666666668 0.3466666666666667 833 833 
0.5 0.12666666666666668 0.35333333333333333 786 786 
0.5 0.12666666666666668 0.36 866 866 
0.5 0.12666666666666668 0.36666666666666664 838 838 
0.5 0.12666666666666668 0.37333333333333335 819 819 
0.5 0.12666666666666668 0.38 871 871 
0.5 0.12666666666666668 0.38666666666666666 844 844 
0.5 0.12666666666666668 0.3933333333333333 812 812 
0.5 0.12666666666666668 0.4 849 849 
0.5 0.12666666666666668 0.4066666666666667 833 833 
0.5 0.12666666666666668 0.41333333333333333 839 839 
0.5 0.12666666666666668 0.42 811 811 
0.5 0.12666666666666668 0.4266666666666667 839 839 
0.5 0.12666666666666668 0.43333333333333335 831 831 
0.5 0.12666666666666668 0.44 817 817 
0.5 0.12666666666666668 0.44666666666666666 786 786 
0.5 0.12666666666666668 0.4533333333333333 842 842 
0.5 0.12666666666666668 0.46 798 798 
0.5 0.12666666666666668 0.4666666666666667 915 915 
0.5 0.12666666666666668 0.47333333333333333 820 820 
0.5 0.12666666666666668 0.48 807 807 
0.5 0.12666666666666668 0.4866666666666667 837 837 
0.5 0.12666666666666668 0.49333333333333335 805 805 
0.5 0.12666666666666668 0.5 788 788 
0.5 0.12666666666666668 0.5066666666666667 877 877 
0.5 0.12666666666666668 0.5133333333333333 832 832 
0.5 0.12666666666666668 0.52 841 841 
0.5 0.12666666666666668 0.5266666666666666 802 802 
0.5 0.12666666666666668 0.5333333333333333 831 831 
0.5 0.12666666666666668 0.54 804 804 
0.5 0.12666666666666668 0.5466666666666666 797 797 
0.5 0.12666666666666668 0.5533333333333333 823 823 
0.5 0.12666666666666668 0.56 848 848 
0.5 0.12666666666666668 0.5666666666666667 807 807 
0.5 0.12666666666666668 0.5733333333333334 823 823 
0.5 0.12666666666666668 0.58 852 852 
0.5 0.12666666666666668 0.5866666666666667 841 841 
0.5 0.12666666666666668 0.5933333333333334 851 851 
0.5 0.12666666666666668 0.6 813 813 
0.5 0.12666666666666668 0.6066666666666667 878 878 
0.5 0.12666666666666668 0.6133333333333333 848 848 
0.5 0.12666666666666668 0.62 846 846 
0.5 0.12666666666666668 0.6266666666666667 859 859 
0.5 0.12666666666666668 0.6333333333333333 829 829 
0.5 0.12666666666666668 0.64 815 815 
0.5 0.12666666666666668 0.6466666666666666 818 818 
0.5 0.12666666666666668 0.6533333333333333 827 827 
0.5 0.12666666666666668 0.66 865 865 
0.5 0.12666666666666668 0.6666666666666666 770 770 
0.5 0.12666666666666668 0.6733333333333333 855 855 
0.5 0.12666666666666668 0.68 801 801 
0.5 0.12666666666666668 0.6866666666666666 828 828 
0.5 0.12666666666666668 0.6933333333333334 800 800 
0.5 0.12666666666666668 0.7 879 879 
0.5 0.12666666666666668 0.7066666666666667 823 823 
0.5 0.12666666666666668 0.7133333333333334 810 810 
0.5 0.12666666666666668 0.72 800 800 
0.5 0.12666666666666668 0.7266666666666667 859 859 
0.5 0.12666666666666668 0.7333333333333333 805 805 
0.5 0.12666666666666668 0.74 758 758 
0.5 0.12666666666666668 0.7466666666666667 809 809 
0.5 0.12666666666666668 0.7533333333333333 812 812 
0.5 0.12666666666666668 0.76 807 807 
0.5 0.12666666666666668 0.7666666666666667 819 819 
0.5 0.12666666666666668 0.7733333333333333 875 875 
0.5 0.12666666666666668 0.78 818 818 
0.5 0.12666666666666668 0.7866666666666666 789 789 
0.5 0.12666666666666668 0.7933333333333333 855 855 
0.5 0.12666666666666668 0.8 790 790 
0.5 0.12666666666666668 0.8066666666666666 777 777 
0.5 0.12666666666666668 0.8133333333333334 863 863 
0.5 0.12666666666666668 0.82 839 839 
0.5 0.12666666666666668 0.8266666666666667 787 787 
0.5 0.12666666666666668 0.8333333333333334 773 773 
0.5 0.12666666666666668 0.84 834 834 
0.5 0.12666666666666668 0.8466666666666667 769 769 
0.5 0.12666666666666668 0.8533333333333334 789 789 
0.5 0.12666666666666668 0.86 836 836 
0.5 0.12666666666666668 0.8666666666666667 807 807 
0.5 0.12666666666666668 0.8733333333333333 833 833 
0.5 0.12666666666666668 0.88 826 826 
0.5 0.12666666666666668 0.8866666666666667 849 849 
0.5 0.12666666666666668 0.8933333333333333 799 799 
0.5 0.12666666666666668 0.9 826 826 
0.5 0.12666666666666668 0.9066666666666666 805 805 
0.5 0.12666666666666668 0.9133333333333333 792 792 
0.5 0.12666666666666668 0.92 807 807 
0.5 0.12666666666666668 0.9266666666666666 856 856 
0.5 0.12666666666666668 0.9333333333333333 791 791 
0.5 0.12666666666666668 0.94 833 833 
0.5 0.12666666666666668 0.9466666666666667 856 856 
0.5 0.12666666666666668 0.9533333333333334 789 789 
0.5 0.12666666666666668 0.96 955 955 
0.5 0.12666666666666668 0.9666666666666667 693 693 
0.5 0.12666666666666668 0.9733333333333334 702 702 
0.5 0.12666666666666668 0.98 1316 1316 
0.5 0.12666666666666668 0.9866666666666667 0 0 
0.5 0.12666666666666668 0.9933333333333333 0 0 
0.5 0.13333333333333333 0.0 0 0 
0.5 0.13333333333333333 0.006666666666666667 0 0 
0.5 0.13333333333333333 0.013333333333333334 1364 1364 
0.5 0.13333333333333333 0.02 687 687 
0.5 0.13333333333333333 0.02666666666666667 792 792 
0.5 0.13333333333333333 0.03333333333333333 986 986 
0.5 0.13333333333333333 0.04 768 768 
0.5 0.13333333333333333 0.04666666666666667 858 858 
0.5 0.13333333333333333 0.05333333333333334 860 860 
0.5 0.13333333333333333 0.06 871 871 
0.5 0.13333333333333333 0.06666666666666667 833 833 
0.5 0.13333333333333333 0.07333333333333333 833 833 
0.5 0.13333333333333333 0.08 789 789 
0.5 0.13333333333333333 0.08666666666666667 885 885 
0.5 0.13333333333333333 0.09333333333333334 825 825 
0.5 0.13333333333333333 0.1 792 792 
0.5 0.13333333333333333 0.10666666666666667 817 817 
0.5 0.13333333333333333 0.11333333333333333 840 840 
0.5 0.13333333333333333 0.12 821 821 
0.5 0.13333333333333333 0.12666666666666668 793 793 
0.5 0.13333333333333333 0.13333333333333333 856 856 
0.5 0.13333333333333333 0.14 873 873 
0.5 0.13333333333333333 0.14666666666666667 795 795 
0.5 0.13333333333333333 0.15333333333333332 813 813 
0.5 0.13333333333333333 0.16 839 839 
0.5 0.13333333333333333 0.16666666666666666 801 801 
0.5 0.13333333333333333 0.17333333333333334 837 837 
0.5 0.13333333333333333 0.18 853 853 
0.5 0.13333333333333333 0.18666666666666668 864 864 
0.5 0.13333333333333333 0.19333333333333333 839 839 
0.5 0.13333333333333333 0.2 831 831 
0.5 0.13333333333333333 0.20666666666666667 846 846 
0.5 0.13333333333333333 0.21333333333333335 842 842 
0.5 0.13333333333333333 0.22 849 849 
0.5 0.13333333333333333 0.22666666666666666 769 769 
0.5 0.13333333333333333 0.23333333333333334 832 832 
0.5 0.13333333333333333 0.24 820 820 
0.5 0.13333333333333333 0.24666666666666667 836 836 
0.5 0.13333333333333333 0.25333333333333335 823 823 
0.5 0.13333333333333333 0.26 826 826 
0.5 0.13333333333333333 0.26666666666666666 867 867 
0.5 0.13333333333333333 0.2733333333333333 812 812 
0.5 0.13333333333333333 0.28 898 898 
0.5 0.13333333333333333 0.2866666666666667 817 817 
0.5 0.13333333333333333 0.29333333333333333 867 867 
0.5 0.13333333333333333 0.3 831 831 
0.5 0.13333333333333333 0.30666666666666664 858 858 
0.5 0.13333333333333333 0.31333333333333335 794 794 
0.5 0.13333333333333333 0.32 841 841 
0.5 0.13333333333333333 0.32666666666666666 865 865 
0.5 0.13333333333333333 0.3333333333333333 852 852 
0.5 0.13333333333333333 0.34 817 817 
0.5 0.13333333333333333 0.3466666666666667 828 828 
0.5 0.13333333333333333 0.35333333333333333 779 779 
0.5 0.13333333333333333 0.36 844 844 
0.5 0.13333333333333333 0.36666666666666664 798 798 
0.5 0.13333333333333333 0.37333333333333335 869 869 
0.5 0.13333333333333333 0.38 834 834 
0.5 0.13333333333333333 0.38666666666666666 829 829 
0.5 0.13333333333333333 0.3933333333333333 834 834 
0.5 0.13333333333333333 0.4 839 839 
0.5 0.13333333333333333 0.4066666666666667 853 853 
0.5 0.13333333333333333 0.41333333333333333 838 838 
0.5 0.13333333333333333 0.42 874 874 
0.5 0.13333333333333333 0.4266666666666667 825 825 
0.5 0.13333333333333333 0.43333333333333335 806 806 
0.5 0.13333333333333333 0.44 797 797 
0.5 0.13333333333333333 0.44666666666666666 851 851 
0.5 0.13333333333333333 0.4533333333333333 816 816 
0.5 0.13333333333333333 0.46 788 788 
0.5 0.13333333333333333 0.4666666666666667 825 825 
0.5 0.13333333333333333 0.47333333333333333 825 825 
0.5 0.13333333333333333 0.48 846 846 
0.5 0.13333333333333333 0.4866666666666667 788 788 
0.5 0.13333333333333333 0.49333333333333335 801 801 
0.5 0.13333333333333333 0.5 899 899 
0.5 0.13333333333333333 0.5066666666666667 818 818 
0.5 0.13333333333333333 0.5133333333333333 809 809 
0.5 0.13333333333333333 0.52 835 835 
0.5 0.13333333333333333 0.5266666666666666 883 883 
0.5 0.13333333333333333 0.5333333333333333 820 820 
0.5 0.13333333333333333 0.54 890 890 
0.5 0.13333333333333333 0.5466666666666666 847 847 
0.5 0.13333333333333333 0.5533333333333333 864 864 
0.5 0.13333333333333333 0.56 788 788 
0.5 0.13333333333333333 0.5666666666666667 837 837 
0.5 0.13333333333333333 0.5733333333333334 829 829 
0.5 0.13333333333333333 0.58 851 851 
0.5 0.13333333333333333 0.5866666666666667 889 889 
0.5 0.13333333333333333 0.5933333333333334 834 834 
0.5 0.13333333333333333 0.6 839 839 
0.5 0.13333333333333333 0.6066666666666667 815 815 
0.5 0.13333333333333333 0.6133333333333333 855 855 
0.5 0.13333333333333333 0.62 789 789 
0.5 0.13333333333333333 0.6266666666666667 840 840 
0.5 0.13333333333333333 0.6333333333333333 829 829 
0.5 0.13333333333333333 0.64 806 806 
0.5 0.13333333333333333 0.6466666666666666 799 799 
0.5 0.13333333333333333 0.6533333333333333 819 819 
0.5 0.13333333333333333 0.66 814 814 
0.5 0.13333333333333333 0.6666666666666666 835 835 
0.5 0.13333333333333333 0.6733333333333333 842 842 
0.5 0.13333333333333333 0.68 831 831 
0.5 0.13333333333333333 0.6866666666666666 815 815 
0.5 0.13333333333333333 0.6933333333333334 834 834 
0.5 0.13333333333333333 0.7 809 809 
0.5 0.13333333333333333 0.7066666666666667 843 843 
0.5 0.13333333333333333 0.7133333333333334 795 795 
0.5 0.13333333333333333 0.72 805 805 
0.5 0.13333333333333333 0.7266666666666667 827 827 
0.5 0.13333333333333333 0.7333333333333333 859 859 
0.5 0.13333333333333333 0.74 814 814 
0.5 0.13333333333333333 0.7466666666666667 872 872 
0.5 0.13333333333333333 0.7533333333333333 817 817 
0.5 0.13333333333333333 0.76 815 815 
0.5 0.13333333333333333 0.7666666666666667 861 861 
0.5 0.13333333333333333 0.7733333333333333 814 814 
0.5 0.13333333333333333 0.78 834 834 
0.5 0.13333333333333333 0.7866666666666666 854 854 
0.5 0.13333333333333333 0.7933333333333333 884 884 
0.5 0.13333333333333333 0.8 790 790 
0.5 0.13333333333333333 0.8066666666666666 808 808 
0.5 0.13333333333333333 0.8133333333333334 857 857 
0.5 0.13333333333333333 0.82 858 858 
0.5 0.13333333333333333 0.8266666666666667 846 846 
0.5 0.13333333333333333 0.8333333333333334 866 866 
0.5 0.13333333333333333 0.84 807 807 
0.5 0.13333333333333333 0.8466666666666667 805 805 
0.5 0.13333333333333333 0.8533333333333334 824 824 
0.5 0.13333333333333333 0.86 807 807 
0.5 0.13333333333333333 0.8666666666666667 812 812 
0.5 0.13333333333333333 0.8733333333333333 844 844 
0.5 0.13333333333333333 0.88 818 818 
0.5 0.13333333333333333 0.8866666666666667 752 752 
0.5 0.13333333333333333 0.8933333333333333 829 829 
0.5 0.13333333333333333 0.9 793 793 
0.5 0.13333333333333333 0.9066666666666666 811 811 
0.5 0.13333333333333333 0.9133333333333333 773 773 
0.5 0.13333333333333333 0.92 803 803 
0.5 0.13333333333333333 0.9266666666666666 821 821 
0.5 0.13333333333333333 0.9333333333333333 809 809 
0.5 0.13333333333333333 0.94 852 852 
0.5 0.13333333333333333 0.9466666666666667 861 861 
0.5 0.13333333333333333 0.9533333333333334 769 769 
0.5 0.13333333333333333 0.96 933 933 
0.5 0.13333333333333333 0.9666666666666667 766 766 
0.5 0.13333333333333333 0.9733333333333334 736 736 
0.5 0.13333333333333333 0.98 1329 1329 
0.5 0.13333333333333333 0.9866666666666667 0 0 
0.5 0.13333333333333333 0.9933333333333333 0 0 
0.5 0.14 0.0 0 0 
0.5 0.14 0.006666666666666667 0 0 
0.5 0.14 0.013333333333333334 1476 1476 
0.5 0.14 0.02 670 670 
0.5 0.14 0.02666666666666667 794 794 
0.5 0.14 0.03333333333333333 1027 1027 
0.5 0.14 0.04 760 760 
0.5 0.14 0.04666666666666667 882 882 
0.5 0.14 0.05333333333333334 792 792 
0.5 0.14 0.06 866 866 
0.5 0.14 0.06666666666666667 843 843 
0.5 0.14 0.07333333333333333 896 896 
0.5 0.14 0.08 854 854 
0.5 0.14 0.08666666666666667 843 843 
0.5 0.14 0.09333333333333334 861 861 
0.5 0.14 0.1 736 736 
0.5 0.14 0.10666666666666667 858 858 
0.5 0.14 0.11333333333333333 841 841 
0.5 0.14 0.12 793 793 
0.5 0.14 0.12666666666666668 864 864 
0.5 0.14 0.13333333333333333 790 790 
0.5 0.14 0.14 883 883 
0.5 0.14 0.14666666666666667 861 861 
0.5 0.14 0.15333333333333332 823 823 
0.5 0.14 0.16 787 787 
0.5 0.14 0.16666666666666666 874 874 
0.5 0.14 0.17333333333333334 869 869 
0.5 0.14 0.18 889 889 
0.5 0.14 0.18666666666666668 842 842 
0.5 0.14 0.19333333333333333 824 824 
0.5 0.14 0.2 763 763 
0.5 0.14 0.20666666666666667 834 834 
0.5 0.14 0.21333333333333335 831 831 
0.5 0.14 0.22 820 820 
0.5 0.14 0.22666666666666666 816 816 
0.5 0.14 0.23333333333333334 822 822 
0.5 0.14 0.24 806 806 
0.5 0.14 0.24666666666666667 874 874 
0.5 0.14 0.25333333333333335 866 866 
0.5 0.14 0.26 808 808 
0.5 0.14 0.26666666666666666 812 812 
0.5 0.14 0.2733333333333333 848 848 
0.5 0.14 0.28 842 842 
0.5 0.14 0.2866666666666667 847 847 
0.5 0.14 0.29333333333333333 819 819 
0.5 0.14 0.3 830 830 
0.5 0.14 0.30666666666666664 831 831 
0.5 0.14 0.31333333333333335 846 846 
0.5 0.14 0.32 839 839 
0.5 0.14 0.32666666666666666 807 807 
0.5 0.14 0.3333333333333333 879 879 
0.5 0.14 0.34 800 800 
0.5 0.14 0.3466666666666667 823 823 
0.5 0.14 0.35333333333333333 765 765 
0.5 0.14 0.36 848 848 
0.5 0.14 0.36666666666666664 831 831 
0.5 0.14 0.37333333333333335 816 816 
0.5 0.14 0.38 851 851 
0.5 0.14 0.38666666666666666 803 803 
0.5 0.14 0.3933333333333333 842 842 
0.5 0.14 0.4 825 825 
0.5 0.14 0.4066666666666667 847 847 
0.5 0.14 0.41333333333333333 818 818 
0.5 0.14 0.42 842 842 
0.5 0.14 0.4266666666666667 792 792 
0.5 0.14 0.43333333333333335 828 828 
0.5 0.14 0.44 865 865 
0.5 0.14 0.44666666666666666 857 857 
0.5 0.14 0.4533333333333333 850 850 
0.5 0.14 0.46 814 814 
0.5 0.14 0.4666666666666667 873 873 
0.5 0.14 0.47333333333333333 810 810 
0.5 0.14 0.48 839 839 
0.5 0.14 0.4866666666666667 805 805 
0.5 0.14 0.49333333333333335 820 820 
0.5 0.14 0.5 855 855 
0.5 0.14 0.5066666666666667 896 896 
0.5 0.14 0.5133333333333333 876 876 
0.5 0.14 0.52 868 868 
0.5 0.14 0.5266666666666666 883 883 
0.5 0.14 0.5333333333333333 843 843 
0.5 0.14 0.54 852 852 
0.5 0.14 0.5466666666666666 827 827 
0.5 0.14 0.5533333333333333 865 865 
0.5 0.14 0.56 769 769 
0.5 0.14 0.5666666666666667 881 881 
0.5 0.14 0.5733333333333334 844 844 
0.5 0.14 0.58 854 854 
0.5 0.14 0.5866666666666667 833 833 
0.5 0.14 0.5933333333333334 825 825 
0.5 0.14 0.6 796 796 
0.5 0.14 0.6066666666666667 875 875 
0.5 0.14 0.6133333333333333 866 866 
0.5 0.14 0.62 817 817 
0.5 0.14 0.6266666666666667 831 831 
0.5 0.14 0.6333333333333333 787 787 
0.5 0.14 0.64 845 845 
0.5 0.14 0.6466666666666666 820 820 
0.5 0.14 0.6533333333333333 830 830 
0.5 0.14 0.66 806 806 
0.5 0.14 0.6666666666666666 844 844 
0.5 0.14 0.6733333333333333 797 797 
0.5 0.14 0.68 807 807 
0.5 0.14 0.6866666666666666 834 834 
0.5 0.14 0.6933333333333334 826 826 
0.5 0.14 0.7 837 837 
0.5 0.14 0.7066666666666667 776 776 
0.5 0.14 0.7133333333333334 831 831 
0.5 0.14 0.72 857 857 
0.5 0.14 0.7266666666666667 878 878 
0.5 0.14 0.7333333333333333 876 876 
0.5 0.14 0.74 859 859 
0.5 0.14 0.7466666666666667 831 831 
0.5 0.14 0.7533333333333333 858 858 
0.5 0.14 0.76 898 898 
0.5 0.14 0.7666666666666667 842 842 
0.5 0.14 0.7733333333333333 825 825 
0.5 0.14 0.78 829 829 
0.5 0.14 0.7866666666666666 844 844 
0.5 0.14 0.7933333333333333 833 833 
0.5 0.14 0.8 806 806 
0.5 0.14 0.8066666666666666 815 815 
0.5 0.14 0.8133333333333334 823 823 
0.5 0.14 0.82 884 884 
0.5 0.14 0.8266666666666667 794 794 
0.5 0.14 0.8333333333333334 775 775 
0.5 0.14 0.84 853 853 
0.5 0.14 0.8466666666666667 847 847 
0.5 0.14 0.8533333333333334 808 808 
0.5 0.14 0.86 829 829 
0.5 0.14 0.8666666666666667 811 811 
0.5 0.14 0.8733333333333333 788 788 
0.5 0.14 0.88 751 751 
0.5 0.14 0.8866666666666667 861 861 
0.5 0.14 0.8933333333333333 833 833 
0.5 0.14 0.9 801 801 
0.5 0.14 0.9066666666666666 844 844 
0.5 0.14 0.9133333333333333 806 806 
0.5 0.14 0.92 809 809 
0.5 0.14 0.9266666666666666 791 791 
0.5 0.14 0.9333333333333333 842 842 
0.5 0.14 0.94 810 810 
0.5 0.14 0.9466666666666667 852 852 
0.5 0.14 0.9533333333333334 715 715 
0.5 0.14 0.96 981 981 
0.5 0.14 0.9666666666666667 718 718 
0.5 0.14 0.9733333333333334 715 715 
0.5 0.14 0.98 1293 1293 
0.5 0.14 0.9866666666666667 0 0 
0.5 0.14 0.9933333333333333 0 0 
0.5 0.14666666666666667 0.0 0 0 
0.5 0.14666666666666667 0.006666666666666667 0 0 
0.5 0.14666666666666667 0.013333333333333334 1349 1349 
0.5 0.14666666666666667 0.02 652 652 
0.5 0.14666666666666667 0.02666666666666667 781 781 
0.5 0.14666666666666667 0.03333333333333333 955 955 
0.5 0.14666666666666667 0.04 801 801 
0.5 0.14666666666666667 0.04666666666666667 910 910 
0.5 0.14666666666666667 0.05333333333333334 882 882 
0.5 0.14666666666666667 0.06 821 821 
0.5 0.14666666666666667 0.06666666666666667 824 824 
0.5 0.14666666666666667 0.07333333333333333 802 802 
0.5 0.14666666666666667 0.08 809 809 
0.5 0.14666666666666667 0.08666666666666667 828 828 
0.5 0.14666666666666667 0.09333333333333334 848 848 
0.5 0.14666666666666667 0.1 817 817 
0.5 0.14666666666666667 0.10666666666666667 817 817 
0.5 0.14666666666666667 0.11333333333333333 869 869 
0.5 0.14666666666666667 0.12 790 790 
0.5 0.14666666666666667 0.12666666666666668 837 837 
0.5 0.14666666666666667 0.13333333333333333 828 828 
0.5 0.14666666666666667 0.14 826 826 
0.5 0.14666666666666667 0.14666666666666667 781 781 
0.5 0.14666666666666667 0.15333333333333332 831 831 
0.5 0.14666666666666667 0.16 833 833 
0.5 0.14666666666666667 0.16666666666666666 856 856 
0.5 0.14666666666666667 0.17333333333333334 805 805 
0.5 0.14666666666666667 0.18 842 842 
0.5 0.14666666666666667 0.18666666666666668 832 832 
0.5 0.14666666666666667 0.19333333333333333 814 814 
0.5 0.14666666666666667 0.2 849 849 
0.5 0.14666666666666667 0.20666666666666667 827 827 
0.5 0.14666666666666667 0.21333333333333335 841 841 
0.5 0.14666666666666667 0.22 909 909 
0.5 0.14666666666666667 0.22666666666666666 859 859 
0.5 0.14666666666666667 0.23333333333333334 862 862 
0.5 0.14666666666666667 0.24 838 838 
0.5 0.14666666666666667 0.24666666666666667 872 872 
0.5 0.14666666666666667 0.25333333333333335 812 812 
0.5 0.14666666666666667 0.26 838 838 
0.5 0.14666666666666667 0.26666666666666666 841 841 
0.5 0.14666666666666667 0.2733333333333333 866 866 
0.5 0.14666666666666667 0.28 843 843 
0.5 0.14666666666666667 0.2866666666666667 845 845 
0.5 0.14666666666666667 0.29333333333333333 853 853 
0.5 0.14666666666666667 0.3 836 836 
0.5 0.14666666666666667 0.30666666666666664 789 789 
0.5 0.14666666666666667 0.31333333333333335 827 827 
0.5 0.14666666666666667 0.32 882 882 
0.5 0.14666666666666667 0.32666666666666666 803 803 
0.5 0.14666666666666667 0.3333333333333333 806 806 
0.5 0.14666666666666667 0.34 826 826 
0.5 0.14666666666666667 0.3466666666666667 816 816 
0.5 0.14666666666666667 0.35333333333333333 860 860 
0.5 0.14666666666666667 0.36 860 860 
0.5 0.14666666666666667 0.36666666666666664 833 833 
0.5 0.14666666666666667 0.37333333333333335 835 835 
0.5 0.14666666666666667 0.38 842 842 
0.5 0.14666666666666667 0.38666666666666666 859 859 
0.5 0.14666666666666667 0.3933333333333333 865 865 
0.5 0.14666666666666667 0.4 854 854 
0.5 0.14666666666666667 0.4066666666666667 880 880 
0.5 0.14666666666666667 0.41333333333333333 816 816 
0.5 0.14666666666666667 0.42 840 840 
0.5 0.14666666666666667 0.4266666666666667 852 852 
0.5 0.14666666666666667 0.43333333333333335 849 849 
0.5 0.14666666666666667 0.44 808 808 
0.5 0.14666666666666667 0.44666666666666666 852 852 
0.5 0.14666666666666667 0.4533333333333333 816 816 
0.5 0.14666666666666667 0.46 866 866 
0.5 0.14666666666666667 0.4666666666666667 814 814 
0.5 0.14666666666666667 0.47333333333333333 804 804 
0.5 0.14666666666666667 0.48 850 850 
0.5 0.14666666666666667 0.4866666666666667 857 857 
0.5 0.14666666666666667 0.49333333333333335 804 804 
0.5 0.14666666666666667 0.5 869 869 
0.5 0.14666666666666667 0.5066666666666667 861 861 
0.5 0.14666666666666667 0.5133333333333333 911 911 
0.5 0.14666666666666667 0.52 813 813 
0.5 0.14666666666666667 0.5266666666666666 848 848 
0.5 0.14666666666666667 0.5333333333333333 846 846 
0.5 0.14666666666666667 0.54 832 832 
0.5 0.14666666666666667 0.5466666666666666 842 842 
0.5 0.14666666666666667 0.5533333333333333 832 832 
0.5 0.14666666666666667 0.56 814 814 
0.5 0.14666666666666667 0.5666666666666667 817 817 
0.5 0.14666666666666667 0.5733333333333334 834 834 
0.5 0.14666666666666667 0.58 844 844 
0.5 0.14666666666666667 0.5866666666666667 794 794 
0.5 0.14666666666666667 0.5933333333333334 785 785 
0.5 0.14666666666666667 0.6 831 831 
0.5 0.14666666666666667 0.6066666666666667 835 835 
0.5 0.14666666666666667 0.6133333333333333 820 820 
0.5 0.14666666666666667 0.62 845 845 
0.5 0.14666666666666667 0.6266666666666667 810 810 
0.5 0.14666666666666667 0.6333333333333333 821 821 
0.5 0.14666666666666667 0.64 870 870 
0.5 0.14666666666666667 0.6466666666666666 862 862 
0.5 0.14666666666666667 0.6533333333333333 774 774 
0.5 0.14666666666666667 0.66 831 831 
0.5 0.14666666666666667 0.6666666666666666 824 824 
0.5 0.14666666666666667 0.6733333333333333 810 810 
0.5 0.14666666666666667 0.68 842 842 
0.5 0.14666666666666667 0.6866666666666666 892 892 
0.5 0.14666666666666667 0.6933333333333334 804 804 
0.5 0.14666666666666667 0.7 797 797 
0.5 0.14666666666666667 0.7066666666666667 821 821 
0.5 0.14666666666666667 0.7133333333333334 796 796 
0.5 0.14666666666666667 0.72 851 851 
0.5 0.14666666666666667 0.7266666666666667 823 823 
0.5 0.14666666666666667 0.7333333333333333 860 860 
0.5 0.14666666666666667 0.74 856 856 
0.5 0.14666666666666667 0.7466666666666667 847 847 
0.5 0.14666666666666667 0.7533333333333333 798 798 
0.5 0.14666666666666667 0.76 741 741 
0.5 0.14666666666666667 0.7666666666666667 810 810 
0.5 0.14666666666666667 0.7733333333333333 844 844 
0.5 0.14666666666666667 0.78 876 876 
0.5 0.14666666666666667 0.7866666666666666 850 850 
0.5 0.14666666666666667 0.7933333333333333 871 871 
0.5 0.14666666666666667 0.8 830 830 
0.5 0.14666666666666667 0.8066666666666666 836 836 
0.5 0.14666666666666667 0.8133333333333334 865 865 
0.5 0.14666666666666667 0.82 796 796 
0.5 0.14666666666666667 0.8266666666666667 804 804 
0.5 0.14666666666666667 0.8333333333333334 771 771 
0.5 0.14666666666666667 0.84 820 820 
0.5 0.14666666666666667 0.8466666666666667 814 814 
0.5 0.14666666666666667 0.8533333333333334 798 798 
0.5 0.14666666666666667 0.86 858 858 
0.5 0.14666666666666667 0.8666666666666667 852 852 
0.5 0.14666666666666667 0.8733333333333333 790 790 
0.5 0.14666666666666667 0.88 843 843 
0.5 0.14666666666666667 0.8866666666666667 830 830 
0.5 0.14666666666666667 0.8933333333333333 819 819 
0.5 0.14666666666666667 0.9 849 849 
0.5 0.14666666666666667 0.9066666666666666 835 835 
0.5 0.14666666666666667 0.9133333333333333 821 821 
0.5 0.14666666666666667 0.92 805 805 
0.5 0.14666666666666667 0.9266666666666666 887 887 
0.5 0.14666666666666667 0.9333333333333333 868 868 
0.5 0.14666666666666667 0.94 863 863 
0.5 0.14666666666666667 0.9466666666666667 896 896 
0.5 0.14666666666666667 0.9533333333333334 817 817 
0.5 0.14666666666666667 0.96 971 971 
0.5 0.14666666666666667 0.9666666666666667 735 735 
0.5 0.14666666666666667 0.9733333333333334 699 699 
0.5 0.14666666666666667 0.98 1304 1304 
0.5 0.14666666666666667 0.9866666666666667 0 0 
0.5 0.14666666666666667 0.9933333333333333 0 0 
0.5 0.15333333333333332 0.0 0 0 
0.5 0.15333333333333332 0.006666666666666667 0 0 
0.5 0.15333333333333332 0.013333333333333334 1445 1445 
0.5 0.15333333333333332 0.02 675 675 
0.5 0.15333333333333332 0.02666666666666667 740 740 
0.5 0.15333333333333332 0.03333333333333333 952 952 
0.5 0.15333333333333332 0.04 806 806 
0.5 0.15333333333333332 0.04666666666666667 844 844 
0.5 0.15333333333333332 0.05333333333333334 830 830 
0.5 0.15333333333333332 0.06 859 859 
0.5 0.15333333333333332 0.06666666666666667 873 873 
0.5 0.15333333333333332 0.07333333333333333 820 820 
0.5 0.15333333333333332 0.08 818 818 
0.5 0.15333333333333332 0.08666666666666667 870 870 
0.5 0.15333333333333332 0.09333333333333334 877 877 
0.5 0.15333333333333332 0.1 824 824 
0.5 0.15333333333333332 0.10666666666666667 829 829 
0.5 0.15333333333333332 0.11333333333333333 819 819 
0.5 0.15333333333333332 0.12 861 861 
0.5 0.15333333333333332 0.12666666666666668 842 842 
0.5 0.15333333333333332 0.13333333333333333 834 834 
0.5 0.15333333333333332 0.14 805 805 
0.5 0.15333333333333332 0.14666666666666667 800 800 
0.5 0.15333333333333332 0.15333333333333332 825 825 
0.5 0.15333333333333332 0.16 817 817 
0.5 0.15333333333333332 0.16666666666666666 829 829 
0.5 0.15333333333333332 0.17333333333333334 855 855 
0.5 0.15333333333333332 0.18 828 828 
0.5 0.15333333333333332 0.18666666666666668 814 814 
0.5 0.15333333333333332 0.19333333333333333 877 877 
0.5 0.15333333333333332 0.2 853 853 
0.5 0.15333333333333332 0.20666666666666667 793 793 
0.5 0.15333333333333332 0.21333333333333335 859 859 
0.5 0.15333333333333332 0.22 785 785 
0.5 0.15333333333333332 0.22666666666666666 824 824 
0.5 0.15333333333333332 0.23333333333333334 821 821 
0.5 0.15333333333333332 0.24 820 820 
0.5 0.15333333333333332 0.24666666666666667 827 827 
0.5 0.15333333333333332 0.25333333333333335 869 869 
0.5 0.15333333333333332 0.26 838 838 
0.5 0.15333333333333332 0.26666666666666666 843 843 
0.5 0.15333333333333332 0.2733333333333333 824 824 
0.5 0.15333333333333332 0.28 873 873 
0.5 0.15333333333333332 0.2866666666666667 860 860 
0.5 0.15333333333333332 0.29333333333333333 833 833 
0.5 0.15333333333333332 0.3 839 839 
0.5 0.15333333333333332 0.30666666666666664 790 790 
0.5 0.15333333333333332 0.31333333333333335 836 836 
0.5 0.15333333333333332 0.32 850 850 
0.5 0.15333333333333332 0.32666666666666666 803 803 
0.5 0.15333333333333332 0.3333333333333333 799 799 
0.5 0.15333333333333332 0.34 808 808 
0.5 0.15333333333333332 0.3466666666666667 850 850 
0.5 0.15333333333333332 0.35333333333333333 800 800 
0.5 0.15333333333333332 0.36 749 749 
0.5 0.15333333333333332 0.36666666666666664 834 834 
0.5 0.15333333333333332 0.37333333333333335 855 855 
0.5 0.15333333333333332 0.38 820 820 
0.5 0.15333333333333332 0.38666666666666666 844 844 
0.5 0.15333333333333332 0.3933333333333333 791 791 
0.5 0.15333333333333332 0.4 857 857 
0.5 0.15333333333333332 0.4066666666666667 839 839 
0.5 0.15333333333333332 0.41333333333333333 854 854 
0.5 0.15333333333333332 0.42 809 809 
0.5 0.15333333333333332 0.4266666666666667 859 859 
0.5 0.15333333333333332 0.43333333333333335 850 850 
0.5 0.15333333333333332 0.44 869 869 
0.5 0.15333333333333332 0.44666666666666666 815 815 
0.5 0.15333333333333332 0.4533333333333333 807 807 
0.5 0.15333333333333332 0.46 851 851 
0.5 0.15333333333333332 0.4666666666666667 830 830 
0.5 0.15333333333333332 0.47333333333333333 810 810 
0.5 0.15333333333333332 0.48 821 821 
0.5 0.15333333333333332 0.4866666666666667 814 814 
0.5 0.15333333333333332 0.49333333333333335 880 880 
0.5 0.15333333333333332 0.5 900 900 
0.5 0.15333333333333332 0.5066666666666667 868 868 
0.5 0.15333333333333332 0.5133333333333333 840 840 
0.5 0.15333333333333332 0.52 869 869 
0.5 0.15333333333333332 0.5266666666666666 797 797 
0.5 0.15333333333333332 0.5333333333333333 831 831 
0.5 0.15333333333333332 0.54 863 863 
0.5 0.15333333333333332 0.5466666666666666 919 919 
0.5 0.15333333333333332 0.5533333333333333 844 844 
0.5 0.15333333333333332 0.56 834 834 
0.5 0.15333333333333332 0.5666666666666667 859 859 
0.5 0.15333333333333332 0.5733333333333334 801 801 
0.5 0.15333333333333332 0.58 866 866 
0.5 0.15333333333333332 0.5866666666666667 795 795 
0.5 0.15333333333333332 0.5933333333333334 827 827 
0.5 0.15333333333333332 0.6 828 828 
0.5 0.15333333333333332 0.6066666666666667 839 839 
0.5 0.15333333333333332 0.6133333333333333 884 884 
0.5 0.15333333333333332 0.62 830 830 
0.5 0.15333333333333332 0.6266666666666667 883 883 
0.5 0.15333333333333332 0.6333333333333333 827 827 
0.5 0.15333333333333332 0.64 851 851 
0.5 0.15333333333333332 0.6466666666666666 835 835 
0.5 0.15333333333333332 0.6533333333333333 829 829 
0.5 0.15333333333333332 0.66 820 820 
0.5 0.15333333333333332 0.6666666666666666 830 830 
0.5 0.15333333333333332 0.6733333333333333 821 821 
0.5 0.15333333333333332 0.68 865 865 
0.5 0.15333333333333332 0.6866666666666666 880 880 
0.5 0.15333333333333332 0.6933333333333334 794 794 
0.5 0.15333333333333332 0.7 861 861 
0.5 0.15333333333333332 0.7066666666666667 804 804 
0.5 0.15333333333333332 0.7133333333333334 856 856 
0.5 0.15333333333333332 0.72 897 897 
0.5 0.15333333333333332 0.7266666666666667 824 824 
0.5 0.15333333333333332 0.7333333333333333 834 834 
0.5 0.15333333333333332 0.74 836 836 
0.5 0.15333333333333332 0.7466666666666667 873 873 
0.5 0.15333333333333332 0.7533333333333333 818 818 
0.5 0.15333333333333332 0.76 900 900 
0.5 0.15333333333333332 0.7666666666666667 846 846 
0.5 0.15333333333333332 0.7733333333333333 804 804 
0.5 0.15333333333333332 0.78 860 860 
0.5 0.15333333333333332 0.7866666666666666 888 888 
0.5 0.15333333333333332 0.7933333333333333 800 800 
0.5 0.15333333333333332 0.8 885 885 
0.5 0.15333333333333332 0.8066666666666666 822 822 
0.5 0.15333333333333332 0.8133333333333334 820 820 
0.5 0.15333333333333332 0.82 790 790 
0.5 0.15333333333333332 0.8266666666666667 862 862 
0.5 0.15333333333333332 0.8333333333333334 851 851 
0.5 0.15333333333333332 0.84 865 865 
0.5 0.15333333333333332 0.8466666666666667 891 891 
0.5 0.15333333333333332 0.8533333333333334 815 815 
0.5 0.15333333333333332 0.86 786 786 
0.5 0.15333333333333332 0.8666666666666667 818 818 
0.5 0.15333333333333332 0.8733333333333333 821 821 
0.5 0.15333333333333332 0.88 837 837 
0.5 0.15333333333333332 0.8866666666666667 808 808 
0.5 0.15333333333333332 0.8933333333333333 884 884 
0.5 0.15333333333333332 0.9 861 861 
0.5 0.15333333333333332 0.9066666666666666 827 827 
0.5 0.15333333333333332 0.9133333333333333 897 897 
0.5 0.15333333333333332 0.92 847 847 
0.5 0.15333333333333332 0.9266666666666666 805 805 
0.5 0.15333333333333332 0.9333333333333333 820 820 
0.5 0.15333333333333332 0.94 871 871 
0.5 0.15333333333333332 0.9466666666666667 946 946 
0.5 0.15333333333333332 0.9533333333333334 760 760 
0.5 0.15333333333333332 0.96 1020 1020 
0.5 0.15333333333333332 0.9666666666666667 742 742 
0.5 0.15333333333333332 0.9733333333333334 705 705 
0.5 0.15333333333333332 0.98 1342 1342 
0.5 0.15333333333333332 0.9866666666666667 0 0 
0.5 0.15333333333333332 0.9933333333333333 0 0 
0.5 0.16 0.0 0 0 
0.5 0.16 0.006666666666666667 0 0 
0.5 0.16 0.013333333333333334 1375 1375 
0.5 0.16 0.02 674 674 
0.5 0.16 0.02666666666666667 754 754 
0.5 0.16 0.03333333333333333 996 996 
0.5 0.16 0.04 785 785 
0.5 0.16 0.04666666666666667 889 889 
0.5 0.16 0.05333333333333334 827 827 
0.5 0.16 0.06 798 798 
0.5 0.16 0.06666666666666667 868 868 
0.5 0.16 0.07333333333333333 808 808 
0.5 0.16 0.08 848 848 
0.5 0.16 0.08666666666666667 777 777 
0.5 0.16 0.09333333333333334 845 845 
0.5 0.16 0.1 851 851 
0.5 0.16 0.10666666666666667 828 828 
0.5 0.16 0.11333333333333333 867 867 
0.5 0.16 0.12 833 833 
0.5 0.16 0.12666666666666668 831 831 
0.5 0.16 0.13333333333333333 848 848 
0.5 0.16 0.14 864 864 
0.5 0.16 0.14666666666666667 899 899 
0.5 0.16 0.15333333333333332 864 864 
0.5 0.16 0.16 773 773 
0.5 0.16 0.16666666666666666 849 849 
0.5 0.16 0.17333333333333334 765 765 
0.5 0.16 0.18 795 795 
0.5 0.16 0.18666666666666668 825 825 
0.5 0.16 0.19333333333333333 832 832 
0.5 0.16 0.2 826 826 
0.5 0.16 0.20666666666666667 804 804 
0.5 0.16 0.21333333333333335 818 818 
0.5 0.16 0.22 854 854 
0.5 0.16 0.22666666666666666 875 875 
0.5 0.16 0.23333333333333334 795 795 
0.5 0.16 0.24 820 820 
0.5 0.16 0.24666666666666667 844 844 
0.5 0.16 0.25333333333333335 833 833 
0.5 0.16 0.26 818 818 
0.5 0.16 0.26666666666666666 850 850 
0.5 0.16 0.2733333333333333 836 836 
0.5 0.16 0.28 802 802 
0.5 0.16 0.2866666666666667 873 873 
0.5 0.16 0.29333333333333333 751 751 
0.5 0.16 0.3 836 836 
0.5 0.16 0.30666666666666664 843 843 
0.5 0.16 0.31333333333333335 886 886 
0.5 0.16 0.32 870 870 
0.5 0.16 0.32666666666666666 830 830 
0.5 0.16 0.3333333333333333 829 829 
0.5 0.16 0.34 890 890 
0.5 0.16 0.3466666666666667 818 818 
0.5 0.16 0.35333333333333333 813 813 
0.5 0.16 0.36 814 814 
0.5 0.16 0.36666666666666664 817 817 
0.5 0.16 0.37333333333333335 842 842 
0.5 0.16 0.38 815 815 
0.5 0.16 0.38666666666666666 818 818 
0.5 0.16 0.3933333333333333 851 851 
0.5 0.16 0.4 839 839 
0.5 0.16 0.4066666666666667 819 819 
0.5 0.16 0.41333333333333333 820 820 
0.5 0.16 0.42 823 823 
0.5 0.16 0.4266666666666667 828 828 
0.5 0.16 0.43333333333333335 799 799 
0.5 0.16 0.44 804 804 
0.5 0.16 0.44666666666666666 882 882 
0.5 0.16 0.4533333333333333 814 814 
0.5 0.16 0.46 868 868 
0.5 0.16 0.4666666666666667 816 816 
0.5 0.16 0.47333333333333333 858 858 
0.5 0.16 0.48 860 860 
0.5 0.16 0.4866666666666667 855 855 
0.5 0.16 0.49333333333333335 851 851 
0.5 0.16 0.5 810 810 
0.5 0.16 0.5066666666666667 857 857 
0.5 0.16 0.5133333333333333 839 839 
0.5 0.16 0.52 816 816 
0.5 0.16 0.5266666666666666 826 826 
0.5 0.16 0.5333333333333333 878 878 
0.5 0.16 0.54 855 855 
0.5 0.16 0.5466666666666666 852 852 
0.5 0.16 0.5533333333333333 857 857 
0.5 0.16 0.56 829 829 
0.5 0.16 0.5666666666666667 847 847 
0.5 0.16 0.5733333333333334 842 842 
0.5 0.16 0.58 801 801 
0.5 0.16 0.5866666666666667 861 861 
0.5 0.16 0.5933333333333334 833 833 
0.5 0.16 0.6 818 818 
0.5 0.16 0.6066666666666667 832 832 
0.5 0.16 0.6133333333333333 787 787 
0.5 0.16 0.62 876 876 
0.5 0.16 0.6266666666666667 800 800 
0.5 0.16 0.6333333333333333 807 807 
0.5 0.16 0.64 826 826 
0.5 0.16 0.6466666666666666 853 853 
0.5 0.16 0.6533333333333333 901 901 
0.5 0.16 0.66 870 870 
0.5 0.16 0.6666666666666666 833 833 
0.5 0.16 0.6733333333333333 838 838 
0.5 0.16 0.68 840 840 
0.5 0.16 0.6866666666666666 873 873 
0.5 0.16 0.6933333333333334 873 873 
0.5 0.16 0.7 869 869 
0.5 0.16 0.7066666666666667 798 798 
0.5 0.16 0.7133333333333334 838 838 
0.5 0.16 0.72 818 818 
0.5 0.16 0.7266666666666667 850 850 
0.5 0.16 0.7333333333333333 851 851 
0.5 0.16 0.74 832 832 
0.5 0.16 0.7466666666666667 861 861 
0.5 0.16 0.7533333333333333 838 838 
0.5 0.16 0.76 835 835 
0.5 0.16 0.7666666666666667 847 847 
0.5 0.16 0.7733333333333333 850 850 
0.5 0.16 0.78 829 829 
0.5 0.16 0.7866666666666666 804 804 
0.5 0.16 0.7933333333333333 852 852 
0.5 0.16 0.8 834 834 
0.5 0.16 0.8066666666666666 848 848 
0.5 0.16 0.8133333333333334 863 863 
0.5 0.16 0.82 849 849 
0.5 0.16 0.8266666666666667 798 798 
0.5 0.16 0.8333333333333334 850 850 
0.5 0.16 0.84 844 844 
0.5 0.16 0.8466666666666667 827 827 
0.5 0.16 0.8533333333333334 797 797 
0.5 0.16 0.86 830 830 
0.5 0.16 0.8666666666666667 832 832 
0.5 0.16 0.8733333333333333 812 812 
0.5 0.16 0.88 823 823 
0.5 0.16 0.8866666666666667 821 821 
0.5 0.16 0.8933333333333333 882 882 
0.5 0.16 0.9 893 893 
0.5 0.16 0.9066666666666666 842 842 
0.5 0.16 0.9133333333333333 835 835 
0.5 0.16 0.92 849 849 
0.5 0.16 0.9266666666666666 887 887 
0.5 0.16 0.9333333333333333 886 886 
0.5 0.16 0.94 873 873 
0.5 0.16 0.9466666666666667 870 870 
0.5 0.16 0.9533333333333334 844 844 
0.5 0.16 0.96 957 957 
0.5 0.16 0.9666666666666667 745 745 
0.5 0.16 0.9733333333333334 692 692 
0.5 0.16 0.98 1319 1319 
0.5 0.16 0.9866666666666667 0 0 
0.5 0.16 0.9933333333333333 0 0 
0.5 0.16666666666666666 0.0 0 0 
0.5 0.16666666666666666 0.006666666666666667 0 0 
0.5 0.16666666666666666 0.013333333333333334 1390 1390 
0.5 0.16666666666666666 0.02 655 655 
0.5 0.16666666666666666 0.02666666666666667 746 746 
0.5 0.16666666666666666 0.03333333333333333 972 972 
0.5 0.16666666666666666 0.04 827 827 
0.5 0.16666666666666666 0.04666666666666667 892 892 
0.5 0.16666666666666666 0.05333333333333334 854 854 
0.5 0.16666666666666666 0.06 848 848 
0.5 0.16666666666666666 0.06666666666666667 901 901 
0.5 0.16666666666666666 0.07333333333333333 823 823 
0.5 0.16666666666666666 0.08 819 819 
0.5 0.16666666666666666 0.08666666666666667 815 815 
0.5 0.16666666666666666 0.09333333333333334 851 851 
0.5 0.16666666666666666 0.1 804 804 
0.5 0.16666666666666666 0.10666666666666667 902 902 
0.5 0.16666666666666666 0.11333333333333333 850 850 
0.5 0.16666666666666666 0.12 841 841 
0.5 0.16666666666666666 0.12666666666666668 860 860 
0.5 0.16666666666666666 0.13333333333333333 825 825 
0.5 0.16666666666666666 0.14 828 828 
0.5 0.16666666666666666 0.14666666666666667 871 871 
0.5 0.16666666666666666 0.15333333333333332 824 824 
0.5 0.16666666666666666 0.16 849 849 
0.5 0.16666666666666666 0.16666666666666666 857 857 
0.5 0.16666666666666666 0.17333333333333334 891 891 
0.5 0.16666666666666666 0.18 845 845 
0.5 0.16666666666666666 0.18666666666666668 836 836 
0.5 0.16666666666666666 0.19333333333333333 823 823 
0.5 0.16666666666666666 0.2 827 827 
0.5 0.16666666666666666 0.20666666666666667 842 842 
0.5 0.16666666666666666 0.21333333333333335 811 811 
0.5 0.16666666666666666 0.22 804 804 
0.5 0.16666666666666666 0.22666666666666666 820 820 
0.5 0.16666666666666666 0.23333333333333334 856 856 
0.5 0.16666666666666666 0.24 823 823 
0.5 0.16666666666666666 0.24666666666666667 850 850 
0.5 0.16666666666666666 0.25333333333333335 838 838 
0.5 0.16666666666666666 0.26 824 824 
0.5 0.16666666666666666 0.26666666666666666 880 880 
0.5 0.16666666666666666 0.2733333333333333 856 856 
0.5 0.16666666666666666 0.28 849 849 
0.5 0.16666666666666666 0.2866666666666667 797 797 
0.5 0.16666666666666666 0.29333333333333333 799 799 
0.5 0.16666666666666666 0.3 793 793 
0.5 0.16666666666666666 0.30666666666666664 815 815 
0.5 0.16666666666666666 0.31333333333333335 794 794 
0.5 0.16666666666666666 0.32 838 838 
0.5 0.16666666666666666 0.32666666666666666 887 887 
0.5 0.16666666666666666 0.3333333333333333 878 878 
0.5 0.16666666666666666 0.34 849 849 
0.5 0.16666666666666666 0.3466666666666667 837 837 
0.5 0.16666666666666666 0.35333333333333333 852 852 
0.5 0.16666666666666666 0.36 861 861 
0.5 0.16666666666666666 0.36666666666666664 871 871 
0.5 0.16666666666666666 0.37333333333333335 849 849 
0.5 0.16666666666666666 0.38 850 850 
0.5 0.16666666666666666 0.38666666666666666 844 844 
0.5 0.16666666666666666 0.3933333333333333 874 874 
0.5 0.16666666666666666 0.4 872 872 
0.5 0.16666666666666666 0.4066666666666667 832 832 
0.5 0.16666666666666666 0.41333333333333333 848 848 
0.5 0.16666666666666666 0.42 870 870 
0.5 0.16666666666666666 0.4266666666666667 868 868 
0.5 0.16666666666666666 0.43333333333333335 822 822 
0.5 0.16666666666666666 0.44 828 828 
0.5 0.16666666666666666 0.44666666666666666 878 878 
0.5 0.16666666666666666 0.4533333333333333 813 813 
0.5 0.16666666666666666 0.46 830 830 
0.5 0.16666666666666666 0.4666666666666667 880 880 
0.5 0.16666666666666666 0.47333333333333333 798 798 
0.5 0.16666666666666666 0.48 853 853 
0.5 0.16666666666666666 0.4866666666666667 861 861 
0.5 0.16666666666666666 0.49333333333333335 791 791 
0.5 0.16666666666666666 0.5 834 834 
0.5 0.16666666666666666 0.5066666666666667 840 840 
0.5 0.16666666666666666 0.5133333333333333 862 862 
0.5 0.16666666666666666 0.52 847 847 
0.5 0.16666666666666666 0.5266666666666666 854 854 
0.5 0.16666666666666666 0.5333333333333333 812 812 
0.5 0.16666666666666666 0.54 806 806 
0.5 0.16666666666666666 0.5466666666666666 858 858 
0.5 0.16666666666666666 0.5533333333333333 811 811 
0.5 0.16666666666666666 0.56 853 853 
0.5 0.16666666666666666 0.5666666666666667 855 855 
0.5 0.16666666666666666 0.5733333333333334 828 828 
0.5 0.16666666666666666 0.58 901 901 
0.5 0.16666666666666666 0.5866666666666667 813 813 
0.5 0.16666666666666666 0.5933333333333334 877 877 
0.5 0.16666666666666666 0.6 841 841 
0.5 0.16666666666666666 0.6066666666666667 819 819 
0.5 0.16666666666666666 0.6133333333333333 845 845 
0.5 0.16666666666666666 0.62 824 824 
0.5 0.16666666666666666 0.6266666666666667 800 800 
0.5 0.16666666666666666 0.6333333333333333 820 820 
0.5 0.16666666666666666 0.64 846 846 
0.5 0.16666666666666666 0.6466666666666666 796 796 
0.5 0.16666666666666666 0.6533333333333333 902 902 
0.5 0.16666666666666666 0.66 797 797 
0.5 0.16666666666666666 0.6666666666666666 841 841 
0.5 0.16666666666666666 0.6733333333333333 823 823 
0.5 0.16666666666666666 0.68 845 845 
0.5 0.16666666666666666 0.6866666666666666 867 867 
0.5 0.16666666666666666 0.6933333333333334 853 853 
0.5 0.16666666666666666 0.7 853 853 
0.5 0.16666666666666666 0.7066666666666667 894 894 
0.5 0.16666666666666666 0.7133333333333334 883 883 
0.5 0.16666666666666666 0.72 831 831 
0.5 0.16666666666666666 0.7266666666666667 906 906 
0.5 0.16666666666666666 0.7333333333333333 817 817 
0.5 0.16666666666666666 0.74 855 855 
0.5 0.16666666666666666 0.7466666666666667 841 841 
0.5 0.16666666666666666 0.7533333333333333 851 851 
0.5 0.16666666666666666 0.76 838 838 
0.5 0.16666666666666666 0.7666666666666667 783 783 
0.5 0.16666666666666666 0.7733333333333333 846 846 
0.5 0.16666666666666666 0.78 789 789 
0.5 0.16666666666666666 0.7866666666666666 873 873 
0.5 0.16666666666666666 0.7933333333333333 827 827 
0.5 0.16666666666666666 0.8 844 844 
0.5 0.16666666666666666 0.8066666666666666 829 829 
0.5 0.16666666666666666 0.8133333333333334 831 831 
0.5 0.16666666666666666 0.82 889 889 
0.5 0.16666666666666666 0.8266666666666667 886 886 
0.5 0.16666666666666666 0.8333333333333334 856 856 
0.5 0.16666666666666666 0.84 850 850 
0.5 0.16666666666666666 0.8466666666666667 804 804 
0.5 0.16666666666666666 0.8533333333333334 832 832 
0.5 0.16666666666666666 0.86 872 872 
0.5 0.16666666666666666 0.8666666666666667 901 901 
0.5 0.16666666666666666 0.8733333333333333 854 854 
0.5 0.16666666666666666 0.88 837 837 
0.5 0.16666666666666666 0.8866666666666667 900 900 
0.5 0.16666666666666666 0.8933333333333333 857 857 
0.5 0.16666666666666666 0.9 889 889 
0.5 0.16666666666666666 0.9066666666666666 869 869 
0.5 0.16666666666666666 0.9133333333333333 850 850 
0.5 0.16666666666666666 0.92 875 875 
0.5 0.16666666666666666 0.9266666666666666 890 890 
0.5 0.16666666666666666 0.9333333333333333 888 888 
0.5 0.16666666666666666 0.94 854 854 
0.5 0.16666666666666666 0.9466666666666667 947 947 
0.5 0.16666666666666666 0.9533333333333334 818 818 
0.5 0.16666666666666666 0.96 974 974 
0.5 0.16666666666666666 0.9666666666666667 730 730 
0.5 0.16666666666666666 0.9733333333333334 693 693 
0.5 0.16666666666666666 0.98 1381 1381 
0.5 0.16666666666666666 0.9866666666666667 0 0 
0.5 0.16666666666666666 0.9933333333333333 0 0 
0.5 0.17333333333333334 0.0 0 0 
0.5 0.17333333333333334 0.006666666666666667 0 0 
0.5 0.17333333333333334 0.013333333333333334 1380 1380 
0.5 0.17333333333333334 0.02 734 734 
0.5 0.17333333333333334 0.02666666666666667 704 704 
0.5 0.17333333333333334 0.03333333333333333 974 974 
0.5 0.17333333333333334 0.04 737 737 
0.5 0.17333333333333334 0.04666666666666667 902 902 
0.5 0.17333333333333334 0.05333333333333334 825 825 
0.5 0.17333333333333334 0.06 803 803 
0.5 0.17333333333333334 0.06666666666666667 874 874 
0.5 0.17333333333333334 0.07333333333333333 849 849 
0.5 0.17333333333333334 0.08 863 863 
0.5 0.17333333333333334 0.08666666666666667 834 834 
0.5 0.17333333333333334 0.09333333333333334 870 870 
0.5 0.17333333333333334 0.1 860 860 
0.5 0.17333333333333334 0.10666666666666667 816 816 
0.5 0.17333333333333334 0.11333333333333333 837 837 
0.5 0.17333333333333334 0.12 847 847 
0.5 0.17333333333333334 0.12666666666666668 873 873 
0.5 0.17333333333333334 0.13333333333333333 833 833 
0.5 0.17333333333333334 0.14 810 810 
0.5 0.17333333333333334 0.14666666666666667 773 773 
0.5 0.17333333333333334 0.15333333333333332 842 842 
0.5 0.17333333333333334 0.16 858 858 
0.5 0.17333333333333334 0.16666666666666666 785 785 
0.5 0.17333333333333334 0.17333333333333334 858 858 
0.5 0.17333333333333334 0.18 773 773 
0.5 0.17333333333333334 0.18666666666666668 770 770 
0.5 0.17333333333333334 0.19333333333333333 835 835 
0.5 0.17333333333333334 0.2 833 833 
0.5 0.17333333333333334 0.20666666666666667 807 807 
0.5 0.17333333333333334 0.21333333333333335 839 839 
0.5 0.17333333333333334 0.22 797 797 
0.5 0.17333333333333334 0.22666666666666666 865 865 
0.5 0.17333333333333334 0.23333333333333334 805 805 
0.5 0.17333333333333334 0.24 852 852 
0.5 0.17333333333333334 0.24666666666666667 824 824 
0.5 0.17333333333333334 0.25333333333333335 834 834 
0.5 0.17333333333333334 0.26 831 831 
0.5 0.17333333333333334 0.26666666666666666 814 814 
0.5 0.17333333333333334 0.2733333333333333 829 829 
0.5 0.17333333333333334 0.28 861 861 
0.5 0.17333333333333334 0.2866666666666667 892 892 
0.5 0.17333333333333334 0.29333333333333333 846 846 
0.5 0.17333333333333334 0.3 869 869 
0.5 0.17333333333333334 0.30666666666666664 857 857 
0.5 0.17333333333333334 0.31333333333333335 798 798 
0.5 0.17333333333333334 0.32 845 845 
0.5 0.17333333333333334 0.32666666666666666 890 890 
0.5 0.17333333333333334 0.3333333333333333 854 854 
0.5 0.17333333333333334 0.34 794 794 
0.5 0.17333333333333334 0.3466666666666667 822 822 
0.5 0.17333333333333334 0.35333333333333333 869 869 
0.5 0.17333333333333334 0.36 827 827 
0.5 0.17333333333333334 0.36666666666666664 827 827 
0.5 0.17333333333333334 0.37333333333333335 853 853 
0.5 0.17333333333333334 0.38 844 844 
0.5 0.17333333333333334 0.38666666666666666 824 824 
0.5 0.17333333333333334 0.3933333333333333 829 829 
0.5 0.17333333333333334 0.4 873 873 
0.5 0.17333333333333334 0.4066666666666667 833 833 
0.5 0.17333333333333334 0.41333333333333333 816 816 
0.5 0.17333333333333334 0.42 848 848 
0.5 0.17333333333333334 0.4266666666666667 787 787 
0.5 0.17333333333333334 0.43333333333333335 810 810 
0.5 0.17333333333333334 0.44 827 827 
0.5 0.17333333333333334 0.44666666666666666 848 848 
0.5 0.17333333333333334 0.4533333333333333 844 844 
0.5 0.17333333333333334 0.46 846 846 
0.5 0.17333333333333334 0.4666666666666667 865 865 
0.5 0.17333333333333334 0.47333333333333333 908 908 
0.5 0.17333333333333334 0.48 823 823 
0.5 0.17333333333333334 0.4866666666666667 872 872 
0.5 0.17333333333333334 0.49333333333333335 895 895 
0.5 0.17333333333333334 0.5 833 833 
0.5 0.17333333333333334 0.5066666666666667 869 869 
0.5 0.17333333333333334 0.5133333333333333 858 858 
0.5 0.17333333333333334 0.52 846 846 
0.5 0.17333333333333334 0.5266666666666666 817 817 
0.5 0.17333333333333334 0.5333333333333333 858 858 
0.5 0.17333333333333334 0.54 794 794 
0.5 0.17333333333333334 0.5466666666666666 793 793 
0.5 0.17333333333333334 0.5533333333333333 892 892 
0.5 0.17333333333333334 0.56 873 873 
0.5 0.17333333333333334 0.5666666666666667 863 863 
0.5 0.17333333333333334 0.5733333333333334 801 801 
0.5 0.17333333333333334 0.58 798 798 
0.5 0.17333333333333334 0.5866666666666667 871 871 
0.5 0.17333333333333334 0.5933333333333334 839 839 
0.5 0.17333333333333334 0.6 862 862 
0.5 0.17333333333333334 0.6066666666666667 835 835 
0.5 0.17333333333333334 0.6133333333333333 849 849 
0.5 0.17333333333333334 0.62 794 794 
0.5 0.17333333333333334 0.6266666666666667 863 863 
0.5 0.17333333333333334 0.6333333333333333 832 832 
0.5 0.17333333333333334 0.64 865 865 
0.5 0.17333333333333334 0.6466666666666666 871 871 
0.5 0.17333333333333334 0.6533333333333333 853 853 
0.5 0.17333333333333334 0.66 829 829 
0.5 0.17333333333333334 0.6666666666666666 845 845 
0.5 0.17333333333333334 0.6733333333333333 861 861 
0.5 0.17333333333333334 0.68 817 817 
0.5 0.17333333333333334 0.6866666666666666 886 886 
0.5 0.17333333333333334 0.6933333333333334 811 811 
0.5 0.17333333333333334 0.7 885 885 
0.5 0.17333333333333334 0.7066666666666667 818 818 
0.5 0.17333333333333334 0.7133333333333334 884 884 
0.5 0.17333333333333334 0.72 820 820 
0.5 0.17333333333333334 0.7266666666666667 856 856 
0.5 0.17333333333333334 0.7333333333333333 845 845 
0.5 0.17333333333333334 0.74 859 859 
0.5 0.17333333333333334 0.7466666666666667 849 849 
0.5 0.17333333333333334 0.7533333333333333 859 859 
0.5 0.17333333333333334 0.76 840 840 
0.5 0.17333333333333334 0.7666666666666667 820 820 
0.5 0.17333333333333334 0.7733333333333333 811 811 
0.5 0.17333333333333334 0.78 834 834 
0.5 0.17333333333333334 0.7866666666666666 807 807 
0.5 0.17333333333333334 0.7933333333333333 841 841 
0.5 0.17333333333333334 0.8 775 775 
0.5 0.17333333333333334 0.8066666666666666 848 848 
0.5 0.17333333333333334 0.8133333333333334 802 802 
0.5 0.17333333333333334 0.82 895 895 
0.5 0.17333333333333334 0.8266666666666667 823 823 
0.5 0.17333333333333334 0.8333333333333334 840 840 
0.5 0.17333333333333334 0.84 877 877 
0.5 0.17333333333333334 0.8466666666666667 878 878 
0.5 0.17333333333333334 0.8533333333333334 874 874 
0.5 0.17333333333333334 0.86 921 921 
0.5 0.17333333333333334 0.8666666666666667 910 910 
0.5 0.17333333333333334 0.8733333333333333 866 866 
0.5 0.17333333333333334 0.88 855 855 
0.5 0.17333333333333334 0.8866666666666667 858 858 
0.5 0.17333333333333334 0.8933333333333333 821 821 
0.5 0.17333333333333334 0.9 878 878 
0.5 0.17333333333333334 0.9066666666666666 838 838 
0.5 0.17333333333333334 0.9133333333333333 871 871 
0.5 0.17333333333333334 0.92 867 867 
0.5 0.17333333333333334 0.9266666666666666 854 854 
0.5 0.17333333333333334 0.9333333333333333 881 881 
0.5 0.17333333333333334 0.94 865 865 
0.5 0.17333333333333334 0.9466666666666667 917 917 
0.5 0.17333333333333334 0.9533333333333334 774 774 
0.5 0.17333333333333334 0.96 1035 1035 
0.5 0.17333333333333334 0.9666666666666667 756 756 
0.5 0.17333333333333334 0.9733333333333334 681 681 
0.5 0.17333333333333334 0.98 1335 1335 
0.5 0.17333333333333334 0.9866666666666667 0 0 
0.5 0.17333333333333334 0.9933333333333333 0 0 
0.5 0.18 0.0 0 0 
0.5 0.18 0.006666666666666667 0 0 
0.5 0.18 0.013333333333333334 1368 1368 
0.5 0.18 0.02 742 742 
0.5 0.18 0.02666666666666667 732 732 
0.5 0.18 0.03333333333333333 977 977 
0.5 0.18 0.04 766 766 
0.5 0.18 0.04666666666666667 833 833 
0.5 0.18 0.05333333333333334 846 846 
0.5 0.18 0.06 844 844 
0.5 0.18 0.06666666666666667 877 877 
0.5 0.18 0.07333333333333333 898 898 
0.5 0.18 0.08 911 911 
0.5 0.18 0.08666666666666667 856 856 
0.5 0.18 0.09333333333333334 893 893 
0.5 0.18 0.1 825 825 
0.5 0.18 0.10666666666666667 864 864 
0.5 0.18 0.11333333333333333 835 835 
0.5 0.18 0.12 834 834 
0.5 0.18 0.12666666666666668 823 823 
0.5 0.18 0.13333333333333333 855 855 
0.5 0.18 0.14 880 880 
0.5 0.18 0.14666666666666667 864 864 
0.5 0.18 0.15333333333333332 784 784 
0.5 0.18 0.16 897 897 
0.5 0.18 0.16666666666666666 817 817 
0.5 0.18 0.17333333333333334 855 855 
0.5 0.18 0.18 814 814 
0.5 0.18 0.18666666666666668 818 818 
0.5 0.18 0.19333333333333333 870 870 
0.5 0.18 0.2 866 866 
0.5 0.18 0.20666666666666667 809 809 
0.5 0.18 0.21333333333333335 845 845 
0.5 0.18 0.22 787 787 
0.5 0.18 0.22666666666666666 885 885 
0.5 0.18 0.23333333333333334 865 865 
0.5 0.18 0.24 845 845 
0.5 0.18 0.24666666666666667 775 775 
0.5 0.18 0.25333333333333335 821 821 
0.5 0.18 0.26 811 811 
0.5 0.18 0.26666666666666666 894 894 
0.5 0.18 0.2733333333333333 849 849 
0.5 0.18 0.28 855 855 
0.5 0.18 0.2866666666666667 843 843 
0.5 0.18 0.29333333333333333 845 845 
0.5 0.18 0.3 839 839 
0.5 0.18 0.30666666666666664 867 867 
0.5 0.18 0.31333333333333335 820 820 
0.5 0.18 0.32 864 864 
0.5 0.18 0.32666666666666666 836 836 
0.5 0.18 0.3333333333333333 831 831 
0.5 0.18 0.34 876 876 
0.5 0.18 0.3466666666666667 836 836 
0.5 0.18 0.35333333333333333 838 838 
0.5 0.18 0.36 818 818 
0.5 0.18 0.36666666666666664 859 859 
0.5 0.18 0.37333333333333335 837 837 
0.5 0.18 0.38 840 840 
0.5 0.18 0.38666666666666666 854 854 
0.5 0.18 0.3933333333333333 815 815 
0.5 0.18 0.4 843 843 
0.5 0.18 0.4066666666666667 812 812 
0.5 0.18 0.41333333333333333 829 829 
0.5 0.18 0.42 782 782 
0.5 0.18 0.4266666666666667 840 840 
0.5 0.18 0.43333333333333335 846 846 
0.5 0.18 0.44 843 843 
0.5 0.18 0.44666666666666666 810 810 
0.5 0.18 0.4533333333333333 812 812 
0.5 0.18 0.46 838 838 
0.5 0.18 0.4666666666666667 861 861 
0.5 0.18 0.47333333333333333 811 811 
0.5 0.18 0.48 837 837 
0.5 0.18 0.4866666666666667 788 788 
0.5 0.18 0.49333333333333335 870 870 
0.5 0.18 0.5 807 807 
0.5 0.18 0.5066666666666667 794 794 
0.5 0.18 0.5133333333333333 822 822 
0.5 0.18 0.52 832 832 
0.5 0.18 0.5266666666666666 798 798 
0.5 0.18 0.5333333333333333 842 842 
0.5 0.18 0.54 822 822 
0.5 0.18 0.5466666666666666 835 835 
0.5 0.18 0.5533333333333333 882 882 
0.5 0.18 0.56 851 851 
0.5 0.18 0.5666666666666667 841 841 
0.5 0.18 0.5733333333333334 838 838 
0.5 0.18 0.58 824 824 
0.5 0.18 0.5866666666666667 801 801 
0.5 0.18 0.5933333333333334 878 878 
0.5 0.18 0.6 820 820 
0.5 0.18 0.6066666666666667 785 785 
0.5 0.18 0.6133333333333333 816 816 
0.5 0.18 0.62 808 808 
0.5 0.18 0.6266666666666667 859 859 
0.5 0.18 0.6333333333333333 825 825 
0.5 0.18 0.64 865 865 
0.5 0.18 0.6466666666666666 917 917 
0.5 0.18 0.6533333333333333 845 845 
0.5 0.18 0.66 859 859 
0.5 0.18 0.6666666666666666 846 846 
0.5 0.18 0.6733333333333333 819 819 
0.5 0.18 0.68 843 843 
0.5 0.18 0.6866666666666666 851 851 
0.5 0.18 0.6933333333333334 820 820 
0.5 0.18 0.7 870 870 
0.5 0.18 0.7066666666666667 821 821 
0.5 0.18 0.7133333333333334 817 817 
0.5 0.18 0.72 862 862 
0.5 0.18 0.7266666666666667 864 864 
0.5 0.18 0.7333333333333333 851 851 
0.5 0.18 0.74 802 802 
0.5 0.18 0.7466666666666667 832 832 
0.5 0.18 0.7533333333333333 815 815 
0.5 0.18 0.76 874 874 
0.5 0.18 0.7666666666666667 882 882 
0.5 0.18 0.7733333333333333 843 843 
0.5 0.18 0.78 880 880 
0.5 0.18 0.7866666666666666 827 827 
0.5 0.18 0.7933333333333333 827 827 
0.5 0.18 0.8 868 868 
0.5 0.18 0.8066666666666666 831 831 
0.5 0.18 0.8133333333333334 830 830 
0.5 0.18 0.82 892 892 
0.5 0.18 0.8266666666666667 828 828 
0.5 0.18 0.8333333333333334 838 838 
0.5 0.18 0.84 878 878 
0.5 0.18 0.8466666666666667 823 823 
0.5 0.18 0.8533333333333334 868 868 
0.5 0.18 0.86 861 861 
0.5 0.18 0.8666666666666667 846 846 
0.5 0.18 0.8733333333333333 904 904 
0.5 0.18 0.88 832 832 
0.5 0.18 0.8866666666666667 849 849 
0.5 0.18 0.8933333333333333 863 863 
0.5 0.18 0.9 858 858 
0.5 0.18 0.9066666666666666 878 878 
0.5 0.18 0.9133333333333333 826 826 
0.5 0.18 0.92 851 851 
0.5 0.18 0.9266666666666666 844 844 
0.5 0.18 0.9333333333333333 834 834 
0.5 0.18 0.94 885 885 
0.5 0.18 0.9466666666666667 889 889 
0.5 0.18 0.9533333333333334 796 796 
0.5 0.18 0.96 1005 1005 
0.5 0.18 0.9666666666666667 767 767 
0.5 0.18 0.9733333333333334 638 638 
0.5 0.18 0.98 1426 1426 
0.5 0.18 0.9866666666666667 0 0 
0.5 0.18 0.9933333333333333 0 0 
0.5 0.18666666666666668 0.0 0 0 
0.5 0.18666666666666668 0.006666666666666667 0 0 
0.5 0.18666666666666668 0.013333333333333334 1408 1408 
0.5 0.18666666666666668 0.02 693 693 
0.5 0.18666666666666668 0.02666666666666667 723 723 
0.5 0.18666666666666668 0.03333333333333333 1008 1008 
0.5 0.18666666666666668 0.04 780 780 
0.5 0.18666666666666668 0.04666666666666667 956 956 
0.5 0.18666666666666668 0.05333333333333334 795 795 
0.5 0.18666666666666668 0.06 887 887 
0.5 0.18666666666666668 0.06666666666666667 830 830 
0.5 0.18666666666666668 0.07333333333333333 868 868 
0.5 0.18666666666666668 0.08 872 872 
0.5 0.18666666666666668 0.08666666666666667 846 846 
0.5 0.18666666666666668 0.09333333333333334 879 879 
0.5 0.18666666666666668 0.1 875 875 
0.5 0.18666666666666668 0.10666666666666667 859 859 
0.5 0.18666666666666668 0.11333333333333333 834 834 
0.5 0.18666666666666668 0.12 793 793 
0.5 0.18666666666666668 0.12666666666666668 893 893 
0.5 0.18666666666666668 0.13333333333333333 867 867 
0.5 0.18666666666666668 0.14 835 835 
0.5 0.18666666666666668 0.14666666666666667 850 850 
0.5 0.18666666666666668 0.15333333333333332 854 854 
0.5 0.18666666666666668 0.16 831 831 
0.5 0.18666666666666668 0.16666666666666666 821 821 
0.5 0.18666666666666668 0.17333333333333334 828 828 
0.5 0.18666666666666668 0.18 792 792 
0.5 0.18666666666666668 0.18666666666666668 840 840 
0.5 0.18666666666666668 0.19333333333333333 822 822 
0.5 0.18666666666666668 0.2 867 867 
0.5 0.18666666666666668 0.20666666666666667 801 801 
0.5 0.18666666666666668 0.21333333333333335 805 805 
0.5 0.18666666666666668 0.22 816 816 
0.5 0.18666666666666668 0.22666666666666666 845 845 
0.5 0.18666666666666668 0.23333333333333334 836 836 
0.5 0.18666666666666668 0.24 831 831 
0.5 0.18666666666666668 0.24666666666666667 810 810 
0.5 0.18666666666666668 0.25333333333333335 801 801 
0.5 0.18666666666666668 0.26 865 865 
0.5 0.18666666666666668 0.26666666666666666 850 850 
0.5 0.18666666666666668 0.2733333333333333 774 774 
0.5 0.18666666666666668 0.28 861 861 
0.5 0.18666666666666668 0.2866666666666667 844 844 
0.5 0.18666666666666668 0.29333333333333333 808 808 
0.5 0.18666666666666668 0.3 812 812 
0.5 0.18666666666666668 0.30666666666666664 843 843 
0.5 0.18666666666666668 0.31333333333333335 863 863 
0.5 0.18666666666666668 0.32 840 840 
0.5 0.18666666666666668 0.32666666666666666 816 816 
0.5 0.18666666666666668 0.3333333333333333 826 826 
0.5 0.18666666666666668 0.34 900 900 
0.5 0.18666666666666668 0.3466666666666667 850 850 
0.5 0.18666666666666668 0.35333333333333333 905 905 
0.5 0.18666666666666668 0.36 878 878 
0.5 0.18666666666666668 0.36666666666666664 888 888 
0.5 0.18666666666666668 0.37333333333333335 852 852 
0.5 0.18666666666666668 0.38 802 802 
0.5 0.18666666666666668 0.38666666666666666 834 834 
0.5 0.18666666666666668 0.3933333333333333 827 827 
0.5 0.18666666666666668 0.4 827 827 
0.5 0.18666666666666668 0.4066666666666667 839 839 
0.5 0.18666666666666668 0.41333333333333333 856 856 
0.5 0.18666666666666668 0.42 829 829 
0.5 0.18666666666666668 0.4266666666666667 834 834 
0.5 0.18666666666666668 0.43333333333333335 878 878 
0.5 0.18666666666666668 0.44 878 878 
0.5 0.18666666666666668 0.44666666666666666 877 877 
0.5 0.18666666666666668 0.4533333333333333 851 851 
0.5 0.18666666666666668 0.46 856 856 
0.5 0.18666666666666668 0.4666666666666667 832 832 
0.5 0.18666666666666668 0.47333333333333333 831 831 
0.5 0.18666666666666668 0.48 865 865 
0.5 0.18666666666666668 0.4866666666666667 887 887 
0.5 0.18666666666666668 0.49333333333333335 826 826 
0.5 0.18666666666666668 0.5 872 872 
0.5 0.18666666666666668 0.5066666666666667 818 818 
0.5 0.18666666666666668 0.5133333333333333 804 804 
0.5 0.18666666666666668 0.52 819 819 
0.5 0.18666666666666668 0.5266666666666666 844 844 
0.5 0.18666666666666668 0.5333333333333333 833 833 
0.5 0.18666666666666668 0.54 771 771 
0.5 0.18666666666666668 0.5466666666666666 875 875 
0.5 0.18666666666666668 0.5533333333333333 821 821 
0.5 0.18666666666666668 0.56 837 837 
0.5 0.18666666666666668 0.5666666666666667 822 822 
0.5 0.18666666666666668 0.5733333333333334 844 844 
0.5 0.18666666666666668 0.58 862 862 
0.5 0.18666666666666668 0.5866666666666667 858 858 
0.5 0.18666666666666668 0.5933333333333334 816 816 
0.5 0.18666666666666668 0.6 822 822 
0.5 0.18666666666666668 0.6066666666666667 889 889 
0.5 0.18666666666666668 0.6133333333333333 887 887 
0.5 0.18666666666666668 0.62 838 838 
0.5 0.18666666666666668 0.6266666666666667 862 862 
0.5 0.18666666666666668 0.6333333333333333 838 838 
0.5 0.18666666666666668 0.64 852 852 
0.5 0.18666666666666668 0.6466666666666666 820 820 
0.5 0.18666666666666668 0.6533333333333333 881 881 
0.5 0.18666666666666668 0.66 814 814 
0.5 0.18666666666666668 0.6666666666666666 841 841 
0.5 0.18666666666666668 0.6733333333333333 807 807 
0.5 0.18666666666666668 0.68 850 850 
0.5 0.18666666666666668 0.6866666666666666 851 851 
0.5 0.18666666666666668 0.6933333333333334 804 804 
0.5 0.18666666666666668 0.7 873 873 
0.5 0.18666666666666668 0.7066666666666667 864 864 
0.5 0.18666666666666668 0.7133333333333334 829 829 
0.5 0.18666666666666668 0.72 843 843 
0.5 0.18666666666666668 0.7266666666666667 833 833 
0.5 0.18666666666666668 0.7333333333333333 889 889 
0.5 0.18666666666666668 0.74 808 808 
0.5 0.18666666666666668 0.7466666666666667 857 857 
0.5 0.18666666666666668 0.7533333333333333 793 793 
0.5 0.18666666666666668 0.76 867 867 
0.5 0.18666666666666668 0.7666666666666667 826 826 
0.5 0.18666666666666668 0.7733333333333333 903 903 
0.5 0.18666666666666668 0.78 865 865 
0.5 0.18666666666666668 0.7866666666666666 810 810 
0.5 0.18666666666666668 0.7933333333333333 821 821 
0.5 0.18666666666666668 0.8 880 880 
0.5 0.18666666666666668 0.8066666666666666 833 833 
0.5 0.18666666666666668 0.8133333333333334 872 872 
0.5 0.18666666666666668 0.82 858 858 
0.5 0.18666666666666668 0.8266666666666667 830 830 
0.5 0.18666666666666668 0.8333333333333334 835 835 
0.5 0.18666666666666668 0.84 864 864 
0.5 0.18666666666666668 0.8466666666666667 808 808 
0.5 0.18666666666666668 0.8533333333333334 882 882 
0.5 0.18666666666666668 0.86 838 838 
0.5 0.18666666666666668 0.8666666666666667 833 833 
0.5 0.18666666666666668 0.8733333333333333 818 818 
0.5 0.18666666666666668 0.88 851 851 
0.5 0.18666666666666668 0.8866666666666667 842 842 
0.5 0.18666666666666668 0.8933333333333333 806 806 
0.5 0.18666666666666668 0.9 844 844 
0.5 0.18666666666666668 0.9066666666666666 828 828 
0.5 0.18666666666666668 0.9133333333333333 853 853 
0.5 0.18666666666666668 0.92 824 824 
0.5 0.18666666666666668 0.9266666666666666 851 851 
0.5 0.18666666666666668 0.9333333333333333 792 792 
0.5 0.18666666666666668 0.94 817 817 
0.5 0.18666666666666668 0.9466666666666667 854 854 
0.5 0.18666666666666668 0.9533333333333334 827 827 
0.5 0.18666666666666668 0.96 920 920 
0.5 0.18666666666666668 0.9666666666666667 741 741 
0.5 0.18666666666666668 0.9733333333333334 639 639 
0.5 0.18666666666666668 0.98 1321 1321 
0.5 0.18666666666666668 0.9866666666666667 0 0 
0.5 0.18666666666666668 0.9933333333333333 0 0 
0.5 0.19333333333333333 0.0 0 0 
0.5 0.19333333333333333 0.006666666666666667 0 0 
0.5 0.19333333333333333 0.013333333333333334 1343 1343 
0.5 0.19333333333333333 0.02 695 695 
0.5 0.19333333333333333 0.02666666666666667 739 739 
0.5 0.19333333333333333 0.03333333333333333 1002 1002 
0.5 0.19333333333333333 0.04 829 829 
0.5 0.19333333333333333 0.04666666666666667 932 932 
0.5 0.19333333333333333 0.05333333333333334 863 863 
0.5 0.19333333333333333 0.06 863 863 
0.5 0.19333333333333333 0.06666666666666667 841 841 
0.5 0.19333333333333333 0.07333333333333333 807 807 
0.5 0.19333333333333333 0.08 884 884 
0.5 0.19333333333333333 0.08666666666666667 864 864 
0.5 0.19333333333333333 0.09333333333333334 830 830 
0.5 0.19333333333333333 0.1 865 865 
0.5 0.19333333333333333 0.10666666666666667 856 856 
0.5 0.19333333333333333 0.11333333333333333 827 827 
0.5 0.19333333333333333 0.12 818 818 
0.5 0.19333333333333333 0.12666666666666668 820 820 
0.5 0.19333333333333333 0.13333333333333333 858 858 
0.5 0.19333333333333333 0.14 864 864 
0.5 0.19333333333333333 0.14666666666666667 785 785 
0.5 0.19333333333333333 0.15333333333333332 861 861 
0.5 0.19333333333333333 0.16 846 846 
0.5 0.19333333333333333 0.16666666666666666 853 853 
0.5 0.19333333333333333 0.17333333333333334 856 856 
0.5 0.19333333333333333 0.18 877 877 
0.5 0.19333333333333333 0.18666666666666668 860 860 
0.5 0.19333333333333333 0.19333333333333333 845 845 
0.5 0.19333333333333333 0.2 888 888 
0.5 0.19333333333333333 0.20666666666666667 826 826 
0.5 0.19333333333333333 0.21333333333333335 821 821 
0.5 0.19333333333333333 0.22 843 843 
0.5 0.19333333333333333 0.22666666666666666 808 808 
0.5 0.19333333333333333 0.23333333333333334 856 856 
0.5 0.19333333333333333 0.24 799 799 
0.5 0.19333333333333333 0.24666666666666667 840 840 
0.5 0.19333333333333333 0.25333333333333335 802 802 
0.5 0.19333333333333333 0.26 852 852 
0.5 0.19333333333333333 0.26666666666666666 813 813 
0.5 0.19333333333333333 0.2733333333333333 845 845 
0.5 0.19333333333333333 0.28 785 785 
0.5 0.19333333333333333 0.2866666666666667 846 846 
0.5 0.19333333333333333 0.29333333333333333 827 827 
0.5 0.19333333333333333 0.3 815 815 
0.5 0.19333333333333333 0.30666666666666664 828 828 
0.5 0.19333333333333333 0.31333333333333335 802 802 
0.5 0.19333333333333333 0.32 889 889 
0.5 0.19333333333333333 0.32666666666666666 889 889 
0.5 0.19333333333333333 0.3333333333333333 868 868 
0.5 0.19333333333333333 0.34 837 837 
0.5 0.19333333333333333 0.3466666666666667 861 861 
0.5 0.19333333333333333 0.35333333333333333 856 856 
0.5 0.19333333333333333 0.36 782 782 
0.5 0.19333333333333333 0.36666666666666664 845 845 
0.5 0.19333333333333333 0.37333333333333335 807 807 
0.5 0.19333333333333333 0.38 880 880 
0.5 0.19333333333333333 0.38666666666666666 837 837 
0.5 0.19333333333333333 0.3933333333333333 819 819 
0.5 0.19333333333333333 0.4 852 852 
0.5 0.19333333333333333 0.4066666666666667 828 828 
0.5 0.19333333333333333 0.41333333333333333 815 815 
0.5 0.19333333333333333 0.42 864 864 
0.5 0.19333333333333333 0.4266666666666667 892 892 
0.5 0.19333333333333333 0.43333333333333335 842 842 
0.5 0.19333333333333333 0.44 849 849 
0.5 0.19333333333333333 0.44666666666666666 839 839 
0.5 0.19333333333333333 0.4533333333333333 824 824 
0.5 0.19333333333333333 0.46 861 861 
0.5 0.19333333333333333 0.4666666666666667 847 847 
0.5 0.19333333333333333 0.47333333333333333 848 848 
0.5 0.19333333333333333 0.48 865 865 
0.5 0.19333333333333333 0.4866666666666667 858 858 
0.5 0.19333333333333333 0.49333333333333335 852 852 
0.5 0.19333333333333333 0.5 798 798 
0.5 0.19333333333333333 0.5066666666666667 840 840 
0.5 0.19333333333333333 0.5133333333333333 817 817 
0.5 0.19333333333333333 0.52 844 844 
0.5 0.19333333333333333 0.5266666666666666 895 895 
0.5 0.19333333333333333 0.5333333333333333 816 816 
0.5 0.19333333333333333 0.54 790 790 
0.5 0.19333333333333333 0.5466666666666666 860 860 
0.5 0.19333333333333333 0.5533333333333333 852 852 
0.5 0.19333333333333333 0.56 851 851 
0.5 0.19333333333333333 0.5666666666666667 852 852 
0.5 0.19333333333333333 0.5733333333333334 840 840 
0.5 0.19333333333333333 0.58 834 834 
0.5 0.19333333333333333 0.5866666666666667 855 855 
0.5 0.19333333333333333 0.5933333333333334 816 816 
0.5 0.19333333333333333 0.6 823 823 
0.5 0.19333333333333333 0.6066666666666667 836 836 
0.5 0.19333333333333333 0.6133333333333333 864 864 
0.5 0.19333333333333333 0.62 867 867 
0.5 0.19333333333333333 0.6266666666666667 852 852 
0.5 0.19333333333333333 0.6333333333333333 867 867 
0.5 0.19333333333333333 0.64 842 842 
0.5 0.19333333333333333 0.6466666666666666 842 842 
0.5 0.19333333333333333 0.6533333333333333 762 762 
0.5 0.19333333333333333 0.66 862 862 
0.5 0.19333333333333333 0.6666666666666666 893 893 
0.5 0.19333333333333333 0.6733333333333333 818 818 
0.5 0.19333333333333333 0.68 827 827 
0.5 0.19333333333333333 0.6866666666666666 890 890 
0.5 0.19333333333333333 0.6933333333333334 835 835 
0.5 0.19333333333333333 0.7 801 801 
0.5 0.19333333333333333 0.7066666666666667 808 808 
0.5 0.19333333333333333 0.7133333333333334 779 779 
0.5 0.19333333333333333 0.72 858 858 
0.5 0.19333333333333333 0.7266666666666667 847 847 
0.5 0.19333333333333333 0.7333333333333333 862 862 
0.5 0.19333333333333333 0.74 772 772 
0.5 0.19333333333333333 0.7466666666666667 862 862 
0.5 0.19333333333333333 0.7533333333333333 847 847 
0.5 0.19333333333333333 0.76 823 823 
0.5 0.19333333333333333 0.7666666666666667 835 835 
0.5 0.19333333333333333 0.7733333333333333 826 826 
0.5 0.19333333333333333 0.78 856 856 
0.5 0.19333333333333333 0.7866666666666666 802 802 
0.5 0.19333333333333333 0.7933333333333333 880 880 
0.5 0.19333333333333333 0.8 876 876 
0.5 0.19333333333333333 0.8066666666666666 871 871 
0.5 0.19333333333333333 0.8133333333333334 882 882 
0.5 0.19333333333333333 0.82 843 843 
0.5 0.19333333333333333 0.8266666666666667 882 882 
0.5 0.19333333333333333 0.8333333333333334 888 888 
0.5 0.19333333333333333 0.84 872 872 
0.5 0.19333333333333333 0.8466666666666667 849 849 
0.5 0.19333333333333333 0.8533333333333334 828 828 
0.5 0.19333333333333333 0.86 892 892 
0.5 0.19333333333333333 0.8666666666666667 915 915 
0.5 0.19333333333333333 0.8733333333333333 794 794 
0.5 0.19333333333333333 0.88 889 889 
0.5 0.19333333333333333 0.8866666666666667 884 884 
0.5 0.19333333333333333 0.8933333333333333 862 862 
0.5 0.19333333333333333 0.9 829 829 
0.5 0.19333333333333333 0.9066666666666666 798 798 
0.5 0.19333333333333333 0.9133333333333333 881 881 
0.5 0.19333333333333333 0.92 861 861 
0.5 0.19333333333333333 0.9266666666666666 857 857 
0.5 0.19333333333333333 0.9333333333333333 825 825 
0.5 0.19333333333333333 0.94 850 850 
0.5 0.19333333333333333 0.9466666666666667 923 923 
0.5 0.19333333333333333 0.9533333333333334 752 752 
0.5 0.19333333333333333 0.96 922 922 
0.5 0.19333333333333333 0.9666666666666667 777 777 
0.5 0.19333333333333333 0.9733333333333334 723 723 
0.5 0.19333333333333333 0.98 1407 1407 
0.5 0.19333333333333333 0.9866666666666667 0 0 
0.5 0.19333333333333333 0.9933333333333333 0 0 
0.5 0.2 0.0 0 0 
0.5 0.2 0.006666666666666667 0 0 
0.5 0.2 0.013333333333333334 1372 1372 
0.5 0.2 0.02 725 725 
0.5 0.2 0.02666666666666667 781 781 
0.5 0.2 0.03333333333333333 1030 1030 
0.5 0.2 0.04 768 768 
0.5 0.2 0.04666666666666667 889 889 
0.5 0.2 0.05333333333333334 797 797 
0.5 0.2 0.06 884 884 
0.5 0.2 0.06666666666666667 813 813 
0.5 0.2 0.07333333333333333 834 834 
0.5 0.2 0.08 840 840 
0.5 0.2 0.08666666666666667 817 817 
0.5 0.2 0.09333333333333334 854 854 
0.5 0.2 0.1 826 826 
0.5 0.2 0.10666666666666667 860 860 
0.5 0.2 0.11333333333333333 786 786 
0.5 0.2 0.12 850 850 
0.5 0.2 0.12666666666666668 839 839 
0.5 0.2 0.13333333333333333 878 878 
0.5 0.2 0.14 845 845 
0.5 0.2 0.14666666666666667 834 834 
0.5 0.2 0.15333333333333332 821 821 
0.5 0.2 0.16 884 884 
0.5 0.2 0.16666666666666666 869 869 
0.5 0.2 0.17333333333333334 802 802 
0.5 0.2 0.18 798 798 
0.5 0.2 0.18666666666666668 807 807 
0.5 0.2 0.19333333333333333 816 816 
0.5 0.2 0.2 812 812 
0.5 0.2 0.20666666666666667 870 870 
0.5 0.2 0.21333333333333335 839 839 
0.5 0.2 0.22 863 863 
0.5 0.2 0.22666666666666666 835 835 
0.5 0.2 0.23333333333333334 790 790 
0.5 0.2 0.24 872 872 
0.5 0.2 0.24666666666666667 834 834 
0.5 0.2 0.25333333333333335 798 798 
0.5 0.2 0.26 836 836 
0.5 0.2 0.26666666666666666 871 871 
0.5 0.2 0.2733333333333333 844 844 
0.5 0.2 0.28 828 828 
0.5 0.2 0.2866666666666667 816 816 
0.5 0.2 0.29333333333333333 789 789 
0.5 0.2 0.3 858 858 
0.5 0.2 0.30666666666666664 820 820 
0.5 0.2 0.31333333333333335 835 835 
0.5 0.2 0.32 850 850 
0.5 0.2 0.32666666666666666 857 857 
0.5 0.2 0.3333333333333333 805 805 
0.5 0.2 0.34 847 847 
0.5 0.2 0.3466666666666667 807 807 
0.5 0.2 0.35333333333333333 815 815 
0.5 0.2 0.36 875 875 
0.5 0.2 0.36666666666666664 828 828 
0.5 0.2 0.37333333333333335 850 850 
0.5 0.2 0.38 842 842 
0.5 0.2 0.38666666666666666 863 863 
0.5 0.2 0.3933333333333333 876 876 
0.5 0.2 0.4 856 856 
0.5 0.2 0.4066666666666667 834 834 
0.5 0.2 0.41333333333333333 874 874 
0.5 0.2 0.42 862 862 
0.5 0.2 0.4266666666666667 816 816 
0.5 0.2 0.43333333333333335 845 845 
0.5 0.2 0.44 813 813 
0.5 0.2 0.44666666666666666 853 853 
0.5 0.2 0.4533333333333333 826 826 
0.5 0.2 0.46 873 873 
0.5 0.2 0.4666666666666667 839 839 
0.5 0.2 0.47333333333333333 861 861 
0.5 0.2 0.48 835 835 
0.5 0.2 0.4866666666666667 822 822 
0.5 0.2 0.49333333333333335 865 865 
0.5 0.2 0.5 817 817 
0.5 0.2 0.5066666666666667 889 889 
0.5 0.2 0.5133333333333333 807 807 
0.5 0.2 0.52 796 796 
0.5 0.2 0.5266666666666666 770 770 
0.5 0.2 0.5333333333333333 826 826 
0.5 0.2 0.54 824 824 
0.5 0.2 0.5466666666666666 795 795 
0.5 0.2 0.5533333333333333 797 797 
0.5 0.2 0.56 831 831 
0.5 0.2 0.5666666666666667 821 821 
0.5 0.2 0.5733333333333334 856 856 
0.5 0.2 0.58 854 854 
0.5 0.2 0.5866666666666667 808 808 
0.5 0.2 0.5933333333333334 885 885 
0.5 0.2 0.6 780 780 
0.5 0.2 0.6066666666666667 796 796 
0.5 0.2 0.6133333333333333 868 868 
0.5 0.2 0.62 799 799 
0.5 0.2 0.6266666666666667 823 823 
0.5 0.2 0.6333333333333333 803 803 
0.5 0.2 0.64 822 822 
0.5 0.2 0.6466666666666666 764 764 
0.5 0.2 0.6533333333333333 887 887 
0.5 0.2 0.66 865 865 
0.5 0.2 0.6666666666666666 875 875 
0.5 0.2 0.6733333333333333 820 820 
0.5 0.2 0.68 816 816 
0.5 0.2 0.6866666666666666 863 863 
0.5 0.2 0.6933333333333334 831 831 
0.5 0.2 0.7 812 812 
0.5 0.2 0.7066666666666667 782 782 
0.5 0.2 0.7133333333333334 832 832 
0.5 0.2 0.72 803 803 
0.5 0.2 0.7266666666666667 820 820 
0.5 0.2 0.7333333333333333 814 814 
0.5 0.2 0.74 833 833 
0.5 0.2 0.7466666666666667 814 814 
0.5 0.2 0.7533333333333333 844 844 
0.5 0.2 0.76 814 814 
0.5 0.2 0.7666666666666667 851 851 
0.5 0.2 0.7733333333333333 858 858 
0.5 0.2 0.78 862 862 
0.5 0.2 0.7866666666666666 805 805 
0.5 0.2 0.7933333333333333 800 800 
0.5 0.2 0.8 852 852 
0.5 0.2 0.8066666666666666 852 852 
0.5 0.2 0.8133333333333334 833 833 
0.5 0.2 0.82 867 867 
0.5 0.2 0.8266666666666667 838 838 
0.5 0.2 0.8333333333333334 874 874 
0.5 0.2 0.84 833 833 
0.5 0.2 0.8466666666666667 839 839 
0.5 0.2 0.8533333333333334 835 835 
0.5 0.2 0.86 815 815 
0.5 0.2 0.8666666666666667 864 864 
0.5 0.2 0.8733333333333333 849 849 
0.5 0.2 0.88 855 855 
0.5 0.2 0.8866666666666667 873 873 
0.5 0.2 0.8933333333333333 834 834 
0.5 0.2 0.9 794 794 
0.5 0.2 0.9066666666666666 814 814 
0.5 0.2 0.9133333333333333 807 807 
0.5 0.2 0.92 798 798 
0.5 0.2 0.9266666666666666 903 903 
0.5 0.2 0.9333333333333333 871 871 
0.5 0.2 0.94 878 878 
0.5 0.2 0.9466666666666667 895 895 
0.5 0.2 0.9533333333333334 791 791 
0.5 0.2 0.96 996 996 
0.5 0.2 0.9666666666666667 724 724 
0.5 0.2 0.9733333333333334 692 692 
0.5 0.2 0.98 1347 1347 
0.5 0.2 0.9866666666666667 0 0 
0.5 0.2 0.9933333333333333 0 0 
0.5 0.20666666666666667 0.0 0 0 
0.5 0.20666666666666667 0.006666666666666667 0 0 
0.5 0.20666666666666667 0.013333333333333334 1343 1343 
0.5 0.20666666666666667 0.02 641 641 
0.5 0.20666666666666667 0.02666666666666667 774 774 
0.5 0.20666666666666667 0.03333333333333333 926 926 
0.5 0.20666666666666667 0.04 793 793 
0.5 0.20666666666666667 0.04666666666666667 916 916 
0.5 0.20666666666666667 0.05333333333333334 877 877 
0.5 0.20666666666666667 0.06 793 793 
0.5 0.20666666666666667 0.06666666666666667 833 833 
0.5 0.20666666666666667 0.07333333333333333 881 881 
0.5 0.20666666666666667 0.08 857 857 
0.5 0.20666666666666667 0.08666666666666667 869 869 
0.5 0.20666666666666667 0.09333333333333334 808 808 
0.5 0.20666666666666667 0.1 871 871 
0.5 0.20666666666666667 0.10666666666666667 847 847 
0.5 0.20666666666666667 0.11333333333333333 842 842 
0.5 0.20666666666666667 0.12 863 863 
0.5 0.20666666666666667 0.12666666666666668 825 825 
0.5 0.20666666666666667 0.13333333333333333 844 844 
0.5 0.20666666666666667 0.14 880 880 
0.5 0.20666666666666667 0.14666666666666667 817 817 
0.5 0.20666666666666667 0.15333333333333332 842 842 
0.5 0.20666666666666667 0.16 878 878 
0.5 0.20666666666666667 0.16666666666666666 801 801 
0.5 0.20666666666666667 0.17333333333333334 861 861 
0.5 0.20666666666666667 0.18 870 870 
0.5 0.20666666666666667 0.18666666666666668 844 844 
0.5 0.20666666666666667 0.19333333333333333 856 856 
0.5 0.20666666666666667 0.2 840 840 
0.5 0.20666666666666667 0.20666666666666667 832 832 
0.5 0.20666666666666667 0.21333333333333335 865 865 
0.5 0.20666666666666667 0.22 807 807 
0.5 0.20666666666666667 0.22666666666666666 820 820 
0.5 0.20666666666666667 0.23333333333333334 833 833 
0.5 0.20666666666666667 0.24 889 889 
0.5 0.20666666666666667 0.24666666666666667 887 887 
0.5 0.20666666666666667 0.25333333333333335 849 849 
0.5 0.20666666666666667 0.26 906 906 
0.5 0.20666666666666667 0.26666666666666666 827 827 
0.5 0.20666666666666667 0.2733333333333333 838 838 
0.5 0.20666666666666667 0.28 890 890 
0.5 0.20666666666666667 0.2866666666666667 841 841 
0.5 0.20666666666666667 0.29333333333333333 813 813 
0.5 0.20666666666666667 0.3 832 832 
0.5 0.20666666666666667 0.30666666666666664 843 843 
0.5 0.20666666666666667 0.31333333333333335 912 912 
0.5 0.20666666666666667 0.32 821 821 
0.5 0.20666666666666667 0.32666666666666666 833 833 
0.5 0.20666666666666667 0.3333333333333333 880 880 
0.5 0.20666666666666667 0.34 922 922 
0.5 0.20666666666666667 0.3466666666666667 781 781 
0.5 0.20666666666666667 0.35333333333333333 835 835 
0.5 0.20666666666666667 0.36 847 847 
0.5 0.20666666666666667 0.36666666666666664 812 812 
0.5 0.20666666666666667 0.37333333333333335 868 868 
0.5 0.20666666666666667 0.38 828 828 
0.5 0.20666666666666667 0.38666666666666666 831 831 
0.5 0.20666666666666667 0.3933333333333333 888 888 
0.5 0.20666666666666667 0.4 830 830 
0.5 0.20666666666666667 0.4066666666666667 847 847 
0.5 0.20666666666666667 0.41333333333333333 877 877 
0.5 0.20666666666666667 0.42 832 832 
0.5 0.20666666666666667 0.4266666666666667 864 864 
0.5 0.20666666666666667 0.43333333333333335 821 821 
0.5 0.20666666666666667 0.44 875 875 
0.5 0.20666666666666667 0.44666666666666666 822 822 
0.5 0.20666666666666667 0.4533333333333333 828 828 
0.5 0.20666666666666667 0.46 849 849 
0.5 0.20666666666666667 0.4666666666666667 827 827 
0.5 0.20666666666666667 0.47333333333333333 851 851 
0.5 0.20666666666666667 0.48 830 830 
0.5 0.20666666666666667 0.4866666666666667 788 788 
0.5 0.20666666666666667 0.49333333333333335 816 816 
0.5 0.20666666666666667 0.5 857 857 
0.5 0.20666666666666667 0.5066666666666667 867 867 
0.5 0.20666666666666667 0.5133333333333333 843 843 
0.5 0.20666666666666667 0.52 839 839 
0.5 0.20666666666666667 0.5266666666666666 820 820 
0.5 0.20666666666666667 0.5333333333333333 823 823 
0.5 0.20666666666666667 0.54 891 891 
0.5 0.20666666666666667 0.5466666666666666 822 822 
0.5 0.20666666666666667 0.5533333333333333 851 851 
0.5 0.20666666666666667 0.56 798 798 
0.5 0.20666666666666667 0.5666666666666667 810 810 
0.5 0.20666666666666667 0.5733333333333334 891 891 
0.5 0.20666666666666667 0.58 856 856 
0.5 0.20666666666666667 0.5866666666666667 796 796 
0.5 0.20666666666666667 0.5933333333333334 880 880 
0.5 0.20666666666666667 0.6 852 852 
0.5 0.20666666666666667 0.6066666666666667 834 834 
0.5 0.20666666666666667 0.6133333333333333 868 868 
0.5 0.20666666666666667 0.62 831 831 
0.5 0.20666666666666667 0.6266666666666667 835 835 
0.5 0.20666666666666667 0.6333333333333333 871 871 
0.5 0.20666666666666667 0.64 862 862 
0.5 0.20666666666666667 0.6466666666666666 836 836 
0.5 0.20666666666666667 0.6533333333333333 837 837 
0.5 0.20666666666666667 0.66 810 810 
0.5 0.20666666666666667 0.6666666666666666 821 821 
0.5 0.20666666666666667 0.6733333333333333 874 874 
0.5 0.20666666666666667 0.68 836 836 
0.5 0.20666666666666667 0.6866666666666666 891 891 
0.5 0.20666666666666667 0.6933333333333334 878 878 
0.5 0.20666666666666667 0.7 826 826 
0.5 0.20666666666666667 0.7066666666666667 809 809 
0.5 0.20666666666666667 0.7133333333333334 860 860 
0.5 0.20666666666666667 0.72 844 844 
0.5 0.20666666666666667 0.7266666666666667 819 819 
0.5 0.20666666666666667 0.7333333333333333 798 798 
0.5 0.20666666666666667 0.74 828 828 
0.5 0.20666666666666667 0.7466666666666667 818 818 
0.5 0.20666666666666667 0.7533333333333333 889 889 
0.5 0.20666666666666667 0.76 806 806 
0.5 0.20666666666666667 0.7666666666666667 810 810 
0.5 0.20666666666666667 0.7733333333333333 799 799 
0.5 0.20666666666666667 0.78 840 840 
0.5 0.20666666666666667 0.7866666666666666 796 796 
0.5 0.20666666666666667 0.7933333333333333 878 878 
0.5 0.20666666666666667 0.8 833 833 
0.5 0.20666666666666667 0.8066666666666666 840 840 
0.5 0.20666666666666667 0.8133333333333334 820 820 
0.5 0.20666666666666667 0.82 854 854 
0.5 0.20666666666666667 0.8266666666666667 871 871 
0.5 0.20666666666666667 0.8333333333333334 911 911 
0.5 0.20666666666666667 0.84 840 840 
0.5 0.20666666666666667 0.8466666666666667 856 856 
0.5 0.20666666666666667 0.8533333333333334 825 825 
0.5 0.20666666666666667 0.86 869 869 
0.5 0.20666666666666667 0.8666666666666667 875 875 
0.5 0.20666666666666667 0.8733333333333333 858 858 
0.5 0.20666666666666667 0.88 841 841 
0.5 0.20666666666666667 0.8866666666666667 837 837 
0.5 0.20666666666666667 0.8933333333333333 856 856 
0.5 0.20666666666666667 0.9 826 826 
0.5 0.20666666666666667 0.9066666666666666 837 837 
0.5 0.20666666666666667 0.9133333333333333 849 849 
0.5 0.20666666666666667 0.92 839 839 
0.5 0.20666666666666667 0.9266666666666666 872 872 
0.5 0.20666666666666667 0.9333333333333333 757 757 
0.5 0.20666666666666667 0.94 888 888 
0.5 0.20666666666666667 0.9466666666666667 902 902 
0.5 0.20666666666666667 0.9533333333333334 790 790 
0.5 0.20666666666666667 0.96 1031 1031 
0.5 0.20666666666666667 0.9666666666666667 713 713 
0.5 0.20666666666666667 0.9733333333333334 729 729 
0.5 0.20666666666666667 0.98 1411 1411 
0.5 0.20666666666666667 0.9866666666666667 0 0 
0.5 0.20666666666666667 0.9933333333333333 0 0 
0.5 0.21333333333333335 0.0 0 0 
0.5 0.21333333333333335 0.006666666666666667 0 0 
0.5 0.21333333333333335 0.013333333333333334 1314 1314 
0.5 0.21333333333333335 0.02 650 650 
0.5 0.21333333333333335 0.02666666666666667 828 828 
0.5 0.21333333333333335 0.03333333333333333 1015 1015 
0.5 0.21333333333333335 0.04 794 794 
0.5 0.21333333333333335 0.04666666666666667 891 891 
0.5 0.21333333333333335 0.05333333333333334 888 888 
0.5 0.21333333333333335 0.06 839 839 
0.5 0.21333333333333335 0.06666666666666667 887 887 
0.5 0.21333333333333335 0.07333333333333333 813 813 
0.5 0.21333333333333335 0.08 858 858 
0.5 0.21333333333333335 0.08666666666666667 849 849 
0.5 0.21333333333333335 0.09333333333333334 844 844 
0.5 0.21333333333333335 0.1 850 850 
0.5 0.21333333333333335 0.10666666666666667 833 833 
0.5 0.21333333333333335 0.11333333333333333 893 893 
0.5 0.21333333333333335 0.12 853 853 
0.5 0.21333333333333335 0.12666666666666668 818 818 
0.5 0.21333333333333335 0.13333333333333333 782 782 
0.5 0.21333333333333335 0.14 841 841 
0.5 0.21333333333333335 0.14666666666666667 895 895 
0.5 0.21333333333333335 0.15333333333333332 849 849 
0.5 0.21333333333333335 0.16 853 853 
0.5 0.21333333333333335 0.16666666666666666 839 839 
0.5 0.21333333333333335 0.17333333333333334 816 816 
0.5 0.21333333333333335 0.18 822 822 
0.5 0.21333333333333335 0.18666666666666668 903 903 
0.5 0.21333333333333335 0.19333333333333333 809 809 
0.5 0.21333333333333335 0.2 853 853 
0.5 0.21333333333333335 0.20666666666666667 850 850 
0.5 0.21333333333333335 0.21333333333333335 802 802 
0.5 0.21333333333333335 0.22 871 871 
0.5 0.21333333333333335 0.22666666666666666 786 786 
0.5 0.21333333333333335 0.23333333333333334 845 845 
0.5 0.21333333333333335 0.24 856 856 
0.5 0.21333333333333335 0.24666666666666667 825 825 
0.5 0.21333333333333335 0.25333333333333335 823 823 
0.5 0.21333333333333335 0.26 801 801 
0.5 0.21333333333333335 0.26666666666666666 834 834 
0.5 0.21333333333333335 0.2733333333333333 856 856 
0.5 0.21333333333333335 0.28 876 876 
0.5 0.21333333333333335 0.2866666666666667 841 841 
0.5 0.21333333333333335 0.29333333333333333 855 855 
0.5 0.21333333333333335 0.3 886 886 
0.5 0.21333333333333335 0.30666666666666664 854 854 
0.5 0.21333333333333335 0.31333333333333335 841 841 
0.5 0.21333333333333335 0.32 808 808 
0.5 0.21333333333333335 0.32666666666666666 851 851 
0.5 0.21333333333333335 0.3333333333333333 832 832 
0.5 0.21333333333333335 0.34 828 828 
0.5 0.21333333333333335 0.3466666666666667 855 855 
0.5 0.21333333333333335 0.35333333333333333 861 861 
0.5 0.21333333333333335 0.36 894 894 
0.5 0.21333333333333335 0.36666666666666664 885 885 
0.5 0.21333333333333335 0.37333333333333335 865 865 
0.5 0.21333333333333335 0.38 856 856 
0.5 0.21333333333333335 0.38666666666666666 869 869 
0.5 0.21333333333333335 0.3933333333333333 839 839 
0.5 0.21333333333333335 0.4 845 845 
0.5 0.21333333333333335 0.4066666666666667 880 880 
0.5 0.21333333333333335 0.41333333333333333 818 818 
0.5 0.21333333333333335 0.42 851 851 
0.5 0.21333333333333335 0.4266666666666667 836 836 
0.5 0.21333333333333335 0.43333333333333335 840 840 
0.5 0.21333333333333335 0.44 852 852 
0.5 0.21333333333333335 0.44666666666666666 875 875 
0.5 0.21333333333333335 0.4533333333333333 863 863 
0.5 0.21333333333333335 0.46 868 868 
0.5 0.21333333333333335 0.4666666666666667 831 831 
0.5 0.21333333333333335 0.47333333333333333 813 813 
0.5 0.21333333333333335 0.48 852 852 
0.5 0.21333333333333335 0.4866666666666667 875 875 
0.5 0.21333333333333335 0.49333333333333335 826 826 
0.5 0.21333333333333335 0.5 868 868 
0.5 0.21333333333333335 0.5066666666666667 855 855 
0.5 0.21333333333333335 0.5133333333333333 823 823 
0.5 0.21333333333333335 0.52 857 857 
0.5 0.21333333333333335 0.5266666666666666 816 816 
0.5 0.21333333333333335 0.5333333333333333 841 841 
0.5 0.21333333333333335 0.54 801 801 
0.5 0.21333333333333335 0.5466666666666666 806 806 
0.5 0.21333333333333335 0.5533333333333333 832 832 
0.5 0.21333333333333335 0.56 788 788 
0.5 0.21333333333333335 0.5666666666666667 858 858 
0.5 0.21333333333333335 0.5733333333333334 834 834 
0.5 0.21333333333333335 0.58 842 842 
0.5 0.21333333333333335 0.5866666666666667 829 829 
0.5 0.21333333333333335 0.5933333333333334 891 891 
0.5 0.21333333333333335 0.6 888 888 
0.5 0.21333333333333335 0.6066666666666667 871 871 
0.5 0.21333333333333335 0.6133333333333333 850 850 
0.5 0.21333333333333335 0.62 834 834 
0.5 0.21333333333333335 0.6266666666666667 803 803 
0.5 0.21333333333333335 0.6333333333333333 814 814 
0.5 0.21333333333333335 0.64 816 816 
0.5 0.21333333333333335 0.6466666666666666 786 786 
0.5 0.21333333333333335 0.6533333333333333 822 822 
0.5 0.21333333333333335 0.66 820 820 
0.5 0.21333333333333335 0.6666666666666666 857 857 
0.5 0.21333333333333335 0.6733333333333333 833 833 
0.5 0.21333333333333335 0.68 884 884 
0.5 0.21333333333333335 0.6866666666666666 818 818 
0.5 0.21333333333333335 0.6933333333333334 804 804 
0.5 0.21333333333333335 0.7 826 826 
0.5 0.21333333333333335 0.7066666666666667 842 842 
0.5 0.21333333333333335 0.7133333333333334 875 875 
0.5 0.21333333333333335 0.72 843 843 
0.5 0.21333333333333335 0.7266666666666667 861 861 
0.5 0.21333333333333335 0.7333333333333333 837 837 
0.5 0.21333333333333335 0.74 788 788 
0.5 0.21333333333333335 0.7466666666666667 847 847 
0.5 0.21333333333333335 0.7533333333333333 882 882 
0.5 0.21333333333333335 0.76 850 850 
0.5 0.21333333333333335 0.7666666666666667 826 826 
0.5 0.21333333333333335 0.7733333333333333 892 892 
0.5 0.21333333333333335 0.78 883 883 
0.5 0.21333333333333335 0.7866666666666666 859 859 
0.5 0.21333333333333335 0.7933333333333333 856 856 
0.5 0.21333333333333335 0.8 819 819 
0.5 0.21333333333333335 0.8066666666666666 861 861 
0.5 0.21333333333333335 0.8133333333333334 853 853 
0.5 0.21333333333333335 0.82 884 884 
0.5 0.21333333333333335 0.8266666666666667 820 820 
0.5 0.21333333333333335 0.8333333333333334 844 844 
0.5 0.21333333333333335 0.84 858 858 
0.5 0.21333333333333335 0.8466666666666667 858 858 
0.5 0.21333333333333335 0.8533333333333334 850 850 
0.5 0.21333333333333335 0.86 842 842 
0.5 0.21333333333333335 0.8666666666666667 845 845 
0.5 0.21333333333333335 0.8733333333333333 802 802 
0.5 0.21333333333333335 0.88 844 844 
0.5 0.21333333333333335 0.8866666666666667 840 840 
0.5 0.21333333333333335 0.8933333333333333 796 796 
0.5 0.21333333333333335 0.9 877 877 
0.5 0.21333333333333335 0.9066666666666666 844 844 
0.5 0.21333333333333335 0.9133333333333333 871 871 
0.5 0.21333333333333335 0.92 799 799 
0.5 0.21333333333333335 0.9266666666666666 838 838 
0.5 0.21333333333333335 0.9333333333333333 840 840 
0.5 0.21333333333333335 0.94 856 856 
0.5 0.21333333333333335 0.9466666666666667 922 922 
0.5 0.21333333333333335 0.9533333333333334 764 764 
0.5 0.21333333333333335 0.96 1014 1014 
0.5 0.21333333333333335 0.9666666666666667 774 774 
0.5 0.21333333333333335 0.9733333333333334 766 766 
0.5 0.21333333333333335 0.98 1385 1385 
0.5 0.21333333333333335 0.9866666666666667 0 0 
0.5 0.21333333333333335 0.9933333333333333 0 0 
0.5 0.22 0.0 0 0 
0.5 0.22 0.006666666666666667 0 0 
0.5 0.22 0.013333333333333334 1335 1335 
0.5 0.22 0.02 695 695 
0.5 0.22 0.02666666666666667 761 761 
0.5 0.22 0.03333333333333333 967 967 
0.5 0.22 0.04 805 805 
0.5 0.22 0.04666666666666667 886 886 
0.5 0.22 0.05333333333333334 855 855 
0.5 0.22 0.06 893 893 
0.5 0.22 0.06666666666666667 892 892 
0.5 0.22 0.07333333333333333 825 825 
0.5 0.22 0.08 848 848 
0.5 0.22 0.08666666666666667 821 821 
0.5 0.22 0.09333333333333334 796 796 
0.5 0.22 0.1 822 822 
0.5 0.22 0.10666666666666667 819 819 
0.5 0.22 0.11333333333333333 873 873 
0.5 0.22 0.12 837 837 
0.5 0.22 0.12666666666666668 877 877 
0.5 0.22 0.13333333333333333 841 841 
0.5 0.22 0.14 835 835 
0.5 0.22 0.14666666666666667 828 828 
0.5 0.22 0.15333333333333332 807 807 
0.5 0.22 0.16 894 894 
0.5 0.22 0.16666666666666666 820 820 
0.5 0.22 0.17333333333333334 877 877 
0.5 0.22 0.18 887 887 
0.5 0.22 0.18666666666666668 852 852 
0.5 0.22 0.19333333333333333 857 857 
0.5 0.22 0.2 879 879 
0.5 0.22 0.20666666666666667 828 828 
0.5 0.22 0.21333333333333335 830 830 
0.5 0.22 0.22 832 832 
0.5 0.22 0.22666666666666666 801 801 
0.5 0.22 0.23333333333333334 832 832 
0.5 0.22 0.24 875 875 
0.5 0.22 0.24666666666666667 852 852 
0.5 0.22 0.25333333333333335 843 843 
0.5 0.22 0.26 825 825 
0.5 0.22 0.26666666666666666 828 828 
0.5 0.22 0.2733333333333333 826 826 
0.5 0.22 0.28 809 809 
0.5 0.22 0.2866666666666667 861 861 
0.5 0.22 0.29333333333333333 846 846 
0.5 0.22 0.3 821 821 
0.5 0.22 0.30666666666666664 848 848 
0.5 0.22 0.31333333333333335 859 859 
0.5 0.22 0.32 853 853 
0.5 0.22 0.32666666666666666 827 827 
0.5 0.22 0.3333333333333333 848 848 
0.5 0.22 0.34 826 826 
0.5 0.22 0.3466666666666667 840 840 
0.5 0.22 0.35333333333333333 872 872 
0.5 0.22 0.36 817 817 
0.5 0.22 0.36666666666666664 836 836 
0.5 0.22 0.37333333333333335 811 811 
0.5 0.22 0.38 820 820 
0.5 0.22 0.38666666666666666 886 886 
0.5 0.22 0.3933333333333333 852 852 
0.5 0.22 0.4 889 889 
0.5 0.22 0.4066666666666667 849 849 
0.5 0.22 0.41333333333333333 817 817 
0.5 0.22 0.42 924 924 
0.5 0.22 0.4266666666666667 805 805 
0.5 0.22 0.43333333333333335 810 810 
0.5 0.22 0.44 796 796 
0.5 0.22 0.44666666666666666 855 855 
0.5 0.22 0.4533333333333333 855 855 
0.5 0.22 0.46 826 826 
0.5 0.22 0.4666666666666667 871 871 
0.5 0.22 0.47333333333333333 869 869 
0.5 0.22 0.48 844 844 
0.5 0.22 0.4866666666666667 831 831 
0.5 0.22 0.49333333333333335 831 831 
0.5 0.22 0.5 781 781 
0.5 0.22 0.5066666666666667 821 821 
0.5 0.22 0.5133333333333333 853 853 
0.5 0.22 0.52 850 850 
0.5 0.22 0.5266666666666666 873 873 
0.5 0.22 0.5333333333333333 873 873 
0.5 0.22 0.54 807 807 
0.5 0.22 0.5466666666666666 827 827 
0.5 0.22 0.5533333333333333 795 795 
0.5 0.22 0.56 836 836 
0.5 0.22 0.5666666666666667 813 813 
0.5 0.22 0.5733333333333334 867 867 
0.5 0.22 0.58 837 837 
0.5 0.22 0.5866666666666667 818 818 
0.5 0.22 0.5933333333333334 825 825 
0.5 0.22 0.6 880 880 
0.5 0.22 0.6066666666666667 858 858 
0.5 0.22 0.6133333333333333 839 839 
0.5 0.22 0.62 830 830 
0.5 0.22 0.6266666666666667 832 832 
0.5 0.22 0.6333333333333333 855 855 
0.5 0.22 0.64 799 799 
0.5 0.22 0.6466666666666666 782 782 
0.5 0.22 0.6533333333333333 871 871 
0.5 0.22 0.66 846 846 
0.5 0.22 0.6666666666666666 817 817 
0.5 0.22 0.6733333333333333 881 881 
0.5 0.22 0.68 792 792 
0.5 0.22 0.6866666666666666 839 839 
0.5 0.22 0.6933333333333334 822 822 
0.5 0.22 0.7 820 820 
0.5 0.22 0.7066666666666667 815 815 
0.5 0.22 0.7133333333333334 856 856 
0.5 0.22 0.72 838 838 
0.5 0.22 0.7266666666666667 849 849 
0.5 0.22 0.7333333333333333 822 822 
0.5 0.22 0.74 853 853 
0.5 0.22 0.7466666666666667 863 863 
0.5 0.22 0.7533333333333333 839 839 
0.5 0.22 0.76 876 876 
0.5 0.22 0.7666666666666667 844 844 
0.5 0.22 0.7733333333333333 852 852 
0.5 0.22 0.78 880 880 
0.5 0.22 0.7866666666666666 893 893 
0.5 0.22 0.7933333333333333 784 784 
0.5 0.22 0.8 864 864 
0.5 0.22 0.8066666666666666 824 824 
0.5 0.22 0.8133333333333334 796 796 
0.5 0.22 0.82 869 869 
0.5 0.22 0.8266666666666667 818 818 
0.5 0.22 0.8333333333333334 836 836 
0.5 0.22 0.84 790 790 
0.5 0.22 0.8466666666666667 839 839 
0.5 0.22 0.8533333333333334 815 815 
0.5 0.22 0.86 846 846 
0.5 0.22 0.8666666666666667 836 836 
0.5 0.22 0.8733333333333333 881 881 
0.5 0.22 0.88 895 895 
0.5 0.22 0.8866666666666667 902 902 
0.5 0.22 0.8933333333333333 895 895 
0.5 0.22 0.9 847 847 
0.5 0.22 0.9066666666666666 843 843 
0.5 0.22 0.9133333333333333 831 831 
0.5 0.22 0.92 828 828 
0.5 0.22 0.9266666666666666 848 848 
0.5 0.22 0.9333333333333333 815 815 
0.5 0.22 0.94 821 821 
0.5 0.22 0.9466666666666667 903 903 
0.5 0.22 0.9533333333333334 786 786 
0.5 0.22 0.96 1007 1007 
0.5 0.22 0.9666666666666667 780 780 
0.5 0.22 0.9733333333333334 662 662 
0.5 0.22 0.98 1341 1341 
0.5 0.22 0.9866666666666667 0 0 
0.5 0.22 0.9933333333333333 0 0 
0.5 0.22666666666666666 0.0 0 0 
0.5 0.22666666666666666 0.006666666666666667 0 0 
0.5 0.22666666666666666 0.013333333333333334 1378 1378 
0.5 0.22666666666666666 0.02 688 688 
0.5 0.22666666666666666 0.02666666666666667 764 764 
0.5 0.22666666666666666 0.03333333333333333 958 958 
0.5 0.22666666666666666 0.04 798 798 
0.5 0.22666666666666666 0.04666666666666667 898 898 
0.5 0.22666666666666666 0.05333333333333334 814 814 
0.5 0.22666666666666666 0.06 891 891 
0.5 0.22666666666666666 0.06666666666666667 828 828 
0.5 0.22666666666666666 0.07333333333333333 878 878 
0.5 0.22666666666666666 0.08 798 798 
0.5 0.22666666666666666 0.08666666666666667 809 809 
0.5 0.22666666666666666 0.09333333333333334 840 840 
0.5 0.22666666666666666 0.1 829 829 
0.5 0.22666666666666666 0.10666666666666667 826 826 
0.5 0.22666666666666666 0.11333333333333333 847 847 
0.5 0.22666666666666666 0.12 790 790 
0.5 0.22666666666666666 0.12666666666666668 821 821 
0.5 0.22666666666666666 0.13333333333333333 879 879 
0.5 0.22666666666666666 0.14 819 819 
0.5 0.22666666666666666 0.14666666666666667 803 803 
0.5 0.22666666666666666 0.15333333333333332 846 846 
0.5 0.22666666666666666 0.16 813 813 
0.5 0.22666666666666666 0.16666666666666666 859 859 
0.5 0.22666666666666666 0.17333333333333334 782 782 
0.5 0.22666666666666666 0.18 853 853 
0.5 0.22666666666666666 0.18666666666666668 847 847 
0.5 0.22666666666666666 0.19333333333333333 879 879 
0.5 0.22666666666666666 0.2 850 850 
0.5 0.22666666666666666 0.20666666666666667 889 889 
0.5 0.22666666666666666 0.21333333333333335 867 867 
0.5 0.22666666666666666 0.22 846 846 
0.5 0.22666666666666666 0.22666666666666666 863 863 
0.5 0.22666666666666666 0.23333333333333334 864 864 
0.5 0.22666666666666666 0.24 835 835 
0.5 0.22666666666666666 0.24666666666666667 899 899 
0.5 0.22666666666666666 0.25333333333333335 894 894 
0.5 0.22666666666666666 0.26 839 839 
0.5 0.22666666666666666 0.26666666666666666 887 887 
0.5 0.22666666666666666 0.2733333333333333 827 827 
0.5 0.22666666666666666 0.28 846 846 
0.5 0.22666666666666666 0.2866666666666667 836 836 
0.5 0.22666666666666666 0.29333333333333333 862 862 
0.5 0.22666666666666666 0.3 835 835 
0.5 0.22666666666666666 0.30666666666666664 853 853 
0.5 0.22666666666666666 0.31333333333333335 878 878 
0.5 0.22666666666666666 0.32 909 909 
0.5 0.22666666666666666 0.32666666666666666 805 805 
0.5 0.22666666666666666 0.3333333333333333 871 871 
0.5 0.22666666666666666 0.34 813 813 
0.5 0.22666666666666666 0.3466666666666667 792 792 
0.5 0.22666666666666666 0.35333333333333333 872 872 
0.5 0.22666666666666666 0.36 898 898 
0.5 0.22666666666666666 0.36666666666666664 863 863 
0.5 0.22666666666666666 0.37333333333333335 875 875 
0.5 0.22666666666666666 0.38 868 868 
0.5 0.22666666666666666 0.38666666666666666 883 883 
0.5 0.22666666666666666 0.3933333333333333 876 876 
0.5 0.22666666666666666 0.4 810 810 
0.5 0.22666666666666666 0.4066666666666667 842 842 
0.5 0.22666666666666666 0.41333333333333333 832 832 
0.5 0.22666666666666666 0.42 855 855 
0.5 0.22666666666666666 0.4266666666666667 832 832 
0.5 0.22666666666666666 0.43333333333333335 883 883 
0.5 0.22666666666666666 0.44 817 817 
0.5 0.22666666666666666 0.44666666666666666 766 766 
0.5 0.22666666666666666 0.4533333333333333 891 891 
0.5 0.22666666666666666 0.46 839 839 
0.5 0.22666666666666666 0.4666666666666667 822 822 
0.5 0.22666666666666666 0.47333333333333333 898 898 
0.5 0.22666666666666666 0.48 821 821 
0.5 0.22666666666666666 0.4866666666666667 809 809 
0.5 0.22666666666666666 0.49333333333333335 863 863 
0.5 0.22666666666666666 0.5 838 838 
0.5 0.22666666666666666 0.5066666666666667 881 881 
0.5 0.22666666666666666 0.5133333333333333 861 861 
0.5 0.22666666666666666 0.52 841 841 
0.5 0.22666666666666666 0.5266666666666666 804 804 
0.5 0.22666666666666666 0.5333333333333333 884 884 
0.5 0.22666666666666666 0.54 836 836 
0.5 0.22666666666666666 0.5466666666666666 940 940 
0.5 0.22666666666666666 0.5533333333333333 845 845 
0.5 0.22666666666666666 0.56 864 864 
0.5 0.22666666666666666 0.5666666666666667 790 790 
0.5 0.22666666666666666 0.5733333333333334 819 819 
0.5 0.22666666666666666 0.58 815 815 
0.5 0.22666666666666666 0.5866666666666667 796 796 
0.5 0.22666666666666666 0.5933333333333334 899 899 
0.5 0.22666666666666666 0.6 797 797 
0.5 0.22666666666666666 0.6066666666666667 830 830 
0.5 0.22666666666666666 0.6133333333333333 817 817 
0.5 0.22666666666666666 0.62 851 851 
0.5 0.22666666666666666 0.6266666666666667 811 811 
0.5 0.22666666666666666 0.6333333333333333 805 805 
0.5 0.22666666666666666 0.64 856 856 
0.5 0.22666666666666666 0.6466666666666666 836 836 
0.5 0.22666666666666666 0.6533333333333333 812 812 
0.5 0.22666666666666666 0.66 843 843 
0.5 0.22666666666666666 0.6666666666666666 879 879 
0.5 0.22666666666666666 0.6733333333333333 823 823 
0.5 0.22666666666666666 0.68 849 849 
0.5 0.22666666666666666 0.6866666666666666 837 837 
0.5 0.22666666666666666 0.6933333333333334 896 896 
0.5 0.22666666666666666 0.7 764 764 
0.5 0.22666666666666666 0.7066666666666667 864 864 
0.5 0.22666666666666666 0.7133333333333334 863 863 
0.5 0.22666666666666666 0.72 870 870 
0.5 0.22666666666666666 0.7266666666666667 850 850 
0.5 0.22666666666666666 0.7333333333333333 841 841 
0.5 0.22666666666666666 0.74 853 853 
0.5 0.22666666666666666 0.7466666666666667 820 820 
0.5 0.22666666666666666 0.7533333333333333 865 865 
0.5 0.22666666666666666 0.76 836 836 
0.5 0.22666666666666666 0.7666666666666667 841 841 
0.5 0.22666666666666666 0.7733333333333333 884 884 
0.5 0.22666666666666666 0.78 859 859 
0.5 0.22666666666666666 0.7866666666666666 847 847 
0.5 0.22666666666666666 0.7933333333333333 864 864 
0.5 0.22666666666666666 0.8 870 870 
0.5 0.22666666666666666 0.8066666666666666 846 846 
0.5 0.22666666666666666 0.8133333333333334 818 818 
0.5 0.22666666666666666 0.82 898 898 
0.5 0.22666666666666666 0.8266666666666667 808 808 
0.5 0.22666666666666666 0.8333333333333334 879 879 
0.5 0.22666666666666666 0.84 864 864 
0.5 0.22666666666666666 0.8466666666666667 844 844 
0.5 0.22666666666666666 0.8533333333333334 871 871 
0.5 0.22666666666666666 0.86 854 854 
0.5 0.22666666666666666 0.8666666666666667 822 822 
0.5 0.22666666666666666 0.8733333333333333 872 872 
0.5 0.22666666666666666 0.88 828 828 
0.5 0.22666666666666666 0.8866666666666667 895 895 
0.5 0.22666666666666666 0.8933333333333333 884 884 
0.5 0.22666666666666666 0.9 858 858 
0.5 0.22666666666666666 0.9066666666666666 858 858 
0.5 0.22666666666666666 0.9133333333333333 791 791 
0.5 0.22666666666666666 0.92 907 907 
0.5 0.22666666666666666 0.9266666666666666 899 899 
0.5 0.22666666666666666 0.9333333333333333 904 904 
0.5 0.22666666666666666 0.94 833 833 
0.5 0.22666666666666666 0.9466666666666667 948 948 
0.5 0.22666666666666666 0.9533333333333334 789 789 
0.5 0.22666666666666666 0.96 1009 1009 
0.5 0.22666666666666666 0.9666666666666667 800 800 
0.5 0.22666666666666666 0.9733333333333334 670 670 
0.5 0.22666666666666666 0.98 1442 1442 
0.5 0.22666666666666666 0.9866666666666667 0 0 
0.5 0.22666666666666666 0.9933333333333333 0 0 
0.5 0.23333333333333334 0.0 0 0 
0.5 0.23333333333333334 0.006666666666666667 0 0 
0.5 0.23333333333333334 0.013333333333333334 1370 1370 
0.5 0.23333333333333334 0.02 669 669 
0.5 0.23333333333333334 0.02666666666666667 778 778 
0.5 0.23333333333333334 0.03333333333333333 1000 1000 
0.5 0.23333333333333334 0.04 800 800 
0.5 0.23333333333333334 0.04666666666666667 910 910 
0.5 0.23333333333333334 0.05333333333333334 897 897 
0.5 0.23333333333333334 0.06 856 856 
0.5 0.23333333333333334 0.06666666666666667 844 844 
0.5 0.23333333333333334 0.07333333333333333 839 839 
0.5 0.23333333333333334 0.08 852 852 
0.5 0.23333333333333334 0.08666666666666667 872 872 
0.5 0.23333333333333334 0.09333333333333334 825 825 
0.5 0.23333333333333334 0.1 804 804 
0.5 0.23333333333333334 0.10666666666666667 847 847 
0.5 0.23333333333333334 0.11333333333333333 819 819 
0.5 0.23333333333333334 0.12 789 789 
0.5 0.23333333333333334 0.12666666666666668 783 783 
0.5 0.23333333333333334 0.13333333333333333 815 815 
0.5 0.23333333333333334 0.14 872 872 
0.5 0.23333333333333334 0.14666666666666667 858 858 
0.5 0.23333333333333334 0.15333333333333332 839 839 
0.5 0.23333333333333334 0.16 809 809 
0.5 0.23333333333333334 0.16666666666666666 900 900 
0.5 0.23333333333333334 0.17333333333333334 874 874 
0.5 0.23333333333333334 0.18 895 895 
0.5 0.23333333333333334 0.18666666666666668 831 831 
0.5 0.23333333333333334 0.19333333333333333 839 839 
0.5 0.23333333333333334 0.2 841 841 
0.5 0.23333333333333334 0.20666666666666667 843 843 
0.5 0.23333333333333334 0.21333333333333335 847 847 
0.5 0.23333333333333334 0.22 825 825 
0.5 0.23333333333333334 0.22666666666666666 884 884 
0.5 0.23333333333333334 0.23333333333333334 840 840 
0.5 0.23333333333333334 0.24 794 794 
0.5 0.23333333333333334 0.24666666666666667 868 868 
0.5 0.23333333333333334 0.25333333333333335 856 856 
0.5 0.23333333333333334 0.26 899 899 
0.5 0.23333333333333334 0.26666666666666666 804 804 
0.5 0.23333333333333334 0.2733333333333333 815 815 
0.5 0.23333333333333334 0.28 886 886 
0.5 0.23333333333333334 0.2866666666666667 848 848 
0.5 0.23333333333333334 0.29333333333333333 863 863 
0.5 0.23333333333333334 0.3 811 811 
0.5 0.23333333333333334 0.30666666666666664 840 840 
0.5 0.23333333333333334 0.31333333333333335 837 837 
0.5 0.23333333333333334 0.32 873 873 
0.5 0.23333333333333334 0.32666666666666666 856 856 
0.5 0.23333333333333334 0.3333333333333333 883 883 
0.5 0.23333333333333334 0.34 853 853 
0.5 0.23333333333333334 0.3466666666666667 835 835 
0.5 0.23333333333333334 0.35333333333333333 813 813 
0.5 0.23333333333333334 0.36 866 866 
0.5 0.23333333333333334 0.36666666666666664 844 844 
0.5 0.23333333333333334 0.37333333333333335 892 892 
0.5 0.23333333333333334 0.38 845 845 
0.5 0.23333333333333334 0.38666666666666666 865 865 
0.5 0.23333333333333334 0.3933333333333333 817 817 
0.5 0.23333333333333334 0.4 810 810 
0.5 0.23333333333333334 0.4066666666666667 862 862 
0.5 0.23333333333333334 0.41333333333333333 825 825 
0.5 0.23333333333333334 0.42 827 827 
0.5 0.23333333333333334 0.4266666666666667 857 857 
0.5 0.23333333333333334 0.43333333333333335 863 863 
0.5 0.23333333333333334 0.44 870 870 
0.5 0.23333333333333334 0.44666666666666666 830 830 
0.5 0.23333333333333334 0.4533333333333333 856 856 
0.5 0.23333333333333334 0.46 789 789 
0.5 0.23333333333333334 0.4666666666666667 835 835 
0.5 0.23333333333333334 0.47333333333333333 834 834 
0.5 0.23333333333333334 0.48 821 821 
0.5 0.23333333333333334 0.4866666666666667 870 870 
0.5 0.23333333333333334 0.49333333333333335 831 831 
0.5 0.23333333333333334 0.5 788 788 
0.5 0.23333333333333334 0.5066666666666667 846 846 
0.5 0.23333333333333334 0.5133333333333333 870 870 
0.5 0.23333333333333334 0.52 844 844 
0.5 0.23333333333333334 0.5266666666666666 881 881 
0.5 0.23333333333333334 0.5333333333333333 828 828 
0.5 0.23333333333333334 0.54 844 844 
0.5 0.23333333333333334 0.5466666666666666 860 860 
0.5 0.23333333333333334 0.5533333333333333 813 813 
0.5 0.23333333333333334 0.56 893 893 
0.5 0.23333333333333334 0.5666666666666667 833 833 
0.5 0.23333333333333334 0.5733333333333334 843 843 
0.5 0.23333333333333334 0.58 811 811 
0.5 0.23333333333333334 0.5866666666666667 879 879 
0.5 0.23333333333333334 0.5933333333333334 859 859 
0.5 0.23333333333333334 0.6 828 828 
0.5 0.23333333333333334 0.6066666666666667 811 811 
0.5 0.23333333333333334 0.6133333333333333 877 877 
0.5 0.23333333333333334 0.62 857 857 
0.5 0.23333333333333334 0.6266666666666667 872 872 
0.5 0.23333333333333334 0.6333333333333333 874 874 
0.5 0.23333333333333334 0.64 858 858 
0.5 0.23333333333333334 0.6466666666666666 871 871 
0.5 0.23333333333333334 0.6533333333333333 883 883 
0.5 0.23333333333333334 0.66 847 847 
0.5 0.23333333333333334 0.6666666666666666 872 872 
0.5 0.23333333333333334 0.6733333333333333 823 823 
0.5 0.23333333333333334 0.68 792 792 
0.5 0.23333333333333334 0.6866666666666666 831 831 
0.5 0.23333333333333334 0.6933333333333334 812 812 
0.5 0.23333333333333334 0.7 841 841 
0.5 0.23333333333333334 0.7066666666666667 802 802 
0.5 0.23333333333333334 0.7133333333333334 831 831 
0.5 0.23333333333333334 0.72 866 866 
0.5 0.23333333333333334 0.7266666666666667 797 797 
0.5 0.23333333333333334 0.7333333333333333 874 874 
0.5 0.23333333333333334 0.74 826 826 
0.5 0.23333333333333334 0.7466666666666667 832 832 
0.5 0.23333333333333334 0.7533333333333333 892 892 
0.5 0.23333333333333334 0.76 833 833 
0.5 0.23333333333333334 0.7666666666666667 826 826 
0.5 0.23333333333333334 0.7733333333333333 873 873 
0.5 0.23333333333333334 0.78 844 844 
0.5 0.23333333333333334 0.7866666666666666 827 827 
0.5 0.23333333333333334 0.7933333333333333 862 862 
0.5 0.23333333333333334 0.8 829 829 
0.5 0.23333333333333334 0.8066666666666666 874 874 
0.5 0.23333333333333334 0.8133333333333334 845 845 
0.5 0.23333333333333334 0.82 842 842 
0.5 0.23333333333333334 0.8266666666666667 851 851 
0.5 0.23333333333333334 0.8333333333333334 871 871 
0.5 0.23333333333333334 0.84 818 818 
0.5 0.23333333333333334 0.8466666666666667 837 837 
0.5 0.23333333333333334 0.8533333333333334 795 795 
0.5 0.23333333333333334 0.86 847 847 
0.5 0.23333333333333334 0.8666666666666667 874 874 
0.5 0.23333333333333334 0.8733333333333333 846 846 
0.5 0.23333333333333334 0.88 875 875 
0.5 0.23333333333333334 0.8866666666666667 847 847 
0.5 0.23333333333333334 0.8933333333333333 852 852 
0.5 0.23333333333333334 0.9 851 851 
0.5 0.23333333333333334 0.9066666666666666 863 863 
0.5 0.23333333333333334 0.9133333333333333 859 859 
0.5 0.23333333333333334 0.92 868 868 
0.5 0.23333333333333334 0.9266666666666666 831 831 
0.5 0.23333333333333334 0.9333333333333333 857 857 
0.5 0.23333333333333334 0.94 844 844 
0.5 0.23333333333333334 0.9466666666666667 930 930 
0.5 0.23333333333333334 0.9533333333333334 819 819 
0.5 0.23333333333333334 0.96 991 991 
0.5 0.23333333333333334 0.9666666666666667 758 758 
0.5 0.23333333333333334 0.9733333333333334 714 714 
0.5 0.23333333333333334 0.98 1430 1430 
0.5 0.23333333333333334 0.9866666666666667 0 0 
0.5 0.23333333333333334 0.9933333333333333 0 0 
0.5 0.24 0.0 0 0 
0.5 0.24 0.006666666666666667 0 0 
0.5 0.24 0.013333333333333334 1335 1335 
0.5 0.24 0.02 694 694 
0.5 0.24 0.02666666666666667 776 776 
0.5 0.24 0.03333333333333333 1007 1007 
0.5 0.24 0.04 769 769 
0.5 0.24 0.04666666666666667 890 890 
0.5 0.24 0.05333333333333334 843 843 
0.5 0.24 0.06 873 873 
0.5 0.24 0.06666666666666667 872 872 
0.5 0.24 0.07333333333333333 833 833 
0.5 0.24 0.08 825 825 
0.5 0.24 0.08666666666666667 843 843 
0.5 0.24 0.09333333333333334 853 853 
0.5 0.24 0.1 791 791 
0.5 0.24 0.10666666666666667 869 869 
0.5 0.24 0.11333333333333333 825 825 
0.5 0.24 0.12 890 890 
0.5 0.24 0.12666666666666668 860 860 
0.5 0.24 0.13333333333333333 836 836 
0.5 0.24 0.14 775 775 
0.5 0.24 0.14666666666666667 816 816 
0.5 0.24 0.15333333333333332 810 810 
0.5 0.24 0.16 824 824 
0.5 0.24 0.16666666666666666 858 858 
0.5 0.24 0.17333333333333334 856 856 
0.5 0.24 0.18 857 857 
0.5 0.24 0.18666666666666668 837 837 
0.5 0.24 0.19333333333333333 903 903 
0.5 0.24 0.2 826 826 
0.5 0.24 0.20666666666666667 927 927 
0.5 0.24 0.21333333333333335 835 835 
0.5 0.24 0.22 808 808 
0.5 0.24 0.22666666666666666 808 808 
0.5 0.24 0.23333333333333334 867 867 
0.5 0.24 0.24 862 862 
0.5 0.24 0.24666666666666667 833 833 
0.5 0.24 0.25333333333333335 805 805 
0.5 0.24 0.26 842 842 
0.5 0.24 0.26666666666666666 854 854 
0.5 0.24 0.2733333333333333 803 803 
0.5 0.24 0.28 798 798 
0.5 0.24 0.2866666666666667 802 802 
0.5 0.24 0.29333333333333333 844 844 
0.5 0.24 0.3 910 910 
0.5 0.24 0.30666666666666664 814 814 
0.5 0.24 0.31333333333333335 844 844 
0.5 0.24 0.32 866 866 
0.5 0.24 0.32666666666666666 830 830 
0.5 0.24 0.3333333333333333 834 834 
0.5 0.24 0.34 837 837 
0.5 0.24 0.3466666666666667 826 826 
0.5 0.24 0.35333333333333333 826 826 
0.5 0.24 0.36 822 822 
0.5 0.24 0.36666666666666664 857 857 
0.5 0.24 0.37333333333333335 876 876 
0.5 0.24 0.38 768 768 
0.5 0.24 0.38666666666666666 808 808 
0.5 0.24 0.3933333333333333 768 768 
0.5 0.24 0.4 801 801 
0.5 0.24 0.4066666666666667 824 824 
0.5 0.24 0.41333333333333333 853 853 
0.5 0.24 0.42 837 837 
0.5 0.24 0.4266666666666667 818 818 
0.5 0.24 0.43333333333333335 855 855 
0.5 0.24 0.44 884 884 
0.5 0.24 0.44666666666666666 848 848 
0.5 0.24 0.4533333333333333 842 842 
0.5 0.24 0.46 843 843 
0.5 0.24 0.4666666666666667 805 805 
0.5 0.24 0.47333333333333333 840 840 
0.5 0.24 0.48 867 867 
0.5 0.24 0.4866666666666667 863 863 
0.5 0.24 0.49333333333333335 859 859 
0.5 0.24 0.5 875 875 
0.5 0.24 0.5066666666666667 816 816 
0.5 0.24 0.5133333333333333 898 898 
0.5 0.24 0.52 795 795 
0.5 0.24 0.5266666666666666 902 902 
0.5 0.24 0.5333333333333333 830 830 
0.5 0.24 0.54 818 818 
0.5 0.24 0.5466666666666666 815 815 
0.5 0.24 0.5533333333333333 815 815 
0.5 0.24 0.56 802 802 
0.5 0.24 0.5666666666666667 816 816 
0.5 0.24 0.5733333333333334 850 850 
0.5 0.24 0.58 802 802 
0.5 0.24 0.5866666666666667 854 854 
0.5 0.24 0.5933333333333334 816 816 
0.5 0.24 0.6 872 872 
0.5 0.24 0.6066666666666667 848 848 
0.5 0.24 0.6133333333333333 838 838 
0.5 0.24 0.62 823 823 
0.5 0.24 0.6266666666666667 831 831 
0.5 0.24 0.6333333333333333 841 841 
0.5 0.24 0.64 864 864 
0.5 0.24 0.6466666666666666 837 837 
0.5 0.24 0.6533333333333333 883 883 
0.5 0.24 0.66 852 852 
0.5 0.24 0.6666666666666666 849 849 
0.5 0.24 0.6733333333333333 850 850 
0.5 0.24 0.68 820 820 
0.5 0.24 0.6866666666666666 818 818 
0.5 0.24 0.6933333333333334 867 867 
0.5 0.24 0.7 840 840 
0.5 0.24 0.7066666666666667 849 849 
0.5 0.24 0.7133333333333334 844 844 
0.5 0.24 0.72 841 841 
0.5 0.24 0.7266666666666667 889 889 
0.5 0.24 0.7333333333333333 857 857 
0.5 0.24 0.74 884 884 
0.5 0.24 0.7466666666666667 818 818 
0.5 0.24 0.7533333333333333 872 872 
0.5 0.24 0.76 801 801 
0.5 0.24 0.7666666666666667 848 848 
0.5 0.24 0.7733333333333333 869 869 
0.5 0.24 0.78 861 861 
0.5 0.24 0.7866666666666666 821 821 
0.5 0.24 0.7933333333333333 835 835 
0.5 0.24 0.8 834 834 
0.5 0.24 0.8066666666666666 841 841 
0.5 0.24 0.8133333333333334 861 861 
0.5 0.24 0.82 890 890 
0.5 0.24 0.8266666666666667 805 805 
0.5 0.24 0.8333333333333334 836 836 
0.5 0.24 0.84 874 874 
0.5 0.24 0.8466666666666667 850 850 
0.5 0.24 0.8533333333333334 812 812 
0.5 0.24 0.86 823 823 
0.5 0.24 0.8666666666666667 853 853 
0.5 0.24 0.8733333333333333 851 851 
0.5 0.24 0.88 877 877 
0.5 0.24 0.8866666666666667 865 865 
0.5 0.24 0.8933333333333333 873 873 
0.5 0.24 0.9 881 881 
0.5 0.24 0.9066666666666666 849 849 
0.5 0.24 0.9133333333333333 925 925 
0.5 0.24 0.92 881 881 
0.5 0.24 0.9266666666666666 916 916 
0.5 0.24 0.9333333333333333 941 941 
0.5 0.24 0.94 856 856 
0.5 0.24 0.9466666666666667 885 885 
0.5 0.24 0.9533333333333334 778 778 
0.5 0.24 0.96 1014 1014 
0.5 0.24 0.9666666666666667 800 800 
0.5 0.24 0.9733333333333334 724 724 
0.5 0.24 0.98 1391 1391 
0.5 0.24 0.9866666666666667 0 0 
0.5 0.24 0.9933333333333333 0 0 
0.5 0.24666666666666667 0.0 0 0 
0.5 0.24666666666666667 0.006666666666666667 0 0 
0.5 0.24666666666666667 0.013333333333333334 1387 1387 
0.5 0.24666666666666667 0.02 713 713 
0.5 0.24666666666666667 0.02666666666666667 789 789 
0.5 0.24666666666666667 0.03333333333333333 984 984 
0.5 0.24666666666666667 0.04 778 778 
0.5 0.24666666666666667 0.04666666666666667 937 937 
0.5 0.24666666666666667 0.05333333333333334 890 890 
0.5 0.24666666666666667 0.06 852 852 
0.5 0.24666666666666667 0.06666666666666667 895 895 
0.5 0.24666666666666667 0.07333333333333333 848 848 
0.5 0.24666666666666667 0.08 841 841 
0.5 0.24666666666666667 0.08666666666666667 846 846 
0.5 0.24666666666666667 0.09333333333333334 837 837 
0.5 0.24666666666666667 0.1 775 775 
0.5 0.24666666666666667 0.10666666666666667 840 840 
0.5 0.24666666666666667 0.11333333333333333 791 791 
0.5 0.24666666666666667 0.12 826 826 
0.5 0.24666666666666667 0.12666666666666668 852 852 
0.5 0.24666666666666667 0.13333333333333333 814 814 
0.5 0.24666666666666667 0.14 856 856 
0.5 0.24666666666666667 0.14666666666666667 815 815 
0.5 0.24666666666666667 0.15333333333333332 803 803 
0.5 0.24666666666666667 0.16 890 890 
0.5 0.24666666666666667 0.16666666666666666 870 870 
0.5 0.24666666666666667 0.17333333333333334 817 817 
0.5 0.24666666666666667 0.18 831 831 
0.5 0.24666666666666667 0.18666666666666668 806 806 
0.5 0.24666666666666667 0.19333333333333333 829 829 
0.5 0.24666666666666667 0.2 851 851 
0.5 0.24666666666666667 0.20666666666666667 874 874 
0.5 0.24666666666666667 0.21333333333333335 868 868 
0.5 0.24666666666666667 0.22 773 773 
0.5 0.24666666666666667 0.22666666666666666 788 788 
0.5 0.24666666666666667 0.23333333333333334 829 829 
0.5 0.24666666666666667 0.24 845 845 
0.5 0.24666666666666667 0.24666666666666667 804 804 
0.5 0.24666666666666667 0.25333333333333335 836 836 
0.5 0.24666666666666667 0.26 814 814 
0.5 0.24666666666666667 0.26666666666666666 801 801 
0.5 0.24666666666666667 0.2733333333333333 804 804 
0.5 0.24666666666666667 0.28 890 890 
0.5 0.24666666666666667 0.2866666666666667 865 865 
0.5 0.24666666666666667 0.29333333333333333 842 842 
0.5 0.24666666666666667 0.3 783 783 
0.5 0.24666666666666667 0.30666666666666664 840 840 
0.5 0.24666666666666667 0.31333333333333335 906 906 
0.5 0.24666666666666667 0.32 858 858 
0.5 0.24666666666666667 0.32666666666666666 865 865 
0.5 0.24666666666666667 0.3333333333333333 831 831 
0.5 0.24666666666666667 0.34 853 853 
0.5 0.24666666666666667 0.3466666666666667 847 847 
0.5 0.24666666666666667 0.35333333333333333 816 816 
0.5 0.24666666666666667 0.36 811 811 
0.5 0.24666666666666667 0.36666666666666664 853 853 
0.5 0.24666666666666667 0.37333333333333335 784 784 
0.5 0.24666666666666667 0.38 881 881 
0.5 0.24666666666666667 0.38666666666666666 751 751 
0.5 0.24666666666666667 0.3933333333333333 819 819 
0.5 0.24666666666666667 0.4 830 830 
0.5 0.24666666666666667 0.4066666666666667 862 862 
0.5 0.24666666666666667 0.41333333333333333 845 845 
0.5 0.24666666666666667 0.42 829 829 
0.5 0.24666666666666667 0.4266666666666667 800 800 
0.5 0.24666666666666667 0.43333333333333335 814 814 
0.5 0.24666666666666667 0.44 850 850 
0.5 0.24666666666666667 0.44666666666666666 826 826 
0.5 0.24666666666666667 0.4533333333333333 794 794 
0.5 0.24666666666666667 0.46 818 818 
0.5 0.24666666666666667 0.4666666666666667 841 841 
0.5 0.24666666666666667 0.47333333333333333 869 869 
0.5 0.24666666666666667 0.48 800 800 
0.5 0.24666666666666667 0.4866666666666667 868 868 
0.5 0.24666666666666667 0.49333333333333335 854 854 
0.5 0.24666666666666667 0.5 792 792 
0.5 0.24666666666666667 0.5066666666666667 818 818 
0.5 0.24666666666666667 0.5133333333333333 902 902 
0.5 0.24666666666666667 0.52 849 849 
0.5 0.24666666666666667 0.5266666666666666 846 846 
0.5 0.24666666666666667 0.5333333333333333 837 837 
0.5 0.24666666666666667 0.54 886 886 
0.5 0.24666666666666667 0.5466666666666666 872 872 
0.5 0.24666666666666667 0.5533333333333333 871 871 
0.5 0.24666666666666667 0.56 868 868 
0.5 0.24666666666666667 0.5666666666666667 816 816 
0.5 0.24666666666666667 0.5733333333333334 909 909 
0.5 0.24666666666666667 0.58 856 856 
0.5 0.24666666666666667 0.5866666666666667 775 775 
0.5 0.24666666666666667 0.5933333333333334 889 889 
0.5 0.24666666666666667 0.6 787 787 
0.5 0.24666666666666667 0.6066666666666667 811 811 
0.5 0.24666666666666667 0.6133333333333333 847 847 
0.5 0.24666666666666667 0.62 844 844 
0.5 0.24666666666666667 0.6266666666666667 878 878 
0.5 0.24666666666666667 0.6333333333333333 841 841 
0.5 0.24666666666666667 0.64 850 850 
0.5 0.24666666666666667 0.6466666666666666 864 864 
0.5 0.24666666666666667 0.6533333333333333 825 825 
0.5 0.24666666666666667 0.66 855 855 
0.5 0.24666666666666667 0.6666666666666666 837 837 
0.5 0.24666666666666667 0.6733333333333333 884 884 
0.5 0.24666666666666667 0.68 833 833 
0.5 0.24666666666666667 0.6866666666666666 858 858 
0.5 0.24666666666666667 0.6933333333333334 814 814 
0.5 0.24666666666666667 0.7 854 854 
0.5 0.24666666666666667 0.7066666666666667 840 840 
0.5 0.24666666666666667 0.7133333333333334 879 879 
0.5 0.24666666666666667 0.72 884 884 
0.5 0.24666666666666667 0.7266666666666667 858 858 
0.5 0.24666666666666667 0.7333333333333333 883 883 
0.5 0.24666666666666667 0.74 886 886 
0.5 0.24666666666666667 0.7466666666666667 804 804 
0.5 0.24666666666666667 0.7533333333333333 859 859 
0.5 0.24666666666666667 0.76 842 842 
0.5 0.24666666666666667 0.7666666666666667 809 809 
0.5 0.24666666666666667 0.7733333333333333 857 857 
0.5 0.24666666666666667 0.78 843 843 
0.5 0.24666666666666667 0.7866666666666666 811 811 
0.5 0.24666666666666667 0.7933333333333333 807 807 
0.5 0.24666666666666667 0.8 890 890 
0.5 0.24666666666666667 0.8066666666666666 809 809 
0.5 0.24666666666666667 0.8133333333333334 825 825 
0.5 0.24666666666666667 0.82 873 873 
0.5 0.24666666666666667 0.8266666666666667 825 825 
0.5 0.24666666666666667 0.8333333333333334 836 836 
0.5 0.24666666666666667 0.84 857 857 
0.5 0.24666666666666667 0.8466666666666667 856 856 
0.5 0.24666666666666667 0.8533333333333334 843 843 
0.5 0.24666666666666667 0.86 857 857 
0.5 0.24666666666666667 0.8666666666666667 818 818 
0.5 0.24666666666666667 0.8733333333333333 789 789 
0.5 0.24666666666666667 0.88 869 869 
0.5 0.24666666666666667 0.8866666666666667 852 852 
0.5 0.24666666666666667 0.8933333333333333 890 890 
0.5 0.24666666666666667 0.9 874 874 
0.5 0.24666666666666667 0.9066666666666666 872 872 
0.5 0.24666666666666667 0.9133333333333333 881 881 
0.5 0.24666666666666667 0.92 885 885 
0.5 0.24666666666666667 0.9266666666666666 922 922 
0.5 0.24666666666666667 0.9333333333333333 928 928 
0.5 0.24666666666666667 0.94 896 896 
0.5 0.24666666666666667 0.9466666666666667 946 946 
0.5 0.24666666666666667 0.9533333333333334 852 852 
0.5 0.24666666666666667 0.96 1034 1034 
0.5 0.24666666666666667 0.9666666666666667 740 740 
0.5 0.24666666666666667 0.9733333333333334 714 714 
0.5 0.24666666666666667 0.98 1433 1433 
0.5 0.24666666666666667 0.9866666666666667 0 0 
0.5 0.24666666666666667 0.9933333333333333 0 0 
0.5 0.25333333333333335 0.0 0 0 
0.5 0.25333333333333335 0.006666666666666667 0 0 
0.5 0.25333333333333335 0.013333333333333334 1364 1364 
0.5 0.25333333333333335 0.02 723 723 
0.5 0.25333333333333335 0.02666666666666667 752 752 
0.5 0.25333333333333335 0.03333333333333333 1000 1000 
0.5 0.25333333333333335 0.04 816 816 
0.5 0.25333333333333335 0.04666666666666667 863 863 
0.5 0.25333333333333335 0.05333333333333334 774 774 
0.5 0.25333333333333335 0.06 876 876 
0.5 0.25333333333333335 0.06666666666666667 855 855 
0.5 0.25333333333333335 0.07333333333333333 898 898 
0.5 0.25333333333333335 0.08 810 810 
0.5 0.25333333333333335 0.08666666666666667 788 788 
0.5 0.25333333333333335 0.09333333333333334 838 838 
0.5 0.25333333333333335 0.1 821 821 
0.5 0.25333333333333335 0.10666666666666667 819 819 
0.5 0.25333333333333335 0.11333333333333333 832 832 
0.5 0.25333333333333335 0.12 816 816 
0.5 0.25333333333333335 0.12666666666666668 860 860 
0.5 0.25333333333333335 0.13333333333333333 798 798 
0.5 0.25333333333333335 0.14 869 869 
0.5 0.25333333333333335 0.14666666666666667 832 832 
0.5 0.25333333333333335 0.15333333333333332 850 850 
0.5 0.25333333333333335 0.16 774 774 
0.5 0.25333333333333335 0.16666666666666666 824 824 
0.5 0.25333333333333335 0.17333333333333334 804 804 
0.5 0.25333333333333335 0.18 854 854 
0.5 0.25333333333333335 0.18666666666666668 797 797 
0.5 0.25333333333333335 0.19333333333333333 853 853 
0.5 0.25333333333333335 0.2 870 870 
0.5 0.25333333333333335 0.20666666666666667 838 838 
0.5 0.25333333333333335 0.21333333333333335 901 901 
0.5 0.25333333333333335 0.22 827 827 
0.5 0.25333333333333335 0.22666666666666666 839 839 
0.5 0.25333333333333335 0.23333333333333334 899 899 
0.5 0.25333333333333335 0.24 862 862 
0.5 0.25333333333333335 0.24666666666666667 861 861 
0.5 0.25333333333333335 0.25333333333333335 830 830 
0.5 0.25333333333333335 0.26 836 836 
0.5 0.25333333333333335 0.26666666666666666 814 814 
0.5 0.25333333333333335 0.2733333333333333 782 782 
0.5 0.25333333333333335 0.28 859 859 
0.5 0.25333333333333335 0.2866666666666667 832 832 
0.5 0.25333333333333335 0.29333333333333333 811 811 
0.5 0.25333333333333335 0.3 820 820 
0.5 0.25333333333333335 0.30666666666666664 868 868 
0.5 0.25333333333333335 0.31333333333333335 817 817 
0.5 0.25333333333333335 0.32 798 798 
0.5 0.25333333333333335 0.32666666666666666 847 847 
0.5 0.25333333333333335 0.3333333333333333 845 845 
0.5 0.25333333333333335 0.34 813 813 
0.5 0.25333333333333335 0.3466666666666667 888 888 
0.5 0.25333333333333335 0.35333333333333333 815 815 
0.5 0.25333333333333335 0.36 858 858 
0.5 0.25333333333333335 0.36666666666666664 811 811 
0.5 0.25333333333333335 0.37333333333333335 784 784 
0.5 0.25333333333333335 0.38 836 836 
0.5 0.25333333333333335 0.38666666666666666 810 810 
0.5 0.25333333333333335 0.3933333333333333 855 855 
0.5 0.25333333333333335 0.4 877 877 
0.5 0.25333333333333335 0.4066666666666667 839 839 
0.5 0.25333333333333335 0.41333333333333333 817 817 
0.5 0.25333333333333335 0.42 842 842 
0.5 0.25333333333333335 0.4266666666666667 834 834 
0.5 0.25333333333333335 0.43333333333333335 793 793 
0.5 0.25333333333333335 0.44 844 844 
0.5 0.25333333333333335 0.44666666666666666 796 796 
0.5 0.25333333333333335 0.4533333333333333 810 810 
0.5 0.25333333333333335 0.46 881 881 
0.5 0.25333333333333335 0.4666666666666667 852 852 
0.5 0.25333333333333335 0.47333333333333333 824 824 
0.5 0.25333333333333335 0.48 867 867 
0.5 0.25333333333333335 0.4866666666666667 852 852 
0.5 0.25333333333333335 0.49333333333333335 858 858 
0.5 0.25333333333333335 0.5 800 800 
0.5 0.25333333333333335 0.5066666666666667 805 805 
0.5 0.25333333333333335 0.5133333333333333 872 872 
0.5 0.25333333333333335 0.52 832 832 
0.5 0.25333333333333335 0.5266666666666666 828 828 
0.5 0.25333333333333335 0.5333333333333333 761 761 
0.5 0.25333333333333335 0.54 878 878 
0.5 0.25333333333333335 0.5466666666666666 903 903 
0.5 0.25333333333333335 0.5533333333333333 838 838 
0.5 0.25333333333333335 0.56 860 860 
0.5 0.25333333333333335 0.5666666666666667 818 818 
0.5 0.25333333333333335 0.5733333333333334 833 833 
0.5 0.25333333333333335 0.58 848 848 
0.5 0.25333333333333335 0.5866666666666667 841 841 
0.5 0.25333333333333335 0.5933333333333334 797 797 
0.5 0.25333333333333335 0.6 828 828 
0.5 0.25333333333333335 0.6066666666666667 873 873 
0.5 0.25333333333333335 0.6133333333333333 813 813 
0.5 0.25333333333333335 0.62 803 803 
0.5 0.25333333333333335 0.6266666666666667 834 834 
0.5 0.25333333333333335 0.6333333333333333 796 796 
0.5 0.25333333333333335 0.64 850 850 
0.5 0.25333333333333335 0.6466666666666666 827 827 
0.5 0.25333333333333335 0.6533333333333333 814 814 
0.5 0.25333333333333335 0.66 766 766 
0.5 0.25333333333333335 0.6666666666666666 810 810 
0.5 0.25333333333333335 0.6733333333333333 832 832 
0.5 0.25333333333333335 0.68 874 874 
0.5 0.25333333333333335 0.6866666666666666 826 826 
0.5 0.25333333333333335 0.6933333333333334 849 849 
0.5 0.25333333333333335 0.7 869 869 
0.5 0.25333333333333335 0.7066666666666667 844 844 
0.5 0.25333333333333335 0.7133333333333334 830 830 
0.5 0.25333333333333335 0.72 823 823 
0.5 0.25333333333333335 0.7266666666666667 899 899 
0.5 0.25333333333333335 0.7333333333333333 850 850 
0.5 0.25333333333333335 0.74 841 841 
0.5 0.25333333333333335 0.7466666666666667 841 841 
0.5 0.25333333333333335 0.7533333333333333 873 873 
0.5 0.25333333333333335 0.76 825 825 
0.5 0.25333333333333335 0.7666666666666667 799 799 
0.5 0.25333333333333335 0.7733333333333333 824 824 
0.5 0.25333333333333335 0.78 795 795 
0.5 0.25333333333333335 0.7866666666666666 806 806 
0.5 0.25333333333333335 0.7933333333333333 845 845 
0.5 0.25333333333333335 0.8 918 918 
0.5 0.25333333333333335 0.8066666666666666 835 835 
0.5 0.25333333333333335 0.8133333333333334 822 822 
0.5 0.25333333333333335 0.82 844 844 
0.5 0.25333333333333335 0.8266666666666667 880 880 
0.5 0.25333333333333335 0.8333333333333334 848 848 
0.5 0.25333333333333335 0.84 873 873 
0.5 0.25333333333333335 0.8466666666666667 875 875 
0.5 0.25333333333333335 0.8533333333333334 833 833 
0.5 0.25333333333333335 0.86 821 821 
0.5 0.25333333333333335 0.8666666666666667 877 877 
0.5 0.25333333333333335 0.8733333333333333 810 810 
0.5 0.25333333333333335 0.88 858 858 
0.5 0.25333333333333335 0.8866666666666667 888 888 
0.5 0.25333333333333335 0.8933333333333333 848 848 
0.5 0.25333333333333335 0.9 879 879 
0.5 0.25333333333333335 0.9066666666666666 839 839 
0.5 0.25333333333333335 0.9133333333333333 816 816 
0.5 0.25333333333333335 0.92 840 840 
0.5 0.25333333333333335 0.9266666666666666 884 884 
0.5 0.25333333333333335 0.9333333333333333 908 908 
0.5 0.25333333333333335 0.94 851 851 
0.5 0.25333333333333335 0.9466666666666667 913 913 
0.5 0.25333333333333335 0.9533333333333334 791 791 
0.5 0.25333333333333335 0.96 1031 1031 
0.5 0.25333333333333335 0.9666666666666667 819 819 
0.5 0.25333333333333335 0.9733333333333334 690 690 
0.5 0.25333333333333335 0.98 1388 1388 
0.5 0.25333333333333335 0.9866666666666667 0 0 
0.5 0.25333333333333335 0.9933333333333333 0 0 
0.5 0.26 0.0 0 0 
0.5 0.26 0.006666666666666667 0 0 
0.5 0.26 0.013333333333333334 1375 1375 
0.5 0.26 0.02 683 683 
0.5 0.26 0.02666666666666667 733 733 
0.5 0.26 0.03333333333333333 925 925 
0.5 0.26 0.04 802 802 
0.5 0.26 0.04666666666666667 828 828 
0.5 0.26 0.05333333333333334 857 857 
0.5 0.26 0.06 820 820 
0.5 0.26 0.06666666666666667 870 870 
0.5 0.26 0.07333333333333333 812 812 
0.5 0.26 0.08 849 849 
0.5 0.26 0.08666666666666667 887 887 
0.5 0.26 0.09333333333333334 825 825 
0.5 0.26 0.1 853 853 
0.5 0.26 0.10666666666666667 846 846 
0.5 0.26 0.11333333333333333 906 906 
0.5 0.26 0.12 818 818 
0.5 0.26 0.12666666666666668 865 865 
0.5 0.26 0.13333333333333333 807 807 
0.5 0.26 0.14 850 850 
0.5 0.26 0.14666666666666667 841 841 
0.5 0.26 0.15333333333333332 859 859 
0.5 0.26 0.16 794 794 
0.5 0.26 0.16666666666666666 815 815 
0.5 0.26 0.17333333333333334 792 792 
0.5 0.26 0.18 834 834 
0.5 0.26 0.18666666666666668 861 861 
0.5 0.26 0.19333333333333333 854 854 
0.5 0.26 0.2 869 869 
0.5 0.26 0.20666666666666667 807 807 
0.5 0.26 0.21333333333333335 804 804 
0.5 0.26 0.22 806 806 
0.5 0.26 0.22666666666666666 840 840 
0.5 0.26 0.23333333333333334 842 842 
0.5 0.26 0.24 785 785 
0.5 0.26 0.24666666666666667 788 788 
0.5 0.26 0.25333333333333335 829 829 
0.5 0.26 0.26 805 805 
0.5 0.26 0.26666666666666666 822 822 
0.5 0.26 0.2733333333333333 824 824 
0.5 0.26 0.28 802 802 
0.5 0.26 0.2866666666666667 867 867 
0.5 0.26 0.29333333333333333 813 813 
0.5 0.26 0.3 852 852 
0.5 0.26 0.30666666666666664 736 736 
0.5 0.26 0.31333333333333335 822 822 
0.5 0.26 0.32 828 828 
0.5 0.26 0.32666666666666666 837 837 
0.5 0.26 0.3333333333333333 795 795 
0.5 0.26 0.34 802 802 
0.5 0.26 0.3466666666666667 842 842 
0.5 0.26 0.35333333333333333 847 847 
0.5 0.26 0.36 803 803 
0.5 0.26 0.36666666666666664 805 805 
0.5 0.26 0.37333333333333335 814 814 
0.5 0.26 0.38 812 812 
0.5 0.26 0.38666666666666666 815 815 
0.5 0.26 0.3933333333333333 822 822 
0.5 0.26 0.4 806 806 
0.5 0.26 0.4066666666666667 864 864 
0.5 0.26 0.41333333333333333 861 861 
0.5 0.26 0.42 783 783 
0.5 0.26 0.4266666666666667 875 875 
0.5 0.26 0.43333333333333335 885 885 
0.5 0.26 0.44 823 823 
0.5 0.26 0.44666666666666666 854 854 
0.5 0.26 0.4533333333333333 776 776 
0.5 0.26 0.46 865 865 
0.5 0.26 0.4666666666666667 831 831 
0.5 0.26 0.47333333333333333 815 815 
0.5 0.26 0.48 833 833 
0.5 0.26 0.4866666666666667 822 822 
0.5 0.26 0.49333333333333335 823 823 
0.5 0.26 0.5 825 825 
0.5 0.26 0.5066666666666667 841 841 
0.5 0.26 0.5133333333333333 886 886 
0.5 0.26 0.52 831 831 
0.5 0.26 0.5266666666666666 857 857 
0.5 0.26 0.5333333333333333 813 813 
0.5 0.26 0.54 795 795 
0.5 0.26 0.5466666666666666 809 809 
0.5 0.26 0.5533333333333333 819 819 
0.5 0.26 0.56 851 851 
0.5 0.26 0.5666666666666667 822 822 
0.5 0.26 0.5733333333333334 834 834 
0.5 0.26 0.58 875 875 
0.5 0.26 0.5866666666666667 862 862 
0.5 0.26 0.5933333333333334 809 809 
0.5 0.26 0.6 844 844 
0.5 0.26 0.6066666666666667 815 815 
0.5 0.26 0.6133333333333333 877 877 
0.5 0.26 0.62 858 858 
0.5 0.26 0.6266666666666667 850 850 
0.5 0.26 0.6333333333333333 861 861 
0.5 0.26 0.64 916 916 
0.5 0.26 0.6466666666666666 839 839 
0.5 0.26 0.6533333333333333 856 856 
0.5 0.26 0.66 842 842 
0.5 0.26 0.6666666666666666 869 869 
0.5 0.26 0.6733333333333333 822 822 
0.5 0.26 0.68 838 838 
0.5 0.26 0.6866666666666666 814 814 
0.5 0.26 0.6933333333333334 784 784 
0.5 0.26 0.7 812 812 
0.5 0.26 0.7066666666666667 826 826 
0.5 0.26 0.7133333333333334 858 858 
0.5 0.26 0.72 814 814 
0.5 0.26 0.7266666666666667 838 838 
0.5 0.26 0.7333333333333333 845 845 
0.5 0.26 0.74 877 877 
0.5 0.26 0.7466666666666667 795 795 
0.5 0.26 0.7533333333333333 818 818 
0.5 0.26 0.76 789 789 
0.5 0.26 0.7666666666666667 839 839 
0.5 0.26 0.7733333333333333 878 878 
0.5 0.26 0.78 846 846 
0.5 0.26 0.7866666666666666 797 797 
0.5 0.26 0.7933333333333333 866 866 
0.5 0.26 0.8 835 835 
0.5 0.26 0.8066666666666666 844 844 
0.5 0.26 0.8133333333333334 886 886 
0.5 0.26 0.82 914 914 
0.5 0.26 0.8266666666666667 834 834 
0.5 0.26 0.8333333333333334 875 875 
0.5 0.26 0.84 872 872 
0.5 0.26 0.8466666666666667 860 860 
0.5 0.26 0.8533333333333334 853 853 
0.5 0.26 0.86 845 845 
0.5 0.26 0.8666666666666667 835 835 
0.5 0.26 0.8733333333333333 847 847 
0.5 0.26 0.88 857 857 
0.5 0.26 0.8866666666666667 898 898 
0.5 0.26 0.8933333333333333 879 879 
0.5 0.26 0.9 824 824 
0.5 0.26 0.9066666666666666 787 787 
0.5 0.26 0.9133333333333333 871 871 
0.5 0.26 0.92 830 830 
0.5 0.26 0.9266666666666666 842 842 
0.5 0.26 0.9333333333333333 872 872 
0.5 0.26 0.94 876 876 
0.5 0.26 0.9466666666666667 914 914 
0.5 0.26 0.9533333333333334 788 788 
0.5 0.26 0.96 1069 1069 
0.5 0.26 0.9666666666666667 794 794 
0.5 0.26 0.9733333333333334 727 727 
0.5 0.26 0.98 1416 1416 
0.5 0.26 0.9866666666666667 0 0 
0.5 0.26 0.9933333333333333 0 0 
0.5 0.26666666666666666 0.0 0 0 
0.5 0.26666666666666666 0.006666666666666667 0 0 
0.5 0.26666666666666666 0.013333333333333334 1405 1405 
0.5 0.26666666666666666 0.02 707 707 
0.5 0.26666666666666666 0.02666666666666667 737 737 
0.5 0.26666666666666666 0.03333333333333333 894 894 
0.5 0.26666666666666666 0.04 771 771 
0.5 0.26666666666666666 0.04666666666666667 854 854 
0.5 0.26666666666666666 0.05333333333333334 807 807 
0.5 0.26666666666666666 0.06 812 812 
0.5 0.26666666666666666 0.06666666666666667 856 856 
0.5 0.26666666666666666 0.07333333333333333 839 839 
0.5 0.26666666666666666 0.08 906 906 
0.5 0.26666666666666666 0.08666666666666667 808 808 
0.5 0.26666666666666666 0.09333333333333334 815 815 
0.5 0.26666666666666666 0.1 798 798 
0.5 0.26666666666666666 0.10666666666666667 812 812 
0.5 0.26666666666666666 0.11333333333333333 804 804 
0.5 0.26666666666666666 0.12 827 827 
0.5 0.26666666666666666 0.12666666666666668 818 818 
0.5 0.26666666666666666 0.13333333333333333 819 819 
0.5 0.26666666666666666 0.14 846 846 
0.5 0.26666666666666666 0.14666666666666667 852 852 
0.5 0.26666666666666666 0.15333333333333332 824 824 
0.5 0.26666666666666666 0.16 831 831 
0.5 0.26666666666666666 0.16666666666666666 808 808 
0.5 0.26666666666666666 0.17333333333333334 818 818 
0.5 0.26666666666666666 0.18 824 824 
0.5 0.26666666666666666 0.18666666666666668 793 793 
0.5 0.26666666666666666 0.19333333333333333 804 804 
0.5 0.26666666666666666 0.2 840 840 
0.5 0.26666666666666666 0.20666666666666667 817 817 
0.5 0.26666666666666666 0.21333333333333335 770 770 
0.5 0.26666666666666666 0.22 826 826 
0.5 0.26666666666666666 0.22666666666666666 816 816 
0.5 0.26666666666666666 0.23333333333333334 811 811 
0.5 0.26666666666666666 0.24 794 794 
0.5 0.26666666666666666 0.24666666666666667 807 807 
0.5 0.26666666666666666 0.25333333333333335 773 773 
0.5 0.26666666666666666 0.26 844 844 
0.5 0.26666666666666666 0.26666666666666666 886 886 
0.5 0.26666666666666666 0.2733333333333333 855 855 
0.5 0.26666666666666666 0.28 880 880 
0.5 0.26666666666666666 0.2866666666666667 848 848 
0.5 0.26666666666666666 0.29333333333333333 836 836 
0.5 0.26666666666666666 0.3 795 795 
0.5 0.26666666666666666 0.30666666666666664 796 796 
0.5 0.26666666666666666 0.31333333333333335 826 826 
0.5 0.26666666666666666 0.32 823 823 
0.5 0.26666666666666666 0.32666666666666666 824 824 
0.5 0.26666666666666666 0.3333333333333333 823 823 
0.5 0.26666666666666666 0.34 833 833 
0.5 0.26666666666666666 0.3466666666666667 766 766 
0.5 0.26666666666666666 0.35333333333333333 853 853 
0.5 0.26666666666666666 0.36 790 790 
0.5 0.26666666666666666 0.36666666666666664 789 789 
0.5 0.26666666666666666 0.37333333333333335 833 833 
0.5 0.26666666666666666 0.38 835 835 
0.5 0.26666666666666666 0.38666666666666666 808 808 
0.5 0.26666666666666666 0.3933333333333333 861 861 
0.5 0.26666666666666666 0.4 837 837 
0.5 0.26666666666666666 0.4066666666666667 794 794 
0.5 0.26666666666666666 0.41333333333333333 797 797 
0.5 0.26666666666666666 0.42 826 826 
0.5 0.26666666666666666 0.4266666666666667 822 822 
0.5 0.26666666666666666 0.43333333333333335 803 803 
0.5 0.26666666666666666 0.44 823 823 
0.5 0.26666666666666666 0.44666666666666666 827 827 
0.5 0.26666666666666666 0.4533333333333333 858 858 
0.5 0.26666666666666666 0.46 819 819 
0.5 0.26666666666666666 0.4666666666666667 855 855 
0.5 0.26666666666666666 0.47333333333333333 857 857 
0.5 0.26666666666666666 0.48 843 843 
0.5 0.26666666666666666 0.4866666666666667 834 834 
0.5 0.26666666666666666 0.49333333333333335 841 841 
0.5 0.26666666666666666 0.5 815 815 
0.5 0.26666666666666666 0.5066666666666667 853 853 
0.5 0.26666666666666666 0.5133333333333333 812 812 
0.5 0.26666666666666666 0.52 831 831 
0.5 0.26666666666666666 0.5266666666666666 769 769 
0.5 0.26666666666666666 0.5333333333333333 849 849 
0.5 0.26666666666666666 0.54 834 834 
0.5 0.26666666666666666 0.5466666666666666 801 801 
0.5 0.26666666666666666 0.5533333333333333 801 801 
0.5 0.26666666666666666 0.56 838 838 
0.5 0.26666666666666666 0.5666666666666667 854 854 
0.5 0.26666666666666666 0.5733333333333334 883 883 
0.5 0.26666666666666666 0.58 809 809 
0.5 0.26666666666666666 0.5866666666666667 815 815 
0.5 0.26666666666666666 0.5933333333333334 835 835 
0.5 0.26666666666666666 0.6 850 850 
0.5 0.26666666666666666 0.6066666666666667 863 863 
0.5 0.26666666666666666 0.6133333333333333 863 863 
0.5 0.26666666666666666 0.62 848 848 
0.5 0.26666666666666666 0.6266666666666667 844 844 
0.5 0.26666666666666666 0.6333333333333333 844 844 
0.5 0.26666666666666666 0.64 796 796 
0.5 0.26666666666666666 0.6466666666666666 840 840 
0.5 0.26666666666666666 0.6533333333333333 824 824 
0.5 0.26666666666666666 0.66 796 796 
0.5 0.26666666666666666 0.6666666666666666 783 783 
0.5 0.26666666666666666 0.6733333333333333 855 855 
0.5 0.26666666666666666 0.68 833 833 
0.5 0.26666666666666666 0.6866666666666666 833 833 
0.5 0.26666666666666666 0.6933333333333334 863 863 
0.5 0.26666666666666666 0.7 846 846 
0.5 0.26666666666666666 0.7066666666666667 824 824 
0.5 0.26666666666666666 0.7133333333333334 836 836 
0.5 0.26666666666666666 0.72 833 833 
0.5 0.26666666666666666 0.7266666666666667 830 830 
0.5 0.26666666666666666 0.7333333333333333 790 790 
0.5 0.26666666666666666 0.74 776 776 
0.5 0.26666666666666666 0.7466666666666667 783 783 
0.5 0.26666666666666666 0.7533333333333333 834 834 
0.5 0.26666666666666666 0.76 846 846 
0.5 0.26666666666666666 0.7666666666666667 811 811 
0.5 0.26666666666666666 0.7733333333333333 844 844 
0.5 0.26666666666666666 0.78 821 821 
0.5 0.26666666666666666 0.7866666666666666 834 834 
0.5 0.26666666666666666 0.7933333333333333 820 820 
0.5 0.26666666666666666 0.8 825 825 
0.5 0.26666666666666666 0.8066666666666666 827 827 
0.5 0.26666666666666666 0.8133333333333334 810 810 
0.5 0.26666666666666666 0.82 810 810 
0.5 0.26666666666666666 0.8266666666666667 811 811 
0.5 0.26666666666666666 0.8333333333333334 860 860 
0.5 0.26666666666666666 0.84 864 864 
0.5 0.26666666666666666 0.8466666666666667 835 835 
0.5 0.26666666666666666 0.8533333333333334 868 868 
0.5 0.26666666666666666 0.86 845 845 
0.5 0.26666666666666666 0.8666666666666667 776 776 
0.5 0.26666666666666666 0.8733333333333333 870 870 
0.5 0.26666666666666666 0.88 833 833 
0.5 0.26666666666666666 0.8866666666666667 854 854 
0.5 0.26666666666666666 0.8933333333333333 847 847 
0.5 0.26666666666666666 0.9 870 870 
0.5 0.26666666666666666 0.9066666666666666 876 876 
0.5 0.26666666666666666 0.9133333333333333 860 860 
0.5 0.26666666666666666 0.92 833 833 
0.5 0.26666666666666666 0.9266666666666666 826 826 
0.5 0.26666666666666666 0.9333333333333333 857 857 
0.5 0.26666666666666666 0.94 857 857 
0.5 0.26666666666666666 0.9466666666666667 928 928 
0.5 0.26666666666666666 0.9533333333333334 740 740 
0.5 0.26666666666666666 0.96 1023 1023 
0.5 0.26666666666666666 0.9666666666666667 757 757 
0.5 0.26666666666666666 0.9733333333333334 702 702 
0.5 0.26666666666666666 0.98 1400 1400 
0.5 0.26666666666666666 0.9866666666666667 0 0 
0.5 0.26666666666666666 0.9933333333333333 0 0 
0.5 0.2733333333333333 0.0 0 0 
0.5 0.2733333333333333 0.006666666666666667 0 0 
0.5 0.2733333333333333 0.013333333333333334 1401 1401 
0.5 0.2733333333333333 0.02 659 659 
0.5 0.2733333333333333 0.02666666666666667 767 767 
0.5 0.2733333333333333 0.03333333333333333 989 989 
0.5 0.2733333333333333 0.04 724 724 
0.5 0.2733333333333333 0.04666666666666667 843 843 
0.5 0.2733333333333333 0.05333333333333334 873 873 
0.5 0.2733333333333333 0.06 859 859 
0.5 0.2733333333333333 0.06666666666666667 788 788 
0.5 0.2733333333333333 0.07333333333333333 869 869 
0.5 0.2733333333333333 0.08 831 831 
0.5 0.2733333333333333 0.08666666666666667 895 895 
0.5 0.2733333333333333 0.09333333333333334 813 813 
0.5 0.2733333333333333 0.1 803 803 
0.5 0.2733333333333333 0.10666666666666667 832 832 
0.5 0.2733333333333333 0.11333333333333333 803 803 
0.5 0.2733333333333333 0.12 826 826 
0.5 0.2733333333333333 0.12666666666666668 840 840 
0.5 0.2733333333333333 0.13333333333333333 846 846 
0.5 0.2733333333333333 0.14 908 908 
0.5 0.2733333333333333 0.14666666666666667 816 816 
0.5 0.2733333333333333 0.15333333333333332 869 869 
0.5 0.2733333333333333 0.16 792 792 
0.5 0.2733333333333333 0.16666666666666666 880 880 
0.5 0.2733333333333333 0.17333333333333334 841 841 
0.5 0.2733333333333333 0.18 851 851 
0.5 0.2733333333333333 0.18666666666666668 796 796 
0.5 0.2733333333333333 0.19333333333333333 807 807 
0.5 0.2733333333333333 0.2 825 825 
0.5 0.2733333333333333 0.20666666666666667 876 876 
0.5 0.2733333333333333 0.21333333333333335 870 870 
0.5 0.2733333333333333 0.22 845 845 
0.5 0.2733333333333333 0.22666666666666666 857 857 
0.5 0.2733333333333333 0.23333333333333334 861 861 
0.5 0.2733333333333333 0.24 828 828 
0.5 0.2733333333333333 0.24666666666666667 847 847 
0.5 0.2733333333333333 0.25333333333333335 812 812 
0.5 0.2733333333333333 0.26 820 820 
0.5 0.2733333333333333 0.26666666666666666 794 794 
0.5 0.2733333333333333 0.2733333333333333 857 857 
0.5 0.2733333333333333 0.28 827 827 
0.5 0.2733333333333333 0.2866666666666667 817 817 
0.5 0.2733333333333333 0.29333333333333333 847 847 
0.5 0.2733333333333333 0.3 830 830 
0.5 0.2733333333333333 0.30666666666666664 792 792 
0.5 0.2733333333333333 0.31333333333333335 841 841 
0.5 0.2733333333333333 0.32 877 877 
0.5 0.2733333333333333 0.32666666666666666 834 834 
0.5 0.2733333333333333 0.3333333333333333 838 838 
0.5 0.2733333333333333 0.34 836 836 
0.5 0.2733333333333333 0.3466666666666667 837 837 
0.5 0.2733333333333333 0.35333333333333333 821 821 
0.5 0.2733333333333333 0.36 877 877 
0.5 0.2733333333333333 0.36666666666666664 822 822 
0.5 0.2733333333333333 0.37333333333333335 811 811 
0.5 0.2733333333333333 0.38 801 801 
0.5 0.2733333333333333 0.38666666666666666 854 854 
0.5 0.2733333333333333 0.3933333333333333 833 833 
0.5 0.2733333333333333 0.4 849 849 
0.5 0.2733333333333333 0.4066666666666667 788 788 
0.5 0.2733333333333333 0.41333333333333333 846 846 
0.5 0.2733333333333333 0.42 884 884 
0.5 0.2733333333333333 0.4266666666666667 846 846 
0.5 0.2733333333333333 0.43333333333333335 837 837 
0.5 0.2733333333333333 0.44 853 853 
0.5 0.2733333333333333 0.44666666666666666 787 787 
0.5 0.2733333333333333 0.4533333333333333 848 848 
0.5 0.2733333333333333 0.46 799 799 
0.5 0.2733333333333333 0.4666666666666667 857 857 
0.5 0.2733333333333333 0.47333333333333333 815 815 
0.5 0.2733333333333333 0.48 852 852 
0.5 0.2733333333333333 0.4866666666666667 888 888 
0.5 0.2733333333333333 0.49333333333333335 795 795 
0.5 0.2733333333333333 0.5 807 807 
0.5 0.2733333333333333 0.5066666666666667 788 788 
0.5 0.2733333333333333 0.5133333333333333 856 856 
0.5 0.2733333333333333 0.52 802 802 
0.5 0.2733333333333333 0.5266666666666666 846 846 
0.5 0.2733333333333333 0.5333333333333333 807 807 
0.5 0.2733333333333333 0.54 815 815 
0.5 0.2733333333333333 0.5466666666666666 836 836 
0.5 0.2733333333333333 0.5533333333333333 860 860 
0.5 0.2733333333333333 0.56 800 800 
0.5 0.2733333333333333 0.5666666666666667 869 869 
0.5 0.2733333333333333 0.5733333333333334 842 842 
0.5 0.2733333333333333 0.58 844 844 
0.5 0.2733333333333333 0.5866666666666667 826 826 
0.5 0.2733333333333333 0.5933333333333334 819 819 
0.5 0.2733333333333333 0.6 825 825 
0.5 0.2733333333333333 0.6066666666666667 821 821 
0.5 0.2733333333333333 0.6133333333333333 852 852 
0.5 0.2733333333333333 0.62 801 801 
0.5 0.2733333333333333 0.6266666666666667 827 827 
0.5 0.2733333333333333 0.6333333333333333 830 830 
0.5 0.2733333333333333 0.64 854 854 
0.5 0.2733333333333333 0.6466666666666666 873 873 
0.5 0.2733333333333333 0.6533333333333333 790 790 
0.5 0.2733333333333333 0.66 842 842 
0.5 0.2733333333333333 0.6666666666666666 823 823 
0.5 0.2733333333333333 0.6733333333333333 781 781 
0.5 0.2733333333333333 0.68 891 891 
0.5 0.2733333333333333 0.6866666666666666 837 837 
0.5 0.2733333333333333 0.6933333333333334 910 910 
0.5 0.2733333333333333 0.7 862 862 
0.5 0.2733333333333333 0.7066666666666667 858 858 
0.5 0.2733333333333333 0.7133333333333334 833 833 
0.5 0.2733333333333333 0.72 907 907 
0.5 0.2733333333333333 0.7266666666666667 744 744 
0.5 0.2733333333333333 0.7333333333333333 859 859 
0.5 0.2733333333333333 0.74 826 826 
0.5 0.2733333333333333 0.7466666666666667 799 799 
0.5 0.2733333333333333 0.7533333333333333 822 822 
0.5 0.2733333333333333 0.76 804 804 
0.5 0.2733333333333333 0.7666666666666667 838 838 
0.5 0.2733333333333333 0.7733333333333333 863 863 
0.5 0.2733333333333333 0.78 899 899 
0.5 0.2733333333333333 0.7866666666666666 795 795 
0.5 0.2733333333333333 0.7933333333333333 784 784 
0.5 0.2733333333333333 0.8 860 860 
0.5 0.2733333333333333 0.8066666666666666 821 821 
0.5 0.2733333333333333 0.8133333333333334 838 838 
0.5 0.2733333333333333 0.82 812 812 
0.5 0.2733333333333333 0.8266666666666667 818 818 
0.5 0.2733333333333333 0.8333333333333334 826 826 
0.5 0.2733333333333333 0.84 836 836 
0.5 0.2733333333333333 0.8466666666666667 901 901 
0.5 0.2733333333333333 0.8533333333333334 860 860 
0.5 0.2733333333333333 0.86 874 874 
0.5 0.2733333333333333 0.8666666666666667 823 823 
0.5 0.2733333333333333 0.8733333333333333 871 871 
0.5 0.2733333333333333 0.88 822 822 
0.5 0.2733333333333333 0.8866666666666667 811 811 
0.5 0.2733333333333333 0.8933333333333333 888 888 
0.5 0.2733333333333333 0.9 843 843 
0.5 0.2733333333333333 0.9066666666666666 809 809 
0.5 0.2733333333333333 0.9133333333333333 798 798 
0.5 0.2733333333333333 0.92 810 810 
0.5 0.2733333333333333 0.9266666666666666 849 849 
0.5 0.2733333333333333 0.9333333333333333 848 848 
0.5 0.2733333333333333 0.94 864 864 
0.5 0.2733333333333333 0.9466666666666667 861 861 
0.5 0.2733333333333333 0.9533333333333334 774 774 
0.5 0.2733333333333333 0.96 1000 1000 
0.5 0.2733333333333333 0.9666666666666667 765 765 
0.5 0.2733333333333333 0.9733333333333334 646 646 
0.5 0.2733333333333333 0.98 1390 1390 
0.5 0.2733333333333333 0.9866666666666667 0 0 
0.5 0.2733333333333333 0.9933333333333333 0 0 
0.5 0.28 0.0 0 0 
0.5 0.28 0.006666666666666667 0 0 
0.5 0.28 0.013333333333333334 1291 1291 
0.5 0.28 0.02 645 645 
0.5 0.28 0.02666666666666667 725 725 
0.5 0.28 0.03333333333333333 981 981 
0.5 0.28 0.04 799 799 
0.5 0.28 0.04666666666666667 891 891 
0.5 0.28 0.05333333333333334 777 777 
0.5 0.28 0.06 864 864 
0.5 0.28 0.06666666666666667 783 783 
0.5 0.28 0.07333333333333333 794 794 
0.5 0.28 0.08 858 858 
0.5 0.28 0.08666666666666667 866 866 
0.5 0.28 0.09333333333333334 842 842 
0.5 0.28 0.1 854 854 
0.5 0.28 0.10666666666666667 838 838 
0.5 0.28 0.11333333333333333 858 858 
0.5 0.28 0.12 844 844 
0.5 0.28 0.12666666666666668 813 813 
0.5 0.28 0.13333333333333333 872 872 
0.5 0.28 0.14 873 873 
0.5 0.28 0.14666666666666667 842 842 
0.5 0.28 0.15333333333333332 846 846 
0.5 0.28 0.16 839 839 
0.5 0.28 0.16666666666666666 826 826 
0.5 0.28 0.17333333333333334 817 817 
0.5 0.28 0.18 787 787 
0.5 0.28 0.18666666666666668 875 875 
0.5 0.28 0.19333333333333333 773 773 
0.5 0.28 0.2 772 772 
0.5 0.28 0.20666666666666667 811 811 
0.5 0.28 0.21333333333333335 761 761 
0.5 0.28 0.22 797 797 
0.5 0.28 0.22666666666666666 862 862 
0.5 0.28 0.23333333333333334 798 798 
0.5 0.28 0.24 873 873 
0.5 0.28 0.24666666666666667 821 821 
0.5 0.28 0.25333333333333335 784 784 
0.5 0.28 0.26 836 836 
0.5 0.28 0.26666666666666666 867 867 
0.5 0.28 0.2733333333333333 841 841 
0.5 0.28 0.28 768 768 
0.5 0.28 0.2866666666666667 875 875 
0.5 0.28 0.29333333333333333 863 863 
0.5 0.28 0.3 792 792 
0.5 0.28 0.30666666666666664 839 839 
0.5 0.28 0.31333333333333335 854 854 
0.5 0.28 0.32 831 831 
0.5 0.28 0.32666666666666666 862 862 
0.5 0.28 0.3333333333333333 807 807 
0.5 0.28 0.34 796 796 
0.5 0.28 0.3466666666666667 843 843 
0.5 0.28 0.35333333333333333 839 839 
0.5 0.28 0.36 812 812 
0.5 0.28 0.36666666666666664 832 832 
0.5 0.28 0.37333333333333335 850 850 
0.5 0.28 0.38 859 859 
0.5 0.28 0.38666666666666666 898 898 
0.5 0.28 0.3933333333333333 837 837 
0.5 0.28 0.4 822 822 
0.5 0.28 0.4066666666666667 844 844 
0.5 0.28 0.41333333333333333 838 838 
0.5 0.28 0.42 825 825 
0.5 0.28 0.4266666666666667 838 838 
0.5 0.28 0.43333333333333335 830 830 
0.5 0.28 0.44 847 847 
0.5 0.28 0.44666666666666666 866 866 
0.5 0.28 0.4533333333333333 852 852 
0.5 0.28 0.46 861 861 
0.5 0.28 0.4666666666666667 789 789 
0.5 0.28 0.47333333333333333 855 855 
0.5 0.28 0.48 813 813 
0.5 0.28 0.4866666666666667 804 804 
0.5 0.28 0.49333333333333335 800 800 
0.5 0.28 0.5 859 859 
0.5 0.28 0.5066666666666667 819 819 
0.5 0.28 0.5133333333333333 832 832 
0.5 0.28 0.52 840 840 
0.5 0.28 0.5266666666666666 826 826 
0.5 0.28 0.5333333333333333 812 812 
0.5 0.28 0.54 825 825 
0.5 0.28 0.5466666666666666 793 793 
0.5 0.28 0.5533333333333333 856 856 
0.5 0.28 0.56 792 792 
0.5 0.28 0.5666666666666667 793 793 
0.5 0.28 0.5733333333333334 836 836 
0.5 0.28 0.58 839 839 
0.5 0.28 0.5866666666666667 840 840 
0.5 0.28 0.5933333333333334 810 810 
0.5 0.28 0.6 819 819 
0.5 0.28 0.6066666666666667 872 872 
0.5 0.28 0.6133333333333333 833 833 
0.5 0.28 0.62 862 862 
0.5 0.28 0.6266666666666667 884 884 
0.5 0.28 0.6333333333333333 838 838 
0.5 0.28 0.64 836 836 
0.5 0.28 0.6466666666666666 830 830 
0.5 0.28 0.6533333333333333 798 798 
0.5 0.28 0.66 815 815 
0.5 0.28 0.6666666666666666 779 779 
0.5 0.28 0.6733333333333333 883 883 
0.5 0.28 0.68 885 885 
0.5 0.28 0.6866666666666666 786 786 
0.5 0.28 0.6933333333333334 786 786 
0.5 0.28 0.7 775 775 
0.5 0.28 0.7066666666666667 835 835 
0.5 0.28 0.7133333333333334 832 832 
0.5 0.28 0.72 857 857 
0.5 0.28 0.7266666666666667 807 807 
0.5 0.28 0.7333333333333333 819 819 
0.5 0.28 0.74 826 826 
0.5 0.28 0.7466666666666667 859 859 
0.5 0.28 0.7533333333333333 878 878 
0.5 0.28 0.76 798 798 
0.5 0.28 0.7666666666666667 823 823 
0.5 0.28 0.7733333333333333 822 822 
0.5 0.28 0.78 845 845 
0.5 0.28 0.7866666666666666 829 829 
0.5 0.28 0.7933333333333333 826 826 
0.5 0.28 0.8 823 823 
0.5 0.28 0.8066666666666666 832 832 
0.5 0.28 0.8133333333333334 835 835 
0.5 0.28 0.82 820 820 
0.5 0.28 0.8266666666666667 808 808 
0.5 0.28 0.8333333333333334 824 824 
0.5 0.28 0.84 875 875 
0.5 0.28 0.8466666666666667 797 797 
0.5 0.28 0.8533333333333334 822 822 
0.5 0.28 0.86 798 798 
0.5 0.28 0.8666666666666667 838 838 
0.5 0.28 0.8733333333333333 864 864 
0.5 0.28 0.88 889 889 
0.5 0.28 0.8866666666666667 830 830 
0.5 0.28 0.8933333333333333 822 822 
0.5 0.28 0.9 794 794 
0.5 0.28 0.9066666666666666 861 861 
0.5 0.28 0.9133333333333333 867 867 
0.5 0.28 0.92 818 818 
0.5 0.28 0.9266666666666666 879 879 
0.5 0.28 0.9333333333333333 855 855 
0.5 0.28 0.94 866 866 
0.5 0.28 0.9466666666666667 890 890 
0.5 0.28 0.9533333333333334 782 782 
0.5 0.28 0.96 926 926 
0.5 0.28 0.9666666666666667 744 744 
0.5 0.28 0.9733333333333334 654 654 
0.5 0.28 0.98 1379 1379 
0.5 0.28 0.9866666666666667 0 0 
0.5 0.28 0.9933333333333333 0 0 
0.5 0.2866666666666667 0.0 0 0 
0.5 0.2866666666666667 0.006666666666666667 0 0 
0.5 0.2866666666666667 0.013333333333333334 1359 1359 
0.5 0.2866666666666667 0.02 717 717 
0.5 0.2866666666666667 0.02666666666666667 768 768 
0.5 0.2866666666666667 0.03333333333333333 951 951 
0.5 0.2866666666666667 0.04 792 792 
0.5 0.2866666666666667 0.04666666666666667 891 891 
0.5 0.2866666666666667 0.05333333333333334 833 833 
0.5 0.2866666666666667 0.06 823 823 
0.5 0.2866666666666667 0.06666666666666667 759 759 
0.5 0.2866666666666667 0.07333333333333333 860 860 
0.5 0.2866666666666667 0.08 763 763 
0.5 0.2866666666666667 0.08666666666666667 857 857 
0.5 0.2866666666666667 0.09333333333333334 846 846 
0.5 0.2866666666666667 0.1 879 879 
0.5 0.2866666666666667 0.10666666666666667 825 825 
0.5 0.2866666666666667 0.11333333333333333 838 838 
0.5 0.2866666666666667 0.12 898 898 
0.5 0.2866666666666667 0.12666666666666668 879 879 
0.5 0.2866666666666667 0.13333333333333333 874 874 
0.5 0.2866666666666667 0.14 785 785 
0.5 0.2866666666666667 0.14666666666666667 868 868 
0.5 0.2866666666666667 0.15333333333333332 796 796 
0.5 0.2866666666666667 0.16 798 798 
0.5 0.2866666666666667 0.16666666666666666 876 876 
0.5 0.2866666666666667 0.17333333333333334 840 840 
0.5 0.2866666666666667 0.18 807 807 
0.5 0.2866666666666667 0.18666666666666668 832 832 
0.5 0.2866666666666667 0.19333333333333333 839 839 
0.5 0.2866666666666667 0.2 817 817 
0.5 0.2866666666666667 0.20666666666666667 845 845 
0.5 0.2866666666666667 0.21333333333333335 821 821 
0.5 0.2866666666666667 0.22 831 831 
0.5 0.2866666666666667 0.22666666666666666 777 777 
0.5 0.2866666666666667 0.23333333333333334 801 801 
0.5 0.2866666666666667 0.24 820 820 
0.5 0.2866666666666667 0.24666666666666667 828 828 
0.5 0.2866666666666667 0.25333333333333335 846 846 
0.5 0.2866666666666667 0.26 844 844 
0.5 0.2866666666666667 0.26666666666666666 785 785 
0.5 0.2866666666666667 0.2733333333333333 827 827 
0.5 0.2866666666666667 0.28 866 866 
0.5 0.2866666666666667 0.2866666666666667 807 807 
0.5 0.2866666666666667 0.29333333333333333 848 848 
0.5 0.2866666666666667 0.3 848 848 
0.5 0.2866666666666667 0.30666666666666664 858 858 
0.5 0.2866666666666667 0.31333333333333335 869 869 
0.5 0.2866666666666667 0.32 834 834 
0.5 0.2866666666666667 0.32666666666666666 831 831 
0.5 0.2866666666666667 0.3333333333333333 818 818 
0.5 0.2866666666666667 0.34 855 855 
0.5 0.2866666666666667 0.3466666666666667 812 812 
0.5 0.2866666666666667 0.35333333333333333 867 867 
0.5 0.2866666666666667 0.36 792 792 
0.5 0.2866666666666667 0.36666666666666664 884 884 
0.5 0.2866666666666667 0.37333333333333335 866 866 
0.5 0.2866666666666667 0.38 870 870 
0.5 0.2866666666666667 0.38666666666666666 791 791 
0.5 0.2866666666666667 0.3933333333333333 880 880 
0.5 0.2866666666666667 0.4 876 876 
0.5 0.2866666666666667 0.4066666666666667 796 796 
0.5 0.2866666666666667 0.41333333333333333 824 824 
0.5 0.2866666666666667 0.42 824 824 
0.5 0.2866666666666667 0.4266666666666667 845 845 
0.5 0.2866666666666667 0.43333333333333335 871 871 
0.5 0.2866666666666667 0.44 813 813 
0.5 0.2866666666666667 0.44666666666666666 847 847 
0.5 0.2866666666666667 0.4533333333333333 826 826 
0.5 0.2866666666666667 0.46 832 832 
0.5 0.2866666666666667 0.4666666666666667 890 890 
0.5 0.2866666666666667 0.47333333333333333 872 872 
0.5 0.2866666666666667 0.48 818 818 
0.5 0.2866666666666667 0.4866666666666667 845 845 
0.5 0.2866666666666667 0.49333333333333335 855 855 
0.5 0.2866666666666667 0.5 784 784 
0.5 0.2866666666666667 0.5066666666666667 791 791 
0.5 0.2866666666666667 0.5133333333333333 863 863 
0.5 0.2866666666666667 0.52 843 843 
0.5 0.2866666666666667 0.5266666666666666 839 839 
0.5 0.2866666666666667 0.5333333333333333 840 840 
0.5 0.2866666666666667 0.54 807 807 
0.5 0.2866666666666667 0.5466666666666666 803 803 
0.5 0.2866666666666667 0.5533333333333333 853 853 
0.5 0.2866666666666667 0.56 807 807 
0.5 0.2866666666666667 0.5666666666666667 814 814 
0.5 0.2866666666666667 0.5733333333333334 871 871 
0.5 0.2866666666666667 0.58 837 837 
0.5 0.2866666666666667 0.5866666666666667 801 801 
0.5 0.2866666666666667 0.5933333333333334 833 833 
0.5 0.2866666666666667 0.6 847 847 
0.5 0.2866666666666667 0.6066666666666667 866 866 
0.5 0.2866666666666667 0.6133333333333333 851 851 
0.5 0.2866666666666667 0.62 812 812 
0.5 0.2866666666666667 0.6266666666666667 829 829 
0.5 0.2866666666666667 0.6333333333333333 878 878 
0.5 0.2866666666666667 0.64 770 770 
0.5 0.2866666666666667 0.6466666666666666 849 849 
0.5 0.2866666666666667 0.6533333333333333 841 841 
0.5 0.2866666666666667 0.66 818 818 
0.5 0.2866666666666667 0.6666666666666666 830 830 
0.5 0.2866666666666667 0.6733333333333333 765 765 
0.5 0.2866666666666667 0.68 813 813 
0.5 0.2866666666666667 0.6866666666666666 808 808 
0.5 0.2866666666666667 0.6933333333333334 825 825 
0.5 0.2866666666666667 0.7 841 841 
0.5 0.2866666666666667 0.7066666666666667 826 826 
0.5 0.2866666666666667 0.7133333333333334 787 787 
0.5 0.2866666666666667 0.72 794 794 
0.5 0.2866666666666667 0.7266666666666667 834 834 
0.5 0.2866666666666667 0.7333333333333333 867 867 
0.5 0.2866666666666667 0.74 855 855 
0.5 0.2866666666666667 0.7466666666666667 826 826 
0.5 0.2866666666666667 0.7533333333333333 803 803 
0.5 0.2866666666666667 0.76 855 855 
0.5 0.2866666666666667 0.7666666666666667 831 831 
0.5 0.2866666666666667 0.7733333333333333 842 842 
0.5 0.2866666666666667 0.78 791 791 
0.5 0.2866666666666667 0.7866666666666666 841 841 
0.5 0.2866666666666667 0.7933333333333333 866 866 
0.5 0.2866666666666667 0.8 809 809 
0.5 0.2866666666666667 0.8066666666666666 846 846 
0.5 0.2866666666666667 0.8133333333333334 866 866 
0.5 0.2866666666666667 0.82 830 830 
0.5 0.2866666666666667 0.8266666666666667 765 765 
0.5 0.2866666666666667 0.8333333333333334 859 859 
0.5 0.2866666666666667 0.84 844 844 
0.5 0.2866666666666667 0.8466666666666667 878 878 
0.5 0.2866666666666667 0.8533333333333334 815 815 
0.5 0.2866666666666667 0.86 833 833 
0.5 0.2866666666666667 0.8666666666666667 843 843 
0.5 0.2866666666666667 0.8733333333333333 852 852 
0.5 0.2866666666666667 0.88 860 860 
0.5 0.2866666666666667 0.8866666666666667 836 836 
0.5 0.2866666666666667 0.8933333333333333 847 847 
0.5 0.2866666666666667 0.9 795 795 
0.5 0.2866666666666667 0.9066666666666666 828 828 
0.5 0.2866666666666667 0.9133333333333333 845 845 
0.5 0.2866666666666667 0.92 816 816 
0.5 0.2866666666666667 0.9266666666666666 887 887 
0.5 0.2866666666666667 0.9333333333333333 852 852 
0.5 0.2866666666666667 0.94 851 851 
0.5 0.2866666666666667 0.9466666666666667 932 932 
0.5 0.2866666666666667 0.9533333333333334 757 757 
0.5 0.2866666666666667 0.96 979 979 
0.5 0.2866666666666667 0.9666666666666667 750 750 
0.5 0.2866666666666667 0.9733333333333334 669 669 
0.5 0.2866666666666667 0.98 1298 1298 
0.5 0.2866666666666667 0.9866666666666667 0 0 
0.5 0.2866666666666667 0.9933333333333333 0 0 
0.5 0.29333333333333333 0.0 0 0 
0.5 0.29333333333333333 0.006666666666666667 0 0 
0.5 0.29333333333333333 0.013333333333333334 1395 1395 
0.5 0.29333333333333333 0.02 722 722 
0.5 0.29333333333333333 0.02666666666666667 741 741 
0.5 0.29333333333333333 0.03333333333333333 978 978 
0.5 0.29333333333333333 0.04 806 806 
0.5 0.29333333333333333 0.04666666666666667 918 918 
0.5 0.29333333333333333 0.05333333333333334 871 871 
0.5 0.29333333333333333 0.06 818 818 
0.5 0.29333333333333333 0.06666666666666667 844 844 
0.5 0.29333333333333333 0.07333333333333333 852 852 
0.5 0.29333333333333333 0.08 833 833 
0.5 0.29333333333333333 0.08666666666666667 826 826 
0.5 0.29333333333333333 0.09333333333333334 852 852 
0.5 0.29333333333333333 0.1 835 835 
0.5 0.29333333333333333 0.10666666666666667 869 869 
0.5 0.29333333333333333 0.11333333333333333 808 808 
0.5 0.29333333333333333 0.12 799 799 
0.5 0.29333333333333333 0.12666666666666668 824 824 
0.5 0.29333333333333333 0.13333333333333333 821 821 
0.5 0.29333333333333333 0.14 837 837 
0.5 0.29333333333333333 0.14666666666666667 846 846 
0.5 0.29333333333333333 0.15333333333333332 823 823 
0.5 0.29333333333333333 0.16 842 842 
0.5 0.29333333333333333 0.16666666666666666 829 829 
0.5 0.29333333333333333 0.17333333333333334 816 816 
0.5 0.29333333333333333 0.18 835 835 
0.5 0.29333333333333333 0.18666666666666668 811 811 
0.5 0.29333333333333333 0.19333333333333333 840 840 
0.5 0.29333333333333333 0.2 827 827 
0.5 0.29333333333333333 0.20666666666666667 775 775 
0.5 0.29333333333333333 0.21333333333333335 801 801 
0.5 0.29333333333333333 0.22 792 792 
0.5 0.29333333333333333 0.22666666666666666 785 785 
0.5 0.29333333333333333 0.23333333333333334 840 840 
0.5 0.29333333333333333 0.24 868 868 
0.5 0.29333333333333333 0.24666666666666667 829 829 
0.5 0.29333333333333333 0.25333333333333335 793 793 
0.5 0.29333333333333333 0.26 839 839 
0.5 0.29333333333333333 0.26666666666666666 830 830 
0.5 0.29333333333333333 0.2733333333333333 882 882 
0.5 0.29333333333333333 0.28 836 836 
0.5 0.29333333333333333 0.2866666666666667 903 903 
0.5 0.29333333333333333 0.29333333333333333 786 786 
0.5 0.29333333333333333 0.3 852 852 
0.5 0.29333333333333333 0.30666666666666664 873 873 
0.5 0.29333333333333333 0.31333333333333335 821 821 
0.5 0.29333333333333333 0.32 839 839 
0.5 0.29333333333333333 0.32666666666666666 796 796 
0.5 0.29333333333333333 0.3333333333333333 807 807 
0.5 0.29333333333333333 0.34 857 857 
0.5 0.29333333333333333 0.3466666666666667 817 817 
0.5 0.29333333333333333 0.35333333333333333 867 867 
0.5 0.29333333333333333 0.36 864 864 
0.5 0.29333333333333333 0.36666666666666664 849 849 
0.5 0.29333333333333333 0.37333333333333335 816 816 
0.5 0.29333333333333333 0.38 810 810 
0.5 0.29333333333333333 0.38666666666666666 842 842 
0.5 0.29333333333333333 0.3933333333333333 812 812 
0.5 0.29333333333333333 0.4 844 844 
0.5 0.29333333333333333 0.4066666666666667 827 827 
0.5 0.29333333333333333 0.41333333333333333 884 884 
0.5 0.29333333333333333 0.42 880 880 
0.5 0.29333333333333333 0.4266666666666667 867 867 
0.5 0.29333333333333333 0.43333333333333335 864 864 
0.5 0.29333333333333333 0.44 877 877 
0.5 0.29333333333333333 0.44666666666666666 827 827 
0.5 0.29333333333333333 0.4533333333333333 817 817 
0.5 0.29333333333333333 0.46 840 840 
0.5 0.29333333333333333 0.4666666666666667 798 798 
0.5 0.29333333333333333 0.47333333333333333 791 791 
0.5 0.29333333333333333 0.48 834 834 
0.5 0.29333333333333333 0.4866666666666667 802 802 
0.5 0.29333333333333333 0.49333333333333335 867 867 
0.5 0.29333333333333333 0.5 769 769 
0.5 0.29333333333333333 0.5066666666666667 812 812 
0.5 0.29333333333333333 0.5133333333333333 797 797 
0.5 0.29333333333333333 0.52 849 849 
0.5 0.29333333333333333 0.5266666666666666 853 853 
0.5 0.29333333333333333 0.5333333333333333 838 838 
0.5 0.29333333333333333 0.54 751 751 
0.5 0.29333333333333333 0.5466666666666666 833 833 
0.5 0.29333333333333333 0.5533333333333333 825 825 
0.5 0.29333333333333333 0.56 804 804 
0.5 0.29333333333333333 0.5666666666666667 884 884 
0.5 0.29333333333333333 0.5733333333333334 867 867 
0.5 0.29333333333333333 0.58 852 852 
0.5 0.29333333333333333 0.5866666666666667 849 849 
0.5 0.29333333333333333 0.5933333333333334 825 825 
0.5 0.29333333333333333 0.6 813 813 
0.5 0.29333333333333333 0.6066666666666667 772 772 
0.5 0.29333333333333333 0.6133333333333333 811 811 
0.5 0.29333333333333333 0.62 803 803 
0.5 0.29333333333333333 0.6266666666666667 797 797 
0.5 0.29333333333333333 0.6333333333333333 788 788 
0.5 0.29333333333333333 0.64 843 843 
0.5 0.29333333333333333 0.6466666666666666 817 817 
0.5 0.29333333333333333 0.6533333333333333 853 853 
0.5 0.29333333333333333 0.66 878 878 
0.5 0.29333333333333333 0.6666666666666666 858 858 
0.5 0.29333333333333333 0.6733333333333333 824 824 
0.5 0.29333333333333333 0.68 872 872 
0.5 0.29333333333333333 0.6866666666666666 832 832 
0.5 0.29333333333333333 0.6933333333333334 863 863 
0.5 0.29333333333333333 0.7 810 810 
0.5 0.29333333333333333 0.7066666666666667 810 810 
0.5 0.29333333333333333 0.7133333333333334 859 859 
0.5 0.29333333333333333 0.72 774 774 
0.5 0.29333333333333333 0.7266666666666667 833 833 
0.5 0.29333333333333333 0.7333333333333333 843 843 
0.5 0.29333333333333333 0.74 828 828 
0.5 0.29333333333333333 0.7466666666666667 819 819 
0.5 0.29333333333333333 0.7533333333333333 855 855 
0.5 0.29333333333333333 0.76 842 842 
0.5 0.29333333333333333 0.7666666666666667 836 836 
0.5 0.29333333333333333 0.7733333333333333 759 759 
0.5 0.29333333333333333 0.78 856 856 
0.5 0.29333333333333333 0.7866666666666666 845 845 
0.5 0.29333333333333333 0.7933333333333333 821 821 
0.5 0.29333333333333333 0.8 901 901 
0.5 0.29333333333333333 0.8066666666666666 824 824 
0.5 0.29333333333333333 0.8133333333333334 784 784 
0.5 0.29333333333333333 0.82 798 798 
0.5 0.29333333333333333 0.8266666666666667 870 870 
0.5 0.29333333333333333 0.8333333333333334 801 801 
0.5 0.29333333333333333 0.84 837 837 
0.5 0.29333333333333333 0.8466666666666667 839 839 
0.5 0.29333333333333333 0.8533333333333334 860 860 
0.5 0.29333333333333333 0.86 841 841 
0.5 0.29333333333333333 0.8666666666666667 837 837 
0.5 0.29333333333333333 0.8733333333333333 835 835 
0.5 0.29333333333333333 0.88 781 781 
0.5 0.29333333333333333 0.8866666666666667 869 869 
0.5 0.29333333333333333 0.8933333333333333 826 826 
0.5 0.29333333333333333 0.9 886 886 
0.5 0.29333333333333333 0.9066666666666666 855 855 
0.5 0.29333333333333333 0.9133333333333333 850 850 
0.5 0.29333333333333333 0.92 840 840 
0.5 0.29333333333333333 0.9266666666666666 894 894 
0.5 0.29333333333333333 0.9333333333333333 885 885 
0.5 0.29333333333333333 0.94 818 818 
0.5 0.29333333333333333 0.9466666666666667 902 902 
0.5 0.29333333333333333 0.9533333333333334 758 758 
0.5 0.29333333333333333 0.96 995 995 
0.5 0.29333333333333333 0.9666666666666667 748 748 
0.5 0.29333333333333333 0.9733333333333334 670 670 
0.5 0.29333333333333333 0.98 1403 1403 
0.5 0.29333333333333333 0.9866666666666667 0 0 
0.5 0.29333333333333333 0.9933333333333333 0 0 
0.5 0.3 0.0 0 0 
0.5 0.3 0.006666666666666667 0 0 
0.5 0.3 0.013333333333333334 1321 1321 
0.5 0.3 0.02 689 689 
0.5 0.3 0.02666666666666667 761 761 
0.5 0.3 0.03333333333333333 1027 1027 
0.5 0.3 0.04 814 814 
0.5 0.3 0.04666666666666667 926 926 
0.5 0.3 0.05333333333333334 876 876 
0.5 0.3 0.06 871 871 
0.5 0.3 0.06666666666666667 905 905 
0.5 0.3 0.07333333333333333 832 832 
0.5 0.3 0.08 816 816 
0.5 0.3 0.08666666666666667 832 832 
0.5 0.3 0.09333333333333334 803 803 
0.5 0.3 0.1 820 820 
0.5 0.3 0.10666666666666667 917 917 
0.5 0.3 0.11333333333333333 811 811 
0.5 0.3 0.12 834 834 
0.5 0.3 0.12666666666666668 795 795 
0.5 0.3 0.13333333333333333 833 833 
0.5 0.3 0.14 846 846 
0.5 0.3 0.14666666666666667 882 882 
0.5 0.3 0.15333333333333332 852 852 
0.5 0.3 0.16 846 846 
0.5 0.3 0.16666666666666666 801 801 
0.5 0.3 0.17333333333333334 895 895 
0.5 0.3 0.18 861 861 
0.5 0.3 0.18666666666666668 775 775 
0.5 0.3 0.19333333333333333 864 864 
0.5 0.3 0.2 832 832 
0.5 0.3 0.20666666666666667 829 829 
0.5 0.3 0.21333333333333335 869 869 
0.5 0.3 0.22 848 848 
0.5 0.3 0.22666666666666666 829 829 
0.5 0.3 0.23333333333333334 876 876 
0.5 0.3 0.24 809 809 
0.5 0.3 0.24666666666666667 861 861 
0.5 0.3 0.25333333333333335 824 824 
0.5 0.3 0.26 826 826 
0.5 0.3 0.26666666666666666 833 833 
0.5 0.3 0.2733333333333333 815 815 
0.5 0.3 0.28 821 821 
0.5 0.3 0.2866666666666667 857 857 
0.5 0.3 0.29333333333333333 813 813 
0.5 0.3 0.3 836 836 
0.5 0.3 0.30666666666666664 832 832 
0.5 0.3 0.31333333333333335 828 828 
0.5 0.3 0.32 826 826 
0.5 0.3 0.32666666666666666 830 830 
0.5 0.3 0.3333333333333333 867 867 
0.5 0.3 0.34 863 863 
0.5 0.3 0.3466666666666667 877 877 
0.5 0.3 0.35333333333333333 837 837 
0.5 0.3 0.36 861 861 
0.5 0.3 0.36666666666666664 813 813 
0.5 0.3 0.37333333333333335 847 847 
0.5 0.3 0.38 854 854 
0.5 0.3 0.38666666666666666 833 833 
0.5 0.3 0.3933333333333333 793 793 
0.5 0.3 0.4 855 855 
0.5 0.3 0.4066666666666667 842 842 
0.5 0.3 0.41333333333333333 767 767 
0.5 0.3 0.42 815 815 
0.5 0.3 0.4266666666666667 901 901 
0.5 0.3 0.43333333333333335 814 814 
0.5 0.3 0.44 840 840 
0.5 0.3 0.44666666666666666 829 829 
0.5 0.3 0.4533333333333333 887 887 
0.5 0.3 0.46 823 823 
0.5 0.3 0.4666666666666667 799 799 
0.5 0.3 0.47333333333333333 815 815 
0.5 0.3 0.48 851 851 
0.5 0.3 0.4866666666666667 878 878 
0.5 0.3 0.49333333333333335 818 818 
0.5 0.3 0.5 852 852 
0.5 0.3 0.5066666666666667 811 811 
0.5 0.3 0.5133333333333333 869 869 
0.5 0.3 0.52 840 840 
0.5 0.3 0.5266666666666666 859 859 
0.5 0.3 0.5333333333333333 872 872 
0.5 0.3 0.54 775 775 
0.5 0.3 0.5466666666666666 853 853 
0.5 0.3 0.5533333333333333 848 848 
0.5 0.3 0.56 791 791 
0.5 0.3 0.5666666666666667 821 821 
0.5 0.3 0.5733333333333334 847 847 
0.5 0.3 0.58 819 819 
0.5 0.3 0.5866666666666667 857 857 
0.5 0.3 0.5933333333333334 876 876 
0.5 0.3 0.6 860 860 
0.5 0.3 0.6066666666666667 793 793 
0.5 0.3 0.6133333333333333 875 875 
0.5 0.3 0.62 799 799 
0.5 0.3 0.6266666666666667 831 831 
0.5 0.3 0.6333333333333333 884 884 
0.5 0.3 0.64 780 780 
0.5 0.3 0.6466666666666666 783 783 
0.5 0.3 0.6533333333333333 841 841 
0.5 0.3 0.66 846 846 
0.5 0.3 0.6666666666666666 809 809 
0.5 0.3 0.6733333333333333 808 808 
0.5 0.3 0.68 824 824 
0.5 0.3 0.6866666666666666 830 830 
0.5 0.3 0.6933333333333334 790 790 
0.5 0.3 0.7 798 798 
0.5 0.3 0.7066666666666667 812 812 
0.5 0.3 0.7133333333333334 791 791 
0.5 0.3 0.72 811 811 
0.5 0.3 0.7266666666666667 791 791 
0.5 0.3 0.7333333333333333 853 853 
0.5 0.3 0.74 845 845 
0.5 0.3 0.7466666666666667 808 808 
0.5 0.3 0.7533333333333333 846 846 
0.5 0.3 0.76 865 865 
0.5 0.3 0.7666666666666667 849 849 
0.5 0.3 0.7733333333333333 870 870 
0.5 0.3 0.78 828 828 
0.5 0.3 0.7866666666666666 914 914 
0.5 0.3 0.7933333333333333 772 772 
0.5 0.3 0.8 831 831 
0.5 0.3 0.8066666666666666 823 823 
0.5 0.3 0.8133333333333334 836 836 
0.5 0.3 0.82 815 815 
0.5 0.3 0.8266666666666667 841 841 
0.5 0.3 0.8333333333333334 812 812 
0.5 0.3 0.84 768 768 
0.5 0.3 0.8466666666666667 845 845 
0.5 0.3 0.8533333333333334 786 786 
0.5 0.3 0.86 871 871 
0.5 0.3 0.8666666666666667 799 799 
0.5 0.3 0.8733333333333333 856 856 
0.5 0.3 0.88 794 794 
0.5 0.3 0.8866666666666667 858 858 
0.5 0.3 0.8933333333333333 825 825 
0.5 0.3 0.9 782 782 
0.5 0.3 0.9066666666666666 864 864 
0.5 0.3 0.9133333333333333 872 872 
0.5 0.3 0.92 853 853 
0.5 0.3 0.9266666666666666 947 947 
0.5 0.3 0.9333333333333333 842 842 
0.5 0.3 0.94 841 841 
0.5 0.3 0.9466666666666667 855 855 
0.5 0.3 0.9533333333333334 785 785 
0.5 0.3 0.96 970 970 
0.5 0.3 0.9666666666666667 738 738 
0.5 0.3 0.9733333333333334 706 706 
0.5 0.3 0.98 1348 1348 
0.5 0.3 0.9866666666666667 0 0 
0.5 0.3 0.9933333333333333 0 0 
0.5 0.30666666666666664 0.0 0 0 
0.5 0.30666666666666664 0.006666666666666667 0 0 
0.5 0.30666666666666664 0.013333333333333334 1336 1336 
0.5 0.30666666666666664 0.02 727 727 
0.5 0.30666666666666664 0.02666666666666667 776 776 
0.5 0.30666666666666664 0.03333333333333333 921 921 
0.5 0.30666666666666664 0.04 765 765 
0.5 0.30666666666666664 0.04666666666666667 884 884 
0.5 0.30666666666666664 0.05333333333333334 845 845 
0.5 0.30666666666666664 0.06 855 855 
0.5 0.30666666666666664 0.06666666666666667 849 849 
0.5 0.30666666666666664 0.07333333333333333 818 818 
0.5 0.30666666666666664 0.08 852 852 
0.5 0.30666666666666664 0.08666666666666667 877 877 
0.5 0.30666666666666664 0.09333333333333334 836 836 
0.5 0.30666666666666664 0.1 867 867 
0.5 0.30666666666666664 0.10666666666666667 868 868 
0.5 0.30666666666666664 0.11333333333333333 845 845 
0.5 0.30666666666666664 0.12 849 849 
0.5 0.30666666666666664 0.12666666666666668 846 846 
0.5 0.30666666666666664 0.13333333333333333 875 875 
0.5 0.30666666666666664 0.14 816 816 
0.5 0.30666666666666664 0.14666666666666667 856 856 
0.5 0.30666666666666664 0.15333333333333332 857 857 
0.5 0.30666666666666664 0.16 850 850 
0.5 0.30666666666666664 0.16666666666666666 824 824 
0.5 0.30666666666666664 0.17333333333333334 865 865 
0.5 0.30666666666666664 0.18 878 878 
0.5 0.30666666666666664 0.18666666666666668 788 788 
0.5 0.30666666666666664 0.19333333333333333 854 854 
0.5 0.30666666666666664 0.2 883 883 
0.5 0.30666666666666664 0.20666666666666667 805 805 
0.5 0.30666666666666664 0.21333333333333335 848 848 
0.5 0.30666666666666664 0.22 866 866 
0.5 0.30666666666666664 0.22666666666666666 818 818 
0.5 0.30666666666666664 0.23333333333333334 833 833 
0.5 0.30666666666666664 0.24 841 841 
0.5 0.30666666666666664 0.24666666666666667 827 827 
0.5 0.30666666666666664 0.25333333333333335 841 841 
0.5 0.30666666666666664 0.26 878 878 
0.5 0.30666666666666664 0.26666666666666666 824 824 
0.5 0.30666666666666664 0.2733333333333333 844 844 
0.5 0.30666666666666664 0.28 791 791 
0.5 0.30666666666666664 0.2866666666666667 835 835 
0.5 0.30666666666666664 0.29333333333333333 849 849 
0.5 0.30666666666666664 0.3 835 835 
0.5 0.30666666666666664 0.30666666666666664 821 821 
0.5 0.30666666666666664 0.31333333333333335 857 857 
0.5 0.30666666666666664 0.32 854 854 
0.5 0.30666666666666664 0.32666666666666666 799 799 
0.5 0.30666666666666664 0.3333333333333333 827 827 
0.5 0.30666666666666664 0.34 830 830 
0.5 0.30666666666666664 0.3466666666666667 817 817 
0.5 0.30666666666666664 0.35333333333333333 823 823 
0.5 0.30666666666666664 0.36 835 835 
0.5 0.30666666666666664 0.36666666666666664 843 843 
0.5 0.30666666666666664 0.37333333333333335 815 815 
0.5 0.30666666666666664 0.38 824 824 
0.5 0.30666666666666664 0.38666666666666666 847 847 
0.5 0.30666666666666664 0.3933333333333333 767 767 
0.5 0.30666666666666664 0.4 862 862 
0.5 0.30666666666666664 0.4066666666666667 794 794 
0.5 0.30666666666666664 0.41333333333333333 833 833 
0.5 0.30666666666666664 0.42 883 883 
0.5 0.30666666666666664 0.4266666666666667 790 790 
0.5 0.30666666666666664 0.43333333333333335 829 829 
0.5 0.30666666666666664 0.44 790 790 
0.5 0.30666666666666664 0.44666666666666666 805 805 
0.5 0.30666666666666664 0.4533333333333333 796 796 
0.5 0.30666666666666664 0.46 849 849 
0.5 0.30666666666666664 0.4666666666666667 868 868 
0.5 0.30666666666666664 0.47333333333333333 870 870 
0.5 0.30666666666666664 0.48 833 833 
0.5 0.30666666666666664 0.4866666666666667 800 800 
0.5 0.30666666666666664 0.49333333333333335 816 816 
0.5 0.30666666666666664 0.5 854 854 
0.5 0.30666666666666664 0.5066666666666667 823 823 
0.5 0.30666666666666664 0.5133333333333333 808 808 
0.5 0.30666666666666664 0.52 865 865 
0.5 0.30666666666666664 0.5266666666666666 833 833 
0.5 0.30666666666666664 0.5333333333333333 861 861 
0.5 0.30666666666666664 0.54 803 803 
0.5 0.30666666666666664 0.5466666666666666 882 882 
0.5 0.30666666666666664 0.5533333333333333 847 847 
0.5 0.30666666666666664 0.56 867 867 
0.5 0.30666666666666664 0.5666666666666667 882 882 
0.5 0.30666666666666664 0.5733333333333334 822 822 
0.5 0.30666666666666664 0.58 882 882 
0.5 0.30666666666666664 0.5866666666666667 874 874 
0.5 0.30666666666666664 0.5933333333333334 841 841 
0.5 0.30666666666666664 0.6 860 860 
0.5 0.30666666666666664 0.6066666666666667 820 820 
0.5 0.30666666666666664 0.6133333333333333 897 897 
0.5 0.30666666666666664 0.62 839 839 
0.5 0.30666666666666664 0.6266666666666667 826 826 
0.5 0.30666666666666664 0.6333333333333333 844 844 
0.5 0.30666666666666664 0.64 864 864 
0.5 0.30666666666666664 0.6466666666666666 816 816 
0.5 0.30666666666666664 0.6533333333333333 801 801 
0.5 0.30666666666666664 0.66 840 840 
0.5 0.30666666666666664 0.6666666666666666 810 810 
0.5 0.30666666666666664 0.6733333333333333 829 829 
0.5 0.30666666666666664 0.68 869 869 
0.5 0.30666666666666664 0.6866666666666666 797 797 
0.5 0.30666666666666664 0.6933333333333334 806 806 
0.5 0.30666666666666664 0.7 739 739 
0.5 0.30666666666666664 0.7066666666666667 830 830 
0.5 0.30666666666666664 0.7133333333333334 843 843 
0.5 0.30666666666666664 0.72 841 841 
0.5 0.30666666666666664 0.7266666666666667 865 865 
0.5 0.30666666666666664 0.7333333333333333 818 818 
0.5 0.30666666666666664 0.74 851 851 
0.5 0.30666666666666664 0.7466666666666667 816 816 
0.5 0.30666666666666664 0.7533333333333333 865 865 
0.5 0.30666666666666664 0.76 776 776 
0.5 0.30666666666666664 0.7666666666666667 862 862 
0.5 0.30666666666666664 0.7733333333333333 870 870 
0.5 0.30666666666666664 0.78 854 854 
0.5 0.30666666666666664 0.7866666666666666 807 807 
0.5 0.30666666666666664 0.7933333333333333 807 807 
0.5 0.30666666666666664 0.8 846 846 
0.5 0.30666666666666664 0.8066666666666666 786 786 
0.5 0.30666666666666664 0.8133333333333334 804 804 
0.5 0.30666666666666664 0.82 820 820 
0.5 0.30666666666666664 0.8266666666666667 837 837 
0.5 0.30666666666666664 0.8333333333333334 827 827 
0.5 0.30666666666666664 0.84 787 787 
0.5 0.30666666666666664 0.8466666666666667 843 843 
0.5 0.30666666666666664 0.8533333333333334 867 867 
0.5 0.30666666666666664 0.86 804 804 
0.5 0.30666666666666664 0.8666666666666667 791 791 
0.5 0.30666666666666664 0.8733333333333333 845 845 
0.5 0.30666666666666664 0.88 864 864 
0.5 0.30666666666666664 0.8866666666666667 882 882 
0.5 0.30666666666666664 0.8933333333333333 798 798 
0.5 0.30666666666666664 0.9 883 883 
0.5 0.30666666666666664 0.9066666666666666 857 857 
0.5 0.30666666666666664 0.9133333333333333 824 824 
0.5 0.30666666666666664 0.92 792 792 
0.5 0.30666666666666664 0.9266666666666666 861 861 
0.5 0.30666666666666664 0.9333333333333333 823 823 
0.5 0.30666666666666664 0.94 819 819 
0.5 0.30666666666666664 0.9466666666666667 888 888 
0.5 0.30666666666666664 0.9533333333333334 813 813 
0.5 0.30666666666666664 0.96 976 976 
0.5 0.30666666666666664 0.9666666666666667 775 775 
0.5 0.30666666666666664 0.9733333333333334 695 695 
0.5 0.30666666666666664 0.98 1326 1326 
0.5 0.30666666666666664 0.9866666666666667 0 0 
0.5 0.30666666666666664 0.9933333333333333 0 0 
0.5 0.31333333333333335 0.0 0 0 
0.5 0.31333333333333335 0.006666666666666667 0 0 
0.5 0.31333333333333335 0.013333333333333334 1374 1374 
0.5 0.31333333333333335 0.02 677 677 
0.5 0.31333333333333335 0.02666666666666667 738 738 
0.5 0.31333333333333335 0.03333333333333333 963 963 
0.5 0.31333333333333335 0.04 827 827 
0.5 0.31333333333333335 0.04666666666666667 921 921 
0.5 0.31333333333333335 0.05333333333333334 873 873 
0.5 0.31333333333333335 0.06 837 837 
0.5 0.31333333333333335 0.06666666666666667 856 856 
0.5 0.31333333333333335 0.07333333333333333 857 857 
0.5 0.31333333333333335 0.08 859 859 
0.5 0.31333333333333335 0.08666666666666667 778 778 
0.5 0.31333333333333335 0.09333333333333334 829 829 
0.5 0.31333333333333335 0.1 860 860 
0.5 0.31333333333333335 0.10666666666666667 812 812 
0.5 0.31333333333333335 0.11333333333333333 854 854 
0.5 0.31333333333333335 0.12 794 794 
0.5 0.31333333333333335 0.12666666666666668 844 844 
0.5 0.31333333333333335 0.13333333333333333 819 819 
0.5 0.31333333333333335 0.14 808 808 
0.5 0.31333333333333335 0.14666666666666667 813 813 
0.5 0.31333333333333335 0.15333333333333332 851 851 
0.5 0.31333333333333335 0.16 812 812 
0.5 0.31333333333333335 0.16666666666666666 848 848 
0.5 0.31333333333333335 0.17333333333333334 877 877 
0.5 0.31333333333333335 0.18 791 791 
0.5 0.31333333333333335 0.18666666666666668 810 810 
0.5 0.31333333333333335 0.19333333333333333 795 795 
0.5 0.31333333333333335 0.2 806 806 
0.5 0.31333333333333335 0.20666666666666667 865 865 
0.5 0.31333333333333335 0.21333333333333335 805 805 
0.5 0.31333333333333335 0.22 840 840 
0.5 0.31333333333333335 0.22666666666666666 829 829 
0.5 0.31333333333333335 0.23333333333333334 845 845 
0.5 0.31333333333333335 0.24 841 841 
0.5 0.31333333333333335 0.24666666666666667 875 875 
0.5 0.31333333333333335 0.25333333333333335 822 822 
0.5 0.31333333333333335 0.26 827 827 
0.5 0.31333333333333335 0.26666666666666666 805 805 
0.5 0.31333333333333335 0.2733333333333333 819 819 
0.5 0.31333333333333335 0.28 815 815 
0.5 0.31333333333333335 0.2866666666666667 858 858 
0.5 0.31333333333333335 0.29333333333333333 786 786 
0.5 0.31333333333333335 0.3 877 877 
0.5 0.31333333333333335 0.30666666666666664 807 807 
0.5 0.31333333333333335 0.31333333333333335 839 839 
0.5 0.31333333333333335 0.32 868 868 
0.5 0.31333333333333335 0.32666666666666666 825 825 
0.5 0.31333333333333335 0.3333333333333333 841 841 
0.5 0.31333333333333335 0.34 783 783 
0.5 0.31333333333333335 0.3466666666666667 810 810 
0.5 0.31333333333333335 0.35333333333333333 864 864 
0.5 0.31333333333333335 0.36 825 825 
0.5 0.31333333333333335 0.36666666666666664 861 861 
0.5 0.31333333333333335 0.37333333333333335 821 821 
0.5 0.31333333333333335 0.38 839 839 
0.5 0.31333333333333335 0.38666666666666666 853 853 
0.5 0.31333333333333335 0.3933333333333333 774 774 
0.5 0.31333333333333335 0.4 866 866 
0.5 0.31333333333333335 0.4066666666666667 811 811 
0.5 0.31333333333333335 0.41333333333333333 842 842 
0.5 0.31333333333333335 0.42 844 844 
0.5 0.31333333333333335 0.4266666666666667 841 841 
0.5 0.31333333333333335 0.43333333333333335 847 847 
0.5 0.31333333333333335 0.44 863 863 
0.5 0.31333333333333335 0.44666666666666666 856 856 
0.5 0.31333333333333335 0.4533333333333333 873 873 
0.5 0.31333333333333335 0.46 813 813 
0.5 0.31333333333333335 0.4666666666666667 834 834 
0.5 0.31333333333333335 0.47333333333333333 844 844 
0.5 0.31333333333333335 0.48 843 843 
0.5 0.31333333333333335 0.4866666666666667 808 808 
0.5 0.31333333333333335 0.49333333333333335 854 854 
0.5 0.31333333333333335 0.5 870 870 
0.5 0.31333333333333335 0.5066666666666667 807 807 
0.5 0.31333333333333335 0.5133333333333333 852 852 
0.5 0.31333333333333335 0.52 834 834 
0.5 0.31333333333333335 0.5266666666666666 823 823 
0.5 0.31333333333333335 0.5333333333333333 846 846 
0.5 0.31333333333333335 0.54 841 841 
0.5 0.31333333333333335 0.5466666666666666 847 847 
0.5 0.31333333333333335 0.5533333333333333 833 833 
0.5 0.31333333333333335 0.56 780 780 
0.5 0.31333333333333335 0.5666666666666667 823 823 
0.5 0.31333333333333335 0.5733333333333334 814 814 
0.5 0.31333333333333335 0.58 800 800 
0.5 0.31333333333333335 0.5866666666666667 825 825 
0.5 0.31333333333333335 0.5933333333333334 776 776 
0.5 0.31333333333333335 0.6 853 853 
0.5 0.31333333333333335 0.6066666666666667 837 837 
0.5 0.31333333333333335 0.6133333333333333 844 844 
0.5 0.31333333333333335 0.62 816 816 
0.5 0.31333333333333335 0.6266666666666667 843 843 
0.5 0.31333333333333335 0.6333333333333333 839 839 
0.5 0.31333333333333335 0.64 789 789 
0.5 0.31333333333333335 0.6466666666666666 804 804 
0.5 0.31333333333333335 0.6533333333333333 798 798 
0.5 0.31333333333333335 0.66 824 824 
0.5 0.31333333333333335 0.6666666666666666 808 808 
0.5 0.31333333333333335 0.6733333333333333 826 826 
0.5 0.31333333333333335 0.68 868 868 
0.5 0.31333333333333335 0.6866666666666666 829 829 
0.5 0.31333333333333335 0.6933333333333334 818 818 
0.5 0.31333333333333335 0.7 803 803 
0.5 0.31333333333333335 0.7066666666666667 788 788 
0.5 0.31333333333333335 0.7133333333333334 820 820 
0.5 0.31333333333333335 0.72 855 855 
0.5 0.31333333333333335 0.7266666666666667 858 858 
0.5 0.31333333333333335 0.7333333333333333 808 808 
0.5 0.31333333333333335 0.74 855 855 
0.5 0.31333333333333335 0.7466666666666667 809 809 
0.5 0.31333333333333335 0.7533333333333333 893 893 
0.5 0.31333333333333335 0.76 833 833 
0.5 0.31333333333333335 0.7666666666666667 801 801 
0.5 0.31333333333333335 0.7733333333333333 814 814 
0.5 0.31333333333333335 0.78 829 829 
0.5 0.31333333333333335 0.7866666666666666 902 902 
0.5 0.31333333333333335 0.7933333333333333 844 844 
0.5 0.31333333333333335 0.8 818 818 
0.5 0.31333333333333335 0.8066666666666666 856 856 
0.5 0.31333333333333335 0.8133333333333334 824 824 
0.5 0.31333333333333335 0.82 834 834 
0.5 0.31333333333333335 0.8266666666666667 797 797 
0.5 0.31333333333333335 0.8333333333333334 809 809 
0.5 0.31333333333333335 0.84 822 822 
0.5 0.31333333333333335 0.8466666666666667 830 830 
0.5 0.31333333333333335 0.8533333333333334 842 842 
0.5 0.31333333333333335 0.86 810 810 
0.5 0.31333333333333335 0.8666666666666667 837 837 
0.5 0.31333333333333335 0.8733333333333333 806 806 
0.5 0.31333333333333335 0.88 771 771 
0.5 0.31333333333333335 0.8866666666666667 829 829 
0.5 0.31333333333333335 0.8933333333333333 838 838 
0.5 0.31333333333333335 0.9 849 849 
0.5 0.31333333333333335 0.9066666666666666 841 841 
0.5 0.31333333333333335 0.9133333333333333 840 840 
0.5 0.31333333333333335 0.92 857 857 
0.5 0.31333333333333335 0.9266666666666666 835 835 
0.5 0.31333333333333335 0.9333333333333333 861 861 
0.5 0.31333333333333335 0.94 919 919 
0.5 0.31333333333333335 0.9466666666666667 873 873 
0.5 0.31333333333333335 0.9533333333333334 767 767 
0.5 0.31333333333333335 0.96 986 986 
0.5 0.31333333333333335 0.9666666666666667 686 686 
0.5 0.31333333333333335 0.9733333333333334 696 696 
0.5 0.31333333333333335 0.98 1358 1358 
0.5 0.31333333333333335 0.9866666666666667 0 0 
0.5 0.31333333333333335 0.9933333333333333 0 0 
0.5 0.32 0.0 0 0 
0.5 0.32 0.006666666666666667 0 0 
0.5 0.32 0.013333333333333334 1395 1395 
0.5 0.32 0.02 680 680 
0.5 0.32 0.02666666666666667 747 747 
0.5 0.32 0.03333333333333333 971 971 
0.5 0.32 0.04 762 762 
0.5 0.32 0.04666666666666667 843 843 
0.5 0.32 0.05333333333333334 900 900 
0.5 0.32 0.06 845 845 
0.5 0.32 0.06666666666666667 860 860 
0.5 0.32 0.07333333333333333 925 925 
0.5 0.32 0.08 886 886 
0.5 0.32 0.08666666666666667 801 801 
0.5 0.32 0.09333333333333334 855 855 
0.5 0.32 0.1 856 856 
0.5 0.32 0.10666666666666667 853 853 
0.5 0.32 0.11333333333333333 853 853 
0.5 0.32 0.12 838 838 
0.5 0.32 0.12666666666666668 829 829 
0.5 0.32 0.13333333333333333 853 853 
0.5 0.32 0.14 812 812 
0.5 0.32 0.14666666666666667 821 821 
0.5 0.32 0.15333333333333332 794 794 
0.5 0.32 0.16 825 825 
0.5 0.32 0.16666666666666666 887 887 
0.5 0.32 0.17333333333333334 777 777 
0.5 0.32 0.18 828 828 
0.5 0.32 0.18666666666666668 861 861 
0.5 0.32 0.19333333333333333 809 809 
0.5 0.32 0.2 844 844 
0.5 0.32 0.20666666666666667 798 798 
0.5 0.32 0.21333333333333335 804 804 
0.5 0.32 0.22 849 849 
0.5 0.32 0.22666666666666666 824 824 
0.5 0.32 0.23333333333333334 876 876 
0.5 0.32 0.24 795 795 
0.5 0.32 0.24666666666666667 836 836 
0.5 0.32 0.25333333333333335 864 864 
0.5 0.32 0.26 828 828 
0.5 0.32 0.26666666666666666 859 859 
0.5 0.32 0.2733333333333333 882 882 
0.5 0.32 0.28 861 861 
0.5 0.32 0.2866666666666667 830 830 
0.5 0.32 0.29333333333333333 845 845 
0.5 0.32 0.3 867 867 
0.5 0.32 0.30666666666666664 849 849 
0.5 0.32 0.31333333333333335 815 815 
0.5 0.32 0.32 852 852 
0.5 0.32 0.32666666666666666 807 807 
0.5 0.32 0.3333333333333333 865 865 
0.5 0.32 0.34 941 941 
0.5 0.32 0.3466666666666667 852 852 
0.5 0.32 0.35333333333333333 818 818 
0.5 0.32 0.36 843 843 
0.5 0.32 0.36666666666666664 826 826 
0.5 0.32 0.37333333333333335 797 797 
0.5 0.32 0.38 815 815 
0.5 0.32 0.38666666666666666 779 779 
0.5 0.32 0.3933333333333333 810 810 
0.5 0.32 0.4 838 838 
0.5 0.32 0.4066666666666667 839 839 
0.5 0.32 0.41333333333333333 845 845 
0.5 0.32 0.42 796 796 
0.5 0.32 0.4266666666666667 839 839 
0.5 0.32 0.43333333333333335 826 826 
0.5 0.32 0.44 827 827 
0.5 0.32 0.44666666666666666 862 862 
0.5 0.32 0.4533333333333333 805 805 
0.5 0.32 0.46 808 808 
0.5 0.32 0.4666666666666667 853 853 
0.5 0.32 0.47333333333333333 862 862 
0.5 0.32 0.48 836 836 
0.5 0.32 0.4866666666666667 837 837 
0.5 0.32 0.49333333333333335 868 868 
0.5 0.32 0.5 860 860 
0.5 0.32 0.5066666666666667 901 901 
0.5 0.32 0.5133333333333333 757 757 
0.5 0.32 0.52 788 788 
0.5 0.32 0.5266666666666666 769 769 
0.5 0.32 0.5333333333333333 807 807 
0.5 0.32 0.54 858 858 
0.5 0.32 0.5466666666666666 819 819 
0.5 0.32 0.5533333333333333 827 827 
0.5 0.32 0.56 882 882 
0.5 0.32 0.5666666666666667 781 781 
0.5 0.32 0.5733333333333334 791 791 
0.5 0.32 0.58 857 857 
0.5 0.32 0.5866666666666667 796 796 
0.5 0.32 0.5933333333333334 841 841 
0.5 0.32 0.6 888 888 
0.5 0.32 0.6066666666666667 794 794 
0.5 0.32 0.6133333333333333 828 828 
0.5 0.32 0.62 812 812 
0.5 0.32 0.6266666666666667 845 845 
0.5 0.32 0.6333333333333333 815 815 
0.5 0.32 0.64 829 829 
0.5 0.32 0.6466666666666666 836 836 
0.5 0.32 0.6533333333333333 860 860 
0.5 0.32 0.66 817 817 
0.5 0.32 0.6666666666666666 838 838 
0.5 0.32 0.6733333333333333 832 832 
0.5 0.32 0.68 828 828 
0.5 0.32 0.6866666666666666 867 867 
0.5 0.32 0.6933333333333334 859 859 
0.5 0.32 0.7 863 863 
0.5 0.32 0.7066666666666667 831 831 
0.5 0.32 0.7133333333333334 826 826 
0.5 0.32 0.72 794 794 
0.5 0.32 0.7266666666666667 848 848 
0.5 0.32 0.7333333333333333 874 874 
0.5 0.32 0.74 836 836 
0.5 0.32 0.7466666666666667 927 927 
0.5 0.32 0.7533333333333333 774 774 
0.5 0.32 0.76 804 804 
0.5 0.32 0.7666666666666667 863 863 
0.5 0.32 0.7733333333333333 869 869 
0.5 0.32 0.78 845 845 
0.5 0.32 0.7866666666666666 786 786 
0.5 0.32 0.7933333333333333 859 859 
0.5 0.32 0.8 862 862 
0.5 0.32 0.8066666666666666 818 818 
0.5 0.32 0.8133333333333334 833 833 
0.5 0.32 0.82 796 796 
0.5 0.32 0.8266666666666667 873 873 
0.5 0.32 0.8333333333333334 815 815 
0.5 0.32 0.84 841 841 
0.5 0.32 0.8466666666666667 825 825 
0.5 0.32 0.8533333333333334 844 844 
0.5 0.32 0.86 832 832 
0.5 0.32 0.8666666666666667 781 781 
0.5 0.32 0.8733333333333333 808 808 
0.5 0.32 0.88 808 808 
0.5 0.32 0.8866666666666667 864 864 
0.5 0.32 0.8933333333333333 851 851 
0.5 0.32 0.9 811 811 
0.5 0.32 0.9066666666666666 847 847 
0.5 0.32 0.9133333333333333 806 806 
0.5 0.32 0.92 836 836 
0.5 0.32 0.9266666666666666 838 838 
0.5 0.32 0.9333333333333333 848 848 
0.5 0.32 0.94 841 841 
0.5 0.32 0.9466666666666667 842 842 
0.5 0.32 0.9533333333333334 808 808 
0.5 0.32 0.96 910 910 
0.5 0.32 0.9666666666666667 783 783 
0.5 0.32 0.9733333333333334 698 698 
0.5 0.32 0.98 1252 1252 
0.5 0.32 0.9866666666666667 0 0 
0.5 0.32 0.9933333333333333 0 0 
0.5 0.32666666666666666 0.0 0 0 
0.5 0.32666666666666666 0.006666666666666667 0 0 
0.5 0.32666666666666666 0.013333333333333334 1387 1387 
0.5 0.32666666666666666 0.02 642 642 
0.5 0.32666666666666666 0.02666666666666667 739 739 
0.5 0.32666666666666666 0.03333333333333333 1003 1003 
0.5 0.32666666666666666 0.04 797 797 
0.5 0.32666666666666666 0.04666666666666667 931 931 
0.5 0.32666666666666666 0.05333333333333334 855 855 
0.5 0.32666666666666666 0.06 888 888 
0.5 0.32666666666666666 0.06666666666666667 841 841 
0.5 0.32666666666666666 0.07333333333333333 829 829 
0.5 0.32666666666666666 0.08 885 885 
0.5 0.32666666666666666 0.08666666666666667 842 842 
0.5 0.32666666666666666 0.09333333333333334 866 866 
0.5 0.32666666666666666 0.1 870 870 
0.5 0.32666666666666666 0.10666666666666667 814 814 
0.5 0.32666666666666666 0.11333333333333333 853 853 
0.5 0.32666666666666666 0.12 890 890 
0.5 0.32666666666666666 0.12666666666666668 820 820 
0.5 0.32666666666666666 0.13333333333333333 872 872 
0.5 0.32666666666666666 0.14 853 853 
0.5 0.32666666666666666 0.14666666666666667 812 812 
0.5 0.32666666666666666 0.15333333333333332 914 914 
0.5 0.32666666666666666 0.16 802 802 
0.5 0.32666666666666666 0.16666666666666666 890 890 
0.5 0.32666666666666666 0.17333333333333334 824 824 
0.5 0.32666666666666666 0.18 850 850 
0.5 0.32666666666666666 0.18666666666666668 832 832 
0.5 0.32666666666666666 0.19333333333333333 884 884 
0.5 0.32666666666666666 0.2 837 837 
0.5 0.32666666666666666 0.20666666666666667 886 886 
0.5 0.32666666666666666 0.21333333333333335 819 819 
0.5 0.32666666666666666 0.22 837 837 
0.5 0.32666666666666666 0.22666666666666666 818 818 
0.5 0.32666666666666666 0.23333333333333334 852 852 
0.5 0.32666666666666666 0.24 895 895 
0.5 0.32666666666666666 0.24666666666666667 816 816 
0.5 0.32666666666666666 0.25333333333333335 908 908 
0.5 0.32666666666666666 0.26 834 834 
0.5 0.32666666666666666 0.26666666666666666 800 800 
0.5 0.32666666666666666 0.2733333333333333 843 843 
0.5 0.32666666666666666 0.28 831 831 
0.5 0.32666666666666666 0.2866666666666667 841 841 
0.5 0.32666666666666666 0.29333333333333333 853 853 
0.5 0.32666666666666666 0.3 815 815 
0.5 0.32666666666666666 0.30666666666666664 809 809 
0.5 0.32666666666666666 0.31333333333333335 862 862 
0.5 0.32666666666666666 0.32 795 795 
0.5 0.32666666666666666 0.32666666666666666 808 808 
0.5 0.32666666666666666 0.3333333333333333 856 856 
0.5 0.32666666666666666 0.34 837 837 
0.5 0.32666666666666666 0.3466666666666667 845 845 
0.5 0.32666666666666666 0.35333333333333333 796 796 
0.5 0.32666666666666666 0.36 865 865 
0.5 0.32666666666666666 0.36666666666666664 846 846 
0.5 0.32666666666666666 0.37333333333333335 824 824 
0.5 0.32666666666666666 0.38 828 828 
0.5 0.32666666666666666 0.38666666666666666 879 879 
0.5 0.32666666666666666 0.3933333333333333 837 837 
0.5 0.32666666666666666 0.4 853 853 
0.5 0.32666666666666666 0.4066666666666667 820 820 
0.5 0.32666666666666666 0.41333333333333333 852 852 
0.5 0.32666666666666666 0.42 864 864 
0.5 0.32666666666666666 0.4266666666666667 805 805 
0.5 0.32666666666666666 0.43333333333333335 794 794 
0.5 0.32666666666666666 0.44 776 776 
0.5 0.32666666666666666 0.44666666666666666 839 839 
0.5 0.32666666666666666 0.4533333333333333 803 803 
0.5 0.32666666666666666 0.46 846 846 
0.5 0.32666666666666666 0.4666666666666667 816 816 
0.5 0.32666666666666666 0.47333333333333333 808 808 
0.5 0.32666666666666666 0.48 827 827 
0.5 0.32666666666666666 0.4866666666666667 809 809 
0.5 0.32666666666666666 0.49333333333333335 825 825 
0.5 0.32666666666666666 0.5 857 857 
0.5 0.32666666666666666 0.5066666666666667 865 865 
0.5 0.32666666666666666 0.5133333333333333 856 856 
0.5 0.32666666666666666 0.52 847 847 
0.5 0.32666666666666666 0.5266666666666666 883 883 
0.5 0.32666666666666666 0.5333333333333333 814 814 
0.5 0.32666666666666666 0.54 896 896 
0.5 0.32666666666666666 0.5466666666666666 828 828 
0.5 0.32666666666666666 0.5533333333333333 853 853 
0.5 0.32666666666666666 0.56 883 883 
0.5 0.32666666666666666 0.5666666666666667 828 828 
0.5 0.32666666666666666 0.5733333333333334 826 826 
0.5 0.32666666666666666 0.58 793 793 
0.5 0.32666666666666666 0.5866666666666667 828 828 
0.5 0.32666666666666666 0.5933333333333334 791 791 
0.5 0.32666666666666666 0.6 826 826 
0.5 0.32666666666666666 0.6066666666666667 793 793 
0.5 0.32666666666666666 0.6133333333333333 846 846 
0.5 0.32666666666666666 0.62 864 864 
0.5 0.32666666666666666 0.6266666666666667 846 846 
0.5 0.32666666666666666 0.6333333333333333 861 861 
0.5 0.32666666666666666 0.64 797 797 
0.5 0.32666666666666666 0.6466666666666666 870 870 
0.5 0.32666666666666666 0.6533333333333333 793 793 
0.5 0.32666666666666666 0.66 849 849 
0.5 0.32666666666666666 0.6666666666666666 777 777 
0.5 0.32666666666666666 0.6733333333333333 816 816 
0.5 0.32666666666666666 0.68 806 806 
0.5 0.32666666666666666 0.6866666666666666 846 846 
0.5 0.32666666666666666 0.6933333333333334 784 784 
0.5 0.32666666666666666 0.7 820 820 
0.5 0.32666666666666666 0.7066666666666667 813 813 
0.5 0.32666666666666666 0.7133333333333334 867 867 
0.5 0.32666666666666666 0.72 889 889 
0.5 0.32666666666666666 0.7266666666666667 855 855 
0.5 0.32666666666666666 0.7333333333333333 820 820 
0.5 0.32666666666666666 0.74 816 816 
0.5 0.32666666666666666 0.7466666666666667 816 816 
0.5 0.32666666666666666 0.7533333333333333 853 853 
0.5 0.32666666666666666 0.76 847 847 
0.5 0.32666666666666666 0.7666666666666667 882 882 
0.5 0.32666666666666666 0.7733333333333333 843 843 
0.5 0.32666666666666666 0.78 832 832 
0.5 0.32666666666666666 0.7866666666666666 890 890 
0.5 0.32666666666666666 0.7933333333333333 859 859 
0.5 0.32666666666666666 0.8 826 826 
0.5 0.32666666666666666 0.8066666666666666 840 840 
0.5 0.32666666666666666 0.8133333333333334 822 822 
0.5 0.32666666666666666 0.82 843 843 
0.5 0.32666666666666666 0.8266666666666667 837 837 
0.5 0.32666666666666666 0.8333333333333334 824 824 
0.5 0.32666666666666666 0.84 833 833 
0.5 0.32666666666666666 0.8466666666666667 806 806 
0.5 0.32666666666666666 0.8533333333333334 852 852 
0.5 0.32666666666666666 0.86 844 844 
0.5 0.32666666666666666 0.8666666666666667 837 837 
0.5 0.32666666666666666 0.8733333333333333 849 849 
0.5 0.32666666666666666 0.88 896 896 
0.5 0.32666666666666666 0.8866666666666667 860 860 
0.5 0.32666666666666666 0.8933333333333333 807 807 
0.5 0.32666666666666666 0.9 820 820 
0.5 0.32666666666666666 0.9066666666666666 794 794 
0.5 0.32666666666666666 0.9133333333333333 834 834 
0.5 0.32666666666666666 0.92 852 852 
0.5 0.32666666666666666 0.9266666666666666 841 841 
0.5 0.32666666666666666 0.9333333333333333 808 808 
0.5 0.32666666666666666 0.94 794 794 
0.5 0.32666666666666666 0.9466666666666667 870 870 
0.5 0.32666666666666666 0.9533333333333334 788 788 
0.5 0.32666666666666666 0.96 1007 1007 
0.5 0.32666666666666666 0.9666666666666667 768 768 
0.5 0.32666666666666666 0.9733333333333334 688 688 
0.5 0.32666666666666666 0.98 1322 1322 
0.5 0.32666666666666666 0.9866666666666667 0 0 
0.5 0.32666666666666666 0.9933333333333333 0 0 
0.5 0.3333333333333333 0.0 0 0 
0.5 0.3333333333333333 0.006666666666666667 0 0 
0.5 0.3333333333333333 0.013333333333333334 1425 1425 
0.5 0.3333333333333333 0.02 695 695 
0.5 0.3333333333333333 0.02666666666666667 758 758 
0.5 0.3333333333333333 0.03333333333333333 1001 1001 
0.5 0.3333333333333333 0.04 818 818 
0.5 0.3333333333333333 0.04666666666666667 851 851 
0.5 0.3333333333333333 0.05333333333333334 846 846 
0.5 0.3333333333333333 0.06 838 838 
0.5 0.3333333333333333 0.06666666666666667 905 905 
0.5 0.3333333333333333 0.07333333333333333 859 859 
0.5 0.3333333333333333 0.08 865 865 
0.5 0.3333333333333333 0.08666666666666667 875 875 
0.5 0.3333333333333333 0.09333333333333334 914 914 
0.5 0.3333333333333333 0.1 851 851 
0.5 0.3333333333333333 0.10666666666666667 865 865 
0.5 0.3333333333333333 0.11333333333333333 817 817 
0.5 0.3333333333333333 0.12 850 850 
0.5 0.3333333333333333 0.12666666666666668 834 834 
0.5 0.3333333333333333 0.13333333333333333 822 822 
0.5 0.3333333333333333 0.14 822 822 
0.5 0.3333333333333333 0.14666666666666667 851 851 
0.5 0.3333333333333333 0.15333333333333332 855 855 
0.5 0.3333333333333333 0.16 845 845 
0.5 0.3333333333333333 0.16666666666666666 808 808 
0.5 0.3333333333333333 0.17333333333333334 787 787 
0.5 0.3333333333333333 0.18 897 897 
0.5 0.3333333333333333 0.18666666666666668 819 819 
0.5 0.3333333333333333 0.19333333333333333 826 826 
0.5 0.3333333333333333 0.2 837 837 
0.5 0.3333333333333333 0.20666666666666667 806 806 
0.5 0.3333333333333333 0.21333333333333335 856 856 
0.5 0.3333333333333333 0.22 831 831 
0.5 0.3333333333333333 0.22666666666666666 880 880 
0.5 0.3333333333333333 0.23333333333333334 784 784 
0.5 0.3333333333333333 0.24 820 820 
0.5 0.3333333333333333 0.24666666666666667 852 852 
0.5 0.3333333333333333 0.25333333333333335 816 816 
0.5 0.3333333333333333 0.26 816 816 
0.5 0.3333333333333333 0.26666666666666666 849 849 
0.5 0.3333333333333333 0.2733333333333333 738 738 
0.5 0.3333333333333333 0.28 809 809 
0.5 0.3333333333333333 0.2866666666666667 851 851 
0.5 0.3333333333333333 0.29333333333333333 852 852 
0.5 0.3333333333333333 0.3 815 815 
0.5 0.3333333333333333 0.30666666666666664 867 867 
0.5 0.3333333333333333 0.31333333333333335 774 774 
0.5 0.3333333333333333 0.32 825 825 
0.5 0.3333333333333333 0.32666666666666666 805 805 
0.5 0.3333333333333333 0.3333333333333333 818 818 
0.5 0.3333333333333333 0.34 797 797 
0.5 0.3333333333333333 0.3466666666666667 810 810 
0.5 0.3333333333333333 0.35333333333333333 789 789 
0.5 0.3333333333333333 0.36 821 821 
0.5 0.3333333333333333 0.36666666666666664 794 794 
0.5 0.3333333333333333 0.37333333333333335 820 820 
0.5 0.3333333333333333 0.38 852 852 
0.5 0.3333333333333333 0.38666666666666666 824 824 
0.5 0.3333333333333333 0.3933333333333333 819 819 
0.5 0.3333333333333333 0.4 840 840 
0.5 0.3333333333333333 0.4066666666666667 850 850 
0.5 0.3333333333333333 0.41333333333333333 779 779 
0.5 0.3333333333333333 0.42 867 867 
0.5 0.3333333333333333 0.4266666666666667 855 855 
0.5 0.3333333333333333 0.43333333333333335 872 872 
0.5 0.3333333333333333 0.44 831 831 
0.5 0.3333333333333333 0.44666666666666666 888 888 
0.5 0.3333333333333333 0.4533333333333333 841 841 
0.5 0.3333333333333333 0.46 825 825 
0.5 0.3333333333333333 0.4666666666666667 875 875 
0.5 0.3333333333333333 0.47333333333333333 796 796 
0.5 0.3333333333333333 0.48 799 799 
0.5 0.3333333333333333 0.4866666666666667 838 838 
0.5 0.3333333333333333 0.49333333333333335 848 848 
0.5 0.3333333333333333 0.5 880 880 
0.5 0.3333333333333333 0.5066666666666667 872 872 
0.5 0.3333333333333333 0.5133333333333333 878 878 
0.5 0.3333333333333333 0.52 816 816 
0.5 0.3333333333333333 0.5266666666666666 804 804 
0.5 0.3333333333333333 0.5333333333333333 829 829 
0.5 0.3333333333333333 0.54 849 849 
0.5 0.3333333333333333 0.5466666666666666 824 824 
0.5 0.3333333333333333 0.5533333333333333 839 839 
0.5 0.3333333333333333 0.56 812 812 
0.5 0.3333333333333333 0.5666666666666667 807 807 
0.5 0.3333333333333333 0.5733333333333334 817 817 
0.5 0.3333333333333333 0.58 808 808 
0.5 0.3333333333333333 0.5866666666666667 867 867 
0.5 0.3333333333333333 0.5933333333333334 817 817 
0.5 0.3333333333333333 0.6 804 804 
0.5 0.3333333333333333 0.6066666666666667 820 820 
0.5 0.3333333333333333 0.6133333333333333 831 831 
0.5 0.3333333333333333 0.62 803 803 
0.5 0.3333333333333333 0.6266666666666667 814 814 
0.5 0.3333333333333333 0.6333333333333333 895 895 
0.5 0.3333333333333333 0.64 861 861 
0.5 0.3333333333333333 0.6466666666666666 933 933 
0.5 0.3333333333333333 0.6533333333333333 868 868 
0.5 0.3333333333333333 0.66 844 844 
0.5 0.3333333333333333 0.6666666666666666 882 882 
0.5 0.3333333333333333 0.6733333333333333 848 848 
0.5 0.3333333333333333 0.68 800 800 
0.5 0.3333333333333333 0.6866666666666666 813 813 
0.5 0.3333333333333333 0.6933333333333334 872 872 
0.5 0.3333333333333333 0.7 825 825 
0.5 0.3333333333333333 0.7066666666666667 825 825 
0.5 0.3333333333333333 0.7133333333333334 818 818 
0.5 0.3333333333333333 0.72 821 821 
0.5 0.3333333333333333 0.7266666666666667 819 819 
0.5 0.3333333333333333 0.7333333333333333 838 838 
0.5 0.3333333333333333 0.74 844 844 
0.5 0.3333333333333333 0.7466666666666667 817 817 
0.5 0.3333333333333333 0.7533333333333333 816 816 
0.5 0.3333333333333333 0.76 833 833 
0.5 0.3333333333333333 0.7666666666666667 820 820 
0.5 0.3333333333333333 0.7733333333333333 865 865 
0.5 0.3333333333333333 0.78 845 845 
0.5 0.3333333333333333 0.7866666666666666 857 857 
0.5 0.3333333333333333 0.7933333333333333 819 819 
0.5 0.3333333333333333 0.8 846 846 
0.5 0.3333333333333333 0.8066666666666666 818 818 
0.5 0.3333333333333333 0.8133333333333334 845 845 
0.5 0.3333333333333333 0.82 830 830 
0.5 0.3333333333333333 0.8266666666666667 866 866 
0.5 0.3333333333333333 0.8333333333333334 839 839 
0.5 0.3333333333333333 0.84 815 815 
0.5 0.3333333333333333 0.8466666666666667 844 844 
0.5 0.3333333333333333 0.8533333333333334 782 782 
0.5 0.3333333333333333 0.86 797 797 
0.5 0.3333333333333333 0.8666666666666667 856 856 
0.5 0.3333333333333333 0.8733333333333333 833 833 
0.5 0.3333333333333333 0.88 815 815 
0.5 0.3333333333333333 0.8866666666666667 820 820 
0.5 0.3333333333333333 0.8933333333333333 783 783 
0.5 0.3333333333333333 0.9 851 851 
0.5 0.3333333333333333 0.9066666666666666 828 828 
0.5 0.3333333333333333 0.9133333333333333 930 930 
0.5 0.3333333333333333 0.92 839 839 
0.5 0.3333333333333333 0.9266666666666666 818 818 
0.5 0.3333333333333333 0.9333333333333333 804 804 
0.5 0.3333333333333333 0.94 810 810 
0.5 0.3333333333333333 0.9466666666666667 845 845 
0.5 0.3333333333333333 0.9533333333333334 803 803 
0.5 0.3333333333333333 0.96 976 976 
0.5 0.3333333333333333 0.9666666666666667 703 703 
0.5 0.3333333333333333 0.9733333333333334 699 699 
0.5 0.3333333333333333 0.98 1381 1381 
0.5 0.3333333333333333 0.9866666666666667 0 0 
0.5 0.3333333333333333 0.9933333333333333 0 0 
0.5 0.34 0.0 0 0 
0.5 0.34 0.006666666666666667 0 0 
0.5 0.34 0.013333333333333334 1410 1410 
0.5 0.34 0.02 663 663 
0.5 0.34 0.02666666666666667 769 769 
0.5 0.34 0.03333333333333333 1051 1051 
0.5 0.34 0.04 732 732 
0.5 0.34 0.04666666666666667 917 917 
0.5 0.34 0.05333333333333334 913 913 
0.5 0.34 0.06 976 976 
0.5 0.34 0.06666666666666667 883 883 
0.5 0.34 0.07333333333333333 815 815 
0.5 0.34 0.08 918 918 
0.5 0.34 0.08666666666666667 851 851 
0.5 0.34 0.09333333333333334 878 878 
0.5 0.34 0.1 867 867 
0.5 0.34 0.10666666666666667 855 855 
0.5 0.34 0.11333333333333333 814 814 
0.5 0.34 0.12 833 833 
0.5 0.34 0.12666666666666668 828 828 
0.5 0.34 0.13333333333333333 873 873 
0.5 0.34 0.14 864 864 
0.5 0.34 0.14666666666666667 852 852 
0.5 0.34 0.15333333333333332 810 810 
0.5 0.34 0.16 771 771 
0.5 0.34 0.16666666666666666 796 796 
0.5 0.34 0.17333333333333334 797 797 
0.5 0.34 0.18 813 813 
0.5 0.34 0.18666666666666668 834 834 
0.5 0.34 0.19333333333333333 871 871 
0.5 0.34 0.2 834 834 
0.5 0.34 0.20666666666666667 871 871 
0.5 0.34 0.21333333333333335 865 865 
0.5 0.34 0.22 903 903 
0.5 0.34 0.22666666666666666 864 864 
0.5 0.34 0.23333333333333334 860 860 
0.5 0.34 0.24 870 870 
0.5 0.34 0.24666666666666667 829 829 
0.5 0.34 0.25333333333333335 836 836 
0.5 0.34 0.26 815 815 
0.5 0.34 0.26666666666666666 880 880 
0.5 0.34 0.2733333333333333 868 868 
0.5 0.34 0.28 818 818 
0.5 0.34 0.2866666666666667 827 827 
0.5 0.34 0.29333333333333333 796 796 
0.5 0.34 0.3 823 823 
0.5 0.34 0.30666666666666664 827 827 
0.5 0.34 0.31333333333333335 833 833 
0.5 0.34 0.32 847 847 
0.5 0.34 0.32666666666666666 799 799 
0.5 0.34 0.3333333333333333 860 860 
0.5 0.34 0.34 843 843 
0.5 0.34 0.3466666666666667 833 833 
0.5 0.34 0.35333333333333333 799 799 
0.5 0.34 0.36 831 831 
0.5 0.34 0.36666666666666664 819 819 
0.5 0.34 0.37333333333333335 851 851 
0.5 0.34 0.38 808 808 
0.5 0.34 0.38666666666666666 852 852 
0.5 0.34 0.3933333333333333 862 862 
0.5 0.34 0.4 864 864 
0.5 0.34 0.4066666666666667 829 829 
0.5 0.34 0.41333333333333333 830 830 
0.5 0.34 0.42 851 851 
0.5 0.34 0.4266666666666667 845 845 
0.5 0.34 0.43333333333333335 800 800 
0.5 0.34 0.44 833 833 
0.5 0.34 0.44666666666666666 833 833 
0.5 0.34 0.4533333333333333 868 868 
0.5 0.34 0.46 844 844 
0.5 0.34 0.4666666666666667 815 815 
0.5 0.34 0.47333333333333333 874 874 
0.5 0.34 0.48 858 858 
0.5 0.34 0.4866666666666667 836 836 
0.5 0.34 0.49333333333333335 855 855 
0.5 0.34 0.5 796 796 
0.5 0.34 0.5066666666666667 861 861 
0.5 0.34 0.5133333333333333 844 844 
0.5 0.34 0.52 817 817 
0.5 0.34 0.5266666666666666 862 862 
0.5 0.34 0.5333333333333333 901 901 
0.5 0.34 0.54 808 808 
0.5 0.34 0.5466666666666666 808 808 
0.5 0.34 0.5533333333333333 827 827 
0.5 0.34 0.56 841 841 
0.5 0.34 0.5666666666666667 868 868 
0.5 0.34 0.5733333333333334 844 844 
0.5 0.34 0.58 841 841 
0.5 0.34 0.5866666666666667 831 831 
0.5 0.34 0.5933333333333334 856 856 
0.5 0.34 0.6 844 844 
0.5 0.34 0.6066666666666667 822 822 
0.5 0.34 0.6133333333333333 843 843 
0.5 0.34 0.62 796 796 
0.5 0.34 0.6266666666666667 786 786 
0.5 0.34 0.6333333333333333 833 833 
0.5 0.34 0.64 862 862 
0.5 0.34 0.6466666666666666 854 854 
0.5 0.34 0.6533333333333333 826 826 
0.5 0.34 0.66 846 846 
0.5 0.34 0.6666666666666666 837 837 
0.5 0.34 0.6733333333333333 831 831 
0.5 0.34 0.68 842 842 
0.5 0.34 0.6866666666666666 847 847 
0.5 0.34 0.6933333333333334 806 806 
0.5 0.34 0.7 810 810 
0.5 0.34 0.7066666666666667 868 868 
0.5 0.34 0.7133333333333334 857 857 
0.5 0.34 0.72 826 826 
0.5 0.34 0.7266666666666667 853 853 
0.5 0.34 0.7333333333333333 834 834 
0.5 0.34 0.74 846 846 
0.5 0.34 0.7466666666666667 816 816 
0.5 0.34 0.7533333333333333 829 829 
0.5 0.34 0.76 884 884 
0.5 0.34 0.7666666666666667 821 821 
0.5 0.34 0.7733333333333333 782 782 
0.5 0.34 0.78 845 845 
0.5 0.34 0.7866666666666666 853 853 
0.5 0.34 0.7933333333333333 805 805 
0.5 0.34 0.8 821 821 
0.5 0.34 0.8066666666666666 830 830 
0.5 0.34 0.8133333333333334 863 863 
0.5 0.34 0.82 889 889 
0.5 0.34 0.8266666666666667 837 837 
0.5 0.34 0.8333333333333334 828 828 
0.5 0.34 0.84 801 801 
0.5 0.34 0.8466666666666667 821 821 
0.5 0.34 0.8533333333333334 819 819 
0.5 0.34 0.86 818 818 
0.5 0.34 0.8666666666666667 822 822 
0.5 0.34 0.8733333333333333 872 872 
0.5 0.34 0.88 844 844 
0.5 0.34 0.8866666666666667 832 832 
0.5 0.34 0.8933333333333333 829 829 
0.5 0.34 0.9 839 839 
0.5 0.34 0.9066666666666666 845 845 
0.5 0.34 0.9133333333333333 852 852 
0.5 0.34 0.92 813 813 
0.5 0.34 0.9266666666666666 839 839 
0.5 0.34 0.9333333333333333 828 828 
0.5 0.34 0.94 768 768 
0.5 0.34 0.9466666666666667 891 891 
0.5 0.34 0.9533333333333334 825 825 
0.5 0.34 0.96 1005 1005 
0.5 0.34 0.9666666666666667 737 737 
0.5 0.34 0.9733333333333334 692 692 
0.5 0.34 0.98 1294 1294 
0.5 0.34 0.9866666666666667 0 0 
0.5 0.34 0.9933333333333333 0 0 
0.5 0.3466666666666667 0.0 0 0 
0.5 0.3466666666666667 0.006666666666666667 0 0 
0.5 0.3466666666666667 0.013333333333333334 1409 1409 
0.5 0.3466666666666667 0.02 678 678 
0.5 0.3466666666666667 0.02666666666666667 812 812 
0.5 0.3466666666666667 0.03333333333333333 1013 1013 
0.5 0.3466666666666667 0.04 773 773 
0.5 0.3466666666666667 0.04666666666666667 809 809 
0.5 0.3466666666666667 0.05333333333333334 861 861 
0.5 0.3466666666666667 0.06 854 854 
0.5 0.3466666666666667 0.06666666666666667 833 833 
0.5 0.3466666666666667 0.07333333333333333 849 849 
0.5 0.3466666666666667 0.08 828 828 
0.5 0.3466666666666667 0.08666666666666667 896 896 
0.5 0.3466666666666667 0.09333333333333334 872 872 
0.5 0.3466666666666667 0.1 902 902 
0.5 0.3466666666666667 0.10666666666666667 818 818 
0.5 0.3466666666666667 0.11333333333333333 784 784 
0.5 0.3466666666666667 0.12 863 863 
0.5 0.3466666666666667 0.12666666666666668 836 836 
0.5 0.3466666666666667 0.13333333333333333 860 860 
0.5 0.3466666666666667 0.14 919 919 
0.5 0.3466666666666667 0.14666666666666667 863 863 
0.5 0.3466666666666667 0.15333333333333332 858 858 
0.5 0.3466666666666667 0.16 837 837 
0.5 0.3466666666666667 0.16666666666666666 772 772 
0.5 0.3466666666666667 0.17333333333333334 869 869 
0.5 0.3466666666666667 0.18 840 840 
0.5 0.3466666666666667 0.18666666666666668 865 865 
0.5 0.3466666666666667 0.19333333333333333 872 872 
0.5 0.3466666666666667 0.2 836 836 
0.5 0.3466666666666667 0.20666666666666667 890 890 
0.5 0.3466666666666667 0.21333333333333335 827 827 
0.5 0.3466666666666667 0.22 809 809 
0.5 0.3466666666666667 0.22666666666666666 814 814 
0.5 0.3466666666666667 0.23333333333333334 878 878 
0.5 0.3466666666666667 0.24 870 870 
0.5 0.3466666666666667 0.24666666666666667 880 880 
0.5 0.3466666666666667 0.25333333333333335 852 852 
0.5 0.3466666666666667 0.26 857 857 
0.5 0.3466666666666667 0.26666666666666666 844 844 
0.5 0.3466666666666667 0.2733333333333333 874 874 
0.5 0.3466666666666667 0.28 805 805 
0.5 0.3466666666666667 0.2866666666666667 790 790 
0.5 0.3466666666666667 0.29333333333333333 895 895 
0.5 0.3466666666666667 0.3 788 788 
0.5 0.3466666666666667 0.30666666666666664 869 869 
0.5 0.3466666666666667 0.31333333333333335 777 777 
0.5 0.3466666666666667 0.32 836 836 
0.5 0.3466666666666667 0.32666666666666666 787 787 
0.5 0.3466666666666667 0.3333333333333333 797 797 
0.5 0.3466666666666667 0.34 790 790 
0.5 0.3466666666666667 0.3466666666666667 831 831 
0.5 0.3466666666666667 0.35333333333333333 833 833 
0.5 0.3466666666666667 0.36 810 810 
0.5 0.3466666666666667 0.36666666666666664 834 834 
0.5 0.3466666666666667 0.37333333333333335 837 837 
0.5 0.3466666666666667 0.38 874 874 
0.5 0.3466666666666667 0.38666666666666666 823 823 
0.5 0.3466666666666667 0.3933333333333333 807 807 
0.5 0.3466666666666667 0.4 871 871 
0.5 0.3466666666666667 0.4066666666666667 810 810 
0.5 0.3466666666666667 0.41333333333333333 837 837 
0.5 0.3466666666666667 0.42 860 860 
0.5 0.3466666666666667 0.4266666666666667 849 849 
0.5 0.3466666666666667 0.43333333333333335 822 822 
0.5 0.3466666666666667 0.44 882 882 
0.5 0.3466666666666667 0.44666666666666666 810 810 
0.5 0.3466666666666667 0.4533333333333333 795 795 
0.5 0.3466666666666667 0.46 785 785 
0.5 0.3466666666666667 0.4666666666666667 822 822 
0.5 0.3466666666666667 0.47333333333333333 839 839 
0.5 0.3466666666666667 0.48 791 791 
0.5 0.3466666666666667 0.4866666666666667 813 813 
0.5 0.3466666666666667 0.49333333333333335 855 855 
0.5 0.3466666666666667 0.5 864 864 
0.5 0.3466666666666667 0.5066666666666667 811 811 
0.5 0.3466666666666667 0.5133333333333333 840 840 
0.5 0.3466666666666667 0.52 797 797 
0.5 0.3466666666666667 0.5266666666666666 842 842 
0.5 0.3466666666666667 0.5333333333333333 834 834 
0.5 0.3466666666666667 0.54 822 822 
0.5 0.3466666666666667 0.5466666666666666 875 875 
0.5 0.3466666666666667 0.5533333333333333 802 802 
0.5 0.3466666666666667 0.56 803 803 
0.5 0.3466666666666667 0.5666666666666667 791 791 
0.5 0.3466666666666667 0.5733333333333334 884 884 
0.5 0.3466666666666667 0.58 811 811 
0.5 0.3466666666666667 0.5866666666666667 869 869 
0.5 0.3466666666666667 0.5933333333333334 828 828 
0.5 0.3466666666666667 0.6 813 813 
0.5 0.3466666666666667 0.6066666666666667 832 832 
0.5 0.3466666666666667 0.6133333333333333 844 844 
0.5 0.3466666666666667 0.62 859 859 
0.5 0.3466666666666667 0.6266666666666667 838 838 
0.5 0.3466666666666667 0.6333333333333333 827 827 
0.5 0.3466666666666667 0.64 795 795 
0.5 0.3466666666666667 0.6466666666666666 849 849 
0.5 0.3466666666666667 0.6533333333333333 783 783 
0.5 0.3466666666666667 0.66 818 818 
0.5 0.3466666666666667 0.6666666666666666 848 848 
0.5 0.3466666666666667 0.6733333333333333 876 876 
0.5 0.3466666666666667 0.68 877 877 
0.5 0.3466666666666667 0.6866666666666666 886 886 
0.5 0.3466666666666667 0.6933333333333334 862 862 
0.5 0.3466666666666667 0.7 807 807 
0.5 0.3466666666666667 0.7066666666666667 858 858 
0.5 0.3466666666666667 0.7133333333333334 866 866 
0.5 0.3466666666666667 0.72 835 835 
0.5 0.3466666666666667 0.7266666666666667 838 838 
0.5 0.3466666666666667 0.7333333333333333 903 903 
0.5 0.3466666666666667 0.74 850 850 
0.5 0.3466666666666667 0.7466666666666667 831 831 
0.5 0.3466666666666667 0.7533333333333333 800 800 
0.5 0.3466666666666667 0.76 842 842 
0.5 0.3466666666666667 0.7666666666666667 856 856 
0.5 0.3466666666666667 0.7733333333333333 817 817 
0.5 0.3466666666666667 0.78 853 853 
0.5 0.3466666666666667 0.7866666666666666 869 869 
0.5 0.3466666666666667 0.7933333333333333 836 836 
0.5 0.3466666666666667 0.8 849 849 
0.5 0.3466666666666667 0.8066666666666666 859 859 
0.5 0.3466666666666667 0.8133333333333334 886 886 
0.5 0.3466666666666667 0.82 839 839 
0.5 0.3466666666666667 0.8266666666666667 802 802 
0.5 0.3466666666666667 0.8333333333333334 808 808 
0.5 0.3466666666666667 0.84 839 839 
0.5 0.3466666666666667 0.8466666666666667 838 838 
0.5 0.3466666666666667 0.8533333333333334 797 797 
0.5 0.3466666666666667 0.86 800 800 
0.5 0.3466666666666667 0.8666666666666667 837 837 
0.5 0.3466666666666667 0.8733333333333333 857 857 
0.5 0.3466666666666667 0.88 826 826 
0.5 0.3466666666666667 0.8866666666666667 825 825 
0.5 0.3466666666666667 0.8933333333333333 807 807 
0.5 0.3466666666666667 0.9 859 859 
0.5 0.3466666666666667 0.9066666666666666 826 826 
0.5 0.3466666666666667 0.9133333333333333 778 778 
0.5 0.3466666666666667 0.92 780 780 
0.5 0.3466666666666667 0.9266666666666666 866 866 
0.5 0.3466666666666667 0.9333333333333333 842 842 
0.5 0.3466666666666667 0.94 804 804 
0.5 0.3466666666666667 0.9466666666666667 875 875 
0.5 0.3466666666666667 0.9533333333333334 773 773 
0.5 0.3466666666666667 0.96 949 949 
0.5 0.3466666666666667 0.9666666666666667 737 737 
0.5 0.3466666666666667 0.9733333333333334 698 698 
0.5 0.3466666666666667 0.98 1361 1361 
0.5 0.3466666666666667 0.9866666666666667 0 0 
0.5 0.3466666666666667 0.9933333333333333 0 0 
0.5 0.35333333333333333 0.0 0 0 
0.5 0.35333333333333333 0.006666666666666667 0 0 
0.5 0.35333333333333333 0.013333333333333334 1416 1416 
0.5 0.35333333333333333 0.02 692 692 
0.5 0.35333333333333333 0.02666666666666667 773 773 
0.5 0.35333333333333333 0.03333333333333333 948 948 
0.5 0.35333333333333333 0.04 804 804 
0.5 0.35333333333333333 0.04666666666666667 900 900 
0.5 0.35333333333333333 0.05333333333333334 872 872 
0.5 0.35333333333333333 0.06 807 807 
0.5 0.35333333333333333 0.06666666666666667 892 892 
0.5 0.35333333333333333 0.07333333333333333 855 855 
0.5 0.35333333333333333 0.08 794 794 
0.5 0.35333333333333333 0.08666666666666667 879 879 
0.5 0.35333333333333333 0.09333333333333334 860 860 
0.5 0.35333333333333333 0.1 870 870 
0.5 0.35333333333333333 0.10666666666666667 884 884 
0.5 0.35333333333333333 0.11333333333333333 812 812 
0.5 0.35333333333333333 0.12 844 844 
0.5 0.35333333333333333 0.12666666666666668 785 785 
0.5 0.35333333333333333 0.13333333333333333 826 826 
0.5 0.35333333333333333 0.14 885 885 
0.5 0.35333333333333333 0.14666666666666667 860 860 
0.5 0.35333333333333333 0.15333333333333332 877 877 
0.5 0.35333333333333333 0.16 858 858 
0.5 0.35333333333333333 0.16666666666666666 882 882 
0.5 0.35333333333333333 0.17333333333333334 827 827 
0.5 0.35333333333333333 0.18 790 790 
0.5 0.35333333333333333 0.18666666666666668 845 845 
0.5 0.35333333333333333 0.19333333333333333 836 836 
0.5 0.35333333333333333 0.2 883 883 
0.5 0.35333333333333333 0.20666666666666667 835 835 
0.5 0.35333333333333333 0.21333333333333335 814 814 
0.5 0.35333333333333333 0.22 823 823 
0.5 0.35333333333333333 0.22666666666666666 836 836 
0.5 0.35333333333333333 0.23333333333333334 886 886 
0.5 0.35333333333333333 0.24 819 819 
0.5 0.35333333333333333 0.24666666666666667 815 815 
0.5 0.35333333333333333 0.25333333333333335 835 835 
0.5 0.35333333333333333 0.26 792 792 
0.5 0.35333333333333333 0.26666666666666666 844 844 
0.5 0.35333333333333333 0.2733333333333333 873 873 
0.5 0.35333333333333333 0.28 834 834 
0.5 0.35333333333333333 0.2866666666666667 806 806 
0.5 0.35333333333333333 0.29333333333333333 824 824 
0.5 0.35333333333333333 0.3 829 829 
0.5 0.35333333333333333 0.30666666666666664 827 827 
0.5 0.35333333333333333 0.31333333333333335 800 800 
0.5 0.35333333333333333 0.32 796 796 
0.5 0.35333333333333333 0.32666666666666666 817 817 
0.5 0.35333333333333333 0.3333333333333333 836 836 
0.5 0.35333333333333333 0.34 831 831 
0.5 0.35333333333333333 0.3466666666666667 833 833 
0.5 0.35333333333333333 0.35333333333333333 847 847 
0.5 0.35333333333333333 0.36 825 825 
0.5 0.35333333333333333 0.36666666666666664 806 806 
0.5 0.35333333333333333 0.37333333333333335 821 821 
0.5 0.35333333333333333 0.38 822 822 
0.5 0.35333333333333333 0.38666666666666666 866 866 
0.5 0.35333333333333333 0.3933333333333333 841 841 
0.5 0.35333333333333333 0.4 885 885 
0.5 0.35333333333333333 0.4066666666666667 880 880 
0.5 0.35333333333333333 0.41333333333333333 906 906 
0.5 0.35333333333333333 0.42 808 808 
0.5 0.35333333333333333 0.4266666666666667 805 805 
0.5 0.35333333333333333 0.43333333333333335 823 823 
0.5 0.35333333333333333 0.44 821 821 
0.5 0.35333333333333333 0.44666666666666666 807 807 
0.5 0.35333333333333333 0.4533333333333333 834 834 
0.5 0.35333333333333333 0.46 848 848 
0.5 0.35333333333333333 0.4666666666666667 849 849 
0.5 0.35333333333333333 0.47333333333333333 794 794 
0.5 0.35333333333333333 0.48 799 799 
0.5 0.35333333333333333 0.4866666666666667 799 799 
0.5 0.35333333333333333 0.49333333333333335 843 843 
0.5 0.35333333333333333 0.5 865 865 
0.5 0.35333333333333333 0.5066666666666667 853 853 
0.5 0.35333333333333333 0.5133333333333333 862 862 
0.5 0.35333333333333333 0.52 895 895 
0.5 0.35333333333333333 0.5266666666666666 863 863 
0.5 0.35333333333333333 0.5333333333333333 847 847 
0.5 0.35333333333333333 0.54 808 808 
0.5 0.35333333333333333 0.5466666666666666 827 827 
0.5 0.35333333333333333 0.5533333333333333 876 876 
0.5 0.35333333333333333 0.56 815 815 
0.5 0.35333333333333333 0.5666666666666667 796 796 
0.5 0.35333333333333333 0.5733333333333334 848 848 
0.5 0.35333333333333333 0.58 867 867 
0.5 0.35333333333333333 0.5866666666666667 813 813 
0.5 0.35333333333333333 0.5933333333333334 851 851 
0.5 0.35333333333333333 0.6 836 836 
0.5 0.35333333333333333 0.6066666666666667 856 856 
0.5 0.35333333333333333 0.6133333333333333 860 860 
0.5 0.35333333333333333 0.62 827 827 
0.5 0.35333333333333333 0.6266666666666667 842 842 
0.5 0.35333333333333333 0.6333333333333333 788 788 
0.5 0.35333333333333333 0.64 810 810 
0.5 0.35333333333333333 0.6466666666666666 872 872 
0.5 0.35333333333333333 0.6533333333333333 894 894 
0.5 0.35333333333333333 0.66 851 851 
0.5 0.35333333333333333 0.6666666666666666 880 880 
0.5 0.35333333333333333 0.6733333333333333 809 809 
0.5 0.35333333333333333 0.68 826 826 
0.5 0.35333333333333333 0.6866666666666666 859 859 
0.5 0.35333333333333333 0.6933333333333334 829 829 
0.5 0.35333333333333333 0.7 836 836 
0.5 0.35333333333333333 0.7066666666666667 796 796 
0.5 0.35333333333333333 0.7133333333333334 882 882 
0.5 0.35333333333333333 0.72 856 856 
0.5 0.35333333333333333 0.7266666666666667 836 836 
0.5 0.35333333333333333 0.7333333333333333 829 829 
0.5 0.35333333333333333 0.74 801 801 
0.5 0.35333333333333333 0.7466666666666667 897 897 
0.5 0.35333333333333333 0.7533333333333333 821 821 
0.5 0.35333333333333333 0.76 819 819 
0.5 0.35333333333333333 0.7666666666666667 800 800 
0.5 0.35333333333333333 0.7733333333333333 778 778 
0.5 0.35333333333333333 0.78 857 857 
0.5 0.35333333333333333 0.7866666666666666 791 791 
0.5 0.35333333333333333 0.7933333333333333 837 837 
0.5 0.35333333333333333 0.8 860 860 
0.5 0.35333333333333333 0.8066666666666666 822 822 
0.5 0.35333333333333333 0.8133333333333334 788 788 
0.5 0.35333333333333333 0.82 817 817 
0.5 0.35333333333333333 0.8266666666666667 834 834 
0.5 0.35333333333333333 0.8333333333333334 827 827 
0.5 0.35333333333333333 0.84 836 836 
0.5 0.35333333333333333 0.8466666666666667 843 843 
0.5 0.35333333333333333 0.8533333333333334 840 840 
0.5 0.35333333333333333 0.86 862 862 
0.5 0.35333333333333333 0.8666666666666667 774 774 
0.5 0.35333333333333333 0.8733333333333333 844 844 
0.5 0.35333333333333333 0.88 815 815 
0.5 0.35333333333333333 0.8866666666666667 862 862 
0.5 0.35333333333333333 0.8933333333333333 790 790 
0.5 0.35333333333333333 0.9 797 797 
0.5 0.35333333333333333 0.9066666666666666 813 813 
0.5 0.35333333333333333 0.9133333333333333 823 823 
0.5 0.35333333333333333 0.92 795 795 
0.5 0.35333333333333333 0.9266666666666666 821 821 
0.5 0.35333333333333333 0.9333333333333333 842 842 
0.5 0.35333333333333333 0.94 828 828 
0.5 0.35333333333333333 0.9466666666666667 843 843 
0.5 0.35333333333333333 0.9533333333333334 734 734 
0.5 0.35333333333333333 0.96 996 996 
0.5 0.35333333333333333 0.9666666666666667 798 798 
0.5 0.35333333333333333 0.9733333333333334 724 724 
0.5 0.35333333333333333 0.98 1328 1328 
0.5 0.35333333333333333 0.9866666666666667 0 0 
0.5 0.35333333333333333 0.9933333333333333 0 0 
0.5 0.36 0.0 0 0 
0.5 0.36 0.006666666666666667 0 0 
0.5 0.36 0.013333333333333334 1431 1431 
0.5 0.36 0.02 660 660 
0.5 0.36 0.02666666666666667 772 772 
0.5 0.36 0.03333333333333333 992 992 
0.5 0.36 0.04 773 773 
0.5 0.36 0.04666666666666667 869 869 
0.5 0.36 0.05333333333333334 866 866 
0.5 0.36 0.06 824 824 
0.5 0.36 0.06666666666666667 848 848 
0.5 0.36 0.07333333333333333 846 846 
0.5 0.36 0.08 802 802 
0.5 0.36 0.08666666666666667 866 866 
0.5 0.36 0.09333333333333334 826 826 
0.5 0.36 0.1 877 877 
0.5 0.36 0.10666666666666667 844 844 
0.5 0.36 0.11333333333333333 824 824 
0.5 0.36 0.12 855 855 
0.5 0.36 0.12666666666666668 852 852 
0.5 0.36 0.13333333333333333 809 809 
0.5 0.36 0.14 840 840 
0.5 0.36 0.14666666666666667 832 832 
0.5 0.36 0.15333333333333332 871 871 
0.5 0.36 0.16 864 864 
0.5 0.36 0.16666666666666666 852 852 
0.5 0.36 0.17333333333333334 835 835 
0.5 0.36 0.18 817 817 
0.5 0.36 0.18666666666666668 802 802 
0.5 0.36 0.19333333333333333 884 884 
0.5 0.36 0.2 833 833 
0.5 0.36 0.20666666666666667 875 875 
0.5 0.36 0.21333333333333335 862 862 
0.5 0.36 0.22 861 861 
0.5 0.36 0.22666666666666666 879 879 
0.5 0.36 0.23333333333333334 840 840 
0.5 0.36 0.24 830 830 
0.5 0.36 0.24666666666666667 884 884 
0.5 0.36 0.25333333333333335 793 793 
0.5 0.36 0.26 849 849 
0.5 0.36 0.26666666666666666 811 811 
0.5 0.36 0.2733333333333333 889 889 
0.5 0.36 0.28 868 868 
0.5 0.36 0.2866666666666667 820 820 
0.5 0.36 0.29333333333333333 810 810 
0.5 0.36 0.3 771 771 
0.5 0.36 0.30666666666666664 788 788 
0.5 0.36 0.31333333333333335 826 826 
0.5 0.36 0.32 857 857 
0.5 0.36 0.32666666666666666 786 786 
0.5 0.36 0.3333333333333333 848 848 
0.5 0.36 0.34 772 772 
0.5 0.36 0.3466666666666667 826 826 
0.5 0.36 0.35333333333333333 817 817 
0.5 0.36 0.36 807 807 
0.5 0.36 0.36666666666666664 850 850 
0.5 0.36 0.37333333333333335 833 833 
0.5 0.36 0.38 815 815 
0.5 0.36 0.38666666666666666 811 811 
0.5 0.36 0.3933333333333333 849 849 
0.5 0.36 0.4 873 873 
0.5 0.36 0.4066666666666667 846 846 
0.5 0.36 0.41333333333333333 853 853 
0.5 0.36 0.42 825 825 
0.5 0.36 0.4266666666666667 845 845 
0.5 0.36 0.43333333333333335 813 813 
0.5 0.36 0.44 849 849 
0.5 0.36 0.44666666666666666 844 844 
0.5 0.36 0.4533333333333333 822 822 
0.5 0.36 0.46 846 846 
0.5 0.36 0.4666666666666667 823 823 
0.5 0.36 0.47333333333333333 823 823 
0.5 0.36 0.48 836 836 
0.5 0.36 0.4866666666666667 870 870 
0.5 0.36 0.49333333333333335 805 805 
0.5 0.36 0.5 793 793 
0.5 0.36 0.5066666666666667 806 806 
0.5 0.36 0.5133333333333333 828 828 
0.5 0.36 0.52 842 842 
0.5 0.36 0.5266666666666666 868 868 
0.5 0.36 0.5333333333333333 801 801 
0.5 0.36 0.54 871 871 
0.5 0.36 0.5466666666666666 877 877 
0.5 0.36 0.5533333333333333 849 849 
0.5 0.36 0.56 920 920 
0.5 0.36 0.5666666666666667 810 810 
0.5 0.36 0.5733333333333334 817 817 
0.5 0.36 0.58 849 849 
0.5 0.36 0.5866666666666667 808 808 
0.5 0.36 0.5933333333333334 826 826 
0.5 0.36 0.6 820 820 
0.5 0.36 0.6066666666666667 827 827 
0.5 0.36 0.6133333333333333 818 818 
0.5 0.36 0.62 842 842 
0.5 0.36 0.6266666666666667 824 824 
0.5 0.36 0.6333333333333333 848 848 
0.5 0.36 0.64 822 822 
0.5 0.36 0.6466666666666666 842 842 
0.5 0.36 0.6533333333333333 821 821 
0.5 0.36 0.66 856 856 
0.5 0.36 0.6666666666666666 825 825 
0.5 0.36 0.6733333333333333 858 858 
0.5 0.36 0.68 866 866 
0.5 0.36 0.6866666666666666 819 819 
0.5 0.36 0.6933333333333334 859 859 
0.5 0.36 0.7 811 811 
0.5 0.36 0.7066666666666667 837 837 
0.5 0.36 0.7133333333333334 854 854 
0.5 0.36 0.72 809 809 
0.5 0.36 0.7266666666666667 824 824 
0.5 0.36 0.7333333333333333 832 832 
0.5 0.36 0.74 813 813 
0.5 0.36 0.7466666666666667 824 824 
0.5 0.36 0.7533333333333333 823 823 
0.5 0.36 0.76 792 792 
0.5 0.36 0.7666666666666667 872 872 
0.5 0.36 0.7733333333333333 824 824 
0.5 0.36 0.78 864 864 
0.5 0.36 0.7866666666666666 808 808 
0.5 0.36 0.7933333333333333 843 843 
0.5 0.36 0.8 821 821 
0.5 0.36 0.8066666666666666 836 836 
0.5 0.36 0.8133333333333334 809 809 
0.5 0.36 0.82 796 796 
0.5 0.36 0.8266666666666667 812 812 
0.5 0.36 0.8333333333333334 831 831 
0.5 0.36 0.84 848 848 
0.5 0.36 0.8466666666666667 808 808 
0.5 0.36 0.8533333333333334 817 817 
0.5 0.36 0.86 789 789 
0.5 0.36 0.8666666666666667 778 778 
0.5 0.36 0.8733333333333333 840 840 
0.5 0.36 0.88 830 830 
0.5 0.36 0.8866666666666667 857 857 
0.5 0.36 0.8933333333333333 830 830 
0.5 0.36 0.9 807 807 
0.5 0.36 0.9066666666666666 882 882 
0.5 0.36 0.9133333333333333 838 838 
0.5 0.36 0.92 838 838 
0.5 0.36 0.9266666666666666 857 857 
0.5 0.36 0.9333333333333333 833 833 
0.5 0.36 0.94 838 838 
0.5 0.36 0.9466666666666667 884 884 
0.5 0.36 0.9533333333333334 740 740 
0.5 0.36 0.96 1020 1020 
0.5 0.36 0.9666666666666667 733 733 
0.5 0.36 0.9733333333333334 699 699 
0.5 0.36 0.98 1382 1382 
0.5 0.36 0.9866666666666667 0 0 
0.5 0.36 0.9933333333333333 0 0 
0.5 0.36666666666666664 0.0 0 0 
0.5 0.36666666666666664 0.006666666666666667 0 0 
0.5 0.36666666666666664 0.013333333333333334 1441 1441 
0.5 0.36666666666666664 0.02 669 669 
0.5 0.36666666666666664 0.02666666666666667 729 729 
0.5 0.36666666666666664 0.03333333333333333 1003 1003 
0.5 0.36666666666666664 0.04 810 810 
0.5 0.36666666666666664 0.04666666666666667 919 919 
0.5 0.36666666666666664 0.05333333333333334 899 899 
0.5 0.36666666666666664 0.06 900 900 
0.5 0.36666666666666664 0.06666666666666667 884 884 
0.5 0.36666666666666664 0.07333333333333333 785 785 
0.5 0.36666666666666664 0.08 821 821 
0.5 0.36666666666666664 0.08666666666666667 837 837 
0.5 0.36666666666666664 0.09333333333333334 846 846 
0.5 0.36666666666666664 0.1 831 831 
0.5 0.36666666666666664 0.10666666666666667 820 820 
0.5 0.36666666666666664 0.11333333333333333 874 874 
0.5 0.36666666666666664 0.12 839 839 
0.5 0.36666666666666664 0.12666666666666668 870 870 
0.5 0.36666666666666664 0.13333333333333333 822 822 
0.5 0.36666666666666664 0.14 797 797 
0.5 0.36666666666666664 0.14666666666666667 843 843 
0.5 0.36666666666666664 0.15333333333333332 848 848 
0.5 0.36666666666666664 0.16 867 867 
0.5 0.36666666666666664 0.16666666666666666 836 836 
0.5 0.36666666666666664 0.17333333333333334 802 802 
0.5 0.36666666666666664 0.18 814 814 
0.5 0.36666666666666664 0.18666666666666668 870 870 
0.5 0.36666666666666664 0.19333333333333333 771 771 
0.5 0.36666666666666664 0.2 845 845 
0.5 0.36666666666666664 0.20666666666666667 836 836 
0.5 0.36666666666666664 0.21333333333333335 886 886 
0.5 0.36666666666666664 0.22 865 865 
0.5 0.36666666666666664 0.22666666666666666 800 800 
0.5 0.36666666666666664 0.23333333333333334 803 803 
0.5 0.36666666666666664 0.24 895 895 
0.5 0.36666666666666664 0.24666666666666667 866 866 
0.5 0.36666666666666664 0.25333333333333335 854 854 
0.5 0.36666666666666664 0.26 868 868 
0.5 0.36666666666666664 0.26666666666666666 819 819 
0.5 0.36666666666666664 0.2733333333333333 883 883 
0.5 0.36666666666666664 0.28 868 868 
0.5 0.36666666666666664 0.2866666666666667 846 846 
0.5 0.36666666666666664 0.29333333333333333 883 883 
0.5 0.36666666666666664 0.3 833 833 
0.5 0.36666666666666664 0.30666666666666664 831 831 
0.5 0.36666666666666664 0.31333333333333335 865 865 
0.5 0.36666666666666664 0.32 806 806 
0.5 0.36666666666666664 0.32666666666666666 805 805 
0.5 0.36666666666666664 0.3333333333333333 885 885 
0.5 0.36666666666666664 0.34 835 835 
0.5 0.36666666666666664 0.3466666666666667 836 836 
0.5 0.36666666666666664 0.35333333333333333 820 820 
0.5 0.36666666666666664 0.36 785 785 
0.5 0.36666666666666664 0.36666666666666664 911 911 
0.5 0.36666666666666664 0.37333333333333335 903 903 
0.5 0.36666666666666664 0.38 814 814 
0.5 0.36666666666666664 0.38666666666666666 875 875 
0.5 0.36666666666666664 0.3933333333333333 823 823 
0.5 0.36666666666666664 0.4 862 862 
0.5 0.36666666666666664 0.4066666666666667 821 821 
0.5 0.36666666666666664 0.41333333333333333 828 828 
0.5 0.36666666666666664 0.42 841 841 
0.5 0.36666666666666664 0.4266666666666667 857 857 
0.5 0.36666666666666664 0.43333333333333335 869 869 
0.5 0.36666666666666664 0.44 830 830 
0.5 0.36666666666666664 0.44666666666666666 891 891 
0.5 0.36666666666666664 0.4533333333333333 835 835 
0.5 0.36666666666666664 0.46 798 798 
0.5 0.36666666666666664 0.4666666666666667 830 830 
0.5 0.36666666666666664 0.47333333333333333 830 830 
0.5 0.36666666666666664 0.48 831 831 
0.5 0.36666666666666664 0.4866666666666667 850 850 
0.5 0.36666666666666664 0.49333333333333335 818 818 
0.5 0.36666666666666664 0.5 846 846 
0.5 0.36666666666666664 0.5066666666666667 821 821 
0.5 0.36666666666666664 0.5133333333333333 863 863 
0.5 0.36666666666666664 0.52 762 762 
0.5 0.36666666666666664 0.5266666666666666 841 841 
0.5 0.36666666666666664 0.5333333333333333 801 801 
0.5 0.36666666666666664 0.54 829 829 
0.5 0.36666666666666664 0.5466666666666666 747 747 
0.5 0.36666666666666664 0.5533333333333333 812 812 
0.5 0.36666666666666664 0.56 829 829 
0.5 0.36666666666666664 0.5666666666666667 834 834 
0.5 0.36666666666666664 0.5733333333333334 838 838 
0.5 0.36666666666666664 0.58 810 810 
0.5 0.36666666666666664 0.5866666666666667 838 838 
0.5 0.36666666666666664 0.5933333333333334 824 824 
0.5 0.36666666666666664 0.6 721 721 
0.5 0.36666666666666664 0.6066666666666667 807 807 
0.5 0.36666666666666664 0.6133333333333333 861 861 
0.5 0.36666666666666664 0.62 824 824 
0.5 0.36666666666666664 0.6266666666666667 908 908 
0.5 0.36666666666666664 0.6333333333333333 797 797 
0.5 0.36666666666666664 0.64 803 803 
0.5 0.36666666666666664 0.6466666666666666 822 822 
0.5 0.36666666666666664 0.6533333333333333 798 798 
0.5 0.36666666666666664 0.66 812 812 
0.5 0.36666666666666664 0.6666666666666666 841 841 
0.5 0.36666666666666664 0.6733333333333333 873 873 
0.5 0.36666666666666664 0.68 867 867 
0.5 0.36666666666666664 0.6866666666666666 819 819 
0.5 0.36666666666666664 0.6933333333333334 814 814 
0.5 0.36666666666666664 0.7 836 836 
0.5 0.36666666666666664 0.7066666666666667 850 850 
0.5 0.36666666666666664 0.7133333333333334 824 824 
0.5 0.36666666666666664 0.72 824 824 
0.5 0.36666666666666664 0.7266666666666667 835 835 
0.5 0.36666666666666664 0.7333333333333333 799 799 
0.5 0.36666666666666664 0.74 758 758 
0.5 0.36666666666666664 0.7466666666666667 849 849 
0.5 0.36666666666666664 0.7533333333333333 811 811 
0.5 0.36666666666666664 0.76 827 827 
0.5 0.36666666666666664 0.7666666666666667 741 741 
0.5 0.36666666666666664 0.7733333333333333 806 806 
0.5 0.36666666666666664 0.78 821 821 
0.5 0.36666666666666664 0.7866666666666666 815 815 
0.5 0.36666666666666664 0.7933333333333333 852 852 
0.5 0.36666666666666664 0.8 828 828 
0.5 0.36666666666666664 0.8066666666666666 799 799 
0.5 0.36666666666666664 0.8133333333333334 821 821 
0.5 0.36666666666666664 0.82 861 861 
0.5 0.36666666666666664 0.8266666666666667 757 757 
0.5 0.36666666666666664 0.8333333333333334 812 812 
0.5 0.36666666666666664 0.84 830 830 
0.5 0.36666666666666664 0.8466666666666667 855 855 
0.5 0.36666666666666664 0.8533333333333334 833 833 
0.5 0.36666666666666664 0.86 811 811 
0.5 0.36666666666666664 0.8666666666666667 799 799 
0.5 0.36666666666666664 0.8733333333333333 809 809 
0.5 0.36666666666666664 0.88 824 824 
0.5 0.36666666666666664 0.8866666666666667 814 814 
0.5 0.36666666666666664 0.8933333333333333 796 796 
0.5 0.36666666666666664 0.9 806 806 
0.5 0.36666666666666664 0.9066666666666666 805 805 
0.5 0.36666666666666664 0.9133333333333333 826 826 
0.5 0.36666666666666664 0.92 847 847 
0.5 0.36666666666666664 0.9266666666666666 873 873 
0.5 0.36666666666666664 0.9333333333333333 801 801 
0.5 0.36666666666666664 0.94 862 862 
0.5 0.36666666666666664 0.9466666666666667 938 938 
0.5 0.36666666666666664 0.9533333333333334 745 745 
0.5 0.36666666666666664 0.96 975 975 
0.5 0.36666666666666664 0.9666666666666667 752 752 
0.5 0.36666666666666664 0.9733333333333334 677 677 
0.5 0.36666666666666664 0.98 1357 1357 
0.5 0.36666666666666664 0.9866666666666667 0 0 
0.5 0.36666666666666664 0.9933333333333333 0 0 
0.5 0.37333333333333335 0.0 0 0 
0.5 0.37333333333333335 0.006666666666666667 0 0 
0.5 0.37333333333333335 0.013333333333333334 1367 1367 
0.5 0.37333333333333335 0.02 653 653 
0.5 0.37333333333333335 0.02666666666666667 769 769 
0.5 0.37333333333333335 0.03333333333333333 948 948 
0.5 0.37333333333333335 0.04 748 748 
0.5 0.37333333333333335 0.04666666666666667 926 926 
0.5 0.37333333333333335 0.05333333333333334 778 778 
0.5 0.37333333333333335 0.06 829 829 
0.5 0.37333333333333335 0.06666666666666667 857 857 
0.5 0.37333333333333335 0.07333333333333333 798 798 
0.5 0.37333333333333335 0.08 803 803 
0.5 0.37333333333333335 0.08666666666666667 812 812 
0.5 0.37333333333333335 0.09333333333333334 827 827 
0.5 0.37333333333333335 0.1 845 845 
0.5 0.37333333333333335 0.10666666666666667 828 828 
0.5 0.37333333333333335 0.11333333333333333 870 870 
0.5 0.37333333333333335 0.12 810 810 
0.5 0.37333333333333335 0.12666666666666668 815 815 
0.5 0.37333333333333335 0.13333333333333333 849 849 
0.5 0.37333333333333335 0.14 855 855 
0.5 0.37333333333333335 0.14666666666666667 826 826 
0.5 0.37333333333333335 0.15333333333333332 889 889 
0.5 0.37333333333333335 0.16 845 845 
0.5 0.37333333333333335 0.16666666666666666 774 774 
0.5 0.37333333333333335 0.17333333333333334 856 856 
0.5 0.37333333333333335 0.18 850 850 
0.5 0.37333333333333335 0.18666666666666668 874 874 
0.5 0.37333333333333335 0.19333333333333333 848 848 
0.5 0.37333333333333335 0.2 882 882 
0.5 0.37333333333333335 0.20666666666666667 847 847 
0.5 0.37333333333333335 0.21333333333333335 834 834 
0.5 0.37333333333333335 0.22 896 896 
0.5 0.37333333333333335 0.22666666666666666 778 778 
0.5 0.37333333333333335 0.23333333333333334 850 850 
0.5 0.37333333333333335 0.24 851 851 
0.5 0.37333333333333335 0.24666666666666667 871 871 
0.5 0.37333333333333335 0.25333333333333335 834 834 
0.5 0.37333333333333335 0.26 820 820 
0.5 0.37333333333333335 0.26666666666666666 849 849 
0.5 0.37333333333333335 0.2733333333333333 848 848 
0.5 0.37333333333333335 0.28 839 839 
0.5 0.37333333333333335 0.2866666666666667 863 863 
0.5 0.37333333333333335 0.29333333333333333 823 823 
0.5 0.37333333333333335 0.3 824 824 
0.5 0.37333333333333335 0.30666666666666664 798 798 
0.5 0.37333333333333335 0.31333333333333335 828 828 
0.5 0.37333333333333335 0.32 824 824 
0.5 0.37333333333333335 0.32666666666666666 824 824 
0.5 0.37333333333333335 0.3333333333333333 817 817 
0.5 0.37333333333333335 0.34 832 832 
0.5 0.37333333333333335 0.3466666666666667 834 834 
0.5 0.37333333333333335 0.35333333333333333 862 862 
0.5 0.37333333333333335 0.36 851 851 
0.5 0.37333333333333335 0.36666666666666664 819 819 
0.5 0.37333333333333335 0.37333333333333335 789 789 
0.5 0.37333333333333335 0.38 849 849 
0.5 0.37333333333333335 0.38666666666666666 841 841 
0.5 0.37333333333333335 0.3933333333333333 836 836 
0.5 0.37333333333333335 0.4 872 872 
0.5 0.37333333333333335 0.4066666666666667 794 794 
0.5 0.37333333333333335 0.41333333333333333 860 860 
0.5 0.37333333333333335 0.42 850 850 
0.5 0.37333333333333335 0.4266666666666667 865 865 
0.5 0.37333333333333335 0.43333333333333335 841 841 
0.5 0.37333333333333335 0.44 795 795 
0.5 0.37333333333333335 0.44666666666666666 833 833 
0.5 0.37333333333333335 0.4533333333333333 791 791 
0.5 0.37333333333333335 0.46 887 887 
0.5 0.37333333333333335 0.4666666666666667 886 886 
0.5 0.37333333333333335 0.47333333333333333 831 831 
0.5 0.37333333333333335 0.48 843 843 
0.5 0.37333333333333335 0.4866666666666667 761 761 
0.5 0.37333333333333335 0.49333333333333335 844 844 
0.5 0.37333333333333335 0.5 813 813 
0.5 0.37333333333333335 0.5066666666666667 814 814 
0.5 0.37333333333333335 0.5133333333333333 834 834 
0.5 0.37333333333333335 0.52 787 787 
0.5 0.37333333333333335 0.5266666666666666 856 856 
0.5 0.37333333333333335 0.5333333333333333 830 830 
0.5 0.37333333333333335 0.54 913 913 
0.5 0.37333333333333335 0.5466666666666666 891 891 
0.5 0.37333333333333335 0.5533333333333333 793 793 
0.5 0.37333333333333335 0.56 839 839 
0.5 0.37333333333333335 0.5666666666666667 796 796 
0.5 0.37333333333333335 0.5733333333333334 849 849 
0.5 0.37333333333333335 0.58 839 839 
0.5 0.37333333333333335 0.5866666666666667 830 830 
0.5 0.37333333333333335 0.5933333333333334 810 810 
0.5 0.37333333333333335 0.6 820 820 
0.5 0.37333333333333335 0.6066666666666667 819 819 
0.5 0.37333333333333335 0.6133333333333333 757 757 
0.5 0.37333333333333335 0.62 820 820 
0.5 0.37333333333333335 0.6266666666666667 781 781 
0.5 0.37333333333333335 0.6333333333333333 833 833 
0.5 0.37333333333333335 0.64 797 797 
0.5 0.37333333333333335 0.6466666666666666 842 842 
0.5 0.37333333333333335 0.6533333333333333 801 801 
0.5 0.37333333333333335 0.66 811 811 
0.5 0.37333333333333335 0.6666666666666666 771 771 
0.5 0.37333333333333335 0.6733333333333333 862 862 
0.5 0.37333333333333335 0.68 843 843 
0.5 0.37333333333333335 0.6866666666666666 830 830 
0.5 0.37333333333333335 0.6933333333333334 854 854 
0.5 0.37333333333333335 0.7 845 845 
0.5 0.37333333333333335 0.7066666666666667 798 798 
0.5 0.37333333333333335 0.7133333333333334 802 802 
0.5 0.37333333333333335 0.72 827 827 
0.5 0.37333333333333335 0.7266666666666667 801 801 
0.5 0.37333333333333335 0.7333333333333333 798 798 
0.5 0.37333333333333335 0.74 821 821 
0.5 0.37333333333333335 0.7466666666666667 806 806 
0.5 0.37333333333333335 0.7533333333333333 839 839 
0.5 0.37333333333333335 0.76 790 790 
0.5 0.37333333333333335 0.7666666666666667 855 855 
0.5 0.37333333333333335 0.7733333333333333 834 834 
0.5 0.37333333333333335 0.78 842 842 
0.5 0.37333333333333335 0.7866666666666666 799 799 
0.5 0.37333333333333335 0.7933333333333333 833 833 
0.5 0.37333333333333335 0.8 859 859 
0.5 0.37333333333333335 0.8066666666666666 803 803 
0.5 0.37333333333333335 0.8133333333333334 836 836 
0.5 0.37333333333333335 0.82 866 866 
0.5 0.37333333333333335 0.8266666666666667 848 848 
0.5 0.37333333333333335 0.8333333333333334 857 857 
0.5 0.37333333333333335 0.84 789 789 
0.5 0.37333333333333335 0.8466666666666667 820 820 
0.5 0.37333333333333335 0.8533333333333334 823 823 
0.5 0.37333333333333335 0.86 821 821 
0.5 0.37333333333333335 0.8666666666666667 754 754 
0.5 0.37333333333333335 0.8733333333333333 797 797 
0.5 0.37333333333333335 0.88 827 827 
0.5 0.37333333333333335 0.8866666666666667 876 876 
0.5 0.37333333333333335 0.8933333333333333 832 832 
0.5 0.37333333333333335 0.9 885 885 
0.5 0.37333333333333335 0.9066666666666666 828 828 
0.5 0.37333333333333335 0.9133333333333333 876 876 
0.5 0.37333333333333335 0.92 836 836 
0.5 0.37333333333333335 0.9266666666666666 814 814 
0.5 0.37333333333333335 0.9333333333333333 858 858 
0.5 0.37333333333333335 0.94 873 873 
0.5 0.37333333333333335 0.9466666666666667 847 847 
0.5 0.37333333333333335 0.9533333333333334 821 821 
0.5 0.37333333333333335 0.96 945 945 
0.5 0.37333333333333335 0.9666666666666667 735 735 
0.5 0.37333333333333335 0.9733333333333334 707 707 
0.5 0.37333333333333335 0.98 1330 1330 
0.5 0.37333333333333335 0.9866666666666667 0 0 
0.5 0.37333333333333335 0.9933333333333333 0 0 
0.5 0.38 0.0 0 0 
0.5 0.38 0.006666666666666667 0 0 
0.5 0.38 0.013333333333333334 1412 1412 
0.5 0.38 0.02 713 713 
0.5 0.38 0.02666666666666667 783 783 
0.5 0.38 0.03333333333333333 971 971 
0.5 0.38 0.04 746 746 
0.5 0.38 0.04666666666666667 891 891 
0.5 0.38 0.05333333333333334 789 789 
0.5 0.38 0.06 875 875 
0.5 0.38 0.06666666666666667 855 855 
0.5 0.38 0.07333333333333333 832 832 
0.5 0.38 0.08 843 843 
0.5 0.38 0.08666666666666667 860 860 
0.5 0.38 0.09333333333333334 791 791 
0.5 0.38 0.1 846 846 
0.5 0.38 0.10666666666666667 856 856 
0.5 0.38 0.11333333333333333 839 839 
0.5 0.38 0.12 808 808 
0.5 0.38 0.12666666666666668 823 823 
0.5 0.38 0.13333333333333333 864 864 
0.5 0.38 0.14 893 893 
0.5 0.38 0.14666666666666667 822 822 
0.5 0.38 0.15333333333333332 824 824 
0.5 0.38 0.16 831 831 
0.5 0.38 0.16666666666666666 873 873 
0.5 0.38 0.17333333333333334 856 856 
0.5 0.38 0.18 842 842 
0.5 0.38 0.18666666666666668 844 844 
0.5 0.38 0.19333333333333333 851 851 
0.5 0.38 0.2 826 826 
0.5 0.38 0.20666666666666667 836 836 
0.5 0.38 0.21333333333333335 793 793 
0.5 0.38 0.22 812 812 
0.5 0.38 0.22666666666666666 837 837 
0.5 0.38 0.23333333333333334 780 780 
0.5 0.38 0.24 864 864 
0.5 0.38 0.24666666666666667 845 845 
0.5 0.38 0.25333333333333335 845 845 
0.5 0.38 0.26 887 887 
0.5 0.38 0.26666666666666666 852 852 
0.5 0.38 0.2733333333333333 812 812 
0.5 0.38 0.28 878 878 
0.5 0.38 0.2866666666666667 817 817 
0.5 0.38 0.29333333333333333 840 840 
0.5 0.38 0.3 816 816 
0.5 0.38 0.30666666666666664 877 877 
0.5 0.38 0.31333333333333335 859 859 
0.5 0.38 0.32 872 872 
0.5 0.38 0.32666666666666666 856 856 
0.5 0.38 0.3333333333333333 776 776 
0.5 0.38 0.34 883 883 
0.5 0.38 0.3466666666666667 801 801 
0.5 0.38 0.35333333333333333 860 860 
0.5 0.38 0.36 804 804 
0.5 0.38 0.36666666666666664 849 849 
0.5 0.38 0.37333333333333335 809 809 
0.5 0.38 0.38 840 840 
0.5 0.38 0.38666666666666666 831 831 
0.5 0.38 0.3933333333333333 835 835 
0.5 0.38 0.4 892 892 
0.5 0.38 0.4066666666666667 838 838 
0.5 0.38 0.41333333333333333 811 811 
0.5 0.38 0.42 852 852 
0.5 0.38 0.4266666666666667 793 793 
0.5 0.38 0.43333333333333335 796 796 
0.5 0.38 0.44 813 813 
0.5 0.38 0.44666666666666666 823 823 
0.5 0.38 0.4533333333333333 878 878 
0.5 0.38 0.46 791 791 
0.5 0.38 0.4666666666666667 847 847 
0.5 0.38 0.47333333333333333 863 863 
0.5 0.38 0.48 753 753 
0.5 0.38 0.4866666666666667 853 853 
0.5 0.38 0.49333333333333335 850 850 
0.5 0.38 0.5 873 873 
0.5 0.38 0.5066666666666667 883 883 
0.5 0.38 0.5133333333333333 840 840 
0.5 0.38 0.52 842 842 
0.5 0.38 0.5266666666666666 881 881 
0.5 0.38 0.5333333333333333 832 832 
0.5 0.38 0.54 827 827 
0.5 0.38 0.5466666666666666 850 850 
0.5 0.38 0.5533333333333333 865 865 
0.5 0.38 0.56 813 813 
0.5 0.38 0.5666666666666667 815 815 
0.5 0.38 0.5733333333333334 803 803 
0.5 0.38 0.58 863 863 
0.5 0.38 0.5866666666666667 816 816 
0.5 0.38 0.5933333333333334 851 851 
0.5 0.38 0.6 836 836 
0.5 0.38 0.6066666666666667 855 855 
0.5 0.38 0.6133333333333333 816 816 
0.5 0.38 0.62 864 864 
0.5 0.38 0.6266666666666667 843 843 
0.5 0.38 0.6333333333333333 841 841 
0.5 0.38 0.64 803 803 
0.5 0.38 0.6466666666666666 867 867 
0.5 0.38 0.6533333333333333 842 842 
0.5 0.38 0.66 837 837 
0.5 0.38 0.6666666666666666 818 818 
0.5 0.38 0.6733333333333333 818 818 
0.5 0.38 0.68 821 821 
0.5 0.38 0.6866666666666666 830 830 
0.5 0.38 0.6933333333333334 843 843 
0.5 0.38 0.7 845 845 
0.5 0.38 0.7066666666666667 842 842 
0.5 0.38 0.7133333333333334 831 831 
0.5 0.38 0.72 790 790 
0.5 0.38 0.7266666666666667 844 844 
0.5 0.38 0.7333333333333333 824 824 
0.5 0.38 0.74 838 838 
0.5 0.38 0.7466666666666667 830 830 
0.5 0.38 0.7533333333333333 837 837 
0.5 0.38 0.76 802 802 
0.5 0.38 0.7666666666666667 859 859 
0.5 0.38 0.7733333333333333 828 828 
0.5 0.38 0.78 847 847 
0.5 0.38 0.7866666666666666 866 866 
0.5 0.38 0.7933333333333333 824 824 
0.5 0.38 0.8 810 810 
0.5 0.38 0.8066666666666666 818 818 
0.5 0.38 0.8133333333333334 741 741 
0.5 0.38 0.82 767 767 
0.5 0.38 0.8266666666666667 799 799 
0.5 0.38 0.8333333333333334 828 828 
0.5 0.38 0.84 825 825 
0.5 0.38 0.8466666666666667 793 793 
0.5 0.38 0.8533333333333334 828 828 
0.5 0.38 0.86 853 853 
0.5 0.38 0.8666666666666667 876 876 
0.5 0.38 0.8733333333333333 830 830 
0.5 0.38 0.88 821 821 
0.5 0.38 0.8866666666666667 826 826 
0.5 0.38 0.8933333333333333 830 830 
0.5 0.38 0.9 834 834 
0.5 0.38 0.9066666666666666 827 827 
0.5 0.38 0.9133333333333333 827 827 
0.5 0.38 0.92 869 869 
0.5 0.38 0.9266666666666666 902 902 
0.5 0.38 0.9333333333333333 873 873 
0.5 0.38 0.94 856 856 
0.5 0.38 0.9466666666666667 871 871 
0.5 0.38 0.9533333333333334 791 791 
0.5 0.38 0.96 957 957 
0.5 0.38 0.9666666666666667 695 695 
0.5 0.38 0.9733333333333334 667 667 
0.5 0.38 0.98 1323 1323 
0.5 0.38 0.9866666666666667 0 0 
0.5 0.38 0.9933333333333333 0 0 
0.5 0.38666666666666666 0.0 0 0 
0.5 0.38666666666666666 0.006666666666666667 0 0 
0.5 0.38666666666666666 0.013333333333333334 1400 1400 
0.5 0.38666666666666666 0.02 685 685 
0.5 0.38666666666666666 0.02666666666666667 792 792 
0.5 0.38666666666666666 0.03333333333333333 998 998 
0.5 0.38666666666666666 0.04 836 836 
0.5 0.38666666666666666 0.04666666666666667 902 902 
0.5 0.38666666666666666 0.05333333333333334 854 854 
0.5 0.38666666666666666 0.06 843 843 
0.5 0.38666666666666666 0.06666666666666667 833 833 
0.5 0.38666666666666666 0.07333333333333333 787 787 
0.5 0.38666666666666666 0.08 798 798 
0.5 0.38666666666666666 0.08666666666666667 860 860 
0.5 0.38666666666666666 0.09333333333333334 809 809 
0.5 0.38666666666666666 0.1 839 839 
0.5 0.38666666666666666 0.10666666666666667 814 814 
0.5 0.38666666666666666 0.11333333333333333 842 842 
0.5 0.38666666666666666 0.12 830 830 
0.5 0.38666666666666666 0.12666666666666668 826 826 
0.5 0.38666666666666666 0.13333333333333333 858 858 
0.5 0.38666666666666666 0.14 796 796 
0.5 0.38666666666666666 0.14666666666666667 851 851 
0.5 0.38666666666666666 0.15333333333333332 796 796 
0.5 0.38666666666666666 0.16 835 835 
0.5 0.38666666666666666 0.16666666666666666 885 885 
0.5 0.38666666666666666 0.17333333333333334 811 811 
0.5 0.38666666666666666 0.18 858 858 
0.5 0.38666666666666666 0.18666666666666668 815 815 
0.5 0.38666666666666666 0.19333333333333333 840 840 
0.5 0.38666666666666666 0.2 849 849 
0.5 0.38666666666666666 0.20666666666666667 838 838 
0.5 0.38666666666666666 0.21333333333333335 870 870 
0.5 0.38666666666666666 0.22 835 835 
0.5 0.38666666666666666 0.22666666666666666 860 860 
0.5 0.38666666666666666 0.23333333333333334 795 795 
0.5 0.38666666666666666 0.24 819 819 
0.5 0.38666666666666666 0.24666666666666667 922 922 
0.5 0.38666666666666666 0.25333333333333335 837 837 
0.5 0.38666666666666666 0.26 865 865 
0.5 0.38666666666666666 0.26666666666666666 889 889 
0.5 0.38666666666666666 0.2733333333333333 873 873 
0.5 0.38666666666666666 0.28 859 859 
0.5 0.38666666666666666 0.2866666666666667 857 857 
0.5 0.38666666666666666 0.29333333333333333 834 834 
0.5 0.38666666666666666 0.3 829 829 
0.5 0.38666666666666666 0.30666666666666664 796 796 
0.5 0.38666666666666666 0.31333333333333335 879 879 
0.5 0.38666666666666666 0.32 881 881 
0.5 0.38666666666666666 0.32666666666666666 880 880 
0.5 0.38666666666666666 0.3333333333333333 849 849 
0.5 0.38666666666666666 0.34 818 818 
0.5 0.38666666666666666 0.3466666666666667 817 817 
0.5 0.38666666666666666 0.35333333333333333 853 853 
0.5 0.38666666666666666 0.36 892 892 
0.5 0.38666666666666666 0.36666666666666664 834 834 
0.5 0.38666666666666666 0.37333333333333335 853 853 
0.5 0.38666666666666666 0.38 820 820 
0.5 0.38666666666666666 0.38666666666666666 810 810 
0.5 0.38666666666666666 0.3933333333333333 832 832 
0.5 0.38666666666666666 0.4 830 830 
0.5 0.38666666666666666 0.4066666666666667 866 866 
0.5 0.38666666666666666 0.41333333333333333 858 858 
0.5 0.38666666666666666 0.42 792 792 
0.5 0.38666666666666666 0.4266666666666667 828 828 
0.5 0.38666666666666666 0.43333333333333335 823 823 
0.5 0.38666666666666666 0.44 828 828 
0.5 0.38666666666666666 0.44666666666666666 843 843 
0.5 0.38666666666666666 0.4533333333333333 880 880 
0.5 0.38666666666666666 0.46 800 800 
0.5 0.38666666666666666 0.4666666666666667 833 833 
0.5 0.38666666666666666 0.47333333333333333 865 865 
0.5 0.38666666666666666 0.48 870 870 
0.5 0.38666666666666666 0.4866666666666667 837 837 
0.5 0.38666666666666666 0.49333333333333335 859 859 
0.5 0.38666666666666666 0.5 812 812 
0.5 0.38666666666666666 0.5066666666666667 858 858 
0.5 0.38666666666666666 0.5133333333333333 782 782 
0.5 0.38666666666666666 0.52 856 856 
0.5 0.38666666666666666 0.5266666666666666 859 859 
0.5 0.38666666666666666 0.5333333333333333 835 835 
0.5 0.38666666666666666 0.54 885 885 
0.5 0.38666666666666666 0.5466666666666666 816 816 
0.5 0.38666666666666666 0.5533333333333333 861 861 
0.5 0.38666666666666666 0.56 814 814 
0.5 0.38666666666666666 0.5666666666666667 887 887 
0.5 0.38666666666666666 0.5733333333333334 872 872 
0.5 0.38666666666666666 0.58 838 838 
0.5 0.38666666666666666 0.5866666666666667 845 845 
0.5 0.38666666666666666 0.5933333333333334 799 799 
0.5 0.38666666666666666 0.6 878 878 
0.5 0.38666666666666666 0.6066666666666667 855 855 
0.5 0.38666666666666666 0.6133333333333333 811 811 
0.5 0.38666666666666666 0.62 800 800 
0.5 0.38666666666666666 0.6266666666666667 831 831 
0.5 0.38666666666666666 0.6333333333333333 827 827 
0.5 0.38666666666666666 0.64 802 802 
0.5 0.38666666666666666 0.6466666666666666 869 869 
0.5 0.38666666666666666 0.6533333333333333 846 846 
0.5 0.38666666666666666 0.66 798 798 
0.5 0.38666666666666666 0.6666666666666666 820 820 
0.5 0.38666666666666666 0.6733333333333333 851 851 
0.5 0.38666666666666666 0.68 871 871 
0.5 0.38666666666666666 0.6866666666666666 894 894 
0.5 0.38666666666666666 0.6933333333333334 819 819 
0.5 0.38666666666666666 0.7 852 852 
0.5 0.38666666666666666 0.7066666666666667 798 798 
0.5 0.38666666666666666 0.7133333333333334 838 838 
0.5 0.38666666666666666 0.72 826 826 
0.5 0.38666666666666666 0.7266666666666667 821 821 
0.5 0.38666666666666666 0.7333333333333333 802 802 
0.5 0.38666666666666666 0.74 826 826 
0.5 0.38666666666666666 0.7466666666666667 809 809 
0.5 0.38666666666666666 0.7533333333333333 802 802 
0.5 0.38666666666666666 0.76 875 875 
0.5 0.38666666666666666 0.7666666666666667 799 799 
0.5 0.38666666666666666 0.7733333333333333 929 929 
0.5 0.38666666666666666 0.78 784 784 
0.5 0.38666666666666666 0.7866666666666666 793 793 
0.5 0.38666666666666666 0.7933333333333333 769 769 
0.5 0.38666666666666666 0.8 798 798 
0.5 0.38666666666666666 0.8066666666666666 816 816 
0.5 0.38666666666666666 0.8133333333333334 809 809 
0.5 0.38666666666666666 0.82 804 804 
0.5 0.38666666666666666 0.8266666666666667 863 863 
0.5 0.38666666666666666 0.8333333333333334 811 811 
0.5 0.38666666666666666 0.84 888 888 
0.5 0.38666666666666666 0.8466666666666667 809 809 
0.5 0.38666666666666666 0.8533333333333334 810 810 
0.5 0.38666666666666666 0.86 833 833 
0.5 0.38666666666666666 0.8666666666666667 832 832 
0.5 0.38666666666666666 0.8733333333333333 896 896 
0.5 0.38666666666666666 0.88 866 866 
0.5 0.38666666666666666 0.8866666666666667 845 845 
0.5 0.38666666666666666 0.8933333333333333 813 813 
0.5 0.38666666666666666 0.9 889 889 
0.5 0.38666666666666666 0.9066666666666666 800 800 
0.5 0.38666666666666666 0.9133333333333333 803 803 
0.5 0.38666666666666666 0.92 832 832 
0.5 0.38666666666666666 0.9266666666666666 857 857 
0.5 0.38666666666666666 0.9333333333333333 868 868 
0.5 0.38666666666666666 0.94 806 806 
0.5 0.38666666666666666 0.9466666666666667 910 910 
0.5 0.38666666666666666 0.9533333333333334 744 744 
0.5 0.38666666666666666 0.96 991 991 
0.5 0.38666666666666666 0.9666666666666667 755 755 
0.5 0.38666666666666666 0.9733333333333334 656 656 
0.5 0.38666666666666666 0.98 1299 1299 
0.5 0.38666666666666666 0.9866666666666667 0 0 
0.5 0.38666666666666666 0.9933333333333333 0 0 
0.5 0.3933333333333333 0.0 0 0 
0.5 0.3933333333333333 0.006666666666666667 0 0 
0.5 0.3933333333333333 0.013333333333333334 1353 1353 
0.5 0.3933333333333333 0.02 687 687 
0.5 0.3933333333333333 0.02666666666666667 708 708 
0.5 0.3933333333333333 0.03333333333333333 991 991 
0.5 0.3933333333333333 0.04 784 784 
0.5 0.3933333333333333 0.04666666666666667 930 930 
0.5 0.3933333333333333 0.05333333333333334 883 883 
0.5 0.3933333333333333 0.06 811 811 
0.5 0.3933333333333333 0.06666666666666667 914 914 
0.5 0.3933333333333333 0.07333333333333333 852 852 
0.5 0.3933333333333333 0.08 880 880 
0.5 0.3933333333333333 0.08666666666666667 831 831 
0.5 0.3933333333333333 0.09333333333333334 857 857 
0.5 0.3933333333333333 0.1 830 830 
0.5 0.3933333333333333 0.10666666666666667 848 848 
0.5 0.3933333333333333 0.11333333333333333 836 836 
0.5 0.3933333333333333 0.12 781 781 
0.5 0.3933333333333333 0.12666666666666668 835 835 
0.5 0.3933333333333333 0.13333333333333333 815 815 
0.5 0.3933333333333333 0.14 819 819 
0.5 0.3933333333333333 0.14666666666666667 882 882 
0.5 0.3933333333333333 0.15333333333333332 811 811 
0.5 0.3933333333333333 0.16 804 804 
0.5 0.3933333333333333 0.16666666666666666 878 878 
0.5 0.3933333333333333 0.17333333333333334 834 834 
0.5 0.3933333333333333 0.18 885 885 
0.5 0.3933333333333333 0.18666666666666668 787 787 
0.5 0.3933333333333333 0.19333333333333333 817 817 
0.5 0.3933333333333333 0.2 856 856 
0.5 0.3933333333333333 0.20666666666666667 790 790 
0.5 0.3933333333333333 0.21333333333333335 861 861 
0.5 0.3933333333333333 0.22 830 830 
0.5 0.3933333333333333 0.22666666666666666 828 828 
0.5 0.3933333333333333 0.23333333333333334 852 852 
0.5 0.3933333333333333 0.24 836 836 
0.5 0.3933333333333333 0.24666666666666667 827 827 
0.5 0.3933333333333333 0.25333333333333335 796 796 
0.5 0.3933333333333333 0.26 838 838 
0.5 0.3933333333333333 0.26666666666666666 784 784 
0.5 0.3933333333333333 0.2733333333333333 868 868 
0.5 0.3933333333333333 0.28 777 777 
0.5 0.3933333333333333 0.2866666666666667 858 858 
0.5 0.3933333333333333 0.29333333333333333 807 807 
0.5 0.3933333333333333 0.3 858 858 
0.5 0.3933333333333333 0.30666666666666664 866 866 
0.5 0.3933333333333333 0.31333333333333335 837 837 
0.5 0.3933333333333333 0.32 829 829 
0.5 0.3933333333333333 0.32666666666666666 879 879 
0.5 0.3933333333333333 0.3333333333333333 857 857 
0.5 0.3933333333333333 0.34 884 884 
0.5 0.3933333333333333 0.3466666666666667 870 870 
0.5 0.3933333333333333 0.35333333333333333 815 815 
0.5 0.3933333333333333 0.36 817 817 
0.5 0.3933333333333333 0.36666666666666664 881 881 
0.5 0.3933333333333333 0.37333333333333335 864 864 
0.5 0.3933333333333333 0.38 850 850 
0.5 0.3933333333333333 0.38666666666666666 871 871 
0.5 0.3933333333333333 0.3933333333333333 826 826 
0.5 0.3933333333333333 0.4 837 837 
0.5 0.3933333333333333 0.4066666666666667 798 798 
0.5 0.3933333333333333 0.41333333333333333 875 875 
0.5 0.3933333333333333 0.42 819 819 
0.5 0.3933333333333333 0.4266666666666667 815 815 
0.5 0.3933333333333333 0.43333333333333335 870 870 
0.5 0.3933333333333333 0.44 816 816 
0.5 0.3933333333333333 0.44666666666666666 886 886 
0.5 0.3933333333333333 0.4533333333333333 885 885 
0.5 0.3933333333333333 0.46 920 920 
0.5 0.3933333333333333 0.4666666666666667 798 798 
0.5 0.3933333333333333 0.47333333333333333 891 891 
0.5 0.3933333333333333 0.48 826 826 
0.5 0.3933333333333333 0.4866666666666667 767 767 
0.5 0.3933333333333333 0.49333333333333335 840 840 
0.5 0.3933333333333333 0.5 810 810 
0.5 0.3933333333333333 0.5066666666666667 850 850 
0.5 0.3933333333333333 0.5133333333333333 859 859 
0.5 0.3933333333333333 0.52 821 821 
0.5 0.3933333333333333 0.5266666666666666 806 806 
0.5 0.3933333333333333 0.5333333333333333 869 869 
0.5 0.3933333333333333 0.54 853 853 
0.5 0.3933333333333333 0.5466666666666666 828 828 
0.5 0.3933333333333333 0.5533333333333333 893 893 
0.5 0.3933333333333333 0.56 817 817 
0.5 0.3933333333333333 0.5666666666666667 822 822 
0.5 0.3933333333333333 0.5733333333333334 893 893 
0.5 0.3933333333333333 0.58 823 823 
0.5 0.3933333333333333 0.5866666666666667 832 832 
0.5 0.3933333333333333 0.5933333333333334 754 754 
0.5 0.3933333333333333 0.6 763 763 
0.5 0.3933333333333333 0.6066666666666667 853 853 
0.5 0.3933333333333333 0.6133333333333333 812 812 
0.5 0.3933333333333333 0.62 834 834 
0.5 0.3933333333333333 0.6266666666666667 858 858 
0.5 0.3933333333333333 0.6333333333333333 802 802 
0.5 0.3933333333333333 0.64 858 858 
0.5 0.3933333333333333 0.6466666666666666 814 814 
0.5 0.3933333333333333 0.6533333333333333 837 837 
0.5 0.3933333333333333 0.66 826 826 
0.5 0.3933333333333333 0.6666666666666666 807 807 
0.5 0.3933333333333333 0.6733333333333333 835 835 
0.5 0.3933333333333333 0.68 865 865 
0.5 0.3933333333333333 0.6866666666666666 814 814 
0.5 0.3933333333333333 0.6933333333333334 861 861 
0.5 0.3933333333333333 0.7 841 841 
0.5 0.3933333333333333 0.7066666666666667 812 812 
0.5 0.3933333333333333 0.7133333333333334 804 804 
0.5 0.3933333333333333 0.72 825 825 
0.5 0.3933333333333333 0.7266666666666667 869 869 
0.5 0.3933333333333333 0.7333333333333333 837 837 
0.5 0.3933333333333333 0.74 786 786 
0.5 0.3933333333333333 0.7466666666666667 779 779 
0.5 0.3933333333333333 0.7533333333333333 801 801 
0.5 0.3933333333333333 0.76 797 797 
0.5 0.3933333333333333 0.7666666666666667 796 796 
0.5 0.3933333333333333 0.7733333333333333 835 835 
0.5 0.3933333333333333 0.78 826 826 
0.5 0.3933333333333333 0.7866666666666666 826 826 
0.5 0.3933333333333333 0.7933333333333333 796 796 
0.5 0.3933333333333333 0.8 897 897 
0.5 0.3933333333333333 0.8066666666666666 828 828 
0.5 0.3933333333333333 0.8133333333333334 845 845 
0.5 0.3933333333333333 0.82 861 861 
0.5 0.3933333333333333 0.8266666666666667 821 821 
0.5 0.3933333333333333 0.8333333333333334 797 797 
0.5 0.3933333333333333 0.84 856 856 
0.5 0.3933333333333333 0.8466666666666667 843 843 
0.5 0.3933333333333333 0.8533333333333334 860 860 
0.5 0.3933333333333333 0.86 828 828 
0.5 0.3933333333333333 0.8666666666666667 854 854 
0.5 0.3933333333333333 0.8733333333333333 820 820 
0.5 0.3933333333333333 0.88 839 839 
0.5 0.3933333333333333 0.8866666666666667 889 889 
0.5 0.3933333333333333 0.8933333333333333 850 850 
0.5 0.3933333333333333 0.9 829 829 
0.5 0.3933333333333333 0.9066666666666666 831 831 
0.5 0.3933333333333333 0.9133333333333333 778 778 
0.5 0.3933333333333333 0.92 855 855 
0.5 0.3933333333333333 0.9266666666666666 833 833 
0.5 0.3933333333333333 0.9333333333333333 798 798 
0.5 0.3933333333333333 0.94 855 855 
0.5 0.3933333333333333 0.9466666666666667 906 906 
0.5 0.3933333333333333 0.9533333333333334 790 790 
0.5 0.3933333333333333 0.96 962 962 
0.5 0.3933333333333333 0.9666666666666667 731 731 
0.5 0.3933333333333333 0.9733333333333334 702 702 
0.5 0.3933333333333333 0.98 1272 1272 
0.5 0.3933333333333333 0.9866666666666667 0 0 
0.5 0.3933333333333333 0.9933333333333333 0 0 
0.5 0.4 0.0 0 0 
0.5 0.4 0.006666666666666667 0 0 
0.5 0.4 0.013333333333333334 1382 1382 
0.5 0.4 0.02 694 694 
0.5 0.4 0.02666666666666667 770 770 
0.5 0.4 0.03333333333333333 1003 1003 
0.5 0.4 0.04 816 816 
0.5 0.4 0.04666666666666667 889 889 
0.5 0.4 0.05333333333333334 865 865 
0.5 0.4 0.06 840 840 
0.5 0.4 0.06666666666666667 873 873 
0.5 0.4 0.07333333333333333 878 878 
0.5 0.4 0.08 763 763 
0.5 0.4 0.08666666666666667 809 809 
0.5 0.4 0.09333333333333334 826 826 
0.5 0.4 0.1 841 841 
0.5 0.4 0.10666666666666667 820 820 
0.5 0.4 0.11333333333333333 836 836 
0.5 0.4 0.12 866 866 
0.5 0.4 0.12666666666666668 847 847 
0.5 0.4 0.13333333333333333 875 875 
0.5 0.4 0.14 826 826 
0.5 0.4 0.14666666666666667 849 849 
0.5 0.4 0.15333333333333332 858 858 
0.5 0.4 0.16 880 880 
0.5 0.4 0.16666666666666666 817 817 
0.5 0.4 0.17333333333333334 823 823 
0.5 0.4 0.18 817 817 
0.5 0.4 0.18666666666666668 802 802 
0.5 0.4 0.19333333333333333 865 865 
0.5 0.4 0.2 849 849 
0.5 0.4 0.20666666666666667 868 868 
0.5 0.4 0.21333333333333335 774 774 
0.5 0.4 0.22 856 856 
0.5 0.4 0.22666666666666666 819 819 
0.5 0.4 0.23333333333333334 833 833 
0.5 0.4 0.24 796 796 
0.5 0.4 0.24666666666666667 854 854 
0.5 0.4 0.25333333333333335 814 814 
0.5 0.4 0.26 835 835 
0.5 0.4 0.26666666666666666 842 842 
0.5 0.4 0.2733333333333333 836 836 
0.5 0.4 0.28 832 832 
0.5 0.4 0.2866666666666667 838 838 
0.5 0.4 0.29333333333333333 841 841 
0.5 0.4 0.3 874 874 
0.5 0.4 0.30666666666666664 879 879 
0.5 0.4 0.31333333333333335 859 859 
0.5 0.4 0.32 845 845 
0.5 0.4 0.32666666666666666 876 876 
0.5 0.4 0.3333333333333333 789 789 
0.5 0.4 0.34 868 868 
0.5 0.4 0.3466666666666667 835 835 
0.5 0.4 0.35333333333333333 838 838 
0.5 0.4 0.36 816 816 
0.5 0.4 0.36666666666666664 804 804 
0.5 0.4 0.37333333333333335 778 778 
0.5 0.4 0.38 872 872 
0.5 0.4 0.38666666666666666 792 792 
0.5 0.4 0.3933333333333333 838 838 
0.5 0.4 0.4 839 839 
0.5 0.4 0.4066666666666667 830 830 
0.5 0.4 0.41333333333333333 832 832 
0.5 0.4 0.42 882 882 
0.5 0.4 0.4266666666666667 839 839 
0.5 0.4 0.43333333333333335 827 827 
0.5 0.4 0.44 874 874 
0.5 0.4 0.44666666666666666 827 827 
0.5 0.4 0.4533333333333333 778 778 
0.5 0.4 0.46 863 863 
0.5 0.4 0.4666666666666667 846 846 
0.5 0.4 0.47333333333333333 784 784 
0.5 0.4 0.48 808 808 
0.5 0.4 0.4866666666666667 914 914 
0.5 0.4 0.49333333333333335 767 767 
0.5 0.4 0.5 848 848 
0.5 0.4 0.5066666666666667 797 797 
0.5 0.4 0.5133333333333333 846 846 
0.5 0.4 0.52 794 794 
0.5 0.4 0.5266666666666666 837 837 
0.5 0.4 0.5333333333333333 785 785 
0.5 0.4 0.54 853 853 
0.5 0.4 0.5466666666666666 887 887 
0.5 0.4 0.5533333333333333 832 832 
0.5 0.4 0.56 884 884 
0.5 0.4 0.5666666666666667 881 881 
0.5 0.4 0.5733333333333334 829 829 
0.5 0.4 0.58 871 871 
0.5 0.4 0.5866666666666667 874 874 
0.5 0.4 0.5933333333333334 886 886 
0.5 0.4 0.6 866 866 
0.5 0.4 0.6066666666666667 819 819 
0.5 0.4 0.6133333333333333 890 890 
0.5 0.4 0.62 832 832 
0.5 0.4 0.6266666666666667 816 816 
0.5 0.4 0.6333333333333333 774 774 
0.5 0.4 0.64 855 855 
0.5 0.4 0.6466666666666666 804 804 
0.5 0.4 0.6533333333333333 816 816 
0.5 0.4 0.66 787 787 
0.5 0.4 0.6666666666666666 831 831 
0.5 0.4 0.6733333333333333 849 849 
0.5 0.4 0.68 838 838 
0.5 0.4 0.6866666666666666 869 869 
0.5 0.4 0.6933333333333334 833 833 
0.5 0.4 0.7 814 814 
0.5 0.4 0.7066666666666667 782 782 
0.5 0.4 0.7133333333333334 788 788 
0.5 0.4 0.72 810 810 
0.5 0.4 0.7266666666666667 834 834 
0.5 0.4 0.7333333333333333 862 862 
0.5 0.4 0.74 832 832 
0.5 0.4 0.7466666666666667 823 823 
0.5 0.4 0.7533333333333333 773 773 
0.5 0.4 0.76 823 823 
0.5 0.4 0.7666666666666667 814 814 
0.5 0.4 0.7733333333333333 829 829 
0.5 0.4 0.78 797 797 
0.5 0.4 0.7866666666666666 842 842 
0.5 0.4 0.7933333333333333 852 852 
0.5 0.4 0.8 806 806 
0.5 0.4 0.8066666666666666 835 835 
0.5 0.4 0.8133333333333334 847 847 
0.5 0.4 0.82 828 828 
0.5 0.4 0.8266666666666667 831 831 
0.5 0.4 0.8333333333333334 833 833 
0.5 0.4 0.84 899 899 
0.5 0.4 0.8466666666666667 828 828 
0.5 0.4 0.8533333333333334 832 832 
0.5 0.4 0.86 771 771 
0.5 0.4 0.8666666666666667 845 845 
0.5 0.4 0.8733333333333333 855 855 
0.5 0.4 0.88 815 815 
0.5 0.4 0.8866666666666667 844 844 
0.5 0.4 0.8933333333333333 859 859 
0.5 0.4 0.9 855 855 
0.5 0.4 0.9066666666666666 781 781 
0.5 0.4 0.9133333333333333 851 851 
0.5 0.4 0.92 835 835 
0.5 0.4 0.9266666666666666 808 808 
0.5 0.4 0.9333333333333333 852 852 
0.5 0.4 0.94 816 816 
0.5 0.4 0.9466666666666667 875 875 
0.5 0.4 0.9533333333333334 795 795 
0.5 0.4 0.96 950 950 
0.5 0.4 0.9666666666666667 759 759 
0.5 0.4 0.9733333333333334 675 675 
0.5 0.4 0.98 1250 1250 
0.5 0.4 0.9866666666666667 0 0 
0.5 0.4 0.9933333333333333 0 0 
0.5 0.4066666666666667 0.0 0 0 
0.5 0.4066666666666667 0.006666666666666667 0 0 
0.5 0.4066666666666667 0.013333333333333334 1360 1360 
0.5 0.4066666666666667 0.02 677 677 
0.5 0.4066666666666667 0.02666666666666667 786 786 
0.5 0.4066666666666667 0.03333333333333333 1001 1001 
0.5 0.4066666666666667 0.04 776 776 
0.5 0.4066666666666667 0.04666666666666667 921 921 
0.5 0.4066666666666667 0.05333333333333334 849 849 
0.5 0.4066666666666667 0.06 797 797 
0.5 0.4066666666666667 0.06666666666666667 853 853 
0.5 0.4066666666666667 0.07333333333333333 808 808 
0.5 0.4066666666666667 0.08 837 837 
0.5 0.4066666666666667 0.08666666666666667 823 823 
0.5 0.4066666666666667 0.09333333333333334 872 872 
0.5 0.4066666666666667 0.1 853 853 
0.5 0.4066666666666667 0.10666666666666667 820 820 
0.5 0.4066666666666667 0.11333333333333333 822 822 
0.5 0.4066666666666667 0.12 801 801 
0.5 0.4066666666666667 0.12666666666666668 826 826 
0.5 0.4066666666666667 0.13333333333333333 822 822 
0.5 0.4066666666666667 0.14 856 856 
0.5 0.4066666666666667 0.14666666666666667 865 865 
0.5 0.4066666666666667 0.15333333333333332 807 807 
0.5 0.4066666666666667 0.16 823 823 
0.5 0.4066666666666667 0.16666666666666666 848 848 
0.5 0.4066666666666667 0.17333333333333334 789 789 
0.5 0.4066666666666667 0.18 836 836 
0.5 0.4066666666666667 0.18666666666666668 873 873 
0.5 0.4066666666666667 0.19333333333333333 864 864 
0.5 0.4066666666666667 0.2 823 823 
0.5 0.4066666666666667 0.20666666666666667 855 855 
0.5 0.4066666666666667 0.21333333333333335 845 845 
0.5 0.4066666666666667 0.22 824 824 
0.5 0.4066666666666667 0.22666666666666666 779 779 
0.5 0.4066666666666667 0.23333333333333334 831 831 
0.5 0.4066666666666667 0.24 854 854 
0.5 0.4066666666666667 0.24666666666666667 797 797 
0.5 0.4066666666666667 0.25333333333333335 790 790 
0.5 0.4066666666666667 0.26 853 853 
0.5 0.4066666666666667 0.26666666666666666 819 819 
0.5 0.4066666666666667 0.2733333333333333 834 834 
0.5 0.4066666666666667 0.28 828 828 
0.5 0.4066666666666667 0.2866666666666667 804 804 
0.5 0.4066666666666667 0.29333333333333333 840 840 
0.5 0.4066666666666667 0.3 875 875 
0.5 0.4066666666666667 0.30666666666666664 801 801 
0.5 0.4066666666666667 0.31333333333333335 871 871 
0.5 0.4066666666666667 0.32 847 847 
0.5 0.4066666666666667 0.32666666666666666 838 838 
0.5 0.4066666666666667 0.3333333333333333 805 805 
0.5 0.4066666666666667 0.34 887 887 
0.5 0.4066666666666667 0.3466666666666667 848 848 
0.5 0.4066666666666667 0.35333333333333333 814 814 
0.5 0.4066666666666667 0.36 862 862 
0.5 0.4066666666666667 0.36666666666666664 869 869 
0.5 0.4066666666666667 0.37333333333333335 819 819 
0.5 0.4066666666666667 0.38 869 869 
0.5 0.4066666666666667 0.38666666666666666 863 863 
0.5 0.4066666666666667 0.3933333333333333 854 854 
0.5 0.4066666666666667 0.4 839 839 
0.5 0.4066666666666667 0.4066666666666667 830 830 
0.5 0.4066666666666667 0.41333333333333333 866 866 
0.5 0.4066666666666667 0.42 882 882 
0.5 0.4066666666666667 0.4266666666666667 886 886 
0.5 0.4066666666666667 0.43333333333333335 834 834 
0.5 0.4066666666666667 0.44 874 874 
0.5 0.4066666666666667 0.44666666666666666 850 850 
0.5 0.4066666666666667 0.4533333333333333 824 824 
0.5 0.4066666666666667 0.46 840 840 
0.5 0.4066666666666667 0.4666666666666667 879 879 
0.5 0.4066666666666667 0.47333333333333333 835 835 
0.5 0.4066666666666667 0.48 831 831 
0.5 0.4066666666666667 0.4866666666666667 839 839 
0.5 0.4066666666666667 0.49333333333333335 845 845 
0.5 0.4066666666666667 0.5 819 819 
0.5 0.4066666666666667 0.5066666666666667 830 830 
0.5 0.4066666666666667 0.5133333333333333 844 844 
0.5 0.4066666666666667 0.52 815 815 
0.5 0.4066666666666667 0.5266666666666666 849 849 
0.5 0.4066666666666667 0.5333333333333333 829 829 
0.5 0.4066666666666667 0.54 844 844 
0.5 0.4066666666666667 0.5466666666666666 901 901 
0.5 0.4066666666666667 0.5533333333333333 854 854 
0.5 0.4066666666666667 0.56 827 827 
0.5 0.4066666666666667 0.5666666666666667 878 878 
0.5 0.4066666666666667 0.5733333333333334 905 905 
0.5 0.4066666666666667 0.58 860 860 
0.5 0.4066666666666667 0.5866666666666667 866 866 
0.5 0.4066666666666667 0.5933333333333334 865 865 
0.5 0.4066666666666667 0.6 861 861 
0.5 0.4066666666666667 0.6066666666666667 818 818 
0.5 0.4066666666666667 0.6133333333333333 874 874 
0.5 0.4066666666666667 0.62 821 821 
0.5 0.4066666666666667 0.6266666666666667 820 820 
0.5 0.4066666666666667 0.6333333333333333 854 854 
0.5 0.4066666666666667 0.64 844 844 
0.5 0.4066666666666667 0.6466666666666666 840 840 
0.5 0.4066666666666667 0.6533333333333333 812 812 
0.5 0.4066666666666667 0.66 848 848 
0.5 0.4066666666666667 0.6666666666666666 815 815 
0.5 0.4066666666666667 0.6733333333333333 861 861 
0.5 0.4066666666666667 0.68 864 864 
0.5 0.4066666666666667 0.6866666666666666 811 811 
0.5 0.4066666666666667 0.6933333333333334 868 868 
0.5 0.4066666666666667 0.7 797 797 
0.5 0.4066666666666667 0.7066666666666667 843 843 
0.5 0.4066666666666667 0.7133333333333334 800 800 
0.5 0.4066666666666667 0.72 802 802 
0.5 0.4066666666666667 0.7266666666666667 874 874 
0.5 0.4066666666666667 0.7333333333333333 844 844 
0.5 0.4066666666666667 0.74 833 833 
0.5 0.4066666666666667 0.7466666666666667 791 791 
0.5 0.4066666666666667 0.7533333333333333 863 863 
0.5 0.4066666666666667 0.76 851 851 
0.5 0.4066666666666667 0.7666666666666667 848 848 
0.5 0.4066666666666667 0.7733333333333333 821 821 
0.5 0.4066666666666667 0.78 843 843 
0.5 0.4066666666666667 0.7866666666666666 873 873 
0.5 0.4066666666666667 0.7933333333333333 811 811 
0.5 0.4066666666666667 0.8 836 836 
0.5 0.4066666666666667 0.8066666666666666 807 807 
0.5 0.4066666666666667 0.8133333333333334 847 847 
0.5 0.4066666666666667 0.82 845 845 
0.5 0.4066666666666667 0.8266666666666667 816 816 
0.5 0.4066666666666667 0.8333333333333334 874 874 
0.5 0.4066666666666667 0.84 828 828 
0.5 0.4066666666666667 0.8466666666666667 845 845 
0.5 0.4066666666666667 0.8533333333333334 849 849 
0.5 0.4066666666666667 0.86 875 875 
0.5 0.4066666666666667 0.8666666666666667 831 831 
0.5 0.4066666666666667 0.8733333333333333 826 826 
0.5 0.4066666666666667 0.88 831 831 
0.5 0.4066666666666667 0.8866666666666667 887 887 
0.5 0.4066666666666667 0.8933333333333333 855 855 
0.5 0.4066666666666667 0.9 858 858 
0.5 0.4066666666666667 0.9066666666666666 869 869 
0.5 0.4066666666666667 0.9133333333333333 823 823 
0.5 0.4066666666666667 0.92 860 860 
0.5 0.4066666666666667 0.9266666666666666 885 885 
0.5 0.4066666666666667 0.9333333333333333 836 836 
0.5 0.4066666666666667 0.94 845 845 
0.5 0.4066666666666667 0.9466666666666667 874 874 
0.5 0.4066666666666667 0.9533333333333334 755 755 
0.5 0.4066666666666667 0.96 983 983 
0.5 0.4066666666666667 0.9666666666666667 739 739 
0.5 0.4066666666666667 0.9733333333333334 702 702 
0.5 0.4066666666666667 0.98 1378 1378 
0.5 0.4066666666666667 0.9866666666666667 0 0 
0.5 0.4066666666666667 0.9933333333333333 0 0 
0.5 0.41333333333333333 0.0 0 0 
0.5 0.41333333333333333 0.006666666666666667 0 0 
0.5 0.41333333333333333 0.013333333333333334 1372 1372 
0.5 0.41333333333333333 0.02 690 690 
0.5 0.41333333333333333 0.02666666666666667 775 775 
0.5 0.41333333333333333 0.03333333333333333 986 986 
0.5 0.41333333333333333 0.04 786 786 
0.5 0.41333333333333333 0.04666666666666667 892 892 
0.5 0.41333333333333333 0.05333333333333334 832 832 
0.5 0.41333333333333333 0.06 820 820 
0.5 0.41333333333333333 0.06666666666666667 822 822 
0.5 0.41333333333333333 0.07333333333333333 849 849 
0.5 0.41333333333333333 0.08 842 842 
0.5 0.41333333333333333 0.08666666666666667 887 887 
0.5 0.41333333333333333 0.09333333333333334 797 797 
0.5 0.41333333333333333 0.1 892 892 
0.5 0.41333333333333333 0.10666666666666667 785 785 
0.5 0.41333333333333333 0.11333333333333333 828 828 
0.5 0.41333333333333333 0.12 803 803 
0.5 0.41333333333333333 0.12666666666666668 866 866 
0.5 0.41333333333333333 0.13333333333333333 876 876 
0.5 0.41333333333333333 0.14 822 822 
0.5 0.41333333333333333 0.14666666666666667 845 845 
0.5 0.41333333333333333 0.15333333333333332 827 827 
0.5 0.41333333333333333 0.16 844 844 
0.5 0.41333333333333333 0.16666666666666666 865 865 
0.5 0.41333333333333333 0.17333333333333334 840 840 
0.5 0.41333333333333333 0.18 815 815 
0.5 0.41333333333333333 0.18666666666666668 811 811 
0.5 0.41333333333333333 0.19333333333333333 843 843 
0.5 0.41333333333333333 0.2 838 838 
0.5 0.41333333333333333 0.20666666666666667 879 879 
0.5 0.41333333333333333 0.21333333333333335 818 818 
0.5 0.41333333333333333 0.22 800 800 
0.5 0.41333333333333333 0.22666666666666666 837 837 
0.5 0.41333333333333333 0.23333333333333334 834 834 
0.5 0.41333333333333333 0.24 780 780 
0.5 0.41333333333333333 0.24666666666666667 842 842 
0.5 0.41333333333333333 0.25333333333333335 849 849 
0.5 0.41333333333333333 0.26 836 836 
0.5 0.41333333333333333 0.26666666666666666 803 803 
0.5 0.41333333333333333 0.2733333333333333 819 819 
0.5 0.41333333333333333 0.28 814 814 
0.5 0.41333333333333333 0.2866666666666667 836 836 
0.5 0.41333333333333333 0.29333333333333333 817 817 
0.5 0.41333333333333333 0.3 832 832 
0.5 0.41333333333333333 0.30666666666666664 811 811 
0.5 0.41333333333333333 0.31333333333333335 844 844 
0.5 0.41333333333333333 0.32 833 833 
0.5 0.41333333333333333 0.32666666666666666 829 829 
0.5 0.41333333333333333 0.3333333333333333 823 823 
0.5 0.41333333333333333 0.34 865 865 
0.5 0.41333333333333333 0.3466666666666667 801 801 
0.5 0.41333333333333333 0.35333333333333333 816 816 
0.5 0.41333333333333333 0.36 893 893 
0.5 0.41333333333333333 0.36666666666666664 814 814 
0.5 0.41333333333333333 0.37333333333333335 813 813 
0.5 0.41333333333333333 0.38 820 820 
0.5 0.41333333333333333 0.38666666666666666 842 842 
0.5 0.41333333333333333 0.3933333333333333 845 845 
0.5 0.41333333333333333 0.4 883 883 
0.5 0.41333333333333333 0.4066666666666667 837 837 
0.5 0.41333333333333333 0.41333333333333333 868 868 
0.5 0.41333333333333333 0.42 814 814 
0.5 0.41333333333333333 0.4266666666666667 805 805 
0.5 0.41333333333333333 0.43333333333333335 845 845 
0.5 0.41333333333333333 0.44 833 833 
0.5 0.41333333333333333 0.44666666666666666 883 883 
0.5 0.41333333333333333 0.4533333333333333 798 798 
0.5 0.41333333333333333 0.46 871 871 
0.5 0.41333333333333333 0.4666666666666667 834 834 
0.5 0.41333333333333333 0.47333333333333333 872 872 
0.5 0.41333333333333333 0.48 860 860 
0.5 0.41333333333333333 0.4866666666666667 866 866 
0.5 0.41333333333333333 0.49333333333333335 835 835 
0.5 0.41333333333333333 0.5 826 826 
0.5 0.41333333333333333 0.5066666666666667 839 839 
0.5 0.41333333333333333 0.5133333333333333 854 854 
0.5 0.41333333333333333 0.52 825 825 
0.5 0.41333333333333333 0.5266666666666666 774 774 
0.5 0.41333333333333333 0.5333333333333333 833 833 
0.5 0.41333333333333333 0.54 802 802 
0.5 0.41333333333333333 0.5466666666666666 850 850 
0.5 0.41333333333333333 0.5533333333333333 831 831 
0.5 0.41333333333333333 0.56 807 807 
0.5 0.41333333333333333 0.5666666666666667 878 878 
0.5 0.41333333333333333 0.5733333333333334 898 898 
0.5 0.41333333333333333 0.58 817 817 
0.5 0.41333333333333333 0.5866666666666667 844 844 
0.5 0.41333333333333333 0.5933333333333334 820 820 
0.5 0.41333333333333333 0.6 880 880 
0.5 0.41333333333333333 0.6066666666666667 840 840 
0.5 0.41333333333333333 0.6133333333333333 849 849 
0.5 0.41333333333333333 0.62 903 903 
0.5 0.41333333333333333 0.6266666666666667 865 865 
0.5 0.41333333333333333 0.6333333333333333 907 907 
0.5 0.41333333333333333 0.64 841 841 
0.5 0.41333333333333333 0.6466666666666666 840 840 
0.5 0.41333333333333333 0.6533333333333333 862 862 
0.5 0.41333333333333333 0.66 842 842 
0.5 0.41333333333333333 0.6666666666666666 848 848 
0.5 0.41333333333333333 0.6733333333333333 825 825 
0.5 0.41333333333333333 0.68 843 843 
0.5 0.41333333333333333 0.6866666666666666 838 838 
0.5 0.41333333333333333 0.6933333333333334 845 845 
0.5 0.41333333333333333 0.7 861 861 
0.5 0.41333333333333333 0.7066666666666667 876 876 
0.5 0.41333333333333333 0.7133333333333334 853 853 
0.5 0.41333333333333333 0.72 862 862 
0.5 0.41333333333333333 0.7266666666666667 846 846 
0.5 0.41333333333333333 0.7333333333333333 855 855 
0.5 0.41333333333333333 0.74 859 859 
0.5 0.41333333333333333 0.7466666666666667 826 826 
0.5 0.41333333333333333 0.7533333333333333 848 848 
0.5 0.41333333333333333 0.76 821 821 
0.5 0.41333333333333333 0.7666666666666667 828 828 
0.5 0.41333333333333333 0.7733333333333333 781 781 
0.5 0.41333333333333333 0.78 863 863 
0.5 0.41333333333333333 0.7866666666666666 839 839 
0.5 0.41333333333333333 0.7933333333333333 797 797 
0.5 0.41333333333333333 0.8 825 825 
0.5 0.41333333333333333 0.8066666666666666 837 837 
0.5 0.41333333333333333 0.8133333333333334 861 861 
0.5 0.41333333333333333 0.82 819 819 
0.5 0.41333333333333333 0.8266666666666667 796 796 
0.5 0.41333333333333333 0.8333333333333334 845 845 
0.5 0.41333333333333333 0.84 811 811 
0.5 0.41333333333333333 0.8466666666666667 845 845 
0.5 0.41333333333333333 0.8533333333333334 804 804 
0.5 0.41333333333333333 0.86 798 798 
0.5 0.41333333333333333 0.8666666666666667 838 838 
0.5 0.41333333333333333 0.8733333333333333 878 878 
0.5 0.41333333333333333 0.88 857 857 
0.5 0.41333333333333333 0.8866666666666667 846 846 
0.5 0.41333333333333333 0.8933333333333333 844 844 
0.5 0.41333333333333333 0.9 810 810 
0.5 0.41333333333333333 0.9066666666666666 837 837 
0.5 0.41333333333333333 0.9133333333333333 859 859 
0.5 0.41333333333333333 0.92 805 805 
0.5 0.41333333333333333 0.9266666666666666 863 863 
0.5 0.41333333333333333 0.9333333333333333 839 839 
0.5 0.41333333333333333 0.94 839 839 
0.5 0.41333333333333333 0.9466666666666667 904 904 
0.5 0.41333333333333333 0.9533333333333334 761 761 
0.5 0.41333333333333333 0.96 1046 1046 
0.5 0.41333333333333333 0.9666666666666667 728 728 
0.5 0.41333333333333333 0.9733333333333334 697 697 
0.5 0.41333333333333333 0.98 1402 1402 
0.5 0.41333333333333333 0.9866666666666667 0 0 
0.5 0.41333333333333333 0.9933333333333333 0 0 
0.5 0.42 0.0 0 0 
0.5 0.42 0.006666666666666667 0 0 
0.5 0.42 0.013333333333333334 1431 1431 
0.5 0.42 0.02 692 692 
0.5 0.42 0.02666666666666667 755 755 
0.5 0.42 0.03333333333333333 991 991 
0.5 0.42 0.04 846 846 
0.5 0.42 0.04666666666666667 905 905 
0.5 0.42 0.05333333333333334 880 880 
0.5 0.42 0.06 847 847 
0.5 0.42 0.06666666666666667 867 867 
0.5 0.42 0.07333333333333333 890 890 
0.5 0.42 0.08 885 885 
0.5 0.42 0.08666666666666667 889 889 
0.5 0.42 0.09333333333333334 828 828 
0.5 0.42 0.1 855 855 
0.5 0.42 0.10666666666666667 841 841 
0.5 0.42 0.11333333333333333 876 876 
0.5 0.42 0.12 792 792 
0.5 0.42 0.12666666666666668 876 876 
0.5 0.42 0.13333333333333333 767 767 
0.5 0.42 0.14 869 869 
0.5 0.42 0.14666666666666667 796 796 
0.5 0.42 0.15333333333333332 836 836 
0.5 0.42 0.16 795 795 
0.5 0.42 0.16666666666666666 821 821 
0.5 0.42 0.17333333333333334 835 835 
0.5 0.42 0.18 818 818 
0.5 0.42 0.18666666666666668 867 867 
0.5 0.42 0.19333333333333333 826 826 
0.5 0.42 0.2 821 821 
0.5 0.42 0.20666666666666667 823 823 
0.5 0.42 0.21333333333333335 866 866 
0.5 0.42 0.22 800 800 
0.5 0.42 0.22666666666666666 825 825 
0.5 0.42 0.23333333333333334 835 835 
0.5 0.42 0.24 803 803 
0.5 0.42 0.24666666666666667 818 818 
0.5 0.42 0.25333333333333335 788 788 
0.5 0.42 0.26 794 794 
0.5 0.42 0.26666666666666666 848 848 
0.5 0.42 0.2733333333333333 860 860 
0.5 0.42 0.28 806 806 
0.5 0.42 0.2866666666666667 840 840 
0.5 0.42 0.29333333333333333 832 832 
0.5 0.42 0.3 807 807 
0.5 0.42 0.30666666666666664 825 825 
0.5 0.42 0.31333333333333335 876 876 
0.5 0.42 0.32 889 889 
0.5 0.42 0.32666666666666666 845 845 
0.5 0.42 0.3333333333333333 823 823 
0.5 0.42 0.34 899 899 
0.5 0.42 0.3466666666666667 880 880 
0.5 0.42 0.35333333333333333 870 870 
0.5 0.42 0.36 825 825 
0.5 0.42 0.36666666666666664 869 869 
0.5 0.42 0.37333333333333335 844 844 
0.5 0.42 0.38 833 833 
0.5 0.42 0.38666666666666666 777 777 
0.5 0.42 0.3933333333333333 837 837 
0.5 0.42 0.4 814 814 
0.5 0.42 0.4066666666666667 795 795 
0.5 0.42 0.41333333333333333 864 864 
0.5 0.42 0.42 815 815 
0.5 0.42 0.4266666666666667 829 829 
0.5 0.42 0.43333333333333335 783 783 
0.5 0.42 0.44 823 823 
0.5 0.42 0.44666666666666666 806 806 
0.5 0.42 0.4533333333333333 913 913 
0.5 0.42 0.46 799 799 
0.5 0.42 0.4666666666666667 838 838 
0.5 0.42 0.47333333333333333 882 882 
0.5 0.42 0.48 852 852 
0.5 0.42 0.4866666666666667 815 815 
0.5 0.42 0.49333333333333335 855 855 
0.5 0.42 0.5 881 881 
0.5 0.42 0.5066666666666667 836 836 
0.5 0.42 0.5133333333333333 869 869 
0.5 0.42 0.52 856 856 
0.5 0.42 0.5266666666666666 895 895 
0.5 0.42 0.5333333333333333 845 845 
0.5 0.42 0.54 826 826 
0.5 0.42 0.5466666666666666 847 847 
0.5 0.42 0.5533333333333333 819 819 
0.5 0.42 0.56 810 810 
0.5 0.42 0.5666666666666667 805 805 
0.5 0.42 0.5733333333333334 839 839 
0.5 0.42 0.58 891 891 
0.5 0.42 0.5866666666666667 819 819 
0.5 0.42 0.5933333333333334 879 879 
0.5 0.42 0.6 873 873 
0.5 0.42 0.6066666666666667 825 825 
0.5 0.42 0.6133333333333333 876 876 
0.5 0.42 0.62 842 842 
0.5 0.42 0.6266666666666667 841 841 
0.5 0.42 0.6333333333333333 868 868 
0.5 0.42 0.64 886 886 
0.5 0.42 0.6466666666666666 878 878 
0.5 0.42 0.6533333333333333 852 852 
0.5 0.42 0.66 875 875 
0.5 0.42 0.6666666666666666 877 877 
0.5 0.42 0.6733333333333333 828 828 
0.5 0.42 0.68 832 832 
0.5 0.42 0.6866666666666666 823 823 
0.5 0.42 0.6933333333333334 863 863 
0.5 0.42 0.7 864 864 
0.5 0.42 0.7066666666666667 839 839 
0.5 0.42 0.7133333333333334 881 881 
0.5 0.42 0.72 855 855 
0.5 0.42 0.7266666666666667 871 871 
0.5 0.42 0.7333333333333333 884 884 
0.5 0.42 0.74 816 816 
0.5 0.42 0.7466666666666667 861 861 
0.5 0.42 0.7533333333333333 823 823 
0.5 0.42 0.76 859 859 
0.5 0.42 0.7666666666666667 882 882 
0.5 0.42 0.7733333333333333 826 826 
0.5 0.42 0.78 772 772 
0.5 0.42 0.7866666666666666 828 828 
0.5 0.42 0.7933333333333333 897 897 
0.5 0.42 0.8 851 851 
0.5 0.42 0.8066666666666666 828 828 
0.5 0.42 0.8133333333333334 791 791 
0.5 0.42 0.82 822 822 
0.5 0.42 0.8266666666666667 871 871 
0.5 0.42 0.8333333333333334 865 865 
0.5 0.42 0.84 855 855 
0.5 0.42 0.8466666666666667 825 825 
0.5 0.42 0.8533333333333334 928 928 
0.5 0.42 0.86 817 817 
0.5 0.42 0.8666666666666667 834 834 
0.5 0.42 0.8733333333333333 900 900 
0.5 0.42 0.88 810 810 
0.5 0.42 0.8866666666666667 857 857 
0.5 0.42 0.8933333333333333 805 805 
0.5 0.42 0.9 847 847 
0.5 0.42 0.9066666666666666 862 862 
0.5 0.42 0.9133333333333333 850 850 
0.5 0.42 0.92 815 815 
0.5 0.42 0.9266666666666666 818 818 
0.5 0.42 0.9333333333333333 817 817 
0.5 0.42 0.94 859 859 
0.5 0.42 0.9466666666666667 921 921 
0.5 0.42 0.9533333333333334 800 800 
0.5 0.42 0.96 1000 1000 
0.5 0.42 0.9666666666666667 804 804 
0.5 0.42 0.9733333333333334 693 693 
0.5 0.42 0.98 1336 1336 
0.5 0.42 0.9866666666666667 0 0 
0.5 0.42 0.9933333333333333 0 0 
0.5 0.4266666666666667 0.0 0 0 
0.5 0.4266666666666667 0.006666666666666667 0 0 
0.5 0.4266666666666667 0.013333333333333334 1342 1342 
0.5 0.4266666666666667 0.02 708 708 
0.5 0.4266666666666667 0.02666666666666667 713 713 
0.5 0.4266666666666667 0.03333333333333333 946 946 
0.5 0.4266666666666667 0.04 790 790 
0.5 0.4266666666666667 0.04666666666666667 857 857 
0.5 0.4266666666666667 0.05333333333333334 837 837 
0.5 0.4266666666666667 0.06 807 807 
0.5 0.4266666666666667 0.06666666666666667 885 885 
0.5 0.4266666666666667 0.07333333333333333 831 831 
0.5 0.4266666666666667 0.08 856 856 
0.5 0.4266666666666667 0.08666666666666667 869 869 
0.5 0.4266666666666667 0.09333333333333334 828 828 
0.5 0.4266666666666667 0.1 829 829 
0.5 0.4266666666666667 0.10666666666666667 835 835 
0.5 0.4266666666666667 0.11333333333333333 839 839 
0.5 0.4266666666666667 0.12 774 774 
0.5 0.4266666666666667 0.12666666666666668 842 842 
0.5 0.4266666666666667 0.13333333333333333 822 822 
0.5 0.4266666666666667 0.14 832 832 
0.5 0.4266666666666667 0.14666666666666667 841 841 
0.5 0.4266666666666667 0.15333333333333332 865 865 
0.5 0.4266666666666667 0.16 799 799 
0.5 0.4266666666666667 0.16666666666666666 826 826 
0.5 0.4266666666666667 0.17333333333333334 821 821 
0.5 0.4266666666666667 0.18 804 804 
0.5 0.4266666666666667 0.18666666666666668 859 859 
0.5 0.4266666666666667 0.19333333333333333 837 837 
0.5 0.4266666666666667 0.2 835 835 
0.5 0.4266666666666667 0.20666666666666667 820 820 
0.5 0.4266666666666667 0.21333333333333335 844 844 
0.5 0.4266666666666667 0.22 819 819 
0.5 0.4266666666666667 0.22666666666666666 817 817 
0.5 0.4266666666666667 0.23333333333333334 859 859 
0.5 0.4266666666666667 0.24 835 835 
0.5 0.4266666666666667 0.24666666666666667 886 886 
0.5 0.4266666666666667 0.25333333333333335 839 839 
0.5 0.4266666666666667 0.26 808 808 
0.5 0.4266666666666667 0.26666666666666666 845 845 
0.5 0.4266666666666667 0.2733333333333333 859 859 
0.5 0.4266666666666667 0.28 834 834 
0.5 0.4266666666666667 0.2866666666666667 855 855 
0.5 0.4266666666666667 0.29333333333333333 811 811 
0.5 0.4266666666666667 0.3 841 841 
0.5 0.4266666666666667 0.30666666666666664 830 830 
0.5 0.4266666666666667 0.31333333333333335 842 842 
0.5 0.4266666666666667 0.32 874 874 
0.5 0.4266666666666667 0.32666666666666666 827 827 
0.5 0.4266666666666667 0.3333333333333333 807 807 
0.5 0.4266666666666667 0.34 831 831 
0.5 0.4266666666666667 0.3466666666666667 857 857 
0.5 0.4266666666666667 0.35333333333333333 818 818 
0.5 0.4266666666666667 0.36 836 836 
0.5 0.4266666666666667 0.36666666666666664 822 822 
0.5 0.4266666666666667 0.37333333333333335 849 849 
0.5 0.4266666666666667 0.38 843 843 
0.5 0.4266666666666667 0.38666666666666666 846 846 
0.5 0.4266666666666667 0.3933333333333333 845 845 
0.5 0.4266666666666667 0.4 833 833 
0.5 0.4266666666666667 0.4066666666666667 838 838 
0.5 0.4266666666666667 0.41333333333333333 856 856 
0.5 0.4266666666666667 0.42 837 837 
0.5 0.4266666666666667 0.4266666666666667 847 847 
0.5 0.4266666666666667 0.43333333333333335 833 833 
0.5 0.4266666666666667 0.44 876 876 
0.5 0.4266666666666667 0.44666666666666666 853 853 
0.5 0.4266666666666667 0.4533333333333333 828 828 
0.5 0.4266666666666667 0.46 842 842 
0.5 0.4266666666666667 0.4666666666666667 813 813 
0.5 0.4266666666666667 0.47333333333333333 858 858 
0.5 0.4266666666666667 0.48 809 809 
0.5 0.4266666666666667 0.4866666666666667 810 810 
0.5 0.4266666666666667 0.49333333333333335 829 829 
0.5 0.4266666666666667 0.5 845 845 
0.5 0.4266666666666667 0.5066666666666667 813 813 
0.5 0.4266666666666667 0.5133333333333333 829 829 
0.5 0.4266666666666667 0.52 864 864 
0.5 0.4266666666666667 0.5266666666666666 833 833 
0.5 0.4266666666666667 0.5333333333333333 851 851 
0.5 0.4266666666666667 0.54 836 836 
0.5 0.4266666666666667 0.5466666666666666 822 822 
0.5 0.4266666666666667 0.5533333333333333 850 850 
0.5 0.4266666666666667 0.56 837 837 
0.5 0.4266666666666667 0.5666666666666667 855 855 
0.5 0.4266666666666667 0.5733333333333334 808 808 
0.5 0.4266666666666667 0.58 798 798 
0.5 0.4266666666666667 0.5866666666666667 862 862 
0.5 0.4266666666666667 0.5933333333333334 796 796 
0.5 0.4266666666666667 0.6 846 846 
0.5 0.4266666666666667 0.6066666666666667 869 869 
0.5 0.4266666666666667 0.6133333333333333 856 856 
0.5 0.4266666666666667 0.62 880 880 
0.5 0.4266666666666667 0.6266666666666667 880 880 
0.5 0.4266666666666667 0.6333333333333333 901 901 
0.5 0.4266666666666667 0.64 855 855 
0.5 0.4266666666666667 0.6466666666666666 899 899 
0.5 0.4266666666666667 0.6533333333333333 850 850 
0.5 0.4266666666666667 0.66 807 807 
0.5 0.4266666666666667 0.6666666666666666 852 852 
0.5 0.4266666666666667 0.6733333333333333 842 842 
0.5 0.4266666666666667 0.68 802 802 
0.5 0.4266666666666667 0.6866666666666666 829 829 
0.5 0.4266666666666667 0.6933333333333334 845 845 
0.5 0.4266666666666667 0.7 861 861 
0.5 0.4266666666666667 0.7066666666666667 862 862 
0.5 0.4266666666666667 0.7133333333333334 895 895 
0.5 0.4266666666666667 0.72 812 812 
0.5 0.4266666666666667 0.7266666666666667 809 809 
0.5 0.4266666666666667 0.7333333333333333 837 837 
0.5 0.4266666666666667 0.74 874 874 
0.5 0.4266666666666667 0.7466666666666667 871 871 
0.5 0.4266666666666667 0.7533333333333333 848 848 
0.5 0.4266666666666667 0.76 872 872 
0.5 0.4266666666666667 0.7666666666666667 879 879 
0.5 0.4266666666666667 0.7733333333333333 897 897 
0.5 0.4266666666666667 0.78 827 827 
0.5 0.4266666666666667 0.7866666666666666 857 857 
0.5 0.4266666666666667 0.7933333333333333 821 821 
0.5 0.4266666666666667 0.8 846 846 
0.5 0.4266666666666667 0.8066666666666666 877 877 
0.5 0.4266666666666667 0.8133333333333334 881 881 
0.5 0.4266666666666667 0.82 839 839 
0.5 0.4266666666666667 0.8266666666666667 822 822 
0.5 0.4266666666666667 0.8333333333333334 888 888 
0.5 0.4266666666666667 0.84 849 849 
0.5 0.4266666666666667 0.8466666666666667 859 859 
0.5 0.4266666666666667 0.8533333333333334 854 854 
0.5 0.4266666666666667 0.86 859 859 
0.5 0.4266666666666667 0.8666666666666667 870 870 
0.5 0.4266666666666667 0.8733333333333333 839 839 
0.5 0.4266666666666667 0.88 857 857 
0.5 0.4266666666666667 0.8866666666666667 798 798 
0.5 0.4266666666666667 0.8933333333333333 847 847 
0.5 0.4266666666666667 0.9 832 832 
0.5 0.4266666666666667 0.9066666666666666 837 837 
0.5 0.4266666666666667 0.9133333333333333 773 773 
0.5 0.4266666666666667 0.92 832 832 
0.5 0.4266666666666667 0.9266666666666666 866 866 
0.5 0.4266666666666667 0.9333333333333333 844 844 
0.5 0.4266666666666667 0.94 876 876 
0.5 0.4266666666666667 0.9466666666666667 923 923 
0.5 0.4266666666666667 0.9533333333333334 807 807 
0.5 0.4266666666666667 0.96 957 957 
0.5 0.4266666666666667 0.9666666666666667 775 775 
0.5 0.4266666666666667 0.9733333333333334 693 693 
0.5 0.4266666666666667 0.98 1367 1367 
0.5 0.4266666666666667 0.9866666666666667 0 0 
0.5 0.4266666666666667 0.9933333333333333 0 0 
0.5 0.43333333333333335 0.0 0 0 
0.5 0.43333333333333335 0.006666666666666667 0 0 
0.5 0.43333333333333335 0.013333333333333334 1331 1331 
0.5 0.43333333333333335 0.02 637 637 
0.5 0.43333333333333335 0.02666666666666667 733 733 
0.5 0.43333333333333335 0.03333333333333333 1001 1001 
0.5 0.43333333333333335 0.04 729 729 
0.5 0.43333333333333335 0.04666666666666667 836 836 
0.5 0.43333333333333335 0.05333333333333334 888 888 
0.5 0.43333333333333335 0.06 881 881 
0.5 0.43333333333333335 0.06666666666666667 893 893 
0.5 0.43333333333333335 0.07333333333333333 893 893 
0.5 0.43333333333333335 0.08 878 878 
0.5 0.43333333333333335 0.08666666666666667 838 838 
0.5 0.43333333333333335 0.09333333333333334 893 893 
0.5 0.43333333333333335 0.1 902 902 
0.5 0.43333333333333335 0.10666666666666667 812 812 
0.5 0.43333333333333335 0.11333333333333333 828 828 
0.5 0.43333333333333335 0.12 838 838 
0.5 0.43333333333333335 0.12666666666666668 893 893 
0.5 0.43333333333333335 0.13333333333333333 825 825 
0.5 0.43333333333333335 0.14 863 863 
0.5 0.43333333333333335 0.14666666666666667 815 815 
0.5 0.43333333333333335 0.15333333333333332 798 798 
0.5 0.43333333333333335 0.16 833 833 
0.5 0.43333333333333335 0.16666666666666666 862 862 
0.5 0.43333333333333335 0.17333333333333334 849 849 
0.5 0.43333333333333335 0.18 854 854 
0.5 0.43333333333333335 0.18666666666666668 860 860 
0.5 0.43333333333333335 0.19333333333333333 862 862 
0.5 0.43333333333333335 0.2 863 863 
0.5 0.43333333333333335 0.20666666666666667 848 848 
0.5 0.43333333333333335 0.21333333333333335 855 855 
0.5 0.43333333333333335 0.22 831 831 
0.5 0.43333333333333335 0.22666666666666666 786 786 
0.5 0.43333333333333335 0.23333333333333334 816 816 
0.5 0.43333333333333335 0.24 866 866 
0.5 0.43333333333333335 0.24666666666666667 821 821 
0.5 0.43333333333333335 0.25333333333333335 808 808 
0.5 0.43333333333333335 0.26 823 823 
0.5 0.43333333333333335 0.26666666666666666 802 802 
0.5 0.43333333333333335 0.2733333333333333 846 846 
0.5 0.43333333333333335 0.28 832 832 
0.5 0.43333333333333335 0.2866666666666667 833 833 
0.5 0.43333333333333335 0.29333333333333333 769 769 
0.5 0.43333333333333335 0.3 853 853 
0.5 0.43333333333333335 0.30666666666666664 800 800 
0.5 0.43333333333333335 0.31333333333333335 867 867 
0.5 0.43333333333333335 0.32 837 837 
0.5 0.43333333333333335 0.32666666666666666 823 823 
0.5 0.43333333333333335 0.3333333333333333 828 828 
0.5 0.43333333333333335 0.34 856 856 
0.5 0.43333333333333335 0.3466666666666667 836 836 
0.5 0.43333333333333335 0.35333333333333333 841 841 
0.5 0.43333333333333335 0.36 793 793 
0.5 0.43333333333333335 0.36666666666666664 860 860 
0.5 0.43333333333333335 0.37333333333333335 829 829 
0.5 0.43333333333333335 0.38 821 821 
0.5 0.43333333333333335 0.38666666666666666 874 874 
0.5 0.43333333333333335 0.3933333333333333 842 842 
0.5 0.43333333333333335 0.4 885 885 
0.5 0.43333333333333335 0.4066666666666667 865 865 
0.5 0.43333333333333335 0.41333333333333333 841 841 
0.5 0.43333333333333335 0.42 871 871 
0.5 0.43333333333333335 0.4266666666666667 866 866 
0.5 0.43333333333333335 0.43333333333333335 815 815 
0.5 0.43333333333333335 0.44 835 835 
0.5 0.43333333333333335 0.44666666666666666 847 847 
0.5 0.43333333333333335 0.4533333333333333 849 849 
0.5 0.43333333333333335 0.46 838 838 
0.5 0.43333333333333335 0.4666666666666667 861 861 
0.5 0.43333333333333335 0.47333333333333333 812 812 
0.5 0.43333333333333335 0.48 818 818 
0.5 0.43333333333333335 0.4866666666666667 871 871 
0.5 0.43333333333333335 0.49333333333333335 839 839 
0.5 0.43333333333333335 0.5 871 871 
0.5 0.43333333333333335 0.5066666666666667 819 819 
0.5 0.43333333333333335 0.5133333333333333 820 820 
0.5 0.43333333333333335 0.52 877 877 
0.5 0.43333333333333335 0.5266666666666666 897 897 
0.5 0.43333333333333335 0.5333333333333333 789 789 
0.5 0.43333333333333335 0.54 844 844 
0.5 0.43333333333333335 0.5466666666666666 886 886 
0.5 0.43333333333333335 0.5533333333333333 862 862 
0.5 0.43333333333333335 0.56 795 795 
0.5 0.43333333333333335 0.5666666666666667 859 859 
0.5 0.43333333333333335 0.5733333333333334 867 867 
0.5 0.43333333333333335 0.58 875 875 
0.5 0.43333333333333335 0.5866666666666667 807 807 
0.5 0.43333333333333335 0.5933333333333334 853 853 
0.5 0.43333333333333335 0.6 832 832 
0.5 0.43333333333333335 0.6066666666666667 853 853 
0.5 0.43333333333333335 0.6133333333333333 857 857 
0.5 0.43333333333333335 0.62 856 856 
0.5 0.43333333333333335 0.6266666666666667 867 867 
0.5 0.43333333333333335 0.6333333333333333 827 827 
0.5 0.43333333333333335 0.64 887 887 
0.5 0.43333333333333335 0.6466666666666666 872 872 
0.5 0.43333333333333335 0.6533333333333333 872 872 
0.5 0.43333333333333335 0.66 834 834 
0.5 0.43333333333333335 0.6666666666666666 872 872 
0.5 0.43333333333333335 0.6733333333333333 893 893 
0.5 0.43333333333333335 0.68 849 849 
0.5 0.43333333333333335 0.6866666666666666 860 860 
0.5 0.43333333333333335 0.6933333333333334 826 826 
0.5 0.43333333333333335 0.7 834 834 
0.5 0.43333333333333335 0.7066666666666667 850 850 
0.5 0.43333333333333335 0.7133333333333334 822 822 
0.5 0.43333333333333335 0.72 865 865 
0.5 0.43333333333333335 0.7266666666666667 870 870 
0.5 0.43333333333333335 0.7333333333333333 810 810 
0.5 0.43333333333333335 0.74 860 860 
0.5 0.43333333333333335 0.7466666666666667 853 853 
0.5 0.43333333333333335 0.7533333333333333 802 802 
0.5 0.43333333333333335 0.76 913 913 
0.5 0.43333333333333335 0.7666666666666667 849 849 
0.5 0.43333333333333335 0.7733333333333333 766 766 
0.5 0.43333333333333335 0.78 853 853 
0.5 0.43333333333333335 0.7866666666666666 796 796 
0.5 0.43333333333333335 0.7933333333333333 880 880 
0.5 0.43333333333333335 0.8 890 890 
0.5 0.43333333333333335 0.8066666666666666 826 826 
0.5 0.43333333333333335 0.8133333333333334 847 847 
0.5 0.43333333333333335 0.82 873 873 
0.5 0.43333333333333335 0.8266666666666667 853 853 
0.5 0.43333333333333335 0.8333333333333334 861 861 
0.5 0.43333333333333335 0.84 846 846 
0.5 0.43333333333333335 0.8466666666666667 808 808 
0.5 0.43333333333333335 0.8533333333333334 878 878 
0.5 0.43333333333333335 0.86 829 829 
0.5 0.43333333333333335 0.8666666666666667 794 794 
0.5 0.43333333333333335 0.8733333333333333 803 803 
0.5 0.43333333333333335 0.88 803 803 
0.5 0.43333333333333335 0.8866666666666667 872 872 
0.5 0.43333333333333335 0.8933333333333333 846 846 
0.5 0.43333333333333335 0.9 874 874 
0.5 0.43333333333333335 0.9066666666666666 860 860 
0.5 0.43333333333333335 0.9133333333333333 835 835 
0.5 0.43333333333333335 0.92 838 838 
0.5 0.43333333333333335 0.9266666666666666 881 881 
0.5 0.43333333333333335 0.9333333333333333 785 785 
0.5 0.43333333333333335 0.94 846 846 
0.5 0.43333333333333335 0.9466666666666667 890 890 
0.5 0.43333333333333335 0.9533333333333334 792 792 
0.5 0.43333333333333335 0.96 1005 1005 
0.5 0.43333333333333335 0.9666666666666667 797 797 
0.5 0.43333333333333335 0.9733333333333334 675 675 
0.5 0.43333333333333335 0.98 1408 1408 
0.5 0.43333333333333335 0.9866666666666667 0 0 
0.5 0.43333333333333335 0.9933333333333333 0 0 
0.5 0.44 0.0 0 0 
0.5 0.44 0.006666666666666667 0 0 
0.5 0.44 0.013333333333333334 1311 1311 
0.5 0.44 0.02 697 697 
0.5 0.44 0.02666666666666667 713 713 
0.5 0.44 0.03333333333333333 931 931 
0.5 0.44 0.04 779 779 
0.5 0.44 0.04666666666666667 863 863 
0.5 0.44 0.05333333333333334 786 786 
0.5 0.44 0.06 836 836 
0.5 0.44 0.06666666666666667 821 821 
0.5 0.44 0.07333333333333333 845 845 
0.5 0.44 0.08 839 839 
0.5 0.44 0.08666666666666667 839 839 
0.5 0.44 0.09333333333333334 886 886 
0.5 0.44 0.1 847 847 
0.5 0.44 0.10666666666666667 872 872 
0.5 0.44 0.11333333333333333 852 852 
0.5 0.44 0.12 840 840 
0.5 0.44 0.12666666666666668 882 882 
0.5 0.44 0.13333333333333333 817 817 
0.5 0.44 0.14 813 813 
0.5 0.44 0.14666666666666667 835 835 
0.5 0.44 0.15333333333333332 831 831 
0.5 0.44 0.16 890 890 
0.5 0.44 0.16666666666666666 894 894 
0.5 0.44 0.17333333333333334 847 847 
0.5 0.44 0.18 896 896 
0.5 0.44 0.18666666666666668 827 827 
0.5 0.44 0.19333333333333333 872 872 
0.5 0.44 0.2 829 829 
0.5 0.44 0.20666666666666667 813 813 
0.5 0.44 0.21333333333333335 889 889 
0.5 0.44 0.22 827 827 
0.5 0.44 0.22666666666666666 848 848 
0.5 0.44 0.23333333333333334 809 809 
0.5 0.44 0.24 833 833 
0.5 0.44 0.24666666666666667 827 827 
0.5 0.44 0.25333333333333335 841 841 
0.5 0.44 0.26 814 814 
0.5 0.44 0.26666666666666666 884 884 
0.5 0.44 0.2733333333333333 871 871 
0.5 0.44 0.28 845 845 
0.5 0.44 0.2866666666666667 857 857 
0.5 0.44 0.29333333333333333 858 858 
0.5 0.44 0.3 891 891 
0.5 0.44 0.30666666666666664 864 864 
0.5 0.44 0.31333333333333335 822 822 
0.5 0.44 0.32 794 794 
0.5 0.44 0.32666666666666666 817 817 
0.5 0.44 0.3333333333333333 814 814 
0.5 0.44 0.34 851 851 
0.5 0.44 0.3466666666666667 804 804 
0.5 0.44 0.35333333333333333 804 804 
0.5 0.44 0.36 856 856 
0.5 0.44 0.36666666666666664 756 756 
0.5 0.44 0.37333333333333335 873 873 
0.5 0.44 0.38 776 776 
0.5 0.44 0.38666666666666666 836 836 
0.5 0.44 0.3933333333333333 847 847 
0.5 0.44 0.4 818 818 
0.5 0.44 0.4066666666666667 858 858 
0.5 0.44 0.41333333333333333 844 844 
0.5 0.44 0.42 832 832 
0.5 0.44 0.4266666666666667 844 844 
0.5 0.44 0.43333333333333335 832 832 
0.5 0.44 0.44 791 791 
0.5 0.44 0.44666666666666666 825 825 
0.5 0.44 0.4533333333333333 810 810 
0.5 0.44 0.46 840 840 
0.5 0.44 0.4666666666666667 847 847 
0.5 0.44 0.47333333333333333 859 859 
0.5 0.44 0.48 885 885 
0.5 0.44 0.4866666666666667 795 795 
0.5 0.44 0.49333333333333335 828 828 
0.5 0.44 0.5 850 850 
0.5 0.44 0.5066666666666667 849 849 
0.5 0.44 0.5133333333333333 831 831 
0.5 0.44 0.52 866 866 
0.5 0.44 0.5266666666666666 857 857 
0.5 0.44 0.5333333333333333 858 858 
0.5 0.44 0.54 844 844 
0.5 0.44 0.5466666666666666 873 873 
0.5 0.44 0.5533333333333333 858 858 
0.5 0.44 0.56 822 822 
0.5 0.44 0.5666666666666667 808 808 
0.5 0.44 0.5733333333333334 821 821 
0.5 0.44 0.58 917 917 
0.5 0.44 0.5866666666666667 791 791 
0.5 0.44 0.5933333333333334 839 839 
0.5 0.44 0.6 808 808 
0.5 0.44 0.6066666666666667 804 804 
0.5 0.44 0.6133333333333333 833 833 
0.5 0.44 0.62 898 898 
0.5 0.44 0.6266666666666667 815 815 
0.5 0.44 0.6333333333333333 831 831 
0.5 0.44 0.64 796 796 
0.5 0.44 0.6466666666666666 836 836 
0.5 0.44 0.6533333333333333 901 901 
0.5 0.44 0.66 813 813 
0.5 0.44 0.6666666666666666 850 850 
0.5 0.44 0.6733333333333333 826 826 
0.5 0.44 0.68 823 823 
0.5 0.44 0.6866666666666666 816 816 
0.5 0.44 0.6933333333333334 816 816 
0.5 0.44 0.7 864 864 
0.5 0.44 0.7066666666666667 777 777 
0.5 0.44 0.7133333333333334 878 878 
0.5 0.44 0.72 859 859 
0.5 0.44 0.7266666666666667 870 870 
0.5 0.44 0.7333333333333333 830 830 
0.5 0.44 0.74 854 854 
0.5 0.44 0.7466666666666667 866 866 
0.5 0.44 0.7533333333333333 892 892 
0.5 0.44 0.76 809 809 
0.5 0.44 0.7666666666666667 893 893 
0.5 0.44 0.7733333333333333 842 842 
0.5 0.44 0.78 890 890 
0.5 0.44 0.7866666666666666 856 856 
0.5 0.44 0.7933333333333333 900 900 
0.5 0.44 0.8 815 815 
0.5 0.44 0.8066666666666666 866 866 
0.5 0.44 0.8133333333333334 898 898 
0.5 0.44 0.82 824 824 
0.5 0.44 0.8266666666666667 904 904 
0.5 0.44 0.8333333333333334 874 874 
0.5 0.44 0.84 907 907 
0.5 0.44 0.8466666666666667 790 790 
0.5 0.44 0.8533333333333334 870 870 
0.5 0.44 0.86 877 877 
0.5 0.44 0.8666666666666667 877 877 
0.5 0.44 0.8733333333333333 868 868 
0.5 0.44 0.88 769 769 
0.5 0.44 0.8866666666666667 843 843 
0.5 0.44 0.8933333333333333 814 814 
0.5 0.44 0.9 758 758 
0.5 0.44 0.9066666666666666 897 897 
0.5 0.44 0.9133333333333333 887 887 
0.5 0.44 0.92 836 836 
0.5 0.44 0.9266666666666666 867 867 
0.5 0.44 0.9333333333333333 866 866 
0.5 0.44 0.94 875 875 
0.5 0.44 0.9466666666666667 878 878 
0.5 0.44 0.9533333333333334 781 781 
0.5 0.44 0.96 1012 1012 
0.5 0.44 0.9666666666666667 755 755 
0.5 0.44 0.9733333333333334 674 674 
0.5 0.44 0.98 1384 1384 
0.5 0.44 0.9866666666666667 0 0 
0.5 0.44 0.9933333333333333 0 0 
0.5 0.44666666666666666 0.0 0 0 
0.5 0.44666666666666666 0.006666666666666667 0 0 
0.5 0.44666666666666666 0.013333333333333334 1412 1412 
0.5 0.44666666666666666 0.02 660 660 
0.5 0.44666666666666666 0.02666666666666667 707 707 
0.5 0.44666666666666666 0.03333333333333333 984 984 
0.5 0.44666666666666666 0.04 827 827 
0.5 0.44666666666666666 0.04666666666666667 866 866 
0.5 0.44666666666666666 0.05333333333333334 868 868 
0.5 0.44666666666666666 0.06 856 856 
0.5 0.44666666666666666 0.06666666666666667 851 851 
0.5 0.44666666666666666 0.07333333333333333 790 790 
0.5 0.44666666666666666 0.08 833 833 
0.5 0.44666666666666666 0.08666666666666667 838 838 
0.5 0.44666666666666666 0.09333333333333334 810 810 
0.5 0.44666666666666666 0.1 819 819 
0.5 0.44666666666666666 0.10666666666666667 811 811 
0.5 0.44666666666666666 0.11333333333333333 819 819 
0.5 0.44666666666666666 0.12 848 848 
0.5 0.44666666666666666 0.12666666666666668 848 848 
0.5 0.44666666666666666 0.13333333333333333 876 876 
0.5 0.44666666666666666 0.14 821 821 
0.5 0.44666666666666666 0.14666666666666667 840 840 
0.5 0.44666666666666666 0.15333333333333332 856 856 
0.5 0.44666666666666666 0.16 855 855 
0.5 0.44666666666666666 0.16666666666666666 852 852 
0.5 0.44666666666666666 0.17333333333333334 886 886 
0.5 0.44666666666666666 0.18 816 816 
0.5 0.44666666666666666 0.18666666666666668 836 836 
0.5 0.44666666666666666 0.19333333333333333 888 888 
0.5 0.44666666666666666 0.2 839 839 
0.5 0.44666666666666666 0.20666666666666667 869 869 
0.5 0.44666666666666666 0.21333333333333335 819 819 
0.5 0.44666666666666666 0.22 860 860 
0.5 0.44666666666666666 0.22666666666666666 867 867 
0.5 0.44666666666666666 0.23333333333333334 875 875 
0.5 0.44666666666666666 0.24 825 825 
0.5 0.44666666666666666 0.24666666666666667 858 858 
0.5 0.44666666666666666 0.25333333333333335 870 870 
0.5 0.44666666666666666 0.26 829 829 
0.5 0.44666666666666666 0.26666666666666666 852 852 
0.5 0.44666666666666666 0.2733333333333333 871 871 
0.5 0.44666666666666666 0.28 798 798 
0.5 0.44666666666666666 0.2866666666666667 820 820 
0.5 0.44666666666666666 0.29333333333333333 808 808 
0.5 0.44666666666666666 0.3 858 858 
0.5 0.44666666666666666 0.30666666666666664 838 838 
0.5 0.44666666666666666 0.31333333333333335 818 818 
0.5 0.44666666666666666 0.32 865 865 
0.5 0.44666666666666666 0.32666666666666666 801 801 
0.5 0.44666666666666666 0.3333333333333333 903 903 
0.5 0.44666666666666666 0.34 793 793 
0.5 0.44666666666666666 0.3466666666666667 843 843 
0.5 0.44666666666666666 0.35333333333333333 827 827 
0.5 0.44666666666666666 0.36 868 868 
0.5 0.44666666666666666 0.36666666666666664 791 791 
0.5 0.44666666666666666 0.37333333333333335 817 817 
0.5 0.44666666666666666 0.38 791 791 
0.5 0.44666666666666666 0.38666666666666666 812 812 
0.5 0.44666666666666666 0.3933333333333333 861 861 
0.5 0.44666666666666666 0.4 791 791 
0.5 0.44666666666666666 0.4066666666666667 827 827 
0.5 0.44666666666666666 0.41333333333333333 844 844 
0.5 0.44666666666666666 0.42 803 803 
0.5 0.44666666666666666 0.4266666666666667 846 846 
0.5 0.44666666666666666 0.43333333333333335 852 852 
0.5 0.44666666666666666 0.44 835 835 
0.5 0.44666666666666666 0.44666666666666666 868 868 
0.5 0.44666666666666666 0.4533333333333333 804 804 
0.5 0.44666666666666666 0.46 819 819 
0.5 0.44666666666666666 0.4666666666666667 860 860 
0.5 0.44666666666666666 0.47333333333333333 844 844 
0.5 0.44666666666666666 0.48 839 839 
0.5 0.44666666666666666 0.4866666666666667 862 862 
0.5 0.44666666666666666 0.49333333333333335 809 809 
0.5 0.44666666666666666 0.5 864 864 
0.5 0.44666666666666666 0.5066666666666667 802 802 
0.5 0.44666666666666666 0.5133333333333333 856 856 
0.5 0.44666666666666666 0.52 867 867 
0.5 0.44666666666666666 0.5266666666666666 823 823 
0.5 0.44666666666666666 0.5333333333333333 822 822 
0.5 0.44666666666666666 0.54 821 821 
0.5 0.44666666666666666 0.5466666666666666 847 847 
0.5 0.44666666666666666 0.5533333333333333 827 827 
0.5 0.44666666666666666 0.56 870 870 
0.5 0.44666666666666666 0.5666666666666667 794 794 
0.5 0.44666666666666666 0.5733333333333334 833 833 
0.5 0.44666666666666666 0.58 791 791 
0.5 0.44666666666666666 0.5866666666666667 785 785 
0.5 0.44666666666666666 0.5933333333333334 868 868 
0.5 0.44666666666666666 0.6 883 883 
0.5 0.44666666666666666 0.6066666666666667 833 833 
0.5 0.44666666666666666 0.6133333333333333 846 846 
0.5 0.44666666666666666 0.62 854 854 
0.5 0.44666666666666666 0.6266666666666667 914 914 
0.5 0.44666666666666666 0.6333333333333333 871 871 
0.5 0.44666666666666666 0.64 819 819 
0.5 0.44666666666666666 0.6466666666666666 858 858 
0.5 0.44666666666666666 0.6533333333333333 816 816 
0.5 0.44666666666666666 0.66 797 797 
0.5 0.44666666666666666 0.6666666666666666 802 802 
0.5 0.44666666666666666 0.6733333333333333 868 868 
0.5 0.44666666666666666 0.68 864 864 
0.5 0.44666666666666666 0.6866666666666666 830 830 
0.5 0.44666666666666666 0.6933333333333334 895 895 
0.5 0.44666666666666666 0.7 851 851 
0.5 0.44666666666666666 0.7066666666666667 834 834 
0.5 0.44666666666666666 0.7133333333333334 905 905 
0.5 0.44666666666666666 0.72 855 855 
0.5 0.44666666666666666 0.7266666666666667 865 865 
0.5 0.44666666666666666 0.7333333333333333 868 868 
0.5 0.44666666666666666 0.74 859 859 
0.5 0.44666666666666666 0.7466666666666667 858 858 
0.5 0.44666666666666666 0.7533333333333333 897 897 
0.5 0.44666666666666666 0.76 827 827 
0.5 0.44666666666666666 0.7666666666666667 908 908 
0.5 0.44666666666666666 0.7733333333333333 881 881 
0.5 0.44666666666666666 0.78 887 887 
0.5 0.44666666666666666 0.7866666666666666 839 839 
0.5 0.44666666666666666 0.7933333333333333 832 832 
0.5 0.44666666666666666 0.8 840 840 
0.5 0.44666666666666666 0.8066666666666666 823 823 
0.5 0.44666666666666666 0.8133333333333334 839 839 
0.5 0.44666666666666666 0.82 795 795 
0.5 0.44666666666666666 0.8266666666666667 841 841 
0.5 0.44666666666666666 0.8333333333333334 838 838 
0.5 0.44666666666666666 0.84 836 836 
0.5 0.44666666666666666 0.8466666666666667 826 826 
0.5 0.44666666666666666 0.8533333333333334 851 851 
0.5 0.44666666666666666 0.86 809 809 
0.5 0.44666666666666666 0.8666666666666667 873 873 
0.5 0.44666666666666666 0.8733333333333333 856 856 
0.5 0.44666666666666666 0.88 845 845 
0.5 0.44666666666666666 0.8866666666666667 831 831 
0.5 0.44666666666666666 0.8933333333333333 838 838 
0.5 0.44666666666666666 0.9 854 854 
0.5 0.44666666666666666 0.9066666666666666 845 845 
0.5 0.44666666666666666 0.9133333333333333 885 885 
0.5 0.44666666666666666 0.92 866 866 
0.5 0.44666666666666666 0.9266666666666666 841 841 
0.5 0.44666666666666666 0.9333333333333333 867 867 
0.5 0.44666666666666666 0.94 838 838 
0.5 0.44666666666666666 0.9466666666666667 881 881 
0.5 0.44666666666666666 0.9533333333333334 798 798 
0.5 0.44666666666666666 0.96 1043 1043 
0.5 0.44666666666666666 0.9666666666666667 743 743 
0.5 0.44666666666666666 0.9733333333333334 713 713 
0.5 0.44666666666666666 0.98 1372 1372 
0.5 0.44666666666666666 0.9866666666666667 0 0 
0.5 0.44666666666666666 0.9933333333333333 0 0 
0.5 0.4533333333333333 0.0 0 0 
0.5 0.4533333333333333 0.006666666666666667 0 0 
0.5 0.4533333333333333 0.013333333333333334 1333 1333 
0.5 0.4533333333333333 0.02 655 655 
0.5 0.4533333333333333 0.02666666666666667 742 742 
0.5 0.4533333333333333 0.03333333333333333 948 948 
0.5 0.4533333333333333 0.04 792 792 
0.5 0.4533333333333333 0.04666666666666667 913 913 
0.5 0.4533333333333333 0.05333333333333334 844 844 
0.5 0.4533333333333333 0.06 815 815 
0.5 0.4533333333333333 0.06666666666666667 860 860 
0.5 0.4533333333333333 0.07333333333333333 889 889 
0.5 0.4533333333333333 0.08 833 833 
0.5 0.4533333333333333 0.08666666666666667 821 821 
0.5 0.4533333333333333 0.09333333333333334 817 817 
0.5 0.4533333333333333 0.1 836 836 
0.5 0.4533333333333333 0.10666666666666667 888 888 
0.5 0.4533333333333333 0.11333333333333333 824 824 
0.5 0.4533333333333333 0.12 793 793 
0.5 0.4533333333333333 0.12666666666666668 859 859 
0.5 0.4533333333333333 0.13333333333333333 836 836 
0.5 0.4533333333333333 0.14 802 802 
0.5 0.4533333333333333 0.14666666666666667 830 830 
0.5 0.4533333333333333 0.15333333333333332 867 867 
0.5 0.4533333333333333 0.16 826 826 
0.5 0.4533333333333333 0.16666666666666666 846 846 
0.5 0.4533333333333333 0.17333333333333334 868 868 
0.5 0.4533333333333333 0.18 857 857 
0.5 0.4533333333333333 0.18666666666666668 835 835 
0.5 0.4533333333333333 0.19333333333333333 841 841 
0.5 0.4533333333333333 0.2 846 846 
0.5 0.4533333333333333 0.20666666666666667 826 826 
0.5 0.4533333333333333 0.21333333333333335 808 808 
0.5 0.4533333333333333 0.22 823 823 
0.5 0.4533333333333333 0.22666666666666666 841 841 
0.5 0.4533333333333333 0.23333333333333334 860 860 
0.5 0.4533333333333333 0.24 837 837 
0.5 0.4533333333333333 0.24666666666666667 869 869 
0.5 0.4533333333333333 0.25333333333333335 859 859 
0.5 0.4533333333333333 0.26 911 911 
0.5 0.4533333333333333 0.26666666666666666 855 855 
0.5 0.4533333333333333 0.2733333333333333 846 846 
0.5 0.4533333333333333 0.28 840 840 
0.5 0.4533333333333333 0.2866666666666667 862 862 
0.5 0.4533333333333333 0.29333333333333333 819 819 
0.5 0.4533333333333333 0.3 820 820 
0.5 0.4533333333333333 0.30666666666666664 821 821 
0.5 0.4533333333333333 0.31333333333333335 862 862 
0.5 0.4533333333333333 0.32 798 798 
0.5 0.4533333333333333 0.32666666666666666 839 839 
0.5 0.4533333333333333 0.3333333333333333 886 886 
0.5 0.4533333333333333 0.34 788 788 
0.5 0.4533333333333333 0.3466666666666667 832 832 
0.5 0.4533333333333333 0.35333333333333333 842 842 
0.5 0.4533333333333333 0.36 845 845 
0.5 0.4533333333333333 0.36666666666666664 798 798 
0.5 0.4533333333333333 0.37333333333333335 858 858 
0.5 0.4533333333333333 0.38 795 795 
0.5 0.4533333333333333 0.38666666666666666 794 794 
0.5 0.4533333333333333 0.3933333333333333 815 815 
0.5 0.4533333333333333 0.4 852 852 
0.5 0.4533333333333333 0.4066666666666667 838 838 
0.5 0.4533333333333333 0.41333333333333333 830 830 
0.5 0.4533333333333333 0.42 836 836 
0.5 0.4533333333333333 0.4266666666666667 837 837 
0.5 0.4533333333333333 0.43333333333333335 853 853 
0.5 0.4533333333333333 0.44 831 831 
0.5 0.4533333333333333 0.44666666666666666 841 841 
0.5 0.4533333333333333 0.4533333333333333 825 825 
0.5 0.4533333333333333 0.46 821 821 
0.5 0.4533333333333333 0.4666666666666667 807 807 
0.5 0.4533333333333333 0.47333333333333333 805 805 
0.5 0.4533333333333333 0.48 832 832 
0.5 0.4533333333333333 0.4866666666666667 842 842 
0.5 0.4533333333333333 0.49333333333333335 789 789 
0.5 0.4533333333333333 0.5 851 851 
0.5 0.4533333333333333 0.5066666666666667 819 819 
0.5 0.4533333333333333 0.5133333333333333 822 822 
0.5 0.4533333333333333 0.52 867 867 
0.5 0.4533333333333333 0.5266666666666666 838 838 
0.5 0.4533333333333333 0.5333333333333333 829 829 
0.5 0.4533333333333333 0.54 843 843 
0.5 0.4533333333333333 0.5466666666666666 761 761 
0.5 0.4533333333333333 0.5533333333333333 783 783 
0.5 0.4533333333333333 0.56 829 829 
0.5 0.4533333333333333 0.5666666666666667 794 794 
0.5 0.4533333333333333 0.5733333333333334 830 830 
0.5 0.4533333333333333 0.58 791 791 
0.5 0.4533333333333333 0.5866666666666667 829 829 
0.5 0.4533333333333333 0.5933333333333334 831 831 
0.5 0.4533333333333333 0.6 862 862 
0.5 0.4533333333333333 0.6066666666666667 827 827 
0.5 0.4533333333333333 0.6133333333333333 839 839 
0.5 0.4533333333333333 0.62 819 819 
0.5 0.4533333333333333 0.6266666666666667 799 799 
0.5 0.4533333333333333 0.6333333333333333 820 820 
0.5 0.4533333333333333 0.64 821 821 
0.5 0.4533333333333333 0.6466666666666666 825 825 
0.5 0.4533333333333333 0.6533333333333333 822 822 
0.5 0.4533333333333333 0.66 832 832 
0.5 0.4533333333333333 0.6666666666666666 778 778 
0.5 0.4533333333333333 0.6733333333333333 845 845 
0.5 0.4533333333333333 0.68 800 800 
0.5 0.4533333333333333 0.6866666666666666 781 781 
0.5 0.4533333333333333 0.6933333333333334 812 812 
0.5 0.4533333333333333 0.7 849 849 
0.5 0.4533333333333333 0.7066666666666667 838 838 
0.5 0.4533333333333333 0.7133333333333334 813 813 
0.5 0.4533333333333333 0.72 847 847 
0.5 0.4533333333333333 0.7266666666666667 857 857 
0.5 0.4533333333333333 0.7333333333333333 884 884 
0.5 0.4533333333333333 0.74 839 839 
0.5 0.4533333333333333 0.7466666666666667 863 863 
0.5 0.4533333333333333 0.7533333333333333 823 823 
0.5 0.4533333333333333 0.76 814 814 
0.5 0.4533333333333333 0.7666666666666667 835 835 
0.5 0.4533333333333333 0.7733333333333333 863 863 
0.5 0.4533333333333333 0.78 885 885 
0.5 0.4533333333333333 0.7866666666666666 838 838 
0.5 0.4533333333333333 0.7933333333333333 820 820 
0.5 0.4533333333333333 0.8 817 817 
0.5 0.4533333333333333 0.8066666666666666 835 835 
0.5 0.4533333333333333 0.8133333333333334 840 840 
0.5 0.4533333333333333 0.82 829 829 
0.5 0.4533333333333333 0.8266666666666667 871 871 
0.5 0.4533333333333333 0.8333333333333334 845 845 
0.5 0.4533333333333333 0.84 873 873 
0.5 0.4533333333333333 0.8466666666666667 799 799 
0.5 0.4533333333333333 0.8533333333333334 842 842 
0.5 0.4533333333333333 0.86 848 848 
0.5 0.4533333333333333 0.8666666666666667 844 844 
0.5 0.4533333333333333 0.8733333333333333 845 845 
0.5 0.4533333333333333 0.88 855 855 
0.5 0.4533333333333333 0.8866666666666667 844 844 
0.5 0.4533333333333333 0.8933333333333333 859 859 
0.5 0.4533333333333333 0.9 891 891 
0.5 0.4533333333333333 0.9066666666666666 849 849 
0.5 0.4533333333333333 0.9133333333333333 833 833 
0.5 0.4533333333333333 0.92 878 878 
0.5 0.4533333333333333 0.9266666666666666 821 821 
0.5 0.4533333333333333 0.9333333333333333 938 938 
0.5 0.4533333333333333 0.94 819 819 
0.5 0.4533333333333333 0.9466666666666667 897 897 
0.5 0.4533333333333333 0.9533333333333334 781 781 
0.5 0.4533333333333333 0.96 1006 1006 
0.5 0.4533333333333333 0.9666666666666667 740 740 
0.5 0.4533333333333333 0.9733333333333334 746 746 
0.5 0.4533333333333333 0.98 1379 1379 
0.5 0.4533333333333333 0.9866666666666667 0 0 
0.5 0.4533333333333333 0.9933333333333333 0 0 
0.5 0.46 0.0 0 0 
0.5 0.46 0.006666666666666667 0 0 
0.5 0.46 0.013333333333333334 1295 1295 
0.5 0.46 0.02 659 659 
0.5 0.46 0.02666666666666667 722 722 
0.5 0.46 0.03333333333333333 937 937 
0.5 0.46 0.04 761 761 
0.5 0.46 0.04666666666666667 895 895 
0.5 0.46 0.05333333333333334 819 819 
0.5 0.46 0.06 854 854 
0.5 0.46 0.06666666666666667 868 868 
0.5 0.46 0.07333333333333333 846 846 
0.5 0.46 0.08 838 838 
0.5 0.46 0.08666666666666667 800 800 
0.5 0.46 0.09333333333333334 876 876 
0.5 0.46 0.1 793 793 
0.5 0.46 0.10666666666666667 796 796 
0.5 0.46 0.11333333333333333 808 808 
0.5 0.46 0.12 828 828 
0.5 0.46 0.12666666666666668 853 853 
0.5 0.46 0.13333333333333333 851 851 
0.5 0.46 0.14 785 785 
0.5 0.46 0.14666666666666667 849 849 
0.5 0.46 0.15333333333333332 885 885 
0.5 0.46 0.16 802 802 
0.5 0.46 0.16666666666666666 843 843 
0.5 0.46 0.17333333333333334 889 889 
0.5 0.46 0.18 887 887 
0.5 0.46 0.18666666666666668 846 846 
0.5 0.46 0.19333333333333333 871 871 
0.5 0.46 0.2 900 900 
0.5 0.46 0.20666666666666667 797 797 
0.5 0.46 0.21333333333333335 841 841 
0.5 0.46 0.22 863 863 
0.5 0.46 0.22666666666666666 868 868 
0.5 0.46 0.23333333333333334 860 860 
0.5 0.46 0.24 807 807 
0.5 0.46 0.24666666666666667 815 815 
0.5 0.46 0.25333333333333335 883 883 
0.5 0.46 0.26 808 808 
0.5 0.46 0.26666666666666666 823 823 
0.5 0.46 0.2733333333333333 812 812 
0.5 0.46 0.28 878 878 
0.5 0.46 0.2866666666666667 854 854 
0.5 0.46 0.29333333333333333 849 849 
0.5 0.46 0.3 824 824 
0.5 0.46 0.30666666666666664 846 846 
0.5 0.46 0.31333333333333335 787 787 
0.5 0.46 0.32 837 837 
0.5 0.46 0.32666666666666666 773 773 
0.5 0.46 0.3333333333333333 851 851 
0.5 0.46 0.34 850 850 
0.5 0.46 0.3466666666666667 812 812 
0.5 0.46 0.35333333333333333 858 858 
0.5 0.46 0.36 846 846 
0.5 0.46 0.36666666666666664 803 803 
0.5 0.46 0.37333333333333335 863 863 
0.5 0.46 0.38 809 809 
0.5 0.46 0.38666666666666666 804 804 
0.5 0.46 0.3933333333333333 818 818 
0.5 0.46 0.4 816 816 
0.5 0.46 0.4066666666666667 887 887 
0.5 0.46 0.41333333333333333 853 853 
0.5 0.46 0.42 805 805 
0.5 0.46 0.4266666666666667 830 830 
0.5 0.46 0.43333333333333335 809 809 
0.5 0.46 0.44 899 899 
0.5 0.46 0.44666666666666666 855 855 
0.5 0.46 0.4533333333333333 884 884 
0.5 0.46 0.46 831 831 
0.5 0.46 0.4666666666666667 793 793 
0.5 0.46 0.47333333333333333 886 886 
0.5 0.46 0.48 881 881 
0.5 0.46 0.4866666666666667 809 809 
0.5 0.46 0.49333333333333335 854 854 
0.5 0.46 0.5 852 852 
0.5 0.46 0.5066666666666667 779 779 
0.5 0.46 0.5133333333333333 835 835 
0.5 0.46 0.52 796 796 
0.5 0.46 0.5266666666666666 843 843 
0.5 0.46 0.5333333333333333 838 838 
0.5 0.46 0.54 786 786 
0.5 0.46 0.5466666666666666 828 828 
0.5 0.46 0.5533333333333333 830 830 
0.5 0.46 0.56 806 806 
0.5 0.46 0.5666666666666667 887 887 
0.5 0.46 0.5733333333333334 814 814 
0.5 0.46 0.58 830 830 
0.5 0.46 0.5866666666666667 836 836 
0.5 0.46 0.5933333333333334 843 843 
0.5 0.46 0.6 837 837 
0.5 0.46 0.6066666666666667 804 804 
0.5 0.46 0.6133333333333333 876 876 
0.5 0.46 0.62 760 760 
0.5 0.46 0.6266666666666667 791 791 
0.5 0.46 0.6333333333333333 755 755 
0.5 0.46 0.64 812 812 
0.5 0.46 0.6466666666666666 836 836 
0.5 0.46 0.6533333333333333 812 812 
0.5 0.46 0.66 815 815 
0.5 0.46 0.6666666666666666 805 805 
0.5 0.46 0.6733333333333333 837 837 
0.5 0.46 0.68 874 874 
0.5 0.46 0.6866666666666666 852 852 
0.5 0.46 0.6933333333333334 856 856 
0.5 0.46 0.7 832 832 
0.5 0.46 0.7066666666666667 845 845 
0.5 0.46 0.7133333333333334 815 815 
0.5 0.46 0.72 838 838 
0.5 0.46 0.7266666666666667 841 841 
0.5 0.46 0.7333333333333333 818 818 
0.5 0.46 0.74 874 874 
0.5 0.46 0.7466666666666667 867 867 
0.5 0.46 0.7533333333333333 802 802 
0.5 0.46 0.76 836 836 
0.5 0.46 0.7666666666666667 887 887 
0.5 0.46 0.7733333333333333 796 796 
0.5 0.46 0.78 827 827 
0.5 0.46 0.7866666666666666 855 855 
0.5 0.46 0.7933333333333333 842 842 
0.5 0.46 0.8 827 827 
0.5 0.46 0.8066666666666666 819 819 
0.5 0.46 0.8133333333333334 829 829 
0.5 0.46 0.82 797 797 
0.5 0.46 0.8266666666666667 788 788 
0.5 0.46 0.8333333333333334 885 885 
0.5 0.46 0.84 848 848 
0.5 0.46 0.8466666666666667 867 867 
0.5 0.46 0.8533333333333334 846 846 
0.5 0.46 0.86 823 823 
0.5 0.46 0.8666666666666667 831 831 
0.5 0.46 0.8733333333333333 816 816 
0.5 0.46 0.88 834 834 
0.5 0.46 0.8866666666666667 833 833 
0.5 0.46 0.8933333333333333 879 879 
0.5 0.46 0.9 847 847 
0.5 0.46 0.9066666666666666 923 923 
0.5 0.46 0.9133333333333333 858 858 
0.5 0.46 0.92 866 866 
0.5 0.46 0.9266666666666666 810 810 
0.5 0.46 0.9333333333333333 836 836 
0.5 0.46 0.94 876 876 
0.5 0.46 0.9466666666666667 947 947 
0.5 0.46 0.9533333333333334 804 804 
0.5 0.46 0.96 969 969 
0.5 0.46 0.9666666666666667 769 769 
0.5 0.46 0.9733333333333334 677 677 
0.5 0.46 0.98 1319 1319 
0.5 0.46 0.9866666666666667 0 0 
0.5 0.46 0.9933333333333333 0 0 
0.5 0.4666666666666667 0.0 0 0 
0.5 0.4666666666666667 0.006666666666666667 0 0 
0.5 0.4666666666666667 0.013333333333333334 1318 1318 
0.5 0.4666666666666667 0.02 701 701 
0.5 0.4666666666666667 0.02666666666666667 730 730 
0.5 0.4666666666666667 0.03333333333333333 978 978 
0.5 0.4666666666666667 0.04 745 745 
0.5 0.4666666666666667 0.04666666666666667 888 888 
0.5 0.4666666666666667 0.05333333333333334 847 847 
0.5 0.4666666666666667 0.06 814 814 
0.5 0.4666666666666667 0.06666666666666667 823 823 
0.5 0.4666666666666667 0.07333333333333333 805 805 
0.5 0.4666666666666667 0.08 855 855 
0.5 0.4666666666666667 0.08666666666666667 799 799 
0.5 0.4666666666666667 0.09333333333333334 857 857 
0.5 0.4666666666666667 0.1 836 836 
0.5 0.4666666666666667 0.10666666666666667 780 780 
0.5 0.4666666666666667 0.11333333333333333 849 849 
0.5 0.4666666666666667 0.12 856 856 
0.5 0.4666666666666667 0.12666666666666668 835 835 
0.5 0.4666666666666667 0.13333333333333333 855 855 
0.5 0.4666666666666667 0.14 847 847 
0.5 0.4666666666666667 0.14666666666666667 804 804 
0.5 0.4666666666666667 0.15333333333333332 820 820 
0.5 0.4666666666666667 0.16 865 865 
0.5 0.4666666666666667 0.16666666666666666 857 857 
0.5 0.4666666666666667 0.17333333333333334 845 845 
0.5 0.4666666666666667 0.18 834 834 
0.5 0.4666666666666667 0.18666666666666668 838 838 
0.5 0.4666666666666667 0.19333333333333333 876 876 
0.5 0.4666666666666667 0.2 871 871 
0.5 0.4666666666666667 0.20666666666666667 832 832 
0.5 0.4666666666666667 0.21333333333333335 885 885 
0.5 0.4666666666666667 0.22 832 832 
0.5 0.4666666666666667 0.22666666666666666 875 875 
0.5 0.4666666666666667 0.23333333333333334 870 870 
0.5 0.4666666666666667 0.24 879 879 
0.5 0.4666666666666667 0.24666666666666667 857 857 
0.5 0.4666666666666667 0.25333333333333335 820 820 
0.5 0.4666666666666667 0.26 878 878 
0.5 0.4666666666666667 0.26666666666666666 920 920 
0.5 0.4666666666666667 0.2733333333333333 893 893 
0.5 0.4666666666666667 0.28 813 813 
0.5 0.4666666666666667 0.2866666666666667 854 854 
0.5 0.4666666666666667 0.29333333333333333 828 828 
0.5 0.4666666666666667 0.3 842 842 
0.5 0.4666666666666667 0.30666666666666664 864 864 
0.5 0.4666666666666667 0.31333333333333335 885 885 
0.5 0.4666666666666667 0.32 844 844 
0.5 0.4666666666666667 0.32666666666666666 826 826 
0.5 0.4666666666666667 0.3333333333333333 862 862 
0.5 0.4666666666666667 0.34 832 832 
0.5 0.4666666666666667 0.3466666666666667 845 845 
0.5 0.4666666666666667 0.35333333333333333 851 851 
0.5 0.4666666666666667 0.36 822 822 
0.5 0.4666666666666667 0.36666666666666664 820 820 
0.5 0.4666666666666667 0.37333333333333335 813 813 
0.5 0.4666666666666667 0.38 840 840 
0.5 0.4666666666666667 0.38666666666666666 886 886 
0.5 0.4666666666666667 0.3933333333333333 866 866 
0.5 0.4666666666666667 0.4 792 792 
0.5 0.4666666666666667 0.4066666666666667 793 793 
0.5 0.4666666666666667 0.41333333333333333 846 846 
0.5 0.4666666666666667 0.42 841 841 
0.5 0.4666666666666667 0.4266666666666667 834 834 
0.5 0.4666666666666667 0.43333333333333335 828 828 
0.5 0.4666666666666667 0.44 857 857 
0.5 0.4666666666666667 0.44666666666666666 814 814 
0.5 0.4666666666666667 0.4533333333333333 820 820 
0.5 0.4666666666666667 0.46 804 804 
0.5 0.4666666666666667 0.4666666666666667 837 837 
0.5 0.4666666666666667 0.47333333333333333 823 823 
0.5 0.4666666666666667 0.48 814 814 
0.5 0.4666666666666667 0.4866666666666667 838 838 
0.5 0.4666666666666667 0.49333333333333335 840 840 
0.5 0.4666666666666667 0.5 828 828 
0.5 0.4666666666666667 0.5066666666666667 882 882 
0.5 0.4666666666666667 0.5133333333333333 811 811 
0.5 0.4666666666666667 0.52 799 799 
0.5 0.4666666666666667 0.5266666666666666 869 869 
0.5 0.4666666666666667 0.5333333333333333 838 838 
0.5 0.4666666666666667 0.54 825 825 
0.5 0.4666666666666667 0.5466666666666666 818 818 
0.5 0.4666666666666667 0.5533333333333333 809 809 
0.5 0.4666666666666667 0.56 823 823 
0.5 0.4666666666666667 0.5666666666666667 822 822 
0.5 0.4666666666666667 0.5733333333333334 845 845 
0.5 0.4666666666666667 0.58 844 844 
0.5 0.4666666666666667 0.5866666666666667 846 846 
0.5 0.4666666666666667 0.5933333333333334 869 869 
0.5 0.4666666666666667 0.6 838 838 
0.5 0.4666666666666667 0.6066666666666667 846 846 
0.5 0.4666666666666667 0.6133333333333333 874 874 
0.5 0.4666666666666667 0.62 883 883 
0.5 0.4666666666666667 0.6266666666666667 833 833 
0.5 0.4666666666666667 0.6333333333333333 817 817 
0.5 0.4666666666666667 0.64 813 813 
0.5 0.4666666666666667 0.6466666666666666 844 844 
0.5 0.4666666666666667 0.6533333333333333 818 818 
0.5 0.4666666666666667 0.66 836 836 
0.5 0.4666666666666667 0.6666666666666666 885 885 
0.5 0.4666666666666667 0.6733333333333333 812 812 
0.5 0.4666666666666667 0.68 789 789 
0.5 0.4666666666666667 0.6866666666666666 861 861 
0.5 0.4666666666666667 0.6933333333333334 848 848 
0.5 0.4666666666666667 0.7 819 819 
0.5 0.4666666666666667 0.7066666666666667 847 847 
0.5 0.4666666666666667 0.7133333333333334 876 876 
0.5 0.4666666666666667 0.72 854 854 
0.5 0.4666666666666667 0.7266666666666667 826 826 
0.5 0.4666666666666667 0.7333333333333333 788 788 
0.5 0.4666666666666667 0.74 868 868 
0.5 0.4666666666666667 0.7466666666666667 835 835 
0.5 0.4666666666666667 0.7533333333333333 821 821 
0.5 0.4666666666666667 0.76 827 827 
0.5 0.4666666666666667 0.7666666666666667 827 827 
0.5 0.4666666666666667 0.7733333333333333 795 795 
0.5 0.4666666666666667 0.78 859 859 
0.5 0.4666666666666667 0.7866666666666666 839 839 
0.5 0.4666666666666667 0.7933333333333333 866 866 
0.5 0.4666666666666667 0.8 899 899 
0.5 0.4666666666666667 0.8066666666666666 829 829 
0.5 0.4666666666666667 0.8133333333333334 828 828 
0.5 0.4666666666666667 0.82 885 885 
0.5 0.4666666666666667 0.8266666666666667 907 907 
0.5 0.4666666666666667 0.8333333333333334 830 830 
0.5 0.4666666666666667 0.84 879 879 
0.5 0.4666666666666667 0.8466666666666667 856 856 
0.5 0.4666666666666667 0.8533333333333334 819 819 
0.5 0.4666666666666667 0.86 883 883 
0.5 0.4666666666666667 0.8666666666666667 856 856 
0.5 0.4666666666666667 0.8733333333333333 840 840 
0.5 0.4666666666666667 0.88 839 839 
0.5 0.4666666666666667 0.8866666666666667 852 852 
0.5 0.4666666666666667 0.8933333333333333 857 857 
0.5 0.4666666666666667 0.9 833 833 
0.5 0.4666666666666667 0.9066666666666666 870 870 
0.5 0.4666666666666667 0.9133333333333333 843 843 
0.5 0.4666666666666667 0.92 827 827 
0.5 0.4666666666666667 0.9266666666666666 872 872 
0.5 0.4666666666666667 0.9333333333333333 842 842 
0.5 0.4666666666666667 0.94 787 787 
0.5 0.4666666666666667 0.9466666666666667 916 916 
0.5 0.4666666666666667 0.9533333333333334 789 789 
0.5 0.4666666666666667 0.96 992 992 
0.5 0.4666666666666667 0.9666666666666667 830 830 
0.5 0.4666666666666667 0.9733333333333334 680 680 
0.5 0.4666666666666667 0.98 1462 1462 
0.5 0.4666666666666667 0.9866666666666667 0 0 
0.5 0.4666666666666667 0.9933333333333333 0 0 
0.5 0.47333333333333333 0.0 0 0 
0.5 0.47333333333333333 0.006666666666666667 0 0 
0.5 0.47333333333333333 0.013333333333333334 1306 1306 
0.5 0.47333333333333333 0.02 720 720 
0.5 0.47333333333333333 0.02666666666666667 742 742 
0.5 0.47333333333333333 0.03333333333333333 935 935 
0.5 0.47333333333333333 0.04 757 757 
0.5 0.47333333333333333 0.04666666666666667 849 849 
0.5 0.47333333333333333 0.05333333333333334 801 801 
0.5 0.47333333333333333 0.06 854 854 
0.5 0.47333333333333333 0.06666666666666667 885 885 
0.5 0.47333333333333333 0.07333333333333333 804 804 
0.5 0.47333333333333333 0.08 884 884 
0.5 0.47333333333333333 0.08666666666666667 845 845 
0.5 0.47333333333333333 0.09333333333333334 813 813 
0.5 0.47333333333333333 0.1 839 839 
0.5 0.47333333333333333 0.10666666666666667 807 807 
0.5 0.47333333333333333 0.11333333333333333 825 825 
0.5 0.47333333333333333 0.12 847 847 
0.5 0.47333333333333333 0.12666666666666668 861 861 
0.5 0.47333333333333333 0.13333333333333333 842 842 
0.5 0.47333333333333333 0.14 805 805 
0.5 0.47333333333333333 0.14666666666666667 837 837 
0.5 0.47333333333333333 0.15333333333333332 801 801 
0.5 0.47333333333333333 0.16 790 790 
0.5 0.47333333333333333 0.16666666666666666 848 848 
0.5 0.47333333333333333 0.17333333333333334 817 817 
0.5 0.47333333333333333 0.18 847 847 
0.5 0.47333333333333333 0.18666666666666668 838 838 
0.5 0.47333333333333333 0.19333333333333333 828 828 
0.5 0.47333333333333333 0.2 816 816 
0.5 0.47333333333333333 0.20666666666666667 864 864 
0.5 0.47333333333333333 0.21333333333333335 786 786 
0.5 0.47333333333333333 0.22 814 814 
0.5 0.47333333333333333 0.22666666666666666 828 828 
0.5 0.47333333333333333 0.23333333333333334 825 825 
0.5 0.47333333333333333 0.24 859 859 
0.5 0.47333333333333333 0.24666666666666667 927 927 
0.5 0.47333333333333333 0.25333333333333335 899 899 
0.5 0.47333333333333333 0.26 879 879 
0.5 0.47333333333333333 0.26666666666666666 880 880 
0.5 0.47333333333333333 0.2733333333333333 835 835 
0.5 0.47333333333333333 0.28 860 860 
0.5 0.47333333333333333 0.2866666666666667 849 849 
0.5 0.47333333333333333 0.29333333333333333 811 811 
0.5 0.47333333333333333 0.3 818 818 
0.5 0.47333333333333333 0.30666666666666664 872 872 
0.5 0.47333333333333333 0.31333333333333335 820 820 
0.5 0.47333333333333333 0.32 799 799 
0.5 0.47333333333333333 0.32666666666666666 867 867 
0.5 0.47333333333333333 0.3333333333333333 857 857 
0.5 0.47333333333333333 0.34 774 774 
0.5 0.47333333333333333 0.3466666666666667 831 831 
0.5 0.47333333333333333 0.35333333333333333 877 877 
0.5 0.47333333333333333 0.36 819 819 
0.5 0.47333333333333333 0.36666666666666664 868 868 
0.5 0.47333333333333333 0.37333333333333335 801 801 
0.5 0.47333333333333333 0.38 854 854 
0.5 0.47333333333333333 0.38666666666666666 809 809 
0.5 0.47333333333333333 0.3933333333333333 827 827 
0.5 0.47333333333333333 0.4 777 777 
0.5 0.47333333333333333 0.4066666666666667 812 812 
0.5 0.47333333333333333 0.41333333333333333 789 789 
0.5 0.47333333333333333 0.42 863 863 
0.5 0.47333333333333333 0.4266666666666667 831 831 
0.5 0.47333333333333333 0.43333333333333335 884 884 
0.5 0.47333333333333333 0.44 845 845 
0.5 0.47333333333333333 0.44666666666666666 838 838 
0.5 0.47333333333333333 0.4533333333333333 876 876 
0.5 0.47333333333333333 0.46 859 859 
0.5 0.47333333333333333 0.4666666666666667 768 768 
0.5 0.47333333333333333 0.47333333333333333 826 826 
0.5 0.47333333333333333 0.48 857 857 
0.5 0.47333333333333333 0.4866666666666667 867 867 
0.5 0.47333333333333333 0.49333333333333335 877 877 
0.5 0.47333333333333333 0.5 837 837 
0.5 0.47333333333333333 0.5066666666666667 816 816 
0.5 0.47333333333333333 0.5133333333333333 766 766 
0.5 0.47333333333333333 0.52 833 833 
0.5 0.47333333333333333 0.5266666666666666 811 811 
0.5 0.47333333333333333 0.5333333333333333 833 833 
0.5 0.47333333333333333 0.54 774 774 
0.5 0.47333333333333333 0.5466666666666666 790 790 
0.5 0.47333333333333333 0.5533333333333333 882 882 
0.5 0.47333333333333333 0.56 870 870 
0.5 0.47333333333333333 0.5666666666666667 813 813 
0.5 0.47333333333333333 0.5733333333333334 842 842 
0.5 0.47333333333333333 0.58 821 821 
0.5 0.47333333333333333 0.5866666666666667 844 844 
0.5 0.47333333333333333 0.5933333333333334 822 822 
0.5 0.47333333333333333 0.6 847 847 
0.5 0.47333333333333333 0.6066666666666667 853 853 
0.5 0.47333333333333333 0.6133333333333333 833 833 
0.5 0.47333333333333333 0.62 786 786 
0.5 0.47333333333333333 0.6266666666666667 801 801 
0.5 0.47333333333333333 0.6333333333333333 810 810 
0.5 0.47333333333333333 0.64 760 760 
0.5 0.47333333333333333 0.6466666666666666 809 809 
0.5 0.47333333333333333 0.6533333333333333 800 800 
0.5 0.47333333333333333 0.66 794 794 
0.5 0.47333333333333333 0.6666666666666666 873 873 
0.5 0.47333333333333333 0.6733333333333333 849 849 
0.5 0.47333333333333333 0.68 845 845 
0.5 0.47333333333333333 0.6866666666666666 824 824 
0.5 0.47333333333333333 0.6933333333333334 837 837 
0.5 0.47333333333333333 0.7 833 833 
0.5 0.47333333333333333 0.7066666666666667 858 858 
0.5 0.47333333333333333 0.7133333333333334 843 843 
0.5 0.47333333333333333 0.72 826 826 
0.5 0.47333333333333333 0.7266666666666667 821 821 
0.5 0.47333333333333333 0.7333333333333333 845 845 
0.5 0.47333333333333333 0.74 831 831 
0.5 0.47333333333333333 0.7466666666666667 831 831 
0.5 0.47333333333333333 0.7533333333333333 812 812 
0.5 0.47333333333333333 0.76 814 814 
0.5 0.47333333333333333 0.7666666666666667 801 801 
0.5 0.47333333333333333 0.7733333333333333 848 848 
0.5 0.47333333333333333 0.78 822 822 
0.5 0.47333333333333333 0.7866666666666666 845 845 
0.5 0.47333333333333333 0.7933333333333333 875 875 
0.5 0.47333333333333333 0.8 795 795 
0.5 0.47333333333333333 0.8066666666666666 892 892 
0.5 0.47333333333333333 0.8133333333333334 824 824 
0.5 0.47333333333333333 0.82 789 789 
0.5 0.47333333333333333 0.8266666666666667 801 801 
0.5 0.47333333333333333 0.8333333333333334 835 835 
0.5 0.47333333333333333 0.84 782 782 
0.5 0.47333333333333333 0.8466666666666667 832 832 
0.5 0.47333333333333333 0.8533333333333334 826 826 
0.5 0.47333333333333333 0.86 822 822 
0.5 0.47333333333333333 0.8666666666666667 832 832 
0.5 0.47333333333333333 0.8733333333333333 837 837 
0.5 0.47333333333333333 0.88 869 869 
0.5 0.47333333333333333 0.8866666666666667 850 850 
0.5 0.47333333333333333 0.8933333333333333 843 843 
0.5 0.47333333333333333 0.9 812 812 
0.5 0.47333333333333333 0.9066666666666666 864 864 
0.5 0.47333333333333333 0.9133333333333333 865 865 
0.5 0.47333333333333333 0.92 832 832 
0.5 0.47333333333333333 0.9266666666666666 840 840 
0.5 0.47333333333333333 0.9333333333333333 897 897 
0.5 0.47333333333333333 0.94 865 865 
0.5 0.47333333333333333 0.9466666666666667 881 881 
0.5 0.47333333333333333 0.9533333333333334 790 790 
0.5 0.47333333333333333 0.96 985 985 
0.5 0.47333333333333333 0.9666666666666667 717 717 
0.5 0.47333333333333333 0.9733333333333334 705 705 
0.5 0.47333333333333333 0.98 1363 1363 
0.5 0.47333333333333333 0.9866666666666667 0 0 
0.5 0.47333333333333333 0.9933333333333333 0 0 
0.5 0.48 0.0 0 0 
0.5 0.48 0.006666666666666667 0 0 
0.5 0.48 0.013333333333333334 1365 1365 
0.5 0.48 0.02 705 705 
0.5 0.48 0.02666666666666667 803 803 
0.5 0.48 0.03333333333333333 1009 1009 
0.5 0.48 0.04 745 745 
0.5 0.48 0.04666666666666667 933 933 
0.5 0.48 0.05333333333333334 870 870 
0.5 0.48 0.06 838 838 
0.5 0.48 0.06666666666666667 864 864 
0.5 0.48 0.07333333333333333 811 811 
0.5 0.48 0.08 847 847 
0.5 0.48 0.08666666666666667 892 892 
0.5 0.48 0.09333333333333334 822 822 
0.5 0.48 0.1 762 762 
0.5 0.48 0.10666666666666667 814 814 
0.5 0.48 0.11333333333333333 820 820 
0.5 0.48 0.12 823 823 
0.5 0.48 0.12666666666666668 829 829 
0.5 0.48 0.13333333333333333 834 834 
0.5 0.48 0.14 822 822 
0.5 0.48 0.14666666666666667 821 821 
0.5 0.48 0.15333333333333332 826 826 
0.5 0.48 0.16 830 830 
0.5 0.48 0.16666666666666666 815 815 
0.5 0.48 0.17333333333333334 785 785 
0.5 0.48 0.18 839 839 
0.5 0.48 0.18666666666666668 825 825 
0.5 0.48 0.19333333333333333 821 821 
0.5 0.48 0.2 910 910 
0.5 0.48 0.20666666666666667 868 868 
0.5 0.48 0.21333333333333335 844 844 
0.5 0.48 0.22 888 888 
0.5 0.48 0.22666666666666666 841 841 
0.5 0.48 0.23333333333333334 829 829 
0.5 0.48 0.24 853 853 
0.5 0.48 0.24666666666666667 840 840 
0.5 0.48 0.25333333333333335 807 807 
0.5 0.48 0.26 834 834 
0.5 0.48 0.26666666666666666 846 846 
0.5 0.48 0.2733333333333333 860 860 
0.5 0.48 0.28 829 829 
0.5 0.48 0.2866666666666667 775 775 
0.5 0.48 0.29333333333333333 878 878 
0.5 0.48 0.3 807 807 
0.5 0.48 0.30666666666666664 782 782 
0.5 0.48 0.31333333333333335 828 828 
0.5 0.48 0.32 736 736 
0.5 0.48 0.32666666666666666 835 835 
0.5 0.48 0.3333333333333333 843 843 
0.5 0.48 0.34 775 775 
0.5 0.48 0.3466666666666667 854 854 
0.5 0.48 0.35333333333333333 849 849 
0.5 0.48 0.36 799 799 
0.5 0.48 0.36666666666666664 868 868 
0.5 0.48 0.37333333333333335 825 825 
0.5 0.48 0.38 823 823 
0.5 0.48 0.38666666666666666 819 819 
0.5 0.48 0.3933333333333333 761 761 
0.5 0.48 0.4 809 809 
0.5 0.48 0.4066666666666667 817 817 
0.5 0.48 0.41333333333333333 787 787 
0.5 0.48 0.42 795 795 
0.5 0.48 0.4266666666666667 784 784 
0.5 0.48 0.43333333333333335 857 857 
0.5 0.48 0.44 845 845 
0.5 0.48 0.44666666666666666 831 831 
0.5 0.48 0.4533333333333333 866 866 
0.5 0.48 0.46 793 793 
0.5 0.48 0.4666666666666667 909 909 
0.5 0.48 0.47333333333333333 845 845 
0.5 0.48 0.48 802 802 
0.5 0.48 0.4866666666666667 800 800 
0.5 0.48 0.49333333333333335 801 801 
0.5 0.48 0.5 808 808 
0.5 0.48 0.5066666666666667 822 822 
0.5 0.48 0.5133333333333333 837 837 
0.5 0.48 0.52 854 854 
0.5 0.48 0.5266666666666666 804 804 
0.5 0.48 0.5333333333333333 770 770 
0.5 0.48 0.54 835 835 
0.5 0.48 0.5466666666666666 855 855 
0.5 0.48 0.5533333333333333 818 818 
0.5 0.48 0.56 795 795 
0.5 0.48 0.5666666666666667 811 811 
0.5 0.48 0.5733333333333334 842 842 
0.5 0.48 0.58 851 851 
0.5 0.48 0.5866666666666667 801 801 
0.5 0.48 0.5933333333333334 822 822 
0.5 0.48 0.6 803 803 
0.5 0.48 0.6066666666666667 857 857 
0.5 0.48 0.6133333333333333 851 851 
0.5 0.48 0.62 806 806 
0.5 0.48 0.6266666666666667 836 836 
0.5 0.48 0.6333333333333333 902 902 
0.5 0.48 0.64 789 789 
0.5 0.48 0.6466666666666666 817 817 
0.5 0.48 0.6533333333333333 802 802 
0.5 0.48 0.66 869 869 
0.5 0.48 0.6666666666666666 802 802 
0.5 0.48 0.6733333333333333 835 835 
0.5 0.48 0.68 859 859 
0.5 0.48 0.6866666666666666 869 869 
0.5 0.48 0.6933333333333334 872 872 
0.5 0.48 0.7 897 897 
0.5 0.48 0.7066666666666667 849 849 
0.5 0.48 0.7133333333333334 848 848 
0.5 0.48 0.72 829 829 
0.5 0.48 0.7266666666666667 818 818 
0.5 0.48 0.7333333333333333 833 833 
0.5 0.48 0.74 829 829 
0.5 0.48 0.7466666666666667 767 767 
0.5 0.48 0.7533333333333333 843 843 
0.5 0.48 0.76 908 908 
0.5 0.48 0.7666666666666667 768 768 
0.5 0.48 0.7733333333333333 887 887 
0.5 0.48 0.78 826 826 
0.5 0.48 0.7866666666666666 789 789 
0.5 0.48 0.7933333333333333 835 835 
0.5 0.48 0.8 840 840 
0.5 0.48 0.8066666666666666 767 767 
0.5 0.48 0.8133333333333334 873 873 
0.5 0.48 0.82 837 837 
0.5 0.48 0.8266666666666667 866 866 
0.5 0.48 0.8333333333333334 832 832 
0.5 0.48 0.84 868 868 
0.5 0.48 0.8466666666666667 814 814 
0.5 0.48 0.8533333333333334 895 895 
0.5 0.48 0.86 855 855 
0.5 0.48 0.8666666666666667 860 860 
0.5 0.48 0.8733333333333333 839 839 
0.5 0.48 0.88 822 822 
0.5 0.48 0.8866666666666667 854 854 
0.5 0.48 0.8933333333333333 859 859 
0.5 0.48 0.9 848 848 
0.5 0.48 0.9066666666666666 805 805 
0.5 0.48 0.9133333333333333 849 849 
0.5 0.48 0.92 848 848 
0.5 0.48 0.9266666666666666 785 785 
0.5 0.48 0.9333333333333333 846 846 
0.5 0.48 0.94 845 845 
0.5 0.48 0.9466666666666667 889 889 
0.5 0.48 0.9533333333333334 764 764 
0.5 0.48 0.96 972 972 
0.5 0.48 0.9666666666666667 747 747 
0.5 0.48 0.9733333333333334 700 700 
0.5 0.48 0.98 1384 1384 
0.5 0.48 0.9866666666666667 0 0 
0.5 0.48 0.9933333333333333 0 0 
0.5 0.4866666666666667 0.0 0 0 
0.5 0.4866666666666667 0.006666666666666667 0 0 
0.5 0.4866666666666667 0.013333333333333334 1362 1362 
0.5 0.4866666666666667 0.02 711 711 
0.5 0.4866666666666667 0.02666666666666667 750 750 
0.5 0.4866666666666667 0.03333333333333333 1015 1015 
0.5 0.4866666666666667 0.04 788 788 
0.5 0.4866666666666667 0.04666666666666667 890 890 
0.5 0.4866666666666667 0.05333333333333334 835 835 
0.5 0.4866666666666667 0.06 807 807 
0.5 0.4866666666666667 0.06666666666666667 805 805 
0.5 0.4866666666666667 0.07333333333333333 825 825 
0.5 0.4866666666666667 0.08 843 843 
0.5 0.4866666666666667 0.08666666666666667 829 829 
0.5 0.4866666666666667 0.09333333333333334 833 833 
0.5 0.4866666666666667 0.1 822 822 
0.5 0.4866666666666667 0.10666666666666667 808 808 
0.5 0.4866666666666667 0.11333333333333333 865 865 
0.5 0.4866666666666667 0.12 881 881 
0.5 0.4866666666666667 0.12666666666666668 824 824 
0.5 0.4866666666666667 0.13333333333333333 859 859 
0.5 0.4866666666666667 0.14 816 816 
0.5 0.4866666666666667 0.14666666666666667 808 808 
0.5 0.4866666666666667 0.15333333333333332 824 824 
0.5 0.4866666666666667 0.16 807 807 
0.5 0.4866666666666667 0.16666666666666666 806 806 
0.5 0.4866666666666667 0.17333333333333334 813 813 
0.5 0.4866666666666667 0.18 860 860 
0.5 0.4866666666666667 0.18666666666666668 825 825 
0.5 0.4866666666666667 0.19333333333333333 794 794 
0.5 0.4866666666666667 0.2 862 862 
0.5 0.4866666666666667 0.20666666666666667 840 840 
0.5 0.4866666666666667 0.21333333333333335 817 817 
0.5 0.4866666666666667 0.22 839 839 
0.5 0.4866666666666667 0.22666666666666666 857 857 
0.5 0.4866666666666667 0.23333333333333334 825 825 
0.5 0.4866666666666667 0.24 816 816 
0.5 0.4866666666666667 0.24666666666666667 805 805 
0.5 0.4866666666666667 0.25333333333333335 823 823 
0.5 0.4866666666666667 0.26 776 776 
0.5 0.4866666666666667 0.26666666666666666 806 806 
0.5 0.4866666666666667 0.2733333333333333 802 802 
0.5 0.4866666666666667 0.28 781 781 
0.5 0.4866666666666667 0.2866666666666667 859 859 
0.5 0.4866666666666667 0.29333333333333333 848 848 
0.5 0.4866666666666667 0.3 895 895 
0.5 0.4866666666666667 0.30666666666666664 827 827 
0.5 0.4866666666666667 0.31333333333333335 838 838 
0.5 0.4866666666666667 0.32 898 898 
0.5 0.4866666666666667 0.32666666666666666 870 870 
0.5 0.4866666666666667 0.3333333333333333 834 834 
0.5 0.4866666666666667 0.34 874 874 
0.5 0.4866666666666667 0.3466666666666667 905 905 
0.5 0.4866666666666667 0.35333333333333333 813 813 
0.5 0.4866666666666667 0.36 789 789 
0.5 0.4866666666666667 0.36666666666666664 850 850 
0.5 0.4866666666666667 0.37333333333333335 845 845 
0.5 0.4866666666666667 0.38 814 814 
0.5 0.4866666666666667 0.38666666666666666 866 866 
0.5 0.4866666666666667 0.3933333333333333 833 833 
0.5 0.4866666666666667 0.4 812 812 
0.5 0.4866666666666667 0.4066666666666667 838 838 
0.5 0.4866666666666667 0.41333333333333333 764 764 
0.5 0.4866666666666667 0.42 821 821 
0.5 0.4866666666666667 0.4266666666666667 833 833 
0.5 0.4866666666666667 0.43333333333333335 834 834 
0.5 0.4866666666666667 0.44 799 799 
0.5 0.4866666666666667 0.44666666666666666 834 834 
0.5 0.4866666666666667 0.4533333333333333 908 908 
0.5 0.4866666666666667 0.46 867 867 
0.5 0.4866666666666667 0.4666666666666667 855 855 
0.5 0.4866666666666667 0.47333333333333333 896 896 
0.5 0.4866666666666667 0.48 856 856 
0.5 0.4866666666666667 0.4866666666666667 821 821 
0.5 0.4866666666666667 0.49333333333333335 862 862 
0.5 0.4866666666666667 0.5 771 771 
0.5 0.4866666666666667 0.5066666666666667 824 824 
0.5 0.4866666666666667 0.5133333333333333 843 843 
0.5 0.4866666666666667 0.52 826 826 
0.5 0.4866666666666667 0.5266666666666666 838 838 
0.5 0.4866666666666667 0.5333333333333333 872 872 
0.5 0.4866666666666667 0.54 803 803 
0.5 0.4866666666666667 0.5466666666666666 807 807 
0.5 0.4866666666666667 0.5533333333333333 846 846 
0.5 0.4866666666666667 0.56 880 880 
0.5 0.4866666666666667 0.5666666666666667 855 855 
0.5 0.4866666666666667 0.5733333333333334 855 855 
0.5 0.4866666666666667 0.58 830 830 
0.5 0.4866666666666667 0.5866666666666667 861 861 
0.5 0.4866666666666667 0.5933333333333334 852 852 
0.5 0.4866666666666667 0.6 893 893 
0.5 0.4866666666666667 0.6066666666666667 841 841 
0.5 0.4866666666666667 0.6133333333333333 835 835 
0.5 0.4866666666666667 0.62 820 820 
0.5 0.4866666666666667 0.6266666666666667 814 814 
0.5 0.4866666666666667 0.6333333333333333 866 866 
0.5 0.4866666666666667 0.64 776 776 
0.5 0.4866666666666667 0.6466666666666666 868 868 
0.5 0.4866666666666667 0.6533333333333333 824 824 
0.5 0.4866666666666667 0.66 846 846 
0.5 0.4866666666666667 0.6666666666666666 812 812 
0.5 0.4866666666666667 0.6733333333333333 767 767 
0.5 0.4866666666666667 0.68 855 855 
0.5 0.4866666666666667 0.6866666666666666 840 840 
0.5 0.4866666666666667 0.6933333333333334 876 876 
0.5 0.4866666666666667 0.7 883 883 
0.5 0.4866666666666667 0.7066666666666667 870 870 
0.5 0.4866666666666667 0.7133333333333334 851 851 
0.5 0.4866666666666667 0.72 812 812 
0.5 0.4866666666666667 0.7266666666666667 807 807 
0.5 0.4866666666666667 0.7333333333333333 827 827 
0.5 0.4866666666666667 0.74 828 828 
0.5 0.4866666666666667 0.7466666666666667 829 829 
0.5 0.4866666666666667 0.7533333333333333 806 806 
0.5 0.4866666666666667 0.76 803 803 
0.5 0.4866666666666667 0.7666666666666667 826 826 
0.5 0.4866666666666667 0.7733333333333333 816 816 
0.5 0.4866666666666667 0.78 792 792 
0.5 0.4866666666666667 0.7866666666666666 829 829 
0.5 0.4866666666666667 0.7933333333333333 812 812 
0.5 0.4866666666666667 0.8 792 792 
0.5 0.4866666666666667 0.8066666666666666 798 798 
0.5 0.4866666666666667 0.8133333333333334 884 884 
0.5 0.4866666666666667 0.82 861 861 
0.5 0.4866666666666667 0.8266666666666667 847 847 
0.5 0.4866666666666667 0.8333333333333334 830 830 
0.5 0.4866666666666667 0.84 818 818 
0.5 0.4866666666666667 0.8466666666666667 866 866 
0.5 0.4866666666666667 0.8533333333333334 891 891 
0.5 0.4866666666666667 0.86 863 863 
0.5 0.4866666666666667 0.8666666666666667 864 864 
0.5 0.4866666666666667 0.8733333333333333 817 817 
0.5 0.4866666666666667 0.88 853 853 
0.5 0.4866666666666667 0.8866666666666667 803 803 
0.5 0.4866666666666667 0.8933333333333333 840 840 
0.5 0.4866666666666667 0.9 798 798 
0.5 0.4866666666666667 0.9066666666666666 829 829 
0.5 0.4866666666666667 0.9133333333333333 840 840 
0.5 0.4866666666666667 0.92 871 871 
0.5 0.4866666666666667 0.9266666666666666 871 871 
0.5 0.4866666666666667 0.9333333333333333 822 822 
0.5 0.4866666666666667 0.94 834 834 
0.5 0.4866666666666667 0.9466666666666667 891 891 
0.5 0.4866666666666667 0.9533333333333334 812 812 
0.5 0.4866666666666667 0.96 940 940 
0.5 0.4866666666666667 0.9666666666666667 744 744 
0.5 0.4866666666666667 0.9733333333333334 662 662 
0.5 0.4866666666666667 0.98 1373 1373 
0.5 0.4866666666666667 0.9866666666666667 0 0 
0.5 0.4866666666666667 0.9933333333333333 0 0 
0.5 0.49333333333333335 0.0 0 0 
0.5 0.49333333333333335 0.006666666666666667 0 0 
0.5 0.49333333333333335 0.013333333333333334 1348 1348 
0.5 0.49333333333333335 0.02 760 760 
0.5 0.49333333333333335 0.02666666666666667 761 761 
0.5 0.49333333333333335 0.03333333333333333 1037 1037 
0.5 0.49333333333333335 0.04 772 772 
0.5 0.49333333333333335 0.04666666666666667 868 868 
0.5 0.49333333333333335 0.05333333333333334 891 891 
0.5 0.49333333333333335 0.06 855 855 
0.5 0.49333333333333335 0.06666666666666667 867 867 
0.5 0.49333333333333335 0.07333333333333333 868 868 
0.5 0.49333333333333335 0.08 841 841 
0.5 0.49333333333333335 0.08666666666666667 916 916 
0.5 0.49333333333333335 0.09333333333333334 817 817 
0.5 0.49333333333333335 0.1 863 863 
0.5 0.49333333333333335 0.10666666666666667 807 807 
0.5 0.49333333333333335 0.11333333333333333 865 865 
0.5 0.49333333333333335 0.12 814 814 
0.5 0.49333333333333335 0.12666666666666668 889 889 
0.5 0.49333333333333335 0.13333333333333333 818 818 
0.5 0.49333333333333335 0.14 870 870 
0.5 0.49333333333333335 0.14666666666666667 788 788 
0.5 0.49333333333333335 0.15333333333333332 808 808 
0.5 0.49333333333333335 0.16 745 745 
0.5 0.49333333333333335 0.16666666666666666 812 812 
0.5 0.49333333333333335 0.17333333333333334 790 790 
0.5 0.49333333333333335 0.18 779 779 
0.5 0.49333333333333335 0.18666666666666668 806 806 
0.5 0.49333333333333335 0.19333333333333333 822 822 
0.5 0.49333333333333335 0.2 819 819 
0.5 0.49333333333333335 0.20666666666666667 845 845 
0.5 0.49333333333333335 0.21333333333333335 834 834 
0.5 0.49333333333333335 0.22 810 810 
0.5 0.49333333333333335 0.22666666666666666 855 855 
0.5 0.49333333333333335 0.23333333333333334 831 831 
0.5 0.49333333333333335 0.24 827 827 
0.5 0.49333333333333335 0.24666666666666667 837 837 
0.5 0.49333333333333335 0.25333333333333335 857 857 
0.5 0.49333333333333335 0.26 790 790 
0.5 0.49333333333333335 0.26666666666666666 863 863 
0.5 0.49333333333333335 0.2733333333333333 804 804 
0.5 0.49333333333333335 0.28 855 855 
0.5 0.49333333333333335 0.2866666666666667 773 773 
0.5 0.49333333333333335 0.29333333333333333 849 849 
0.5 0.49333333333333335 0.3 829 829 
0.5 0.49333333333333335 0.30666666666666664 839 839 
0.5 0.49333333333333335 0.31333333333333335 795 795 
0.5 0.49333333333333335 0.32 902 902 
0.5 0.49333333333333335 0.32666666666666666 823 823 
0.5 0.49333333333333335 0.3333333333333333 851 851 
0.5 0.49333333333333335 0.34 870 870 
0.5 0.49333333333333335 0.3466666666666667 814 814 
0.5 0.49333333333333335 0.35333333333333333 884 884 
0.5 0.49333333333333335 0.36 871 871 
0.5 0.49333333333333335 0.36666666666666664 902 902 
0.5 0.49333333333333335 0.37333333333333335 853 853 
0.5 0.49333333333333335 0.38 820 820 
0.5 0.49333333333333335 0.38666666666666666 845 845 
0.5 0.49333333333333335 0.3933333333333333 792 792 
0.5 0.49333333333333335 0.4 779 779 
0.5 0.49333333333333335 0.4066666666666667 792 792 
0.5 0.49333333333333335 0.41333333333333333 835 835 
0.5 0.49333333333333335 0.42 813 813 
0.5 0.49333333333333335 0.4266666666666667 848 848 
0.5 0.49333333333333335 0.43333333333333335 818 818 
0.5 0.49333333333333335 0.44 850 850 
0.5 0.49333333333333335 0.44666666666666666 811 811 
0.5 0.49333333333333335 0.4533333333333333 874 874 
0.5 0.49333333333333335 0.46 835 835 
0.5 0.49333333333333335 0.4666666666666667 872 872 
0.5 0.49333333333333335 0.47333333333333333 842 842 
0.5 0.49333333333333335 0.48 867 867 
0.5 0.49333333333333335 0.4866666666666667 813 813 
0.5 0.49333333333333335 0.49333333333333335 825 825 
0.5 0.49333333333333335 0.5 809 809 
0.5 0.49333333333333335 0.5066666666666667 794 794 
0.5 0.49333333333333335 0.5133333333333333 821 821 
0.5 0.49333333333333335 0.52 854 854 
0.5 0.49333333333333335 0.5266666666666666 833 833 
0.5 0.49333333333333335 0.5333333333333333 835 835 
0.5 0.49333333333333335 0.54 838 838 
0.5 0.49333333333333335 0.5466666666666666 856 856 
0.5 0.49333333333333335 0.5533333333333333 866 866 
0.5 0.49333333333333335 0.56 887 887 
0.5 0.49333333333333335 0.5666666666666667 912 912 
0.5 0.49333333333333335 0.5733333333333334 833 833 
0.5 0.49333333333333335 0.58 816 816 
0.5 0.49333333333333335 0.5866666666666667 912 912 
0.5 0.49333333333333335 0.5933333333333334 865 865 
0.5 0.49333333333333335 0.6 847 847 
0.5 0.49333333333333335 0.6066666666666667 832 832 
0.5 0.49333333333333335 0.6133333333333333 861 861 
0.5 0.49333333333333335 0.62 794 794 
0.5 0.49333333333333335 0.6266666666666667 815 815 
0.5 0.49333333333333335 0.6333333333333333 842 842 
0.5 0.49333333333333335 0.64 803 803 
0.5 0.49333333333333335 0.6466666666666666 815 815 
0.5 0.49333333333333335 0.6533333333333333 815 815 
0.5 0.49333333333333335 0.66 852 852 
0.5 0.49333333333333335 0.6666666666666666 833 833 
0.5 0.49333333333333335 0.6733333333333333 845 845 
0.5 0.49333333333333335 0.68 853 853 
0.5 0.49333333333333335 0.6866666666666666 831 831 
0.5 0.49333333333333335 0.6933333333333334 831 831 
0.5 0.49333333333333335 0.7 871 871 
0.5 0.49333333333333335 0.7066666666666667 799 799 
0.5 0.49333333333333335 0.7133333333333334 839 839 
0.5 0.49333333333333335 0.72 819 819 
0.5 0.49333333333333335 0.7266666666666667 860 860 
0.5 0.49333333333333335 0.7333333333333333 797 797 
0.5 0.49333333333333335 0.74 876 876 
0.5 0.49333333333333335 0.7466666666666667 800 800 
0.5 0.49333333333333335 0.7533333333333333 810 810 
0.5 0.49333333333333335 0.76 838 838 
0.5 0.49333333333333335 0.7666666666666667 804 804 
0.5 0.49333333333333335 0.7733333333333333 852 852 
0.5 0.49333333333333335 0.78 884 884 
0.5 0.49333333333333335 0.7866666666666666 870 870 
0.5 0.49333333333333335 0.7933333333333333 935 935 
0.5 0.49333333333333335 0.8 894 894 
0.5 0.49333333333333335 0.8066666666666666 815 815 
0.5 0.49333333333333335 0.8133333333333334 798 798 
0.5 0.49333333333333335 0.82 816 816 
0.5 0.49333333333333335 0.8266666666666667 876 876 
0.5 0.49333333333333335 0.8333333333333334 804 804 
0.5 0.49333333333333335 0.84 780 780 
0.5 0.49333333333333335 0.8466666666666667 852 852 
0.5 0.49333333333333335 0.8533333333333334 810 810 
0.5 0.49333333333333335 0.86 891 891 
0.5 0.49333333333333335 0.8666666666666667 760 760 
0.5 0.49333333333333335 0.8733333333333333 847 847 
0.5 0.49333333333333335 0.88 840 840 
0.5 0.49333333333333335 0.8866666666666667 814 814 
0.5 0.49333333333333335 0.8933333333333333 846 846 
0.5 0.49333333333333335 0.9 828 828 
0.5 0.49333333333333335 0.9066666666666666 858 858 
0.5 0.49333333333333335 0.9133333333333333 891 891 
0.5 0.49333333333333335 0.92 825 825 
0.5 0.49333333333333335 0.9266666666666666 887 887 
0.5 0.49333333333333335 0.9333333333333333 832 832 
0.5 0.49333333333333335 0.94 832 832 
0.5 0.49333333333333335 0.9466666666666667 871 871 
0.5 0.49333333333333335 0.9533333333333334 813 813 
0.5 0.49333333333333335 0.96 963 963 
0.5 0.49333333333333335 0.9666666666666667 715 715 
0.5 0.49333333333333335 0.9733333333333334 684 684 
0.5 0.49333333333333335 0.98 1405 1405 
0.5 0.49333333333333335 0.9866666666666667 0 0 
0.5 0.49333333333333335 0.9933333333333333 0 0 
0.5 0.5 0.0 0 0 
0.5 0.5 0.006666666666666667 0 0 
0.5 0.5 0.013333333333333334 1363 1363 
0.5 0.5 0.02 728 728 
0.5 0.5 0.02666666666666667 756 756 
0.5 0.5 0.03333333333333333 1026 1026 
0.5 0.5 0.04 823 823 
0.5 0.5 0.04666666666666667 906 906 
0.5 0.5 0.05333333333333334 851 851 
0.5 0.5 0.06 843 843 
0.5 0.5 0.06666666666666667 864 864 
0.5 0.5 0.07333333333333333 831 831 
0.5 0.5 0.08 848 848 
0.5 0.5 0.08666666666666667 832 832 
0.5 0.5 0.09333333333333334 786 786 
0.5 0.5 0.1 801 801 
0.5 0.5 0.10666666666666667 832 832 
0.5 0.5 0.11333333333333333 852 852 
0.5 0.5 0.12 834 834 
0.5 0.5 0.12666666666666668 797 797 
0.5 0.5 0.13333333333333333 838 838 
0.5 0.5 0.14 822 822 
0.5 0.5 0.14666666666666667 837 837 
0.5 0.5 0.15333333333333332 808 808 
0.5 0.5 0.16 872 872 
0.5 0.5 0.16666666666666666 840 840 
0.5 0.5 0.17333333333333334 824 824 
0.5 0.5 0.18 803 803 
0.5 0.5 0.18666666666666668 840 840 
0.5 0.5 0.19333333333333333 807 807 
0.5 0.5 0.2 844 844 
0.5 0.5 0.20666666666666667 825 825 
0.5 0.5 0.21333333333333335 850 850 
0.5 0.5 0.22 808 808 
0.5 0.5 0.22666666666666666 792 792 
0.5 0.5 0.23333333333333334 758 758 
0.5 0.5 0.24 801 801 
0.5 0.5 0.24666666666666667 812 812 
0.5 0.5 0.25333333333333335 809 809 
0.5 0.5 0.26 801 801 
0.5 0.5 0.26666666666666666 776 776 
0.5 0.5 0.2733333333333333 808 808 
0.5 0.5 0.28 868 868 
0.5 0.5 0.2866666666666667 839 839 
0.5 0.5 0.29333333333333333 827 827 
0.5 0.5 0.3 817 817 
0.5 0.5 0.30666666666666664 815 815 
0.5 0.5 0.31333333333333335 812 812 
0.5 0.5 0.32 828 828 
0.5 0.5 0.32666666666666666 854 854 
0.5 0.5 0.3333333333333333 873 873 
0.5 0.5 0.34 884 884 
0.5 0.5 0.3466666666666667 881 881 
0.5 0.5 0.35333333333333333 822 822 
0.5 0.5 0.36 886 886 
0.5 0.5 0.36666666666666664 829 829 
0.5 0.5 0.37333333333333335 877 877 
0.5 0.5 0.38 837 837 
0.5 0.5 0.38666666666666666 857 857 
0.5 0.5 0.3933333333333333 842 842 
0.5 0.5 0.4 823 823 
0.5 0.5 0.4066666666666667 844 844 
0.5 0.5 0.41333333333333333 782 782 
0.5 0.5 0.42 797 797 
0.5 0.5 0.4266666666666667 822 822 
0.5 0.5 0.43333333333333335 873 873 
0.5 0.5 0.44 819 819 
0.5 0.5 0.44666666666666666 824 824 
0.5 0.5 0.4533333333333333 812 812 
0.5 0.5 0.46 883 883 
0.5 0.5 0.4666666666666667 833 833 
0.5 0.5 0.47333333333333333 811 811 
0.5 0.5 0.48 855 855 
0.5 0.5 0.4866666666666667 865 865 
0.5 0.5 0.49333333333333335 844 844 
0.5 0.5 0.5 832 832 
0.5 0.5 0.5066666666666667 862 862 
0.5 0.5 0.5133333333333333 791 791 
0.5 0.5 0.52 813 813 
0.5 0.5 0.5266666666666666 816 816 
0.5 0.5 0.5333333333333333 832 832 
0.5 0.5 0.54 844 844 
0.5 0.5 0.5466666666666666 858 858 
0.5 0.5 0.5533333333333333 816 816 
0.5 0.5 0.56 751 751 
0.5 0.5 0.5666666666666667 873 873 
0.5 0.5 0.5733333333333334 811 811 
0.5 0.5 0.58 811 811 
0.5 0.5 0.5866666666666667 782 782 
0.5 0.5 0.5933333333333334 872 872 
0.5 0.5 0.6 795 795 
0.5 0.5 0.6066666666666667 858 858 
0.5 0.5 0.6133333333333333 799 799 
0.5 0.5 0.62 834 834 
0.5 0.5 0.6266666666666667 843 843 
0.5 0.5 0.6333333333333333 808 808 
0.5 0.5 0.64 897 897 
0.5 0.5 0.6466666666666666 871 871 
0.5 0.5 0.6533333333333333 848 848 
0.5 0.5 0.66 858 858 
0.5 0.5 0.6666666666666666 914 914 
0.5 0.5 0.6733333333333333 869 869 
0.5 0.5 0.68 873 873 
0.5 0.5 0.6866666666666666 847 847 
0.5 0.5 0.6933333333333334 835 835 
0.5 0.5 0.7 880 880 
0.5 0.5 0.7066666666666667 797 797 
0.5 0.5 0.7133333333333334 861 861 
0.5 0.5 0.72 821 821 
0.5 0.5 0.7266666666666667 864 864 
0.5 0.5 0.7333333333333333 851 851 
0.5 0.5 0.74 838 838 
0.5 0.5 0.7466666666666667 804 804 
0.5 0.5 0.7533333333333333 814 814 
0.5 0.5 0.76 896 896 
0.5 0.5 0.7666666666666667 808 808 
0.5 0.5 0.7733333333333333 813 813 
0.5 0.5 0.78 832 832 
0.5 0.5 0.7866666666666666 856 856 
0.5 0.5 0.7933333333333333 817 817 
0.5 0.5 0.8 883 883 
0.5 0.5 0.8066666666666666 880 880 
0.5 0.5 0.8133333333333334 837 837 
0.5 0.5 0.82 800 800 
0.5 0.5 0.8266666666666667 780 780 
0.5 0.5 0.8333333333333334 826 826 
0.5 0.5 0.84 834 834 
0.5 0.5 0.8466666666666667 846 846 
0.5 0.5 0.8533333333333334 822 822 
0.5 0.5 0.86 840 840 
0.5 0.5 0.8666666666666667 832 832 
0.5 0.5 0.8733333333333333 818 818 
0.5 0.5 0.88 795 795 
0.5 0.5 0.8866666666666667 811 811 
0.5 0.5 0.8933333333333333 794 794 
0.5 0.5 0.9 843 843 
0.5 0.5 0.9066666666666666 810 810 
0.5 0.5 0.9133333333333333 842 842 
0.5 0.5 0.92 904 904 
0.5 0.5 0.9266666666666666 846 846 
0.5 0.5 0.9333333333333333 897 897 
0.5 0.5 0.94 786 786 
0.5 0.5 0.9466666666666667 906 906 
0.5 0.5 0.9533333333333334 766 766 
0.5 0.5 0.96 962 962 
0.5 0.5 0.9666666666666667 729 729 
0.5 0.5 0.9733333333333334 744 744 
0.5 0.5 0.98 1398 1398 
0.5 0.5 0.9866666666666667 0 0 
0.5 0.5 0.9933333333333333 0 0 
0.5 0.5066666666666667 0.0 0 0 
0.5 0.5066666666666667 0.006666666666666667 0 0 
0.5 0.5066666666666667 0.013333333333333334 1412 1412 
0.5 0.5066666666666667 0.02 703 703 
0.5 0.5066666666666667 0.02666666666666667 792 792 
0.5 0.5066666666666667 0.03333333333333333 950 950 
0.5 0.5066666666666667 0.04 790 790 
0.5 0.5066666666666667 0.04666666666666667 888 888 
0.5 0.5066666666666667 0.05333333333333334 865 865 
0.5 0.5066666666666667 0.06 857 857 
0.5 0.5066666666666667 0.06666666666666667 847 847 
0.5 0.5066666666666667 0.07333333333333333 820 820 
0.5 0.5066666666666667 0.08 824 824 
0.5 0.5066666666666667 0.08666666666666667 871 871 
0.5 0.5066666666666667 0.09333333333333334 841 841 
0.5 0.5066666666666667 0.1 866 866 
0.5 0.5066666666666667 0.10666666666666667 820 820 
0.5 0.5066666666666667 0.11333333333333333 843 843 
0.5 0.5066666666666667 0.12 858 858 
0.5 0.5066666666666667 0.12666666666666668 863 863 
0.5 0.5066666666666667 0.13333333333333333 881 881 
0.5 0.5066666666666667 0.14 765 765 
0.5 0.5066666666666667 0.14666666666666667 816 816 
0.5 0.5066666666666667 0.15333333333333332 845 845 
0.5 0.5066666666666667 0.16 797 797 
0.5 0.5066666666666667 0.16666666666666666 800 800 
0.5 0.5066666666666667 0.17333333333333334 837 837 
0.5 0.5066666666666667 0.18 834 834 
0.5 0.5066666666666667 0.18666666666666668 762 762 
0.5 0.5066666666666667 0.19333333333333333 869 869 
0.5 0.5066666666666667 0.2 839 839 
0.5 0.5066666666666667 0.20666666666666667 793 793 
0.5 0.5066666666666667 0.21333333333333335 837 837 
0.5 0.5066666666666667 0.22 828 828 
0.5 0.5066666666666667 0.22666666666666666 857 857 
0.5 0.5066666666666667 0.23333333333333334 847 847 
0.5 0.5066666666666667 0.24 788 788 
0.5 0.5066666666666667 0.24666666666666667 815 815 
0.5 0.5066666666666667 0.25333333333333335 844 844 
0.5 0.5066666666666667 0.26 810 810 
0.5 0.5066666666666667 0.26666666666666666 846 846 
0.5 0.5066666666666667 0.2733333333333333 772 772 
0.5 0.5066666666666667 0.28 822 822 
0.5 0.5066666666666667 0.2866666666666667 785 785 
0.5 0.5066666666666667 0.29333333333333333 797 797 
0.5 0.5066666666666667 0.3 817 817 
0.5 0.5066666666666667 0.30666666666666664 843 843 
0.5 0.5066666666666667 0.31333333333333335 840 840 
0.5 0.5066666666666667 0.32 845 845 
0.5 0.5066666666666667 0.32666666666666666 906 906 
0.5 0.5066666666666667 0.3333333333333333 824 824 
0.5 0.5066666666666667 0.34 828 828 
0.5 0.5066666666666667 0.3466666666666667 826 826 
0.5 0.5066666666666667 0.35333333333333333 847 847 
0.5 0.5066666666666667 0.36 835 835 
0.5 0.5066666666666667 0.36666666666666664 825 825 
0.5 0.5066666666666667 0.37333333333333335 848 848 
0.5 0.5066666666666667 0.38 793 793 
0.5 0.5066666666666667 0.38666666666666666 849 849 
0.5 0.5066666666666667 0.3933333333333333 850 850 
0.5 0.5066666666666667 0.4 838 838 
0.5 0.5066666666666667 0.4066666666666667 889 889 
0.5 0.5066666666666667 0.41333333333333333 794 794 
0.5 0.5066666666666667 0.42 845 845 
0.5 0.5066666666666667 0.4266666666666667 867 867 
0.5 0.5066666666666667 0.43333333333333335 823 823 
0.5 0.5066666666666667 0.44 854 854 
0.5 0.5066666666666667 0.44666666666666666 870 870 
0.5 0.5066666666666667 0.4533333333333333 823 823 
0.5 0.5066666666666667 0.46 813 813 
0.5 0.5066666666666667 0.4666666666666667 843 843 
0.5 0.5066666666666667 0.47333333333333333 828 828 
0.5 0.5066666666666667 0.48 838 838 
0.5 0.5066666666666667 0.4866666666666667 852 852 
0.5 0.5066666666666667 0.49333333333333335 844 844 
0.5 0.5066666666666667 0.5 821 821 
0.5 0.5066666666666667 0.5066666666666667 888 888 
0.5 0.5066666666666667 0.5133333333333333 804 804 
0.5 0.5066666666666667 0.52 823 823 
0.5 0.5066666666666667 0.5266666666666666 806 806 
0.5 0.5066666666666667 0.5333333333333333 799 799 
0.5 0.5066666666666667 0.54 866 866 
0.5 0.5066666666666667 0.5466666666666666 874 874 
0.5 0.5066666666666667 0.5533333333333333 818 818 
0.5 0.5066666666666667 0.56 818 818 
0.5 0.5066666666666667 0.5666666666666667 813 813 
0.5 0.5066666666666667 0.5733333333333334 839 839 
0.5 0.5066666666666667 0.58 789 789 
0.5 0.5066666666666667 0.5866666666666667 826 826 
0.5 0.5066666666666667 0.5933333333333334 834 834 
0.5 0.5066666666666667 0.6 849 849 
0.5 0.5066666666666667 0.6066666666666667 789 789 
0.5 0.5066666666666667 0.6133333333333333 809 809 
0.5 0.5066666666666667 0.62 867 867 
0.5 0.5066666666666667 0.6266666666666667 870 870 
0.5 0.5066666666666667 0.6333333333333333 847 847 
0.5 0.5066666666666667 0.64 778 778 
0.5 0.5066666666666667 0.6466666666666666 904 904 
0.5 0.5066666666666667 0.6533333333333333 845 845 
0.5 0.5066666666666667 0.66 867 867 
0.5 0.5066666666666667 0.6666666666666666 810 810 
0.5 0.5066666666666667 0.6733333333333333 877 877 
0.5 0.5066666666666667 0.68 818 818 
0.5 0.5066666666666667 0.6866666666666666 805 805 
0.5 0.5066666666666667 0.6933333333333334 803 803 
0.5 0.5066666666666667 0.7 781 781 
0.5 0.5066666666666667 0.7066666666666667 788 788 
0.5 0.5066666666666667 0.7133333333333334 827 827 
0.5 0.5066666666666667 0.72 837 837 
0.5 0.5066666666666667 0.7266666666666667 858 858 
0.5 0.5066666666666667 0.7333333333333333 862 862 
0.5 0.5066666666666667 0.74 835 835 
0.5 0.5066666666666667 0.7466666666666667 871 871 
0.5 0.5066666666666667 0.7533333333333333 854 854 
0.5 0.5066666666666667 0.76 851 851 
0.5 0.5066666666666667 0.7666666666666667 855 855 
0.5 0.5066666666666667 0.7733333333333333 861 861 
0.5 0.5066666666666667 0.78 816 816 
0.5 0.5066666666666667 0.7866666666666666 901 901 
0.5 0.5066666666666667 0.7933333333333333 815 815 
0.5 0.5066666666666667 0.8 836 836 
0.5 0.5066666666666667 0.8066666666666666 817 817 
0.5 0.5066666666666667 0.8133333333333334 884 884 
0.5 0.5066666666666667 0.82 870 870 
0.5 0.5066666666666667 0.8266666666666667 845 845 
0.5 0.5066666666666667 0.8333333333333334 870 870 
0.5 0.5066666666666667 0.84 785 785 
0.5 0.5066666666666667 0.8466666666666667 838 838 
0.5 0.5066666666666667 0.8533333333333334 833 833 
0.5 0.5066666666666667 0.86 879 879 
0.5 0.5066666666666667 0.8666666666666667 861 861 
0.5 0.5066666666666667 0.8733333333333333 883 883 
0.5 0.5066666666666667 0.88 837 837 
0.5 0.5066666666666667 0.8866666666666667 791 791 
0.5 0.5066666666666667 0.8933333333333333 857 857 
0.5 0.5066666666666667 0.9 820 820 
0.5 0.5066666666666667 0.9066666666666666 907 907 
0.5 0.5066666666666667 0.9133333333333333 850 850 
0.5 0.5066666666666667 0.92 894 894 
0.5 0.5066666666666667 0.9266666666666666 861 861 
0.5 0.5066666666666667 0.9333333333333333 814 814 
0.5 0.5066666666666667 0.94 879 879 
0.5 0.5066666666666667 0.9466666666666667 915 915 
0.5 0.5066666666666667 0.9533333333333334 787 787 
0.5 0.5066666666666667 0.96 1065 1065 
0.5 0.5066666666666667 0.9666666666666667 787 787 
0.5 0.5066666666666667 0.9733333333333334 682 682 
0.5 0.5066666666666667 0.98 1341 1341 
0.5 0.5066666666666667 0.9866666666666667 0 0 
0.5 0.5066666666666667 0.9933333333333333 0 0 
0.5 0.5133333333333333 0.0 0 0 
0.5 0.5133333333333333 0.006666666666666667 0 0 
0.5 0.5133333333333333 0.013333333333333334 1339 1339 
0.5 0.5133333333333333 0.02 683 683 
0.5 0.5133333333333333 0.02666666666666667 788 788 
0.5 0.5133333333333333 0.03333333333333333 980 980 
0.5 0.5133333333333333 0.04 786 786 
0.5 0.5133333333333333 0.04666666666666667 899 899 
0.5 0.5133333333333333 0.05333333333333334 829 829 
0.5 0.5133333333333333 0.06 846 846 
0.5 0.5133333333333333 0.06666666666666667 841 841 
0.5 0.5133333333333333 0.07333333333333333 844 844 
0.5 0.5133333333333333 0.08 814 814 
0.5 0.5133333333333333 0.08666666666666667 844 844 
0.5 0.5133333333333333 0.09333333333333334 901 901 
0.5 0.5133333333333333 0.1 835 835 
0.5 0.5133333333333333 0.10666666666666667 856 856 
0.5 0.5133333333333333 0.11333333333333333 888 888 
0.5 0.5133333333333333 0.12 819 819 
0.5 0.5133333333333333 0.12666666666666668 834 834 
0.5 0.5133333333333333 0.13333333333333333 868 868 
0.5 0.5133333333333333 0.14 860 860 
0.5 0.5133333333333333 0.14666666666666667 842 842 
0.5 0.5133333333333333 0.15333333333333332 845 845 
0.5 0.5133333333333333 0.16 789 789 
0.5 0.5133333333333333 0.16666666666666666 884 884 
0.5 0.5133333333333333 0.17333333333333334 829 829 
0.5 0.5133333333333333 0.18 754 754 
0.5 0.5133333333333333 0.18666666666666668 792 792 
0.5 0.5133333333333333 0.19333333333333333 856 856 
0.5 0.5133333333333333 0.2 823 823 
0.5 0.5133333333333333 0.20666666666666667 841 841 
0.5 0.5133333333333333 0.21333333333333335 835 835 
0.5 0.5133333333333333 0.22 830 830 
0.5 0.5133333333333333 0.22666666666666666 870 870 
0.5 0.5133333333333333 0.23333333333333334 776 776 
0.5 0.5133333333333333 0.24 851 851 
0.5 0.5133333333333333 0.24666666666666667 801 801 
0.5 0.5133333333333333 0.25333333333333335 794 794 
0.5 0.5133333333333333 0.26 825 825 
0.5 0.5133333333333333 0.26666666666666666 849 849 
0.5 0.5133333333333333 0.2733333333333333 834 834 
0.5 0.5133333333333333 0.28 813 813 
0.5 0.5133333333333333 0.2866666666666667 800 800 
0.5 0.5133333333333333 0.29333333333333333 820 820 
0.5 0.5133333333333333 0.3 845 845 
0.5 0.5133333333333333 0.30666666666666664 880 880 
0.5 0.5133333333333333 0.31333333333333335 845 845 
0.5 0.5133333333333333 0.32 764 764 
0.5 0.5133333333333333 0.32666666666666666 828 828 
0.5 0.5133333333333333 0.3333333333333333 899 899 
0.5 0.5133333333333333 0.34 853 853 
0.5 0.5133333333333333 0.3466666666666667 860 860 
0.5 0.5133333333333333 0.35333333333333333 812 812 
0.5 0.5133333333333333 0.36 786 786 
0.5 0.5133333333333333 0.36666666666666664 843 843 
0.5 0.5133333333333333 0.37333333333333335 811 811 
0.5 0.5133333333333333 0.38 850 850 
0.5 0.5133333333333333 0.38666666666666666 797 797 
0.5 0.5133333333333333 0.3933333333333333 849 849 
0.5 0.5133333333333333 0.4 868 868 
0.5 0.5133333333333333 0.4066666666666667 818 818 
0.5 0.5133333333333333 0.41333333333333333 854 854 
0.5 0.5133333333333333 0.42 832 832 
0.5 0.5133333333333333 0.4266666666666667 888 888 
0.5 0.5133333333333333 0.43333333333333335 853 853 
0.5 0.5133333333333333 0.44 884 884 
0.5 0.5133333333333333 0.44666666666666666 848 848 
0.5 0.5133333333333333 0.4533333333333333 827 827 
0.5 0.5133333333333333 0.46 869 869 
0.5 0.5133333333333333 0.4666666666666667 805 805 
0.5 0.5133333333333333 0.47333333333333333 851 851 
0.5 0.5133333333333333 0.48 849 849 
0.5 0.5133333333333333 0.4866666666666667 862 862 
0.5 0.5133333333333333 0.49333333333333335 834 834 
0.5 0.5133333333333333 0.5 868 868 
0.5 0.5133333333333333 0.5066666666666667 833 833 
0.5 0.5133333333333333 0.5133333333333333 836 836 
0.5 0.5133333333333333 0.52 866 866 
0.5 0.5133333333333333 0.5266666666666666 873 873 
0.5 0.5133333333333333 0.5333333333333333 830 830 
0.5 0.5133333333333333 0.54 847 847 
0.5 0.5133333333333333 0.5466666666666666 827 827 
0.5 0.5133333333333333 0.5533333333333333 824 824 
0.5 0.5133333333333333 0.56 862 862 
0.5 0.5133333333333333 0.5666666666666667 818 818 
0.5 0.5133333333333333 0.5733333333333334 829 829 
0.5 0.5133333333333333 0.58 809 809 
0.5 0.5133333333333333 0.5866666666666667 808 808 
0.5 0.5133333333333333 0.5933333333333334 816 816 
0.5 0.5133333333333333 0.6 796 796 
0.5 0.5133333333333333 0.6066666666666667 784 784 
0.5 0.5133333333333333 0.6133333333333333 797 797 
0.5 0.5133333333333333 0.62 837 837 
0.5 0.5133333333333333 0.6266666666666667 844 844 
0.5 0.5133333333333333 0.6333333333333333 828 828 
0.5 0.5133333333333333 0.64 807 807 
0.5 0.5133333333333333 0.6466666666666666 849 849 
0.5 0.5133333333333333 0.6533333333333333 840 840 
0.5 0.5133333333333333 0.66 858 858 
0.5 0.5133333333333333 0.6666666666666666 794 794 
0.5 0.5133333333333333 0.6733333333333333 807 807 
0.5 0.5133333333333333 0.68 829 829 
0.5 0.5133333333333333 0.6866666666666666 837 837 
0.5 0.5133333333333333 0.6933333333333334 864 864 
0.5 0.5133333333333333 0.7 888 888 
0.5 0.5133333333333333 0.7066666666666667 886 886 
0.5 0.5133333333333333 0.7133333333333334 875 875 
0.5 0.5133333333333333 0.72 835 835 
0.5 0.5133333333333333 0.7266666666666667 823 823 
0.5 0.5133333333333333 0.7333333333333333 845 845 
0.5 0.5133333333333333 0.74 860 860 
0.5 0.5133333333333333 0.7466666666666667 826 826 
0.5 0.5133333333333333 0.7533333333333333 824 824 
0.5 0.5133333333333333 0.76 858 858 
0.5 0.5133333333333333 0.7666666666666667 827 827 
0.5 0.5133333333333333 0.7733333333333333 862 862 
0.5 0.5133333333333333 0.78 863 863 
0.5 0.5133333333333333 0.7866666666666666 850 850 
0.5 0.5133333333333333 0.7933333333333333 897 897 
0.5 0.5133333333333333 0.8 796 796 
0.5 0.5133333333333333 0.8066666666666666 890 890 
0.5 0.5133333333333333 0.8133333333333334 797 797 
0.5 0.5133333333333333 0.82 827 827 
0.5 0.5133333333333333 0.8266666666666667 824 824 
0.5 0.5133333333333333 0.8333333333333334 828 828 
0.5 0.5133333333333333 0.84 811 811 
0.5 0.5133333333333333 0.8466666666666667 845 845 
0.5 0.5133333333333333 0.8533333333333334 807 807 
0.5 0.5133333333333333 0.86 782 782 
0.5 0.5133333333333333 0.8666666666666667 818 818 
0.5 0.5133333333333333 0.8733333333333333 819 819 
0.5 0.5133333333333333 0.88 826 826 
0.5 0.5133333333333333 0.8866666666666667 863 863 
0.5 0.5133333333333333 0.8933333333333333 847 847 
0.5 0.5133333333333333 0.9 811 811 
0.5 0.5133333333333333 0.9066666666666666 851 851 
0.5 0.5133333333333333 0.9133333333333333 814 814 
0.5 0.5133333333333333 0.92 838 838 
0.5 0.5133333333333333 0.9266666666666666 874 874 
0.5 0.5133333333333333 0.9333333333333333 863 863 
0.5 0.5133333333333333 0.94 818 818 
0.5 0.5133333333333333 0.9466666666666667 916 916 
0.5 0.5133333333333333 0.9533333333333334 758 758 
0.5 0.5133333333333333 0.96 1030 1030 
0.5 0.5133333333333333 0.9666666666666667 781 781 
0.5 0.5133333333333333 0.9733333333333334 748 748 
0.5 0.5133333333333333 0.98 1380 1380 
0.5 0.5133333333333333 0.9866666666666667 0 0 
0.5 0.5133333333333333 0.9933333333333333 0 0 
0.5 0.52 0.0 0 0 
0.5 0.52 0.006666666666666667 0 0 
0.5 0.52 0.013333333333333334 1400 1400 
0.5 0.52 0.02 674 674 
0.5 0.52 0.02666666666666667 711 711 
0.5 0.52 0.03333333333333333 943 943 
0.5 0.52 0.04 731 731 
0.5 0.52 0.04666666666666667 935 935 
0.5 0.52 0.05333333333333334 824 824 
0.5 0.52 0.06 878 878 
0.5 0.52 0.06666666666666667 812 812 
0.5 0.52 0.07333333333333333 833 833 
0.5 0.52 0.08 860 860 
0.5 0.52 0.08666666666666667 832 832 
0.5 0.52 0.09333333333333334 800 800 
0.5 0.52 0.1 877 877 
0.5 0.52 0.10666666666666667 890 890 
0.5 0.52 0.11333333333333333 829 829 
0.5 0.52 0.12 849 849 
0.5 0.52 0.12666666666666668 822 822 
0.5 0.52 0.13333333333333333 811 811 
0.5 0.52 0.14 861 861 
0.5 0.52 0.14666666666666667 827 827 
0.5 0.52 0.15333333333333332 894 894 
0.5 0.52 0.16 832 832 
0.5 0.52 0.16666666666666666 809 809 
0.5 0.52 0.17333333333333334 817 817 
0.5 0.52 0.18 842 842 
0.5 0.52 0.18666666666666668 866 866 
0.5 0.52 0.19333333333333333 823 823 
0.5 0.52 0.2 802 802 
0.5 0.52 0.20666666666666667 831 831 
0.5 0.52 0.21333333333333335 803 803 
0.5 0.52 0.22 866 866 
0.5 0.52 0.22666666666666666 800 800 
0.5 0.52 0.23333333333333334 859 859 
0.5 0.52 0.24 846 846 
0.5 0.52 0.24666666666666667 834 834 
0.5 0.52 0.25333333333333335 863 863 
0.5 0.52 0.26 836 836 
0.5 0.52 0.26666666666666666 843 843 
0.5 0.52 0.2733333333333333 823 823 
0.5 0.52 0.28 820 820 
0.5 0.52 0.2866666666666667 853 853 
0.5 0.52 0.29333333333333333 771 771 
0.5 0.52 0.3 788 788 
0.5 0.52 0.30666666666666664 852 852 
0.5 0.52 0.31333333333333335 817 817 
0.5 0.52 0.32 793 793 
0.5 0.52 0.32666666666666666 824 824 
0.5 0.52 0.3333333333333333 855 855 
0.5 0.52 0.34 795 795 
0.5 0.52 0.3466666666666667 811 811 
0.5 0.52 0.35333333333333333 816 816 
0.5 0.52 0.36 819 819 
0.5 0.52 0.36666666666666664 838 838 
0.5 0.52 0.37333333333333335 857 857 
0.5 0.52 0.38 819 819 
0.5 0.52 0.38666666666666666 836 836 
0.5 0.52 0.3933333333333333 795 795 
0.5 0.52 0.4 806 806 
0.5 0.52 0.4066666666666667 840 840 
0.5 0.52 0.41333333333333333 856 856 
0.5 0.52 0.42 861 861 
0.5 0.52 0.4266666666666667 930 930 
0.5 0.52 0.43333333333333335 824 824 
0.5 0.52 0.44 836 836 
0.5 0.52 0.44666666666666666 816 816 
0.5 0.52 0.4533333333333333 841 841 
0.5 0.52 0.46 832 832 
0.5 0.52 0.4666666666666667 872 872 
0.5 0.52 0.47333333333333333 818 818 
0.5 0.52 0.48 832 832 
0.5 0.52 0.4866666666666667 816 816 
0.5 0.52 0.49333333333333335 897 897 
0.5 0.52 0.5 838 838 
0.5 0.52 0.5066666666666667 843 843 
0.5 0.52 0.5133333333333333 818 818 
0.5 0.52 0.52 877 877 
0.5 0.52 0.5266666666666666 793 793 
0.5 0.52 0.5333333333333333 865 865 
0.5 0.52 0.54 829 829 
0.5 0.52 0.5466666666666666 839 839 
0.5 0.52 0.5533333333333333 796 796 
0.5 0.52 0.56 833 833 
0.5 0.52 0.5666666666666667 787 787 
0.5 0.52 0.5733333333333334 897 897 
0.5 0.52 0.58 826 826 
0.5 0.52 0.5866666666666667 873 873 
0.5 0.52 0.5933333333333334 802 802 
0.5 0.52 0.6 837 837 
0.5 0.52 0.6066666666666667 802 802 
0.5 0.52 0.6133333333333333 838 838 
0.5 0.52 0.62 854 854 
0.5 0.52 0.6266666666666667 872 872 
0.5 0.52 0.6333333333333333 812 812 
0.5 0.52 0.64 878 878 
0.5 0.52 0.6466666666666666 862 862 
0.5 0.52 0.6533333333333333 842 842 
0.5 0.52 0.66 823 823 
0.5 0.52 0.6666666666666666 872 872 
0.5 0.52 0.6733333333333333 832 832 
0.5 0.52 0.68 830 830 
0.5 0.52 0.6866666666666666 837 837 
0.5 0.52 0.6933333333333334 854 854 
0.5 0.52 0.7 798 798 
0.5 0.52 0.7066666666666667 806 806 
0.5 0.52 0.7133333333333334 825 825 
0.5 0.52 0.72 790 790 
0.5 0.52 0.7266666666666667 792 792 
0.5 0.52 0.7333333333333333 813 813 
0.5 0.52 0.74 828 828 
0.5 0.52 0.7466666666666667 866 866 
0.5 0.52 0.7533333333333333 836 836 
0.5 0.52 0.76 823 823 
0.5 0.52 0.7666666666666667 823 823 
0.5 0.52 0.7733333333333333 858 858 
0.5 0.52 0.78 862 862 
0.5 0.52 0.7866666666666666 810 810 
0.5 0.52 0.7933333333333333 846 846 
0.5 0.52 0.8 817 817 
0.5 0.52 0.8066666666666666 807 807 
0.5 0.52 0.8133333333333334 821 821 
0.5 0.52 0.82 834 834 
0.5 0.52 0.8266666666666667 868 868 
0.5 0.52 0.8333333333333334 818 818 
0.5 0.52 0.84 860 860 
0.5 0.52 0.8466666666666667 818 818 
0.5 0.52 0.8533333333333334 883 883 
0.5 0.52 0.86 794 794 
0.5 0.52 0.8666666666666667 884 884 
0.5 0.52 0.8733333333333333 874 874 
0.5 0.52 0.88 870 870 
0.5 0.52 0.8866666666666667 895 895 
0.5 0.52 0.8933333333333333 887 887 
0.5 0.52 0.9 860 860 
0.5 0.52 0.9066666666666666 846 846 
0.5 0.52 0.9133333333333333 913 913 
0.5 0.52 0.92 872 872 
0.5 0.52 0.9266666666666666 848 848 
0.5 0.52 0.9333333333333333 853 853 
0.5 0.52 0.94 886 886 
0.5 0.52 0.9466666666666667 946 946 
0.5 0.52 0.9533333333333334 797 797 
0.5 0.52 0.96 996 996 
0.5 0.52 0.9666666666666667 719 719 
0.5 0.52 0.9733333333333334 736 736 
0.5 0.52 0.98 1364 1364 
0.5 0.52 0.9866666666666667 0 0 
0.5 0.52 0.9933333333333333 0 0 
0.5 0.5266666666666666 0.0 0 0 
0.5 0.5266666666666666 0.006666666666666667 0 0 
0.5 0.5266666666666666 0.013333333333333334 1301 1301 
0.5 0.5266666666666666 0.02 711 711 
0.5 0.5266666666666666 0.02666666666666667 754 754 
0.5 0.5266666666666666 0.03333333333333333 992 992 
0.5 0.5266666666666666 0.04 772 772 
0.5 0.5266666666666666 0.04666666666666667 854 854 
0.5 0.5266666666666666 0.05333333333333334 823 823 
0.5 0.5266666666666666 0.06 844 844 
0.5 0.5266666666666666 0.06666666666666667 844 844 
0.5 0.5266666666666666 0.07333333333333333 905 905 
0.5 0.5266666666666666 0.08 824 824 
0.5 0.5266666666666666 0.08666666666666667 819 819 
0.5 0.5266666666666666 0.09333333333333334 867 867 
0.5 0.5266666666666666 0.1 786 786 
0.5 0.5266666666666666 0.10666666666666667 856 856 
0.5 0.5266666666666666 0.11333333333333333 866 866 
0.5 0.5266666666666666 0.12 834 834 
0.5 0.5266666666666666 0.12666666666666668 791 791 
0.5 0.5266666666666666 0.13333333333333333 901 901 
0.5 0.5266666666666666 0.14 872 872 
0.5 0.5266666666666666 0.14666666666666667 876 876 
0.5 0.5266666666666666 0.15333333333333332 814 814 
0.5 0.5266666666666666 0.16 855 855 
0.5 0.5266666666666666 0.16666666666666666 837 837 
0.5 0.5266666666666666 0.17333333333333334 921 921 
0.5 0.5266666666666666 0.18 871 871 
0.5 0.5266666666666666 0.18666666666666668 796 796 
0.5 0.5266666666666666 0.19333333333333333 803 803 
0.5 0.5266666666666666 0.2 879 879 
0.5 0.5266666666666666 0.20666666666666667 808 808 
0.5 0.5266666666666666 0.21333333333333335 796 796 
0.5 0.5266666666666666 0.22 821 821 
0.5 0.5266666666666666 0.22666666666666666 831 831 
0.5 0.5266666666666666 0.23333333333333334 786 786 
0.5 0.5266666666666666 0.24 809 809 
0.5 0.5266666666666666 0.24666666666666667 861 861 
0.5 0.5266666666666666 0.25333333333333335 850 850 
0.5 0.5266666666666666 0.26 834 834 
0.5 0.5266666666666666 0.26666666666666666 824 824 
0.5 0.5266666666666666 0.2733333333333333 870 870 
0.5 0.5266666666666666 0.28 816 816 
0.5 0.5266666666666666 0.2866666666666667 860 860 
0.5 0.5266666666666666 0.29333333333333333 848 848 
0.5 0.5266666666666666 0.3 820 820 
0.5 0.5266666666666666 0.30666666666666664 796 796 
0.5 0.5266666666666666 0.31333333333333335 797 797 
0.5 0.5266666666666666 0.32 770 770 
0.5 0.5266666666666666 0.32666666666666666 860 860 
0.5 0.5266666666666666 0.3333333333333333 777 777 
0.5 0.5266666666666666 0.34 875 875 
0.5 0.5266666666666666 0.3466666666666667 797 797 
0.5 0.5266666666666666 0.35333333333333333 802 802 
0.5 0.5266666666666666 0.36 794 794 
0.5 0.5266666666666666 0.36666666666666664 833 833 
0.5 0.5266666666666666 0.37333333333333335 816 816 
0.5 0.5266666666666666 0.38 794 794 
0.5 0.5266666666666666 0.38666666666666666 895 895 
0.5 0.5266666666666666 0.3933333333333333 844 844 
0.5 0.5266666666666666 0.4 815 815 
0.5 0.5266666666666666 0.4066666666666667 890 890 
0.5 0.5266666666666666 0.41333333333333333 843 843 
0.5 0.5266666666666666 0.42 859 859 
0.5 0.5266666666666666 0.4266666666666667 823 823 
0.5 0.5266666666666666 0.43333333333333335 792 792 
0.5 0.5266666666666666 0.44 864 864 
0.5 0.5266666666666666 0.44666666666666666 852 852 
0.5 0.5266666666666666 0.4533333333333333 893 893 
0.5 0.5266666666666666 0.46 805 805 
0.5 0.5266666666666666 0.4666666666666667 854 854 
0.5 0.5266666666666666 0.47333333333333333 855 855 
0.5 0.5266666666666666 0.48 826 826 
0.5 0.5266666666666666 0.4866666666666667 830 830 
0.5 0.5266666666666666 0.49333333333333335 837 837 
0.5 0.5266666666666666 0.5 872 872 
0.5 0.5266666666666666 0.5066666666666667 878 878 
0.5 0.5266666666666666 0.5133333333333333 824 824 
0.5 0.5266666666666666 0.52 881 881 
0.5 0.5266666666666666 0.5266666666666666 909 909 
0.5 0.5266666666666666 0.5333333333333333 814 814 
0.5 0.5266666666666666 0.54 861 861 
0.5 0.5266666666666666 0.5466666666666666 827 827 
0.5 0.5266666666666666 0.5533333333333333 837 837 
0.5 0.5266666666666666 0.56 816 816 
0.5 0.5266666666666666 0.5666666666666667 832 832 
0.5 0.5266666666666666 0.5733333333333334 837 837 
0.5 0.5266666666666666 0.58 840 840 
0.5 0.5266666666666666 0.5866666666666667 900 900 
0.5 0.5266666666666666 0.5933333333333334 830 830 
0.5 0.5266666666666666 0.6 861 861 
0.5 0.5266666666666666 0.6066666666666667 811 811 
0.5 0.5266666666666666 0.6133333333333333 844 844 
0.5 0.5266666666666666 0.62 862 862 
0.5 0.5266666666666666 0.6266666666666667 855 855 
0.5 0.5266666666666666 0.6333333333333333 826 826 
0.5 0.5266666666666666 0.64 841 841 
0.5 0.5266666666666666 0.6466666666666666 861 861 
0.5 0.5266666666666666 0.6533333333333333 827 827 
0.5 0.5266666666666666 0.66 770 770 
0.5 0.5266666666666666 0.6666666666666666 867 867 
0.5 0.5266666666666666 0.6733333333333333 814 814 
0.5 0.5266666666666666 0.68 783 783 
0.5 0.5266666666666666 0.6866666666666666 825 825 
0.5 0.5266666666666666 0.6933333333333334 782 782 
0.5 0.5266666666666666 0.7 852 852 
0.5 0.5266666666666666 0.7066666666666667 788 788 
0.5 0.5266666666666666 0.7133333333333334 783 783 
0.5 0.5266666666666666 0.72 853 853 
0.5 0.5266666666666666 0.7266666666666667 859 859 
0.5 0.5266666666666666 0.7333333333333333 846 846 
0.5 0.5266666666666666 0.74 895 895 
0.5 0.5266666666666666 0.7466666666666667 800 800 
0.5 0.5266666666666666 0.7533333333333333 863 863 
0.5 0.5266666666666666 0.76 852 852 
0.5 0.5266666666666666 0.7666666666666667 866 866 
0.5 0.5266666666666666 0.7733333333333333 812 812 
0.5 0.5266666666666666 0.78 885 885 
0.5 0.5266666666666666 0.7866666666666666 851 851 
0.5 0.5266666666666666 0.7933333333333333 816 816 
0.5 0.5266666666666666 0.8 934 934 
0.5 0.5266666666666666 0.8066666666666666 797 797 
0.5 0.5266666666666666 0.8133333333333334 844 844 
0.5 0.5266666666666666 0.82 801 801 
0.5 0.5266666666666666 0.8266666666666667 825 825 
0.5 0.5266666666666666 0.8333333333333334 832 832 
0.5 0.5266666666666666 0.84 820 820 
0.5 0.5266666666666666 0.8466666666666667 889 889 
0.5 0.5266666666666666 0.8533333333333334 811 811 
0.5 0.5266666666666666 0.86 820 820 
0.5 0.5266666666666666 0.8666666666666667 817 817 
0.5 0.5266666666666666 0.8733333333333333 881 881 
0.5 0.5266666666666666 0.88 881 881 
0.5 0.5266666666666666 0.8866666666666667 880 880 
0.5 0.5266666666666666 0.8933333333333333 876 876 
0.5 0.5266666666666666 0.9 876 876 
0.5 0.5266666666666666 0.9066666666666666 837 837 
0.5 0.5266666666666666 0.9133333333333333 854 854 
0.5 0.5266666666666666 0.92 856 856 
0.5 0.5266666666666666 0.9266666666666666 909 909 
0.5 0.5266666666666666 0.9333333333333333 906 906 
0.5 0.5266666666666666 0.94 868 868 
0.5 0.5266666666666666 0.9466666666666667 882 882 
0.5 0.5266666666666666 0.9533333333333334 766 766 
0.5 0.5266666666666666 0.96 1032 1032 
0.5 0.5266666666666666 0.9666666666666667 758 758 
0.5 0.5266666666666666 0.9733333333333334 738 738 
0.5 0.5266666666666666 0.98 1355 1355 
0.5 0.5266666666666666 0.9866666666666667 0 0 
0.5 0.5266666666666666 0.9933333333333333 0 0 
0.5 0.5333333333333333 0.0 0 0 
0.5 0.5333333333333333 0.006666666666666667 0 0 
0.5 0.5333333333333333 0.013333333333333334 1400 1400 
0.5 0.5333333333333333 0.02 692 692 
0.5 0.5333333333333333 0.02666666666666667 747 747 
0.5 0.5333333333333333 0.03333333333333333 947 947 
0.5 0.5333333333333333 0.04 729 729 
0.5 0.5333333333333333 0.04666666666666667 885 885 
0.5 0.5333333333333333 0.05333333333333334 778 778 
0.5 0.5333333333333333 0.06 804 804 
0.5 0.5333333333333333 0.06666666666666667 821 821 
0.5 0.5333333333333333 0.07333333333333333 796 796 
0.5 0.5333333333333333 0.08 819 819 
0.5 0.5333333333333333 0.08666666666666667 762 762 
0.5 0.5333333333333333 0.09333333333333334 822 822 
0.5 0.5333333333333333 0.1 825 825 
0.5 0.5333333333333333 0.10666666666666667 853 853 
0.5 0.5333333333333333 0.11333333333333333 870 870 
0.5 0.5333333333333333 0.12 811 811 
0.5 0.5333333333333333 0.12666666666666668 844 844 
0.5 0.5333333333333333 0.13333333333333333 854 854 
0.5 0.5333333333333333 0.14 790 790 
0.5 0.5333333333333333 0.14666666666666667 853 853 
0.5 0.5333333333333333 0.15333333333333332 898 898 
0.5 0.5333333333333333 0.16 856 856 
0.5 0.5333333333333333 0.16666666666666666 870 870 
0.5 0.5333333333333333 0.17333333333333334 805 805 
0.5 0.5333333333333333 0.18 810 810 
0.5 0.5333333333333333 0.18666666666666668 850 850 
0.5 0.5333333333333333 0.19333333333333333 877 877 
0.5 0.5333333333333333 0.2 849 849 
0.5 0.5333333333333333 0.20666666666666667 870 870 
0.5 0.5333333333333333 0.21333333333333335 815 815 
0.5 0.5333333333333333 0.22 890 890 
0.5 0.5333333333333333 0.22666666666666666 840 840 
0.5 0.5333333333333333 0.23333333333333334 824 824 
0.5 0.5333333333333333 0.24 847 847 
0.5 0.5333333333333333 0.24666666666666667 813 813 
0.5 0.5333333333333333 0.25333333333333335 806 806 
0.5 0.5333333333333333 0.26 809 809 
0.5 0.5333333333333333 0.26666666666666666 831 831 
0.5 0.5333333333333333 0.2733333333333333 858 858 
0.5 0.5333333333333333 0.28 854 854 
0.5 0.5333333333333333 0.2866666666666667 849 849 
0.5 0.5333333333333333 0.29333333333333333 799 799 
0.5 0.5333333333333333 0.3 844 844 
0.5 0.5333333333333333 0.30666666666666664 845 845 
0.5 0.5333333333333333 0.31333333333333335 789 789 
0.5 0.5333333333333333 0.32 879 879 
0.5 0.5333333333333333 0.32666666666666666 790 790 
0.5 0.5333333333333333 0.3333333333333333 830 830 
0.5 0.5333333333333333 0.34 806 806 
0.5 0.5333333333333333 0.3466666666666667 854 854 
0.5 0.5333333333333333 0.35333333333333333 795 795 
0.5 0.5333333333333333 0.36 782 782 
0.5 0.5333333333333333 0.36666666666666664 879 879 
0.5 0.5333333333333333 0.37333333333333335 847 847 
0.5 0.5333333333333333 0.38 804 804 
0.5 0.5333333333333333 0.38666666666666666 834 834 
0.5 0.5333333333333333 0.3933333333333333 838 838 
0.5 0.5333333333333333 0.4 836 836 
0.5 0.5333333333333333 0.4066666666666667 822 822 
0.5 0.5333333333333333 0.41333333333333333 795 795 
0.5 0.5333333333333333 0.42 779 779 
0.5 0.5333333333333333 0.4266666666666667 824 824 
0.5 0.5333333333333333 0.43333333333333335 886 886 
0.5 0.5333333333333333 0.44 802 802 
0.5 0.5333333333333333 0.44666666666666666 843 843 
0.5 0.5333333333333333 0.4533333333333333 864 864 
0.5 0.5333333333333333 0.46 851 851 
0.5 0.5333333333333333 0.4666666666666667 857 857 
0.5 0.5333333333333333 0.47333333333333333 833 833 
0.5 0.5333333333333333 0.48 812 812 
0.5 0.5333333333333333 0.4866666666666667 835 835 
0.5 0.5333333333333333 0.49333333333333335 852 852 
0.5 0.5333333333333333 0.5 866 866 
0.5 0.5333333333333333 0.5066666666666667 815 815 
0.5 0.5333333333333333 0.5133333333333333 851 851 
0.5 0.5333333333333333 0.52 812 812 
0.5 0.5333333333333333 0.5266666666666666 822 822 
0.5 0.5333333333333333 0.5333333333333333 831 831 
0.5 0.5333333333333333 0.54 838 838 
0.5 0.5333333333333333 0.5466666666666666 861 861 
0.5 0.5333333333333333 0.5533333333333333 768 768 
0.5 0.5333333333333333 0.56 807 807 
0.5 0.5333333333333333 0.5666666666666667 863 863 
0.5 0.5333333333333333 0.5733333333333334 786 786 
0.5 0.5333333333333333 0.58 838 838 
0.5 0.5333333333333333 0.5866666666666667 843 843 
0.5 0.5333333333333333 0.5933333333333334 813 813 
0.5 0.5333333333333333 0.6 823 823 
0.5 0.5333333333333333 0.6066666666666667 846 846 
0.5 0.5333333333333333 0.6133333333333333 852 852 
0.5 0.5333333333333333 0.62 859 859 
0.5 0.5333333333333333 0.6266666666666667 816 816 
0.5 0.5333333333333333 0.6333333333333333 828 828 
0.5 0.5333333333333333 0.64 830 830 
0.5 0.5333333333333333 0.6466666666666666 865 865 
0.5 0.5333333333333333 0.6533333333333333 799 799 
0.5 0.5333333333333333 0.66 864 864 
0.5 0.5333333333333333 0.6666666666666666 853 853 
0.5 0.5333333333333333 0.6733333333333333 848 848 
0.5 0.5333333333333333 0.68 852 852 
0.5 0.5333333333333333 0.6866666666666666 798 798 
0.5 0.5333333333333333 0.6933333333333334 822 822 
0.5 0.5333333333333333 0.7 825 825 
0.5 0.5333333333333333 0.7066666666666667 757 757 
0.5 0.5333333333333333 0.7133333333333334 805 805 
0.5 0.5333333333333333 0.72 798 798 
0.5 0.5333333333333333 0.7266666666666667 838 838 
0.5 0.5333333333333333 0.7333333333333333 811 811 
0.5 0.5333333333333333 0.74 785 785 
0.5 0.5333333333333333 0.7466666666666667 869 869 
0.5 0.5333333333333333 0.7533333333333333 813 813 
0.5 0.5333333333333333 0.76 886 886 
0.5 0.5333333333333333 0.7666666666666667 862 862 
0.5 0.5333333333333333 0.7733333333333333 847 847 
0.5 0.5333333333333333 0.78 831 831 
0.5 0.5333333333333333 0.7866666666666666 805 805 
0.5 0.5333333333333333 0.7933333333333333 809 809 
0.5 0.5333333333333333 0.8 837 837 
0.5 0.5333333333333333 0.8066666666666666 824 824 
0.5 0.5333333333333333 0.8133333333333334 816 816 
0.5 0.5333333333333333 0.82 822 822 
0.5 0.5333333333333333 0.8266666666666667 826 826 
0.5 0.5333333333333333 0.8333333333333334 904 904 
0.5 0.5333333333333333 0.84 820 820 
0.5 0.5333333333333333 0.8466666666666667 816 816 
0.5 0.5333333333333333 0.8533333333333334 797 797 
0.5 0.5333333333333333 0.86 846 846 
0.5 0.5333333333333333 0.8666666666666667 885 885 
0.5 0.5333333333333333 0.8733333333333333 857 857 
0.5 0.5333333333333333 0.88 827 827 
0.5 0.5333333333333333 0.8866666666666667 818 818 
0.5 0.5333333333333333 0.8933333333333333 868 868 
0.5 0.5333333333333333 0.9 884 884 
0.5 0.5333333333333333 0.9066666666666666 873 873 
0.5 0.5333333333333333 0.9133333333333333 887 887 
0.5 0.5333333333333333 0.92 852 852 
0.5 0.5333333333333333 0.9266666666666666 868 868 
0.5 0.5333333333333333 0.9333333333333333 853 853 
0.5 0.5333333333333333 0.94 820 820 
0.5 0.5333333333333333 0.9466666666666667 910 910 
0.5 0.5333333333333333 0.9533333333333334 789 789 
0.5 0.5333333333333333 0.96 994 994 
0.5 0.5333333333333333 0.9666666666666667 736 736 
0.5 0.5333333333333333 0.9733333333333334 674 674 
0.5 0.5333333333333333 0.98 1373 1373 
0.5 0.5333333333333333 0.9866666666666667 0 0 
0.5 0.5333333333333333 0.9933333333333333 0 0 
0.5 0.54 0.0 0 0 
0.5 0.54 0.006666666666666667 0 0 
0.5 0.54 0.013333333333333334 1245 1245 
0.5 0.54 0.02 695 695 
0.5 0.54 0.02666666666666667 767 767 
0.5 0.54 0.03333333333333333 978 978 
0.5 0.54 0.04 782 782 
0.5 0.54 0.04666666666666667 896 896 
0.5 0.54 0.05333333333333334 770 770 
0.5 0.54 0.06 866 866 
0.5 0.54 0.06666666666666667 877 877 
0.5 0.54 0.07333333333333333 842 842 
0.5 0.54 0.08 800 800 
0.5 0.54 0.08666666666666667 840 840 
0.5 0.54 0.09333333333333334 837 837 
0.5 0.54 0.1 849 849 
0.5 0.54 0.10666666666666667 831 831 
0.5 0.54 0.11333333333333333 885 885 
0.5 0.54 0.12 895 895 
0.5 0.54 0.12666666666666668 789 789 
0.5 0.54 0.13333333333333333 810 810 
0.5 0.54 0.14 882 882 
0.5 0.54 0.14666666666666667 868 868 
0.5 0.54 0.15333333333333332 860 860 
0.5 0.54 0.16 902 902 
0.5 0.54 0.16666666666666666 854 854 
0.5 0.54 0.17333333333333334 828 828 
0.5 0.54 0.18 869 869 
0.5 0.54 0.18666666666666668 806 806 
0.5 0.54 0.19333333333333333 788 788 
0.5 0.54 0.2 869 869 
0.5 0.54 0.20666666666666667 791 791 
0.5 0.54 0.21333333333333335 868 868 
0.5 0.54 0.22 834 834 
0.5 0.54 0.22666666666666666 839 839 
0.5 0.54 0.23333333333333334 821 821 
0.5 0.54 0.24 857 857 
0.5 0.54 0.24666666666666667 853 853 
0.5 0.54 0.25333333333333335 782 782 
0.5 0.54 0.26 830 830 
0.5 0.54 0.26666666666666666 838 838 
0.5 0.54 0.2733333333333333 817 817 
0.5 0.54 0.28 803 803 
0.5 0.54 0.2866666666666667 822 822 
0.5 0.54 0.29333333333333333 841 841 
0.5 0.54 0.3 880 880 
0.5 0.54 0.30666666666666664 815 815 
0.5 0.54 0.31333333333333335 900 900 
0.5 0.54 0.32 833 833 
0.5 0.54 0.32666666666666666 834 834 
0.5 0.54 0.3333333333333333 835 835 
0.5 0.54 0.34 827 827 
0.5 0.54 0.3466666666666667 813 813 
0.5 0.54 0.35333333333333333 790 790 
0.5 0.54 0.36 772 772 
0.5 0.54 0.36666666666666664 831 831 
0.5 0.54 0.37333333333333335 863 863 
0.5 0.54 0.38 869 869 
0.5 0.54 0.38666666666666666 818 818 
0.5 0.54 0.3933333333333333 844 844 
0.5 0.54 0.4 850 850 
0.5 0.54 0.4066666666666667 887 887 
0.5 0.54 0.41333333333333333 827 827 
0.5 0.54 0.42 805 805 
0.5 0.54 0.4266666666666667 839 839 
0.5 0.54 0.43333333333333335 873 873 
0.5 0.54 0.44 766 766 
0.5 0.54 0.44666666666666666 799 799 
0.5 0.54 0.4533333333333333 791 791 
0.5 0.54 0.46 804 804 
0.5 0.54 0.4666666666666667 862 862 
0.5 0.54 0.47333333333333333 859 859 
0.5 0.54 0.48 841 841 
0.5 0.54 0.4866666666666667 858 858 
0.5 0.54 0.49333333333333335 790 790 
0.5 0.54 0.5 827 827 
0.5 0.54 0.5066666666666667 821 821 
0.5 0.54 0.5133333333333333 804 804 
0.5 0.54 0.52 835 835 
0.5 0.54 0.5266666666666666 844 844 
0.5 0.54 0.5333333333333333 863 863 
0.5 0.54 0.54 830 830 
0.5 0.54 0.5466666666666666 892 892 
0.5 0.54 0.5533333333333333 855 855 
0.5 0.54 0.56 807 807 
0.5 0.54 0.5666666666666667 807 807 
0.5 0.54 0.5733333333333334 822 822 
0.5 0.54 0.58 835 835 
0.5 0.54 0.5866666666666667 808 808 
0.5 0.54 0.5933333333333334 841 841 
0.5 0.54 0.6 855 855 
0.5 0.54 0.6066666666666667 840 840 
0.5 0.54 0.6133333333333333 848 848 
0.5 0.54 0.62 828 828 
0.5 0.54 0.6266666666666667 866 866 
0.5 0.54 0.6333333333333333 914 914 
0.5 0.54 0.64 793 793 
0.5 0.54 0.6466666666666666 798 798 
0.5 0.54 0.6533333333333333 826 826 
0.5 0.54 0.66 858 858 
0.5 0.54 0.6666666666666666 797 797 
0.5 0.54 0.6733333333333333 837 837 
0.5 0.54 0.68 785 785 
0.5 0.54 0.6866666666666666 800 800 
0.5 0.54 0.6933333333333334 830 830 
0.5 0.54 0.7 811 811 
0.5 0.54 0.7066666666666667 810 810 
0.5 0.54 0.7133333333333334 848 848 
0.5 0.54 0.72 824 824 
0.5 0.54 0.7266666666666667 806 806 
0.5 0.54 0.7333333333333333 808 808 
0.5 0.54 0.74 795 795 
0.5 0.54 0.7466666666666667 879 879 
0.5 0.54 0.7533333333333333 765 765 
0.5 0.54 0.76 867 867 
0.5 0.54 0.7666666666666667 870 870 
0.5 0.54 0.7733333333333333 867 867 
0.5 0.54 0.78 913 913 
0.5 0.54 0.7866666666666666 810 810 
0.5 0.54 0.7933333333333333 830 830 
0.5 0.54 0.8 848 848 
0.5 0.54 0.8066666666666666 832 832 
0.5 0.54 0.8133333333333334 837 837 
0.5 0.54 0.82 834 834 
0.5 0.54 0.8266666666666667 811 811 
0.5 0.54 0.8333333333333334 828 828 
0.5 0.54 0.84 880 880 
0.5 0.54 0.8466666666666667 849 849 
0.5 0.54 0.8533333333333334 854 854 
0.5 0.54 0.86 868 868 
0.5 0.54 0.8666666666666667 859 859 
0.5 0.54 0.8733333333333333 847 847 
0.5 0.54 0.88 844 844 
0.5 0.54 0.8866666666666667 902 902 
0.5 0.54 0.8933333333333333 844 844 
0.5 0.54 0.9 893 893 
0.5 0.54 0.9066666666666666 884 884 
0.5 0.54 0.9133333333333333 844 844 
0.5 0.54 0.92 824 824 
0.5 0.54 0.9266666666666666 908 908 
0.5 0.54 0.9333333333333333 910 910 
0.5 0.54 0.94 902 902 
0.5 0.54 0.9466666666666667 930 930 
0.5 0.54 0.9533333333333334 792 792 
0.5 0.54 0.96 968 968 
0.5 0.54 0.9666666666666667 744 744 
0.5 0.54 0.9733333333333334 690 690 
0.5 0.54 0.98 1378 1378 
0.5 0.54 0.9866666666666667 0 0 
0.5 0.54 0.9933333333333333 0 0 
0.5 0.5466666666666666 0.0 0 0 
0.5 0.5466666666666666 0.006666666666666667 0 0 
0.5 0.5466666666666666 0.013333333333333334 1288 1288 
0.5 0.5466666666666666 0.02 646 646 
0.5 0.5466666666666666 0.02666666666666667 746 746 
0.5 0.5466666666666666 0.03333333333333333 926 926 
0.5 0.5466666666666666 0.04 715 715 
0.5 0.5466666666666666 0.04666666666666667 871 871 
0.5 0.5466666666666666 0.05333333333333334 831 831 
0.5 0.5466666666666666 0.06 826 826 
0.5 0.5466666666666666 0.06666666666666667 824 824 
0.5 0.5466666666666666 0.07333333333333333 801 801 
0.5 0.5466666666666666 0.08 851 851 
0.5 0.5466666666666666 0.08666666666666667 840 840 
0.5 0.5466666666666666 0.09333333333333334 881 881 
0.5 0.5466666666666666 0.1 812 812 
0.5 0.5466666666666666 0.10666666666666667 868 868 
0.5 0.5466666666666666 0.11333333333333333 828 828 
0.5 0.5466666666666666 0.12 793 793 
0.5 0.5466666666666666 0.12666666666666668 902 902 
0.5 0.5466666666666666 0.13333333333333333 844 844 
0.5 0.5466666666666666 0.14 841 841 
0.5 0.5466666666666666 0.14666666666666667 820 820 
0.5 0.5466666666666666 0.15333333333333332 832 832 
0.5 0.5466666666666666 0.16 923 923 
0.5 0.5466666666666666 0.16666666666666666 881 881 
0.5 0.5466666666666666 0.17333333333333334 837 837 
0.5 0.5466666666666666 0.18 842 842 
0.5 0.5466666666666666 0.18666666666666668 897 897 
0.5 0.5466666666666666 0.19333333333333333 817 817 
0.5 0.5466666666666666 0.2 843 843 
0.5 0.5466666666666666 0.20666666666666667 821 821 
0.5 0.5466666666666666 0.21333333333333335 816 816 
0.5 0.5466666666666666 0.22 881 881 
0.5 0.5466666666666666 0.22666666666666666 864 864 
0.5 0.5466666666666666 0.23333333333333334 791 791 
0.5 0.5466666666666666 0.24 907 907 
0.5 0.5466666666666666 0.24666666666666667 865 865 
0.5 0.5466666666666666 0.25333333333333335 820 820 
0.5 0.5466666666666666 0.26 888 888 
0.5 0.5466666666666666 0.26666666666666666 867 867 
0.5 0.5466666666666666 0.2733333333333333 851 851 
0.5 0.5466666666666666 0.28 853 853 
0.5 0.5466666666666666 0.2866666666666667 848 848 
0.5 0.5466666666666666 0.29333333333333333 826 826 
0.5 0.5466666666666666 0.3 838 838 
0.5 0.5466666666666666 0.30666666666666664 852 852 
0.5 0.5466666666666666 0.31333333333333335 877 877 
0.5 0.5466666666666666 0.32 842 842 
0.5 0.5466666666666666 0.32666666666666666 832 832 
0.5 0.5466666666666666 0.3333333333333333 791 791 
0.5 0.5466666666666666 0.34 802 802 
0.5 0.5466666666666666 0.3466666666666667 800 800 
0.5 0.5466666666666666 0.35333333333333333 794 794 
0.5 0.5466666666666666 0.36 826 826 
0.5 0.5466666666666666 0.36666666666666664 817 817 
0.5 0.5466666666666666 0.37333333333333335 826 826 
0.5 0.5466666666666666 0.38 815 815 
0.5 0.5466666666666666 0.38666666666666666 821 821 
0.5 0.5466666666666666 0.3933333333333333 847 847 
0.5 0.5466666666666666 0.4 800 800 
0.5 0.5466666666666666 0.4066666666666667 844 844 
0.5 0.5466666666666666 0.41333333333333333 835 835 
0.5 0.5466666666666666 0.42 829 829 
0.5 0.5466666666666666 0.4266666666666667 835 835 
0.5 0.5466666666666666 0.43333333333333335 851 851 
0.5 0.5466666666666666 0.44 767 767 
0.5 0.5466666666666666 0.44666666666666666 800 800 
0.5 0.5466666666666666 0.4533333333333333 784 784 
0.5 0.5466666666666666 0.46 779 779 
0.5 0.5466666666666666 0.4666666666666667 811 811 
0.5 0.5466666666666666 0.47333333333333333 809 809 
0.5 0.5466666666666666 0.48 794 794 
0.5 0.5466666666666666 0.4866666666666667 828 828 
0.5 0.5466666666666666 0.49333333333333335 794 794 
0.5 0.5466666666666666 0.5 816 816 
0.5 0.5466666666666666 0.5066666666666667 804 804 
0.5 0.5466666666666666 0.5133333333333333 795 795 
0.5 0.5466666666666666 0.52 833 833 
0.5 0.5466666666666666 0.5266666666666666 818 818 
0.5 0.5466666666666666 0.5333333333333333 824 824 
0.5 0.5466666666666666 0.54 820 820 
0.5 0.5466666666666666 0.5466666666666666 859 859 
0.5 0.5466666666666666 0.5533333333333333 849 849 
0.5 0.5466666666666666 0.56 861 861 
0.5 0.5466666666666666 0.5666666666666667 883 883 
0.5 0.5466666666666666 0.5733333333333334 837 837 
0.5 0.5466666666666666 0.58 823 823 
0.5 0.5466666666666666 0.5866666666666667 808 808 
0.5 0.5466666666666666 0.5933333333333334 815 815 
0.5 0.5466666666666666 0.6 846 846 
0.5 0.5466666666666666 0.6066666666666667 811 811 
0.5 0.5466666666666666 0.6133333333333333 874 874 
0.5 0.5466666666666666 0.62 785 785 
0.5 0.5466666666666666 0.6266666666666667 836 836 
0.5 0.5466666666666666 0.6333333333333333 792 792 
0.5 0.5466666666666666 0.64 752 752 
0.5 0.5466666666666666 0.6466666666666666 848 848 
0.5 0.5466666666666666 0.6533333333333333 775 775 
0.5 0.5466666666666666 0.66 783 783 
0.5 0.5466666666666666 0.6666666666666666 875 875 
0.5 0.5466666666666666 0.6733333333333333 803 803 
0.5 0.5466666666666666 0.68 805 805 
0.5 0.5466666666666666 0.6866666666666666 839 839 
0.5 0.5466666666666666 0.6933333333333334 802 802 
0.5 0.5466666666666666 0.7 861 861 
0.5 0.5466666666666666 0.7066666666666667 854 854 
0.5 0.5466666666666666 0.7133333333333334 788 788 
0.5 0.5466666666666666 0.72 849 849 
0.5 0.5466666666666666 0.7266666666666667 843 843 
0.5 0.5466666666666666 0.7333333333333333 804 804 
0.5 0.5466666666666666 0.74 804 804 
0.5 0.5466666666666666 0.7466666666666667 841 841 
0.5 0.5466666666666666 0.7533333333333333 824 824 
0.5 0.5466666666666666 0.76 836 836 
0.5 0.5466666666666666 0.7666666666666667 807 807 
0.5 0.5466666666666666 0.7733333333333333 883 883 
0.5 0.5466666666666666 0.78 817 817 
0.5 0.5466666666666666 0.7866666666666666 801 801 
0.5 0.5466666666666666 0.7933333333333333 848 848 
0.5 0.5466666666666666 0.8 830 830 
0.5 0.5466666666666666 0.8066666666666666 799 799 
0.5 0.5466666666666666 0.8133333333333334 851 851 
0.5 0.5466666666666666 0.82 868 868 
0.5 0.5466666666666666 0.8266666666666667 790 790 
0.5 0.5466666666666666 0.8333333333333334 823 823 
0.5 0.5466666666666666 0.84 853 853 
0.5 0.5466666666666666 0.8466666666666667 837 837 
0.5 0.5466666666666666 0.8533333333333334 913 913 
0.5 0.5466666666666666 0.86 885 885 
0.5 0.5466666666666666 0.8666666666666667 855 855 
0.5 0.5466666666666666 0.8733333333333333 833 833 
0.5 0.5466666666666666 0.88 861 861 
0.5 0.5466666666666666 0.8866666666666667 821 821 
0.5 0.5466666666666666 0.8933333333333333 863 863 
0.5 0.5466666666666666 0.9 800 800 
0.5 0.5466666666666666 0.9066666666666666 826 826 
0.5 0.5466666666666666 0.9133333333333333 826 826 
0.5 0.5466666666666666 0.92 835 835 
0.5 0.5466666666666666 0.9266666666666666 806 806 
0.5 0.5466666666666666 0.9333333333333333 816 816 
0.5 0.5466666666666666 0.94 832 832 
0.5 0.5466666666666666 0.9466666666666667 879 879 
0.5 0.5466666666666666 0.9533333333333334 816 816 
0.5 0.5466666666666666 0.96 1014 1014 
0.5 0.5466666666666666 0.9666666666666667 748 748 
0.5 0.5466666666666666 0.9733333333333334 675 675 
0.5 0.5466666666666666 0.98 1400 1400 
0.5 0.5466666666666666 0.9866666666666667 0 0 
0.5 0.5466666666666666 0.9933333333333333 0 0 
0.5 0.5533333333333333 0.0 0 0 
0.5 0.5533333333333333 0.006666666666666667 0 0 
0.5 0.5533333333333333 0.013333333333333334 1334 1334 
0.5 0.5533333333333333 0.02 681 681 
0.5 0.5533333333333333 0.02666666666666667 755 755 
0.5 0.5533333333333333 0.03333333333333333 911 911 
0.5 0.5533333333333333 0.04 797 797 
0.5 0.5533333333333333 0.04666666666666667 916 916 
0.5 0.5533333333333333 0.05333333333333334 814 814 
0.5 0.5533333333333333 0.06 866 866 
0.5 0.5533333333333333 0.06666666666666667 871 871 
0.5 0.5533333333333333 0.07333333333333333 795 795 
0.5 0.5533333333333333 0.08 839 839 
0.5 0.5533333333333333 0.08666666666666667 838 838 
0.5 0.5533333333333333 0.09333333333333334 831 831 
0.5 0.5533333333333333 0.1 845 845 
0.5 0.5533333333333333 0.10666666666666667 857 857 
0.5 0.5533333333333333 0.11333333333333333 817 817 
0.5 0.5533333333333333 0.12 795 795 
0.5 0.5533333333333333 0.12666666666666668 831 831 
0.5 0.5533333333333333 0.13333333333333333 844 844 
0.5 0.5533333333333333 0.14 845 845 
0.5 0.5533333333333333 0.14666666666666667 868 868 
0.5 0.5533333333333333 0.15333333333333332 809 809 
0.5 0.5533333333333333 0.16 821 821 
0.5 0.5533333333333333 0.16666666666666666 843 843 
0.5 0.5533333333333333 0.17333333333333334 836 836 
0.5 0.5533333333333333 0.18 803 803 
0.5 0.5533333333333333 0.18666666666666668 819 819 
0.5 0.5533333333333333 0.19333333333333333 827 827 
0.5 0.5533333333333333 0.2 852 852 
0.5 0.5533333333333333 0.20666666666666667 809 809 
0.5 0.5533333333333333 0.21333333333333335 832 832 
0.5 0.5533333333333333 0.22 817 817 
0.5 0.5533333333333333 0.22666666666666666 824 824 
0.5 0.5533333333333333 0.23333333333333334 818 818 
0.5 0.5533333333333333 0.24 878 878 
0.5 0.5533333333333333 0.24666666666666667 854 854 
0.5 0.5533333333333333 0.25333333333333335 869 869 
0.5 0.5533333333333333 0.26 823 823 
0.5 0.5533333333333333 0.26666666666666666 827 827 
0.5 0.5533333333333333 0.2733333333333333 869 869 
0.5 0.5533333333333333 0.28 841 841 
0.5 0.5533333333333333 0.2866666666666667 849 849 
0.5 0.5533333333333333 0.29333333333333333 815 815 
0.5 0.5533333333333333 0.3 858 858 
0.5 0.5533333333333333 0.30666666666666664 833 833 
0.5 0.5533333333333333 0.31333333333333335 806 806 
0.5 0.5533333333333333 0.32 808 808 
0.5 0.5533333333333333 0.32666666666666666 850 850 
0.5 0.5533333333333333 0.3333333333333333 796 796 
0.5 0.5533333333333333 0.34 843 843 
0.5 0.5533333333333333 0.3466666666666667 845 845 
0.5 0.5533333333333333 0.35333333333333333 887 887 
0.5 0.5533333333333333 0.36 786 786 
0.5 0.5533333333333333 0.36666666666666664 818 818 
0.5 0.5533333333333333 0.37333333333333335 819 819 
0.5 0.5533333333333333 0.38 829 829 
0.5 0.5533333333333333 0.38666666666666666 799 799 
0.5 0.5533333333333333 0.3933333333333333 838 838 
0.5 0.5533333333333333 0.4 865 865 
0.5 0.5533333333333333 0.4066666666666667 777 777 
0.5 0.5533333333333333 0.41333333333333333 802 802 
0.5 0.5533333333333333 0.42 856 856 
0.5 0.5533333333333333 0.4266666666666667 847 847 
0.5 0.5533333333333333 0.43333333333333335 752 752 
0.5 0.5533333333333333 0.44 853 853 
0.5 0.5533333333333333 0.44666666666666666 772 772 
0.5 0.5533333333333333 0.4533333333333333 851 851 
0.5 0.5533333333333333 0.46 820 820 
0.5 0.5533333333333333 0.4666666666666667 800 800 
0.5 0.5533333333333333 0.47333333333333333 787 787 
0.5 0.5533333333333333 0.48 824 824 
0.5 0.5533333333333333 0.4866666666666667 794 794 
0.5 0.5533333333333333 0.49333333333333335 785 785 
0.5 0.5533333333333333 0.5 847 847 
0.5 0.5533333333333333 0.5066666666666667 782 782 
0.5 0.5533333333333333 0.5133333333333333 798 798 
0.5 0.5533333333333333 0.52 860 860 
0.5 0.5533333333333333 0.5266666666666666 789 789 
0.5 0.5533333333333333 0.5333333333333333 755 755 
0.5 0.5533333333333333 0.54 828 828 
0.5 0.5533333333333333 0.5466666666666666 827 827 
0.5 0.5533333333333333 0.5533333333333333 763 763 
0.5 0.5533333333333333 0.56 844 844 
0.5 0.5533333333333333 0.5666666666666667 797 797 
0.5 0.5533333333333333 0.5733333333333334 841 841 
0.5 0.5533333333333333 0.58 868 868 
0.5 0.5533333333333333 0.5866666666666667 806 806 
0.5 0.5533333333333333 0.5933333333333334 857 857 
0.5 0.5533333333333333 0.6 832 832 
0.5 0.5533333333333333 0.6066666666666667 837 837 
0.5 0.5533333333333333 0.6133333333333333 837 837 
0.5 0.5533333333333333 0.62 876 876 
0.5 0.5533333333333333 0.6266666666666667 806 806 
0.5 0.5533333333333333 0.6333333333333333 846 846 
0.5 0.5533333333333333 0.64 858 858 
0.5 0.5533333333333333 0.6466666666666666 837 837 
0.5 0.5533333333333333 0.6533333333333333 826 826 
0.5 0.5533333333333333 0.66 781 781 
0.5 0.5533333333333333 0.6666666666666666 802 802 
0.5 0.5533333333333333 0.6733333333333333 857 857 
0.5 0.5533333333333333 0.68 833 833 
0.5 0.5533333333333333 0.6866666666666666 810 810 
0.5 0.5533333333333333 0.6933333333333334 821 821 
0.5 0.5533333333333333 0.7 788 788 
0.5 0.5533333333333333 0.7066666666666667 810 810 
0.5 0.5533333333333333 0.7133333333333334 857 857 
0.5 0.5533333333333333 0.72 809 809 
0.5 0.5533333333333333 0.7266666666666667 875 875 
0.5 0.5533333333333333 0.7333333333333333 791 791 
0.5 0.5533333333333333 0.74 811 811 
0.5 0.5533333333333333 0.7466666666666667 897 897 
0.5 0.5533333333333333 0.7533333333333333 800 800 
0.5 0.5533333333333333 0.76 794 794 
0.5 0.5533333333333333 0.7666666666666667 799 799 
0.5 0.5533333333333333 0.7733333333333333 861 861 
0.5 0.5533333333333333 0.78 818 818 
0.5 0.5533333333333333 0.7866666666666666 829 829 
0.5 0.5533333333333333 0.7933333333333333 844 844 
0.5 0.5533333333333333 0.8 899 899 
0.5 0.5533333333333333 0.8066666666666666 865 865 
0.5 0.5533333333333333 0.8133333333333334 826 826 
0.5 0.5533333333333333 0.82 809 809 
0.5 0.5533333333333333 0.8266666666666667 822 822 
0.5 0.5533333333333333 0.8333333333333334 854 854 
0.5 0.5533333333333333 0.84 829 829 
0.5 0.5533333333333333 0.8466666666666667 871 871 
0.5 0.5533333333333333 0.8533333333333334 818 818 
0.5 0.5533333333333333 0.86 809 809 
0.5 0.5533333333333333 0.8666666666666667 830 830 
0.5 0.5533333333333333 0.8733333333333333 830 830 
0.5 0.5533333333333333 0.88 806 806 
0.5 0.5533333333333333 0.8866666666666667 866 866 
0.5 0.5533333333333333 0.8933333333333333 805 805 
0.5 0.5533333333333333 0.9 865 865 
0.5 0.5533333333333333 0.9066666666666666 779 779 
0.5 0.5533333333333333 0.9133333333333333 833 833 
0.5 0.5533333333333333 0.92 793 793 
0.5 0.5533333333333333 0.9266666666666666 866 866 
0.5 0.5533333333333333 0.9333333333333333 861 861 
0.5 0.5533333333333333 0.94 812 812 
0.5 0.5533333333333333 0.9466666666666667 922 922 
0.5 0.5533333333333333 0.9533333333333334 778 778 
0.5 0.5533333333333333 0.96 1016 1016 
0.5 0.5533333333333333 0.9666666666666667 793 793 
0.5 0.5533333333333333 0.9733333333333334 725 725 
0.5 0.5533333333333333 0.98 1355 1355 
0.5 0.5533333333333333 0.9866666666666667 0 0 
0.5 0.5533333333333333 0.9933333333333333 0 0 
0.5 0.56 0.0 0 0 
0.5 0.56 0.006666666666666667 0 0 
0.5 0.56 0.013333333333333334 1386 1386 
0.5 0.56 0.02 667 667 
0.5 0.56 0.02666666666666667 727 727 
0.5 0.56 0.03333333333333333 973 973 
0.5 0.56 0.04 810 810 
0.5 0.56 0.04666666666666667 848 848 
0.5 0.56 0.05333333333333334 832 832 
0.5 0.56 0.06 853 853 
0.5 0.56 0.06666666666666667 855 855 
0.5 0.56 0.07333333333333333 836 836 
0.5 0.56 0.08 842 842 
0.5 0.56 0.08666666666666667 835 835 
0.5 0.56 0.09333333333333334 806 806 
0.5 0.56 0.1 813 813 
0.5 0.56 0.10666666666666667 854 854 
0.5 0.56 0.11333333333333333 819 819 
0.5 0.56 0.12 786 786 
0.5 0.56 0.12666666666666668 860 860 
0.5 0.56 0.13333333333333333 813 813 
0.5 0.56 0.14 800 800 
0.5 0.56 0.14666666666666667 849 849 
0.5 0.56 0.15333333333333332 791 791 
0.5 0.56 0.16 795 795 
0.5 0.56 0.16666666666666666 780 780 
0.5 0.56 0.17333333333333334 832 832 
0.5 0.56 0.18 888 888 
0.5 0.56 0.18666666666666668 834 834 
0.5 0.56 0.19333333333333333 836 836 
0.5 0.56 0.2 867 867 
0.5 0.56 0.20666666666666667 824 824 
0.5 0.56 0.21333333333333335 789 789 
0.5 0.56 0.22 849 849 
0.5 0.56 0.22666666666666666 840 840 
0.5 0.56 0.23333333333333334 823 823 
0.5 0.56 0.24 875 875 
0.5 0.56 0.24666666666666667 872 872 
0.5 0.56 0.25333333333333335 819 819 
0.5 0.56 0.26 853 853 
0.5 0.56 0.26666666666666666 894 894 
0.5 0.56 0.2733333333333333 802 802 
0.5 0.56 0.28 843 843 
0.5 0.56 0.2866666666666667 847 847 
0.5 0.56 0.29333333333333333 857 857 
0.5 0.56 0.3 842 842 
0.5 0.56 0.30666666666666664 859 859 
0.5 0.56 0.31333333333333335 826 826 
0.5 0.56 0.32 844 844 
0.5 0.56 0.32666666666666666 834 834 
0.5 0.56 0.3333333333333333 791 791 
0.5 0.56 0.34 829 829 
0.5 0.56 0.3466666666666667 801 801 
0.5 0.56 0.35333333333333333 823 823 
0.5 0.56 0.36 836 836 
0.5 0.56 0.36666666666666664 883 883 
0.5 0.56 0.37333333333333335 812 812 
0.5 0.56 0.38 832 832 
0.5 0.56 0.38666666666666666 804 804 
0.5 0.56 0.3933333333333333 810 810 
0.5 0.56 0.4 799 799 
0.5 0.56 0.4066666666666667 797 797 
0.5 0.56 0.41333333333333333 804 804 
0.5 0.56 0.42 792 792 
0.5 0.56 0.4266666666666667 803 803 
0.5 0.56 0.43333333333333335 774 774 
0.5 0.56 0.44 822 822 
0.5 0.56 0.44666666666666666 817 817 
0.5 0.56 0.4533333333333333 728 728 
0.5 0.56 0.46 806 806 
0.5 0.56 0.4666666666666667 814 814 
0.5 0.56 0.47333333333333333 788 788 
0.5 0.56 0.48 793 793 
0.5 0.56 0.4866666666666667 795 795 
0.5 0.56 0.49333333333333335 789 789 
0.5 0.56 0.5 799 799 
0.5 0.56 0.5066666666666667 853 853 
0.5 0.56 0.5133333333333333 792 792 
0.5 0.56 0.52 859 859 
0.5 0.56 0.5266666666666666 838 838 
0.5 0.56 0.5333333333333333 789 789 
0.5 0.56 0.54 838 838 
0.5 0.56 0.5466666666666666 796 796 
0.5 0.56 0.5533333333333333 859 859 
0.5 0.56 0.56 827 827 
0.5 0.56 0.5666666666666667 814 814 
0.5 0.56 0.5733333333333334 875 875 
0.5 0.56 0.58 797 797 
0.5 0.56 0.5866666666666667 841 841 
0.5 0.56 0.5933333333333334 847 847 
0.5 0.56 0.6 765 765 
0.5 0.56 0.6066666666666667 840 840 
0.5 0.56 0.6133333333333333 833 833 
0.5 0.56 0.62 841 841 
0.5 0.56 0.6266666666666667 856 856 
0.5 0.56 0.6333333333333333 788 788 
0.5 0.56 0.64 803 803 
0.5 0.56 0.6466666666666666 836 836 
0.5 0.56 0.6533333333333333 850 850 
0.5 0.56 0.66 860 860 
0.5 0.56 0.6666666666666666 864 864 
0.5 0.56 0.6733333333333333 835 835 
0.5 0.56 0.68 790 790 
0.5 0.56 0.6866666666666666 813 813 
0.5 0.56 0.6933333333333334 812 812 
0.5 0.56 0.7 859 859 
0.5 0.56 0.7066666666666667 850 850 
0.5 0.56 0.7133333333333334 819 819 
0.5 0.56 0.72 803 803 
0.5 0.56 0.7266666666666667 815 815 
0.5 0.56 0.7333333333333333 804 804 
0.5 0.56 0.74 803 803 
0.5 0.56 0.7466666666666667 862 862 
0.5 0.56 0.7533333333333333 836 836 
0.5 0.56 0.76 841 841 
0.5 0.56 0.7666666666666667 853 853 
0.5 0.56 0.7733333333333333 800 800 
0.5 0.56 0.78 887 887 
0.5 0.56 0.7866666666666666 832 832 
0.5 0.56 0.7933333333333333 870 870 
0.5 0.56 0.8 831 831 
0.5 0.56 0.8066666666666666 899 899 
0.5 0.56 0.8133333333333334 859 859 
0.5 0.56 0.82 827 827 
0.5 0.56 0.8266666666666667 823 823 
0.5 0.56 0.8333333333333334 844 844 
0.5 0.56 0.84 845 845 
0.5 0.56 0.8466666666666667 832 832 
0.5 0.56 0.8533333333333334 835 835 
0.5 0.56 0.86 807 807 
0.5 0.56 0.8666666666666667 803 803 
0.5 0.56 0.8733333333333333 839 839 
0.5 0.56 0.88 802 802 
0.5 0.56 0.8866666666666667 851 851 
0.5 0.56 0.8933333333333333 817 817 
0.5 0.56 0.9 830 830 
0.5 0.56 0.9066666666666666 788 788 
0.5 0.56 0.9133333333333333 835 835 
0.5 0.56 0.92 854 854 
0.5 0.56 0.9266666666666666 859 859 
0.5 0.56 0.9333333333333333 807 807 
0.5 0.56 0.94 796 796 
0.5 0.56 0.9466666666666667 897 897 
0.5 0.56 0.9533333333333334 718 718 
0.5 0.56 0.96 941 941 
0.5 0.56 0.9666666666666667 698 698 
0.5 0.56 0.9733333333333334 722 722 
0.5 0.56 0.98 1266 1266 
0.5 0.56 0.9866666666666667 0 0 
0.5 0.56 0.9933333333333333 0 0 
0.5 0.5666666666666667 0.0 0 0 
0.5 0.5666666666666667 0.006666666666666667 0 0 
0.5 0.5666666666666667 0.013333333333333334 1390 1390 
0.5 0.5666666666666667 0.02 690 690 
0.5 0.5666666666666667 0.02666666666666667 769 769 
0.5 0.5666666666666667 0.03333333333333333 914 914 
0.5 0.5666666666666667 0.04 832 832 
0.5 0.5666666666666667 0.04666666666666667 931 931 
0.5 0.5666666666666667 0.05333333333333334 901 901 
0.5 0.5666666666666667 0.06 877 877 
0.5 0.5666666666666667 0.06666666666666667 840 840 
0.5 0.5666666666666667 0.07333333333333333 878 878 
0.5 0.5666666666666667 0.08 883 883 
0.5 0.5666666666666667 0.08666666666666667 889 889 
0.5 0.5666666666666667 0.09333333333333334 816 816 
0.5 0.5666666666666667 0.1 864 864 
0.5 0.5666666666666667 0.10666666666666667 855 855 
0.5 0.5666666666666667 0.11333333333333333 763 763 
0.5 0.5666666666666667 0.12 840 840 
0.5 0.5666666666666667 0.12666666666666668 823 823 
0.5 0.5666666666666667 0.13333333333333333 846 846 
0.5 0.5666666666666667 0.14 778 778 
0.5 0.5666666666666667 0.14666666666666667 868 868 
0.5 0.5666666666666667 0.15333333333333332 789 789 
0.5 0.5666666666666667 0.16 854 854 
0.5 0.5666666666666667 0.16666666666666666 788 788 
0.5 0.5666666666666667 0.17333333333333334 855 855 
0.5 0.5666666666666667 0.18 848 848 
0.5 0.5666666666666667 0.18666666666666668 880 880 
0.5 0.5666666666666667 0.19333333333333333 818 818 
0.5 0.5666666666666667 0.2 846 846 
0.5 0.5666666666666667 0.20666666666666667 853 853 
0.5 0.5666666666666667 0.21333333333333335 884 884 
0.5 0.5666666666666667 0.22 804 804 
0.5 0.5666666666666667 0.22666666666666666 911 911 
0.5 0.5666666666666667 0.23333333333333334 897 897 
0.5 0.5666666666666667 0.24 827 827 
0.5 0.5666666666666667 0.24666666666666667 840 840 
0.5 0.5666666666666667 0.25333333333333335 848 848 
0.5 0.5666666666666667 0.26 859 859 
0.5 0.5666666666666667 0.26666666666666666 873 873 
0.5 0.5666666666666667 0.2733333333333333 843 843 
0.5 0.5666666666666667 0.28 837 837 
0.5 0.5666666666666667 0.2866666666666667 799 799 
0.5 0.5666666666666667 0.29333333333333333 848 848 
0.5 0.5666666666666667 0.3 791 791 
0.5 0.5666666666666667 0.30666666666666664 839 839 
0.5 0.5666666666666667 0.31333333333333335 851 851 
0.5 0.5666666666666667 0.32 849 849 
0.5 0.5666666666666667 0.32666666666666666 753 753 
0.5 0.5666666666666667 0.3333333333333333 854 854 
0.5 0.5666666666666667 0.34 824 824 
0.5 0.5666666666666667 0.3466666666666667 810 810 
0.5 0.5666666666666667 0.35333333333333333 821 821 
0.5 0.5666666666666667 0.36 837 837 
0.5 0.5666666666666667 0.36666666666666664 831 831 
0.5 0.5666666666666667 0.37333333333333335 886 886 
0.5 0.5666666666666667 0.38 893 893 
0.5 0.5666666666666667 0.38666666666666666 820 820 
0.5 0.5666666666666667 0.3933333333333333 847 847 
0.5 0.5666666666666667 0.4 836 836 
0.5 0.5666666666666667 0.4066666666666667 825 825 
0.5 0.5666666666666667 0.41333333333333333 781 781 
0.5 0.5666666666666667 0.42 802 802 
0.5 0.5666666666666667 0.4266666666666667 839 839 
0.5 0.5666666666666667 0.43333333333333335 830 830 
0.5 0.5666666666666667 0.44 818 818 
0.5 0.5666666666666667 0.44666666666666666 777 777 
0.5 0.5666666666666667 0.4533333333333333 767 767 
0.5 0.5666666666666667 0.46 794 794 
0.5 0.5666666666666667 0.4666666666666667 821 821 
0.5 0.5666666666666667 0.47333333333333333 816 816 
0.5 0.5666666666666667 0.48 853 853 
0.5 0.5666666666666667 0.4866666666666667 809 809 
0.5 0.5666666666666667 0.49333333333333335 821 821 
0.5 0.5666666666666667 0.5 854 854 
0.5 0.5666666666666667 0.5066666666666667 851 851 
0.5 0.5666666666666667 0.5133333333333333 848 848 
0.5 0.5666666666666667 0.52 811 811 
0.5 0.5666666666666667 0.5266666666666666 830 830 
0.5 0.5666666666666667 0.5333333333333333 786 786 
0.5 0.5666666666666667 0.54 804 804 
0.5 0.5666666666666667 0.5466666666666666 812 812 
0.5 0.5666666666666667 0.5533333333333333 833 833 
0.5 0.5666666666666667 0.56 804 804 
0.5 0.5666666666666667 0.5666666666666667 818 818 
0.5 0.5666666666666667 0.5733333333333334 836 836 
0.5 0.5666666666666667 0.58 790 790 
0.5 0.5666666666666667 0.5866666666666667 863 863 
0.5 0.5666666666666667 0.5933333333333334 811 811 
0.5 0.5666666666666667 0.6 800 800 
0.5 0.5666666666666667 0.6066666666666667 808 808 
0.5 0.5666666666666667 0.6133333333333333 821 821 
0.5 0.5666666666666667 0.62 880 880 
0.5 0.5666666666666667 0.6266666666666667 785 785 
0.5 0.5666666666666667 0.6333333333333333 814 814 
0.5 0.5666666666666667 0.64 819 819 
0.5 0.5666666666666667 0.6466666666666666 839 839 
0.5 0.5666666666666667 0.6533333333333333 828 828 
0.5 0.5666666666666667 0.66 843 843 
0.5 0.5666666666666667 0.6666666666666666 839 839 
0.5 0.5666666666666667 0.6733333333333333 867 867 
0.5 0.5666666666666667 0.68 823 823 
0.5 0.5666666666666667 0.6866666666666666 805 805 
0.5 0.5666666666666667 0.6933333333333334 810 810 
0.5 0.5666666666666667 0.7 807 807 
0.5 0.5666666666666667 0.7066666666666667 861 861 
0.5 0.5666666666666667 0.7133333333333334 841 841 
0.5 0.5666666666666667 0.72 786 786 
0.5 0.5666666666666667 0.7266666666666667 836 836 
0.5 0.5666666666666667 0.7333333333333333 844 844 
0.5 0.5666666666666667 0.74 763 763 
0.5 0.5666666666666667 0.7466666666666667 837 837 
0.5 0.5666666666666667 0.7533333333333333 816 816 
0.5 0.5666666666666667 0.76 820 820 
0.5 0.5666666666666667 0.7666666666666667 825 825 
0.5 0.5666666666666667 0.7733333333333333 789 789 
0.5 0.5666666666666667 0.78 854 854 
0.5 0.5666666666666667 0.7866666666666666 801 801 
0.5 0.5666666666666667 0.7933333333333333 846 846 
0.5 0.5666666666666667 0.8 807 807 
0.5 0.5666666666666667 0.8066666666666666 822 822 
0.5 0.5666666666666667 0.8133333333333334 839 839 
0.5 0.5666666666666667 0.82 803 803 
0.5 0.5666666666666667 0.8266666666666667 874 874 
0.5 0.5666666666666667 0.8333333333333334 801 801 
0.5 0.5666666666666667 0.84 782 782 
0.5 0.5666666666666667 0.8466666666666667 815 815 
0.5 0.5666666666666667 0.8533333333333334 800 800 
0.5 0.5666666666666667 0.86 792 792 
0.5 0.5666666666666667 0.8666666666666667 800 800 
0.5 0.5666666666666667 0.8733333333333333 859 859 
0.5 0.5666666666666667 0.88 788 788 
0.5 0.5666666666666667 0.8866666666666667 779 779 
0.5 0.5666666666666667 0.8933333333333333 795 795 
0.5 0.5666666666666667 0.9 798 798 
0.5 0.5666666666666667 0.9066666666666666 798 798 
0.5 0.5666666666666667 0.9133333333333333 822 822 
0.5 0.5666666666666667 0.92 812 812 
0.5 0.5666666666666667 0.9266666666666666 841 841 
0.5 0.5666666666666667 0.9333333333333333 793 793 
0.5 0.5666666666666667 0.94 870 870 
0.5 0.5666666666666667 0.9466666666666667 880 880 
0.5 0.5666666666666667 0.9533333333333334 734 734 
0.5 0.5666666666666667 0.96 1012 1012 
0.5 0.5666666666666667 0.9666666666666667 699 699 
0.5 0.5666666666666667 0.9733333333333334 717 717 
0.5 0.5666666666666667 0.98 1308 1308 
0.5 0.5666666666666667 0.9866666666666667 0 0 
0.5 0.5666666666666667 0.9933333333333333 0 0 
0.5 0.5733333333333334 0.0 0 0 
0.5 0.5733333333333334 0.006666666666666667 0 0 
0.5 0.5733333333333334 0.013333333333333334 1462 1462 
0.5 0.5733333333333334 0.02 693 693 
0.5 0.5733333333333334 0.02666666666666667 791 791 
0.5 0.5733333333333334 0.03333333333333333 972 972 
0.5 0.5733333333333334 0.04 792 792 
0.5 0.5733333333333334 0.04666666666666667 962 962 
0.5 0.5733333333333334 0.05333333333333334 835 835 
0.5 0.5733333333333334 0.06 866 866 
0.5 0.5733333333333334 0.06666666666666667 867 867 
0.5 0.5733333333333334 0.07333333333333333 829 829 
0.5 0.5733333333333334 0.08 904 904 
0.5 0.5733333333333334 0.08666666666666667 897 897 
0.5 0.5733333333333334 0.09333333333333334 809 809 
0.5 0.5733333333333334 0.1 870 870 
0.5 0.5733333333333334 0.10666666666666667 838 838 
0.5 0.5733333333333334 0.11333333333333333 808 808 
0.5 0.5733333333333334 0.12 852 852 
0.5 0.5733333333333334 0.12666666666666668 851 851 
0.5 0.5733333333333334 0.13333333333333333 805 805 
0.5 0.5733333333333334 0.14 820 820 
0.5 0.5733333333333334 0.14666666666666667 839 839 
0.5 0.5733333333333334 0.15333333333333332 847 847 
0.5 0.5733333333333334 0.16 830 830 
0.5 0.5733333333333334 0.16666666666666666 838 838 
0.5 0.5733333333333334 0.17333333333333334 874 874 
0.5 0.5733333333333334 0.18 780 780 
0.5 0.5733333333333334 0.18666666666666668 801 801 
0.5 0.5733333333333334 0.19333333333333333 788 788 
0.5 0.5733333333333334 0.2 882 882 
0.5 0.5733333333333334 0.20666666666666667 865 865 
0.5 0.5733333333333334 0.21333333333333335 863 863 
0.5 0.5733333333333334 0.22 820 820 
0.5 0.5733333333333334 0.22666666666666666 869 869 
0.5 0.5733333333333334 0.23333333333333334 812 812 
0.5 0.5733333333333334 0.24 801 801 
0.5 0.5733333333333334 0.24666666666666667 831 831 
0.5 0.5733333333333334 0.25333333333333335 847 847 
0.5 0.5733333333333334 0.26 859 859 
0.5 0.5733333333333334 0.26666666666666666 833 833 
0.5 0.5733333333333334 0.2733333333333333 823 823 
0.5 0.5733333333333334 0.28 856 856 
0.5 0.5733333333333334 0.2866666666666667 881 881 
0.5 0.5733333333333334 0.29333333333333333 828 828 
0.5 0.5733333333333334 0.3 835 835 
0.5 0.5733333333333334 0.30666666666666664 815 815 
0.5 0.5733333333333334 0.31333333333333335 865 865 
0.5 0.5733333333333334 0.32 873 873 
0.5 0.5733333333333334 0.32666666666666666 842 842 
0.5 0.5733333333333334 0.3333333333333333 821 821 
0.5 0.5733333333333334 0.34 862 862 
0.5 0.5733333333333334 0.3466666666666667 790 790 
0.5 0.5733333333333334 0.35333333333333333 835 835 
0.5 0.5733333333333334 0.36 840 840 
0.5 0.5733333333333334 0.36666666666666664 851 851 
0.5 0.5733333333333334 0.37333333333333335 856 856 
0.5 0.5733333333333334 0.38 854 854 
0.5 0.5733333333333334 0.38666666666666666 833 833 
0.5 0.5733333333333334 0.3933333333333333 894 894 
0.5 0.5733333333333334 0.4 792 792 
0.5 0.5733333333333334 0.4066666666666667 815 815 
0.5 0.5733333333333334 0.41333333333333333 854 854 
0.5 0.5733333333333334 0.42 848 848 
0.5 0.5733333333333334 0.4266666666666667 813 813 
0.5 0.5733333333333334 0.43333333333333335 781 781 
0.5 0.5733333333333334 0.44 826 826 
0.5 0.5733333333333334 0.44666666666666666 825 825 
0.5 0.5733333333333334 0.4533333333333333 820 820 
0.5 0.5733333333333334 0.46 813 813 
0.5 0.5733333333333334 0.4666666666666667 842 842 
0.5 0.5733333333333334 0.47333333333333333 786 786 
0.5 0.5733333333333334 0.48 847 847 
0.5 0.5733333333333334 0.4866666666666667 798 798 
0.5 0.5733333333333334 0.49333333333333335 823 823 
0.5 0.5733333333333334 0.5 856 856 
0.5 0.5733333333333334 0.5066666666666667 859 859 
0.5 0.5733333333333334 0.5133333333333333 835 835 
0.5 0.5733333333333334 0.52 870 870 
0.5 0.5733333333333334 0.5266666666666666 812 812 
0.5 0.5733333333333334 0.5333333333333333 828 828 
0.5 0.5733333333333334 0.54 819 819 
0.5 0.5733333333333334 0.5466666666666666 839 839 
0.5 0.5733333333333334 0.5533333333333333 823 823 
0.5 0.5733333333333334 0.56 819 819 
0.5 0.5733333333333334 0.5666666666666667 815 815 
0.5 0.5733333333333334 0.5733333333333334 833 833 
0.5 0.5733333333333334 0.58 872 872 
0.5 0.5733333333333334 0.5866666666666667 813 813 
0.5 0.5733333333333334 0.5933333333333334 838 838 
0.5 0.5733333333333334 0.6 818 818 
0.5 0.5733333333333334 0.6066666666666667 851 851 
0.5 0.5733333333333334 0.6133333333333333 777 777 
0.5 0.5733333333333334 0.62 834 834 
0.5 0.5733333333333334 0.6266666666666667 829 829 
0.5 0.5733333333333334 0.6333333333333333 873 873 
0.5 0.5733333333333334 0.64 855 855 
0.5 0.5733333333333334 0.6466666666666666 791 791 
0.5 0.5733333333333334 0.6533333333333333 823 823 
0.5 0.5733333333333334 0.66 840 840 
0.5 0.5733333333333334 0.6666666666666666 839 839 
0.5 0.5733333333333334 0.6733333333333333 823 823 
0.5 0.5733333333333334 0.68 798 798 
0.5 0.5733333333333334 0.6866666666666666 838 838 
0.5 0.5733333333333334 0.6933333333333334 859 859 
0.5 0.5733333333333334 0.7 847 847 
0.5 0.5733333333333334 0.7066666666666667 796 796 
0.5 0.5733333333333334 0.7133333333333334 812 812 
0.5 0.5733333333333334 0.72 845 845 
0.5 0.5733333333333334 0.7266666666666667 793 793 
0.5 0.5733333333333334 0.7333333333333333 820 820 
0.5 0.5733333333333334 0.74 822 822 
0.5 0.5733333333333334 0.7466666666666667 816 816 
0.5 0.5733333333333334 0.7533333333333333 797 797 
0.5 0.5733333333333334 0.76 858 858 
0.5 0.5733333333333334 0.7666666666666667 820 820 
0.5 0.5733333333333334 0.7733333333333333 838 838 
0.5 0.5733333333333334 0.78 833 833 
0.5 0.5733333333333334 0.7866666666666666 829 829 
0.5 0.5733333333333334 0.7933333333333333 839 839 
0.5 0.5733333333333334 0.8 884 884 
0.5 0.5733333333333334 0.8066666666666666 807 807 
0.5 0.5733333333333334 0.8133333333333334 843 843 
0.5 0.5733333333333334 0.82 853 853 
0.5 0.5733333333333334 0.8266666666666667 833 833 
0.5 0.5733333333333334 0.8333333333333334 813 813 
0.5 0.5733333333333334 0.84 805 805 
0.5 0.5733333333333334 0.8466666666666667 849 849 
0.5 0.5733333333333334 0.8533333333333334 877 877 
0.5 0.5733333333333334 0.86 795 795 
0.5 0.5733333333333334 0.8666666666666667 830 830 
0.5 0.5733333333333334 0.8733333333333333 870 870 
0.5 0.5733333333333334 0.88 805 805 
0.5 0.5733333333333334 0.8866666666666667 791 791 
0.5 0.5733333333333334 0.8933333333333333 783 783 
0.5 0.5733333333333334 0.9 791 791 
0.5 0.5733333333333334 0.9066666666666666 807 807 
0.5 0.5733333333333334 0.9133333333333333 809 809 
0.5 0.5733333333333334 0.92 837 837 
0.5 0.5733333333333334 0.9266666666666666 831 831 
0.5 0.5733333333333334 0.9333333333333333 902 902 
0.5 0.5733333333333334 0.94 849 849 
0.5 0.5733333333333334 0.9466666666666667 914 914 
0.5 0.5733333333333334 0.9533333333333334 761 761 
0.5 0.5733333333333334 0.96 981 981 
0.5 0.5733333333333334 0.9666666666666667 729 729 
0.5 0.5733333333333334 0.9733333333333334 634 634 
0.5 0.5733333333333334 0.98 1280 1280 
0.5 0.5733333333333334 0.9866666666666667 0 0 
0.5 0.5733333333333334 0.9933333333333333 0 0 
0.5 0.58 0.0 0 0 
0.5 0.58 0.006666666666666667 0 0 
0.5 0.58 0.013333333333333334 1409 1409 
0.5 0.58 0.02 691 691 
0.5 0.58 0.02666666666666667 790 790 
0.5 0.58 0.03333333333333333 1021 1021 
0.5 0.58 0.04 806 806 
0.5 0.58 0.04666666666666667 914 914 
0.5 0.58 0.05333333333333334 928 928 
0.5 0.58 0.06 867 867 
0.5 0.58 0.06666666666666667 892 892 
0.5 0.58 0.07333333333333333 830 830 
0.5 0.58 0.08 871 871 
0.5 0.58 0.08666666666666667 846 846 
0.5 0.58 0.09333333333333334 866 866 
0.5 0.58 0.1 895 895 
0.5 0.58 0.10666666666666667 827 827 
0.5 0.58 0.11333333333333333 869 869 
0.5 0.58 0.12 839 839 
0.5 0.58 0.12666666666666668 785 785 
0.5 0.58 0.13333333333333333 845 845 
0.5 0.58 0.14 815 815 
0.5 0.58 0.14666666666666667 872 872 
0.5 0.58 0.15333333333333332 802 802 
0.5 0.58 0.16 801 801 
0.5 0.58 0.16666666666666666 755 755 
0.5 0.58 0.17333333333333334 827 827 
0.5 0.58 0.18 824 824 
0.5 0.58 0.18666666666666668 863 863 
0.5 0.58 0.19333333333333333 777 777 
0.5 0.58 0.2 835 835 
0.5 0.58 0.20666666666666667 848 848 
0.5 0.58 0.21333333333333335 837 837 
0.5 0.58 0.22 823 823 
0.5 0.58 0.22666666666666666 844 844 
0.5 0.58 0.23333333333333334 810 810 
0.5 0.58 0.24 865 865 
0.5 0.58 0.24666666666666667 798 798 
0.5 0.58 0.25333333333333335 833 833 
0.5 0.58 0.26 790 790 
0.5 0.58 0.26666666666666666 810 810 
0.5 0.58 0.2733333333333333 832 832 
0.5 0.58 0.28 847 847 
0.5 0.58 0.2866666666666667 838 838 
0.5 0.58 0.29333333333333333 842 842 
0.5 0.58 0.3 833 833 
0.5 0.58 0.30666666666666664 840 840 
0.5 0.58 0.31333333333333335 838 838 
0.5 0.58 0.32 827 827 
0.5 0.58 0.32666666666666666 799 799 
0.5 0.58 0.3333333333333333 834 834 
0.5 0.58 0.34 818 818 
0.5 0.58 0.3466666666666667 894 894 
0.5 0.58 0.35333333333333333 887 887 
0.5 0.58 0.36 816 816 
0.5 0.58 0.36666666666666664 856 856 
0.5 0.58 0.37333333333333335 877 877 
0.5 0.58 0.38 822 822 
0.5 0.58 0.38666666666666666 817 817 
0.5 0.58 0.3933333333333333 818 818 
0.5 0.58 0.4 890 890 
0.5 0.58 0.4066666666666667 805 805 
0.5 0.58 0.41333333333333333 834 834 
0.5 0.58 0.42 849 849 
0.5 0.58 0.4266666666666667 759 759 
0.5 0.58 0.43333333333333335 787 787 
0.5 0.58 0.44 864 864 
0.5 0.58 0.44666666666666666 781 781 
0.5 0.58 0.4533333333333333 816 816 
0.5 0.58 0.46 816 816 
0.5 0.58 0.4666666666666667 819 819 
0.5 0.58 0.47333333333333333 870 870 
0.5 0.58 0.48 844 844 
0.5 0.58 0.4866666666666667 824 824 
0.5 0.58 0.49333333333333335 819 819 
0.5 0.58 0.5 812 812 
0.5 0.58 0.5066666666666667 822 822 
0.5 0.58 0.5133333333333333 800 800 
0.5 0.58 0.52 808 808 
0.5 0.58 0.5266666666666666 802 802 
0.5 0.58 0.5333333333333333 776 776 
0.5 0.58 0.54 864 864 
0.5 0.58 0.5466666666666666 849 849 
0.5 0.58 0.5533333333333333 825 825 
0.5 0.58 0.56 806 806 
0.5 0.58 0.5666666666666667 817 817 
0.5 0.58 0.5733333333333334 801 801 
0.5 0.58 0.58 842 842 
0.5 0.58 0.5866666666666667 814 814 
0.5 0.58 0.5933333333333334 788 788 
0.5 0.58 0.6 882 882 
0.5 0.58 0.6066666666666667 833 833 
0.5 0.58 0.6133333333333333 837 837 
0.5 0.58 0.62 853 853 
0.5 0.58 0.6266666666666667 801 801 
0.5 0.58 0.6333333333333333 882 882 
0.5 0.58 0.64 811 811 
0.5 0.58 0.6466666666666666 833 833 
0.5 0.58 0.6533333333333333 832 832 
0.5 0.58 0.66 822 822 
0.5 0.58 0.6666666666666666 838 838 
0.5 0.58 0.6733333333333333 841 841 
0.5 0.58 0.68 820 820 
0.5 0.58 0.6866666666666666 850 850 
0.5 0.58 0.6933333333333334 775 775 
0.5 0.58 0.7 804 804 
0.5 0.58 0.7066666666666667 842 842 
0.5 0.58 0.7133333333333334 832 832 
0.5 0.58 0.72 867 867 
0.5 0.58 0.7266666666666667 831 831 
0.5 0.58 0.7333333333333333 790 790 
0.5 0.58 0.74 805 805 
0.5 0.58 0.7466666666666667 849 849 
0.5 0.58 0.7533333333333333 845 845 
0.5 0.58 0.76 772 772 
0.5 0.58 0.7666666666666667 809 809 
0.5 0.58 0.7733333333333333 836 836 
0.5 0.58 0.78 806 806 
0.5 0.58 0.7866666666666666 816 816 
0.5 0.58 0.7933333333333333 753 753 
0.5 0.58 0.8 848 848 
0.5 0.58 0.8066666666666666 817 817 
0.5 0.58 0.8133333333333334 804 804 
0.5 0.58 0.82 829 829 
0.5 0.58 0.8266666666666667 802 802 
0.5 0.58 0.8333333333333334 769 769 
0.5 0.58 0.84 857 857 
0.5 0.58 0.8466666666666667 812 812 
0.5 0.58 0.8533333333333334 845 845 
0.5 0.58 0.86 820 820 
0.5 0.58 0.8666666666666667 849 849 
0.5 0.58 0.8733333333333333 787 787 
0.5 0.58 0.88 824 824 
0.5 0.58 0.8866666666666667 802 802 
0.5 0.58 0.8933333333333333 764 764 
0.5 0.58 0.9 814 814 
0.5 0.58 0.9066666666666666 781 781 
0.5 0.58 0.9133333333333333 791 791 
0.5 0.58 0.92 785 785 
0.5 0.58 0.9266666666666666 854 854 
0.5 0.58 0.9333333333333333 800 800 
0.5 0.58 0.94 820 820 
0.5 0.58 0.9466666666666667 900 900 
0.5 0.58 0.9533333333333334 793 793 
0.5 0.58 0.96 953 953 
0.5 0.58 0.9666666666666667 763 763 
0.5 0.58 0.9733333333333334 667 667 
0.5 0.58 0.98 1266 1266 
0.5 0.58 0.9866666666666667 0 0 
0.5 0.58 0.9933333333333333 0 0 
0.5 0.5866666666666667 0.0 0 0 
0.5 0.5866666666666667 0.006666666666666667 0 0 
0.5 0.5866666666666667 0.013333333333333334 1378 1378 
0.5 0.5866666666666667 0.02 710 710 
0.5 0.5866666666666667 0.02666666666666667 822 822 
0.5 0.5866666666666667 0.03333333333333333 1024 1024 
0.5 0.5866666666666667 0.04 766 766 
0.5 0.5866666666666667 0.04666666666666667 928 928 
0.5 0.5866666666666667 0.05333333333333334 794 794 
0.5 0.5866666666666667 0.06 855 855 
0.5 0.5866666666666667 0.06666666666666667 868 868 
0.5 0.5866666666666667 0.07333333333333333 862 862 
0.5 0.5866666666666667 0.08 788 788 
0.5 0.5866666666666667 0.08666666666666667 868 868 
0.5 0.5866666666666667 0.09333333333333334 836 836 
0.5 0.5866666666666667 0.1 917 917 
0.5 0.5866666666666667 0.10666666666666667 843 843 
0.5 0.5866666666666667 0.11333333333333333 919 919 
0.5 0.5866666666666667 0.12 857 857 
0.5 0.5866666666666667 0.12666666666666668 810 810 
0.5 0.5866666666666667 0.13333333333333333 870 870 
0.5 0.5866666666666667 0.14 790 790 
0.5 0.5866666666666667 0.14666666666666667 831 831 
0.5 0.5866666666666667 0.15333333333333332 843 843 
0.5 0.5866666666666667 0.16 836 836 
0.5 0.5866666666666667 0.16666666666666666 854 854 
0.5 0.5866666666666667 0.17333333333333334 822 822 
0.5 0.5866666666666667 0.18 830 830 
0.5 0.5866666666666667 0.18666666666666668 844 844 
0.5 0.5866666666666667 0.19333333333333333 787 787 
0.5 0.5866666666666667 0.2 852 852 
0.5 0.5866666666666667 0.20666666666666667 833 833 
0.5 0.5866666666666667 0.21333333333333335 841 841 
0.5 0.5866666666666667 0.22 829 829 
0.5 0.5866666666666667 0.22666666666666666 802 802 
0.5 0.5866666666666667 0.23333333333333334 852 852 
0.5 0.5866666666666667 0.24 826 826 
0.5 0.5866666666666667 0.24666666666666667 839 839 
0.5 0.5866666666666667 0.25333333333333335 795 795 
0.5 0.5866666666666667 0.26 829 829 
0.5 0.5866666666666667 0.26666666666666666 800 800 
0.5 0.5866666666666667 0.2733333333333333 798 798 
0.5 0.5866666666666667 0.28 817 817 
0.5 0.5866666666666667 0.2866666666666667 831 831 
0.5 0.5866666666666667 0.29333333333333333 843 843 
0.5 0.5866666666666667 0.3 889 889 
0.5 0.5866666666666667 0.30666666666666664 859 859 
0.5 0.5866666666666667 0.31333333333333335 863 863 
0.5 0.5866666666666667 0.32 877 877 
0.5 0.5866666666666667 0.32666666666666666 822 822 
0.5 0.5866666666666667 0.3333333333333333 828 828 
0.5 0.5866666666666667 0.34 832 832 
0.5 0.5866666666666667 0.3466666666666667 829 829 
0.5 0.5866666666666667 0.35333333333333333 895 895 
0.5 0.5866666666666667 0.36 838 838 
0.5 0.5866666666666667 0.36666666666666664 842 842 
0.5 0.5866666666666667 0.37333333333333335 860 860 
0.5 0.5866666666666667 0.38 882 882 
0.5 0.5866666666666667 0.38666666666666666 871 871 
0.5 0.5866666666666667 0.3933333333333333 828 828 
0.5 0.5866666666666667 0.4 864 864 
0.5 0.5866666666666667 0.4066666666666667 759 759 
0.5 0.5866666666666667 0.41333333333333333 857 857 
0.5 0.5866666666666667 0.42 783 783 
0.5 0.5866666666666667 0.4266666666666667 836 836 
0.5 0.5866666666666667 0.43333333333333335 882 882 
0.5 0.5866666666666667 0.44 771 771 
0.5 0.5866666666666667 0.44666666666666666 855 855 
0.5 0.5866666666666667 0.4533333333333333 860 860 
0.5 0.5866666666666667 0.46 867 867 
0.5 0.5866666666666667 0.4666666666666667 854 854 
0.5 0.5866666666666667 0.47333333333333333 823 823 
0.5 0.5866666666666667 0.48 831 831 
0.5 0.5866666666666667 0.4866666666666667 840 840 
0.5 0.5866666666666667 0.49333333333333335 817 817 
0.5 0.5866666666666667 0.5 788 788 
0.5 0.5866666666666667 0.5066666666666667 840 840 
0.5 0.5866666666666667 0.5133333333333333 806 806 
0.5 0.5866666666666667 0.52 784 784 
0.5 0.5866666666666667 0.5266666666666666 787 787 
0.5 0.5866666666666667 0.5333333333333333 828 828 
0.5 0.5866666666666667 0.54 848 848 
0.5 0.5866666666666667 0.5466666666666666 789 789 
0.5 0.5866666666666667 0.5533333333333333 858 858 
0.5 0.5866666666666667 0.56 799 799 
0.5 0.5866666666666667 0.5666666666666667 819 819 
0.5 0.5866666666666667 0.5733333333333334 815 815 
0.5 0.5866666666666667 0.58 816 816 
0.5 0.5866666666666667 0.5866666666666667 856 856 
0.5 0.5866666666666667 0.5933333333333334 841 841 
0.5 0.5866666666666667 0.6 792 792 
0.5 0.5866666666666667 0.6066666666666667 796 796 
0.5 0.5866666666666667 0.6133333333333333 857 857 
0.5 0.5866666666666667 0.62 799 799 
0.5 0.5866666666666667 0.6266666666666667 876 876 
0.5 0.5866666666666667 0.6333333333333333 764 764 
0.5 0.5866666666666667 0.64 851 851 
0.5 0.5866666666666667 0.6466666666666666 815 815 
0.5 0.5866666666666667 0.6533333333333333 859 859 
0.5 0.5866666666666667 0.66 836 836 
0.5 0.5866666666666667 0.6666666666666666 858 858 
0.5 0.5866666666666667 0.6733333333333333 804 804 
0.5 0.5866666666666667 0.68 861 861 
0.5 0.5866666666666667 0.6866666666666666 824 824 
0.5 0.5866666666666667 0.6933333333333334 833 833 
0.5 0.5866666666666667 0.7 854 854 
0.5 0.5866666666666667 0.7066666666666667 827 827 
0.5 0.5866666666666667 0.7133333333333334 806 806 
0.5 0.5866666666666667 0.72 853 853 
0.5 0.5866666666666667 0.7266666666666667 903 903 
0.5 0.5866666666666667 0.7333333333333333 836 836 
0.5 0.5866666666666667 0.74 785 785 
0.5 0.5866666666666667 0.7466666666666667 818 818 
0.5 0.5866666666666667 0.7533333333333333 833 833 
0.5 0.5866666666666667 0.76 811 811 
0.5 0.5866666666666667 0.7666666666666667 850 850 
0.5 0.5866666666666667 0.7733333333333333 812 812 
0.5 0.5866666666666667 0.78 821 821 
0.5 0.5866666666666667 0.7866666666666666 802 802 
0.5 0.5866666666666667 0.7933333333333333 770 770 
0.5 0.5866666666666667 0.8 830 830 
0.5 0.5866666666666667 0.8066666666666666 840 840 
0.5 0.5866666666666667 0.8133333333333334 802 802 
0.5 0.5866666666666667 0.82 832 832 
0.5 0.5866666666666667 0.8266666666666667 803 803 
0.5 0.5866666666666667 0.8333333333333334 777 777 
0.5 0.5866666666666667 0.84 831 831 
0.5 0.5866666666666667 0.8466666666666667 839 839 
0.5 0.5866666666666667 0.8533333333333334 867 867 
0.5 0.5866666666666667 0.86 820 820 
0.5 0.5866666666666667 0.8666666666666667 806 806 
0.5 0.5866666666666667 0.8733333333333333 770 770 
0.5 0.5866666666666667 0.88 865 865 
0.5 0.5866666666666667 0.8866666666666667 785 785 
0.5 0.5866666666666667 0.8933333333333333 826 826 
0.5 0.5866666666666667 0.9 812 812 
0.5 0.5866666666666667 0.9066666666666666 836 836 
0.5 0.5866666666666667 0.9133333333333333 760 760 
0.5 0.5866666666666667 0.92 786 786 
0.5 0.5866666666666667 0.9266666666666666 830 830 
0.5 0.5866666666666667 0.9333333333333333 825 825 
0.5 0.5866666666666667 0.94 851 851 
0.5 0.5866666666666667 0.9466666666666667 870 870 
0.5 0.5866666666666667 0.9533333333333334 791 791 
0.5 0.5866666666666667 0.96 947 947 
0.5 0.5866666666666667 0.9666666666666667 710 710 
0.5 0.5866666666666667 0.9733333333333334 683 683 
0.5 0.5866666666666667 0.98 1279 1279 
0.5 0.5866666666666667 0.9866666666666667 0 0 
0.5 0.5866666666666667 0.9933333333333333 0 0 
0.5 0.5933333333333334 0.0 0 0 
0.5 0.5933333333333334 0.006666666666666667 0 0 
0.5 0.5933333333333334 0.013333333333333334 1404 1404 
0.5 0.5933333333333334 0.02 777 777 
0.5 0.5933333333333334 0.02666666666666667 794 794 
0.5 0.5933333333333334 0.03333333333333333 1009 1009 
0.5 0.5933333333333334 0.04 821 821 
0.5 0.5933333333333334 0.04666666666666667 986 986 
0.5 0.5933333333333334 0.05333333333333334 861 861 
0.5 0.5933333333333334 0.06 865 865 
0.5 0.5933333333333334 0.06666666666666667 895 895 
0.5 0.5933333333333334 0.07333333333333333 889 889 
0.5 0.5933333333333334 0.08 857 857 
0.5 0.5933333333333334 0.08666666666666667 799 799 
0.5 0.5933333333333334 0.09333333333333334 870 870 
0.5 0.5933333333333334 0.1 829 829 
0.5 0.5933333333333334 0.10666666666666667 854 854 
0.5 0.5933333333333334 0.11333333333333333 818 818 
0.5 0.5933333333333334 0.12 864 864 
0.5 0.5933333333333334 0.12666666666666668 828 828 
0.5 0.5933333333333334 0.13333333333333333 907 907 
0.5 0.5933333333333334 0.14 897 897 
0.5 0.5933333333333334 0.14666666666666667 853 853 
0.5 0.5933333333333334 0.15333333333333332 843 843 
0.5 0.5933333333333334 0.16 894 894 
0.5 0.5933333333333334 0.16666666666666666 883 883 
0.5 0.5933333333333334 0.17333333333333334 831 831 
0.5 0.5933333333333334 0.18 832 832 
0.5 0.5933333333333334 0.18666666666666668 820 820 
0.5 0.5933333333333334 0.19333333333333333 847 847 
0.5 0.5933333333333334 0.2 804 804 
0.5 0.5933333333333334 0.20666666666666667 815 815 
0.5 0.5933333333333334 0.21333333333333335 856 856 
0.5 0.5933333333333334 0.22 795 795 
0.5 0.5933333333333334 0.22666666666666666 807 807 
0.5 0.5933333333333334 0.23333333333333334 814 814 
0.5 0.5933333333333334 0.24 851 851 
0.5 0.5933333333333334 0.24666666666666667 830 830 
0.5 0.5933333333333334 0.25333333333333335 831 831 
0.5 0.5933333333333334 0.26 852 852 
0.5 0.5933333333333334 0.26666666666666666 847 847 
0.5 0.5933333333333334 0.2733333333333333 823 823 
0.5 0.5933333333333334 0.28 838 838 
0.5 0.5933333333333334 0.2866666666666667 825 825 
0.5 0.5933333333333334 0.29333333333333333 817 817 
0.5 0.5933333333333334 0.3 880 880 
0.5 0.5933333333333334 0.30666666666666664 864 864 
0.5 0.5933333333333334 0.31333333333333335 828 828 
0.5 0.5933333333333334 0.32 859 859 
0.5 0.5933333333333334 0.32666666666666666 851 851 
0.5 0.5933333333333334 0.3333333333333333 890 890 
0.5 0.5933333333333334 0.34 883 883 
0.5 0.5933333333333334 0.3466666666666667 873 873 
0.5 0.5933333333333334 0.35333333333333333 810 810 
0.5 0.5933333333333334 0.36 818 818 
0.5 0.5933333333333334 0.36666666666666664 898 898 
0.5 0.5933333333333334 0.37333333333333335 806 806 
0.5 0.5933333333333334 0.38 874 874 
0.5 0.5933333333333334 0.38666666666666666 882 882 
0.5 0.5933333333333334 0.3933333333333333 801 801 
0.5 0.5933333333333334 0.4 882 882 
0.5 0.5933333333333334 0.4066666666666667 873 873 
0.5 0.5933333333333334 0.41333333333333333 871 871 
0.5 0.5933333333333334 0.42 797 797 
0.5 0.5933333333333334 0.4266666666666667 827 827 
0.5 0.5933333333333334 0.43333333333333335 881 881 
0.5 0.5933333333333334 0.44 807 807 
0.5 0.5933333333333334 0.44666666666666666 850 850 
0.5 0.5933333333333334 0.4533333333333333 874 874 
0.5 0.5933333333333334 0.46 786 786 
0.5 0.5933333333333334 0.4666666666666667 885 885 
0.5 0.5933333333333334 0.47333333333333333 880 880 
0.5 0.5933333333333334 0.48 832 832 
0.5 0.5933333333333334 0.4866666666666667 822 822 
0.5 0.5933333333333334 0.49333333333333335 851 851 
0.5 0.5933333333333334 0.5 829 829 
0.5 0.5933333333333334 0.5066666666666667 836 836 
0.5 0.5933333333333334 0.5133333333333333 828 828 
0.5 0.5933333333333334 0.52 857 857 
0.5 0.5933333333333334 0.5266666666666666 857 857 
0.5 0.5933333333333334 0.5333333333333333 794 794 
0.5 0.5933333333333334 0.54 788 788 
0.5 0.5933333333333334 0.5466666666666666 806 806 
0.5 0.5933333333333334 0.5533333333333333 846 846 
0.5 0.5933333333333334 0.56 824 824 
0.5 0.5933333333333334 0.5666666666666667 879 879 
0.5 0.5933333333333334 0.5733333333333334 818 818 
0.5 0.5933333333333334 0.58 856 856 
0.5 0.5933333333333334 0.5866666666666667 784 784 
0.5 0.5933333333333334 0.5933333333333334 823 823 
0.5 0.5933333333333334 0.6 793 793 
0.5 0.5933333333333334 0.6066666666666667 832 832 
0.5 0.5933333333333334 0.6133333333333333 810 810 
0.5 0.5933333333333334 0.62 848 848 
0.5 0.5933333333333334 0.6266666666666667 835 835 
0.5 0.5933333333333334 0.6333333333333333 855 855 
0.5 0.5933333333333334 0.64 854 854 
0.5 0.5933333333333334 0.6466666666666666 819 819 
0.5 0.5933333333333334 0.6533333333333333 788 788 
0.5 0.5933333333333334 0.66 819 819 
0.5 0.5933333333333334 0.6666666666666666 842 842 
0.5 0.5933333333333334 0.6733333333333333 831 831 
0.5 0.5933333333333334 0.68 763 763 
0.5 0.5933333333333334 0.6866666666666666 859 859 
0.5 0.5933333333333334 0.6933333333333334 877 877 
0.5 0.5933333333333334 0.7 814 814 
0.5 0.5933333333333334 0.7066666666666667 874 874 
0.5 0.5933333333333334 0.7133333333333334 826 826 
0.5 0.5933333333333334 0.72 817 817 
0.5 0.5933333333333334 0.7266666666666667 877 877 
0.5 0.5933333333333334 0.7333333333333333 875 875 
0.5 0.5933333333333334 0.74 806 806 
0.5 0.5933333333333334 0.7466666666666667 833 833 
0.5 0.5933333333333334 0.7533333333333333 791 791 
0.5 0.5933333333333334 0.76 859 859 
0.5 0.5933333333333334 0.7666666666666667 794 794 
0.5 0.5933333333333334 0.7733333333333333 793 793 
0.5 0.5933333333333334 0.78 766 766 
0.5 0.5933333333333334 0.7866666666666666 770 770 
0.5 0.5933333333333334 0.7933333333333333 805 805 
0.5 0.5933333333333334 0.8 789 789 
0.5 0.5933333333333334 0.8066666666666666 742 742 
0.5 0.5933333333333334 0.8133333333333334 803 803 
0.5 0.5933333333333334 0.82 804 804 
0.5 0.5933333333333334 0.8266666666666667 838 838 
0.5 0.5933333333333334 0.8333333333333334 827 827 
0.5 0.5933333333333334 0.84 813 813 
0.5 0.5933333333333334 0.8466666666666667 831 831 
0.5 0.5933333333333334 0.8533333333333334 842 842 
0.5 0.5933333333333334 0.86 861 861 
0.5 0.5933333333333334 0.8666666666666667 867 867 
0.5 0.5933333333333334 0.8733333333333333 849 849 
0.5 0.5933333333333334 0.88 836 836 
0.5 0.5933333333333334 0.8866666666666667 837 837 
0.5 0.5933333333333334 0.8933333333333333 795 795 
0.5 0.5933333333333334 0.9 751 751 
0.5 0.5933333333333334 0.9066666666666666 877 877 
0.5 0.5933333333333334 0.9133333333333333 845 845 
0.5 0.5933333333333334 0.92 842 842 
0.5 0.5933333333333334 0.9266666666666666 854 854 
0.5 0.5933333333333334 0.9333333333333333 796 796 
0.5 0.5933333333333334 0.94 820 820 
0.5 0.5933333333333334 0.9466666666666667 859 859 
0.5 0.5933333333333334 0.9533333333333334 725 725 
0.5 0.5933333333333334 0.96 986 986 
0.5 0.5933333333333334 0.9666666666666667 767 767 
0.5 0.5933333333333334 0.9733333333333334 665 665 
0.5 0.5933333333333334 0.98 1285 1285 
0.5 0.5933333333333334 0.9866666666666667 0 0 
0.5 0.5933333333333334 0.9933333333333333 0 0 
0.5 0.6 0.0 0 0 
0.5 0.6 0.006666666666666667 0 0 
0.5 0.6 0.013333333333333334 1473 1473 
0.5 0.6 0.02 721 721 
0.5 0.6 0.02666666666666667 775 775 
0.5 0.6 0.03333333333333333 978 978 
0.5 0.6 0.04 829 829 
0.5 0.6 0.04666666666666667 917 917 
0.5 0.6 0.05333333333333334 884 884 
0.5 0.6 0.06 861 861 
0.5 0.6 0.06666666666666667 887 887 
0.5 0.6 0.07333333333333333 878 878 
0.5 0.6 0.08 853 853 
0.5 0.6 0.08666666666666667 861 861 
0.5 0.6 0.09333333333333334 889 889 
0.5 0.6 0.1 849 849 
0.5 0.6 0.10666666666666667 846 846 
0.5 0.6 0.11333333333333333 803 803 
0.5 0.6 0.12 837 837 
0.5 0.6 0.12666666666666668 877 877 
0.5 0.6 0.13333333333333333 830 830 
0.5 0.6 0.14 824 824 
0.5 0.6 0.14666666666666667 828 828 
0.5 0.6 0.15333333333333332 865 865 
0.5 0.6 0.16 846 846 
0.5 0.6 0.16666666666666666 865 865 
0.5 0.6 0.17333333333333334 903 903 
0.5 0.6 0.18 847 847 
0.5 0.6 0.18666666666666668 776 776 
0.5 0.6 0.19333333333333333 788 788 
0.5 0.6 0.2 860 860 
0.5 0.6 0.20666666666666667 827 827 
0.5 0.6 0.21333333333333335 855 855 
0.5 0.6 0.22 827 827 
0.5 0.6 0.22666666666666666 844 844 
0.5 0.6 0.23333333333333334 820 820 
0.5 0.6 0.24 793 793 
0.5 0.6 0.24666666666666667 795 795 
0.5 0.6 0.25333333333333335 814 814 
0.5 0.6 0.26 789 789 
0.5 0.6 0.26666666666666666 829 829 
0.5 0.6 0.2733333333333333 866 866 
0.5 0.6 0.28 846 846 
0.5 0.6 0.2866666666666667 907 907 
0.5 0.6 0.29333333333333333 801 801 
0.5 0.6 0.3 838 838 
0.5 0.6 0.30666666666666664 825 825 
0.5 0.6 0.31333333333333335 757 757 
0.5 0.6 0.32 838 838 
0.5 0.6 0.32666666666666666 796 796 
0.5 0.6 0.3333333333333333 784 784 
0.5 0.6 0.34 824 824 
0.5 0.6 0.3466666666666667 817 817 
0.5 0.6 0.35333333333333333 861 861 
0.5 0.6 0.36 903 903 
0.5 0.6 0.36666666666666664 792 792 
0.5 0.6 0.37333333333333335 833 833 
0.5 0.6 0.38 794 794 
0.5 0.6 0.38666666666666666 841 841 
0.5 0.6 0.3933333333333333 821 821 
0.5 0.6 0.4 828 828 
0.5 0.6 0.4066666666666667 825 825 
0.5 0.6 0.41333333333333333 839 839 
0.5 0.6 0.42 851 851 
0.5 0.6 0.4266666666666667 857 857 
0.5 0.6 0.43333333333333335 831 831 
0.5 0.6 0.44 828 828 
0.5 0.6 0.44666666666666666 851 851 
0.5 0.6 0.4533333333333333 847 847 
0.5 0.6 0.46 794 794 
0.5 0.6 0.4666666666666667 854 854 
0.5 0.6 0.47333333333333333 875 875 
0.5 0.6 0.48 865 865 
0.5 0.6 0.4866666666666667 832 832 
0.5 0.6 0.49333333333333335 815 815 
0.5 0.6 0.5 865 865 
0.5 0.6 0.5066666666666667 824 824 
0.5 0.6 0.5133333333333333 818 818 
0.5 0.6 0.52 814 814 
0.5 0.6 0.5266666666666666 831 831 
0.5 0.6 0.5333333333333333 846 846 
0.5 0.6 0.54 823 823 
0.5 0.6 0.5466666666666666 832 832 
0.5 0.6 0.5533333333333333 785 785 
0.5 0.6 0.56 843 843 
0.5 0.6 0.5666666666666667 796 796 
0.5 0.6 0.5733333333333334 876 876 
0.5 0.6 0.58 845 845 
0.5 0.6 0.5866666666666667 828 828 
0.5 0.6 0.5933333333333334 854 854 
0.5 0.6 0.6 879 879 
0.5 0.6 0.6066666666666667 834 834 
0.5 0.6 0.6133333333333333 871 871 
0.5 0.6 0.62 839 839 
0.5 0.6 0.6266666666666667 841 841 
0.5 0.6 0.6333333333333333 864 864 
0.5 0.6 0.64 852 852 
0.5 0.6 0.6466666666666666 822 822 
0.5 0.6 0.6533333333333333 816 816 
0.5 0.6 0.66 844 844 
0.5 0.6 0.6666666666666666 896 896 
0.5 0.6 0.6733333333333333 858 858 
0.5 0.6 0.68 809 809 
0.5 0.6 0.6866666666666666 814 814 
0.5 0.6 0.6933333333333334 855 855 
0.5 0.6 0.7 852 852 
0.5 0.6 0.7066666666666667 880 880 
0.5 0.6 0.7133333333333334 875 875 
0.5 0.6 0.72 803 803 
0.5 0.6 0.7266666666666667 837 837 
0.5 0.6 0.7333333333333333 785 785 
0.5 0.6 0.74 880 880 
0.5 0.6 0.7466666666666667 839 839 
0.5 0.6 0.7533333333333333 877 877 
0.5 0.6 0.76 837 837 
0.5 0.6 0.7666666666666667 820 820 
0.5 0.6 0.7733333333333333 800 800 
0.5 0.6 0.78 828 828 
0.5 0.6 0.7866666666666666 789 789 
0.5 0.6 0.7933333333333333 752 752 
0.5 0.6 0.8 834 834 
0.5 0.6 0.8066666666666666 780 780 
0.5 0.6 0.8133333333333334 783 783 
0.5 0.6 0.82 820 820 
0.5 0.6 0.8266666666666667 833 833 
0.5 0.6 0.8333333333333334 839 839 
0.5 0.6 0.84 823 823 
0.5 0.6 0.8466666666666667 810 810 
0.5 0.6 0.8533333333333334 781 781 
0.5 0.6 0.86 779 779 
0.5 0.6 0.8666666666666667 766 766 
0.5 0.6 0.8733333333333333 836 836 
0.5 0.6 0.88 775 775 
0.5 0.6 0.8866666666666667 807 807 
0.5 0.6 0.8933333333333333 846 846 
0.5 0.6 0.9 782 782 
0.5 0.6 0.9066666666666666 829 829 
0.5 0.6 0.9133333333333333 816 816 
0.5 0.6 0.92 817 817 
0.5 0.6 0.9266666666666666 814 814 
0.5 0.6 0.9333333333333333 784 784 
0.5 0.6 0.94 814 814 
0.5 0.6 0.9466666666666667 876 876 
0.5 0.6 0.9533333333333334 812 812 
0.5 0.6 0.96 984 984 
0.5 0.6 0.9666666666666667 772 772 
0.5 0.6 0.9733333333333334 684 684 
0.5 0.6 0.98 1351 1351 
0.5 0.6 0.9866666666666667 0 0 
0.5 0.6 0.9933333333333333 0 0 
0.5 0.6066666666666667 0.0 0 0 
0.5 0.6066666666666667 0.006666666666666667 0 0 
0.5 0.6066666666666667 0.013333333333333334 1381 1381 
0.5 0.6066666666666667 0.02 686 686 
0.5 0.6066666666666667 0.02666666666666667 792 792 
0.5 0.6066666666666667 0.03333333333333333 980 980 
0.5 0.6066666666666667 0.04 817 817 
0.5 0.6066666666666667 0.04666666666666667 968 968 
0.5 0.6066666666666667 0.05333333333333334 853 853 
0.5 0.6066666666666667 0.06 916 916 
0.5 0.6066666666666667 0.06666666666666667 886 886 
0.5 0.6066666666666667 0.07333333333333333 823 823 
0.5 0.6066666666666667 0.08 887 887 
0.5 0.6066666666666667 0.08666666666666667 878 878 
0.5 0.6066666666666667 0.09333333333333334 874 874 
0.5 0.6066666666666667 0.1 817 817 
0.5 0.6066666666666667 0.10666666666666667 821 821 
0.5 0.6066666666666667 0.11333333333333333 853 853 
0.5 0.6066666666666667 0.12 840 840 
0.5 0.6066666666666667 0.12666666666666668 861 861 
0.5 0.6066666666666667 0.13333333333333333 873 873 
0.5 0.6066666666666667 0.14 912 912 
0.5 0.6066666666666667 0.14666666666666667 819 819 
0.5 0.6066666666666667 0.15333333333333332 831 831 
0.5 0.6066666666666667 0.16 908 908 
0.5 0.6066666666666667 0.16666666666666666 887 887 
0.5 0.6066666666666667 0.17333333333333334 827 827 
0.5 0.6066666666666667 0.18 867 867 
0.5 0.6066666666666667 0.18666666666666668 870 870 
0.5 0.6066666666666667 0.19333333333333333 856 856 
0.5 0.6066666666666667 0.2 891 891 
0.5 0.6066666666666667 0.20666666666666667 932 932 
0.5 0.6066666666666667 0.21333333333333335 810 810 
0.5 0.6066666666666667 0.22 781 781 
0.5 0.6066666666666667 0.22666666666666666 837 837 
0.5 0.6066666666666667 0.23333333333333334 823 823 
0.5 0.6066666666666667 0.24 810 810 
0.5 0.6066666666666667 0.24666666666666667 822 822 
0.5 0.6066666666666667 0.25333333333333335 806 806 
0.5 0.6066666666666667 0.26 890 890 
0.5 0.6066666666666667 0.26666666666666666 809 809 
0.5 0.6066666666666667 0.2733333333333333 864 864 
0.5 0.6066666666666667 0.28 857 857 
0.5 0.6066666666666667 0.2866666666666667 890 890 
0.5 0.6066666666666667 0.29333333333333333 866 866 
0.5 0.6066666666666667 0.3 807 807 
0.5 0.6066666666666667 0.30666666666666664 849 849 
0.5 0.6066666666666667 0.31333333333333335 856 856 
0.5 0.6066666666666667 0.32 858 858 
0.5 0.6066666666666667 0.32666666666666666 831 831 
0.5 0.6066666666666667 0.3333333333333333 849 849 
0.5 0.6066666666666667 0.34 831 831 
0.5 0.6066666666666667 0.3466666666666667 800 800 
0.5 0.6066666666666667 0.35333333333333333 855 855 
0.5 0.6066666666666667 0.36 803 803 
0.5 0.6066666666666667 0.36666666666666664 860 860 
0.5 0.6066666666666667 0.37333333333333335 819 819 
0.5 0.6066666666666667 0.38 826 826 
0.5 0.6066666666666667 0.38666666666666666 804 804 
0.5 0.6066666666666667 0.3933333333333333 852 852 
0.5 0.6066666666666667 0.4 909 909 
0.5 0.6066666666666667 0.4066666666666667 827 827 
0.5 0.6066666666666667 0.41333333333333333 891 891 
0.5 0.6066666666666667 0.42 859 859 
0.5 0.6066666666666667 0.4266666666666667 806 806 
0.5 0.6066666666666667 0.43333333333333335 853 853 
0.5 0.6066666666666667 0.44 837 837 
0.5 0.6066666666666667 0.44666666666666666 869 869 
0.5 0.6066666666666667 0.4533333333333333 792 792 
0.5 0.6066666666666667 0.46 855 855 
0.5 0.6066666666666667 0.4666666666666667 796 796 
0.5 0.6066666666666667 0.47333333333333333 866 866 
0.5 0.6066666666666667 0.48 826 826 
0.5 0.6066666666666667 0.4866666666666667 861 861 
0.5 0.6066666666666667 0.49333333333333335 842 842 
0.5 0.6066666666666667 0.5 795 795 
0.5 0.6066666666666667 0.5066666666666667 856 856 
0.5 0.6066666666666667 0.5133333333333333 812 812 
0.5 0.6066666666666667 0.52 778 778 
0.5 0.6066666666666667 0.5266666666666666 865 865 
0.5 0.6066666666666667 0.5333333333333333 805 805 
0.5 0.6066666666666667 0.54 855 855 
0.5 0.6066666666666667 0.5466666666666666 865 865 
0.5 0.6066666666666667 0.5533333333333333 792 792 
0.5 0.6066666666666667 0.56 808 808 
0.5 0.6066666666666667 0.5666666666666667 850 850 
0.5 0.6066666666666667 0.5733333333333334 806 806 
0.5 0.6066666666666667 0.58 824 824 
0.5 0.6066666666666667 0.5866666666666667 849 849 
0.5 0.6066666666666667 0.5933333333333334 834 834 
0.5 0.6066666666666667 0.6 836 836 
0.5 0.6066666666666667 0.6066666666666667 787 787 
0.5 0.6066666666666667 0.6133333333333333 790 790 
0.5 0.6066666666666667 0.62 801 801 
0.5 0.6066666666666667 0.6266666666666667 854 854 
0.5 0.6066666666666667 0.6333333333333333 824 824 
0.5 0.6066666666666667 0.64 874 874 
0.5 0.6066666666666667 0.6466666666666666 828 828 
0.5 0.6066666666666667 0.6533333333333333 866 866 
0.5 0.6066666666666667 0.66 820 820 
0.5 0.6066666666666667 0.6666666666666666 850 850 
0.5 0.6066666666666667 0.6733333333333333 853 853 
0.5 0.6066666666666667 0.68 877 877 
0.5 0.6066666666666667 0.6866666666666666 868 868 
0.5 0.6066666666666667 0.6933333333333334 800 800 
0.5 0.6066666666666667 0.7 847 847 
0.5 0.6066666666666667 0.7066666666666667 802 802 
0.5 0.6066666666666667 0.7133333333333334 794 794 
0.5 0.6066666666666667 0.72 834 834 
0.5 0.6066666666666667 0.7266666666666667 832 832 
0.5 0.6066666666666667 0.7333333333333333 833 833 
0.5 0.6066666666666667 0.74 808 808 
0.5 0.6066666666666667 0.7466666666666667 857 857 
0.5 0.6066666666666667 0.7533333333333333 854 854 
0.5 0.6066666666666667 0.76 772 772 
0.5 0.6066666666666667 0.7666666666666667 809 809 
0.5 0.6066666666666667 0.7733333333333333 799 799 
0.5 0.6066666666666667 0.78 836 836 
0.5 0.6066666666666667 0.7866666666666666 808 808 
0.5 0.6066666666666667 0.7933333333333333 750 750 
0.5 0.6066666666666667 0.8 839 839 
0.5 0.6066666666666667 0.8066666666666666 814 814 
0.5 0.6066666666666667 0.8133333333333334 822 822 
0.5 0.6066666666666667 0.82 769 769 
0.5 0.6066666666666667 0.8266666666666667 858 858 
0.5 0.6066666666666667 0.8333333333333334 807 807 
0.5 0.6066666666666667 0.84 804 804 
0.5 0.6066666666666667 0.8466666666666667 801 801 
0.5 0.6066666666666667 0.8533333333333334 806 806 
0.5 0.6066666666666667 0.86 828 828 
0.5 0.6066666666666667 0.8666666666666667 795 795 
0.5 0.6066666666666667 0.8733333333333333 840 840 
0.5 0.6066666666666667 0.88 798 798 
0.5 0.6066666666666667 0.8866666666666667 810 810 
0.5 0.6066666666666667 0.8933333333333333 802 802 
0.5 0.6066666666666667 0.9 823 823 
0.5 0.6066666666666667 0.9066666666666666 835 835 
0.5 0.6066666666666667 0.9133333333333333 864 864 
0.5 0.6066666666666667 0.92 768 768 
0.5 0.6066666666666667 0.9266666666666666 828 828 
0.5 0.6066666666666667 0.9333333333333333 855 855 
0.5 0.6066666666666667 0.94 850 850 
0.5 0.6066666666666667 0.9466666666666667 870 870 
0.5 0.6066666666666667 0.9533333333333334 717 717 
0.5 0.6066666666666667 0.96 961 961 
0.5 0.6066666666666667 0.9666666666666667 763 763 
0.5 0.6066666666666667 0.9733333333333334 691 691 
0.5 0.6066666666666667 0.98 1367 1367 
0.5 0.6066666666666667 0.9866666666666667 0 0 
0.5 0.6066666666666667 0.9933333333333333 0 0 
0.5 0.6133333333333333 0.0 0 0 
0.5 0.6133333333333333 0.006666666666666667 0 0 
0.5 0.6133333333333333 0.013333333333333334 1473 1473 
0.5 0.6133333333333333 0.02 683 683 
0.5 0.6133333333333333 0.02666666666666667 812 812 
0.5 0.6133333333333333 0.03333333333333333 1076 1076 
0.5 0.6133333333333333 0.04 798 798 
0.5 0.6133333333333333 0.04666666666666667 866 866 
0.5 0.6133333333333333 0.05333333333333334 856 856 
0.5 0.6133333333333333 0.06 859 859 
0.5 0.6133333333333333 0.06666666666666667 913 913 
0.5 0.6133333333333333 0.07333333333333333 869 869 
0.5 0.6133333333333333 0.08 832 832 
0.5 0.6133333333333333 0.08666666666666667 816 816 
0.5 0.6133333333333333 0.09333333333333334 844 844 
0.5 0.6133333333333333 0.1 850 850 
0.5 0.6133333333333333 0.10666666666666667 846 846 
0.5 0.6133333333333333 0.11333333333333333 826 826 
0.5 0.6133333333333333 0.12 862 862 
0.5 0.6133333333333333 0.12666666666666668 847 847 
0.5 0.6133333333333333 0.13333333333333333 903 903 
0.5 0.6133333333333333 0.14 878 878 
0.5 0.6133333333333333 0.14666666666666667 908 908 
0.5 0.6133333333333333 0.15333333333333332 846 846 
0.5 0.6133333333333333 0.16 864 864 
0.5 0.6133333333333333 0.16666666666666666 848 848 
0.5 0.6133333333333333 0.17333333333333334 938 938 
0.5 0.6133333333333333 0.18 845 845 
0.5 0.6133333333333333 0.18666666666666668 809 809 
0.5 0.6133333333333333 0.19333333333333333 825 825 
0.5 0.6133333333333333 0.2 901 901 
0.5 0.6133333333333333 0.20666666666666667 810 810 
0.5 0.6133333333333333 0.21333333333333335 850 850 
0.5 0.6133333333333333 0.22 793 793 
0.5 0.6133333333333333 0.22666666666666666 792 792 
0.5 0.6133333333333333 0.23333333333333334 833 833 
0.5 0.6133333333333333 0.24 800 800 
0.5 0.6133333333333333 0.24666666666666667 772 772 
0.5 0.6133333333333333 0.25333333333333335 805 805 
0.5 0.6133333333333333 0.26 814 814 
0.5 0.6133333333333333 0.26666666666666666 857 857 
0.5 0.6133333333333333 0.2733333333333333 853 853 
0.5 0.6133333333333333 0.28 836 836 
0.5 0.6133333333333333 0.2866666666666667 875 875 
0.5 0.6133333333333333 0.29333333333333333 817 817 
0.5 0.6133333333333333 0.3 833 833 
0.5 0.6133333333333333 0.30666666666666664 835 835 
0.5 0.6133333333333333 0.31333333333333335 824 824 
0.5 0.6133333333333333 0.32 844 844 
0.5 0.6133333333333333 0.32666666666666666 815 815 
0.5 0.6133333333333333 0.3333333333333333 863 863 
0.5 0.6133333333333333 0.34 840 840 
0.5 0.6133333333333333 0.3466666666666667 841 841 
0.5 0.6133333333333333 0.35333333333333333 791 791 
0.5 0.6133333333333333 0.36 845 845 
0.5 0.6133333333333333 0.36666666666666664 822 822 
0.5 0.6133333333333333 0.37333333333333335 848 848 
0.5 0.6133333333333333 0.38 813 813 
0.5 0.6133333333333333 0.38666666666666666 791 791 
0.5 0.6133333333333333 0.3933333333333333 837 837 
0.5 0.6133333333333333 0.4 813 813 
0.5 0.6133333333333333 0.4066666666666667 873 873 
0.5 0.6133333333333333 0.41333333333333333 850 850 
0.5 0.6133333333333333 0.42 821 821 
0.5 0.6133333333333333 0.4266666666666667 885 885 
0.5 0.6133333333333333 0.43333333333333335 803 803 
0.5 0.6133333333333333 0.44 804 804 
0.5 0.6133333333333333 0.44666666666666666 825 825 
0.5 0.6133333333333333 0.4533333333333333 857 857 
0.5 0.6133333333333333 0.46 788 788 
0.5 0.6133333333333333 0.4666666666666667 862 862 
0.5 0.6133333333333333 0.47333333333333333 823 823 
0.5 0.6133333333333333 0.48 863 863 
0.5 0.6133333333333333 0.4866666666666667 778 778 
0.5 0.6133333333333333 0.49333333333333335 837 837 
0.5 0.6133333333333333 0.5 834 834 
0.5 0.6133333333333333 0.5066666666666667 786 786 
0.5 0.6133333333333333 0.5133333333333333 806 806 
0.5 0.6133333333333333 0.52 829 829 
0.5 0.6133333333333333 0.5266666666666666 854 854 
0.5 0.6133333333333333 0.5333333333333333 826 826 
0.5 0.6133333333333333 0.54 831 831 
0.5 0.6133333333333333 0.5466666666666666 816 816 
0.5 0.6133333333333333 0.5533333333333333 848 848 
0.5 0.6133333333333333 0.56 873 873 
0.5 0.6133333333333333 0.5666666666666667 838 838 
0.5 0.6133333333333333 0.5733333333333334 821 821 
0.5 0.6133333333333333 0.58 899 899 
0.5 0.6133333333333333 0.5866666666666667 837 837 
0.5 0.6133333333333333 0.5933333333333334 850 850 
0.5 0.6133333333333333 0.6 821 821 
0.5 0.6133333333333333 0.6066666666666667 847 847 
0.5 0.6133333333333333 0.6133333333333333 877 877 
0.5 0.6133333333333333 0.62 773 773 
0.5 0.6133333333333333 0.6266666666666667 859 859 
0.5 0.6133333333333333 0.6333333333333333 813 813 
0.5 0.6133333333333333 0.64 849 849 
0.5 0.6133333333333333 0.6466666666666666 844 844 
0.5 0.6133333333333333 0.6533333333333333 831 831 
0.5 0.6133333333333333 0.66 866 866 
0.5 0.6133333333333333 0.6666666666666666 817 817 
0.5 0.6133333333333333 0.6733333333333333 860 860 
0.5 0.6133333333333333 0.68 828 828 
0.5 0.6133333333333333 0.6866666666666666 824 824 
0.5 0.6133333333333333 0.6933333333333334 802 802 
0.5 0.6133333333333333 0.7 804 804 
0.5 0.6133333333333333 0.7066666666666667 845 845 
0.5 0.6133333333333333 0.7133333333333334 808 808 
0.5 0.6133333333333333 0.72 836 836 
0.5 0.6133333333333333 0.7266666666666667 826 826 
0.5 0.6133333333333333 0.7333333333333333 842 842 
0.5 0.6133333333333333 0.74 818 818 
0.5 0.6133333333333333 0.7466666666666667 834 834 
0.5 0.6133333333333333 0.7533333333333333 786 786 
0.5 0.6133333333333333 0.76 809 809 
0.5 0.6133333333333333 0.7666666666666667 819 819 
0.5 0.6133333333333333 0.7733333333333333 820 820 
0.5 0.6133333333333333 0.78 813 813 
0.5 0.6133333333333333 0.7866666666666666 816 816 
0.5 0.6133333333333333 0.7933333333333333 878 878 
0.5 0.6133333333333333 0.8 862 862 
0.5 0.6133333333333333 0.8066666666666666 865 865 
0.5 0.6133333333333333 0.8133333333333334 795 795 
0.5 0.6133333333333333 0.82 860 860 
0.5 0.6133333333333333 0.8266666666666667 874 874 
0.5 0.6133333333333333 0.8333333333333334 828 828 
0.5 0.6133333333333333 0.84 847 847 
0.5 0.6133333333333333 0.8466666666666667 793 793 
0.5 0.6133333333333333 0.8533333333333334 803 803 
0.5 0.6133333333333333 0.86 808 808 
0.5 0.6133333333333333 0.8666666666666667 830 830 
0.5 0.6133333333333333 0.8733333333333333 839 839 
0.5 0.6133333333333333 0.88 862 862 
0.5 0.6133333333333333 0.8866666666666667 840 840 
0.5 0.6133333333333333 0.8933333333333333 858 858 
0.5 0.6133333333333333 0.9 826 826 
0.5 0.6133333333333333 0.9066666666666666 816 816 
0.5 0.6133333333333333 0.9133333333333333 811 811 
0.5 0.6133333333333333 0.92 798 798 
0.5 0.6133333333333333 0.9266666666666666 852 852 
0.5 0.6133333333333333 0.9333333333333333 792 792 
0.5 0.6133333333333333 0.94 831 831 
0.5 0.6133333333333333 0.9466666666666667 853 853 
0.5 0.6133333333333333 0.9533333333333334 742 742 
0.5 0.6133333333333333 0.96 889 889 
0.5 0.6133333333333333 0.9666666666666667 710 710 
0.5 0.6133333333333333 0.9733333333333334 697 697 
0.5 0.6133333333333333 0.98 1374 1374 
0.5 0.6133333333333333 0.9866666666666667 0 0 
0.5 0.6133333333333333 0.9933333333333333 0 0 
0.5 0.62 0.0 0 0 
0.5 0.62 0.006666666666666667 0 0 
0.5 0.62 0.013333333333333334 1336 1336 
0.5 0.62 0.02 670 670 
0.5 0.62 0.02666666666666667 722 722 
0.5 0.62 0.03333333333333333 991 991 
0.5 0.62 0.04 816 816 
0.5 0.62 0.04666666666666667 905 905 
0.5 0.62 0.05333333333333334 840 840 
0.5 0.62 0.06 832 832 
0.5 0.62 0.06666666666666667 830 830 
0.5 0.62 0.07333333333333333 814 814 
0.5 0.62 0.08 832 832 
0.5 0.62 0.08666666666666667 839 839 
0.5 0.62 0.09333333333333334 840 840 
0.5 0.62 0.1 845 845 
0.5 0.62 0.10666666666666667 906 906 
0.5 0.62 0.11333333333333333 840 840 
0.5 0.62 0.12 859 859 
0.5 0.62 0.12666666666666668 866 866 
0.5 0.62 0.13333333333333333 751 751 
0.5 0.62 0.14 802 802 
0.5 0.62 0.14666666666666667 842 842 
0.5 0.62 0.15333333333333332 831 831 
0.5 0.62 0.16 836 836 
0.5 0.62 0.16666666666666666 855 855 
0.5 0.62 0.17333333333333334 884 884 
0.5 0.62 0.18 851 851 
0.5 0.62 0.18666666666666668 881 881 
0.5 0.62 0.19333333333333333 853 853 
0.5 0.62 0.2 810 810 
0.5 0.62 0.20666666666666667 856 856 
0.5 0.62 0.21333333333333335 859 859 
0.5 0.62 0.22 844 844 
0.5 0.62 0.22666666666666666 838 838 
0.5 0.62 0.23333333333333334 816 816 
0.5 0.62 0.24 808 808 
0.5 0.62 0.24666666666666667 808 808 
0.5 0.62 0.25333333333333335 822 822 
0.5 0.62 0.26 838 838 
0.5 0.62 0.26666666666666666 862 862 
0.5 0.62 0.2733333333333333 832 832 
0.5 0.62 0.28 860 860 
0.5 0.62 0.2866666666666667 843 843 
0.5 0.62 0.29333333333333333 820 820 
0.5 0.62 0.3 826 826 
0.5 0.62 0.30666666666666664 861 861 
0.5 0.62 0.31333333333333335 850 850 
0.5 0.62 0.32 820 820 
0.5 0.62 0.32666666666666666 841 841 
0.5 0.62 0.3333333333333333 846 846 
0.5 0.62 0.34 802 802 
0.5 0.62 0.3466666666666667 817 817 
0.5 0.62 0.35333333333333333 849 849 
0.5 0.62 0.36 788 788 
0.5 0.62 0.36666666666666664 835 835 
0.5 0.62 0.37333333333333335 847 847 
0.5 0.62 0.38 837 837 
0.5 0.62 0.38666666666666666 811 811 
0.5 0.62 0.3933333333333333 852 852 
0.5 0.62 0.4 802 802 
0.5 0.62 0.4066666666666667 881 881 
0.5 0.62 0.41333333333333333 832 832 
0.5 0.62 0.42 819 819 
0.5 0.62 0.4266666666666667 873 873 
0.5 0.62 0.43333333333333335 823 823 
0.5 0.62 0.44 869 869 
0.5 0.62 0.44666666666666666 877 877 
0.5 0.62 0.4533333333333333 823 823 
0.5 0.62 0.46 882 882 
0.5 0.62 0.4666666666666667 901 901 
0.5 0.62 0.47333333333333333 858 858 
0.5 0.62 0.48 802 802 
0.5 0.62 0.4866666666666667 881 881 
0.5 0.62 0.49333333333333335 809 809 
0.5 0.62 0.5 837 837 
0.5 0.62 0.5066666666666667 873 873 
0.5 0.62 0.5133333333333333 814 814 
0.5 0.62 0.52 843 843 
0.5 0.62 0.5266666666666666 860 860 
0.5 0.62 0.5333333333333333 801 801 
0.5 0.62 0.54 860 860 
0.5 0.62 0.5466666666666666 887 887 
0.5 0.62 0.5533333333333333 871 871 
0.5 0.62 0.56 828 828 
0.5 0.62 0.5666666666666667 846 846 
0.5 0.62 0.5733333333333334 830 830 
0.5 0.62 0.58 836 836 
0.5 0.62 0.5866666666666667 818 818 
0.5 0.62 0.5933333333333334 847 847 
0.5 0.62 0.6 878 878 
0.5 0.62 0.6066666666666667 820 820 
0.5 0.62 0.6133333333333333 810 810 
0.5 0.62 0.62 837 837 
0.5 0.62 0.6266666666666667 808 808 
0.5 0.62 0.6333333333333333 785 785 
0.5 0.62 0.64 869 869 
0.5 0.62 0.6466666666666666 807 807 
0.5 0.62 0.6533333333333333 864 864 
0.5 0.62 0.66 838 838 
0.5 0.62 0.6666666666666666 830 830 
0.5 0.62 0.6733333333333333 827 827 
0.5 0.62 0.68 830 830 
0.5 0.62 0.6866666666666666 831 831 
0.5 0.62 0.6933333333333334 782 782 
0.5 0.62 0.7 838 838 
0.5 0.62 0.7066666666666667 846 846 
0.5 0.62 0.7133333333333334 802 802 
0.5 0.62 0.72 812 812 
0.5 0.62 0.7266666666666667 829 829 
0.5 0.62 0.7333333333333333 829 829 
0.5 0.62 0.74 813 813 
0.5 0.62 0.7466666666666667 827 827 
0.5 0.62 0.7533333333333333 836 836 
0.5 0.62 0.76 864 864 
0.5 0.62 0.7666666666666667 840 840 
0.5 0.62 0.7733333333333333 772 772 
0.5 0.62 0.78 901 901 
0.5 0.62 0.7866666666666666 820 820 
0.5 0.62 0.7933333333333333 824 824 
0.5 0.62 0.8 832 832 
0.5 0.62 0.8066666666666666 835 835 
0.5 0.62 0.8133333333333334 813 813 
0.5 0.62 0.82 868 868 
0.5 0.62 0.8266666666666667 814 814 
0.5 0.62 0.8333333333333334 848 848 
0.5 0.62 0.84 820 820 
0.5 0.62 0.8466666666666667 850 850 
0.5 0.62 0.8533333333333334 817 817 
0.5 0.62 0.86 866 866 
0.5 0.62 0.8666666666666667 795 795 
0.5 0.62 0.8733333333333333 836 836 
0.5 0.62 0.88 844 844 
0.5 0.62 0.8866666666666667 836 836 
0.5 0.62 0.8933333333333333 832 832 
0.5 0.62 0.9 852 852 
0.5 0.62 0.9066666666666666 873 873 
0.5 0.62 0.9133333333333333 832 832 
0.5 0.62 0.92 874 874 
0.5 0.62 0.9266666666666666 837 837 
0.5 0.62 0.9333333333333333 779 779 
0.5 0.62 0.94 792 792 
0.5 0.62 0.9466666666666667 898 898 
0.5 0.62 0.9533333333333334 790 790 
0.5 0.62 0.96 1053 1053 
0.5 0.62 0.9666666666666667 746 746 
0.5 0.62 0.9733333333333334 696 696 
0.5 0.62 0.98 1311 1311 
0.5 0.62 0.9866666666666667 0 0 
0.5 0.62 0.9933333333333333 0 0 
0.5 0.6266666666666667 0.0 0 0 
0.5 0.6266666666666667 0.006666666666666667 0 0 
0.5 0.6266666666666667 0.013333333333333334 1403 1403 
0.5 0.6266666666666667 0.02 738 738 
0.5 0.6266666666666667 0.02666666666666667 800 800 
0.5 0.6266666666666667 0.03333333333333333 974 974 
0.5 0.6266666666666667 0.04 745 745 
0.5 0.6266666666666667 0.04666666666666667 845 845 
0.5 0.6266666666666667 0.05333333333333334 865 865 
0.5 0.6266666666666667 0.06 786 786 
0.5 0.6266666666666667 0.06666666666666667 874 874 
0.5 0.6266666666666667 0.07333333333333333 821 821 
0.5 0.6266666666666667 0.08 816 816 
0.5 0.6266666666666667 0.08666666666666667 839 839 
0.5 0.6266666666666667 0.09333333333333334 836 836 
0.5 0.6266666666666667 0.1 813 813 
0.5 0.6266666666666667 0.10666666666666667 854 854 
0.5 0.6266666666666667 0.11333333333333333 856 856 
0.5 0.6266666666666667 0.12 866 866 
0.5 0.6266666666666667 0.12666666666666668 868 868 
0.5 0.6266666666666667 0.13333333333333333 815 815 
0.5 0.6266666666666667 0.14 843 843 
0.5 0.6266666666666667 0.14666666666666667 775 775 
0.5 0.6266666666666667 0.15333333333333332 841 841 
0.5 0.6266666666666667 0.16 797 797 
0.5 0.6266666666666667 0.16666666666666666 857 857 
0.5 0.6266666666666667 0.17333333333333334 841 841 
0.5 0.6266666666666667 0.18 858 858 
0.5 0.6266666666666667 0.18666666666666668 871 871 
0.5 0.6266666666666667 0.19333333333333333 819 819 
0.5 0.6266666666666667 0.2 867 867 
0.5 0.6266666666666667 0.20666666666666667 826 826 
0.5 0.6266666666666667 0.21333333333333335 884 884 
0.5 0.6266666666666667 0.22 825 825 
0.5 0.6266666666666667 0.22666666666666666 838 838 
0.5 0.6266666666666667 0.23333333333333334 771 771 
0.5 0.6266666666666667 0.24 878 878 
0.5 0.6266666666666667 0.24666666666666667 853 853 
0.5 0.6266666666666667 0.25333333333333335 858 858 
0.5 0.6266666666666667 0.26 808 808 
0.5 0.6266666666666667 0.26666666666666666 792 792 
0.5 0.6266666666666667 0.2733333333333333 824 824 
0.5 0.6266666666666667 0.28 775 775 
0.5 0.6266666666666667 0.2866666666666667 837 837 
0.5 0.6266666666666667 0.29333333333333333 831 831 
0.5 0.6266666666666667 0.3 756 756 
0.5 0.6266666666666667 0.30666666666666664 817 817 
0.5 0.6266666666666667 0.31333333333333335 845 845 
0.5 0.6266666666666667 0.32 853 853 
0.5 0.6266666666666667 0.32666666666666666 841 841 
0.5 0.6266666666666667 0.3333333333333333 835 835 
0.5 0.6266666666666667 0.34 812 812 
0.5 0.6266666666666667 0.3466666666666667 803 803 
0.5 0.6266666666666667 0.35333333333333333 869 869 
0.5 0.6266666666666667 0.36 796 796 
0.5 0.6266666666666667 0.36666666666666664 830 830 
0.5 0.6266666666666667 0.37333333333333335 818 818 
0.5 0.6266666666666667 0.38 770 770 
0.5 0.6266666666666667 0.38666666666666666 833 833 
0.5 0.6266666666666667 0.3933333333333333 814 814 
0.5 0.6266666666666667 0.4 808 808 
0.5 0.6266666666666667 0.4066666666666667 852 852 
0.5 0.6266666666666667 0.41333333333333333 864 864 
0.5 0.6266666666666667 0.42 866 866 
0.5 0.6266666666666667 0.4266666666666667 771 771 
0.5 0.6266666666666667 0.43333333333333335 851 851 
0.5 0.6266666666666667 0.44 881 881 
0.5 0.6266666666666667 0.44666666666666666 818 818 
0.5 0.6266666666666667 0.4533333333333333 827 827 
0.5 0.6266666666666667 0.46 826 826 
0.5 0.6266666666666667 0.4666666666666667 825 825 
0.5 0.6266666666666667 0.47333333333333333 829 829 
0.5 0.6266666666666667 0.48 833 833 
0.5 0.6266666666666667 0.4866666666666667 847 847 
0.5 0.6266666666666667 0.49333333333333335 864 864 
0.5 0.6266666666666667 0.5 862 862 
0.5 0.6266666666666667 0.5066666666666667 849 849 
0.5 0.6266666666666667 0.5133333333333333 830 830 
0.5 0.6266666666666667 0.52 884 884 
0.5 0.6266666666666667 0.5266666666666666 886 886 
0.5 0.6266666666666667 0.5333333333333333 875 875 
0.5 0.6266666666666667 0.54 793 793 
0.5 0.6266666666666667 0.5466666666666666 808 808 
0.5 0.6266666666666667 0.5533333333333333 912 912 
0.5 0.6266666666666667 0.56 831 831 
0.5 0.6266666666666667 0.5666666666666667 843 843 
0.5 0.6266666666666667 0.5733333333333334 792 792 
0.5 0.6266666666666667 0.58 815 815 
0.5 0.6266666666666667 0.5866666666666667 840 840 
0.5 0.6266666666666667 0.5933333333333334 825 825 
0.5 0.6266666666666667 0.6 832 832 
0.5 0.6266666666666667 0.6066666666666667 835 835 
0.5 0.6266666666666667 0.6133333333333333 874 874 
0.5 0.6266666666666667 0.62 839 839 
0.5 0.6266666666666667 0.6266666666666667 848 848 
0.5 0.6266666666666667 0.6333333333333333 824 824 
0.5 0.6266666666666667 0.64 833 833 
0.5 0.6266666666666667 0.6466666666666666 812 812 
0.5 0.6266666666666667 0.6533333333333333 770 770 
0.5 0.6266666666666667 0.66 774 774 
0.5 0.6266666666666667 0.6666666666666666 788 788 
0.5 0.6266666666666667 0.6733333333333333 828 828 
0.5 0.6266666666666667 0.68 767 767 
0.5 0.6266666666666667 0.6866666666666666 828 828 
0.5 0.6266666666666667 0.6933333333333334 867 867 
0.5 0.6266666666666667 0.7 781 781 
0.5 0.6266666666666667 0.7066666666666667 823 823 
0.5 0.6266666666666667 0.7133333333333334 796 796 
0.5 0.6266666666666667 0.72 868 868 
0.5 0.6266666666666667 0.7266666666666667 852 852 
0.5 0.6266666666666667 0.7333333333333333 798 798 
0.5 0.6266666666666667 0.74 815 815 
0.5 0.6266666666666667 0.7466666666666667 826 826 
0.5 0.6266666666666667 0.7533333333333333 805 805 
0.5 0.6266666666666667 0.76 813 813 
0.5 0.6266666666666667 0.7666666666666667 828 828 
0.5 0.6266666666666667 0.7733333333333333 811 811 
0.5 0.6266666666666667 0.78 825 825 
0.5 0.6266666666666667 0.7866666666666666 822 822 
0.5 0.6266666666666667 0.7933333333333333 841 841 
0.5 0.6266666666666667 0.8 781 781 
0.5 0.6266666666666667 0.8066666666666666 863 863 
0.5 0.6266666666666667 0.8133333333333334 782 782 
0.5 0.6266666666666667 0.82 813 813 
0.5 0.6266666666666667 0.8266666666666667 868 868 
0.5 0.6266666666666667 0.8333333333333334 795 795 
0.5 0.6266666666666667 0.84 825 825 
0.5 0.6266666666666667 0.8466666666666667 897 897 
0.5 0.6266666666666667 0.8533333333333334 796 796 
0.5 0.6266666666666667 0.86 860 860 
0.5 0.6266666666666667 0.8666666666666667 866 866 
0.5 0.6266666666666667 0.8733333333333333 827 827 
0.5 0.6266666666666667 0.88 826 826 
0.5 0.6266666666666667 0.8866666666666667 842 842 
0.5 0.6266666666666667 0.8933333333333333 822 822 
0.5 0.6266666666666667 0.9 873 873 
0.5 0.6266666666666667 0.9066666666666666 840 840 
0.5 0.6266666666666667 0.9133333333333333 869 869 
0.5 0.6266666666666667 0.92 836 836 
0.5 0.6266666666666667 0.9266666666666666 826 826 
0.5 0.6266666666666667 0.9333333333333333 816 816 
0.5 0.6266666666666667 0.94 821 821 
0.5 0.6266666666666667 0.9466666666666667 858 858 
0.5 0.6266666666666667 0.9533333333333334 802 802 
0.5 0.6266666666666667 0.96 995 995 
0.5 0.6266666666666667 0.9666666666666667 729 729 
0.5 0.6266666666666667 0.9733333333333334 727 727 
0.5 0.6266666666666667 0.98 1361 1361 
0.5 0.6266666666666667 0.9866666666666667 0 0 
0.5 0.6266666666666667 0.9933333333333333 0 0 
0.5 0.6333333333333333 0.0 0 0 
0.5 0.6333333333333333 0.006666666666666667 0 0 
0.5 0.6333333333333333 0.013333333333333334 1326 1326 
0.5 0.6333333333333333 0.02 651 651 
0.5 0.6333333333333333 0.02666666666666667 783 783 
0.5 0.6333333333333333 0.03333333333333333 967 967 
0.5 0.6333333333333333 0.04 817 817 
0.5 0.6333333333333333 0.04666666666666667 907 907 
0.5 0.6333333333333333 0.05333333333333334 860 860 
0.5 0.6333333333333333 0.06 839 839 
0.5 0.6333333333333333 0.06666666666666667 880 880 
0.5 0.6333333333333333 0.07333333333333333 822 822 
0.5 0.6333333333333333 0.08 847 847 
0.5 0.6333333333333333 0.08666666666666667 806 806 
0.5 0.6333333333333333 0.09333333333333334 849 849 
0.5 0.6333333333333333 0.1 879 879 
0.5 0.6333333333333333 0.10666666666666667 862 862 
0.5 0.6333333333333333 0.11333333333333333 863 863 
0.5 0.6333333333333333 0.12 832 832 
0.5 0.6333333333333333 0.12666666666666668 811 811 
0.5 0.6333333333333333 0.13333333333333333 787 787 
0.5 0.6333333333333333 0.14 836 836 
0.5 0.6333333333333333 0.14666666666666667 895 895 
0.5 0.6333333333333333 0.15333333333333332 835 835 
0.5 0.6333333333333333 0.16 859 859 
0.5 0.6333333333333333 0.16666666666666666 859 859 
0.5 0.6333333333333333 0.17333333333333334 854 854 
0.5 0.6333333333333333 0.18 825 825 
0.5 0.6333333333333333 0.18666666666666668 813 813 
0.5 0.6333333333333333 0.19333333333333333 862 862 
0.5 0.6333333333333333 0.2 842 842 
0.5 0.6333333333333333 0.20666666666666667 890 890 
0.5 0.6333333333333333 0.21333333333333335 890 890 
0.5 0.6333333333333333 0.22 825 825 
0.5 0.6333333333333333 0.22666666666666666 876 876 
0.5 0.6333333333333333 0.23333333333333334 864 864 
0.5 0.6333333333333333 0.24 827 827 
0.5 0.6333333333333333 0.24666666666666667 862 862 
0.5 0.6333333333333333 0.25333333333333335 785 785 
0.5 0.6333333333333333 0.26 876 876 
0.5 0.6333333333333333 0.26666666666666666 828 828 
0.5 0.6333333333333333 0.2733333333333333 844 844 
0.5 0.6333333333333333 0.28 828 828 
0.5 0.6333333333333333 0.2866666666666667 840 840 
0.5 0.6333333333333333 0.29333333333333333 786 786 
0.5 0.6333333333333333 0.3 806 806 
0.5 0.6333333333333333 0.30666666666666664 837 837 
0.5 0.6333333333333333 0.31333333333333335 841 841 
0.5 0.6333333333333333 0.32 836 836 
0.5 0.6333333333333333 0.32666666666666666 827 827 
0.5 0.6333333333333333 0.3333333333333333 842 842 
0.5 0.6333333333333333 0.34 823 823 
0.5 0.6333333333333333 0.3466666666666667 853 853 
0.5 0.6333333333333333 0.35333333333333333 820 820 
0.5 0.6333333333333333 0.36 793 793 
0.5 0.6333333333333333 0.36666666666666664 846 846 
0.5 0.6333333333333333 0.37333333333333335 822 822 
0.5 0.6333333333333333 0.38 830 830 
0.5 0.6333333333333333 0.38666666666666666 857 857 
0.5 0.6333333333333333 0.3933333333333333 814 814 
0.5 0.6333333333333333 0.4 851 851 
0.5 0.6333333333333333 0.4066666666666667 876 876 
0.5 0.6333333333333333 0.41333333333333333 827 827 
0.5 0.6333333333333333 0.42 892 892 
0.5 0.6333333333333333 0.4266666666666667 797 797 
0.5 0.6333333333333333 0.43333333333333335 816 816 
0.5 0.6333333333333333 0.44 847 847 
0.5 0.6333333333333333 0.44666666666666666 832 832 
0.5 0.6333333333333333 0.4533333333333333 793 793 
0.5 0.6333333333333333 0.46 835 835 
0.5 0.6333333333333333 0.4666666666666667 808 808 
0.5 0.6333333333333333 0.47333333333333333 814 814 
0.5 0.6333333333333333 0.48 805 805 
0.5 0.6333333333333333 0.4866666666666667 879 879 
0.5 0.6333333333333333 0.49333333333333335 894 894 
0.5 0.6333333333333333 0.5 880 880 
0.5 0.6333333333333333 0.5066666666666667 839 839 
0.5 0.6333333333333333 0.5133333333333333 852 852 
0.5 0.6333333333333333 0.52 896 896 
0.5 0.6333333333333333 0.5266666666666666 809 809 
0.5 0.6333333333333333 0.5333333333333333 791 791 
0.5 0.6333333333333333 0.54 866 866 
0.5 0.6333333333333333 0.5466666666666666 830 830 
0.5 0.6333333333333333 0.5533333333333333 856 856 
0.5 0.6333333333333333 0.56 863 863 
0.5 0.6333333333333333 0.5666666666666667 860 860 
0.5 0.6333333333333333 0.5733333333333334 821 821 
0.5 0.6333333333333333 0.58 820 820 
0.5 0.6333333333333333 0.5866666666666667 750 750 
0.5 0.6333333333333333 0.5933333333333334 846 846 
0.5 0.6333333333333333 0.6 831 831 
0.5 0.6333333333333333 0.6066666666666667 794 794 
0.5 0.6333333333333333 0.6133333333333333 827 827 
0.5 0.6333333333333333 0.62 803 803 
0.5 0.6333333333333333 0.6266666666666667 762 762 
0.5 0.6333333333333333 0.6333333333333333 803 803 
0.5 0.6333333333333333 0.64 852 852 
0.5 0.6333333333333333 0.6466666666666666 801 801 
0.5 0.6333333333333333 0.6533333333333333 769 769 
0.5 0.6333333333333333 0.66 819 819 
0.5 0.6333333333333333 0.6666666666666666 843 843 
0.5 0.6333333333333333 0.6733333333333333 853 853 
0.5 0.6333333333333333 0.68 825 825 
0.5 0.6333333333333333 0.6866666666666666 753 753 
0.5 0.6333333333333333 0.6933333333333334 822 822 
0.5 0.6333333333333333 0.7 799 799 
0.5 0.6333333333333333 0.7066666666666667 860 860 
0.5 0.6333333333333333 0.7133333333333334 821 821 
0.5 0.6333333333333333 0.72 904 904 
0.5 0.6333333333333333 0.7266666666666667 803 803 
0.5 0.6333333333333333 0.7333333333333333 901 901 
0.5 0.6333333333333333 0.74 808 808 
0.5 0.6333333333333333 0.7466666666666667 873 873 
0.5 0.6333333333333333 0.7533333333333333 836 836 
0.5 0.6333333333333333 0.76 818 818 
0.5 0.6333333333333333 0.7666666666666667 821 821 
0.5 0.6333333333333333 0.7733333333333333 823 823 
0.5 0.6333333333333333 0.78 831 831 
0.5 0.6333333333333333 0.7866666666666666 846 846 
0.5 0.6333333333333333 0.7933333333333333 859 859 
0.5 0.6333333333333333 0.8 833 833 
0.5 0.6333333333333333 0.8066666666666666 873 873 
0.5 0.6333333333333333 0.8133333333333334 853 853 
0.5 0.6333333333333333 0.82 841 841 
0.5 0.6333333333333333 0.8266666666666667 803 803 
0.5 0.6333333333333333 0.8333333333333334 879 879 
0.5 0.6333333333333333 0.84 827 827 
0.5 0.6333333333333333 0.8466666666666667 826 826 
0.5 0.6333333333333333 0.8533333333333334 837 837 
0.5 0.6333333333333333 0.86 842 842 
0.5 0.6333333333333333 0.8666666666666667 874 874 
0.5 0.6333333333333333 0.8733333333333333 828 828 
0.5 0.6333333333333333 0.88 817 817 
0.5 0.6333333333333333 0.8866666666666667 889 889 
0.5 0.6333333333333333 0.8933333333333333 856 856 
0.5 0.6333333333333333 0.9 875 875 
0.5 0.6333333333333333 0.9066666666666666 856 856 
0.5 0.6333333333333333 0.9133333333333333 841 841 
0.5 0.6333333333333333 0.92 870 870 
0.5 0.6333333333333333 0.9266666666666666 853 853 
0.5 0.6333333333333333 0.9333333333333333 858 858 
0.5 0.6333333333333333 0.94 845 845 
0.5 0.6333333333333333 0.9466666666666667 888 888 
0.5 0.6333333333333333 0.9533333333333334 791 791 
0.5 0.6333333333333333 0.96 959 959 
0.5 0.6333333333333333 0.9666666666666667 755 755 
0.5 0.6333333333333333 0.9733333333333334 662 662 
0.5 0.6333333333333333 0.98 1345 1345 
0.5 0.6333333333333333 0.9866666666666667 0 0 
0.5 0.6333333333333333 0.9933333333333333 0 0 
0.5 0.64 0.0 0 0 
0.5 0.64 0.006666666666666667 0 0 
0.5 0.64 0.013333333333333334 1326 1326 
0.5 0.64 0.02 710 710 
0.5 0.64 0.02666666666666667 719 719 
0.5 0.64 0.03333333333333333 986 986 
0.5 0.64 0.04 765 765 
0.5 0.64 0.04666666666666667 893 893 
0.5 0.64 0.05333333333333334 848 848 
0.5 0.64 0.06 807 807 
0.5 0.64 0.06666666666666667 852 852 
0.5 0.64 0.07333333333333333 892 892 
0.5 0.64 0.08 830 830 
0.5 0.64 0.08666666666666667 843 843 
0.5 0.64 0.09333333333333334 832 832 
0.5 0.64 0.1 827 827 
0.5 0.64 0.10666666666666667 788 788 
0.5 0.64 0.11333333333333333 831 831 
0.5 0.64 0.12 851 851 
0.5 0.64 0.12666666666666668 799 799 
0.5 0.64 0.13333333333333333 804 804 
0.5 0.64 0.14 794 794 
0.5 0.64 0.14666666666666667 851 851 
0.5 0.64 0.15333333333333332 831 831 
0.5 0.64 0.16 847 847 
0.5 0.64 0.16666666666666666 851 851 
0.5 0.64 0.17333333333333334 822 822 
0.5 0.64 0.18 808 808 
0.5 0.64 0.18666666666666668 782 782 
0.5 0.64 0.19333333333333333 839 839 
0.5 0.64 0.2 851 851 
0.5 0.64 0.20666666666666667 891 891 
0.5 0.64 0.21333333333333335 873 873 
0.5 0.64 0.22 822 822 
0.5 0.64 0.22666666666666666 855 855 
0.5 0.64 0.23333333333333334 808 808 
0.5 0.64 0.24 804 804 
0.5 0.64 0.24666666666666667 874 874 
0.5 0.64 0.25333333333333335 874 874 
0.5 0.64 0.26 858 858 
0.5 0.64 0.26666666666666666 878 878 
0.5 0.64 0.2733333333333333 821 821 
0.5 0.64 0.28 816 816 
0.5 0.64 0.2866666666666667 829 829 
0.5 0.64 0.29333333333333333 839 839 
0.5 0.64 0.3 790 790 
0.5 0.64 0.30666666666666664 841 841 
0.5 0.64 0.31333333333333335 804 804 
0.5 0.64 0.32 839 839 
0.5 0.64 0.32666666666666666 888 888 
0.5 0.64 0.3333333333333333 814 814 
0.5 0.64 0.34 805 805 
0.5 0.64 0.3466666666666667 849 849 
0.5 0.64 0.35333333333333333 824 824 
0.5 0.64 0.36 813 813 
0.5 0.64 0.36666666666666664 788 788 
0.5 0.64 0.37333333333333335 838 838 
0.5 0.64 0.38 809 809 
0.5 0.64 0.38666666666666666 863 863 
0.5 0.64 0.3933333333333333 825 825 
0.5 0.64 0.4 781 781 
0.5 0.64 0.4066666666666667 846 846 
0.5 0.64 0.41333333333333333 829 829 
0.5 0.64 0.42 913 913 
0.5 0.64 0.4266666666666667 823 823 
0.5 0.64 0.43333333333333335 769 769 
0.5 0.64 0.44 858 858 
0.5 0.64 0.44666666666666666 848 848 
0.5 0.64 0.4533333333333333 859 859 
0.5 0.64 0.46 867 867 
0.5 0.64 0.4666666666666667 822 822 
0.5 0.64 0.47333333333333333 809 809 
0.5 0.64 0.48 776 776 
0.5 0.64 0.4866666666666667 805 805 
0.5 0.64 0.49333333333333335 859 859 
0.5 0.64 0.5 852 852 
0.5 0.64 0.5066666666666667 850 850 
0.5 0.64 0.5133333333333333 877 877 
0.5 0.64 0.52 867 867 
0.5 0.64 0.5266666666666666 861 861 
0.5 0.64 0.5333333333333333 837 837 
0.5 0.64 0.54 886 886 
0.5 0.64 0.5466666666666666 806 806 
0.5 0.64 0.5533333333333333 827 827 
0.5 0.64 0.56 837 837 
0.5 0.64 0.5666666666666667 815 815 
0.5 0.64 0.5733333333333334 839 839 
0.5 0.64 0.58 853 853 
0.5 0.64 0.5866666666666667 803 803 
0.5 0.64 0.5933333333333334 829 829 
0.5 0.64 0.6 793 793 
0.5 0.64 0.6066666666666667 834 834 
0.5 0.64 0.6133333333333333 840 840 
0.5 0.64 0.62 799 799 
0.5 0.64 0.6266666666666667 828 828 
0.5 0.64 0.6333333333333333 850 850 
0.5 0.64 0.64 842 842 
0.5 0.64 0.6466666666666666 879 879 
0.5 0.64 0.6533333333333333 820 820 
0.5 0.64 0.66 795 795 
0.5 0.64 0.6666666666666666 840 840 
0.5 0.64 0.6733333333333333 873 873 
0.5 0.64 0.68 811 811 
0.5 0.64 0.6866666666666666 782 782 
0.5 0.64 0.6933333333333334 843 843 
0.5 0.64 0.7 811 811 
0.5 0.64 0.7066666666666667 824 824 
0.5 0.64 0.7133333333333334 835 835 
0.5 0.64 0.72 825 825 
0.5 0.64 0.7266666666666667 838 838 
0.5 0.64 0.7333333333333333 833 833 
0.5 0.64 0.74 846 846 
0.5 0.64 0.7466666666666667 806 806 
0.5 0.64 0.7533333333333333 866 866 
0.5 0.64 0.76 837 837 
0.5 0.64 0.7666666666666667 856 856 
0.5 0.64 0.7733333333333333 820 820 
0.5 0.64 0.78 859 859 
0.5 0.64 0.7866666666666666 904 904 
0.5 0.64 0.7933333333333333 830 830 
0.5 0.64 0.8 821 821 
0.5 0.64 0.8066666666666666 818 818 
0.5 0.64 0.8133333333333334 884 884 
0.5 0.64 0.82 854 854 
0.5 0.64 0.8266666666666667 833 833 
0.5 0.64 0.8333333333333334 841 841 
0.5 0.64 0.84 809 809 
0.5 0.64 0.8466666666666667 844 844 
0.5 0.64 0.8533333333333334 876 876 
0.5 0.64 0.86 821 821 
0.5 0.64 0.8666666666666667 889 889 
0.5 0.64 0.8733333333333333 858 858 
0.5 0.64 0.88 823 823 
0.5 0.64 0.8866666666666667 879 879 
0.5 0.64 0.8933333333333333 867 867 
0.5 0.64 0.9 886 886 
0.5 0.64 0.9066666666666666 854 854 
0.5 0.64 0.9133333333333333 836 836 
0.5 0.64 0.92 825 825 
0.5 0.64 0.9266666666666666 889 889 
0.5 0.64 0.9333333333333333 801 801 
0.5 0.64 0.94 861 861 
0.5 0.64 0.9466666666666667 889 889 
0.5 0.64 0.9533333333333334 797 797 
0.5 0.64 0.96 948 948 
0.5 0.64 0.9666666666666667 790 790 
0.5 0.64 0.9733333333333334 675 675 
0.5 0.64 0.98 1393 1393 
0.5 0.64 0.9866666666666667 0 0 
0.5 0.64 0.9933333333333333 0 0 
0.5 0.6466666666666666 0.0 0 0 
0.5 0.6466666666666666 0.006666666666666667 0 0 
0.5 0.6466666666666666 0.013333333333333334 1342 1342 
0.5 0.6466666666666666 0.02 666 666 
0.5 0.6466666666666666 0.02666666666666667 717 717 
0.5 0.6466666666666666 0.03333333333333333 942 942 
0.5 0.6466666666666666 0.04 773 773 
0.5 0.6466666666666666 0.04666666666666667 851 851 
0.5 0.6466666666666666 0.05333333333333334 819 819 
0.5 0.6466666666666666 0.06 837 837 
0.5 0.6466666666666666 0.06666666666666667 836 836 
0.5 0.6466666666666666 0.07333333333333333 882 882 
0.5 0.6466666666666666 0.08 822 822 
0.5 0.6466666666666666 0.08666666666666667 797 797 
0.5 0.6466666666666666 0.09333333333333334 829 829 
0.5 0.6466666666666666 0.1 846 846 
0.5 0.6466666666666666 0.10666666666666667 821 821 
0.5 0.6466666666666666 0.11333333333333333 842 842 
0.5 0.6466666666666666 0.12 799 799 
0.5 0.6466666666666666 0.12666666666666668 802 802 
0.5 0.6466666666666666 0.13333333333333333 868 868 
0.5 0.6466666666666666 0.14 796 796 
0.5 0.6466666666666666 0.14666666666666667 863 863 
0.5 0.6466666666666666 0.15333333333333332 844 844 
0.5 0.6466666666666666 0.16 798 798 
0.5 0.6466666666666666 0.16666666666666666 819 819 
0.5 0.6466666666666666 0.17333333333333334 801 801 
0.5 0.6466666666666666 0.18 839 839 
0.5 0.6466666666666666 0.18666666666666668 850 850 
0.5 0.6466666666666666 0.19333333333333333 794 794 
0.5 0.6466666666666666 0.2 828 828 
0.5 0.6466666666666666 0.20666666666666667 803 803 
0.5 0.6466666666666666 0.21333333333333335 827 827 
0.5 0.6466666666666666 0.22 859 859 
0.5 0.6466666666666666 0.22666666666666666 794 794 
0.5 0.6466666666666666 0.23333333333333334 845 845 
0.5 0.6466666666666666 0.24 878 878 
0.5 0.6466666666666666 0.24666666666666667 858 858 
0.5 0.6466666666666666 0.25333333333333335 848 848 
0.5 0.6466666666666666 0.26 849 849 
0.5 0.6466666666666666 0.26666666666666666 829 829 
0.5 0.6466666666666666 0.2733333333333333 803 803 
0.5 0.6466666666666666 0.28 818 818 
0.5 0.6466666666666666 0.2866666666666667 870 870 
0.5 0.6466666666666666 0.29333333333333333 830 830 
0.5 0.6466666666666666 0.3 860 860 
0.5 0.6466666666666666 0.30666666666666664 810 810 
0.5 0.6466666666666666 0.31333333333333335 855 855 
0.5 0.6466666666666666 0.32 902 902 
0.5 0.6466666666666666 0.32666666666666666 847 847 
0.5 0.6466666666666666 0.3333333333333333 860 860 
0.5 0.6466666666666666 0.34 800 800 
0.5 0.6466666666666666 0.3466666666666667 884 884 
0.5 0.6466666666666666 0.35333333333333333 797 797 
0.5 0.6466666666666666 0.36 845 845 
0.5 0.6466666666666666 0.36666666666666664 809 809 
0.5 0.6466666666666666 0.37333333333333335 868 868 
0.5 0.6466666666666666 0.38 824 824 
0.5 0.6466666666666666 0.38666666666666666 870 870 
0.5 0.6466666666666666 0.3933333333333333 823 823 
0.5 0.6466666666666666 0.4 788 788 
0.5 0.6466666666666666 0.4066666666666667 810 810 
0.5 0.6466666666666666 0.41333333333333333 792 792 
0.5 0.6466666666666666 0.42 867 867 
0.5 0.6466666666666666 0.4266666666666667 803 803 
0.5 0.6466666666666666 0.43333333333333335 838 838 
0.5 0.6466666666666666 0.44 844 844 
0.5 0.6466666666666666 0.44666666666666666 847 847 
0.5 0.6466666666666666 0.4533333333333333 860 860 
0.5 0.6466666666666666 0.46 813 813 
0.5 0.6466666666666666 0.4666666666666667 819 819 
0.5 0.6466666666666666 0.47333333333333333 835 835 
0.5 0.6466666666666666 0.48 833 833 
0.5 0.6466666666666666 0.4866666666666667 852 852 
0.5 0.6466666666666666 0.49333333333333335 804 804 
0.5 0.6466666666666666 0.5 881 881 
0.5 0.6466666666666666 0.5066666666666667 839 839 
0.5 0.6466666666666666 0.5133333333333333 809 809 
0.5 0.6466666666666666 0.52 833 833 
0.5 0.6466666666666666 0.5266666666666666 788 788 
0.5 0.6466666666666666 0.5333333333333333 764 764 
0.5 0.6466666666666666 0.54 853 853 
0.5 0.6466666666666666 0.5466666666666666 835 835 
0.5 0.6466666666666666 0.5533333333333333 812 812 
0.5 0.6466666666666666 0.56 824 824 
0.5 0.6466666666666666 0.5666666666666667 900 900 
0.5 0.6466666666666666 0.5733333333333334 786 786 
0.5 0.6466666666666666 0.58 868 868 
0.5 0.6466666666666666 0.5866666666666667 853 853 
0.5 0.6466666666666666 0.5933333333333334 867 867 
0.5 0.6466666666666666 0.6 818 818 
0.5 0.6466666666666666 0.6066666666666667 788 788 
0.5 0.6466666666666666 0.6133333333333333 881 881 
0.5 0.6466666666666666 0.62 847 847 
0.5 0.6466666666666666 0.6266666666666667 846 846 
0.5 0.6466666666666666 0.6333333333333333 829 829 
0.5 0.6466666666666666 0.64 809 809 
0.5 0.6466666666666666 0.6466666666666666 828 828 
0.5 0.6466666666666666 0.6533333333333333 812 812 
0.5 0.6466666666666666 0.66 831 831 
0.5 0.6466666666666666 0.6666666666666666 802 802 
0.5 0.6466666666666666 0.6733333333333333 774 774 
0.5 0.6466666666666666 0.68 821 821 
0.5 0.6466666666666666 0.6866666666666666 815 815 
0.5 0.6466666666666666 0.6933333333333334 785 785 
0.5 0.6466666666666666 0.7 775 775 
0.5 0.6466666666666666 0.7066666666666667 863 863 
0.5 0.6466666666666666 0.7133333333333334 794 794 
0.5 0.6466666666666666 0.72 889 889 
0.5 0.6466666666666666 0.7266666666666667 844 844 
0.5 0.6466666666666666 0.7333333333333333 798 798 
0.5 0.6466666666666666 0.74 850 850 
0.5 0.6466666666666666 0.7466666666666667 856 856 
0.5 0.6466666666666666 0.7533333333333333 807 807 
0.5 0.6466666666666666 0.76 884 884 
0.5 0.6466666666666666 0.7666666666666667 862 862 
0.5 0.6466666666666666 0.7733333333333333 831 831 
0.5 0.6466666666666666 0.78 821 821 
0.5 0.6466666666666666 0.7866666666666666 884 884 
0.5 0.6466666666666666 0.7933333333333333 839 839 
0.5 0.6466666666666666 0.8 844 844 
0.5 0.6466666666666666 0.8066666666666666 819 819 
0.5 0.6466666666666666 0.8133333333333334 857 857 
0.5 0.6466666666666666 0.82 824 824 
0.5 0.6466666666666666 0.8266666666666667 824 824 
0.5 0.6466666666666666 0.8333333333333334 843 843 
0.5 0.6466666666666666 0.84 856 856 
0.5 0.6466666666666666 0.8466666666666667 865 865 
0.5 0.6466666666666666 0.8533333333333334 854 854 
0.5 0.6466666666666666 0.86 815 815 
0.5 0.6466666666666666 0.8666666666666667 833 833 
0.5 0.6466666666666666 0.8733333333333333 794 794 
0.5 0.6466666666666666 0.88 859 859 
0.5 0.6466666666666666 0.8866666666666667 882 882 
0.5 0.6466666666666666 0.8933333333333333 849 849 
0.5 0.6466666666666666 0.9 858 858 
0.5 0.6466666666666666 0.9066666666666666 841 841 
0.5 0.6466666666666666 0.9133333333333333 877 877 
0.5 0.6466666666666666 0.92 869 869 
0.5 0.6466666666666666 0.9266666666666666 885 885 
0.5 0.6466666666666666 0.9333333333333333 868 868 
0.5 0.6466666666666666 0.94 803 803 
0.5 0.6466666666666666 0.9466666666666667 940 940 
0.5 0.6466666666666666 0.9533333333333334 757 757 
0.5 0.6466666666666666 0.96 980 980 
0.5 0.6466666666666666 0.9666666666666667 772 772 
0.5 0.6466666666666666 0.9733333333333334 685 685 
0.5 0.6466666666666666 0.98 1324 1324 
0.5 0.6466666666666666 0.9866666666666667 0 0 
0.5 0.6466666666666666 0.9933333333333333 0 0 
0.5 0.6533333333333333 0.0 0 0 
0.5 0.6533333333333333 0.006666666666666667 0 0 
0.5 0.6533333333333333 0.013333333333333334 1238 1238 
0.5 0.6533333333333333 0.02 630 630 
0.5 0.6533333333333333 0.02666666666666667 713 713 
0.5 0.6533333333333333 0.03333333333333333 972 972 
0.5 0.6533333333333333 0.04 711 711 
0.5 0.6533333333333333 0.04666666666666667 851 851 
0.5 0.6533333333333333 0.05333333333333334 804 804 
0.5 0.6533333333333333 0.06 813 813 
0.5 0.6533333333333333 0.06666666666666667 866 866 
0.5 0.6533333333333333 0.07333333333333333 829 829 
0.5 0.6533333333333333 0.08 815 815 
0.5 0.6533333333333333 0.08666666666666667 864 864 
0.5 0.6533333333333333 0.09333333333333334 835 835 
0.5 0.6533333333333333 0.1 815 815 
0.5 0.6533333333333333 0.10666666666666667 800 800 
0.5 0.6533333333333333 0.11333333333333333 822 822 
0.5 0.6533333333333333 0.12 857 857 
0.5 0.6533333333333333 0.12666666666666668 899 899 
0.5 0.6533333333333333 0.13333333333333333 811 811 
0.5 0.6533333333333333 0.14 800 800 
0.5 0.6533333333333333 0.14666666666666667 844 844 
0.5 0.6533333333333333 0.15333333333333332 757 757 
0.5 0.6533333333333333 0.16 843 843 
0.5 0.6533333333333333 0.16666666666666666 822 822 
0.5 0.6533333333333333 0.17333333333333334 865 865 
0.5 0.6533333333333333 0.18 797 797 
0.5 0.6533333333333333 0.18666666666666668 835 835 
0.5 0.6533333333333333 0.19333333333333333 838 838 
0.5 0.6533333333333333 0.2 796 796 
0.5 0.6533333333333333 0.20666666666666667 749 749 
0.5 0.6533333333333333 0.21333333333333335 854 854 
0.5 0.6533333333333333 0.22 819 819 
0.5 0.6533333333333333 0.22666666666666666 828 828 
0.5 0.6533333333333333 0.23333333333333334 820 820 
0.5 0.6533333333333333 0.24 805 805 
0.5 0.6533333333333333 0.24666666666666667 823 823 
0.5 0.6533333333333333 0.25333333333333335 867 867 
0.5 0.6533333333333333 0.26 852 852 
0.5 0.6533333333333333 0.26666666666666666 815 815 
0.5 0.6533333333333333 0.2733333333333333 837 837 
0.5 0.6533333333333333 0.28 844 844 
0.5 0.6533333333333333 0.2866666666666667 870 870 
0.5 0.6533333333333333 0.29333333333333333 905 905 
0.5 0.6533333333333333 0.3 831 831 
0.5 0.6533333333333333 0.30666666666666664 836 836 
0.5 0.6533333333333333 0.31333333333333335 827 827 
0.5 0.6533333333333333 0.32 855 855 
0.5 0.6533333333333333 0.32666666666666666 815 815 
0.5 0.6533333333333333 0.3333333333333333 838 838 
0.5 0.6533333333333333 0.34 827 827 
0.5 0.6533333333333333 0.3466666666666667 854 854 
0.5 0.6533333333333333 0.35333333333333333 833 833 
0.5 0.6533333333333333 0.36 808 808 
0.5 0.6533333333333333 0.36666666666666664 922 922 
0.5 0.6533333333333333 0.37333333333333335 840 840 
0.5 0.6533333333333333 0.38 859 859 
0.5 0.6533333333333333 0.38666666666666666 851 851 
0.5 0.6533333333333333 0.3933333333333333 834 834 
0.5 0.6533333333333333 0.4 865 865 
0.5 0.6533333333333333 0.4066666666666667 824 824 
0.5 0.6533333333333333 0.41333333333333333 846 846 
0.5 0.6533333333333333 0.42 800 800 
0.5 0.6533333333333333 0.4266666666666667 857 857 
0.5 0.6533333333333333 0.43333333333333335 823 823 
0.5 0.6533333333333333 0.44 817 817 
0.5 0.6533333333333333 0.44666666666666666 835 835 
0.5 0.6533333333333333 0.4533333333333333 826 826 
0.5 0.6533333333333333 0.46 851 851 
0.5 0.6533333333333333 0.4666666666666667 851 851 
0.5 0.6533333333333333 0.47333333333333333 818 818 
0.5 0.6533333333333333 0.48 851 851 
0.5 0.6533333333333333 0.4866666666666667 783 783 
0.5 0.6533333333333333 0.49333333333333335 840 840 
0.5 0.6533333333333333 0.5 824 824 
0.5 0.6533333333333333 0.5066666666666667 825 825 
0.5 0.6533333333333333 0.5133333333333333 827 827 
0.5 0.6533333333333333 0.52 849 849 
0.5 0.6533333333333333 0.5266666666666666 875 875 
0.5 0.6533333333333333 0.5333333333333333 868 868 
0.5 0.6533333333333333 0.54 810 810 
0.5 0.6533333333333333 0.5466666666666666 831 831 
0.5 0.6533333333333333 0.5533333333333333 855 855 
0.5 0.6533333333333333 0.56 844 844 
0.5 0.6533333333333333 0.5666666666666667 857 857 
0.5 0.6533333333333333 0.5733333333333334 853 853 
0.5 0.6533333333333333 0.58 888 888 
0.5 0.6533333333333333 0.5866666666666667 869 869 
0.5 0.6533333333333333 0.5933333333333334 811 811 
0.5 0.6533333333333333 0.6 886 886 
0.5 0.6533333333333333 0.6066666666666667 900 900 
0.5 0.6533333333333333 0.6133333333333333 827 827 
0.5 0.6533333333333333 0.62 866 866 
0.5 0.6533333333333333 0.6266666666666667 842 842 
0.5 0.6533333333333333 0.6333333333333333 882 882 
0.5 0.6533333333333333 0.64 843 843 
0.5 0.6533333333333333 0.6466666666666666 882 882 
0.5 0.6533333333333333 0.6533333333333333 822 822 
0.5 0.6533333333333333 0.66 865 865 
0.5 0.6533333333333333 0.6666666666666666 824 824 
0.5 0.6533333333333333 0.6733333333333333 834 834 
0.5 0.6533333333333333 0.68 820 820 
0.5 0.6533333333333333 0.6866666666666666 814 814 
0.5 0.6533333333333333 0.6933333333333334 777 777 
0.5 0.6533333333333333 0.7 839 839 
0.5 0.6533333333333333 0.7066666666666667 822 822 
0.5 0.6533333333333333 0.7133333333333334 799 799 
0.5 0.6533333333333333 0.72 855 855 
0.5 0.6533333333333333 0.7266666666666667 828 828 
0.5 0.6533333333333333 0.7333333333333333 814 814 
0.5 0.6533333333333333 0.74 905 905 
0.5 0.6533333333333333 0.7466666666666667 839 839 
0.5 0.6533333333333333 0.7533333333333333 833 833 
0.5 0.6533333333333333 0.76 833 833 
0.5 0.6533333333333333 0.7666666666666667 835 835 
0.5 0.6533333333333333 0.7733333333333333 895 895 
0.5 0.6533333333333333 0.78 801 801 
0.5 0.6533333333333333 0.7866666666666666 844 844 
0.5 0.6533333333333333 0.7933333333333333 894 894 
0.5 0.6533333333333333 0.8 884 884 
0.5 0.6533333333333333 0.8066666666666666 825 825 
0.5 0.6533333333333333 0.8133333333333334 826 826 
0.5 0.6533333333333333 0.82 841 841 
0.5 0.6533333333333333 0.8266666666666667 842 842 
0.5 0.6533333333333333 0.8333333333333334 904 904 
0.5 0.6533333333333333 0.84 839 839 
0.5 0.6533333333333333 0.8466666666666667 820 820 
0.5 0.6533333333333333 0.8533333333333334 833 833 
0.5 0.6533333333333333 0.86 850 850 
0.5 0.6533333333333333 0.8666666666666667 823 823 
0.5 0.6533333333333333 0.8733333333333333 827 827 
0.5 0.6533333333333333 0.88 801 801 
0.5 0.6533333333333333 0.8866666666666667 873 873 
0.5 0.6533333333333333 0.8933333333333333 875 875 
0.5 0.6533333333333333 0.9 819 819 
0.5 0.6533333333333333 0.9066666666666666 847 847 
0.5 0.6533333333333333 0.9133333333333333 837 837 
0.5 0.6533333333333333 0.92 841 841 
0.5 0.6533333333333333 0.9266666666666666 919 919 
0.5 0.6533333333333333 0.9333333333333333 901 901 
0.5 0.6533333333333333 0.94 838 838 
0.5 0.6533333333333333 0.9466666666666667 947 947 
0.5 0.6533333333333333 0.9533333333333334 786 786 
0.5 0.6533333333333333 0.96 993 993 
0.5 0.6533333333333333 0.9666666666666667 772 772 
0.5 0.6533333333333333 0.9733333333333334 699 699 
0.5 0.6533333333333333 0.98 1345 1345 
0.5 0.6533333333333333 0.9866666666666667 0 0 
0.5 0.6533333333333333 0.9933333333333333 0 0 
0.5 0.66 0.0 0 0 
0.5 0.66 0.006666666666666667 0 0 
0.5 0.66 0.013333333333333334 1316 1316 
0.5 0.66 0.02 705 705 
0.5 0.66 0.02666666666666667 759 759 
0.5 0.66 0.03333333333333333 1023 1023 
0.5 0.66 0.04 762 762 
0.5 0.66 0.04666666666666667 841 841 
0.5 0.66 0.05333333333333334 812 812 
0.5 0.66 0.06 831 831 
0.5 0.66 0.06666666666666667 809 809 
0.5 0.66 0.07333333333333333 817 817 
0.5 0.66 0.08 825 825 
0.5 0.66 0.08666666666666667 860 860 
0.5 0.66 0.09333333333333334 903 903 
0.5 0.66 0.1 810 810 
0.5 0.66 0.10666666666666667 794 794 
0.5 0.66 0.11333333333333333 798 798 
0.5 0.66 0.12 858 858 
0.5 0.66 0.12666666666666668 806 806 
0.5 0.66 0.13333333333333333 795 795 
0.5 0.66 0.14 827 827 
0.5 0.66 0.14666666666666667 770 770 
0.5 0.66 0.15333333333333332 830 830 
0.5 0.66 0.16 797 797 
0.5 0.66 0.16666666666666666 854 854 
0.5 0.66 0.17333333333333334 819 819 
0.5 0.66 0.18 842 842 
0.5 0.66 0.18666666666666668 824 824 
0.5 0.66 0.19333333333333333 807 807 
0.5 0.66 0.2 871 871 
0.5 0.66 0.20666666666666667 888 888 
0.5 0.66 0.21333333333333335 786 786 
0.5 0.66 0.22 843 843 
0.5 0.66 0.22666666666666666 842 842 
0.5 0.66 0.23333333333333334 891 891 
0.5 0.66 0.24 872 872 
0.5 0.66 0.24666666666666667 825 825 
0.5 0.66 0.25333333333333335 871 871 
0.5 0.66 0.26 829 829 
0.5 0.66 0.26666666666666666 854 854 
0.5 0.66 0.2733333333333333 858 858 
0.5 0.66 0.28 866 866 
0.5 0.66 0.2866666666666667 854 854 
0.5 0.66 0.29333333333333333 837 837 
0.5 0.66 0.3 846 846 
0.5 0.66 0.30666666666666664 858 858 
0.5 0.66 0.31333333333333335 832 832 
0.5 0.66 0.32 816 816 
0.5 0.66 0.32666666666666666 829 829 
0.5 0.66 0.3333333333333333 848 848 
0.5 0.66 0.34 860 860 
0.5 0.66 0.3466666666666667 819 819 
0.5 0.66 0.35333333333333333 890 890 
0.5 0.66 0.36 816 816 
0.5 0.66 0.36666666666666664 832 832 
0.5 0.66 0.37333333333333335 853 853 
0.5 0.66 0.38 882 882 
0.5 0.66 0.38666666666666666 882 882 
0.5 0.66 0.3933333333333333 805 805 
0.5 0.66 0.4 815 815 
0.5 0.66 0.4066666666666667 775 775 
0.5 0.66 0.41333333333333333 848 848 
0.5 0.66 0.42 835 835 
0.5 0.66 0.4266666666666667 832 832 
0.5 0.66 0.43333333333333335 867 867 
0.5 0.66 0.44 833 833 
0.5 0.66 0.44666666666666666 845 845 
0.5 0.66 0.4533333333333333 863 863 
0.5 0.66 0.46 880 880 
0.5 0.66 0.4666666666666667 809 809 
0.5 0.66 0.47333333333333333 844 844 
0.5 0.66 0.48 802 802 
0.5 0.66 0.4866666666666667 874 874 
0.5 0.66 0.49333333333333335 821 821 
0.5 0.66 0.5 840 840 
0.5 0.66 0.5066666666666667 807 807 
0.5 0.66 0.5133333333333333 856 856 
0.5 0.66 0.52 864 864 
0.5 0.66 0.5266666666666666 850 850 
0.5 0.66 0.5333333333333333 836 836 
0.5 0.66 0.54 819 819 
0.5 0.66 0.5466666666666666 845 845 
0.5 0.66 0.5533333333333333 825 825 
0.5 0.66 0.56 836 836 
0.5 0.66 0.5666666666666667 861 861 
0.5 0.66 0.5733333333333334 806 806 
0.5 0.66 0.58 841 841 
0.5 0.66 0.5866666666666667 885 885 
0.5 0.66 0.5933333333333334 814 814 
0.5 0.66 0.6 792 792 
0.5 0.66 0.6066666666666667 878 878 
0.5 0.66 0.6133333333333333 866 866 
0.5 0.66 0.62 819 819 
0.5 0.66 0.6266666666666667 883 883 
0.5 0.66 0.6333333333333333 884 884 
0.5 0.66 0.64 856 856 
0.5 0.66 0.6466666666666666 880 880 
0.5 0.66 0.6533333333333333 831 831 
0.5 0.66 0.66 891 891 
0.5 0.66 0.6666666666666666 827 827 
0.5 0.66 0.6733333333333333 822 822 
0.5 0.66 0.68 820 820 
0.5 0.66 0.6866666666666666 814 814 
0.5 0.66 0.6933333333333334 817 817 
0.5 0.66 0.7 859 859 
0.5 0.66 0.7066666666666667 828 828 
0.5 0.66 0.7133333333333334 831 831 
0.5 0.66 0.72 847 847 
0.5 0.66 0.7266666666666667 834 834 
0.5 0.66 0.7333333333333333 856 856 
0.5 0.66 0.74 847 847 
0.5 0.66 0.7466666666666667 858 858 
0.5 0.66 0.7533333333333333 818 818 
0.5 0.66 0.76 864 864 
0.5 0.66 0.7666666666666667 817 817 
0.5 0.66 0.7733333333333333 851 851 
0.5 0.66 0.78 874 874 
0.5 0.66 0.7866666666666666 879 879 
0.5 0.66 0.7933333333333333 843 843 
0.5 0.66 0.8 811 811 
0.5 0.66 0.8066666666666666 839 839 
0.5 0.66 0.8133333333333334 806 806 
0.5 0.66 0.82 851 851 
0.5 0.66 0.8266666666666667 832 832 
0.5 0.66 0.8333333333333334 812 812 
0.5 0.66 0.84 854 854 
0.5 0.66 0.8466666666666667 828 828 
0.5 0.66 0.8533333333333334 820 820 
0.5 0.66 0.86 868 868 
0.5 0.66 0.8666666666666667 856 856 
0.5 0.66 0.8733333333333333 824 824 
0.5 0.66 0.88 818 818 
0.5 0.66 0.8866666666666667 839 839 
0.5 0.66 0.8933333333333333 825 825 
0.5 0.66 0.9 858 858 
0.5 0.66 0.9066666666666666 869 869 
0.5 0.66 0.9133333333333333 835 835 
0.5 0.66 0.92 890 890 
0.5 0.66 0.9266666666666666 883 883 
0.5 0.66 0.9333333333333333 903 903 
0.5 0.66 0.94 814 814 
0.5 0.66 0.9466666666666667 887 887 
0.5 0.66 0.9533333333333334 846 846 
0.5 0.66 0.96 940 940 
0.5 0.66 0.9666666666666667 761 761 
0.5 0.66 0.9733333333333334 697 697 
0.5 0.66 0.98 1338 1338 
0.5 0.66 0.9866666666666667 0 0 
0.5 0.66 0.9933333333333333 0 0 
0.5 0.6666666666666666 0.0 0 0 
0.5 0.6666666666666666 0.006666666666666667 0 0 
0.5 0.6666666666666666 0.013333333333333334 1312 1312 
0.5 0.6666666666666666 0.02 660 660 
0.5 0.6666666666666666 0.02666666666666667 753 753 
0.5 0.6666666666666666 0.03333333333333333 1026 1026 
0.5 0.6666666666666666 0.04 723 723 
0.5 0.6666666666666666 0.04666666666666667 876 876 
0.5 0.6666666666666666 0.05333333333333334 868 868 
0.5 0.6666666666666666 0.06 848 848 
0.5 0.6666666666666666 0.06666666666666667 878 878 
0.5 0.6666666666666666 0.07333333333333333 799 799 
0.5 0.6666666666666666 0.08 810 810 
0.5 0.6666666666666666 0.08666666666666667 806 806 
0.5 0.6666666666666666 0.09333333333333334 820 820 
0.5 0.6666666666666666 0.1 836 836 
0.5 0.6666666666666666 0.10666666666666667 845 845 
0.5 0.6666666666666666 0.11333333333333333 853 853 
0.5 0.6666666666666666 0.12 838 838 
0.5 0.6666666666666666 0.12666666666666668 840 840 
0.5 0.6666666666666666 0.13333333333333333 828 828 
0.5 0.6666666666666666 0.14 856 856 
0.5 0.6666666666666666 0.14666666666666667 807 807 
0.5 0.6666666666666666 0.15333333333333332 868 868 
0.5 0.6666666666666666 0.16 812 812 
0.5 0.6666666666666666 0.16666666666666666 802 802 
0.5 0.6666666666666666 0.17333333333333334 850 850 
0.5 0.6666666666666666 0.18 826 826 
0.5 0.6666666666666666 0.18666666666666668 798 798 
0.5 0.6666666666666666 0.19333333333333333 823 823 
0.5 0.6666666666666666 0.2 823 823 
0.5 0.6666666666666666 0.20666666666666667 773 773 
0.5 0.6666666666666666 0.21333333333333335 863 863 
0.5 0.6666666666666666 0.22 790 790 
0.5 0.6666666666666666 0.22666666666666666 822 822 
0.5 0.6666666666666666 0.23333333333333334 847 847 
0.5 0.6666666666666666 0.24 819 819 
0.5 0.6666666666666666 0.24666666666666667 819 819 
0.5 0.6666666666666666 0.25333333333333335 835 835 
0.5 0.6666666666666666 0.26 862 862 
0.5 0.6666666666666666 0.26666666666666666 837 837 
0.5 0.6666666666666666 0.2733333333333333 848 848 
0.5 0.6666666666666666 0.28 832 832 
0.5 0.6666666666666666 0.2866666666666667 838 838 
0.5 0.6666666666666666 0.29333333333333333 822 822 
0.5 0.6666666666666666 0.3 789 789 
0.5 0.6666666666666666 0.30666666666666664 846 846 
0.5 0.6666666666666666 0.31333333333333335 816 816 
0.5 0.6666666666666666 0.32 809 809 
0.5 0.6666666666666666 0.32666666666666666 802 802 
0.5 0.6666666666666666 0.3333333333333333 925 925 
0.5 0.6666666666666666 0.34 841 841 
0.5 0.6666666666666666 0.3466666666666667 844 844 
0.5 0.6666666666666666 0.35333333333333333 823 823 
0.5 0.6666666666666666 0.36 879 879 
0.5 0.6666666666666666 0.36666666666666664 826 826 
0.5 0.6666666666666666 0.37333333333333335 896 896 
0.5 0.6666666666666666 0.38 828 828 
0.5 0.6666666666666666 0.38666666666666666 824 824 
0.5 0.6666666666666666 0.3933333333333333 855 855 
0.5 0.6666666666666666 0.4 884 884 
0.5 0.6666666666666666 0.4066666666666667 860 860 
0.5 0.6666666666666666 0.41333333333333333 825 825 
0.5 0.6666666666666666 0.42 857 857 
0.5 0.6666666666666666 0.4266666666666667 840 840 
0.5 0.6666666666666666 0.43333333333333335 855 855 
0.5 0.6666666666666666 0.44 778 778 
0.5 0.6666666666666666 0.44666666666666666 868 868 
0.5 0.6666666666666666 0.4533333333333333 812 812 
0.5 0.6666666666666666 0.46 866 866 
0.5 0.6666666666666666 0.4666666666666667 818 818 
0.5 0.6666666666666666 0.47333333333333333 871 871 
0.5 0.6666666666666666 0.48 862 862 
0.5 0.6666666666666666 0.4866666666666667 803 803 
0.5 0.6666666666666666 0.49333333333333335 851 851 
0.5 0.6666666666666666 0.5 847 847 
0.5 0.6666666666666666 0.5066666666666667 849 849 
0.5 0.6666666666666666 0.5133333333333333 859 859 
0.5 0.6666666666666666 0.52 833 833 
0.5 0.6666666666666666 0.5266666666666666 798 798 
0.5 0.6666666666666666 0.5333333333333333 875 875 
0.5 0.6666666666666666 0.54 829 829 
0.5 0.6666666666666666 0.5466666666666666 868 868 
0.5 0.6666666666666666 0.5533333333333333 830 830 
0.5 0.6666666666666666 0.56 825 825 
0.5 0.6666666666666666 0.5666666666666667 838 838 
0.5 0.6666666666666666 0.5733333333333334 823 823 
0.5 0.6666666666666666 0.58 828 828 
0.5 0.6666666666666666 0.5866666666666667 855 855 
0.5 0.6666666666666666 0.5933333333333334 848 848 
0.5 0.6666666666666666 0.6 866 866 
0.5 0.6666666666666666 0.6066666666666667 865 865 
0.5 0.6666666666666666 0.6133333333333333 889 889 
0.5 0.6666666666666666 0.62 868 868 
0.5 0.6666666666666666 0.6266666666666667 872 872 
0.5 0.6666666666666666 0.6333333333333333 823 823 
0.5 0.6666666666666666 0.64 868 868 
0.5 0.6666666666666666 0.6466666666666666 856 856 
0.5 0.6666666666666666 0.6533333333333333 799 799 
0.5 0.6666666666666666 0.66 787 787 
0.5 0.6666666666666666 0.6666666666666666 857 857 
0.5 0.6666666666666666 0.6733333333333333 850 850 
0.5 0.6666666666666666 0.68 859 859 
0.5 0.6666666666666666 0.6866666666666666 870 870 
0.5 0.6666666666666666 0.6933333333333334 829 829 
0.5 0.6666666666666666 0.7 822 822 
0.5 0.6666666666666666 0.7066666666666667 789 789 
0.5 0.6666666666666666 0.7133333333333334 828 828 
0.5 0.6666666666666666 0.72 786 786 
0.5 0.6666666666666666 0.7266666666666667 841 841 
0.5 0.6666666666666666 0.7333333333333333 867 867 
0.5 0.6666666666666666 0.74 871 871 
0.5 0.6666666666666666 0.7466666666666667 859 859 
0.5 0.6666666666666666 0.7533333333333333 833 833 
0.5 0.6666666666666666 0.76 864 864 
0.5 0.6666666666666666 0.7666666666666667 816 816 
0.5 0.6666666666666666 0.7733333333333333 805 805 
0.5 0.6666666666666666 0.78 836 836 
0.5 0.6666666666666666 0.7866666666666666 784 784 
0.5 0.6666666666666666 0.7933333333333333 835 835 
0.5 0.6666666666666666 0.8 852 852 
0.5 0.6666666666666666 0.8066666666666666 861 861 
0.5 0.6666666666666666 0.8133333333333334 881 881 
0.5 0.6666666666666666 0.82 822 822 
0.5 0.6666666666666666 0.8266666666666667 815 815 
0.5 0.6666666666666666 0.8333333333333334 842 842 
0.5 0.6666666666666666 0.84 843 843 
0.5 0.6666666666666666 0.8466666666666667 856 856 
0.5 0.6666666666666666 0.8533333333333334 826 826 
0.5 0.6666666666666666 0.86 809 809 
0.5 0.6666666666666666 0.8666666666666667 861 861 
0.5 0.6666666666666666 0.8733333333333333 879 879 
0.5 0.6666666666666666 0.88 903 903 
0.5 0.6666666666666666 0.8866666666666667 837 837 
0.5 0.6666666666666666 0.8933333333333333 832 832 
0.5 0.6666666666666666 0.9 869 869 
0.5 0.6666666666666666 0.9066666666666666 832 832 
0.5 0.6666666666666666 0.9133333333333333 879 879 
0.5 0.6666666666666666 0.92 847 847 
0.5 0.6666666666666666 0.9266666666666666 902 902 
0.5 0.6666666666666666 0.9333333333333333 868 868 
0.5 0.6666666666666666 0.94 807 807 
0.5 0.6666666666666666 0.9466666666666667 935 935 
0.5 0.6666666666666666 0.9533333333333334 757 757 
0.5 0.6666666666666666 0.96 951 951 
0.5 0.6666666666666666 0.9666666666666667 759 759 
0.5 0.6666666666666666 0.9733333333333334 692 692 
0.5 0.6666666666666666 0.98 1392 1392 
0.5 0.6666666666666666 0.9866666666666667 0 0 
0.5 0.6666666666666666 0.9933333333333333 0 0 
0.5 0.6733333333333333 0.0 0 0 
0.5 0.6733333333333333 0.006666666666666667 0 0 
0.5 0.6733333333333333 0.013333333333333334 1340 1340 
0.5 0.6733333333333333 0.02 719 719 
0.5 0.6733333333333333 0.02666666666666667 748 748 
0.5 0.6733333333333333 0.03333333333333333 980 980 
0.5 0.6733333333333333 0.04 784 784 
0.5 0.6733333333333333 0.04666666666666667 878 878 
0.5 0.6733333333333333 0.05333333333333334 826 826 
0.5 0.6733333333333333 0.06 832 832 
0.5 0.6733333333333333 0.06666666666666667 861 861 
0.5 0.6733333333333333 0.07333333333333333 821 821 
0.5 0.6733333333333333 0.08 872 872 
0.5 0.6733333333333333 0.08666666666666667 815 815 
0.5 0.6733333333333333 0.09333333333333334 849 849 
0.5 0.6733333333333333 0.1 834 834 
0.5 0.6733333333333333 0.10666666666666667 885 885 
0.5 0.6733333333333333 0.11333333333333333 850 850 
0.5 0.6733333333333333 0.12 794 794 
0.5 0.6733333333333333 0.12666666666666668 842 842 
0.5 0.6733333333333333 0.13333333333333333 839 839 
0.5 0.6733333333333333 0.14 861 861 
0.5 0.6733333333333333 0.14666666666666667 869 869 
0.5 0.6733333333333333 0.15333333333333332 841 841 
0.5 0.6733333333333333 0.16 861 861 
0.5 0.6733333333333333 0.16666666666666666 935 935 
0.5 0.6733333333333333 0.17333333333333334 813 813 
0.5 0.6733333333333333 0.18 816 816 
0.5 0.6733333333333333 0.18666666666666668 818 818 
0.5 0.6733333333333333 0.19333333333333333 832 832 
0.5 0.6733333333333333 0.2 867 867 
0.5 0.6733333333333333 0.20666666666666667 793 793 
0.5 0.6733333333333333 0.21333333333333335 828 828 
0.5 0.6733333333333333 0.22 857 857 
0.5 0.6733333333333333 0.22666666666666666 868 868 
0.5 0.6733333333333333 0.23333333333333334 836 836 
0.5 0.6733333333333333 0.24 869 869 
0.5 0.6733333333333333 0.24666666666666667 805 805 
0.5 0.6733333333333333 0.25333333333333335 819 819 
0.5 0.6733333333333333 0.26 830 830 
0.5 0.6733333333333333 0.26666666666666666 867 867 
0.5 0.6733333333333333 0.2733333333333333 869 869 
0.5 0.6733333333333333 0.28 847 847 
0.5 0.6733333333333333 0.2866666666666667 864 864 
0.5 0.6733333333333333 0.29333333333333333 849 849 
0.5 0.6733333333333333 0.3 863 863 
0.5 0.6733333333333333 0.30666666666666664 843 843 
0.5 0.6733333333333333 0.31333333333333335 832 832 
0.5 0.6733333333333333 0.32 843 843 
0.5 0.6733333333333333 0.32666666666666666 830 830 
0.5 0.6733333333333333 0.3333333333333333 830 830 
0.5 0.6733333333333333 0.34 862 862 
0.5 0.6733333333333333 0.3466666666666667 872 872 
0.5 0.6733333333333333 0.35333333333333333 863 863 
0.5 0.6733333333333333 0.36 844 844 
0.5 0.6733333333333333 0.36666666666666664 821 821 
0.5 0.6733333333333333 0.37333333333333335 848 848 
0.5 0.6733333333333333 0.38 822 822 
0.5 0.6733333333333333 0.38666666666666666 822 822 
0.5 0.6733333333333333 0.3933333333333333 858 858 
0.5 0.6733333333333333 0.4 838 838 
0.5 0.6733333333333333 0.4066666666666667 823 823 
0.5 0.6733333333333333 0.41333333333333333 799 799 
0.5 0.6733333333333333 0.42 843 843 
0.5 0.6733333333333333 0.4266666666666667 897 897 
0.5 0.6733333333333333 0.43333333333333335 839 839 
0.5 0.6733333333333333 0.44 879 879 
0.5 0.6733333333333333 0.44666666666666666 839 839 
0.5 0.6733333333333333 0.4533333333333333 870 870 
0.5 0.6733333333333333 0.46 875 875 
0.5 0.6733333333333333 0.4666666666666667 831 831 
0.5 0.6733333333333333 0.47333333333333333 892 892 
0.5 0.6733333333333333 0.48 841 841 
0.5 0.6733333333333333 0.4866666666666667 856 856 
0.5 0.6733333333333333 0.49333333333333335 806 806 
0.5 0.6733333333333333 0.5 820 820 
0.5 0.6733333333333333 0.5066666666666667 876 876 
0.5 0.6733333333333333 0.5133333333333333 857 857 
0.5 0.6733333333333333 0.52 854 854 
0.5 0.6733333333333333 0.5266666666666666 878 878 
0.5 0.6733333333333333 0.5333333333333333 824 824 
0.5 0.6733333333333333 0.54 810 810 
0.5 0.6733333333333333 0.5466666666666666 902 902 
0.5 0.6733333333333333 0.5533333333333333 828 828 
0.5 0.6733333333333333 0.56 853 853 
0.5 0.6733333333333333 0.5666666666666667 835 835 
0.5 0.6733333333333333 0.5733333333333334 836 836 
0.5 0.6733333333333333 0.58 854 854 
0.5 0.6733333333333333 0.5866666666666667 842 842 
0.5 0.6733333333333333 0.5933333333333334 841 841 
0.5 0.6733333333333333 0.6 857 857 
0.5 0.6733333333333333 0.6066666666666667 848 848 
0.5 0.6733333333333333 0.6133333333333333 844 844 
0.5 0.6733333333333333 0.62 870 870 
0.5 0.6733333333333333 0.6266666666666667 839 839 
0.5 0.6733333333333333 0.6333333333333333 911 911 
0.5 0.6733333333333333 0.64 803 803 
0.5 0.6733333333333333 0.6466666666666666 849 849 
0.5 0.6733333333333333 0.6533333333333333 837 837 
0.5 0.6733333333333333 0.66 816 816 
0.5 0.6733333333333333 0.6666666666666666 861 861 
0.5 0.6733333333333333 0.6733333333333333 793 793 
0.5 0.6733333333333333 0.68 825 825 
0.5 0.6733333333333333 0.6866666666666666 834 834 
0.5 0.6733333333333333 0.6933333333333334 840 840 
0.5 0.6733333333333333 0.7 859 859 
0.5 0.6733333333333333 0.7066666666666667 866 866 
0.5 0.6733333333333333 0.7133333333333334 897 897 
0.5 0.6733333333333333 0.72 815 815 
0.5 0.6733333333333333 0.7266666666666667 860 860 
0.5 0.6733333333333333 0.7333333333333333 800 800 
0.5 0.6733333333333333 0.74 861 861 
0.5 0.6733333333333333 0.7466666666666667 822 822 
0.5 0.6733333333333333 0.7533333333333333 801 801 
0.5 0.6733333333333333 0.76 852 852 
0.5 0.6733333333333333 0.7666666666666667 846 846 
0.5 0.6733333333333333 0.7733333333333333 875 875 
0.5 0.6733333333333333 0.78 835 835 
0.5 0.6733333333333333 0.7866666666666666 821 821 
0.5 0.6733333333333333 0.7933333333333333 862 862 
0.5 0.6733333333333333 0.8 871 871 
0.5 0.6733333333333333 0.8066666666666666 890 890 
0.5 0.6733333333333333 0.8133333333333334 819 819 
0.5 0.6733333333333333 0.82 811 811 
0.5 0.6733333333333333 0.8266666666666667 830 830 
0.5 0.6733333333333333 0.8333333333333334 829 829 
0.5 0.6733333333333333 0.84 866 866 
0.5 0.6733333333333333 0.8466666666666667 842 842 
0.5 0.6733333333333333 0.8533333333333334 825 825 
0.5 0.6733333333333333 0.86 853 853 
0.5 0.6733333333333333 0.8666666666666667 811 811 
0.5 0.6733333333333333 0.8733333333333333 862 862 
0.5 0.6733333333333333 0.88 840 840 
0.5 0.6733333333333333 0.8866666666666667 853 853 
0.5 0.6733333333333333 0.8933333333333333 838 838 
0.5 0.6733333333333333 0.9 830 830 
0.5 0.6733333333333333 0.9066666666666666 824 824 
0.5 0.6733333333333333 0.9133333333333333 829 829 
0.5 0.6733333333333333 0.92 817 817 
0.5 0.6733333333333333 0.9266666666666666 833 833 
0.5 0.6733333333333333 0.9333333333333333 845 845 
0.5 0.6733333333333333 0.94 886 886 
0.5 0.6733333333333333 0.9466666666666667 935 935 
0.5 0.6733333333333333 0.9533333333333334 803 803 
0.5 0.6733333333333333 0.96 1003 1003 
0.5 0.6733333333333333 0.9666666666666667 779 779 
0.5 0.6733333333333333 0.9733333333333334 664 664 
0.5 0.6733333333333333 0.98 1363 1363 
0.5 0.6733333333333333 0.9866666666666667 0 0 
0.5 0.6733333333333333 0.9933333333333333 0 0 
0.5 0.68 0.0 0 0 
0.5 0.68 0.006666666666666667 0 0 
0.5 0.68 0.013333333333333334 1335 1335 
0.5 0.68 0.02 698 698 
0.5 0.68 0.02666666666666667 737 737 
0.5 0.68 0.03333333333333333 992 992 
0.5 0.68 0.04 814 814 
0.5 0.68 0.04666666666666667 923 923 
0.5 0.68 0.05333333333333334 825 825 
0.5 0.68 0.06 885 885 
0.5 0.68 0.06666666666666667 849 849 
0.5 0.68 0.07333333333333333 823 823 
0.5 0.68 0.08 884 884 
0.5 0.68 0.08666666666666667 839 839 
0.5 0.68 0.09333333333333334 860 860 
0.5 0.68 0.1 839 839 
0.5 0.68 0.10666666666666667 856 856 
0.5 0.68 0.11333333333333333 834 834 
0.5 0.68 0.12 873 873 
0.5 0.68 0.12666666666666668 852 852 
0.5 0.68 0.13333333333333333 837 837 
0.5 0.68 0.14 870 870 
0.5 0.68 0.14666666666666667 806 806 
0.5 0.68 0.15333333333333332 790 790 
0.5 0.68 0.16 808 808 
0.5 0.68 0.16666666666666666 886 886 
0.5 0.68 0.17333333333333334 849 849 
0.5 0.68 0.18 860 860 
0.5 0.68 0.18666666666666668 874 874 
0.5 0.68 0.19333333333333333 880 880 
0.5 0.68 0.2 854 854 
0.5 0.68 0.20666666666666667 813 813 
0.5 0.68 0.21333333333333335 874 874 
0.5 0.68 0.22 808 808 
0.5 0.68 0.22666666666666666 871 871 
0.5 0.68 0.23333333333333334 804 804 
0.5 0.68 0.24 856 856 
0.5 0.68 0.24666666666666667 834 834 
0.5 0.68 0.25333333333333335 856 856 
0.5 0.68 0.26 847 847 
0.5 0.68 0.26666666666666666 866 866 
0.5 0.68 0.2733333333333333 869 869 
0.5 0.68 0.28 784 784 
0.5 0.68 0.2866666666666667 905 905 
0.5 0.68 0.29333333333333333 847 847 
0.5 0.68 0.3 848 848 
0.5 0.68 0.30666666666666664 822 822 
0.5 0.68 0.31333333333333335 848 848 
0.5 0.68 0.32 840 840 
0.5 0.68 0.32666666666666666 858 858 
0.5 0.68 0.3333333333333333 832 832 
0.5 0.68 0.34 797 797 
0.5 0.68 0.3466666666666667 879 879 
0.5 0.68 0.35333333333333333 894 894 
0.5 0.68 0.36 906 906 
0.5 0.68 0.36666666666666664 895 895 
0.5 0.68 0.37333333333333335 841 841 
0.5 0.68 0.38 827 827 
0.5 0.68 0.38666666666666666 852 852 
0.5 0.68 0.3933333333333333 847 847 
0.5 0.68 0.4 870 870 
0.5 0.68 0.4066666666666667 829 829 
0.5 0.68 0.41333333333333333 868 868 
0.5 0.68 0.42 808 808 
0.5 0.68 0.4266666666666667 828 828 
0.5 0.68 0.43333333333333335 804 804 
0.5 0.68 0.44 856 856 
0.5 0.68 0.44666666666666666 813 813 
0.5 0.68 0.4533333333333333 852 852 
0.5 0.68 0.46 796 796 
0.5 0.68 0.4666666666666667 871 871 
0.5 0.68 0.47333333333333333 910 910 
0.5 0.68 0.48 863 863 
0.5 0.68 0.4866666666666667 862 862 
0.5 0.68 0.49333333333333335 845 845 
0.5 0.68 0.5 836 836 
0.5 0.68 0.5066666666666667 850 850 
0.5 0.68 0.5133333333333333 824 824 
0.5 0.68 0.52 828 828 
0.5 0.68 0.5266666666666666 824 824 
0.5 0.68 0.5333333333333333 869 869 
0.5 0.68 0.54 901 901 
0.5 0.68 0.5466666666666666 868 868 
0.5 0.68 0.5533333333333333 843 843 
0.5 0.68 0.56 822 822 
0.5 0.68 0.5666666666666667 815 815 
0.5 0.68 0.5733333333333334 826 826 
0.5 0.68 0.58 845 845 
0.5 0.68 0.5866666666666667 850 850 
0.5 0.68 0.5933333333333334 784 784 
0.5 0.68 0.6 883 883 
0.5 0.68 0.6066666666666667 812 812 
0.5 0.68 0.6133333333333333 821 821 
0.5 0.68 0.62 866 866 
0.5 0.68 0.6266666666666667 854 854 
0.5 0.68 0.6333333333333333 915 915 
0.5 0.68 0.64 832 832 
0.5 0.68 0.6466666666666666 779 779 
0.5 0.68 0.6533333333333333 827 827 
0.5 0.68 0.66 804 804 
0.5 0.68 0.6666666666666666 821 821 
0.5 0.68 0.6733333333333333 854 854 
0.5 0.68 0.68 871 871 
0.5 0.68 0.6866666666666666 849 849 
0.5 0.68 0.6933333333333334 806 806 
0.5 0.68 0.7 889 889 
0.5 0.68 0.7066666666666667 865 865 
0.5 0.68 0.7133333333333334 788 788 
0.5 0.68 0.72 838 838 
0.5 0.68 0.7266666666666667 877 877 
0.5 0.68 0.7333333333333333 812 812 
0.5 0.68 0.74 819 819 
0.5 0.68 0.7466666666666667 833 833 
0.5 0.68 0.7533333333333333 845 845 
0.5 0.68 0.76 796 796 
0.5 0.68 0.7666666666666667 890 890 
0.5 0.68 0.7733333333333333 839 839 
0.5 0.68 0.78 863 863 
0.5 0.68 0.7866666666666666 872 872 
0.5 0.68 0.7933333333333333 828 828 
0.5 0.68 0.8 864 864 
0.5 0.68 0.8066666666666666 839 839 
0.5 0.68 0.8133333333333334 821 821 
0.5 0.68 0.82 854 854 
0.5 0.68 0.8266666666666667 872 872 
0.5 0.68 0.8333333333333334 848 848 
0.5 0.68 0.84 814 814 
0.5 0.68 0.8466666666666667 846 846 
0.5 0.68 0.8533333333333334 843 843 
0.5 0.68 0.86 793 793 
0.5 0.68 0.8666666666666667 836 836 
0.5 0.68 0.8733333333333333 794 794 
0.5 0.68 0.88 865 865 
0.5 0.68 0.8866666666666667 862 862 
0.5 0.68 0.8933333333333333 809 809 
0.5 0.68 0.9 814 814 
0.5 0.68 0.9066666666666666 847 847 
0.5 0.68 0.9133333333333333 818 818 
0.5 0.68 0.92 861 861 
0.5 0.68 0.9266666666666666 901 901 
0.5 0.68 0.9333333333333333 811 811 
0.5 0.68 0.94 878 878 
0.5 0.68 0.9466666666666667 902 902 
0.5 0.68 0.9533333333333334 772 772 
0.5 0.68 0.96 1000 1000 
0.5 0.68 0.9666666666666667 734 734 
0.5 0.68 0.9733333333333334 678 678 
0.5 0.68 0.98 1390 1390 
0.5 0.68 0.9866666666666667 0 0 
0.5 0.68 0.9933333333333333 0 0 
0.5 0.6866666666666666 0.0 0 0 
0.5 0.6866666666666666 0.006666666666666667 0 0 
0.5 0.6866666666666666 0.013333333333333334 1402 1402 
0.5 0.6866666666666666 0.02 753 753 
0.5 0.6866666666666666 0.02666666666666667 745 745 
0.5 0.6866666666666666 0.03333333333333333 994 994 
0.5 0.6866666666666666 0.04 715 715 
0.5 0.6866666666666666 0.04666666666666667 875 875 
0.5 0.6866666666666666 0.05333333333333334 835 835 
0.5 0.6866666666666666 0.06 833 833 
0.5 0.6866666666666666 0.06666666666666667 879 879 
0.5 0.6866666666666666 0.07333333333333333 830 830 
0.5 0.6866666666666666 0.08 833 833 
0.5 0.6866666666666666 0.08666666666666667 820 820 
0.5 0.6866666666666666 0.09333333333333334 802 802 
0.5 0.6866666666666666 0.1 803 803 
0.5 0.6866666666666666 0.10666666666666667 851 851 
0.5 0.6866666666666666 0.11333333333333333 835 835 
0.5 0.6866666666666666 0.12 807 807 
0.5 0.6866666666666666 0.12666666666666668 860 860 
0.5 0.6866666666666666 0.13333333333333333 824 824 
0.5 0.6866666666666666 0.14 805 805 
0.5 0.6866666666666666 0.14666666666666667 862 862 
0.5 0.6866666666666666 0.15333333333333332 813 813 
0.5 0.6866666666666666 0.16 836 836 
0.5 0.6866666666666666 0.16666666666666666 871 871 
0.5 0.6866666666666666 0.17333333333333334 893 893 
0.5 0.6866666666666666 0.18 876 876 
0.5 0.6866666666666666 0.18666666666666668 859 859 
0.5 0.6866666666666666 0.19333333333333333 869 869 
0.5 0.6866666666666666 0.2 827 827 
0.5 0.6866666666666666 0.20666666666666667 867 867 
0.5 0.6866666666666666 0.21333333333333335 920 920 
0.5 0.6866666666666666 0.22 823 823 
0.5 0.6866666666666666 0.22666666666666666 868 868 
0.5 0.6866666666666666 0.23333333333333334 867 867 
0.5 0.6866666666666666 0.24 855 855 
0.5 0.6866666666666666 0.24666666666666667 793 793 
0.5 0.6866666666666666 0.25333333333333335 833 833 
0.5 0.6866666666666666 0.26 819 819 
0.5 0.6866666666666666 0.26666666666666666 860 860 
0.5 0.6866666666666666 0.2733333333333333 882 882 
0.5 0.6866666666666666 0.28 828 828 
0.5 0.6866666666666666 0.2866666666666667 816 816 
0.5 0.6866666666666666 0.29333333333333333 855 855 
0.5 0.6866666666666666 0.3 816 816 
0.5 0.6866666666666666 0.30666666666666664 817 817 
0.5 0.6866666666666666 0.31333333333333335 863 863 
0.5 0.6866666666666666 0.32 856 856 
0.5 0.6866666666666666 0.32666666666666666 847 847 
0.5 0.6866666666666666 0.3333333333333333 826 826 
0.5 0.6866666666666666 0.34 836 836 
0.5 0.6866666666666666 0.3466666666666667 849 849 
0.5 0.6866666666666666 0.35333333333333333 838 838 
0.5 0.6866666666666666 0.36 817 817 
0.5 0.6866666666666666 0.36666666666666664 808 808 
0.5 0.6866666666666666 0.37333333333333335 828 828 
0.5 0.6866666666666666 0.38 897 897 
0.5 0.6866666666666666 0.38666666666666666 915 915 
0.5 0.6866666666666666 0.3933333333333333 861 861 
0.5 0.6866666666666666 0.4 806 806 
0.5 0.6866666666666666 0.4066666666666667 835 835 
0.5 0.6866666666666666 0.41333333333333333 782 782 
0.5 0.6866666666666666 0.42 833 833 
0.5 0.6866666666666666 0.4266666666666667 823 823 
0.5 0.6866666666666666 0.43333333333333335 813 813 
0.5 0.6866666666666666 0.44 860 860 
0.5 0.6866666666666666 0.44666666666666666 890 890 
0.5 0.6866666666666666 0.4533333333333333 820 820 
0.5 0.6866666666666666 0.46 851 851 
0.5 0.6866666666666666 0.4666666666666667 883 883 
0.5 0.6866666666666666 0.47333333333333333 875 875 
0.5 0.6866666666666666 0.48 916 916 
0.5 0.6866666666666666 0.4866666666666667 828 828 
0.5 0.6866666666666666 0.49333333333333335 845 845 
0.5 0.6866666666666666 0.5 849 849 
0.5 0.6866666666666666 0.5066666666666667 830 830 
0.5 0.6866666666666666 0.5133333333333333 838 838 
0.5 0.6866666666666666 0.52 824 824 
0.5 0.6866666666666666 0.5266666666666666 856 856 
0.5 0.6866666666666666 0.5333333333333333 718 718 
0.5 0.6866666666666666 0.54 842 842 
0.5 0.6866666666666666 0.5466666666666666 810 810 
0.5 0.6866666666666666 0.5533333333333333 854 854 
0.5 0.6866666666666666 0.56 826 826 
0.5 0.6866666666666666 0.5666666666666667 869 869 
0.5 0.6866666666666666 0.5733333333333334 855 855 
0.5 0.6866666666666666 0.58 836 836 
0.5 0.6866666666666666 0.5866666666666667 802 802 
0.5 0.6866666666666666 0.5933333333333334 890 890 
0.5 0.6866666666666666 0.6 864 864 
0.5 0.6866666666666666 0.6066666666666667 887 887 
0.5 0.6866666666666666 0.6133333333333333 825 825 
0.5 0.6866666666666666 0.62 845 845 
0.5 0.6866666666666666 0.6266666666666667 892 892 
0.5 0.6866666666666666 0.6333333333333333 798 798 
0.5 0.6866666666666666 0.64 818 818 
0.5 0.6866666666666666 0.6466666666666666 863 863 
0.5 0.6866666666666666 0.6533333333333333 830 830 
0.5 0.6866666666666666 0.66 807 807 
0.5 0.6866666666666666 0.6666666666666666 812 812 
0.5 0.6866666666666666 0.6733333333333333 816 816 
0.5 0.6866666666666666 0.68 868 868 
0.5 0.6866666666666666 0.6866666666666666 811 811 
0.5 0.6866666666666666 0.6933333333333334 818 818 
0.5 0.6866666666666666 0.7 906 906 
0.5 0.6866666666666666 0.7066666666666667 847 847 
0.5 0.6866666666666666 0.7133333333333334 871 871 
0.5 0.6866666666666666 0.72 841 841 
0.5 0.6866666666666666 0.7266666666666667 875 875 
0.5 0.6866666666666666 0.7333333333333333 859 859 
0.5 0.6866666666666666 0.74 842 842 
0.5 0.6866666666666666 0.7466666666666667 862 862 
0.5 0.6866666666666666 0.7533333333333333 837 837 
0.5 0.6866666666666666 0.76 884 884 
0.5 0.6866666666666666 0.7666666666666667 808 808 
0.5 0.6866666666666666 0.7733333333333333 842 842 
0.5 0.6866666666666666 0.78 855 855 
0.5 0.6866666666666666 0.7866666666666666 864 864 
0.5 0.6866666666666666 0.7933333333333333 851 851 
0.5 0.6866666666666666 0.8 846 846 
0.5 0.6866666666666666 0.8066666666666666 862 862 
0.5 0.6866666666666666 0.8133333333333334 797 797 
0.5 0.6866666666666666 0.82 797 797 
0.5 0.6866666666666666 0.8266666666666667 843 843 
0.5 0.6866666666666666 0.8333333333333334 781 781 
0.5 0.6866666666666666 0.84 810 810 
0.5 0.6866666666666666 0.8466666666666667 873 873 
0.5 0.6866666666666666 0.8533333333333334 801 801 
0.5 0.6866666666666666 0.86 849 849 
0.5 0.6866666666666666 0.8666666666666667 879 879 
0.5 0.6866666666666666 0.8733333333333333 822 822 
0.5 0.6866666666666666 0.88 840 840 
0.5 0.6866666666666666 0.8866666666666667 832 832 
0.5 0.6866666666666666 0.8933333333333333 855 855 
0.5 0.6866666666666666 0.9 805 805 
0.5 0.6866666666666666 0.9066666666666666 839 839 
0.5 0.6866666666666666 0.9133333333333333 868 868 
0.5 0.6866666666666666 0.92 793 793 
0.5 0.6866666666666666 0.9266666666666666 847 847 
0.5 0.6866666666666666 0.9333333333333333 817 817 
0.5 0.6866666666666666 0.94 808 808 
0.5 0.6866666666666666 0.9466666666666667 912 912 
0.5 0.6866666666666666 0.9533333333333334 767 767 
0.5 0.6866666666666666 0.96 966 966 
0.5 0.6866666666666666 0.9666666666666667 761 761 
0.5 0.6866666666666666 0.9733333333333334 703 703 
0.5 0.6866666666666666 0.98 1418 1418 
0.5 0.6866666666666666 0.9866666666666667 0 0 
0.5 0.6866666666666666 0.9933333333333333 0 0 
0.5 0.6933333333333334 0.0 0 0 
0.5 0.6933333333333334 0.006666666666666667 0 0 
0.5 0.6933333333333334 0.013333333333333334 1354 1354 
0.5 0.6933333333333334 0.02 689 689 
0.5 0.6933333333333334 0.02666666666666667 728 728 
0.5 0.6933333333333334 0.03333333333333333 963 963 
0.5 0.6933333333333334 0.04 820 820 
0.5 0.6933333333333334 0.04666666666666667 893 893 
0.5 0.6933333333333334 0.05333333333333334 832 832 
0.5 0.6933333333333334 0.06 823 823 
0.5 0.6933333333333334 0.06666666666666667 820 820 
0.5 0.6933333333333334 0.07333333333333333 800 800 
0.5 0.6933333333333334 0.08 902 902 
0.5 0.6933333333333334 0.08666666666666667 876 876 
0.5 0.6933333333333334 0.09333333333333334 836 836 
0.5 0.6933333333333334 0.1 877 877 
0.5 0.6933333333333334 0.10666666666666667 864 864 
0.5 0.6933333333333334 0.11333333333333333 890 890 
0.5 0.6933333333333334 0.12 851 851 
0.5 0.6933333333333334 0.12666666666666668 897 897 
0.5 0.6933333333333334 0.13333333333333333 864 864 
0.5 0.6933333333333334 0.14 817 817 
0.5 0.6933333333333334 0.14666666666666667 848 848 
0.5 0.6933333333333334 0.15333333333333332 862 862 
0.5 0.6933333333333334 0.16 866 866 
0.5 0.6933333333333334 0.16666666666666666 830 830 
0.5 0.6933333333333334 0.17333333333333334 837 837 
0.5 0.6933333333333334 0.18 790 790 
0.5 0.6933333333333334 0.18666666666666668 863 863 
0.5 0.6933333333333334 0.19333333333333333 825 825 
0.5 0.6933333333333334 0.2 852 852 
0.5 0.6933333333333334 0.20666666666666667 807 807 
0.5 0.6933333333333334 0.21333333333333335 803 803 
0.5 0.6933333333333334 0.22 888 888 
0.5 0.6933333333333334 0.22666666666666666 845 845 
0.5 0.6933333333333334 0.23333333333333334 825 825 
0.5 0.6933333333333334 0.24 826 826 
0.5 0.6933333333333334 0.24666666666666667 868 868 
0.5 0.6933333333333334 0.25333333333333335 776 776 
0.5 0.6933333333333334 0.26 841 841 
0.5 0.6933333333333334 0.26666666666666666 844 844 
0.5 0.6933333333333334 0.2733333333333333 832 832 
0.5 0.6933333333333334 0.28 853 853 
0.5 0.6933333333333334 0.2866666666666667 824 824 
0.5 0.6933333333333334 0.29333333333333333 834 834 
0.5 0.6933333333333334 0.3 848 848 
0.5 0.6933333333333334 0.30666666666666664 870 870 
0.5 0.6933333333333334 0.31333333333333335 814 814 
0.5 0.6933333333333334 0.32 896 896 
0.5 0.6933333333333334 0.32666666666666666 813 813 
0.5 0.6933333333333334 0.3333333333333333 819 819 
0.5 0.6933333333333334 0.34 858 858 
0.5 0.6933333333333334 0.3466666666666667 819 819 
0.5 0.6933333333333334 0.35333333333333333 865 865 
0.5 0.6933333333333334 0.36 782 782 
0.5 0.6933333333333334 0.36666666666666664 879 879 
0.5 0.6933333333333334 0.37333333333333335 824 824 
0.5 0.6933333333333334 0.38 903 903 
0.5 0.6933333333333334 0.38666666666666666 889 889 
0.5 0.6933333333333334 0.3933333333333333 888 888 
0.5 0.6933333333333334 0.4 829 829 
0.5 0.6933333333333334 0.4066666666666667 838 838 
0.5 0.6933333333333334 0.41333333333333333 845 845 
0.5 0.6933333333333334 0.42 852 852 
0.5 0.6933333333333334 0.4266666666666667 828 828 
0.5 0.6933333333333334 0.43333333333333335 813 813 
0.5 0.6933333333333334 0.44 847 847 
0.5 0.6933333333333334 0.44666666666666666 884 884 
0.5 0.6933333333333334 0.4533333333333333 846 846 
0.5 0.6933333333333334 0.46 867 867 
0.5 0.6933333333333334 0.4666666666666667 848 848 
0.5 0.6933333333333334 0.47333333333333333 797 797 
0.5 0.6933333333333334 0.48 833 833 
0.5 0.6933333333333334 0.4866666666666667 885 885 
0.5 0.6933333333333334 0.49333333333333335 849 849 
0.5 0.6933333333333334 0.5 847 847 
0.5 0.6933333333333334 0.5066666666666667 753 753 
0.5 0.6933333333333334 0.5133333333333333 817 817 
0.5 0.6933333333333334 0.52 833 833 
0.5 0.6933333333333334 0.5266666666666666 761 761 
0.5 0.6933333333333334 0.5333333333333333 857 857 
0.5 0.6933333333333334 0.54 869 869 
0.5 0.6933333333333334 0.5466666666666666 829 829 
0.5 0.6933333333333334 0.5533333333333333 844 844 
0.5 0.6933333333333334 0.56 892 892 
0.5 0.6933333333333334 0.5666666666666667 850 850 
0.5 0.6933333333333334 0.5733333333333334 884 884 
0.5 0.6933333333333334 0.58 855 855 
0.5 0.6933333333333334 0.5866666666666667 861 861 
0.5 0.6933333333333334 0.5933333333333334 829 829 
0.5 0.6933333333333334 0.6 792 792 
0.5 0.6933333333333334 0.6066666666666667 837 837 
0.5 0.6933333333333334 0.6133333333333333 892 892 
0.5 0.6933333333333334 0.62 851 851 
0.5 0.6933333333333334 0.6266666666666667 830 830 
0.5 0.6933333333333334 0.6333333333333333 841 841 
0.5 0.6933333333333334 0.64 833 833 
0.5 0.6933333333333334 0.6466666666666666 798 798 
0.5 0.6933333333333334 0.6533333333333333 843 843 
0.5 0.6933333333333334 0.66 864 864 
0.5 0.6933333333333334 0.6666666666666666 857 857 
0.5 0.6933333333333334 0.6733333333333333 824 824 
0.5 0.6933333333333334 0.68 863 863 
0.5 0.6933333333333334 0.6866666666666666 851 851 
0.5 0.6933333333333334 0.6933333333333334 849 849 
0.5 0.6933333333333334 0.7 846 846 
0.5 0.6933333333333334 0.7066666666666667 826 826 
0.5 0.6933333333333334 0.7133333333333334 834 834 
0.5 0.6933333333333334 0.72 877 877 
0.5 0.6933333333333334 0.7266666666666667 816 816 
0.5 0.6933333333333334 0.7333333333333333 848 848 
0.5 0.6933333333333334 0.74 864 864 
0.5 0.6933333333333334 0.7466666666666667 864 864 
0.5 0.6933333333333334 0.7533333333333333 856 856 
0.5 0.6933333333333334 0.76 840 840 
0.5 0.6933333333333334 0.7666666666666667 840 840 
0.5 0.6933333333333334 0.7733333333333333 850 850 
0.5 0.6933333333333334 0.78 927 927 
0.5 0.6933333333333334 0.7866666666666666 814 814 
0.5 0.6933333333333334 0.7933333333333333 820 820 
0.5 0.6933333333333334 0.8 838 838 
0.5 0.6933333333333334 0.8066666666666666 815 815 
0.5 0.6933333333333334 0.8133333333333334 873 873 
0.5 0.6933333333333334 0.82 792 792 
0.5 0.6933333333333334 0.8266666666666667 861 861 
0.5 0.6933333333333334 0.8333333333333334 836 836 
0.5 0.6933333333333334 0.84 828 828 
0.5 0.6933333333333334 0.8466666666666667 861 861 
0.5 0.6933333333333334 0.8533333333333334 856 856 
0.5 0.6933333333333334 0.86 829 829 
0.5 0.6933333333333334 0.8666666666666667 803 803 
0.5 0.6933333333333334 0.8733333333333333 849 849 
0.5 0.6933333333333334 0.88 833 833 
0.5 0.6933333333333334 0.8866666666666667 793 793 
0.5 0.6933333333333334 0.8933333333333333 850 850 
0.5 0.6933333333333334 0.9 843 843 
0.5 0.6933333333333334 0.9066666666666666 821 821 
0.5 0.6933333333333334 0.9133333333333333 861 861 
0.5 0.6933333333333334 0.92 864 864 
0.5 0.6933333333333334 0.9266666666666666 858 858 
0.5 0.6933333333333334 0.9333333333333333 841 841 
0.5 0.6933333333333334 0.94 858 858 
0.5 0.6933333333333334 0.9466666666666667 942 942 
0.5 0.6933333333333334 0.9533333333333334 761 761 
0.5 0.6933333333333334 0.96 1039 1039 
0.5 0.6933333333333334 0.9666666666666667 762 762 
0.5 0.6933333333333334 0.9733333333333334 638 638 
0.5 0.6933333333333334 0.98 1457 1457 
0.5 0.6933333333333334 0.9866666666666667 0 0 
0.5 0.6933333333333334 0.9933333333333333 0 0 
0.5 0.7 0.0 0 0 
0.5 0.7 0.006666666666666667 0 0 
0.5 0.7 0.013333333333333334 1305 1305 
0.5 0.7 0.02 722 722 
0.5 0.7 0.02666666666666667 718 718 
0.5 0.7 0.03333333333333333 1027 1027 
0.5 0.7 0.04 800 800 
0.5 0.7 0.04666666666666667 939 939 
0.5 0.7 0.05333333333333334 832 832 
0.5 0.7 0.06 863 863 
0.5 0.7 0.06666666666666667 872 872 
0.5 0.7 0.07333333333333333 826 826 
0.5 0.7 0.08 873 873 
0.5 0.7 0.08666666666666667 815 815 
0.5 0.7 0.09333333333333334 863 863 
0.5 0.7 0.1 819 819 
0.5 0.7 0.10666666666666667 861 861 
0.5 0.7 0.11333333333333333 876 876 
0.5 0.7 0.12 832 832 
0.5 0.7 0.12666666666666668 810 810 
0.5 0.7 0.13333333333333333 862 862 
0.5 0.7 0.14 889 889 
0.5 0.7 0.14666666666666667 877 877 
0.5 0.7 0.15333333333333332 800 800 
0.5 0.7 0.16 875 875 
0.5 0.7 0.16666666666666666 875 875 
0.5 0.7 0.17333333333333334 845 845 
0.5 0.7 0.18 854 854 
0.5 0.7 0.18666666666666668 792 792 
0.5 0.7 0.19333333333333333 857 857 
0.5 0.7 0.2 860 860 
0.5 0.7 0.20666666666666667 860 860 
0.5 0.7 0.21333333333333335 845 845 
0.5 0.7 0.22 875 875 
0.5 0.7 0.22666666666666666 806 806 
0.5 0.7 0.23333333333333334 824 824 
0.5 0.7 0.24 767 767 
0.5 0.7 0.24666666666666667 827 827 
0.5 0.7 0.25333333333333335 833 833 
0.5 0.7 0.26 831 831 
0.5 0.7 0.26666666666666666 823 823 
0.5 0.7 0.2733333333333333 864 864 
0.5 0.7 0.28 820 820 
0.5 0.7 0.2866666666666667 843 843 
0.5 0.7 0.29333333333333333 858 858 
0.5 0.7 0.3 805 805 
0.5 0.7 0.30666666666666664 856 856 
0.5 0.7 0.31333333333333335 885 885 
0.5 0.7 0.32 867 867 
0.5 0.7 0.32666666666666666 808 808 
0.5 0.7 0.3333333333333333 889 889 
0.5 0.7 0.34 817 817 
0.5 0.7 0.3466666666666667 795 795 
0.5 0.7 0.35333333333333333 840 840 
0.5 0.7 0.36 790 790 
0.5 0.7 0.36666666666666664 851 851 
0.5 0.7 0.37333333333333335 856 856 
0.5 0.7 0.38 857 857 
0.5 0.7 0.38666666666666666 760 760 
0.5 0.7 0.3933333333333333 841 841 
0.5 0.7 0.4 820 820 
0.5 0.7 0.4066666666666667 834 834 
0.5 0.7 0.41333333333333333 851 851 
0.5 0.7 0.42 842 842 
0.5 0.7 0.4266666666666667 853 853 
0.5 0.7 0.43333333333333335 838 838 
0.5 0.7 0.44 845 845 
0.5 0.7 0.44666666666666666 835 835 
0.5 0.7 0.4533333333333333 791 791 
0.5 0.7 0.46 854 854 
0.5 0.7 0.4666666666666667 790 790 
0.5 0.7 0.47333333333333333 854 854 
0.5 0.7 0.48 874 874 
0.5 0.7 0.4866666666666667 819 819 
0.5 0.7 0.49333333333333335 863 863 
0.5 0.7 0.5 834 834 
0.5 0.7 0.5066666666666667 856 856 
0.5 0.7 0.5133333333333333 838 838 
0.5 0.7 0.52 822 822 
0.5 0.7 0.5266666666666666 874 874 
0.5 0.7 0.5333333333333333 794 794 
0.5 0.7 0.54 810 810 
0.5 0.7 0.5466666666666666 849 849 
0.5 0.7 0.5533333333333333 847 847 
0.5 0.7 0.56 859 859 
0.5 0.7 0.5666666666666667 879 879 
0.5 0.7 0.5733333333333334 894 894 
0.5 0.7 0.58 847 847 
0.5 0.7 0.5866666666666667 899 899 
0.5 0.7 0.5933333333333334 808 808 
0.5 0.7 0.6 858 858 
0.5 0.7 0.6066666666666667 862 862 
0.5 0.7 0.6133333333333333 817 817 
0.5 0.7 0.62 818 818 
0.5 0.7 0.6266666666666667 867 867 
0.5 0.7 0.6333333333333333 813 813 
0.5 0.7 0.64 799 799 
0.5 0.7 0.6466666666666666 870 870 
0.5 0.7 0.6533333333333333 900 900 
0.5 0.7 0.66 830 830 
0.5 0.7 0.6666666666666666 867 867 
0.5 0.7 0.6733333333333333 900 900 
0.5 0.7 0.68 790 790 
0.5 0.7 0.6866666666666666 869 869 
0.5 0.7 0.6933333333333334 926 926 
0.5 0.7 0.7 902 902 
0.5 0.7 0.7066666666666667 916 916 
0.5 0.7 0.7133333333333334 849 849 
0.5 0.7 0.72 863 863 
0.5 0.7 0.7266666666666667 816 816 
0.5 0.7 0.7333333333333333 904 904 
0.5 0.7 0.74 839 839 
0.5 0.7 0.7466666666666667 859 859 
0.5 0.7 0.7533333333333333 810 810 
0.5 0.7 0.76 846 846 
0.5 0.7 0.7666666666666667 820 820 
0.5 0.7 0.7733333333333333 838 838 
0.5 0.7 0.78 791 791 
0.5 0.7 0.7866666666666666 809 809 
0.5 0.7 0.7933333333333333 806 806 
0.5 0.7 0.8 784 784 
0.5 0.7 0.8066666666666666 859 859 
0.5 0.7 0.8133333333333334 895 895 
0.5 0.7 0.82 840 840 
0.5 0.7 0.8266666666666667 874 874 
0.5 0.7 0.8333333333333334 836 836 
0.5 0.7 0.84 921 921 
0.5 0.7 0.8466666666666667 869 869 
0.5 0.7 0.8533333333333334 823 823 
0.5 0.7 0.86 798 798 
0.5 0.7 0.8666666666666667 863 863 
0.5 0.7 0.8733333333333333 859 859 
0.5 0.7 0.88 845 845 
0.5 0.7 0.8866666666666667 857 857 
0.5 0.7 0.8933333333333333 838 838 
0.5 0.7 0.9 870 870 
0.5 0.7 0.9066666666666666 874 874 
0.5 0.7 0.9133333333333333 860 860 
0.5 0.7 0.92 780 780 
0.5 0.7 0.9266666666666666 834 834 
0.5 0.7 0.9333333333333333 866 866 
0.5 0.7 0.94 821 821 
0.5 0.7 0.9466666666666667 922 922 
0.5 0.7 0.9533333333333334 807 807 
0.5 0.7 0.96 974 974 
0.5 0.7 0.9666666666666667 771 771 
0.5 0.7 0.9733333333333334 690 690 
0.5 0.7 0.98 1364 1364 
0.5 0.7 0.9866666666666667 0 0 
0.5 0.7 0.9933333333333333 0 0 
0.5 0.7066666666666667 0.0 0 0 
0.5 0.7066666666666667 0.006666666666666667 0 0 
0.5 0.7066666666666667 0.013333333333333334 1371 1371 
0.5 0.7066666666666667 0.02 650 650 
0.5 0.7066666666666667 0.02666666666666667 780 780 
0.5 0.7066666666666667 0.03333333333333333 928 928 
0.5 0.7066666666666667 0.04 761 761 
0.5 0.7066666666666667 0.04666666666666667 857 857 
0.5 0.7066666666666667 0.05333333333333334 824 824 
0.5 0.7066666666666667 0.06 842 842 
0.5 0.7066666666666667 0.06666666666666667 845 845 
0.5 0.7066666666666667 0.07333333333333333 794 794 
0.5 0.7066666666666667 0.08 874 874 
0.5 0.7066666666666667 0.08666666666666667 755 755 
0.5 0.7066666666666667 0.09333333333333334 853 853 
0.5 0.7066666666666667 0.1 839 839 
0.5 0.7066666666666667 0.10666666666666667 832 832 
0.5 0.7066666666666667 0.11333333333333333 848 848 
0.5 0.7066666666666667 0.12 813 813 
0.5 0.7066666666666667 0.12666666666666668 832 832 
0.5 0.7066666666666667 0.13333333333333333 840 840 
0.5 0.7066666666666667 0.14 865 865 
0.5 0.7066666666666667 0.14666666666666667 863 863 
0.5 0.7066666666666667 0.15333333333333332 854 854 
0.5 0.7066666666666667 0.16 829 829 
0.5 0.7066666666666667 0.16666666666666666 872 872 
0.5 0.7066666666666667 0.17333333333333334 879 879 
0.5 0.7066666666666667 0.18 827 827 
0.5 0.7066666666666667 0.18666666666666668 855 855 
0.5 0.7066666666666667 0.19333333333333333 872 872 
0.5 0.7066666666666667 0.2 818 818 
0.5 0.7066666666666667 0.20666666666666667 870 870 
0.5 0.7066666666666667 0.21333333333333335 879 879 
0.5 0.7066666666666667 0.22 838 838 
0.5 0.7066666666666667 0.22666666666666666 899 899 
0.5 0.7066666666666667 0.23333333333333334 852 852 
0.5 0.7066666666666667 0.24 818 818 
0.5 0.7066666666666667 0.24666666666666667 807 807 
0.5 0.7066666666666667 0.25333333333333335 844 844 
0.5 0.7066666666666667 0.26 855 855 
0.5 0.7066666666666667 0.26666666666666666 812 812 
0.5 0.7066666666666667 0.2733333333333333 798 798 
0.5 0.7066666666666667 0.28 859 859 
0.5 0.7066666666666667 0.2866666666666667 802 802 
0.5 0.7066666666666667 0.29333333333333333 889 889 
0.5 0.7066666666666667 0.3 841 841 
0.5 0.7066666666666667 0.30666666666666664 835 835 
0.5 0.7066666666666667 0.31333333333333335 816 816 
0.5 0.7066666666666667 0.32 858 858 
0.5 0.7066666666666667 0.32666666666666666 833 833 
0.5 0.7066666666666667 0.3333333333333333 867 867 
0.5 0.7066666666666667 0.34 845 845 
0.5 0.7066666666666667 0.3466666666666667 862 862 
0.5 0.7066666666666667 0.35333333333333333 819 819 
0.5 0.7066666666666667 0.36 864 864 
0.5 0.7066666666666667 0.36666666666666664 833 833 
0.5 0.7066666666666667 0.37333333333333335 790 790 
0.5 0.7066666666666667 0.38 798 798 
0.5 0.7066666666666667 0.38666666666666666 871 871 
0.5 0.7066666666666667 0.3933333333333333 838 838 
0.5 0.7066666666666667 0.4 854 854 
0.5 0.7066666666666667 0.4066666666666667 873 873 
0.5 0.7066666666666667 0.41333333333333333 842 842 
0.5 0.7066666666666667 0.42 817 817 
0.5 0.7066666666666667 0.4266666666666667 872 872 
0.5 0.7066666666666667 0.43333333333333335 822 822 
0.5 0.7066666666666667 0.44 863 863 
0.5 0.7066666666666667 0.44666666666666666 850 850 
0.5 0.7066666666666667 0.4533333333333333 796 796 
0.5 0.7066666666666667 0.46 818 818 
0.5 0.7066666666666667 0.4666666666666667 844 844 
0.5 0.7066666666666667 0.47333333333333333 860 860 
0.5 0.7066666666666667 0.48 830 830 
0.5 0.7066666666666667 0.4866666666666667 838 838 
0.5 0.7066666666666667 0.49333333333333335 852 852 
0.5 0.7066666666666667 0.5 820 820 
0.5 0.7066666666666667 0.5066666666666667 823 823 
0.5 0.7066666666666667 0.5133333333333333 860 860 
0.5 0.7066666666666667 0.52 812 812 
0.5 0.7066666666666667 0.5266666666666666 857 857 
0.5 0.7066666666666667 0.5333333333333333 871 871 
0.5 0.7066666666666667 0.54 855 855 
0.5 0.7066666666666667 0.5466666666666666 833 833 
0.5 0.7066666666666667 0.5533333333333333 836 836 
0.5 0.7066666666666667 0.56 848 848 
0.5 0.7066666666666667 0.5666666666666667 836 836 
0.5 0.7066666666666667 0.5733333333333334 846 846 
0.5 0.7066666666666667 0.58 856 856 
0.5 0.7066666666666667 0.5866666666666667 832 832 
0.5 0.7066666666666667 0.5933333333333334 891 891 
0.5 0.7066666666666667 0.6 821 821 
0.5 0.7066666666666667 0.6066666666666667 857 857 
0.5 0.7066666666666667 0.6133333333333333 869 869 
0.5 0.7066666666666667 0.62 823 823 
0.5 0.7066666666666667 0.6266666666666667 828 828 
0.5 0.7066666666666667 0.6333333333333333 820 820 
0.5 0.7066666666666667 0.64 855 855 
0.5 0.7066666666666667 0.6466666666666666 873 873 
0.5 0.7066666666666667 0.6533333333333333 793 793 
0.5 0.7066666666666667 0.66 825 825 
0.5 0.7066666666666667 0.6666666666666666 805 805 
0.5 0.7066666666666667 0.6733333333333333 831 831 
0.5 0.7066666666666667 0.68 834 834 
0.5 0.7066666666666667 0.6866666666666666 870 870 
0.5 0.7066666666666667 0.6933333333333334 895 895 
0.5 0.7066666666666667 0.7 888 888 
0.5 0.7066666666666667 0.7066666666666667 852 852 
0.5 0.7066666666666667 0.7133333333333334 863 863 
0.5 0.7066666666666667 0.72 868 868 
0.5 0.7066666666666667 0.7266666666666667 866 866 
0.5 0.7066666666666667 0.7333333333333333 826 826 
0.5 0.7066666666666667 0.74 830 830 
0.5 0.7066666666666667 0.7466666666666667 835 835 
0.5 0.7066666666666667 0.7533333333333333 858 858 
0.5 0.7066666666666667 0.76 793 793 
0.5 0.7066666666666667 0.7666666666666667 867 867 
0.5 0.7066666666666667 0.7733333333333333 810 810 
0.5 0.7066666666666667 0.78 802 802 
0.5 0.7066666666666667 0.7866666666666666 843 843 
0.5 0.7066666666666667 0.7933333333333333 828 828 
0.5 0.7066666666666667 0.8 793 793 
0.5 0.7066666666666667 0.8066666666666666 856 856 
0.5 0.7066666666666667 0.8133333333333334 853 853 
0.5 0.7066666666666667 0.82 869 869 
0.5 0.7066666666666667 0.8266666666666667 861 861 
0.5 0.7066666666666667 0.8333333333333334 812 812 
0.5 0.7066666666666667 0.84 865 865 
0.5 0.7066666666666667 0.8466666666666667 825 825 
0.5 0.7066666666666667 0.8533333333333334 848 848 
0.5 0.7066666666666667 0.86 874 874 
0.5 0.7066666666666667 0.8666666666666667 833 833 
0.5 0.7066666666666667 0.8733333333333333 863 863 
0.5 0.7066666666666667 0.88 849 849 
0.5 0.7066666666666667 0.8866666666666667 848 848 
0.5 0.7066666666666667 0.8933333333333333 924 924 
0.5 0.7066666666666667 0.9 823 823 
0.5 0.7066666666666667 0.9066666666666666 831 831 
0.5 0.7066666666666667 0.9133333333333333 911 911 
0.5 0.7066666666666667 0.92 824 824 
0.5 0.7066666666666667 0.9266666666666666 925 925 
0.5 0.7066666666666667 0.9333333333333333 809 809 
0.5 0.7066666666666667 0.94 820 820 
0.5 0.7066666666666667 0.9466666666666667 881 881 
0.5 0.7066666666666667 0.9533333333333334 756 756 
0.5 0.7066666666666667 0.96 1022 1022 
0.5 0.7066666666666667 0.9666666666666667 751 751 
0.5 0.7066666666666667 0.9733333333333334 762 762 
0.5 0.7066666666666667 0.98 1398 1398 
0.5 0.7066666666666667 0.9866666666666667 0 0 
0.5 0.7066666666666667 0.9933333333333333 0 0 
0.5 0.7133333333333334 0.0 0 0 
0.5 0.7133333333333334 0.006666666666666667 0 0 
0.5 0.7133333333333334 0.013333333333333334 1382 1382 
0.5 0.7133333333333334 0.02 673 673 
0.5 0.7133333333333334 0.02666666666666667 799 799 
0.5 0.7133333333333334 0.03333333333333333 949 949 
0.5 0.7133333333333334 0.04 754 754 
0.5 0.7133333333333334 0.04666666666666667 887 887 
0.5 0.7133333333333334 0.05333333333333334 884 884 
0.5 0.7133333333333334 0.06 805 805 
0.5 0.7133333333333334 0.06666666666666667 827 827 
0.5 0.7133333333333334 0.07333333333333333 831 831 
0.5 0.7133333333333334 0.08 820 820 
0.5 0.7133333333333334 0.08666666666666667 858 858 
0.5 0.7133333333333334 0.09333333333333334 850 850 
0.5 0.7133333333333334 0.1 811 811 
0.5 0.7133333333333334 0.10666666666666667 839 839 
0.5 0.7133333333333334 0.11333333333333333 828 828 
0.5 0.7133333333333334 0.12 840 840 
0.5 0.7133333333333334 0.12666666666666668 869 869 
0.5 0.7133333333333334 0.13333333333333333 852 852 
0.5 0.7133333333333334 0.14 816 816 
0.5 0.7133333333333334 0.14666666666666667 869 869 
0.5 0.7133333333333334 0.15333333333333332 897 897 
0.5 0.7133333333333334 0.16 801 801 
0.5 0.7133333333333334 0.16666666666666666 865 865 
0.5 0.7133333333333334 0.17333333333333334 843 843 
0.5 0.7133333333333334 0.18 859 859 
0.5 0.7133333333333334 0.18666666666666668 775 775 
0.5 0.7133333333333334 0.19333333333333333 827 827 
0.5 0.7133333333333334 0.2 841 841 
0.5 0.7133333333333334 0.20666666666666667 882 882 
0.5 0.7133333333333334 0.21333333333333335 829 829 
0.5 0.7133333333333334 0.22 878 878 
0.5 0.7133333333333334 0.22666666666666666 842 842 
0.5 0.7133333333333334 0.23333333333333334 864 864 
0.5 0.7133333333333334 0.24 850 850 
0.5 0.7133333333333334 0.24666666666666667 812 812 
0.5 0.7133333333333334 0.25333333333333335 865 865 
0.5 0.7133333333333334 0.26 876 876 
0.5 0.7133333333333334 0.26666666666666666 825 825 
0.5 0.7133333333333334 0.2733333333333333 837 837 
0.5 0.7133333333333334 0.28 876 876 
0.5 0.7133333333333334 0.2866666666666667 857 857 
0.5 0.7133333333333334 0.29333333333333333 837 837 
0.5 0.7133333333333334 0.3 830 830 
0.5 0.7133333333333334 0.30666666666666664 869 869 
0.5 0.7133333333333334 0.31333333333333335 856 856 
0.5 0.7133333333333334 0.32 862 862 
0.5 0.7133333333333334 0.32666666666666666 872 872 
0.5 0.7133333333333334 0.3333333333333333 800 800 
0.5 0.7133333333333334 0.34 834 834 
0.5 0.7133333333333334 0.3466666666666667 848 848 
0.5 0.7133333333333334 0.35333333333333333 840 840 
0.5 0.7133333333333334 0.36 894 894 
0.5 0.7133333333333334 0.36666666666666664 888 888 
0.5 0.7133333333333334 0.37333333333333335 847 847 
0.5 0.7133333333333334 0.38 811 811 
0.5 0.7133333333333334 0.38666666666666666 793 793 
0.5 0.7133333333333334 0.3933333333333333 819 819 
0.5 0.7133333333333334 0.4 854 854 
0.5 0.7133333333333334 0.4066666666666667 809 809 
0.5 0.7133333333333334 0.41333333333333333 775 775 
0.5 0.7133333333333334 0.42 819 819 
0.5 0.7133333333333334 0.4266666666666667 863 863 
0.5 0.7133333333333334 0.43333333333333335 823 823 
0.5 0.7133333333333334 0.44 846 846 
0.5 0.7133333333333334 0.44666666666666666 807 807 
0.5 0.7133333333333334 0.4533333333333333 843 843 
0.5 0.7133333333333334 0.46 876 876 
0.5 0.7133333333333334 0.4666666666666667 768 768 
0.5 0.7133333333333334 0.47333333333333333 820 820 
0.5 0.7133333333333334 0.48 825 825 
0.5 0.7133333333333334 0.4866666666666667 825 825 
0.5 0.7133333333333334 0.49333333333333335 816 816 
0.5 0.7133333333333334 0.5 845 845 
0.5 0.7133333333333334 0.5066666666666667 883 883 
0.5 0.7133333333333334 0.5133333333333333 804 804 
0.5 0.7133333333333334 0.52 869 869 
0.5 0.7133333333333334 0.5266666666666666 861 861 
0.5 0.7133333333333334 0.5333333333333333 909 909 
0.5 0.7133333333333334 0.54 834 834 
0.5 0.7133333333333334 0.5466666666666666 774 774 
0.5 0.7133333333333334 0.5533333333333333 874 874 
0.5 0.7133333333333334 0.56 843 843 
0.5 0.7133333333333334 0.5666666666666667 818 818 
0.5 0.7133333333333334 0.5733333333333334 846 846 
0.5 0.7133333333333334 0.58 819 819 
0.5 0.7133333333333334 0.5866666666666667 843 843 
0.5 0.7133333333333334 0.5933333333333334 794 794 
0.5 0.7133333333333334 0.6 864 864 
0.5 0.7133333333333334 0.6066666666666667 830 830 
0.5 0.7133333333333334 0.6133333333333333 829 829 
0.5 0.7133333333333334 0.62 822 822 
0.5 0.7133333333333334 0.6266666666666667 814 814 
0.5 0.7133333333333334 0.6333333333333333 800 800 
0.5 0.7133333333333334 0.64 833 833 
0.5 0.7133333333333334 0.6466666666666666 818 818 
0.5 0.7133333333333334 0.6533333333333333 803 803 
0.5 0.7133333333333334 0.66 832 832 
0.5 0.7133333333333334 0.6666666666666666 845 845 
0.5 0.7133333333333334 0.6733333333333333 854 854 
0.5 0.7133333333333334 0.68 868 868 
0.5 0.7133333333333334 0.6866666666666666 845 845 
0.5 0.7133333333333334 0.6933333333333334 909 909 
0.5 0.7133333333333334 0.7 831 831 
0.5 0.7133333333333334 0.7066666666666667 834 834 
0.5 0.7133333333333334 0.7133333333333334 845 845 
0.5 0.7133333333333334 0.72 878 878 
0.5 0.7133333333333334 0.7266666666666667 829 829 
0.5 0.7133333333333334 0.7333333333333333 875 875 
0.5 0.7133333333333334 0.74 834 834 
0.5 0.7133333333333334 0.7466666666666667 878 878 
0.5 0.7133333333333334 0.7533333333333333 871 871 
0.5 0.7133333333333334 0.76 841 841 
0.5 0.7133333333333334 0.7666666666666667 836 836 
0.5 0.7133333333333334 0.7733333333333333 884 884 
0.5 0.7133333333333334 0.78 844 844 
0.5 0.7133333333333334 0.7866666666666666 876 876 
0.5 0.7133333333333334 0.7933333333333333 873 873 
0.5 0.7133333333333334 0.8 863 863 
0.5 0.7133333333333334 0.8066666666666666 835 835 
0.5 0.7133333333333334 0.8133333333333334 850 850 
0.5 0.7133333333333334 0.82 834 834 
0.5 0.7133333333333334 0.8266666666666667 860 860 
0.5 0.7133333333333334 0.8333333333333334 883 883 
0.5 0.7133333333333334 0.84 898 898 
0.5 0.7133333333333334 0.8466666666666667 846 846 
0.5 0.7133333333333334 0.8533333333333334 888 888 
0.5 0.7133333333333334 0.86 901 901 
0.5 0.7133333333333334 0.8666666666666667 878 878 
0.5 0.7133333333333334 0.8733333333333333 858 858 
0.5 0.7133333333333334 0.88 834 834 
0.5 0.7133333333333334 0.8866666666666667 887 887 
0.5 0.7133333333333334 0.8933333333333333 855 855 
0.5 0.7133333333333334 0.9 859 859 
0.5 0.7133333333333334 0.9066666666666666 837 837 
0.5 0.7133333333333334 0.9133333333333333 835 835 
0.5 0.7133333333333334 0.92 861 861 
0.5 0.7133333333333334 0.9266666666666666 860 860 
0.5 0.7133333333333334 0.9333333333333333 844 844 
0.5 0.7133333333333334 0.94 860 860 
0.5 0.7133333333333334 0.9466666666666667 916 916 
0.5 0.7133333333333334 0.9533333333333334 780 780 
0.5 0.7133333333333334 0.96 1018 1018 
0.5 0.7133333333333334 0.9666666666666667 775 775 
0.5 0.7133333333333334 0.9733333333333334 666 666 
0.5 0.7133333333333334 0.98 1436 1436 
0.5 0.7133333333333334 0.9866666666666667 0 0 
0.5 0.7133333333333334 0.9933333333333333 0 0 
0.5 0.72 0.0 0 0 
0.5 0.72 0.006666666666666667 0 0 
0.5 0.72 0.013333333333333334 1419 1419 
0.5 0.72 0.02 625 625 
0.5 0.72 0.02666666666666667 729 729 
0.5 0.72 0.03333333333333333 1011 1011 
0.5 0.72 0.04 781 781 
0.5 0.72 0.04666666666666667 920 920 
0.5 0.72 0.05333333333333334 812 812 
0.5 0.72 0.06 816 816 
0.5 0.72 0.06666666666666667 867 867 
0.5 0.72 0.07333333333333333 878 878 
0.5 0.72 0.08 833 833 
0.5 0.72 0.08666666666666667 788 788 
0.5 0.72 0.09333333333333334 807 807 
0.5 0.72 0.1 806 806 
0.5 0.72 0.10666666666666667 828 828 
0.5 0.72 0.11333333333333333 796 796 
0.5 0.72 0.12 858 858 
0.5 0.72 0.12666666666666668 845 845 
0.5 0.72 0.13333333333333333 793 793 
0.5 0.72 0.14 833 833 
0.5 0.72 0.14666666666666667 912 912 
0.5 0.72 0.15333333333333332 802 802 
0.5 0.72 0.16 822 822 
0.5 0.72 0.16666666666666666 808 808 
0.5 0.72 0.17333333333333334 840 840 
0.5 0.72 0.18 841 841 
0.5 0.72 0.18666666666666668 806 806 
0.5 0.72 0.19333333333333333 805 805 
0.5 0.72 0.2 864 864 
0.5 0.72 0.20666666666666667 832 832 
0.5 0.72 0.21333333333333335 830 830 
0.5 0.72 0.22 830 830 
0.5 0.72 0.22666666666666666 816 816 
0.5 0.72 0.23333333333333334 882 882 
0.5 0.72 0.24 791 791 
0.5 0.72 0.24666666666666667 834 834 
0.5 0.72 0.25333333333333335 820 820 
0.5 0.72 0.26 797 797 
0.5 0.72 0.26666666666666666 865 865 
0.5 0.72 0.2733333333333333 870 870 
0.5 0.72 0.28 828 828 
0.5 0.72 0.2866666666666667 865 865 
0.5 0.72 0.29333333333333333 850 850 
0.5 0.72 0.3 778 778 
0.5 0.72 0.30666666666666664 870 870 
0.5 0.72 0.31333333333333335 814 814 
0.5 0.72 0.32 832 832 
0.5 0.72 0.32666666666666666 829 829 
0.5 0.72 0.3333333333333333 859 859 
0.5 0.72 0.34 807 807 
0.5 0.72 0.3466666666666667 857 857 
0.5 0.72 0.35333333333333333 809 809 
0.5 0.72 0.36 827 827 
0.5 0.72 0.36666666666666664 791 791 
0.5 0.72 0.37333333333333335 832 832 
0.5 0.72 0.38 745 745 
0.5 0.72 0.38666666666666666 822 822 
0.5 0.72 0.3933333333333333 845 845 
0.5 0.72 0.4 871 871 
0.5 0.72 0.4066666666666667 786 786 
0.5 0.72 0.41333333333333333 877 877 
0.5 0.72 0.42 808 808 
0.5 0.72 0.4266666666666667 822 822 
0.5 0.72 0.43333333333333335 839 839 
0.5 0.72 0.44 799 799 
0.5 0.72 0.44666666666666666 842 842 
0.5 0.72 0.4533333333333333 852 852 
0.5 0.72 0.46 852 852 
0.5 0.72 0.4666666666666667 832 832 
0.5 0.72 0.47333333333333333 833 833 
0.5 0.72 0.48 818 818 
0.5 0.72 0.4866666666666667 801 801 
0.5 0.72 0.49333333333333335 806 806 
0.5 0.72 0.5 868 868 
0.5 0.72 0.5066666666666667 861 861 
0.5 0.72 0.5133333333333333 894 894 
0.5 0.72 0.52 835 835 
0.5 0.72 0.5266666666666666 855 855 
0.5 0.72 0.5333333333333333 865 865 
0.5 0.72 0.54 821 821 
0.5 0.72 0.5466666666666666 869 869 
0.5 0.72 0.5533333333333333 805 805 
0.5 0.72 0.56 823 823 
0.5 0.72 0.5666666666666667 827 827 
0.5 0.72 0.5733333333333334 835 835 
0.5 0.72 0.58 861 861 
0.5 0.72 0.5866666666666667 794 794 
0.5 0.72 0.5933333333333334 801 801 
0.5 0.72 0.6 806 806 
0.5 0.72 0.6066666666666667 886 886 
0.5 0.72 0.6133333333333333 793 793 
0.5 0.72 0.62 856 856 
0.5 0.72 0.6266666666666667 882 882 
0.5 0.72 0.6333333333333333 817 817 
0.5 0.72 0.64 844 844 
0.5 0.72 0.6466666666666666 842 842 
0.5 0.72 0.6533333333333333 845 845 
0.5 0.72 0.66 757 757 
0.5 0.72 0.6666666666666666 832 832 
0.5 0.72 0.6733333333333333 882 882 
0.5 0.72 0.68 817 817 
0.5 0.72 0.6866666666666666 833 833 
0.5 0.72 0.6933333333333334 863 863 
0.5 0.72 0.7 865 865 
0.5 0.72 0.7066666666666667 853 853 
0.5 0.72 0.7133333333333334 880 880 
0.5 0.72 0.72 840 840 
0.5 0.72 0.7266666666666667 914 914 
0.5 0.72 0.7333333333333333 821 821 
0.5 0.72 0.74 862 862 
0.5 0.72 0.7466666666666667 815 815 
0.5 0.72 0.7533333333333333 856 856 
0.5 0.72 0.76 854 854 
0.5 0.72 0.7666666666666667 841 841 
0.5 0.72 0.7733333333333333 851 851 
0.5 0.72 0.78 822 822 
0.5 0.72 0.7866666666666666 825 825 
0.5 0.72 0.7933333333333333 807 807 
0.5 0.72 0.8 866 866 
0.5 0.72 0.8066666666666666 831 831 
0.5 0.72 0.8133333333333334 921 921 
0.5 0.72 0.82 857 857 
0.5 0.72 0.8266666666666667 876 876 
0.5 0.72 0.8333333333333334 855 855 
0.5 0.72 0.84 835 835 
0.5 0.72 0.8466666666666667 855 855 
0.5 0.72 0.8533333333333334 826 826 
0.5 0.72 0.86 884 884 
0.5 0.72 0.8666666666666667 870 870 
0.5 0.72 0.8733333333333333 864 864 
0.5 0.72 0.88 892 892 
0.5 0.72 0.8866666666666667 875 875 
0.5 0.72 0.8933333333333333 903 903 
0.5 0.72 0.9 828 828 
0.5 0.72 0.9066666666666666 834 834 
0.5 0.72 0.9133333333333333 881 881 
0.5 0.72 0.92 837 837 
0.5 0.72 0.9266666666666666 884 884 
0.5 0.72 0.9333333333333333 871 871 
0.5 0.72 0.94 827 827 
0.5 0.72 0.9466666666666667 941 941 
0.5 0.72 0.9533333333333334 794 794 
0.5 0.72 0.96 1035 1035 
0.5 0.72 0.9666666666666667 818 818 
0.5 0.72 0.9733333333333334 682 682 
0.5 0.72 0.98 1495 1495 
0.5 0.72 0.9866666666666667 0 0 
0.5 0.72 0.9933333333333333 0 0 
0.5 0.7266666666666667 0.0 0 0 
0.5 0.7266666666666667 0.006666666666666667 0 0 
0.5 0.7266666666666667 0.013333333333333334 1358 1358 
0.5 0.7266666666666667 0.02 735 735 
0.5 0.7266666666666667 0.02666666666666667 754 754 
0.5 0.7266666666666667 0.03333333333333333 998 998 
0.5 0.7266666666666667 0.04 753 753 
0.5 0.7266666666666667 0.04666666666666667 877 877 
0.5 0.7266666666666667 0.05333333333333334 829 829 
0.5 0.7266666666666667 0.06 801 801 
0.5 0.7266666666666667 0.06666666666666667 874 874 
0.5 0.7266666666666667 0.07333333333333333 818 818 
0.5 0.7266666666666667 0.08 868 868 
0.5 0.7266666666666667 0.08666666666666667 852 852 
0.5 0.7266666666666667 0.09333333333333334 841 841 
0.5 0.7266666666666667 0.1 830 830 
0.5 0.7266666666666667 0.10666666666666667 812 812 
0.5 0.7266666666666667 0.11333333333333333 835 835 
0.5 0.7266666666666667 0.12 846 846 
0.5 0.7266666666666667 0.12666666666666668 813 813 
0.5 0.7266666666666667 0.13333333333333333 811 811 
0.5 0.7266666666666667 0.14 815 815 
0.5 0.7266666666666667 0.14666666666666667 802 802 
0.5 0.7266666666666667 0.15333333333333332 856 856 
0.5 0.7266666666666667 0.16 864 864 
0.5 0.7266666666666667 0.16666666666666666 875 875 
0.5 0.7266666666666667 0.17333333333333334 843 843 
0.5 0.7266666666666667 0.18 832 832 
0.5 0.7266666666666667 0.18666666666666668 816 816 
0.5 0.7266666666666667 0.19333333333333333 797 797 
0.5 0.7266666666666667 0.2 822 822 
0.5 0.7266666666666667 0.20666666666666667 823 823 
0.5 0.7266666666666667 0.21333333333333335 845 845 
0.5 0.7266666666666667 0.22 843 843 
0.5 0.7266666666666667 0.22666666666666666 833 833 
0.5 0.7266666666666667 0.23333333333333334 799 799 
0.5 0.7266666666666667 0.24 838 838 
0.5 0.7266666666666667 0.24666666666666667 892 892 
0.5 0.7266666666666667 0.25333333333333335 856 856 
0.5 0.7266666666666667 0.26 822 822 
0.5 0.7266666666666667 0.26666666666666666 874 874 
0.5 0.7266666666666667 0.2733333333333333 853 853 
0.5 0.7266666666666667 0.28 817 817 
0.5 0.7266666666666667 0.2866666666666667 842 842 
0.5 0.7266666666666667 0.29333333333333333 868 868 
0.5 0.7266666666666667 0.3 837 837 
0.5 0.7266666666666667 0.30666666666666664 797 797 
0.5 0.7266666666666667 0.31333333333333335 862 862 
0.5 0.7266666666666667 0.32 835 835 
0.5 0.7266666666666667 0.32666666666666666 878 878 
0.5 0.7266666666666667 0.3333333333333333 799 799 
0.5 0.7266666666666667 0.34 849 849 
0.5 0.7266666666666667 0.3466666666666667 846 846 
0.5 0.7266666666666667 0.35333333333333333 811 811 
0.5 0.7266666666666667 0.36 855 855 
0.5 0.7266666666666667 0.36666666666666664 807 807 
0.5 0.7266666666666667 0.37333333333333335 828 828 
0.5 0.7266666666666667 0.38 897 897 
0.5 0.7266666666666667 0.38666666666666666 824 824 
0.5 0.7266666666666667 0.3933333333333333 820 820 
0.5 0.7266666666666667 0.4 844 844 
0.5 0.7266666666666667 0.4066666666666667 821 821 
0.5 0.7266666666666667 0.41333333333333333 824 824 
0.5 0.7266666666666667 0.42 857 857 
0.5 0.7266666666666667 0.4266666666666667 801 801 
0.5 0.7266666666666667 0.43333333333333335 845 845 
0.5 0.7266666666666667 0.44 771 771 
0.5 0.7266666666666667 0.44666666666666666 803 803 
0.5 0.7266666666666667 0.4533333333333333 823 823 
0.5 0.7266666666666667 0.46 795 795 
0.5 0.7266666666666667 0.4666666666666667 837 837 
0.5 0.7266666666666667 0.47333333333333333 770 770 
0.5 0.7266666666666667 0.48 861 861 
0.5 0.7266666666666667 0.4866666666666667 810 810 
0.5 0.7266666666666667 0.49333333333333335 841 841 
0.5 0.7266666666666667 0.5 793 793 
0.5 0.7266666666666667 0.5066666666666667 867 867 
0.5 0.7266666666666667 0.5133333333333333 853 853 
0.5 0.7266666666666667 0.52 807 807 
0.5 0.7266666666666667 0.5266666666666666 819 819 
0.5 0.7266666666666667 0.5333333333333333 876 876 
0.5 0.7266666666666667 0.54 843 843 
0.5 0.7266666666666667 0.5466666666666666 860 860 
0.5 0.7266666666666667 0.5533333333333333 853 853 
0.5 0.7266666666666667 0.56 884 884 
0.5 0.7266666666666667 0.5666666666666667 811 811 
0.5 0.7266666666666667 0.5733333333333334 813 813 
0.5 0.7266666666666667 0.58 759 759 
0.5 0.7266666666666667 0.5866666666666667 776 776 
0.5 0.7266666666666667 0.5933333333333334 794 794 
0.5 0.7266666666666667 0.6 825 825 
0.5 0.7266666666666667 0.6066666666666667 847 847 
0.5 0.7266666666666667 0.6133333333333333 792 792 
0.5 0.7266666666666667 0.62 818 818 
0.5 0.7266666666666667 0.6266666666666667 862 862 
0.5 0.7266666666666667 0.6333333333333333 791 791 
0.5 0.7266666666666667 0.64 863 863 
0.5 0.7266666666666667 0.6466666666666666 851 851 
0.5 0.7266666666666667 0.6533333333333333 875 875 
0.5 0.7266666666666667 0.66 845 845 
0.5 0.7266666666666667 0.6666666666666666 840 840 
0.5 0.7266666666666667 0.6733333333333333 838 838 
0.5 0.7266666666666667 0.68 848 848 
0.5 0.7266666666666667 0.6866666666666666 846 846 
0.5 0.7266666666666667 0.6933333333333334 837 837 
0.5 0.7266666666666667 0.7 853 853 
0.5 0.7266666666666667 0.7066666666666667 853 853 
0.5 0.7266666666666667 0.7133333333333334 856 856 
0.5 0.7266666666666667 0.72 882 882 
0.5 0.7266666666666667 0.7266666666666667 856 856 
0.5 0.7266666666666667 0.7333333333333333 885 885 
0.5 0.7266666666666667 0.74 847 847 
0.5 0.7266666666666667 0.7466666666666667 934 934 
0.5 0.7266666666666667 0.7533333333333333 886 886 
0.5 0.7266666666666667 0.76 832 832 
0.5 0.7266666666666667 0.7666666666666667 828 828 
0.5 0.7266666666666667 0.7733333333333333 832 832 
0.5 0.7266666666666667 0.78 826 826 
0.5 0.7266666666666667 0.7866666666666666 836 836 
0.5 0.7266666666666667 0.7933333333333333 871 871 
0.5 0.7266666666666667 0.8 894 894 
0.5 0.7266666666666667 0.8066666666666666 904 904 
0.5 0.7266666666666667 0.8133333333333334 895 895 
0.5 0.7266666666666667 0.82 882 882 
0.5 0.7266666666666667 0.8266666666666667 861 861 
0.5 0.7266666666666667 0.8333333333333334 885 885 
0.5 0.7266666666666667 0.84 856 856 
0.5 0.7266666666666667 0.8466666666666667 888 888 
0.5 0.7266666666666667 0.8533333333333334 881 881 
0.5 0.7266666666666667 0.86 837 837 
0.5 0.7266666666666667 0.8666666666666667 876 876 
0.5 0.7266666666666667 0.8733333333333333 844 844 
0.5 0.7266666666666667 0.88 864 864 
0.5 0.7266666666666667 0.8866666666666667 871 871 
0.5 0.7266666666666667 0.8933333333333333 848 848 
0.5 0.7266666666666667 0.9 868 868 
0.5 0.7266666666666667 0.9066666666666666 878 878 
0.5 0.7266666666666667 0.9133333333333333 894 894 
0.5 0.7266666666666667 0.92 860 860 
0.5 0.7266666666666667 0.9266666666666666 864 864 
0.5 0.7266666666666667 0.9333333333333333 854 854 
0.5 0.7266666666666667 0.94 856 856 
0.5 0.7266666666666667 0.9466666666666667 931 931 
0.5 0.7266666666666667 0.9533333333333334 804 804 
0.5 0.7266666666666667 0.96 1001 1001 
0.5 0.7266666666666667 0.9666666666666667 751 751 
0.5 0.7266666666666667 0.9733333333333334 691 691 
0.5 0.7266666666666667 0.98 1432 1432 
0.5 0.7266666666666667 0.9866666666666667 0 0 
0.5 0.7266666666666667 0.9933333333333333 0 0 
0.5 0.7333333333333333 0.0 0 0 
0.5 0.7333333333333333 0.006666666666666667 0 0 
0.5 0.7333333333333333 0.013333333333333334 1378 1378 
0.5 0.7333333333333333 0.02 743 743 
0.5 0.7333333333333333 0.02666666666666667 731 731 
0.5 0.7333333333333333 0.03333333333333333 972 972 
0.5 0.7333333333333333 0.04 749 749 
0.5 0.7333333333333333 0.04666666666666667 850 850 
0.5 0.7333333333333333 0.05333333333333334 832 832 
0.5 0.7333333333333333 0.06 829 829 
0.5 0.7333333333333333 0.06666666666666667 821 821 
0.5 0.7333333333333333 0.07333333333333333 871 871 
0.5 0.7333333333333333 0.08 784 784 
0.5 0.7333333333333333 0.08666666666666667 806 806 
0.5 0.7333333333333333 0.09333333333333334 868 868 
0.5 0.7333333333333333 0.1 811 811 
0.5 0.7333333333333333 0.10666666666666667 784 784 
0.5 0.7333333333333333 0.11333333333333333 801 801 
0.5 0.7333333333333333 0.12 880 880 
0.5 0.7333333333333333 0.12666666666666668 831 831 
0.5 0.7333333333333333 0.13333333333333333 795 795 
0.5 0.7333333333333333 0.14 823 823 
0.5 0.7333333333333333 0.14666666666666667 774 774 
0.5 0.7333333333333333 0.15333333333333332 768 768 
0.5 0.7333333333333333 0.16 779 779 
0.5 0.7333333333333333 0.16666666666666666 794 794 
0.5 0.7333333333333333 0.17333333333333334 817 817 
0.5 0.7333333333333333 0.18 862 862 
0.5 0.7333333333333333 0.18666666666666668 827 827 
0.5 0.7333333333333333 0.19333333333333333 815 815 
0.5 0.7333333333333333 0.2 887 887 
0.5 0.7333333333333333 0.20666666666666667 821 821 
0.5 0.7333333333333333 0.21333333333333335 835 835 
0.5 0.7333333333333333 0.22 877 877 
0.5 0.7333333333333333 0.22666666666666666 806 806 
0.5 0.7333333333333333 0.23333333333333334 784 784 
0.5 0.7333333333333333 0.24 892 892 
0.5 0.7333333333333333 0.24666666666666667 838 838 
0.5 0.7333333333333333 0.25333333333333335 884 884 
0.5 0.7333333333333333 0.26 832 832 
0.5 0.7333333333333333 0.26666666666666666 851 851 
0.5 0.7333333333333333 0.2733333333333333 831 831 
0.5 0.7333333333333333 0.28 839 839 
0.5 0.7333333333333333 0.2866666666666667 900 900 
0.5 0.7333333333333333 0.29333333333333333 848 848 
0.5 0.7333333333333333 0.3 780 780 
0.5 0.7333333333333333 0.30666666666666664 847 847 
0.5 0.7333333333333333 0.31333333333333335 836 836 
0.5 0.7333333333333333 0.32 869 869 
0.5 0.7333333333333333 0.32666666666666666 898 898 
0.5 0.7333333333333333 0.3333333333333333 793 793 
0.5 0.7333333333333333 0.34 813 813 
0.5 0.7333333333333333 0.3466666666666667 847 847 
0.5 0.7333333333333333 0.35333333333333333 829 829 
0.5 0.7333333333333333 0.36 845 845 
0.5 0.7333333333333333 0.36666666666666664 853 853 
0.5 0.7333333333333333 0.37333333333333335 804 804 
0.5 0.7333333333333333 0.38 821 821 
0.5 0.7333333333333333 0.38666666666666666 823 823 
0.5 0.7333333333333333 0.3933333333333333 848 848 
0.5 0.7333333333333333 0.4 806 806 
0.5 0.7333333333333333 0.4066666666666667 835 835 
0.5 0.7333333333333333 0.41333333333333333 856 856 
0.5 0.7333333333333333 0.42 812 812 
0.5 0.7333333333333333 0.4266666666666667 852 852 
0.5 0.7333333333333333 0.43333333333333335 835 835 
0.5 0.7333333333333333 0.44 775 775 
0.5 0.7333333333333333 0.44666666666666666 845 845 
0.5 0.7333333333333333 0.4533333333333333 867 867 
0.5 0.7333333333333333 0.46 813 813 
0.5 0.7333333333333333 0.4666666666666667 833 833 
0.5 0.7333333333333333 0.47333333333333333 828 828 
0.5 0.7333333333333333 0.48 827 827 
0.5 0.7333333333333333 0.4866666666666667 795 795 
0.5 0.7333333333333333 0.49333333333333335 826 826 
0.5 0.7333333333333333 0.5 857 857 
0.5 0.7333333333333333 0.5066666666666667 823 823 
0.5 0.7333333333333333 0.5133333333333333 832 832 
0.5 0.7333333333333333 0.52 818 818 
0.5 0.7333333333333333 0.5266666666666666 812 812 
0.5 0.7333333333333333 0.5333333333333333 842 842 
0.5 0.7333333333333333 0.54 836 836 
0.5 0.7333333333333333 0.5466666666666666 836 836 
0.5 0.7333333333333333 0.5533333333333333 870 870 
0.5 0.7333333333333333 0.56 770 770 
0.5 0.7333333333333333 0.5666666666666667 855 855 
0.5 0.7333333333333333 0.5733333333333334 827 827 
0.5 0.7333333333333333 0.58 824 824 
0.5 0.7333333333333333 0.5866666666666667 792 792 
0.5 0.7333333333333333 0.5933333333333334 856 856 
0.5 0.7333333333333333 0.6 843 843 
0.5 0.7333333333333333 0.6066666666666667 823 823 
0.5 0.7333333333333333 0.6133333333333333 825 825 
0.5 0.7333333333333333 0.62 871 871 
0.5 0.7333333333333333 0.6266666666666667 810 810 
0.5 0.7333333333333333 0.6333333333333333 840 840 
0.5 0.7333333333333333 0.64 858 858 
0.5 0.7333333333333333 0.6466666666666666 826 826 
0.5 0.7333333333333333 0.6533333333333333 867 867 
0.5 0.7333333333333333 0.66 822 822 
0.5 0.7333333333333333 0.6666666666666666 875 875 
0.5 0.7333333333333333 0.6733333333333333 931 931 
0.5 0.7333333333333333 0.68 834 834 
0.5 0.7333333333333333 0.6866666666666666 803 803 
0.5 0.7333333333333333 0.6933333333333334 873 873 
0.5 0.7333333333333333 0.7 872 872 
0.5 0.7333333333333333 0.7066666666666667 879 879 
0.5 0.7333333333333333 0.7133333333333334 838 838 
0.5 0.7333333333333333 0.72 863 863 
0.5 0.7333333333333333 0.7266666666666667 846 846 
0.5 0.7333333333333333 0.7333333333333333 860 860 
0.5 0.7333333333333333 0.74 806 806 
0.5 0.7333333333333333 0.7466666666666667 828 828 
0.5 0.7333333333333333 0.7533333333333333 837 837 
0.5 0.7333333333333333 0.76 834 834 
0.5 0.7333333333333333 0.7666666666666667 840 840 
0.5 0.7333333333333333 0.7733333333333333 846 846 
0.5 0.7333333333333333 0.78 847 847 
0.5 0.7333333333333333 0.7866666666666666 875 875 
0.5 0.7333333333333333 0.7933333333333333 867 867 
0.5 0.7333333333333333 0.8 816 816 
0.5 0.7333333333333333 0.8066666666666666 815 815 
0.5 0.7333333333333333 0.8133333333333334 798 798 
0.5 0.7333333333333333 0.82 880 880 
0.5 0.7333333333333333 0.8266666666666667 823 823 
0.5 0.7333333333333333 0.8333333333333334 873 873 
0.5 0.7333333333333333 0.84 897 897 
0.5 0.7333333333333333 0.8466666666666667 884 884 
0.5 0.7333333333333333 0.8533333333333334 885 885 
0.5 0.7333333333333333 0.86 831 831 
0.5 0.7333333333333333 0.8666666666666667 886 886 
0.5 0.7333333333333333 0.8733333333333333 878 878 
0.5 0.7333333333333333 0.88 899 899 
0.5 0.7333333333333333 0.8866666666666667 868 868 
0.5 0.7333333333333333 0.8933333333333333 889 889 
0.5 0.7333333333333333 0.9 903 903 
0.5 0.7333333333333333 0.9066666666666666 834 834 
0.5 0.7333333333333333 0.9133333333333333 942 942 
0.5 0.7333333333333333 0.92 869 869 
0.5 0.7333333333333333 0.9266666666666666 890 890 
0.5 0.7333333333333333 0.9333333333333333 858 858 
0.5 0.7333333333333333 0.94 881 881 
0.5 0.7333333333333333 0.9466666666666667 946 946 
0.5 0.7333333333333333 0.9533333333333334 761 761 
0.5 0.7333333333333333 0.96 1030 1030 
0.5 0.7333333333333333 0.9666666666666667 752 752 
0.5 0.7333333333333333 0.9733333333333334 715 715 
0.5 0.7333333333333333 0.98 1419 1419 
0.5 0.7333333333333333 0.9866666666666667 0 0 
0.5 0.7333333333333333 0.9933333333333333 0 0 
0.5 0.74 0.0 0 0 
0.5 0.74 0.006666666666666667 0 0 
0.5 0.74 0.013333333333333334 1366 1366 
0.5 0.74 0.02 648 648 
0.5 0.74 0.02666666666666667 705 705 
0.5 0.74 0.03333333333333333 936 936 
0.5 0.74 0.04 801 801 
0.5 0.74 0.04666666666666667 900 900 
0.5 0.74 0.05333333333333334 849 849 
0.5 0.74 0.06 819 819 
0.5 0.74 0.06666666666666667 871 871 
0.5 0.74 0.07333333333333333 833 833 
0.5 0.74 0.08 832 832 
0.5 0.74 0.08666666666666667 827 827 
0.5 0.74 0.09333333333333334 802 802 
0.5 0.74 0.1 821 821 
0.5 0.74 0.10666666666666667 872 872 
0.5 0.74 0.11333333333333333 819 819 
0.5 0.74 0.12 827 827 
0.5 0.74 0.12666666666666668 789 789 
0.5 0.74 0.13333333333333333 821 821 
0.5 0.74 0.14 833 833 
0.5 0.74 0.14666666666666667 837 837 
0.5 0.74 0.15333333333333332 777 777 
0.5 0.74 0.16 806 806 
0.5 0.74 0.16666666666666666 804 804 
0.5 0.74 0.17333333333333334 809 809 
0.5 0.74 0.18 808 808 
0.5 0.74 0.18666666666666668 778 778 
0.5 0.74 0.19333333333333333 803 803 
0.5 0.74 0.2 845 845 
0.5 0.74 0.20666666666666667 837 837 
0.5 0.74 0.21333333333333335 815 815 
0.5 0.74 0.22 812 812 
0.5 0.74 0.22666666666666666 803 803 
0.5 0.74 0.23333333333333334 881 881 
0.5 0.74 0.24 838 838 
0.5 0.74 0.24666666666666667 809 809 
0.5 0.74 0.25333333333333335 804 804 
0.5 0.74 0.26 831 831 
0.5 0.74 0.26666666666666666 802 802 
0.5 0.74 0.2733333333333333 810 810 
0.5 0.74 0.28 814 814 
0.5 0.74 0.2866666666666667 806 806 
0.5 0.74 0.29333333333333333 874 874 
0.5 0.74 0.3 813 813 
0.5 0.74 0.30666666666666664 853 853 
0.5 0.74 0.31333333333333335 830 830 
0.5 0.74 0.32 827 827 
0.5 0.74 0.32666666666666666 818 818 
0.5 0.74 0.3333333333333333 850 850 
0.5 0.74 0.34 864 864 
0.5 0.74 0.3466666666666667 810 810 
0.5 0.74 0.35333333333333333 834 834 
0.5 0.74 0.36 843 843 
0.5 0.74 0.36666666666666664 879 879 
0.5 0.74 0.37333333333333335 771 771 
0.5 0.74 0.38 886 886 
0.5 0.74 0.38666666666666666 854 854 
0.5 0.74 0.3933333333333333 833 833 
0.5 0.74 0.4 853 853 
0.5 0.74 0.4066666666666667 828 828 
0.5 0.74 0.41333333333333333 865 865 
0.5 0.74 0.42 851 851 
0.5 0.74 0.4266666666666667 826 826 
0.5 0.74 0.43333333333333335 830 830 
0.5 0.74 0.44 835 835 
0.5 0.74 0.44666666666666666 814 814 
0.5 0.74 0.4533333333333333 839 839 
0.5 0.74 0.46 857 857 
0.5 0.74 0.4666666666666667 812 812 
0.5 0.74 0.47333333333333333 852 852 
0.5 0.74 0.48 809 809 
0.5 0.74 0.4866666666666667 848 848 
0.5 0.74 0.49333333333333335 809 809 
0.5 0.74 0.5 857 857 
0.5 0.74 0.5066666666666667 854 854 
0.5 0.74 0.5133333333333333 895 895 
0.5 0.74 0.52 850 850 
0.5 0.74 0.5266666666666666 867 867 
0.5 0.74 0.5333333333333333 818 818 
0.5 0.74 0.54 847 847 
0.5 0.74 0.5466666666666666 886 886 
0.5 0.74 0.5533333333333333 767 767 
0.5 0.74 0.56 895 895 
0.5 0.74 0.5666666666666667 857 857 
0.5 0.74 0.5733333333333334 833 833 
0.5 0.74 0.58 822 822 
0.5 0.74 0.5866666666666667 841 841 
0.5 0.74 0.5933333333333334 758 758 
0.5 0.74 0.6 758 758 
0.5 0.74 0.6066666666666667 827 827 
0.5 0.74 0.6133333333333333 834 834 
0.5 0.74 0.62 816 816 
0.5 0.74 0.6266666666666667 831 831 
0.5 0.74 0.6333333333333333 828 828 
0.5 0.74 0.64 854 854 
0.5 0.74 0.6466666666666666 795 795 
0.5 0.74 0.6533333333333333 838 838 
0.5 0.74 0.66 833 833 
0.5 0.74 0.6666666666666666 866 866 
0.5 0.74 0.6733333333333333 830 830 
0.5 0.74 0.68 815 815 
0.5 0.74 0.6866666666666666 850 850 
0.5 0.74 0.6933333333333334 825 825 
0.5 0.74 0.7 841 841 
0.5 0.74 0.7066666666666667 856 856 
0.5 0.74 0.7133333333333334 899 899 
0.5 0.74 0.72 862 862 
0.5 0.74 0.7266666666666667 867 867 
0.5 0.74 0.7333333333333333 842 842 
0.5 0.74 0.74 816 816 
0.5 0.74 0.7466666666666667 854 854 
0.5 0.74 0.7533333333333333 900 900 
0.5 0.74 0.76 882 882 
0.5 0.74 0.7666666666666667 866 866 
0.5 0.74 0.7733333333333333 910 910 
0.5 0.74 0.78 830 830 
0.5 0.74 0.7866666666666666 865 865 
0.5 0.74 0.7933333333333333 872 872 
0.5 0.74 0.8 868 868 
0.5 0.74 0.8066666666666666 882 882 
0.5 0.74 0.8133333333333334 852 852 
0.5 0.74 0.82 799 799 
0.5 0.74 0.8266666666666667 846 846 
0.5 0.74 0.8333333333333334 853 853 
0.5 0.74 0.84 874 874 
0.5 0.74 0.8466666666666667 790 790 
0.5 0.74 0.8533333333333334 857 857 
0.5 0.74 0.86 903 903 
0.5 0.74 0.8666666666666667 878 878 
0.5 0.74 0.8733333333333333 834 834 
0.5 0.74 0.88 881 881 
0.5 0.74 0.8866666666666667 862 862 
0.5 0.74 0.8933333333333333 818 818 
0.5 0.74 0.9 851 851 
0.5 0.74 0.9066666666666666 840 840 
0.5 0.74 0.9133333333333333 844 844 
0.5 0.74 0.92 877 877 
0.5 0.74 0.9266666666666666 819 819 
0.5 0.74 0.9333333333333333 897 897 
0.5 0.74 0.94 869 869 
0.5 0.74 0.9466666666666667 908 908 
0.5 0.74 0.9533333333333334 808 808 
0.5 0.74 0.96 982 982 
0.5 0.74 0.9666666666666667 789 789 
0.5 0.74 0.9733333333333334 699 699 
0.5 0.74 0.98 1335 1335 
0.5 0.74 0.9866666666666667 0 0 
0.5 0.74 0.9933333333333333 0 0 
0.5 0.7466666666666667 0.0 0 0 
0.5 0.7466666666666667 0.006666666666666667 0 0 
0.5 0.7466666666666667 0.013333333333333334 1364 1364 
0.5 0.7466666666666667 0.02 723 723 
0.5 0.7466666666666667 0.02666666666666667 724 724 
0.5 0.7466666666666667 0.03333333333333333 996 996 
0.5 0.7466666666666667 0.04 792 792 
0.5 0.7466666666666667 0.04666666666666667 902 902 
0.5 0.7466666666666667 0.05333333333333334 835 835 
0.5 0.7466666666666667 0.06 798 798 
0.5 0.7466666666666667 0.06666666666666667 870 870 
0.5 0.7466666666666667 0.07333333333333333 830 830 
0.5 0.7466666666666667 0.08 801 801 
0.5 0.7466666666666667 0.08666666666666667 863 863 
0.5 0.7466666666666667 0.09333333333333334 841 841 
0.5 0.7466666666666667 0.1 868 868 
0.5 0.7466666666666667 0.10666666666666667 772 772 
0.5 0.7466666666666667 0.11333333333333333 800 800 
0.5 0.7466666666666667 0.12 846 846 
0.5 0.7466666666666667 0.12666666666666668 810 810 
0.5 0.7466666666666667 0.13333333333333333 835 835 
0.5 0.7466666666666667 0.14 846 846 
0.5 0.7466666666666667 0.14666666666666667 813 813 
0.5 0.7466666666666667 0.15333333333333332 804 804 
0.5 0.7466666666666667 0.16 859 859 
0.5 0.7466666666666667 0.16666666666666666 814 814 
0.5 0.7466666666666667 0.17333333333333334 803 803 
0.5 0.7466666666666667 0.18 772 772 
0.5 0.7466666666666667 0.18666666666666668 841 841 
0.5 0.7466666666666667 0.19333333333333333 853 853 
0.5 0.7466666666666667 0.2 801 801 
0.5 0.7466666666666667 0.20666666666666667 814 814 
0.5 0.7466666666666667 0.21333333333333335 803 803 
0.5 0.7466666666666667 0.22 799 799 
0.5 0.7466666666666667 0.22666666666666666 803 803 
0.5 0.7466666666666667 0.23333333333333334 863 863 
0.5 0.7466666666666667 0.24 768 768 
0.5 0.7466666666666667 0.24666666666666667 898 898 
0.5 0.7466666666666667 0.25333333333333335 853 853 
0.5 0.7466666666666667 0.26 774 774 
0.5 0.7466666666666667 0.26666666666666666 819 819 
0.5 0.7466666666666667 0.2733333333333333 814 814 
0.5 0.7466666666666667 0.28 817 817 
0.5 0.7466666666666667 0.2866666666666667 817 817 
0.5 0.7466666666666667 0.29333333333333333 852 852 
0.5 0.7466666666666667 0.3 789 789 
0.5 0.7466666666666667 0.30666666666666664 815 815 
0.5 0.7466666666666667 0.31333333333333335 846 846 
0.5 0.7466666666666667 0.32 818 818 
0.5 0.7466666666666667 0.32666666666666666 840 840 
0.5 0.7466666666666667 0.3333333333333333 819 819 
0.5 0.7466666666666667 0.34 847 847 
0.5 0.7466666666666667 0.3466666666666667 822 822 
0.5 0.7466666666666667 0.35333333333333333 846 846 
0.5 0.7466666666666667 0.36 810 810 
0.5 0.7466666666666667 0.36666666666666664 848 848 
0.5 0.7466666666666667 0.37333333333333335 851 851 
0.5 0.7466666666666667 0.38 830 830 
0.5 0.7466666666666667 0.38666666666666666 845 845 
0.5 0.7466666666666667 0.3933333333333333 835 835 
0.5 0.7466666666666667 0.4 905 905 
0.5 0.7466666666666667 0.4066666666666667 851 851 
0.5 0.7466666666666667 0.41333333333333333 889 889 
0.5 0.7466666666666667 0.42 821 821 
0.5 0.7466666666666667 0.4266666666666667 851 851 
0.5 0.7466666666666667 0.43333333333333335 837 837 
0.5 0.7466666666666667 0.44 828 828 
0.5 0.7466666666666667 0.44666666666666666 824 824 
0.5 0.7466666666666667 0.4533333333333333 824 824 
0.5 0.7466666666666667 0.46 862 862 
0.5 0.7466666666666667 0.4666666666666667 842 842 
0.5 0.7466666666666667 0.47333333333333333 824 824 
0.5 0.7466666666666667 0.48 817 817 
0.5 0.7466666666666667 0.4866666666666667 871 871 
0.5 0.7466666666666667 0.49333333333333335 822 822 
0.5 0.7466666666666667 0.5 871 871 
0.5 0.7466666666666667 0.5066666666666667 829 829 
0.5 0.7466666666666667 0.5133333333333333 852 852 
0.5 0.7466666666666667 0.52 833 833 
0.5 0.7466666666666667 0.5266666666666666 845 845 
0.5 0.7466666666666667 0.5333333333333333 888 888 
0.5 0.7466666666666667 0.54 841 841 
0.5 0.7466666666666667 0.5466666666666666 841 841 
0.5 0.7466666666666667 0.5533333333333333 822 822 
0.5 0.7466666666666667 0.56 880 880 
0.5 0.7466666666666667 0.5666666666666667 803 803 
0.5 0.7466666666666667 0.5733333333333334 859 859 
0.5 0.7466666666666667 0.58 873 873 
0.5 0.7466666666666667 0.5866666666666667 849 849 
0.5 0.7466666666666667 0.5933333333333334 854 854 
0.5 0.7466666666666667 0.6 863 863 
0.5 0.7466666666666667 0.6066666666666667 788 788 
0.5 0.7466666666666667 0.6133333333333333 821 821 
0.5 0.7466666666666667 0.62 835 835 
0.5 0.7466666666666667 0.6266666666666667 866 866 
0.5 0.7466666666666667 0.6333333333333333 804 804 
0.5 0.7466666666666667 0.64 818 818 
0.5 0.7466666666666667 0.6466666666666666 837 837 
0.5 0.7466666666666667 0.6533333333333333 852 852 
0.5 0.7466666666666667 0.66 823 823 
0.5 0.7466666666666667 0.6666666666666666 874 874 
0.5 0.7466666666666667 0.6733333333333333 828 828 
0.5 0.7466666666666667 0.68 853 853 
0.5 0.7466666666666667 0.6866666666666666 905 905 
0.5 0.7466666666666667 0.6933333333333334 785 785 
0.5 0.7466666666666667 0.7 841 841 
0.5 0.7466666666666667 0.7066666666666667 786 786 
0.5 0.7466666666666667 0.7133333333333334 803 803 
0.5 0.7466666666666667 0.72 803 803 
0.5 0.7466666666666667 0.7266666666666667 859 859 
0.5 0.7466666666666667 0.7333333333333333 823 823 
0.5 0.7466666666666667 0.74 831 831 
0.5 0.7466666666666667 0.7466666666666667 836 836 
0.5 0.7466666666666667 0.7533333333333333 818 818 
0.5 0.7466666666666667 0.76 866 866 
0.5 0.7466666666666667 0.7666666666666667 877 877 
0.5 0.7466666666666667 0.7733333333333333 830 830 
0.5 0.7466666666666667 0.78 837 837 
0.5 0.7466666666666667 0.7866666666666666 837 837 
0.5 0.7466666666666667 0.7933333333333333 854 854 
0.5 0.7466666666666667 0.8 811 811 
0.5 0.7466666666666667 0.8066666666666666 831 831 
0.5 0.7466666666666667 0.8133333333333334 890 890 
0.5 0.7466666666666667 0.82 844 844 
0.5 0.7466666666666667 0.8266666666666667 814 814 
0.5 0.7466666666666667 0.8333333333333334 820 820 
0.5 0.7466666666666667 0.84 860 860 
0.5 0.7466666666666667 0.8466666666666667 867 867 
0.5 0.7466666666666667 0.8533333333333334 903 903 
0.5 0.7466666666666667 0.86 821 821 
0.5 0.7466666666666667 0.8666666666666667 865 865 
0.5 0.7466666666666667 0.8733333333333333 936 936 
0.5 0.7466666666666667 0.88 904 904 
0.5 0.7466666666666667 0.8866666666666667 868 868 
0.5 0.7466666666666667 0.8933333333333333 842 842 
0.5 0.7466666666666667 0.9 896 896 
0.5 0.7466666666666667 0.9066666666666666 846 846 
0.5 0.7466666666666667 0.9133333333333333 878 878 
0.5 0.7466666666666667 0.92 837 837 
0.5 0.7466666666666667 0.9266666666666666 827 827 
0.5 0.7466666666666667 0.9333333333333333 896 896 
0.5 0.7466666666666667 0.94 885 885 
0.5 0.7466666666666667 0.9466666666666667 890 890 
0.5 0.7466666666666667 0.9533333333333334 785 785 
0.5 0.7466666666666667 0.96 1000 1000 
0.5 0.7466666666666667 0.9666666666666667 761 761 
0.5 0.7466666666666667 0.9733333333333334 681 681 
0.5 0.7466666666666667 0.98 1439 1439 
0.5 0.7466666666666667 0.9866666666666667 0 0 
0.5 0.7466666666666667 0.9933333333333333 0 0 
0.5 0.7533333333333333 0.0 0 0 
0.5 0.7533333333333333 0.006666666666666667 0 0 
0.5 0.7533333333333333 0.013333333333333334 1336 1336 
0.5 0.7533333333333333 0.02 695 695 
0.5 0.7533333333333333 0.02666666666666667 796 796 
0.5 0.7533333333333333 0.03333333333333333 985 985 
0.5 0.7533333333333333 0.04 770 770 
0.5 0.7533333333333333 0.04666666666666667 913 913 
0.5 0.7533333333333333 0.05333333333333334 803 803 
0.5 0.7533333333333333 0.06 885 885 
0.5 0.7533333333333333 0.06666666666666667 850 850 
0.5 0.7533333333333333 0.07333333333333333 850 850 
0.5 0.7533333333333333 0.08 852 852 
0.5 0.7533333333333333 0.08666666666666667 806 806 
0.5 0.7533333333333333 0.09333333333333334 819 819 
0.5 0.7533333333333333 0.1 849 849 
0.5 0.7533333333333333 0.10666666666666667 837 837 
0.5 0.7533333333333333 0.11333333333333333 822 822 
0.5 0.7533333333333333 0.12 851 851 
0.5 0.7533333333333333 0.12666666666666668 841 841 
0.5 0.7533333333333333 0.13333333333333333 834 834 
0.5 0.7533333333333333 0.14 836 836 
0.5 0.7533333333333333 0.14666666666666667 825 825 
0.5 0.7533333333333333 0.15333333333333332 846 846 
0.5 0.7533333333333333 0.16 769 769 
0.5 0.7533333333333333 0.16666666666666666 815 815 
0.5 0.7533333333333333 0.17333333333333334 830 830 
0.5 0.7533333333333333 0.18 846 846 
0.5 0.7533333333333333 0.18666666666666668 817 817 
0.5 0.7533333333333333 0.19333333333333333 780 780 
0.5 0.7533333333333333 0.2 827 827 
0.5 0.7533333333333333 0.20666666666666667 797 797 
0.5 0.7533333333333333 0.21333333333333335 855 855 
0.5 0.7533333333333333 0.22 843 843 
0.5 0.7533333333333333 0.22666666666666666 875 875 
0.5 0.7533333333333333 0.23333333333333334 804 804 
0.5 0.7533333333333333 0.24 784 784 
0.5 0.7533333333333333 0.24666666666666667 815 815 
0.5 0.7533333333333333 0.25333333333333335 809 809 
0.5 0.7533333333333333 0.26 832 832 
0.5 0.7533333333333333 0.26666666666666666 865 865 
0.5 0.7533333333333333 0.2733333333333333 810 810 
0.5 0.7533333333333333 0.28 853 853 
0.5 0.7533333333333333 0.2866666666666667 843 843 
0.5 0.7533333333333333 0.29333333333333333 870 870 
0.5 0.7533333333333333 0.3 813 813 
0.5 0.7533333333333333 0.30666666666666664 750 750 
0.5 0.7533333333333333 0.31333333333333335 832 832 
0.5 0.7533333333333333 0.32 815 815 
0.5 0.7533333333333333 0.32666666666666666 797 797 
0.5 0.7533333333333333 0.3333333333333333 864 864 
0.5 0.7533333333333333 0.34 847 847 
0.5 0.7533333333333333 0.3466666666666667 819 819 
0.5 0.7533333333333333 0.35333333333333333 819 819 
0.5 0.7533333333333333 0.36 839 839 
0.5 0.7533333333333333 0.36666666666666664 889 889 
0.5 0.7533333333333333 0.37333333333333335 842 842 
0.5 0.7533333333333333 0.38 818 818 
0.5 0.7533333333333333 0.38666666666666666 845 845 
0.5 0.7533333333333333 0.3933333333333333 808 808 
0.5 0.7533333333333333 0.4 811 811 
0.5 0.7533333333333333 0.4066666666666667 820 820 
0.5 0.7533333333333333 0.41333333333333333 813 813 
0.5 0.7533333333333333 0.42 825 825 
0.5 0.7533333333333333 0.4266666666666667 860 860 
0.5 0.7533333333333333 0.43333333333333335 854 854 
0.5 0.7533333333333333 0.44 852 852 
0.5 0.7533333333333333 0.44666666666666666 857 857 
0.5 0.7533333333333333 0.4533333333333333 845 845 
0.5 0.7533333333333333 0.46 792 792 
0.5 0.7533333333333333 0.4666666666666667 856 856 
0.5 0.7533333333333333 0.47333333333333333 856 856 
0.5 0.7533333333333333 0.48 868 868 
0.5 0.7533333333333333 0.4866666666666667 887 887 
0.5 0.7533333333333333 0.49333333333333335 821 821 
0.5 0.7533333333333333 0.5 870 870 
0.5 0.7533333333333333 0.5066666666666667 844 844 
0.5 0.7533333333333333 0.5133333333333333 837 837 
0.5 0.7533333333333333 0.52 807 807 
0.5 0.7533333333333333 0.5266666666666666 853 853 
0.5 0.7533333333333333 0.5333333333333333 828 828 
0.5 0.7533333333333333 0.54 790 790 
0.5 0.7533333333333333 0.5466666666666666 856 856 
0.5 0.7533333333333333 0.5533333333333333 833 833 
0.5 0.7533333333333333 0.56 843 843 
0.5 0.7533333333333333 0.5666666666666667 773 773 
0.5 0.7533333333333333 0.5733333333333334 840 840 
0.5 0.7533333333333333 0.58 755 755 
0.5 0.7533333333333333 0.5866666666666667 853 853 
0.5 0.7533333333333333 0.5933333333333334 853 853 
0.5 0.7533333333333333 0.6 901 901 
0.5 0.7533333333333333 0.6066666666666667 884 884 
0.5 0.7533333333333333 0.6133333333333333 872 872 
0.5 0.7533333333333333 0.62 843 843 
0.5 0.7533333333333333 0.6266666666666667 862 862 
0.5 0.7533333333333333 0.6333333333333333 892 892 
0.5 0.7533333333333333 0.64 844 844 
0.5 0.7533333333333333 0.6466666666666666 874 874 
0.5 0.7533333333333333 0.6533333333333333 898 898 
0.5 0.7533333333333333 0.66 848 848 
0.5 0.7533333333333333 0.6666666666666666 806 806 
0.5 0.7533333333333333 0.6733333333333333 873 873 
0.5 0.7533333333333333 0.68 816 816 
0.5 0.7533333333333333 0.6866666666666666 832 832 
0.5 0.7533333333333333 0.6933333333333334 808 808 
0.5 0.7533333333333333 0.7 816 816 
0.5 0.7533333333333333 0.7066666666666667 809 809 
0.5 0.7533333333333333 0.7133333333333334 841 841 
0.5 0.7533333333333333 0.72 840 840 
0.5 0.7533333333333333 0.7266666666666667 809 809 
0.5 0.7533333333333333 0.7333333333333333 815 815 
0.5 0.7533333333333333 0.74 859 859 
0.5 0.7533333333333333 0.7466666666666667 912 912 
0.5 0.7533333333333333 0.7533333333333333 814 814 
0.5 0.7533333333333333 0.76 882 882 
0.5 0.7533333333333333 0.7666666666666667 818 818 
0.5 0.7533333333333333 0.7733333333333333 867 867 
0.5 0.7533333333333333 0.78 881 881 
0.5 0.7533333333333333 0.7866666666666666 866 866 
0.5 0.7533333333333333 0.7933333333333333 845 845 
0.5 0.7533333333333333 0.8 810 810 
0.5 0.7533333333333333 0.8066666666666666 840 840 
0.5 0.7533333333333333 0.8133333333333334 843 843 
0.5 0.7533333333333333 0.82 870 870 
0.5 0.7533333333333333 0.8266666666666667 836 836 
0.5 0.7533333333333333 0.8333333333333334 836 836 
0.5 0.7533333333333333 0.84 895 895 
0.5 0.7533333333333333 0.8466666666666667 837 837 
0.5 0.7533333333333333 0.8533333333333334 874 874 
0.5 0.7533333333333333 0.86 804 804 
0.5 0.7533333333333333 0.8666666666666667 824 824 
0.5 0.7533333333333333 0.8733333333333333 859 859 
0.5 0.7533333333333333 0.88 848 848 
0.5 0.7533333333333333 0.8866666666666667 760 760 
0.5 0.7533333333333333 0.8933333333333333 833 833 
0.5 0.7533333333333333 0.9 869 869 
0.5 0.7533333333333333 0.9066666666666666 855 855 
0.5 0.7533333333333333 0.9133333333333333 869 869 
0.5 0.7533333333333333 0.92 880 880 
0.5 0.7533333333333333 0.9266666666666666 848 848 
0.5 0.7533333333333333 0.9333333333333333 837 837 
0.5 0.7533333333333333 0.94 794 794 
0.5 0.7533333333333333 0.9466666666666667 937 937 
0.5 0.7533333333333333 0.9533333333333334 794 794 
0.5 0.7533333333333333 0.96 1042 1042 
0.5 0.7533333333333333 0.9666666666666667 767 767 
0.5 0.7533333333333333 0.9733333333333334 651 651 
0.5 0.7533333333333333 0.98 1350 1350 
0.5 0.7533333333333333 0.9866666666666667 0 0 
0.5 0.7533333333333333 0.9933333333333333 0 0 
0.5 0.76 0.0 0 0 
0.5 0.76 0.006666666666666667 0 0 
0.5 0.76 0.013333333333333334 1324 1324 
0.5 0.76 0.02 708 708 
0.5 0.76 0.02666666666666667 750 750 
0.5 0.76 0.03333333333333333 1017 1017 
0.5 0.76 0.04 773 773 
0.5 0.76 0.04666666666666667 961 961 
0.5 0.76 0.05333333333333334 822 822 
0.5 0.76 0.06 869 869 
0.5 0.76 0.06666666666666667 867 867 
0.5 0.76 0.07333333333333333 858 858 
0.5 0.76 0.08 819 819 
0.5 0.76 0.08666666666666667 857 857 
0.5 0.76 0.09333333333333334 806 806 
0.5 0.76 0.1 863 863 
0.5 0.76 0.10666666666666667 869 869 
0.5 0.76 0.11333333333333333 803 803 
0.5 0.76 0.12 896 896 
0.5 0.76 0.12666666666666668 847 847 
0.5 0.76 0.13333333333333333 824 824 
0.5 0.76 0.14 836 836 
0.5 0.76 0.14666666666666667 832 832 
0.5 0.76 0.15333333333333332 823 823 
0.5 0.76 0.16 871 871 
0.5 0.76 0.16666666666666666 857 857 
0.5 0.76 0.17333333333333334 799 799 
0.5 0.76 0.18 824 824 
0.5 0.76 0.18666666666666668 857 857 
0.5 0.76 0.19333333333333333 824 824 
0.5 0.76 0.2 872 872 
0.5 0.76 0.20666666666666667 829 829 
0.5 0.76 0.21333333333333335 853 853 
0.5 0.76 0.22 901 901 
0.5 0.76 0.22666666666666666 800 800 
0.5 0.76 0.23333333333333334 831 831 
0.5 0.76 0.24 844 844 
0.5 0.76 0.24666666666666667 799 799 
0.5 0.76 0.25333333333333335 846 846 
0.5 0.76 0.26 825 825 
0.5 0.76 0.26666666666666666 903 903 
0.5 0.76 0.2733333333333333 835 835 
0.5 0.76 0.28 832 832 
0.5 0.76 0.2866666666666667 786 786 
0.5 0.76 0.29333333333333333 839 839 
0.5 0.76 0.3 809 809 
0.5 0.76 0.30666666666666664 882 882 
0.5 0.76 0.31333333333333335 824 824 
0.5 0.76 0.32 812 812 
0.5 0.76 0.32666666666666666 843 843 
0.5 0.76 0.3333333333333333 830 830 
0.5 0.76 0.34 840 840 
0.5 0.76 0.3466666666666667 817 817 
0.5 0.76 0.35333333333333333 796 796 
0.5 0.76 0.36 854 854 
0.5 0.76 0.36666666666666664 848 848 
0.5 0.76 0.37333333333333335 830 830 
0.5 0.76 0.38 794 794 
0.5 0.76 0.38666666666666666 826 826 
0.5 0.76 0.3933333333333333 834 834 
0.5 0.76 0.4 839 839 
0.5 0.76 0.4066666666666667 833 833 
0.5 0.76 0.41333333333333333 834 834 
0.5 0.76 0.42 816 816 
0.5 0.76 0.4266666666666667 856 856 
0.5 0.76 0.43333333333333335 838 838 
0.5 0.76 0.44 870 870 
0.5 0.76 0.44666666666666666 868 868 
0.5 0.76 0.4533333333333333 837 837 
0.5 0.76 0.46 864 864 
0.5 0.76 0.4666666666666667 841 841 
0.5 0.76 0.47333333333333333 844 844 
0.5 0.76 0.48 875 875 
0.5 0.76 0.4866666666666667 847 847 
0.5 0.76 0.49333333333333335 826 826 
0.5 0.76 0.5 858 858 
0.5 0.76 0.5066666666666667 866 866 
0.5 0.76 0.5133333333333333 809 809 
0.5 0.76 0.52 834 834 
0.5 0.76 0.5266666666666666 841 841 
0.5 0.76 0.5333333333333333 849 849 
0.5 0.76 0.54 840 840 
0.5 0.76 0.5466666666666666 862 862 
0.5 0.76 0.5533333333333333 819 819 
0.5 0.76 0.56 834 834 
0.5 0.76 0.5666666666666667 868 868 
0.5 0.76 0.5733333333333334 820 820 
0.5 0.76 0.58 833 833 
0.5 0.76 0.5866666666666667 812 812 
0.5 0.76 0.5933333333333334 859 859 
0.5 0.76 0.6 848 848 
0.5 0.76 0.6066666666666667 861 861 
0.5 0.76 0.6133333333333333 851 851 
0.5 0.76 0.62 839 839 
0.5 0.76 0.6266666666666667 851 851 
0.5 0.76 0.6333333333333333 800 800 
0.5 0.76 0.64 780 780 
0.5 0.76 0.6466666666666666 834 834 
0.5 0.76 0.6533333333333333 818 818 
0.5 0.76 0.66 851 851 
0.5 0.76 0.6666666666666666 808 808 
0.5 0.76 0.6733333333333333 905 905 
0.5 0.76 0.68 810 810 
0.5 0.76 0.6866666666666666 798 798 
0.5 0.76 0.6933333333333334 788 788 
0.5 0.76 0.7 832 832 
0.5 0.76 0.7066666666666667 858 858 
0.5 0.76 0.7133333333333334 757 757 
0.5 0.76 0.72 818 818 
0.5 0.76 0.7266666666666667 850 850 
0.5 0.76 0.7333333333333333 871 871 
0.5 0.76 0.74 818 818 
0.5 0.76 0.7466666666666667 827 827 
0.5 0.76 0.7533333333333333 821 821 
0.5 0.76 0.76 818 818 
0.5 0.76 0.7666666666666667 814 814 
0.5 0.76 0.7733333333333333 867 867 
0.5 0.76 0.78 872 872 
0.5 0.76 0.7866666666666666 916 916 
0.5 0.76 0.7933333333333333 880 880 
0.5 0.76 0.8 839 839 
0.5 0.76 0.8066666666666666 786 786 
0.5 0.76 0.8133333333333334 830 830 
0.5 0.76 0.82 791 791 
0.5 0.76 0.8266666666666667 861 861 
0.5 0.76 0.8333333333333334 840 840 
0.5 0.76 0.84 792 792 
0.5 0.76 0.8466666666666667 789 789 
0.5 0.76 0.8533333333333334 855 855 
0.5 0.76 0.86 780 780 
0.5 0.76 0.8666666666666667 808 808 
0.5 0.76 0.8733333333333333 778 778 
0.5 0.76 0.88 865 865 
0.5 0.76 0.8866666666666667 878 878 
0.5 0.76 0.8933333333333333 837 837 
0.5 0.76 0.9 838 838 
0.5 0.76 0.9066666666666666 854 854 
0.5 0.76 0.9133333333333333 855 855 
0.5 0.76 0.92 862 862 
0.5 0.76 0.9266666666666666 860 860 
0.5 0.76 0.9333333333333333 862 862 
0.5 0.76 0.94 828 828 
0.5 0.76 0.9466666666666667 858 858 
0.5 0.76 0.9533333333333334 767 767 
0.5 0.76 0.96 911 911 
0.5 0.76 0.9666666666666667 745 745 
0.5 0.76 0.9733333333333334 671 671 
0.5 0.76 0.98 1325 1325 
0.5 0.76 0.9866666666666667 0 0 
0.5 0.76 0.9933333333333333 0 0 
0.5 0.7666666666666667 0.0 0 0 
0.5 0.7666666666666667 0.006666666666666667 0 0 
0.5 0.7666666666666667 0.013333333333333334 1343 1343 
0.5 0.7666666666666667 0.02 751 751 
0.5 0.7666666666666667 0.02666666666666667 782 782 
0.5 0.7666666666666667 0.03333333333333333 963 963 
0.5 0.7666666666666667 0.04 760 760 
0.5 0.7666666666666667 0.04666666666666667 875 875 
0.5 0.7666666666666667 0.05333333333333334 849 849 
0.5 0.7666666666666667 0.06 859 859 
0.5 0.7666666666666667 0.06666666666666667 878 878 
0.5 0.7666666666666667 0.07333333333333333 874 874 
0.5 0.7666666666666667 0.08 853 853 
0.5 0.7666666666666667 0.08666666666666667 856 856 
0.5 0.7666666666666667 0.09333333333333334 808 808 
0.5 0.7666666666666667 0.1 867 867 
0.5 0.7666666666666667 0.10666666666666667 840 840 
0.5 0.7666666666666667 0.11333333333333333 868 868 
0.5 0.7666666666666667 0.12 809 809 
0.5 0.7666666666666667 0.12666666666666668 854 854 
0.5 0.7666666666666667 0.13333333333333333 829 829 
0.5 0.7666666666666667 0.14 834 834 
0.5 0.7666666666666667 0.14666666666666667 796 796 
0.5 0.7666666666666667 0.15333333333333332 829 829 
0.5 0.7666666666666667 0.16 844 844 
0.5 0.7666666666666667 0.16666666666666666 871 871 
0.5 0.7666666666666667 0.17333333333333334 815 815 
0.5 0.7666666666666667 0.18 847 847 
0.5 0.7666666666666667 0.18666666666666668 852 852 
0.5 0.7666666666666667 0.19333333333333333 822 822 
0.5 0.7666666666666667 0.2 843 843 
0.5 0.7666666666666667 0.20666666666666667 859 859 
0.5 0.7666666666666667 0.21333333333333335 871 871 
0.5 0.7666666666666667 0.22 833 833 
0.5 0.7666666666666667 0.22666666666666666 835 835 
0.5 0.7666666666666667 0.23333333333333334 826 826 
0.5 0.7666666666666667 0.24 834 834 
0.5 0.7666666666666667 0.24666666666666667 873 873 
0.5 0.7666666666666667 0.25333333333333335 830 830 
0.5 0.7666666666666667 0.26 826 826 
0.5 0.7666666666666667 0.26666666666666666 826 826 
0.5 0.7666666666666667 0.2733333333333333 852 852 
0.5 0.7666666666666667 0.28 904 904 
0.5 0.7666666666666667 0.2866666666666667 766 766 
0.5 0.7666666666666667 0.29333333333333333 853 853 
0.5 0.7666666666666667 0.3 820 820 
0.5 0.7666666666666667 0.30666666666666664 777 777 
0.5 0.7666666666666667 0.31333333333333335 815 815 
0.5 0.7666666666666667 0.32 856 856 
0.5 0.7666666666666667 0.32666666666666666 865 865 
0.5 0.7666666666666667 0.3333333333333333 865 865 
0.5 0.7666666666666667 0.34 816 816 
0.5 0.7666666666666667 0.3466666666666667 823 823 
0.5 0.7666666666666667 0.35333333333333333 863 863 
0.5 0.7666666666666667 0.36 833 833 
0.5 0.7666666666666667 0.36666666666666664 796 796 
0.5 0.7666666666666667 0.37333333333333335 863 863 
0.5 0.7666666666666667 0.38 803 803 
0.5 0.7666666666666667 0.38666666666666666 816 816 
0.5 0.7666666666666667 0.3933333333333333 847 847 
0.5 0.7666666666666667 0.4 879 879 
0.5 0.7666666666666667 0.4066666666666667 869 869 
0.5 0.7666666666666667 0.41333333333333333 890 890 
0.5 0.7666666666666667 0.42 811 811 
0.5 0.7666666666666667 0.4266666666666667 851 851 
0.5 0.7666666666666667 0.43333333333333335 851 851 
0.5 0.7666666666666667 0.44 893 893 
0.5 0.7666666666666667 0.44666666666666666 825 825 
0.5 0.7666666666666667 0.4533333333333333 847 847 
0.5 0.7666666666666667 0.46 883 883 
0.5 0.7666666666666667 0.4666666666666667 866 866 
0.5 0.7666666666666667 0.47333333333333333 840 840 
0.5 0.7666666666666667 0.48 833 833 
0.5 0.7666666666666667 0.4866666666666667 858 858 
0.5 0.7666666666666667 0.49333333333333335 822 822 
0.5 0.7666666666666667 0.5 805 805 
0.5 0.7666666666666667 0.5066666666666667 843 843 
0.5 0.7666666666666667 0.5133333333333333 861 861 
0.5 0.7666666666666667 0.52 827 827 
0.5 0.7666666666666667 0.5266666666666666 862 862 
0.5 0.7666666666666667 0.5333333333333333 831 831 
0.5 0.7666666666666667 0.54 884 884 
0.5 0.7666666666666667 0.5466666666666666 844 844 
0.5 0.7666666666666667 0.5533333333333333 885 885 
0.5 0.7666666666666667 0.56 817 817 
0.5 0.7666666666666667 0.5666666666666667 870 870 
0.5 0.7666666666666667 0.5733333333333334 863 863 
0.5 0.7666666666666667 0.58 848 848 
0.5 0.7666666666666667 0.5866666666666667 824 824 
0.5 0.7666666666666667 0.5933333333333334 886 886 
0.5 0.7666666666666667 0.6 856 856 
0.5 0.7666666666666667 0.6066666666666667 907 907 
0.5 0.7666666666666667 0.6133333333333333 860 860 
0.5 0.7666666666666667 0.62 873 873 
0.5 0.7666666666666667 0.6266666666666667 849 849 
0.5 0.7666666666666667 0.6333333333333333 866 866 
0.5 0.7666666666666667 0.64 834 834 
0.5 0.7666666666666667 0.6466666666666666 833 833 
0.5 0.7666666666666667 0.6533333333333333 778 778 
0.5 0.7666666666666667 0.66 826 826 
0.5 0.7666666666666667 0.6666666666666666 870 870 
0.5 0.7666666666666667 0.6733333333333333 865 865 
0.5 0.7666666666666667 0.68 803 803 
0.5 0.7666666666666667 0.6866666666666666 878 878 
0.5 0.7666666666666667 0.6933333333333334 826 826 
0.5 0.7666666666666667 0.7 829 829 
0.5 0.7666666666666667 0.7066666666666667 828 828 
0.5 0.7666666666666667 0.7133333333333334 795 795 
0.5 0.7666666666666667 0.72 813 813 
0.5 0.7666666666666667 0.7266666666666667 817 817 
0.5 0.7666666666666667 0.7333333333333333 862 862 
0.5 0.7666666666666667 0.74 841 841 
0.5 0.7666666666666667 0.7466666666666667 873 873 
0.5 0.7666666666666667 0.7533333333333333 824 824 
0.5 0.7666666666666667 0.76 873 873 
0.5 0.7666666666666667 0.7666666666666667 865 865 
0.5 0.7666666666666667 0.7733333333333333 877 877 
0.5 0.7666666666666667 0.78 864 864 
0.5 0.7666666666666667 0.7866666666666666 888 888 
0.5 0.7666666666666667 0.7933333333333333 878 878 
0.5 0.7666666666666667 0.8 886 886 
0.5 0.7666666666666667 0.8066666666666666 866 866 
0.5 0.7666666666666667 0.8133333333333334 878 878 
0.5 0.7666666666666667 0.82 775 775 
0.5 0.7666666666666667 0.8266666666666667 839 839 
0.5 0.7666666666666667 0.8333333333333334 813 813 
0.5 0.7666666666666667 0.84 835 835 
0.5 0.7666666666666667 0.8466666666666667 919 919 
0.5 0.7666666666666667 0.8533333333333334 814 814 
0.5 0.7666666666666667 0.86 803 803 
0.5 0.7666666666666667 0.8666666666666667 819 819 
0.5 0.7666666666666667 0.8733333333333333 825 825 
0.5 0.7666666666666667 0.88 809 809 
0.5 0.7666666666666667 0.8866666666666667 850 850 
0.5 0.7666666666666667 0.8933333333333333 853 853 
0.5 0.7666666666666667 0.9 802 802 
0.5 0.7666666666666667 0.9066666666666666 781 781 
0.5 0.7666666666666667 0.9133333333333333 851 851 
0.5 0.7666666666666667 0.92 822 822 
0.5 0.7666666666666667 0.9266666666666666 820 820 
0.5 0.7666666666666667 0.9333333333333333 851 851 
0.5 0.7666666666666667 0.94 834 834 
0.5 0.7666666666666667 0.9466666666666667 941 941 
0.5 0.7666666666666667 0.9533333333333334 796 796 
0.5 0.7666666666666667 0.96 950 950 
0.5 0.7666666666666667 0.9666666666666667 748 748 
0.5 0.7666666666666667 0.9733333333333334 678 678 
0.5 0.7666666666666667 0.98 1363 1363 
0.5 0.7666666666666667 0.9866666666666667 0 0 
0.5 0.7666666666666667 0.9933333333333333 0 0 
0.5 0.7733333333333333 0.0 0 0 
0.5 0.7733333333333333 0.006666666666666667 0 0 
0.5 0.7733333333333333 0.013333333333333334 1360 1360 
0.5 0.7733333333333333 0.02 685 685 
0.5 0.7733333333333333 0.02666666666666667 713 713 
0.5 0.7733333333333333 0.03333333333333333 980 980 
0.5 0.7733333333333333 0.04 824 824 
0.5 0.7733333333333333 0.04666666666666667 965 965 
0.5 0.7733333333333333 0.05333333333333334 871 871 
0.5 0.7733333333333333 0.06 905 905 
0.5 0.7733333333333333 0.06666666666666667 878 878 
0.5 0.7733333333333333 0.07333333333333333 884 884 
0.5 0.7733333333333333 0.08 838 838 
0.5 0.7733333333333333 0.08666666666666667 849 849 
0.5 0.7733333333333333 0.09333333333333334 879 879 
0.5 0.7733333333333333 0.1 851 851 
0.5 0.7733333333333333 0.10666666666666667 859 859 
0.5 0.7733333333333333 0.11333333333333333 858 858 
0.5 0.7733333333333333 0.12 889 889 
0.5 0.7733333333333333 0.12666666666666668 867 867 
0.5 0.7733333333333333 0.13333333333333333 810 810 
0.5 0.7733333333333333 0.14 868 868 
0.5 0.7733333333333333 0.14666666666666667 880 880 
0.5 0.7733333333333333 0.15333333333333332 868 868 
0.5 0.7733333333333333 0.16 823 823 
0.5 0.7733333333333333 0.16666666666666666 851 851 
0.5 0.7733333333333333 0.17333333333333334 880 880 
0.5 0.7733333333333333 0.18 861 861 
0.5 0.7733333333333333 0.18666666666666668 870 870 
0.5 0.7733333333333333 0.19333333333333333 805 805 
0.5 0.7733333333333333 0.2 827 827 
0.5 0.7733333333333333 0.20666666666666667 843 843 
0.5 0.7733333333333333 0.21333333333333335 881 881 
0.5 0.7733333333333333 0.22 809 809 
0.5 0.7733333333333333 0.22666666666666666 801 801 
0.5 0.7733333333333333 0.23333333333333334 858 858 
0.5 0.7733333333333333 0.24 828 828 
0.5 0.7733333333333333 0.24666666666666667 841 841 
0.5 0.7733333333333333 0.25333333333333335 844 844 
0.5 0.7733333333333333 0.26 817 817 
0.5 0.7733333333333333 0.26666666666666666 844 844 
0.5 0.7733333333333333 0.2733333333333333 892 892 
0.5 0.7733333333333333 0.28 835 835 
0.5 0.7733333333333333 0.2866666666666667 789 789 
0.5 0.7733333333333333 0.29333333333333333 817 817 
0.5 0.7733333333333333 0.3 883 883 
0.5 0.7733333333333333 0.30666666666666664 849 849 
0.5 0.7733333333333333 0.31333333333333335 794 794 
0.5 0.7733333333333333 0.32 852 852 
0.5 0.7733333333333333 0.32666666666666666 849 849 
0.5 0.7733333333333333 0.3333333333333333 840 840 
0.5 0.7733333333333333 0.34 829 829 
0.5 0.7733333333333333 0.3466666666666667 834 834 
0.5 0.7733333333333333 0.35333333333333333 818 818 
0.5 0.7733333333333333 0.36 843 843 
0.5 0.7733333333333333 0.36666666666666664 785 785 
0.5 0.7733333333333333 0.37333333333333335 792 792 
0.5 0.7733333333333333 0.38 800 800 
0.5 0.7733333333333333 0.38666666666666666 812 812 
0.5 0.7733333333333333 0.3933333333333333 876 876 
0.5 0.7733333333333333 0.4 874 874 
0.5 0.7733333333333333 0.4066666666666667 823 823 
0.5 0.7733333333333333 0.41333333333333333 828 828 
0.5 0.7733333333333333 0.42 818 818 
0.5 0.7733333333333333 0.4266666666666667 872 872 
0.5 0.7733333333333333 0.43333333333333335 846 846 
0.5 0.7733333333333333 0.44 852 852 
0.5 0.7733333333333333 0.44666666666666666 895 895 
0.5 0.7733333333333333 0.4533333333333333 831 831 
0.5 0.7733333333333333 0.46 832 832 
0.5 0.7733333333333333 0.4666666666666667 782 782 
0.5 0.7733333333333333 0.47333333333333333 829 829 
0.5 0.7733333333333333 0.48 805 805 
0.5 0.7733333333333333 0.4866666666666667 814 814 
0.5 0.7733333333333333 0.49333333333333335 812 812 
0.5 0.7733333333333333 0.5 817 817 
0.5 0.7733333333333333 0.5066666666666667 815 815 
0.5 0.7733333333333333 0.5133333333333333 796 796 
0.5 0.7733333333333333 0.52 828 828 
0.5 0.7733333333333333 0.5266666666666666 788 788 
0.5 0.7733333333333333 0.5333333333333333 867 867 
0.5 0.7733333333333333 0.54 830 830 
0.5 0.7733333333333333 0.5466666666666666 819 819 
0.5 0.7733333333333333 0.5533333333333333 852 852 
0.5 0.7733333333333333 0.56 881 881 
0.5 0.7733333333333333 0.5666666666666667 813 813 
0.5 0.7733333333333333 0.5733333333333334 812 812 
0.5 0.7733333333333333 0.58 885 885 
0.5 0.7733333333333333 0.5866666666666667 847 847 
0.5 0.7733333333333333 0.5933333333333334 874 874 
0.5 0.7733333333333333 0.6 852 852 
0.5 0.7733333333333333 0.6066666666666667 821 821 
0.5 0.7733333333333333 0.6133333333333333 815 815 
0.5 0.7733333333333333 0.62 805 805 
0.5 0.7733333333333333 0.6266666666666667 838 838 
0.5 0.7733333333333333 0.6333333333333333 824 824 
0.5 0.7733333333333333 0.64 820 820 
0.5 0.7733333333333333 0.6466666666666666 855 855 
0.5 0.7733333333333333 0.6533333333333333 838 838 
0.5 0.7733333333333333 0.66 858 858 
0.5 0.7733333333333333 0.6666666666666666 826 826 
0.5 0.7733333333333333 0.6733333333333333 800 800 
0.5 0.7733333333333333 0.68 902 902 
0.5 0.7733333333333333 0.6866666666666666 839 839 
0.5 0.7733333333333333 0.6933333333333334 864 864 
0.5 0.7733333333333333 0.7 804 804 
0.5 0.7733333333333333 0.7066666666666667 809 809 
0.5 0.7733333333333333 0.7133333333333334 782 782 
0.5 0.7733333333333333 0.72 839 839 
0.5 0.7733333333333333 0.7266666666666667 779 779 
0.5 0.7733333333333333 0.7333333333333333 865 865 
0.5 0.7733333333333333 0.74 803 803 
0.5 0.7733333333333333 0.7466666666666667 803 803 
0.5 0.7733333333333333 0.7533333333333333 815 815 
0.5 0.7733333333333333 0.76 809 809 
0.5 0.7733333333333333 0.7666666666666667 835 835 
0.5 0.7733333333333333 0.7733333333333333 834 834 
0.5 0.7733333333333333 0.78 820 820 
0.5 0.7733333333333333 0.7866666666666666 853 853 
0.5 0.7733333333333333 0.7933333333333333 807 807 
0.5 0.7733333333333333 0.8 838 838 
0.5 0.7733333333333333 0.8066666666666666 818 818 
0.5 0.7733333333333333 0.8133333333333334 804 804 
0.5 0.7733333333333333 0.82 834 834 
0.5 0.7733333333333333 0.8266666666666667 879 879 
0.5 0.7733333333333333 0.8333333333333334 786 786 
0.5 0.7733333333333333 0.84 837 837 
0.5 0.7733333333333333 0.8466666666666667 807 807 
0.5 0.7733333333333333 0.8533333333333334 816 816 
0.5 0.7733333333333333 0.86 800 800 
0.5 0.7733333333333333 0.8666666666666667 811 811 
0.5 0.7733333333333333 0.8733333333333333 815 815 
0.5 0.7733333333333333 0.88 830 830 
0.5 0.7733333333333333 0.8866666666666667 829 829 
0.5 0.7733333333333333 0.8933333333333333 800 800 
0.5 0.7733333333333333 0.9 840 840 
0.5 0.7733333333333333 0.9066666666666666 859 859 
0.5 0.7733333333333333 0.9133333333333333 829 829 
0.5 0.7733333333333333 0.92 893 893 
0.5 0.7733333333333333 0.9266666666666666 927 927 
0.5 0.7733333333333333 0.9333333333333333 825 825 
0.5 0.7733333333333333 0.94 797 797 
0.5 0.7733333333333333 0.9466666666666667 856 856 
0.5 0.7733333333333333 0.9533333333333334 747 747 
0.5 0.7733333333333333 0.96 970 970 
0.5 0.7733333333333333 0.9666666666666667 765 765 
0.5 0.7733333333333333 0.9733333333333334 663 663 
0.5 0.7733333333333333 0.98 1297 1297 
0.5 0.7733333333333333 0.9866666666666667 0 0 
0.5 0.7733333333333333 0.9933333333333333 0 0 
0.5 0.78 0.0 0 0 
0.5 0.78 0.006666666666666667 0 0 
0.5 0.78 0.013333333333333334 1325 1325 
0.5 0.78 0.02 688 688 
0.5 0.78 0.02666666666666667 824 824 
0.5 0.78 0.03333333333333333 974 974 
0.5 0.78 0.04 813 813 
0.5 0.78 0.04666666666666667 839 839 
0.5 0.78 0.05333333333333334 815 815 
0.5 0.78 0.06 846 846 
0.5 0.78 0.06666666666666667 875 875 
0.5 0.78 0.07333333333333333 905 905 
0.5 0.78 0.08 910 910 
0.5 0.78 0.08666666666666667 881 881 
0.5 0.78 0.09333333333333334 884 884 
0.5 0.78 0.1 890 890 
0.5 0.78 0.10666666666666667 771 771 
0.5 0.78 0.11333333333333333 849 849 
0.5 0.78 0.12 879 879 
0.5 0.78 0.12666666666666668 901 901 
0.5 0.78 0.13333333333333333 899 899 
0.5 0.78 0.14 864 864 
0.5 0.78 0.14666666666666667 846 846 
0.5 0.78 0.15333333333333332 883 883 
0.5 0.78 0.16 870 870 
0.5 0.78 0.16666666666666666 826 826 
0.5 0.78 0.17333333333333334 848 848 
0.5 0.78 0.18 872 872 
0.5 0.78 0.18666666666666668 857 857 
0.5 0.78 0.19333333333333333 824 824 
0.5 0.78 0.2 857 857 
0.5 0.78 0.20666666666666667 813 813 
0.5 0.78 0.21333333333333335 850 850 
0.5 0.78 0.22 839 839 
0.5 0.78 0.22666666666666666 872 872 
0.5 0.78 0.23333333333333334 814 814 
0.5 0.78 0.24 789 789 
0.5 0.78 0.24666666666666667 878 878 
0.5 0.78 0.25333333333333335 811 811 
0.5 0.78 0.26 868 868 
0.5 0.78 0.26666666666666666 877 877 
0.5 0.78 0.2733333333333333 779 779 
0.5 0.78 0.28 879 879 
0.5 0.78 0.2866666666666667 837 837 
0.5 0.78 0.29333333333333333 784 784 
0.5 0.78 0.3 806 806 
0.5 0.78 0.30666666666666664 841 841 
0.5 0.78 0.31333333333333335 831 831 
0.5 0.78 0.32 819 819 
0.5 0.78 0.32666666666666666 802 802 
0.5 0.78 0.3333333333333333 810 810 
0.5 0.78 0.34 806 806 
0.5 0.78 0.3466666666666667 846 846 
0.5 0.78 0.35333333333333333 867 867 
0.5 0.78 0.36 788 788 
0.5 0.78 0.36666666666666664 813 813 
0.5 0.78 0.37333333333333335 854 854 
0.5 0.78 0.38 864 864 
0.5 0.78 0.38666666666666666 831 831 
0.5 0.78 0.3933333333333333 845 845 
0.5 0.78 0.4 858 858 
0.5 0.78 0.4066666666666667 796 796 
0.5 0.78 0.41333333333333333 877 877 
0.5 0.78 0.42 865 865 
0.5 0.78 0.4266666666666667 868 868 
0.5 0.78 0.43333333333333335 829 829 
0.5 0.78 0.44 818 818 
0.5 0.78 0.44666666666666666 831 831 
0.5 0.78 0.4533333333333333 822 822 
0.5 0.78 0.46 851 851 
0.5 0.78 0.4666666666666667 833 833 
0.5 0.78 0.47333333333333333 816 816 
0.5 0.78 0.48 832 832 
0.5 0.78 0.4866666666666667 814 814 
0.5 0.78 0.49333333333333335 834 834 
0.5 0.78 0.5 838 838 
0.5 0.78 0.5066666666666667 850 850 
0.5 0.78 0.5133333333333333 869 869 
0.5 0.78 0.52 856 856 
0.5 0.78 0.5266666666666666 858 858 
0.5 0.78 0.5333333333333333 843 843 
0.5 0.78 0.54 838 838 
0.5 0.78 0.5466666666666666 842 842 
0.5 0.78 0.5533333333333333 795 795 
0.5 0.78 0.56 912 912 
0.5 0.78 0.5666666666666667 847 847 
0.5 0.78 0.5733333333333334 883 883 
0.5 0.78 0.58 883 883 
0.5 0.78 0.5866666666666667 861 861 
0.5 0.78 0.5933333333333334 840 840 
0.5 0.78 0.6 839 839 
0.5 0.78 0.6066666666666667 792 792 
0.5 0.78 0.6133333333333333 862 862 
0.5 0.78 0.62 831 831 
0.5 0.78 0.6266666666666667 818 818 
0.5 0.78 0.6333333333333333 833 833 
0.5 0.78 0.64 850 850 
0.5 0.78 0.6466666666666666 850 850 
0.5 0.78 0.6533333333333333 837 837 
0.5 0.78 0.66 861 861 
0.5 0.78 0.6666666666666666 842 842 
0.5 0.78 0.6733333333333333 864 864 
0.5 0.78 0.68 808 808 
0.5 0.78 0.6866666666666666 843 843 
0.5 0.78 0.6933333333333334 832 832 
0.5 0.78 0.7 811 811 
0.5 0.78 0.7066666666666667 808 808 
0.5 0.78 0.7133333333333334 852 852 
0.5 0.78 0.72 836 836 
0.5 0.78 0.7266666666666667 822 822 
0.5 0.78 0.7333333333333333 804 804 
0.5 0.78 0.74 828 828 
0.5 0.78 0.7466666666666667 823 823 
0.5 0.78 0.7533333333333333 813 813 
0.5 0.78 0.76 811 811 
0.5 0.78 0.7666666666666667 844 844 
0.5 0.78 0.7733333333333333 887 887 
0.5 0.78 0.78 857 857 
0.5 0.78 0.7866666666666666 835 835 
0.5 0.78 0.7933333333333333 802 802 
0.5 0.78 0.8 816 816 
0.5 0.78 0.8066666666666666 811 811 
0.5 0.78 0.8133333333333334 804 804 
0.5 0.78 0.82 811 811 
0.5 0.78 0.8266666666666667 838 838 
0.5 0.78 0.8333333333333334 854 854 
0.5 0.78 0.84 830 830 
0.5 0.78 0.8466666666666667 812 812 
0.5 0.78 0.8533333333333334 778 778 
0.5 0.78 0.86 722 722 
0.5 0.78 0.8666666666666667 831 831 
0.5 0.78 0.8733333333333333 797 797 
0.5 0.78 0.88 816 816 
0.5 0.78 0.8866666666666667 795 795 
0.5 0.78 0.8933333333333333 833 833 
0.5 0.78 0.9 791 791 
0.5 0.78 0.9066666666666666 864 864 
0.5 0.78 0.9133333333333333 837 837 
0.5 0.78 0.92 806 806 
0.5 0.78 0.9266666666666666 875 875 
0.5 0.78 0.9333333333333333 846 846 
0.5 0.78 0.94 838 838 
0.5 0.78 0.9466666666666667 914 914 
0.5 0.78 0.9533333333333334 726 726 
0.5 0.78 0.96 938 938 
0.5 0.78 0.9666666666666667 742 742 
0.5 0.78 0.9733333333333334 672 672 
0.5 0.78 0.98 1312 1312 
0.5 0.78 0.9866666666666667 0 0 
0.5 0.78 0.9933333333333333 0 0 
0.5 0.7866666666666666 0.0 0 0 
0.5 0.7866666666666666 0.006666666666666667 0 0 
0.5 0.7866666666666666 0.013333333333333334 1393 1393 
0.5 0.7866666666666666 0.02 661 661 
0.5 0.7866666666666666 0.02666666666666667 799 799 
0.5 0.7866666666666666 0.03333333333333333 975 975 
0.5 0.7866666666666666 0.04 721 721 
0.5 0.7866666666666666 0.04666666666666667 924 924 
0.5 0.7866666666666666 0.05333333333333334 923 923 
0.5 0.7866666666666666 0.06 823 823 
0.5 0.7866666666666666 0.06666666666666667 884 884 
0.5 0.7866666666666666 0.07333333333333333 834 834 
0.5 0.7866666666666666 0.08 869 869 
0.5 0.7866666666666666 0.08666666666666667 822 822 
0.5 0.7866666666666666 0.09333333333333334 809 809 
0.5 0.7866666666666666 0.1 877 877 
0.5 0.7866666666666666 0.10666666666666667 809 809 
0.5 0.7866666666666666 0.11333333333333333 839 839 
0.5 0.7866666666666666 0.12 828 828 
0.5 0.7866666666666666 0.12666666666666668 835 835 
0.5 0.7866666666666666 0.13333333333333333 791 791 
0.5 0.7866666666666666 0.14 906 906 
0.5 0.7866666666666666 0.14666666666666667 852 852 
0.5 0.7866666666666666 0.15333333333333332 865 865 
0.5 0.7866666666666666 0.16 863 863 
0.5 0.7866666666666666 0.16666666666666666 894 894 
0.5 0.7866666666666666 0.17333333333333334 810 810 
0.5 0.7866666666666666 0.18 809 809 
0.5 0.7866666666666666 0.18666666666666668 778 778 
0.5 0.7866666666666666 0.19333333333333333 872 872 
0.5 0.7866666666666666 0.2 878 878 
0.5 0.7866666666666666 0.20666666666666667 841 841 
0.5 0.7866666666666666 0.21333333333333335 826 826 
0.5 0.7866666666666666 0.22 850 850 
0.5 0.7866666666666666 0.22666666666666666 858 858 
0.5 0.7866666666666666 0.23333333333333334 835 835 
0.5 0.7866666666666666 0.24 850 850 
0.5 0.7866666666666666 0.24666666666666667 798 798 
0.5 0.7866666666666666 0.25333333333333335 776 776 
0.5 0.7866666666666666 0.26 792 792 
0.5 0.7866666666666666 0.26666666666666666 840 840 
0.5 0.7866666666666666 0.2733333333333333 795 795 
0.5 0.7866666666666666 0.28 875 875 
0.5 0.7866666666666666 0.2866666666666667 829 829 
0.5 0.7866666666666666 0.29333333333333333 826 826 
0.5 0.7866666666666666 0.3 810 810 
0.5 0.7866666666666666 0.30666666666666664 841 841 
0.5 0.7866666666666666 0.31333333333333335 850 850 
0.5 0.7866666666666666 0.32 820 820 
0.5 0.7866666666666666 0.32666666666666666 833 833 
0.5 0.7866666666666666 0.3333333333333333 809 809 
0.5 0.7866666666666666 0.34 828 828 
0.5 0.7866666666666666 0.3466666666666667 809 809 
0.5 0.7866666666666666 0.35333333333333333 850 850 
0.5 0.7866666666666666 0.36 853 853 
0.5 0.7866666666666666 0.36666666666666664 826 826 
0.5 0.7866666666666666 0.37333333333333335 797 797 
0.5 0.7866666666666666 0.38 826 826 
0.5 0.7866666666666666 0.38666666666666666 795 795 
0.5 0.7866666666666666 0.3933333333333333 876 876 
0.5 0.7866666666666666 0.4 875 875 
0.5 0.7866666666666666 0.4066666666666667 858 858 
0.5 0.7866666666666666 0.41333333333333333 820 820 
0.5 0.7866666666666666 0.42 805 805 
0.5 0.7866666666666666 0.4266666666666667 845 845 
0.5 0.7866666666666666 0.43333333333333335 792 792 
0.5 0.7866666666666666 0.44 818 818 
0.5 0.7866666666666666 0.44666666666666666 806 806 
0.5 0.7866666666666666 0.4533333333333333 852 852 
0.5 0.7866666666666666 0.46 837 837 
0.5 0.7866666666666666 0.4666666666666667 831 831 
0.5 0.7866666666666666 0.47333333333333333 889 889 
0.5 0.7866666666666666 0.48 858 858 
0.5 0.7866666666666666 0.4866666666666667 845 845 
0.5 0.7866666666666666 0.49333333333333335 781 781 
0.5 0.7866666666666666 0.5 810 810 
0.5 0.7866666666666666 0.5066666666666667 817 817 
0.5 0.7866666666666666 0.5133333333333333 795 795 
0.5 0.7866666666666666 0.52 845 845 
0.5 0.7866666666666666 0.5266666666666666 860 860 
0.5 0.7866666666666666 0.5333333333333333 847 847 
0.5 0.7866666666666666 0.54 829 829 
0.5 0.7866666666666666 0.5466666666666666 885 885 
0.5 0.7866666666666666 0.5533333333333333 816 816 
0.5 0.7866666666666666 0.56 831 831 
0.5 0.7866666666666666 0.5666666666666667 848 848 
0.5 0.7866666666666666 0.5733333333333334 830 830 
0.5 0.7866666666666666 0.58 852 852 
0.5 0.7866666666666666 0.5866666666666667 863 863 
0.5 0.7866666666666666 0.5933333333333334 793 793 
0.5 0.7866666666666666 0.6 849 849 
0.5 0.7866666666666666 0.6066666666666667 825 825 
0.5 0.7866666666666666 0.6133333333333333 814 814 
0.5 0.7866666666666666 0.62 806 806 
0.5 0.7866666666666666 0.6266666666666667 811 811 
0.5 0.7866666666666666 0.6333333333333333 836 836 
0.5 0.7866666666666666 0.64 825 825 
0.5 0.7866666666666666 0.6466666666666666 827 827 
0.5 0.7866666666666666 0.6533333333333333 858 858 
0.5 0.7866666666666666 0.66 871 871 
0.5 0.7866666666666666 0.6666666666666666 851 851 
0.5 0.7866666666666666 0.6733333333333333 857 857 
0.5 0.7866666666666666 0.68 799 799 
0.5 0.7866666666666666 0.6866666666666666 842 842 
0.5 0.7866666666666666 0.6933333333333334 892 892 
0.5 0.7866666666666666 0.7 813 813 
0.5 0.7866666666666666 0.7066666666666667 845 845 
0.5 0.7866666666666666 0.7133333333333334 830 830 
0.5 0.7866666666666666 0.72 833 833 
0.5 0.7866666666666666 0.7266666666666667 795 795 
0.5 0.7866666666666666 0.7333333333333333 792 792 
0.5 0.7866666666666666 0.74 837 837 
0.5 0.7866666666666666 0.7466666666666667 867 867 
0.5 0.7866666666666666 0.7533333333333333 822 822 
0.5 0.7866666666666666 0.76 834 834 
0.5 0.7866666666666666 0.7666666666666667 824 824 
0.5 0.7866666666666666 0.7733333333333333 865 865 
0.5 0.7866666666666666 0.78 873 873 
0.5 0.7866666666666666 0.7866666666666666 774 774 
0.5 0.7866666666666666 0.7933333333333333 794 794 
0.5 0.7866666666666666 0.8 865 865 
0.5 0.7866666666666666 0.8066666666666666 830 830 
0.5 0.7866666666666666 0.8133333333333334 867 867 
0.5 0.7866666666666666 0.82 806 806 
0.5 0.7866666666666666 0.8266666666666667 842 842 
0.5 0.7866666666666666 0.8333333333333334 874 874 
0.5 0.7866666666666666 0.84 818 818 
0.5 0.7866666666666666 0.8466666666666667 750 750 
0.5 0.7866666666666666 0.8533333333333334 842 842 
0.5 0.7866666666666666 0.86 754 754 
0.5 0.7866666666666666 0.8666666666666667 786 786 
0.5 0.7866666666666666 0.8733333333333333 767 767 
0.5 0.7866666666666666 0.88 852 852 
0.5 0.7866666666666666 0.8866666666666667 798 798 
0.5 0.7866666666666666 0.8933333333333333 800 800 
0.5 0.7866666666666666 0.9 833 833 
0.5 0.7866666666666666 0.9066666666666666 822 822 
0.5 0.7866666666666666 0.9133333333333333 826 826 
0.5 0.7866666666666666 0.92 796 796 
0.5 0.7866666666666666 0.9266666666666666 808 808 
0.5 0.7866666666666666 0.9333333333333333 859 859 
0.5 0.7866666666666666 0.94 794 794 
0.5 0.7866666666666666 0.9466666666666667 870 870 
0.5 0.7866666666666666 0.9533333333333334 747 747 
0.5 0.7866666666666666 0.96 983 983 
0.5 0.7866666666666666 0.9666666666666667 733 733 
0.5 0.7866666666666666 0.9733333333333334 719 719 
0.5 0.7866666666666666 0.98 1360 1360 
0.5 0.7866666666666666 0.9866666666666667 0 0 
0.5 0.7866666666666666 0.9933333333333333 0 0 
0.5 0.7933333333333333 0.0 0 0 
0.5 0.7933333333333333 0.006666666666666667 0 0 
0.5 0.7933333333333333 0.013333333333333334 1435 1435 
0.5 0.7933333333333333 0.02 649 649 
0.5 0.7933333333333333 0.02666666666666667 822 822 
0.5 0.7933333333333333 0.03333333333333333 996 996 
0.5 0.7933333333333333 0.04 789 789 
0.5 0.7933333333333333 0.04666666666666667 931 931 
0.5 0.7933333333333333 0.05333333333333334 865 865 
0.5 0.7933333333333333 0.06 819 819 
0.5 0.7933333333333333 0.06666666666666667 862 862 
0.5 0.7933333333333333 0.07333333333333333 840 840 
0.5 0.7933333333333333 0.08 872 872 
0.5 0.7933333333333333 0.08666666666666667 901 901 
0.5 0.7933333333333333 0.09333333333333334 877 877 
0.5 0.7933333333333333 0.1 855 855 
0.5 0.7933333333333333 0.10666666666666667 841 841 
0.5 0.7933333333333333 0.11333333333333333 848 848 
0.5 0.7933333333333333 0.12 823 823 
0.5 0.7933333333333333 0.12666666666666668 832 832 
0.5 0.7933333333333333 0.13333333333333333 842 842 
0.5 0.7933333333333333 0.14 887 887 
0.5 0.7933333333333333 0.14666666666666667 796 796 
0.5 0.7933333333333333 0.15333333333333332 847 847 
0.5 0.7933333333333333 0.16 861 861 
0.5 0.7933333333333333 0.16666666666666666 876 876 
0.5 0.7933333333333333 0.17333333333333334 853 853 
0.5 0.7933333333333333 0.18 804 804 
0.5 0.7933333333333333 0.18666666666666668 816 816 
0.5 0.7933333333333333 0.19333333333333333 844 844 
0.5 0.7933333333333333 0.2 819 819 
0.5 0.7933333333333333 0.20666666666666667 823 823 
0.5 0.7933333333333333 0.21333333333333335 897 897 
0.5 0.7933333333333333 0.22 788 788 
0.5 0.7933333333333333 0.22666666666666666 840 840 
0.5 0.7933333333333333 0.23333333333333334 840 840 
0.5 0.7933333333333333 0.24 815 815 
0.5 0.7933333333333333 0.24666666666666667 872 872 
0.5 0.7933333333333333 0.25333333333333335 861 861 
0.5 0.7933333333333333 0.26 847 847 
0.5 0.7933333333333333 0.26666666666666666 812 812 
0.5 0.7933333333333333 0.2733333333333333 805 805 
0.5 0.7933333333333333 0.28 865 865 
0.5 0.7933333333333333 0.2866666666666667 831 831 
0.5 0.7933333333333333 0.29333333333333333 842 842 
0.5 0.7933333333333333 0.3 830 830 
0.5 0.7933333333333333 0.30666666666666664 827 827 
0.5 0.7933333333333333 0.31333333333333335 829 829 
0.5 0.7933333333333333 0.32 824 824 
0.5 0.7933333333333333 0.32666666666666666 845 845 
0.5 0.7933333333333333 0.3333333333333333 850 850 
0.5 0.7933333333333333 0.34 810 810 
0.5 0.7933333333333333 0.3466666666666667 816 816 
0.5 0.7933333333333333 0.35333333333333333 852 852 
0.5 0.7933333333333333 0.36 836 836 
0.5 0.7933333333333333 0.36666666666666664 838 838 
0.5 0.7933333333333333 0.37333333333333335 778 778 
0.5 0.7933333333333333 0.38 738 738 
0.5 0.7933333333333333 0.38666666666666666 799 799 
0.5 0.7933333333333333 0.3933333333333333 821 821 
0.5 0.7933333333333333 0.4 843 843 
0.5 0.7933333333333333 0.4066666666666667 809 809 
0.5 0.7933333333333333 0.41333333333333333 822 822 
0.5 0.7933333333333333 0.42 822 822 
0.5 0.7933333333333333 0.4266666666666667 800 800 
0.5 0.7933333333333333 0.43333333333333335 777 777 
0.5 0.7933333333333333 0.44 816 816 
0.5 0.7933333333333333 0.44666666666666666 795 795 
0.5 0.7933333333333333 0.4533333333333333 836 836 
0.5 0.7933333333333333 0.46 790 790 
0.5 0.7933333333333333 0.4666666666666667 814 814 
0.5 0.7933333333333333 0.47333333333333333 813 813 
0.5 0.7933333333333333 0.48 878 878 
0.5 0.7933333333333333 0.4866666666666667 823 823 
0.5 0.7933333333333333 0.49333333333333335 789 789 
0.5 0.7933333333333333 0.5 811 811 
0.5 0.7933333333333333 0.5066666666666667 827 827 
0.5 0.7933333333333333 0.5133333333333333 809 809 
0.5 0.7933333333333333 0.52 805 805 
0.5 0.7933333333333333 0.5266666666666666 799 799 
0.5 0.7933333333333333 0.5333333333333333 830 830 
0.5 0.7933333333333333 0.54 826 826 
0.5 0.7933333333333333 0.5466666666666666 822 822 
0.5 0.7933333333333333 0.5533333333333333 821 821 
0.5 0.7933333333333333 0.56 803 803 
0.5 0.7933333333333333 0.5666666666666667 818 818 
0.5 0.7933333333333333 0.5733333333333334 833 833 
0.5 0.7933333333333333 0.58 812 812 
0.5 0.7933333333333333 0.5866666666666667 819 819 
0.5 0.7933333333333333 0.5933333333333334 817 817 
0.5 0.7933333333333333 0.6 779 779 
0.5 0.7933333333333333 0.6066666666666667 872 872 
0.5 0.7933333333333333 0.6133333333333333 844 844 
0.5 0.7933333333333333 0.62 833 833 
0.5 0.7933333333333333 0.6266666666666667 839 839 
0.5 0.7933333333333333 0.6333333333333333 834 834 
0.5 0.7933333333333333 0.64 883 883 
0.5 0.7933333333333333 0.6466666666666666 795 795 
0.5 0.7933333333333333 0.6533333333333333 867 867 
0.5 0.7933333333333333 0.66 801 801 
0.5 0.7933333333333333 0.6666666666666666 858 858 
0.5 0.7933333333333333 0.6733333333333333 842 842 
0.5 0.7933333333333333 0.68 902 902 
0.5 0.7933333333333333 0.6866666666666666 825 825 
0.5 0.7933333333333333 0.6933333333333334 846 846 
0.5 0.7933333333333333 0.7 788 788 
0.5 0.7933333333333333 0.7066666666666667 795 795 
0.5 0.7933333333333333 0.7133333333333334 856 856 
0.5 0.7933333333333333 0.72 853 853 
0.5 0.7933333333333333 0.7266666666666667 832 832 
0.5 0.7933333333333333 0.7333333333333333 841 841 
0.5 0.7933333333333333 0.74 789 789 
0.5 0.7933333333333333 0.7466666666666667 818 818 
0.5 0.7933333333333333 0.7533333333333333 844 844 
0.5 0.7933333333333333 0.76 840 840 
0.5 0.7933333333333333 0.7666666666666667 817 817 
0.5 0.7933333333333333 0.7733333333333333 833 833 
0.5 0.7933333333333333 0.78 877 877 
0.5 0.7933333333333333 0.7866666666666666 849 849 
0.5 0.7933333333333333 0.7933333333333333 832 832 
0.5 0.7933333333333333 0.8 845 845 
0.5 0.7933333333333333 0.8066666666666666 801 801 
0.5 0.7933333333333333 0.8133333333333334 832 832 
0.5 0.7933333333333333 0.82 858 858 
0.5 0.7933333333333333 0.8266666666666667 887 887 
0.5 0.7933333333333333 0.8333333333333334 794 794 
0.5 0.7933333333333333 0.84 825 825 
0.5 0.7933333333333333 0.8466666666666667 786 786 
0.5 0.7933333333333333 0.8533333333333334 831 831 
0.5 0.7933333333333333 0.86 815 815 
0.5 0.7933333333333333 0.8666666666666667 835 835 
0.5 0.7933333333333333 0.8733333333333333 863 863 
0.5 0.7933333333333333 0.88 891 891 
0.5 0.7933333333333333 0.8866666666666667 899 899 
0.5 0.7933333333333333 0.8933333333333333 833 833 
0.5 0.7933333333333333 0.9 874 874 
0.5 0.7933333333333333 0.9066666666666666 830 830 
0.5 0.7933333333333333 0.9133333333333333 851 851 
0.5 0.7933333333333333 0.92 814 814 
0.5 0.7933333333333333 0.9266666666666666 857 857 
0.5 0.7933333333333333 0.9333333333333333 885 885 
0.5 0.7933333333333333 0.94 838 838 
0.5 0.7933333333333333 0.9466666666666667 940 940 
0.5 0.7933333333333333 0.9533333333333334 813 813 
0.5 0.7933333333333333 0.96 962 962 
0.5 0.7933333333333333 0.9666666666666667 756 756 
0.5 0.7933333333333333 0.9733333333333334 724 724 
0.5 0.7933333333333333 0.98 1331 1331 
0.5 0.7933333333333333 0.9866666666666667 0 0 
0.5 0.7933333333333333 0.9933333333333333 0 0 
0.5 0.8 0.0 0 0 
0.5 0.8 0.006666666666666667 0 0 
0.5 0.8 0.013333333333333334 1425 1425 
0.5 0.8 0.02 737 737 
0.5 0.8 0.02666666666666667 785 785 
0.5 0.8 0.03333333333333333 968 968 
0.5 0.8 0.04 816 816 
0.5 0.8 0.04666666666666667 842 842 
0.5 0.8 0.05333333333333334 871 871 
0.5 0.8 0.06 835 835 
0.5 0.8 0.06666666666666667 838 838 
0.5 0.8 0.07333333333333333 807 807 
0.5 0.8 0.08 835 835 
0.5 0.8 0.08666666666666667 841 841 
0.5 0.8 0.09333333333333334 847 847 
0.5 0.8 0.1 867 867 
0.5 0.8 0.10666666666666667 833 833 
0.5 0.8 0.11333333333333333 830 830 
0.5 0.8 0.12 805 805 
0.5 0.8 0.12666666666666668 868 868 
0.5 0.8 0.13333333333333333 854 854 
0.5 0.8 0.14 795 795 
0.5 0.8 0.14666666666666667 861 861 
0.5 0.8 0.15333333333333332 861 861 
0.5 0.8 0.16 862 862 
0.5 0.8 0.16666666666666666 796 796 
0.5 0.8 0.17333333333333334 894 894 
0.5 0.8 0.18 856 856 
0.5 0.8 0.18666666666666668 795 795 
0.5 0.8 0.19333333333333333 838 838 
0.5 0.8 0.2 829 829 
0.5 0.8 0.20666666666666667 802 802 
0.5 0.8 0.21333333333333335 855 855 
0.5 0.8 0.22 877 877 
0.5 0.8 0.22666666666666666 875 875 
0.5 0.8 0.23333333333333334 798 798 
0.5 0.8 0.24 836 836 
0.5 0.8 0.24666666666666667 895 895 
0.5 0.8 0.25333333333333335 819 819 
0.5 0.8 0.26 817 817 
0.5 0.8 0.26666666666666666 845 845 
0.5 0.8 0.2733333333333333 803 803 
0.5 0.8 0.28 829 829 
0.5 0.8 0.2866666666666667 870 870 
0.5 0.8 0.29333333333333333 844 844 
0.5 0.8 0.3 877 877 
0.5 0.8 0.30666666666666664 873 873 
0.5 0.8 0.31333333333333335 873 873 
0.5 0.8 0.32 897 897 
0.5 0.8 0.32666666666666666 855 855 
0.5 0.8 0.3333333333333333 839 839 
0.5 0.8 0.34 795 795 
0.5 0.8 0.3466666666666667 862 862 
0.5 0.8 0.35333333333333333 804 804 
0.5 0.8 0.36 829 829 
0.5 0.8 0.36666666666666664 868 868 
0.5 0.8 0.37333333333333335 843 843 
0.5 0.8 0.38 810 810 
0.5 0.8 0.38666666666666666 760 760 
0.5 0.8 0.3933333333333333 825 825 
0.5 0.8 0.4 821 821 
0.5 0.8 0.4066666666666667 763 763 
0.5 0.8 0.41333333333333333 813 813 
0.5 0.8 0.42 830 830 
0.5 0.8 0.4266666666666667 798 798 
0.5 0.8 0.43333333333333335 755 755 
0.5 0.8 0.44 881 881 
0.5 0.8 0.44666666666666666 810 810 
0.5 0.8 0.4533333333333333 844 844 
0.5 0.8 0.46 802 802 
0.5 0.8 0.4666666666666667 834 834 
0.5 0.8 0.47333333333333333 807 807 
0.5 0.8 0.48 755 755 
0.5 0.8 0.4866666666666667 844 844 
0.5 0.8 0.49333333333333335 844 844 
0.5 0.8 0.5 837 837 
0.5 0.8 0.5066666666666667 851 851 
0.5 0.8 0.5133333333333333 815 815 
0.5 0.8 0.52 836 836 
0.5 0.8 0.5266666666666666 803 803 
0.5 0.8 0.5333333333333333 789 789 
0.5 0.8 0.54 802 802 
0.5 0.8 0.5466666666666666 842 842 
0.5 0.8 0.5533333333333333 816 816 
0.5 0.8 0.56 811 811 
0.5 0.8 0.5666666666666667 835 835 
0.5 0.8 0.5733333333333334 749 749 
0.5 0.8 0.58 814 814 
0.5 0.8 0.5866666666666667 838 838 
0.5 0.8 0.5933333333333334 823 823 
0.5 0.8 0.6 839 839 
0.5 0.8 0.6066666666666667 817 817 
0.5 0.8 0.6133333333333333 793 793 
0.5 0.8 0.62 811 811 
0.5 0.8 0.6266666666666667 851 851 
0.5 0.8 0.6333333333333333 792 792 
0.5 0.8 0.64 810 810 
0.5 0.8 0.6466666666666666 858 858 
0.5 0.8 0.6533333333333333 837 837 
0.5 0.8 0.66 846 846 
0.5 0.8 0.6666666666666666 901 901 
0.5 0.8 0.6733333333333333 836 836 
0.5 0.8 0.68 880 880 
0.5 0.8 0.6866666666666666 863 863 
0.5 0.8 0.6933333333333334 857 857 
0.5 0.8 0.7 807 807 
0.5 0.8 0.7066666666666667 876 876 
0.5 0.8 0.7133333333333334 802 802 
0.5 0.8 0.72 860 860 
0.5 0.8 0.7266666666666667 816 816 
0.5 0.8 0.7333333333333333 809 809 
0.5 0.8 0.74 860 860 
0.5 0.8 0.7466666666666667 827 827 
0.5 0.8 0.7533333333333333 820 820 
0.5 0.8 0.76 838 838 
0.5 0.8 0.7666666666666667 862 862 
0.5 0.8 0.7733333333333333 819 819 
0.5 0.8 0.78 835 835 
0.5 0.8 0.7866666666666666 813 813 
0.5 0.8 0.7933333333333333 827 827 
0.5 0.8 0.8 868 868 
0.5 0.8 0.8066666666666666 846 846 
0.5 0.8 0.8133333333333334 794 794 
0.5 0.8 0.82 837 837 
0.5 0.8 0.8266666666666667 785 785 
0.5 0.8 0.8333333333333334 839 839 
0.5 0.8 0.84 816 816 
0.5 0.8 0.8466666666666667 809 809 
0.5 0.8 0.8533333333333334 849 849 
0.5 0.8 0.86 840 840 
0.5 0.8 0.8666666666666667 799 799 
0.5 0.8 0.8733333333333333 801 801 
0.5 0.8 0.88 798 798 
0.5 0.8 0.8866666666666667 894 894 
0.5 0.8 0.8933333333333333 797 797 
0.5 0.8 0.9 806 806 
0.5 0.8 0.9066666666666666 815 815 
0.5 0.8 0.9133333333333333 815 815 
0.5 0.8 0.92 785 785 
0.5 0.8 0.9266666666666666 894 894 
0.5 0.8 0.9333333333333333 858 858 
0.5 0.8 0.94 815 815 
0.5 0.8 0.9466666666666667 903 903 
0.5 0.8 0.9533333333333334 813 813 
0.5 0.8 0.96 973 973 
0.5 0.8 0.9666666666666667 778 778 
0.5 0.8 0.9733333333333334 713 713 
0.5 0.8 0.98 1324 1324 
0.5 0.8 0.9866666666666667 0 0 
0.5 0.8 0.9933333333333333 0 0 
0.5 0.8066666666666666 0.0 0 0 
0.5 0.8066666666666666 0.006666666666666667 0 0 
0.5 0.8066666666666666 0.013333333333333334 1356 1356 
0.5 0.8066666666666666 0.02 721 721 
0.5 0.8066666666666666 0.02666666666666667 771 771 
0.5 0.8066666666666666 0.03333333333333333 1042 1042 
0.5 0.8066666666666666 0.04 744 744 
0.5 0.8066666666666666 0.04666666666666667 874 874 
0.5 0.8066666666666666 0.05333333333333334 867 867 
0.5 0.8066666666666666 0.06 837 837 
0.5 0.8066666666666666 0.06666666666666667 857 857 
0.5 0.8066666666666666 0.07333333333333333 854 854 
0.5 0.8066666666666666 0.08 844 844 
0.5 0.8066666666666666 0.08666666666666667 856 856 
0.5 0.8066666666666666 0.09333333333333334 774 774 
0.5 0.8066666666666666 0.1 822 822 
0.5 0.8066666666666666 0.10666666666666667 839 839 
0.5 0.8066666666666666 0.11333333333333333 864 864 
0.5 0.8066666666666666 0.12 781 781 
0.5 0.8066666666666666 0.12666666666666668 812 812 
0.5 0.8066666666666666 0.13333333333333333 829 829 
0.5 0.8066666666666666 0.14 762 762 
0.5 0.8066666666666666 0.14666666666666667 802 802 
0.5 0.8066666666666666 0.15333333333333332 878 878 
0.5 0.8066666666666666 0.16 843 843 
0.5 0.8066666666666666 0.16666666666666666 838 838 
0.5 0.8066666666666666 0.17333333333333334 840 840 
0.5 0.8066666666666666 0.18 814 814 
0.5 0.8066666666666666 0.18666666666666668 822 822 
0.5 0.8066666666666666 0.19333333333333333 801 801 
0.5 0.8066666666666666 0.2 850 850 
0.5 0.8066666666666666 0.20666666666666667 803 803 
0.5 0.8066666666666666 0.21333333333333335 830 830 
0.5 0.8066666666666666 0.22 797 797 
0.5 0.8066666666666666 0.22666666666666666 882 882 
0.5 0.8066666666666666 0.23333333333333334 859 859 
0.5 0.8066666666666666 0.24 772 772 
0.5 0.8066666666666666 0.24666666666666667 820 820 
0.5 0.8066666666666666 0.25333333333333335 831 831 
0.5 0.8066666666666666 0.26 825 825 
0.5 0.8066666666666666 0.26666666666666666 778 778 
0.5 0.8066666666666666 0.2733333333333333 840 840 
0.5 0.8066666666666666 0.28 871 871 
0.5 0.8066666666666666 0.2866666666666667 817 817 
0.5 0.8066666666666666 0.29333333333333333 830 830 
0.5 0.8066666666666666 0.3 834 834 
0.5 0.8066666666666666 0.30666666666666664 823 823 
0.5 0.8066666666666666 0.31333333333333335 876 876 
0.5 0.8066666666666666 0.32 798 798 
0.5 0.8066666666666666 0.32666666666666666 838 838 
0.5 0.8066666666666666 0.3333333333333333 899 899 
0.5 0.8066666666666666 0.34 851 851 
0.5 0.8066666666666666 0.3466666666666667 807 807 
0.5 0.8066666666666666 0.35333333333333333 843 843 
0.5 0.8066666666666666 0.36 854 854 
0.5 0.8066666666666666 0.36666666666666664 814 814 
0.5 0.8066666666666666 0.37333333333333335 803 803 
0.5 0.8066666666666666 0.38 850 850 
0.5 0.8066666666666666 0.38666666666666666 869 869 
0.5 0.8066666666666666 0.3933333333333333 779 779 
0.5 0.8066666666666666 0.4 825 825 
0.5 0.8066666666666666 0.4066666666666667 790 790 
0.5 0.8066666666666666 0.41333333333333333 857 857 
0.5 0.8066666666666666 0.42 839 839 
0.5 0.8066666666666666 0.4266666666666667 840 840 
0.5 0.8066666666666666 0.43333333333333335 794 794 
0.5 0.8066666666666666 0.44 813 813 
0.5 0.8066666666666666 0.44666666666666666 790 790 
0.5 0.8066666666666666 0.4533333333333333 746 746 
0.5 0.8066666666666666 0.46 793 793 
0.5 0.8066666666666666 0.4666666666666667 849 849 
0.5 0.8066666666666666 0.47333333333333333 833 833 
0.5 0.8066666666666666 0.48 860 860 
0.5 0.8066666666666666 0.4866666666666667 819 819 
0.5 0.8066666666666666 0.49333333333333335 840 840 
0.5 0.8066666666666666 0.5 823 823 
0.5 0.8066666666666666 0.5066666666666667 791 791 
0.5 0.8066666666666666 0.5133333333333333 906 906 
0.5 0.8066666666666666 0.52 818 818 
0.5 0.8066666666666666 0.5266666666666666 793 793 
0.5 0.8066666666666666 0.5333333333333333 767 767 
0.5 0.8066666666666666 0.54 824 824 
0.5 0.8066666666666666 0.5466666666666666 793 793 
0.5 0.8066666666666666 0.5533333333333333 793 793 
0.5 0.8066666666666666 0.56 820 820 
0.5 0.8066666666666666 0.5666666666666667 813 813 
0.5 0.8066666666666666 0.5733333333333334 791 791 
0.5 0.8066666666666666 0.58 823 823 
0.5 0.8066666666666666 0.5866666666666667 825 825 
0.5 0.8066666666666666 0.5933333333333334 788 788 
0.5 0.8066666666666666 0.6 806 806 
0.5 0.8066666666666666 0.6066666666666667 820 820 
0.5 0.8066666666666666 0.6133333333333333 839 839 
0.5 0.8066666666666666 0.62 849 849 
0.5 0.8066666666666666 0.6266666666666667 831 831 
0.5 0.8066666666666666 0.6333333333333333 827 827 
0.5 0.8066666666666666 0.64 878 878 
0.5 0.8066666666666666 0.6466666666666666 814 814 
0.5 0.8066666666666666 0.6533333333333333 784 784 
0.5 0.8066666666666666 0.66 852 852 
0.5 0.8066666666666666 0.6666666666666666 831 831 
0.5 0.8066666666666666 0.6733333333333333 830 830 
0.5 0.8066666666666666 0.68 856 856 
0.5 0.8066666666666666 0.6866666666666666 826 826 
0.5 0.8066666666666666 0.6933333333333334 831 831 
0.5 0.8066666666666666 0.7 846 846 
0.5 0.8066666666666666 0.7066666666666667 815 815 
0.5 0.8066666666666666 0.7133333333333334 830 830 
0.5 0.8066666666666666 0.72 853 853 
0.5 0.8066666666666666 0.7266666666666667 806 806 
0.5 0.8066666666666666 0.7333333333333333 861 861 
0.5 0.8066666666666666 0.74 865 865 
0.5 0.8066666666666666 0.7466666666666667 824 824 
0.5 0.8066666666666666 0.7533333333333333 828 828 
0.5 0.8066666666666666 0.76 769 769 
0.5 0.8066666666666666 0.7666666666666667 797 797 
0.5 0.8066666666666666 0.7733333333333333 865 865 
0.5 0.8066666666666666 0.78 763 763 
0.5 0.8066666666666666 0.7866666666666666 788 788 
0.5 0.8066666666666666 0.7933333333333333 860 860 
0.5 0.8066666666666666 0.8 842 842 
0.5 0.8066666666666666 0.8066666666666666 849 849 
0.5 0.8066666666666666 0.8133333333333334 793 793 
0.5 0.8066666666666666 0.82 870 870 
0.5 0.8066666666666666 0.8266666666666667 841 841 
0.5 0.8066666666666666 0.8333333333333334 845 845 
0.5 0.8066666666666666 0.84 903 903 
0.5 0.8066666666666666 0.8466666666666667 850 850 
0.5 0.8066666666666666 0.8533333333333334 839 839 
0.5 0.8066666666666666 0.86 846 846 
0.5 0.8066666666666666 0.8666666666666667 844 844 
0.5 0.8066666666666666 0.8733333333333333 766 766 
0.5 0.8066666666666666 0.88 826 826 
0.5 0.8066666666666666 0.8866666666666667 877 877 
0.5 0.8066666666666666 0.8933333333333333 833 833 
0.5 0.8066666666666666 0.9 833 833 
0.5 0.8066666666666666 0.9066666666666666 888 888 
0.5 0.8066666666666666 0.9133333333333333 811 811 
0.5 0.8066666666666666 0.92 799 799 
0.5 0.8066666666666666 0.9266666666666666 841 841 
0.5 0.8066666666666666 0.9333333333333333 831 831 
0.5 0.8066666666666666 0.94 859 859 
0.5 0.8066666666666666 0.9466666666666667 832 832 
0.5 0.8066666666666666 0.9533333333333334 800 800 
0.5 0.8066666666666666 0.96 994 994 
0.5 0.8066666666666666 0.9666666666666667 757 757 
0.5 0.8066666666666666 0.9733333333333334 678 678 
0.5 0.8066666666666666 0.98 1341 1341 
0.5 0.8066666666666666 0.9866666666666667 0 0 
0.5 0.8066666666666666 0.9933333333333333 0 0 
0.5 0.8133333333333334 0.0 0 0 
0.5 0.8133333333333334 0.006666666666666667 0 0 
0.5 0.8133333333333334 0.013333333333333334 1463 1463 
0.5 0.8133333333333334 0.02 709 709 
0.5 0.8133333333333334 0.02666666666666667 738 738 
0.5 0.8133333333333334 0.03333333333333333 970 970 
0.5 0.8133333333333334 0.04 752 752 
0.5 0.8133333333333334 0.04666666666666667 910 910 
0.5 0.8133333333333334 0.05333333333333334 819 819 
0.5 0.8133333333333334 0.06 835 835 
0.5 0.8133333333333334 0.06666666666666667 860 860 
0.5 0.8133333333333334 0.07333333333333333 778 778 
0.5 0.8133333333333334 0.08 815 815 
0.5 0.8133333333333334 0.08666666666666667 843 843 
0.5 0.8133333333333334 0.09333333333333334 828 828 
0.5 0.8133333333333334 0.1 827 827 
0.5 0.8133333333333334 0.10666666666666667 780 780 
0.5 0.8133333333333334 0.11333333333333333 885 885 
0.5 0.8133333333333334 0.12 849 849 
0.5 0.8133333333333334 0.12666666666666668 833 833 
0.5 0.8133333333333334 0.13333333333333333 777 777 
0.5 0.8133333333333334 0.14 851 851 
0.5 0.8133333333333334 0.14666666666666667 831 831 
0.5 0.8133333333333334 0.15333333333333332 808 808 
0.5 0.8133333333333334 0.16 860 860 
0.5 0.8133333333333334 0.16666666666666666 839 839 
0.5 0.8133333333333334 0.17333333333333334 847 847 
0.5 0.8133333333333334 0.18 796 796 
0.5 0.8133333333333334 0.18666666666666668 855 855 
0.5 0.8133333333333334 0.19333333333333333 821 821 
0.5 0.8133333333333334 0.2 842 842 
0.5 0.8133333333333334 0.20666666666666667 854 854 
0.5 0.8133333333333334 0.21333333333333335 791 791 
0.5 0.8133333333333334 0.22 851 851 
0.5 0.8133333333333334 0.22666666666666666 794 794 
0.5 0.8133333333333334 0.23333333333333334 865 865 
0.5 0.8133333333333334 0.24 851 851 
0.5 0.8133333333333334 0.24666666666666667 841 841 
0.5 0.8133333333333334 0.25333333333333335 787 787 
0.5 0.8133333333333334 0.26 891 891 
0.5 0.8133333333333334 0.26666666666666666 818 818 
0.5 0.8133333333333334 0.2733333333333333 827 827 
0.5 0.8133333333333334 0.28 837 837 
0.5 0.8133333333333334 0.2866666666666667 807 807 
0.5 0.8133333333333334 0.29333333333333333 837 837 
0.5 0.8133333333333334 0.3 797 797 
0.5 0.8133333333333334 0.30666666666666664 877 877 
0.5 0.8133333333333334 0.31333333333333335 813 813 
0.5 0.8133333333333334 0.32 812 812 
0.5 0.8133333333333334 0.32666666666666666 841 841 
0.5 0.8133333333333334 0.3333333333333333 848 848 
0.5 0.8133333333333334 0.34 885 885 
0.5 0.8133333333333334 0.3466666666666667 891 891 
0.5 0.8133333333333334 0.35333333333333333 852 852 
0.5 0.8133333333333334 0.36 839 839 
0.5 0.8133333333333334 0.36666666666666664 880 880 
0.5 0.8133333333333334 0.37333333333333335 847 847 
0.5 0.8133333333333334 0.38 839 839 
0.5 0.8133333333333334 0.38666666666666666 840 840 
0.5 0.8133333333333334 0.3933333333333333 829 829 
0.5 0.8133333333333334 0.4 840 840 
0.5 0.8133333333333334 0.4066666666666667 818 818 
0.5 0.8133333333333334 0.41333333333333333 761 761 
0.5 0.8133333333333334 0.42 803 803 
0.5 0.8133333333333334 0.4266666666666667 847 847 
0.5 0.8133333333333334 0.43333333333333335 812 812 
0.5 0.8133333333333334 0.44 832 832 
0.5 0.8133333333333334 0.44666666666666666 815 815 
0.5 0.8133333333333334 0.4533333333333333 833 833 
0.5 0.8133333333333334 0.46 783 783 
0.5 0.8133333333333334 0.4666666666666667 860 860 
0.5 0.8133333333333334 0.47333333333333333 821 821 
0.5 0.8133333333333334 0.48 831 831 
0.5 0.8133333333333334 0.4866666666666667 859 859 
0.5 0.8133333333333334 0.49333333333333335 796 796 
0.5 0.8133333333333334 0.5 796 796 
0.5 0.8133333333333334 0.5066666666666667 824 824 
0.5 0.8133333333333334 0.5133333333333333 809 809 
0.5 0.8133333333333334 0.52 842 842 
0.5 0.8133333333333334 0.5266666666666666 794 794 
0.5 0.8133333333333334 0.5333333333333333 778 778 
0.5 0.8133333333333334 0.54 789 789 
0.5 0.8133333333333334 0.5466666666666666 847 847 
0.5 0.8133333333333334 0.5533333333333333 843 843 
0.5 0.8133333333333334 0.56 799 799 
0.5 0.8133333333333334 0.5666666666666667 832 832 
0.5 0.8133333333333334 0.5733333333333334 799 799 
0.5 0.8133333333333334 0.58 803 803 
0.5 0.8133333333333334 0.5866666666666667 810 810 
0.5 0.8133333333333334 0.5933333333333334 739 739 
0.5 0.8133333333333334 0.6 780 780 
0.5 0.8133333333333334 0.6066666666666667 791 791 
0.5 0.8133333333333334 0.6133333333333333 805 805 
0.5 0.8133333333333334 0.62 778 778 
0.5 0.8133333333333334 0.6266666666666667 817 817 
0.5 0.8133333333333334 0.6333333333333333 809 809 
0.5 0.8133333333333334 0.64 855 855 
0.5 0.8133333333333334 0.6466666666666666 836 836 
0.5 0.8133333333333334 0.6533333333333333 839 839 
0.5 0.8133333333333334 0.66 814 814 
0.5 0.8133333333333334 0.6666666666666666 834 834 
0.5 0.8133333333333334 0.6733333333333333 836 836 
0.5 0.8133333333333334 0.68 797 797 
0.5 0.8133333333333334 0.6866666666666666 841 841 
0.5 0.8133333333333334 0.6933333333333334 857 857 
0.5 0.8133333333333334 0.7 801 801 
0.5 0.8133333333333334 0.7066666666666667 808 808 
0.5 0.8133333333333334 0.7133333333333334 859 859 
0.5 0.8133333333333334 0.72 833 833 
0.5 0.8133333333333334 0.7266666666666667 880 880 
0.5 0.8133333333333334 0.7333333333333333 814 814 
0.5 0.8133333333333334 0.74 851 851 
0.5 0.8133333333333334 0.7466666666666667 778 778 
0.5 0.8133333333333334 0.7533333333333333 820 820 
0.5 0.8133333333333334 0.76 803 803 
0.5 0.8133333333333334 0.7666666666666667 851 851 
0.5 0.8133333333333334 0.7733333333333333 859 859 
0.5 0.8133333333333334 0.78 821 821 
0.5 0.8133333333333334 0.7866666666666666 810 810 
0.5 0.8133333333333334 0.7933333333333333 807 807 
0.5 0.8133333333333334 0.8 852 852 
0.5 0.8133333333333334 0.8066666666666666 836 836 
0.5 0.8133333333333334 0.8133333333333334 813 813 
0.5 0.8133333333333334 0.82 859 859 
0.5 0.8133333333333334 0.8266666666666667 870 870 
0.5 0.8133333333333334 0.8333333333333334 819 819 
0.5 0.8133333333333334 0.84 800 800 
0.5 0.8133333333333334 0.8466666666666667 818 818 
0.5 0.8133333333333334 0.8533333333333334 845 845 
0.5 0.8133333333333334 0.86 818 818 
0.5 0.8133333333333334 0.8666666666666667 873 873 
0.5 0.8133333333333334 0.8733333333333333 832 832 
0.5 0.8133333333333334 0.88 854 854 
0.5 0.8133333333333334 0.8866666666666667 836 836 
0.5 0.8133333333333334 0.8933333333333333 847 847 
0.5 0.8133333333333334 0.9 834 834 
0.5 0.8133333333333334 0.9066666666666666 869 869 
0.5 0.8133333333333334 0.9133333333333333 877 877 
0.5 0.8133333333333334 0.92 844 844 
0.5 0.8133333333333334 0.9266666666666666 831 831 
0.5 0.8133333333333334 0.9333333333333333 813 813 
0.5 0.8133333333333334 0.94 834 834 
0.5 0.8133333333333334 0.9466666666666667 865 865 
0.5 0.8133333333333334 0.9533333333333334 802 802 
0.5 0.8133333333333334 0.96 951 951 
0.5 0.8133333333333334 0.9666666666666667 723 723 
0.5 0.8133333333333334 0.9733333333333334 718 718 
0.5 0.8133333333333334 0.98 1358 1358 
0.5 0.8133333333333334 0.9866666666666667 0 0 
0.5 0.8133333333333334 0.9933333333333333 0 0 
0.5 0.82 0.0 0 0 
0.5 0.82 0.006666666666666667 0 0 
0.5 0.82 0.013333333333333334 1331 1331 
0.5 0.82 0.02 708 708 
0.5 0.82 0.02666666666666667 776 776 
0.5 0.82 0.03333333333333333 959 959 
0.5 0.82 0.04 784 784 
0.5 0.82 0.04666666666666667 846 846 
0.5 0.82 0.05333333333333334 807 807 
0.5 0.82 0.06 849 849 
0.5 0.82 0.06666666666666667 820 820 
0.5 0.82 0.07333333333333333 844 844 
0.5 0.82 0.08 878 878 
0.5 0.82 0.08666666666666667 800 800 
0.5 0.82 0.09333333333333334 861 861 
0.5 0.82 0.1 830 830 
0.5 0.82 0.10666666666666667 819 819 
0.5 0.82 0.11333333333333333 814 814 
0.5 0.82 0.12 840 840 
0.5 0.82 0.12666666666666668 835 835 
0.5 0.82 0.13333333333333333 819 819 
0.5 0.82 0.14 844 844 
0.5 0.82 0.14666666666666667 820 820 
0.5 0.82 0.15333333333333332 861 861 
0.5 0.82 0.16 848 848 
0.5 0.82 0.16666666666666666 804 804 
0.5 0.82 0.17333333333333334 865 865 
0.5 0.82 0.18 834 834 
0.5 0.82 0.18666666666666668 810 810 
0.5 0.82 0.19333333333333333 838 838 
0.5 0.82 0.2 902 902 
0.5 0.82 0.20666666666666667 783 783 
0.5 0.82 0.21333333333333335 827 827 
0.5 0.82 0.22 833 833 
0.5 0.82 0.22666666666666666 823 823 
0.5 0.82 0.23333333333333334 833 833 
0.5 0.82 0.24 806 806 
0.5 0.82 0.24666666666666667 845 845 
0.5 0.82 0.25333333333333335 846 846 
0.5 0.82 0.26 804 804 
0.5 0.82 0.26666666666666666 817 817 
0.5 0.82 0.2733333333333333 833 833 
0.5 0.82 0.28 826 826 
0.5 0.82 0.2866666666666667 840 840 
0.5 0.82 0.29333333333333333 793 793 
0.5 0.82 0.3 861 861 
0.5 0.82 0.30666666666666664 820 820 
0.5 0.82 0.31333333333333335 827 827 
0.5 0.82 0.32 824 824 
0.5 0.82 0.32666666666666666 830 830 
0.5 0.82 0.3333333333333333 863 863 
0.5 0.82 0.34 811 811 
0.5 0.82 0.3466666666666667 803 803 
0.5 0.82 0.35333333333333333 800 800 
0.5 0.82 0.36 818 818 
0.5 0.82 0.36666666666666664 818 818 
0.5 0.82 0.37333333333333335 809 809 
0.5 0.82 0.38 826 826 
0.5 0.82 0.38666666666666666 807 807 
0.5 0.82 0.3933333333333333 803 803 
0.5 0.82 0.4 859 859 
0.5 0.82 0.4066666666666667 802 802 
0.5 0.82 0.41333333333333333 821 821 
0.5 0.82 0.42 791 791 
0.5 0.82 0.4266666666666667 841 841 
0.5 0.82 0.43333333333333335 828 828 
0.5 0.82 0.44 795 795 
0.5 0.82 0.44666666666666666 833 833 
0.5 0.82 0.4533333333333333 793 793 
0.5 0.82 0.46 834 834 
0.5 0.82 0.4666666666666667 808 808 
0.5 0.82 0.47333333333333333 809 809 
0.5 0.82 0.48 809 809 
0.5 0.82 0.4866666666666667 835 835 
0.5 0.82 0.49333333333333335 823 823 
0.5 0.82 0.5 822 822 
0.5 0.82 0.5066666666666667 781 781 
0.5 0.82 0.5133333333333333 834 834 
0.5 0.82 0.52 817 817 
0.5 0.82 0.5266666666666666 834 834 
0.5 0.82 0.5333333333333333 777 777 
0.5 0.82 0.54 847 847 
0.5 0.82 0.5466666666666666 822 822 
0.5 0.82 0.5533333333333333 827 827 
0.5 0.82 0.56 830 830 
0.5 0.82 0.5666666666666667 815 815 
0.5 0.82 0.5733333333333334 808 808 
0.5 0.82 0.58 799 799 
0.5 0.82 0.5866666666666667 831 831 
0.5 0.82 0.5933333333333334 787 787 
0.5 0.82 0.6 818 818 
0.5 0.82 0.6066666666666667 813 813 
0.5 0.82 0.6133333333333333 813 813 
0.5 0.82 0.62 788 788 
0.5 0.82 0.6266666666666667 852 852 
0.5 0.82 0.6333333333333333 848 848 
0.5 0.82 0.64 807 807 
0.5 0.82 0.6466666666666666 871 871 
0.5 0.82 0.6533333333333333 769 769 
0.5 0.82 0.66 804 804 
0.5 0.82 0.6666666666666666 808 808 
0.5 0.82 0.6733333333333333 799 799 
0.5 0.82 0.68 849 849 
0.5 0.82 0.6866666666666666 794 794 
0.5 0.82 0.6933333333333334 796 796 
0.5 0.82 0.7 802 802 
0.5 0.82 0.7066666666666667 816 816 
0.5 0.82 0.7133333333333334 813 813 
0.5 0.82 0.72 782 782 
0.5 0.82 0.7266666666666667 902 902 
0.5 0.82 0.7333333333333333 791 791 
0.5 0.82 0.74 808 808 
0.5 0.82 0.7466666666666667 804 804 
0.5 0.82 0.7533333333333333 817 817 
0.5 0.82 0.76 792 792 
0.5 0.82 0.7666666666666667 805 805 
0.5 0.82 0.7733333333333333 787 787 
0.5 0.82 0.78 835 835 
0.5 0.82 0.7866666666666666 794 794 
0.5 0.82 0.7933333333333333 799 799 
0.5 0.82 0.8 843 843 
0.5 0.82 0.8066666666666666 814 814 
0.5 0.82 0.8133333333333334 838 838 
0.5 0.82 0.82 818 818 
0.5 0.82 0.8266666666666667 857 857 
0.5 0.82 0.8333333333333334 820 820 
0.5 0.82 0.84 892 892 
0.5 0.82 0.8466666666666667 849 849 
0.5 0.82 0.8533333333333334 814 814 
0.5 0.82 0.86 821 821 
0.5 0.82 0.8666666666666667 876 876 
0.5 0.82 0.8733333333333333 838 838 
0.5 0.82 0.88 847 847 
0.5 0.82 0.8866666666666667 822 822 
0.5 0.82 0.8933333333333333 845 845 
0.5 0.82 0.9 864 864 
0.5 0.82 0.9066666666666666 832 832 
0.5 0.82 0.9133333333333333 885 885 
0.5 0.82 0.92 837 837 
0.5 0.82 0.9266666666666666 854 854 
0.5 0.82 0.9333333333333333 772 772 
0.5 0.82 0.94 835 835 
0.5 0.82 0.9466666666666667 828 828 
0.5 0.82 0.9533333333333334 803 803 
0.5 0.82 0.96 952 952 
0.5 0.82 0.9666666666666667 804 804 
0.5 0.82 0.9733333333333334 686 686 
0.5 0.82 0.98 1421 1421 
0.5 0.82 0.9866666666666667 0 0 
0.5 0.82 0.9933333333333333 0 0 
0.5 0.8266666666666667 0.0 0 0 
0.5 0.8266666666666667 0.006666666666666667 0 0 
0.5 0.8266666666666667 0.013333333333333334 1270 1270 
0.5 0.8266666666666667 0.02 668 668 
0.5 0.8266666666666667 0.02666666666666667 790 790 
0.5 0.8266666666666667 0.03333333333333333 953 953 
0.5 0.8266666666666667 0.04 788 788 
0.5 0.8266666666666667 0.04666666666666667 872 872 
0.5 0.8266666666666667 0.05333333333333334 790 790 
0.5 0.8266666666666667 0.06 799 799 
0.5 0.8266666666666667 0.06666666666666667 849 849 
0.5 0.8266666666666667 0.07333333333333333 813 813 
0.5 0.8266666666666667 0.08 836 836 
0.5 0.8266666666666667 0.08666666666666667 841 841 
0.5 0.8266666666666667 0.09333333333333334 833 833 
0.5 0.8266666666666667 0.1 807 807 
0.5 0.8266666666666667 0.10666666666666667 803 803 
0.5 0.8266666666666667 0.11333333333333333 821 821 
0.5 0.8266666666666667 0.12 782 782 
0.5 0.8266666666666667 0.12666666666666668 869 869 
0.5 0.8266666666666667 0.13333333333333333 889 889 
0.5 0.8266666666666667 0.14 801 801 
0.5 0.8266666666666667 0.14666666666666667 831 831 
0.5 0.8266666666666667 0.15333333333333332 812 812 
0.5 0.8266666666666667 0.16 798 798 
0.5 0.8266666666666667 0.16666666666666666 816 816 
0.5 0.8266666666666667 0.17333333333333334 815 815 
0.5 0.8266666666666667 0.18 806 806 
0.5 0.8266666666666667 0.18666666666666668 828 828 
0.5 0.8266666666666667 0.19333333333333333 880 880 
0.5 0.8266666666666667 0.2 868 868 
0.5 0.8266666666666667 0.20666666666666667 786 786 
0.5 0.8266666666666667 0.21333333333333335 839 839 
0.5 0.8266666666666667 0.22 823 823 
0.5 0.8266666666666667 0.22666666666666666 804 804 
0.5 0.8266666666666667 0.23333333333333334 811 811 
0.5 0.8266666666666667 0.24 845 845 
0.5 0.8266666666666667 0.24666666666666667 788 788 
0.5 0.8266666666666667 0.25333333333333335 814 814 
0.5 0.8266666666666667 0.26 878 878 
0.5 0.8266666666666667 0.26666666666666666 792 792 
0.5 0.8266666666666667 0.2733333333333333 814 814 
0.5 0.8266666666666667 0.28 834 834 
0.5 0.8266666666666667 0.2866666666666667 809 809 
0.5 0.8266666666666667 0.29333333333333333 889 889 
0.5 0.8266666666666667 0.3 801 801 
0.5 0.8266666666666667 0.30666666666666664 822 822 
0.5 0.8266666666666667 0.31333333333333335 827 827 
0.5 0.8266666666666667 0.32 789 789 
0.5 0.8266666666666667 0.32666666666666666 819 819 
0.5 0.8266666666666667 0.3333333333333333 830 830 
0.5 0.8266666666666667 0.34 817 817 
0.5 0.8266666666666667 0.3466666666666667 795 795 
0.5 0.8266666666666667 0.35333333333333333 819 819 
0.5 0.8266666666666667 0.36 851 851 
0.5 0.8266666666666667 0.36666666666666664 830 830 
0.5 0.8266666666666667 0.37333333333333335 860 860 
0.5 0.8266666666666667 0.38 815 815 
0.5 0.8266666666666667 0.38666666666666666 853 853 
0.5 0.8266666666666667 0.3933333333333333 853 853 
0.5 0.8266666666666667 0.4 840 840 
0.5 0.8266666666666667 0.4066666666666667 816 816 
0.5 0.8266666666666667 0.41333333333333333 812 812 
0.5 0.8266666666666667 0.42 815 815 
0.5 0.8266666666666667 0.4266666666666667 820 820 
0.5 0.8266666666666667 0.43333333333333335 848 848 
0.5 0.8266666666666667 0.44 827 827 
0.5 0.8266666666666667 0.44666666666666666 791 791 
0.5 0.8266666666666667 0.4533333333333333 867 867 
0.5 0.8266666666666667 0.46 869 869 
0.5 0.8266666666666667 0.4666666666666667 848 848 
0.5 0.8266666666666667 0.47333333333333333 809 809 
0.5 0.8266666666666667 0.48 827 827 
0.5 0.8266666666666667 0.4866666666666667 852 852 
0.5 0.8266666666666667 0.49333333333333335 802 802 
0.5 0.8266666666666667 0.5 814 814 
0.5 0.8266666666666667 0.5066666666666667 816 816 
0.5 0.8266666666666667 0.5133333333333333 870 870 
0.5 0.8266666666666667 0.52 871 871 
0.5 0.8266666666666667 0.5266666666666666 806 806 
0.5 0.8266666666666667 0.5333333333333333 818 818 
0.5 0.8266666666666667 0.54 885 885 
0.5 0.8266666666666667 0.5466666666666666 813 813 
0.5 0.8266666666666667 0.5533333333333333 799 799 
0.5 0.8266666666666667 0.56 820 820 
0.5 0.8266666666666667 0.5666666666666667 805 805 
0.5 0.8266666666666667 0.5733333333333334 769 769 
0.5 0.8266666666666667 0.58 787 787 
0.5 0.8266666666666667 0.5866666666666667 866 866 
0.5 0.8266666666666667 0.5933333333333334 787 787 
0.5 0.8266666666666667 0.6 842 842 
0.5 0.8266666666666667 0.6066666666666667 809 809 
0.5 0.8266666666666667 0.6133333333333333 857 857 
0.5 0.8266666666666667 0.62 819 819 
0.5 0.8266666666666667 0.6266666666666667 772 772 
0.5 0.8266666666666667 0.6333333333333333 823 823 
0.5 0.8266666666666667 0.64 828 828 
0.5 0.8266666666666667 0.6466666666666666 846 846 
0.5 0.8266666666666667 0.6533333333333333 812 812 
0.5 0.8266666666666667 0.66 833 833 
0.5 0.8266666666666667 0.6666666666666666 868 868 
0.5 0.8266666666666667 0.6733333333333333 825 825 
0.5 0.8266666666666667 0.68 898 898 
0.5 0.8266666666666667 0.6866666666666666 804 804 
0.5 0.8266666666666667 0.6933333333333334 822 822 
0.5 0.8266666666666667 0.7 794 794 
0.5 0.8266666666666667 0.7066666666666667 881 881 
0.5 0.8266666666666667 0.7133333333333334 853 853 
0.5 0.8266666666666667 0.72 829 829 
0.5 0.8266666666666667 0.7266666666666667 839 839 
0.5 0.8266666666666667 0.7333333333333333 837 837 
0.5 0.8266666666666667 0.74 875 875 
0.5 0.8266666666666667 0.7466666666666667 809 809 
0.5 0.8266666666666667 0.7533333333333333 839 839 
0.5 0.8266666666666667 0.76 831 831 
0.5 0.8266666666666667 0.7666666666666667 773 773 
0.5 0.8266666666666667 0.7733333333333333 829 829 
0.5 0.8266666666666667 0.78 834 834 
0.5 0.8266666666666667 0.7866666666666666 784 784 
0.5 0.8266666666666667 0.7933333333333333 842 842 
0.5 0.8266666666666667 0.8 797 797 
0.5 0.8266666666666667 0.8066666666666666 844 844 
0.5 0.8266666666666667 0.8133333333333334 854 854 
0.5 0.8266666666666667 0.82 824 824 
0.5 0.8266666666666667 0.8266666666666667 817 817 
0.5 0.8266666666666667 0.8333333333333334 799 799 
0.5 0.8266666666666667 0.84 835 835 
0.5 0.8266666666666667 0.8466666666666667 834 834 
0.5 0.8266666666666667 0.8533333333333334 835 835 
0.5 0.8266666666666667 0.86 882 882 
0.5 0.8266666666666667 0.8666666666666667 815 815 
0.5 0.8266666666666667 0.8733333333333333 852 852 
0.5 0.8266666666666667 0.88 845 845 
0.5 0.8266666666666667 0.8866666666666667 839 839 
0.5 0.8266666666666667 0.8933333333333333 805 805 
0.5 0.8266666666666667 0.9 810 810 
0.5 0.8266666666666667 0.9066666666666666 841 841 
0.5 0.8266666666666667 0.9133333333333333 889 889 
0.5 0.8266666666666667 0.92 888 888 
0.5 0.8266666666666667 0.9266666666666666 901 901 
0.5 0.8266666666666667 0.9333333333333333 835 835 
0.5 0.8266666666666667 0.94 833 833 
0.5 0.8266666666666667 0.9466666666666667 911 911 
0.5 0.8266666666666667 0.9533333333333334 758 758 
0.5 0.8266666666666667 0.96 979 979 
0.5 0.8266666666666667 0.9666666666666667 705 705 
0.5 0.8266666666666667 0.9733333333333334 711 711 
0.5 0.8266666666666667 0.98 1319 1319 
0.5 0.8266666666666667 0.9866666666666667 0 0 
0.5 0.8266666666666667 0.9933333333333333 0 0 
0.5 0.8333333333333334 0.0 0 0 
0.5 0.8333333333333334 0.006666666666666667 0 0 
0.5 0.8333333333333334 0.013333333333333334 1336 1336 
0.5 0.8333333333333334 0.02 653 653 
0.5 0.8333333333333334 0.02666666666666667 717 717 
0.5 0.8333333333333334 0.03333333333333333 966 966 
0.5 0.8333333333333334 0.04 748 748 
0.5 0.8333333333333334 0.04666666666666667 904 904 
0.5 0.8333333333333334 0.05333333333333334 827 827 
0.5 0.8333333333333334 0.06 839 839 
0.5 0.8333333333333334 0.06666666666666667 814 814 
0.5 0.8333333333333334 0.07333333333333333 770 770 
0.5 0.8333333333333334 0.08 826 826 
0.5 0.8333333333333334 0.08666666666666667 835 835 
0.5 0.8333333333333334 0.09333333333333334 820 820 
0.5 0.8333333333333334 0.1 837 837 
0.5 0.8333333333333334 0.10666666666666667 873 873 
0.5 0.8333333333333334 0.11333333333333333 882 882 
0.5 0.8333333333333334 0.12 858 858 
0.5 0.8333333333333334 0.12666666666666668 819 819 
0.5 0.8333333333333334 0.13333333333333333 821 821 
0.5 0.8333333333333334 0.14 799 799 
0.5 0.8333333333333334 0.14666666666666667 842 842 
0.5 0.8333333333333334 0.15333333333333332 871 871 
0.5 0.8333333333333334 0.16 810 810 
0.5 0.8333333333333334 0.16666666666666666 802 802 
0.5 0.8333333333333334 0.17333333333333334 826 826 
0.5 0.8333333333333334 0.18 863 863 
0.5 0.8333333333333334 0.18666666666666668 803 803 
0.5 0.8333333333333334 0.19333333333333333 870 870 
0.5 0.8333333333333334 0.2 832 832 
0.5 0.8333333333333334 0.20666666666666667 815 815 
0.5 0.8333333333333334 0.21333333333333335 818 818 
0.5 0.8333333333333334 0.22 859 859 
0.5 0.8333333333333334 0.22666666666666666 798 798 
0.5 0.8333333333333334 0.23333333333333334 810 810 
0.5 0.8333333333333334 0.24 786 786 
0.5 0.8333333333333334 0.24666666666666667 827 827 
0.5 0.8333333333333334 0.25333333333333335 815 815 
0.5 0.8333333333333334 0.26 856 856 
0.5 0.8333333333333334 0.26666666666666666 787 787 
0.5 0.8333333333333334 0.2733333333333333 809 809 
0.5 0.8333333333333334 0.28 818 818 
0.5 0.8333333333333334 0.2866666666666667 859 859 
0.5 0.8333333333333334 0.29333333333333333 819 819 
0.5 0.8333333333333334 0.3 863 863 
0.5 0.8333333333333334 0.30666666666666664 791 791 
0.5 0.8333333333333334 0.31333333333333335 811 811 
0.5 0.8333333333333334 0.32 771 771 
0.5 0.8333333333333334 0.32666666666666666 803 803 
0.5 0.8333333333333334 0.3333333333333333 863 863 
0.5 0.8333333333333334 0.34 854 854 
0.5 0.8333333333333334 0.3466666666666667 806 806 
0.5 0.8333333333333334 0.35333333333333333 808 808 
0.5 0.8333333333333334 0.36 832 832 
0.5 0.8333333333333334 0.36666666666666664 805 805 
0.5 0.8333333333333334 0.37333333333333335 823 823 
0.5 0.8333333333333334 0.38 863 863 
0.5 0.8333333333333334 0.38666666666666666 871 871 
0.5 0.8333333333333334 0.3933333333333333 855 855 
0.5 0.8333333333333334 0.4 819 819 
0.5 0.8333333333333334 0.4066666666666667 871 871 
0.5 0.8333333333333334 0.41333333333333333 816 816 
0.5 0.8333333333333334 0.42 887 887 
0.5 0.8333333333333334 0.4266666666666667 853 853 
0.5 0.8333333333333334 0.43333333333333335 838 838 
0.5 0.8333333333333334 0.44 810 810 
0.5 0.8333333333333334 0.44666666666666666 784 784 
0.5 0.8333333333333334 0.4533333333333333 788 788 
0.5 0.8333333333333334 0.46 831 831 
0.5 0.8333333333333334 0.4666666666666667 818 818 
0.5 0.8333333333333334 0.47333333333333333 819 819 
0.5 0.8333333333333334 0.48 834 834 
0.5 0.8333333333333334 0.4866666666666667 866 866 
0.5 0.8333333333333334 0.49333333333333335 797 797 
0.5 0.8333333333333334 0.5 854 854 
0.5 0.8333333333333334 0.5066666666666667 786 786 
0.5 0.8333333333333334 0.5133333333333333 862 862 
0.5 0.8333333333333334 0.52 871 871 
0.5 0.8333333333333334 0.5266666666666666 797 797 
0.5 0.8333333333333334 0.5333333333333333 868 868 
0.5 0.8333333333333334 0.54 782 782 
0.5 0.8333333333333334 0.5466666666666666 839 839 
0.5 0.8333333333333334 0.5533333333333333 818 818 
0.5 0.8333333333333334 0.56 824 824 
0.5 0.8333333333333334 0.5666666666666667 802 802 
0.5 0.8333333333333334 0.5733333333333334 863 863 
0.5 0.8333333333333334 0.58 800 800 
0.5 0.8333333333333334 0.5866666666666667 778 778 
0.5 0.8333333333333334 0.5933333333333334 835 835 
0.5 0.8333333333333334 0.6 821 821 
0.5 0.8333333333333334 0.6066666666666667 813 813 
0.5 0.8333333333333334 0.6133333333333333 871 871 
0.5 0.8333333333333334 0.62 807 807 
0.5 0.8333333333333334 0.6266666666666667 841 841 
0.5 0.8333333333333334 0.6333333333333333 818 818 
0.5 0.8333333333333334 0.64 779 779 
0.5 0.8333333333333334 0.6466666666666666 834 834 
0.5 0.8333333333333334 0.6533333333333333 826 826 
0.5 0.8333333333333334 0.66 819 819 
0.5 0.8333333333333334 0.6666666666666666 803 803 
0.5 0.8333333333333334 0.6733333333333333 854 854 
0.5 0.8333333333333334 0.68 842 842 
0.5 0.8333333333333334 0.6866666666666666 808 808 
0.5 0.8333333333333334 0.6933333333333334 815 815 
0.5 0.8333333333333334 0.7 863 863 
0.5 0.8333333333333334 0.7066666666666667 858 858 
0.5 0.8333333333333334 0.7133333333333334 826 826 
0.5 0.8333333333333334 0.72 785 785 
0.5 0.8333333333333334 0.7266666666666667 866 866 
0.5 0.8333333333333334 0.7333333333333333 812 812 
0.5 0.8333333333333334 0.74 882 882 
0.5 0.8333333333333334 0.7466666666666667 856 856 
0.5 0.8333333333333334 0.7533333333333333 848 848 
0.5 0.8333333333333334 0.76 854 854 
0.5 0.8333333333333334 0.7666666666666667 845 845 
0.5 0.8333333333333334 0.7733333333333333 834 834 
0.5 0.8333333333333334 0.78 800 800 
0.5 0.8333333333333334 0.7866666666666666 813 813 
0.5 0.8333333333333334 0.7933333333333333 835 835 
0.5 0.8333333333333334 0.8 844 844 
0.5 0.8333333333333334 0.8066666666666666 857 857 
0.5 0.8333333333333334 0.8133333333333334 862 862 
0.5 0.8333333333333334 0.82 841 841 
0.5 0.8333333333333334 0.8266666666666667 828 828 
0.5 0.8333333333333334 0.8333333333333334 862 862 
0.5 0.8333333333333334 0.84 798 798 
0.5 0.8333333333333334 0.8466666666666667 861 861 
0.5 0.8333333333333334 0.8533333333333334 807 807 
0.5 0.8333333333333334 0.86 850 850 
0.5 0.8333333333333334 0.8666666666666667 858 858 
0.5 0.8333333333333334 0.8733333333333333 887 887 
0.5 0.8333333333333334 0.88 859 859 
0.5 0.8333333333333334 0.8866666666666667 852 852 
0.5 0.8333333333333334 0.8933333333333333 829 829 
0.5 0.8333333333333334 0.9 822 822 
0.5 0.8333333333333334 0.9066666666666666 865 865 
0.5 0.8333333333333334 0.9133333333333333 849 849 
0.5 0.8333333333333334 0.92 821 821 
0.5 0.8333333333333334 0.9266666666666666 851 851 
0.5 0.8333333333333334 0.9333333333333333 841 841 
0.5 0.8333333333333334 0.94 864 864 
0.5 0.8333333333333334 0.9466666666666667 909 909 
0.5 0.8333333333333334 0.9533333333333334 787 787 
0.5 0.8333333333333334 0.96 951 951 
0.5 0.8333333333333334 0.9666666666666667 689 689 
0.5 0.8333333333333334 0.9733333333333334 739 739 
0.5 0.8333333333333334 0.98 1374 1374 
0.5 0.8333333333333334 0.9866666666666667 0 0 
0.5 0.8333333333333334 0.9933333333333333 0 0 
0.5 0.84 0.0 0 0 
0.5 0.84 0.006666666666666667 0 0 
0.5 0.84 0.013333333333333334 1314 1314 
0.5 0.84 0.02 678 678 
0.5 0.84 0.02666666666666667 719 719 
0.5 0.84 0.03333333333333333 1013 1013 
0.5 0.84 0.04 800 800 
0.5 0.84 0.04666666666666667 906 906 
0.5 0.84 0.05333333333333334 819 819 
0.5 0.84 0.06 814 814 
0.5 0.84 0.06666666666666667 873 873 
0.5 0.84 0.07333333333333333 813 813 
0.5 0.84 0.08 800 800 
0.5 0.84 0.08666666666666667 824 824 
0.5 0.84 0.09333333333333334 818 818 
0.5 0.84 0.1 813 813 
0.5 0.84 0.10666666666666667 843 843 
0.5 0.84 0.11333333333333333 802 802 
0.5 0.84 0.12 804 804 
0.5 0.84 0.12666666666666668 900 900 
0.5 0.84 0.13333333333333333 830 830 
0.5 0.84 0.14 849 849 
0.5 0.84 0.14666666666666667 806 806 
0.5 0.84 0.15333333333333332 826 826 
0.5 0.84 0.16 781 781 
0.5 0.84 0.16666666666666666 853 853 
0.5 0.84 0.17333333333333334 852 852 
0.5 0.84 0.18 841 841 
0.5 0.84 0.18666666666666668 820 820 
0.5 0.84 0.19333333333333333 826 826 
0.5 0.84 0.2 853 853 
0.5 0.84 0.20666666666666667 822 822 
0.5 0.84 0.21333333333333335 812 812 
0.5 0.84 0.22 831 831 
0.5 0.84 0.22666666666666666 788 788 
0.5 0.84 0.23333333333333334 806 806 
0.5 0.84 0.24 827 827 
0.5 0.84 0.24666666666666667 783 783 
0.5 0.84 0.25333333333333335 867 867 
0.5 0.84 0.26 849 849 
0.5 0.84 0.26666666666666666 825 825 
0.5 0.84 0.2733333333333333 814 814 
0.5 0.84 0.28 853 853 
0.5 0.84 0.2866666666666667 811 811 
0.5 0.84 0.29333333333333333 798 798 
0.5 0.84 0.3 816 816 
0.5 0.84 0.30666666666666664 804 804 
0.5 0.84 0.31333333333333335 827 827 
0.5 0.84 0.32 842 842 
0.5 0.84 0.32666666666666666 855 855 
0.5 0.84 0.3333333333333333 820 820 
0.5 0.84 0.34 837 837 
0.5 0.84 0.3466666666666667 846 846 
0.5 0.84 0.35333333333333333 782 782 
0.5 0.84 0.36 855 855 
0.5 0.84 0.36666666666666664 803 803 
0.5 0.84 0.37333333333333335 869 869 
0.5 0.84 0.38 862 862 
0.5 0.84 0.38666666666666666 842 842 
0.5 0.84 0.3933333333333333 889 889 
0.5 0.84 0.4 811 811 
0.5 0.84 0.4066666666666667 879 879 
0.5 0.84 0.41333333333333333 795 795 
0.5 0.84 0.42 794 794 
0.5 0.84 0.4266666666666667 821 821 
0.5 0.84 0.43333333333333335 861 861 
0.5 0.84 0.44 793 793 
0.5 0.84 0.44666666666666666 792 792 
0.5 0.84 0.4533333333333333 868 868 
0.5 0.84 0.46 859 859 
0.5 0.84 0.4666666666666667 823 823 
0.5 0.84 0.47333333333333333 858 858 
0.5 0.84 0.48 859 859 
0.5 0.84 0.4866666666666667 845 845 
0.5 0.84 0.49333333333333335 864 864 
0.5 0.84 0.5 839 839 
0.5 0.84 0.5066666666666667 824 824 
0.5 0.84 0.5133333333333333 811 811 
0.5 0.84 0.52 871 871 
0.5 0.84 0.5266666666666666 802 802 
0.5 0.84 0.5333333333333333 873 873 
0.5 0.84 0.54 808 808 
0.5 0.84 0.5466666666666666 873 873 
0.5 0.84 0.5533333333333333 856 856 
0.5 0.84 0.56 815 815 
0.5 0.84 0.5666666666666667 837 837 
0.5 0.84 0.5733333333333334 855 855 
0.5 0.84 0.58 822 822 
0.5 0.84 0.5866666666666667 804 804 
0.5 0.84 0.5933333333333334 841 841 
0.5 0.84 0.6 821 821 
0.5 0.84 0.6066666666666667 846 846 
0.5 0.84 0.6133333333333333 842 842 
0.5 0.84 0.62 854 854 
0.5 0.84 0.6266666666666667 805 805 
0.5 0.84 0.6333333333333333 839 839 
0.5 0.84 0.64 774 774 
0.5 0.84 0.6466666666666666 829 829 
0.5 0.84 0.6533333333333333 829 829 
0.5 0.84 0.66 771 771 
0.5 0.84 0.6666666666666666 824 824 
0.5 0.84 0.6733333333333333 855 855 
0.5 0.84 0.68 797 797 
0.5 0.84 0.6866666666666666 827 827 
0.5 0.84 0.6933333333333334 829 829 
0.5 0.84 0.7 795 795 
0.5 0.84 0.7066666666666667 851 851 
0.5 0.84 0.7133333333333334 840 840 
0.5 0.84 0.72 829 829 
0.5 0.84 0.7266666666666667 814 814 
0.5 0.84 0.7333333333333333 826 826 
0.5 0.84 0.74 777 777 
0.5 0.84 0.7466666666666667 824 824 
0.5 0.84 0.7533333333333333 866 866 
0.5 0.84 0.76 877 877 
0.5 0.84 0.7666666666666667 813 813 
0.5 0.84 0.7733333333333333 812 812 
0.5 0.84 0.78 853 853 
0.5 0.84 0.7866666666666666 793 793 
0.5 0.84 0.7933333333333333 870 870 
0.5 0.84 0.8 856 856 
0.5 0.84 0.8066666666666666 793 793 
0.5 0.84 0.8133333333333334 814 814 
0.5 0.84 0.82 816 816 
0.5 0.84 0.8266666666666667 883 883 
0.5 0.84 0.8333333333333334 825 825 
0.5 0.84 0.84 836 836 
0.5 0.84 0.8466666666666667 799 799 
0.5 0.84 0.8533333333333334 873 873 
0.5 0.84 0.86 794 794 
0.5 0.84 0.8666666666666667 837 837 
0.5 0.84 0.8733333333333333 827 827 
0.5 0.84 0.88 881 881 
0.5 0.84 0.8866666666666667 863 863 
0.5 0.84 0.8933333333333333 914 914 
0.5 0.84 0.9 861 861 
0.5 0.84 0.9066666666666666 810 810 
0.5 0.84 0.9133333333333333 862 862 
0.5 0.84 0.92 888 888 
0.5 0.84 0.9266666666666666 868 868 
0.5 0.84 0.9333333333333333 815 815 
0.5 0.84 0.94 824 824 
0.5 0.84 0.9466666666666667 936 936 
0.5 0.84 0.9533333333333334 786 786 
0.5 0.84 0.96 954 954 
0.5 0.84 0.9666666666666667 760 760 
0.5 0.84 0.9733333333333334 661 661 
0.5 0.84 0.98 1409 1409 
0.5 0.84 0.9866666666666667 0 0 
0.5 0.84 0.9933333333333333 0 0 
0.5 0.8466666666666667 0.0 0 0 
0.5 0.8466666666666667 0.006666666666666667 0 0 
0.5 0.8466666666666667 0.013333333333333334 1333 1333 
0.5 0.8466666666666667 0.02 672 672 
0.5 0.8466666666666667 0.02666666666666667 726 726 
0.5 0.8466666666666667 0.03333333333333333 995 995 
0.5 0.8466666666666667 0.04 815 815 
0.5 0.8466666666666667 0.04666666666666667 886 886 
0.5 0.8466666666666667 0.05333333333333334 855 855 
0.5 0.8466666666666667 0.06 828 828 
0.5 0.8466666666666667 0.06666666666666667 875 875 
0.5 0.8466666666666667 0.07333333333333333 829 829 
0.5 0.8466666666666667 0.08 858 858 
0.5 0.8466666666666667 0.08666666666666667 843 843 
0.5 0.8466666666666667 0.09333333333333334 893 893 
0.5 0.8466666666666667 0.1 848 848 
0.5 0.8466666666666667 0.10666666666666667 783 783 
0.5 0.8466666666666667 0.11333333333333333 808 808 
0.5 0.8466666666666667 0.12 822 822 
0.5 0.8466666666666667 0.12666666666666668 849 849 
0.5 0.8466666666666667 0.13333333333333333 850 850 
0.5 0.8466666666666667 0.14 850 850 
0.5 0.8466666666666667 0.14666666666666667 821 821 
0.5 0.8466666666666667 0.15333333333333332 800 800 
0.5 0.8466666666666667 0.16 838 838 
0.5 0.8466666666666667 0.16666666666666666 863 863 
0.5 0.8466666666666667 0.17333333333333334 842 842 
0.5 0.8466666666666667 0.18 812 812 
0.5 0.8466666666666667 0.18666666666666668 823 823 
0.5 0.8466666666666667 0.19333333333333333 833 833 
0.5 0.8466666666666667 0.2 832 832 
0.5 0.8466666666666667 0.20666666666666667 874 874 
0.5 0.8466666666666667 0.21333333333333335 757 757 
0.5 0.8466666666666667 0.22 805 805 
0.5 0.8466666666666667 0.22666666666666666 825 825 
0.5 0.8466666666666667 0.23333333333333334 823 823 
0.5 0.8466666666666667 0.24 819 819 
0.5 0.8466666666666667 0.24666666666666667 841 841 
0.5 0.8466666666666667 0.25333333333333335 795 795 
0.5 0.8466666666666667 0.26 838 838 
0.5 0.8466666666666667 0.26666666666666666 828 828 
0.5 0.8466666666666667 0.2733333333333333 824 824 
0.5 0.8466666666666667 0.28 810 810 
0.5 0.8466666666666667 0.2866666666666667 889 889 
0.5 0.8466666666666667 0.29333333333333333 829 829 
0.5 0.8466666666666667 0.3 820 820 
0.5 0.8466666666666667 0.30666666666666664 813 813 
0.5 0.8466666666666667 0.31333333333333335 806 806 
0.5 0.8466666666666667 0.32 791 791 
0.5 0.8466666666666667 0.32666666666666666 790 790 
0.5 0.8466666666666667 0.3333333333333333 817 817 
0.5 0.8466666666666667 0.34 844 844 
0.5 0.8466666666666667 0.3466666666666667 835 835 
0.5 0.8466666666666667 0.35333333333333333 794 794 
0.5 0.8466666666666667 0.36 829 829 
0.5 0.8466666666666667 0.36666666666666664 859 859 
0.5 0.8466666666666667 0.37333333333333335 791 791 
0.5 0.8466666666666667 0.38 851 851 
0.5 0.8466666666666667 0.38666666666666666 853 853 
0.5 0.8466666666666667 0.3933333333333333 835 835 
0.5 0.8466666666666667 0.4 804 804 
0.5 0.8466666666666667 0.4066666666666667 814 814 
0.5 0.8466666666666667 0.41333333333333333 839 839 
0.5 0.8466666666666667 0.42 810 810 
0.5 0.8466666666666667 0.4266666666666667 860 860 
0.5 0.8466666666666667 0.43333333333333335 855 855 
0.5 0.8466666666666667 0.44 871 871 
0.5 0.8466666666666667 0.44666666666666666 892 892 
0.5 0.8466666666666667 0.4533333333333333 801 801 
0.5 0.8466666666666667 0.46 808 808 
0.5 0.8466666666666667 0.4666666666666667 838 838 
0.5 0.8466666666666667 0.47333333333333333 834 834 
0.5 0.8466666666666667 0.48 828 828 
0.5 0.8466666666666667 0.4866666666666667 831 831 
0.5 0.8466666666666667 0.49333333333333335 878 878 
0.5 0.8466666666666667 0.5 779 779 
0.5 0.8466666666666667 0.5066666666666667 919 919 
0.5 0.8466666666666667 0.5133333333333333 788 788 
0.5 0.8466666666666667 0.52 863 863 
0.5 0.8466666666666667 0.5266666666666666 770 770 
0.5 0.8466666666666667 0.5333333333333333 897 897 
0.5 0.8466666666666667 0.54 802 802 
0.5 0.8466666666666667 0.5466666666666666 836 836 
0.5 0.8466666666666667 0.5533333333333333 841 841 
0.5 0.8466666666666667 0.56 874 874 
0.5 0.8466666666666667 0.5666666666666667 847 847 
0.5 0.8466666666666667 0.5733333333333334 787 787 
0.5 0.8466666666666667 0.58 900 900 
0.5 0.8466666666666667 0.5866666666666667 810 810 
0.5 0.8466666666666667 0.5933333333333334 843 843 
0.5 0.8466666666666667 0.6 769 769 
0.5 0.8466666666666667 0.6066666666666667 799 799 
0.5 0.8466666666666667 0.6133333333333333 862 862 
0.5 0.8466666666666667 0.62 859 859 
0.5 0.8466666666666667 0.6266666666666667 863 863 
0.5 0.8466666666666667 0.6333333333333333 828 828 
0.5 0.8466666666666667 0.64 828 828 
0.5 0.8466666666666667 0.6466666666666666 837 837 
0.5 0.8466666666666667 0.6533333333333333 811 811 
0.5 0.8466666666666667 0.66 792 792 
0.5 0.8466666666666667 0.6666666666666666 880 880 
0.5 0.8466666666666667 0.6733333333333333 832 832 
0.5 0.8466666666666667 0.68 888 888 
0.5 0.8466666666666667 0.6866666666666666 807 807 
0.5 0.8466666666666667 0.6933333333333334 879 879 
0.5 0.8466666666666667 0.7 890 890 
0.5 0.8466666666666667 0.7066666666666667 823 823 
0.5 0.8466666666666667 0.7133333333333334 829 829 
0.5 0.8466666666666667 0.72 844 844 
0.5 0.8466666666666667 0.7266666666666667 835 835 
0.5 0.8466666666666667 0.7333333333333333 816 816 
0.5 0.8466666666666667 0.74 779 779 
0.5 0.8466666666666667 0.7466666666666667 806 806 
0.5 0.8466666666666667 0.7533333333333333 843 843 
0.5 0.8466666666666667 0.76 882 882 
0.5 0.8466666666666667 0.7666666666666667 816 816 
0.5 0.8466666666666667 0.7733333333333333 794 794 
0.5 0.8466666666666667 0.78 798 798 
0.5 0.8466666666666667 0.7866666666666666 860 860 
0.5 0.8466666666666667 0.7933333333333333 813 813 
0.5 0.8466666666666667 0.8 850 850 
0.5 0.8466666666666667 0.8066666666666666 867 867 
0.5 0.8466666666666667 0.8133333333333334 806 806 
0.5 0.8466666666666667 0.82 882 882 
0.5 0.8466666666666667 0.8266666666666667 805 805 
0.5 0.8466666666666667 0.8333333333333334 847 847 
0.5 0.8466666666666667 0.84 812 812 
0.5 0.8466666666666667 0.8466666666666667 877 877 
0.5 0.8466666666666667 0.8533333333333334 795 795 
0.5 0.8466666666666667 0.86 880 880 
0.5 0.8466666666666667 0.8666666666666667 865 865 
0.5 0.8466666666666667 0.8733333333333333 792 792 
0.5 0.8466666666666667 0.88 767 767 
0.5 0.8466666666666667 0.8866666666666667 821 821 
0.5 0.8466666666666667 0.8933333333333333 820 820 
0.5 0.8466666666666667 0.9 826 826 
0.5 0.8466666666666667 0.9066666666666666 790 790 
0.5 0.8466666666666667 0.9133333333333333 843 843 
0.5 0.8466666666666667 0.92 822 822 
0.5 0.8466666666666667 0.9266666666666666 781 781 
0.5 0.8466666666666667 0.9333333333333333 864 864 
0.5 0.8466666666666667 0.94 892 892 
0.5 0.8466666666666667 0.9466666666666667 853 853 
0.5 0.8466666666666667 0.9533333333333334 778 778 
0.5 0.8466666666666667 0.96 975 975 
0.5 0.8466666666666667 0.9666666666666667 768 768 
0.5 0.8466666666666667 0.9733333333333334 661 661 
0.5 0.8466666666666667 0.98 1362 1362 
0.5 0.8466666666666667 0.9866666666666667 0 0 
0.5 0.8466666666666667 0.9933333333333333 0 0 
0.5 0.8533333333333334 0.0 0 0 
0.5 0.8533333333333334 0.006666666666666667 0 0 
0.5 0.8533333333333334 0.013333333333333334 1374 1374 
0.5 0.8533333333333334 0.02 676 676 
0.5 0.8533333333333334 0.02666666666666667 775 775 
0.5 0.8533333333333334 0.03333333333333333 1019 1019 
0.5 0.8533333333333334 0.04 779 779 
0.5 0.8533333333333334 0.04666666666666667 902 902 
0.5 0.8533333333333334 0.05333333333333334 882 882 
0.5 0.8533333333333334 0.06 866 866 
0.5 0.8533333333333334 0.06666666666666667 838 838 
0.5 0.8533333333333334 0.07333333333333333 846 846 
0.5 0.8533333333333334 0.08 851 851 
0.5 0.8533333333333334 0.08666666666666667 821 821 
0.5 0.8533333333333334 0.09333333333333334 843 843 
0.5 0.8533333333333334 0.1 813 813 
0.5 0.8533333333333334 0.10666666666666667 827 827 
0.5 0.8533333333333334 0.11333333333333333 795 795 
0.5 0.8533333333333334 0.12 805 805 
0.5 0.8533333333333334 0.12666666666666668 853 853 
0.5 0.8533333333333334 0.13333333333333333 832 832 
0.5 0.8533333333333334 0.14 817 817 
0.5 0.8533333333333334 0.14666666666666667 802 802 
0.5 0.8533333333333334 0.15333333333333332 829 829 
0.5 0.8533333333333334 0.16 868 868 
0.5 0.8533333333333334 0.16666666666666666 789 789 
0.5 0.8533333333333334 0.17333333333333334 852 852 
0.5 0.8533333333333334 0.18 852 852 
0.5 0.8533333333333334 0.18666666666666668 821 821 
0.5 0.8533333333333334 0.19333333333333333 849 849 
0.5 0.8533333333333334 0.2 834 834 
0.5 0.8533333333333334 0.20666666666666667 836 836 
0.5 0.8533333333333334 0.21333333333333335 808 808 
0.5 0.8533333333333334 0.22 837 837 
0.5 0.8533333333333334 0.22666666666666666 816 816 
0.5 0.8533333333333334 0.23333333333333334 853 853 
0.5 0.8533333333333334 0.24 796 796 
0.5 0.8533333333333334 0.24666666666666667 752 752 
0.5 0.8533333333333334 0.25333333333333335 842 842 
0.5 0.8533333333333334 0.26 812 812 
0.5 0.8533333333333334 0.26666666666666666 826 826 
0.5 0.8533333333333334 0.2733333333333333 822 822 
0.5 0.8533333333333334 0.28 832 832 
0.5 0.8533333333333334 0.2866666666666667 823 823 
0.5 0.8533333333333334 0.29333333333333333 791 791 
0.5 0.8533333333333334 0.3 794 794 
0.5 0.8533333333333334 0.30666666666666664 827 827 
0.5 0.8533333333333334 0.31333333333333335 863 863 
0.5 0.8533333333333334 0.32 825 825 
0.5 0.8533333333333334 0.32666666666666666 799 799 
0.5 0.8533333333333334 0.3333333333333333 828 828 
0.5 0.8533333333333334 0.34 858 858 
0.5 0.8533333333333334 0.3466666666666667 850 850 
0.5 0.8533333333333334 0.35333333333333333 842 842 
0.5 0.8533333333333334 0.36 898 898 
0.5 0.8533333333333334 0.36666666666666664 865 865 
0.5 0.8533333333333334 0.37333333333333335 842 842 
0.5 0.8533333333333334 0.38 839 839 
0.5 0.8533333333333334 0.38666666666666666 812 812 
0.5 0.8533333333333334 0.3933333333333333 831 831 
0.5 0.8533333333333334 0.4 836 836 
0.5 0.8533333333333334 0.4066666666666667 821 821 
0.5 0.8533333333333334 0.41333333333333333 851 851 
0.5 0.8533333333333334 0.42 817 817 
0.5 0.8533333333333334 0.4266666666666667 818 818 
0.5 0.8533333333333334 0.43333333333333335 814 814 
0.5 0.8533333333333334 0.44 817 817 
0.5 0.8533333333333334 0.44666666666666666 860 860 
0.5 0.8533333333333334 0.4533333333333333 817 817 
0.5 0.8533333333333334 0.46 847 847 
0.5 0.8533333333333334 0.4666666666666667 849 849 
0.5 0.8533333333333334 0.47333333333333333 794 794 
0.5 0.8533333333333334 0.48 870 870 
0.5 0.8533333333333334 0.4866666666666667 803 803 
0.5 0.8533333333333334 0.49333333333333335 808 808 
0.5 0.8533333333333334 0.5 830 830 
0.5 0.8533333333333334 0.5066666666666667 865 865 
0.5 0.8533333333333334 0.5133333333333333 872 872 
0.5 0.8533333333333334 0.52 849 849 
0.5 0.8533333333333334 0.5266666666666666 869 869 
0.5 0.8533333333333334 0.5333333333333333 836 836 
0.5 0.8533333333333334 0.54 881 881 
0.5 0.8533333333333334 0.5466666666666666 857 857 
0.5 0.8533333333333334 0.5533333333333333 834 834 
0.5 0.8533333333333334 0.56 853 853 
0.5 0.8533333333333334 0.5666666666666667 896 896 
0.5 0.8533333333333334 0.5733333333333334 862 862 
0.5 0.8533333333333334 0.58 819 819 
0.5 0.8533333333333334 0.5866666666666667 896 896 
0.5 0.8533333333333334 0.5933333333333334 838 838 
0.5 0.8533333333333334 0.6 905 905 
0.5 0.8533333333333334 0.6066666666666667 876 876 
0.5 0.8533333333333334 0.6133333333333333 854 854 
0.5 0.8533333333333334 0.62 840 840 
0.5 0.8533333333333334 0.6266666666666667 857 857 
0.5 0.8533333333333334 0.6333333333333333 858 858 
0.5 0.8533333333333334 0.64 821 821 
0.5 0.8533333333333334 0.6466666666666666 871 871 
0.5 0.8533333333333334 0.6533333333333333 803 803 
0.5 0.8533333333333334 0.66 839 839 
0.5 0.8533333333333334 0.6666666666666666 873 873 
0.5 0.8533333333333334 0.6733333333333333 852 852 
0.5 0.8533333333333334 0.68 833 833 
0.5 0.8533333333333334 0.6866666666666666 836 836 
0.5 0.8533333333333334 0.6933333333333334 893 893 
0.5 0.8533333333333334 0.7 831 831 
0.5 0.8533333333333334 0.7066666666666667 845 845 
0.5 0.8533333333333334 0.7133333333333334 843 843 
0.5 0.8533333333333334 0.72 826 826 
0.5 0.8533333333333334 0.7266666666666667 816 816 
0.5 0.8533333333333334 0.7333333333333333 847 847 
0.5 0.8533333333333334 0.74 844 844 
0.5 0.8533333333333334 0.7466666666666667 774 774 
0.5 0.8533333333333334 0.7533333333333333 843 843 
0.5 0.8533333333333334 0.76 846 846 
0.5 0.8533333333333334 0.7666666666666667 823 823 
0.5 0.8533333333333334 0.7733333333333333 789 789 
0.5 0.8533333333333334 0.78 865 865 
0.5 0.8533333333333334 0.7866666666666666 832 832 
0.5 0.8533333333333334 0.7933333333333333 858 858 
0.5 0.8533333333333334 0.8 823 823 
0.5 0.8533333333333334 0.8066666666666666 835 835 
0.5 0.8533333333333334 0.8133333333333334 835 835 
0.5 0.8533333333333334 0.82 837 837 
0.5 0.8533333333333334 0.8266666666666667 895 895 
0.5 0.8533333333333334 0.8333333333333334 825 825 
0.5 0.8533333333333334 0.84 790 790 
0.5 0.8533333333333334 0.8466666666666667 796 796 
0.5 0.8533333333333334 0.8533333333333334 842 842 
0.5 0.8533333333333334 0.86 785 785 
0.5 0.8533333333333334 0.8666666666666667 786 786 
0.5 0.8533333333333334 0.8733333333333333 805 805 
0.5 0.8533333333333334 0.88 791 791 
0.5 0.8533333333333334 0.8866666666666667 773 773 
0.5 0.8533333333333334 0.8933333333333333 804 804 
0.5 0.8533333333333334 0.9 846 846 
0.5 0.8533333333333334 0.9066666666666666 847 847 
0.5 0.8533333333333334 0.9133333333333333 839 839 
0.5 0.8533333333333334 0.92 848 848 
0.5 0.8533333333333334 0.9266666666666666 833 833 
0.5 0.8533333333333334 0.9333333333333333 855 855 
0.5 0.8533333333333334 0.94 828 828 
0.5 0.8533333333333334 0.9466666666666667 896 896 
0.5 0.8533333333333334 0.9533333333333334 769 769 
0.5 0.8533333333333334 0.96 952 952 
0.5 0.8533333333333334 0.9666666666666667 740 740 
0.5 0.8533333333333334 0.9733333333333334 685 685 
0.5 0.8533333333333334 0.98 1269 1269 
0.5 0.8533333333333334 0.9866666666666667 0 0 
0.5 0.8533333333333334 0.9933333333333333 0 0 
0.5 0.86 0.0 0 0 
0.5 0.86 0.006666666666666667 0 0 
0.5 0.86 0.013333333333333334 1325 1325 
0.5 0.86 0.02 696 696 
0.5 0.86 0.02666666666666667 775 775 
0.5 0.86 0.03333333333333333 1041 1041 
0.5 0.86 0.04 842 842 
0.5 0.86 0.04666666666666667 931 931 
0.5 0.86 0.05333333333333334 828 828 
0.5 0.86 0.06 871 871 
0.5 0.86 0.06666666666666667 879 879 
0.5 0.86 0.07333333333333333 807 807 
0.5 0.86 0.08 836 836 
0.5 0.86 0.08666666666666667 841 841 
0.5 0.86 0.09333333333333334 882 882 
0.5 0.86 0.1 848 848 
0.5 0.86 0.10666666666666667 850 850 
0.5 0.86 0.11333333333333333 836 836 
0.5 0.86 0.12 806 806 
0.5 0.86 0.12666666666666668 859 859 
0.5 0.86 0.13333333333333333 808 808 
0.5 0.86 0.14 840 840 
0.5 0.86 0.14666666666666667 848 848 
0.5 0.86 0.15333333333333332 831 831 
0.5 0.86 0.16 842 842 
0.5 0.86 0.16666666666666666 843 843 
0.5 0.86 0.17333333333333334 833 833 
0.5 0.86 0.18 839 839 
0.5 0.86 0.18666666666666668 841 841 
0.5 0.86 0.19333333333333333 773 773 
0.5 0.86 0.2 825 825 
0.5 0.86 0.20666666666666667 838 838 
0.5 0.86 0.21333333333333335 820 820 
0.5 0.86 0.22 823 823 
0.5 0.86 0.22666666666666666 866 866 
0.5 0.86 0.23333333333333334 864 864 
0.5 0.86 0.24 850 850 
0.5 0.86 0.24666666666666667 845 845 
0.5 0.86 0.25333333333333335 852 852 
0.5 0.86 0.26 844 844 
0.5 0.86 0.26666666666666666 830 830 
0.5 0.86 0.2733333333333333 814 814 
0.5 0.86 0.28 890 890 
0.5 0.86 0.2866666666666667 765 765 
0.5 0.86 0.29333333333333333 824 824 
0.5 0.86 0.3 780 780 
0.5 0.86 0.30666666666666664 794 794 
0.5 0.86 0.31333333333333335 821 821 
0.5 0.86 0.32 840 840 
0.5 0.86 0.32666666666666666 805 805 
0.5 0.86 0.3333333333333333 849 849 
0.5 0.86 0.34 872 872 
0.5 0.86 0.3466666666666667 805 805 
0.5 0.86 0.35333333333333333 835 835 
0.5 0.86 0.36 880 880 
0.5 0.86 0.36666666666666664 846 846 
0.5 0.86 0.37333333333333335 839 839 
0.5 0.86 0.38 850 850 
0.5 0.86 0.38666666666666666 786 786 
0.5 0.86 0.3933333333333333 833 833 
0.5 0.86 0.4 843 843 
0.5 0.86 0.4066666666666667 806 806 
0.5 0.86 0.41333333333333333 865 865 
0.5 0.86 0.42 866 866 
0.5 0.86 0.4266666666666667 862 862 
0.5 0.86 0.43333333333333335 848 848 
0.5 0.86 0.44 854 854 
0.5 0.86 0.44666666666666666 853 853 
0.5 0.86 0.4533333333333333 840 840 
0.5 0.86 0.46 830 830 
0.5 0.86 0.4666666666666667 836 836 
0.5 0.86 0.47333333333333333 818 818 
0.5 0.86 0.48 805 805 
0.5 0.86 0.4866666666666667 802 802 
0.5 0.86 0.49333333333333335 864 864 
0.5 0.86 0.5 821 821 
0.5 0.86 0.5066666666666667 874 874 
0.5 0.86 0.5133333333333333 901 901 
0.5 0.86 0.52 827 827 
0.5 0.86 0.5266666666666666 823 823 
0.5 0.86 0.5333333333333333 848 848 
0.5 0.86 0.54 799 799 
0.5 0.86 0.5466666666666666 831 831 
0.5 0.86 0.5533333333333333 818 818 
0.5 0.86 0.56 817 817 
0.5 0.86 0.5666666666666667 837 837 
0.5 0.86 0.5733333333333334 819 819 
0.5 0.86 0.58 808 808 
0.5 0.86 0.5866666666666667 872 872 
0.5 0.86 0.5933333333333334 897 897 
0.5 0.86 0.6 832 832 
0.5 0.86 0.6066666666666667 907 907 
0.5 0.86 0.6133333333333333 835 835 
0.5 0.86 0.62 822 822 
0.5 0.86 0.6266666666666667 839 839 
0.5 0.86 0.6333333333333333 875 875 
0.5 0.86 0.64 779 779 
0.5 0.86 0.6466666666666666 842 842 
0.5 0.86 0.6533333333333333 861 861 
0.5 0.86 0.66 881 881 
0.5 0.86 0.6666666666666666 830 830 
0.5 0.86 0.6733333333333333 837 837 
0.5 0.86 0.68 815 815 
0.5 0.86 0.6866666666666666 864 864 
0.5 0.86 0.6933333333333334 878 878 
0.5 0.86 0.7 800 800 
0.5 0.86 0.7066666666666667 794 794 
0.5 0.86 0.7133333333333334 865 865 
0.5 0.86 0.72 868 868 
0.5 0.86 0.7266666666666667 830 830 
0.5 0.86 0.7333333333333333 858 858 
0.5 0.86 0.74 823 823 
0.5 0.86 0.7466666666666667 863 863 
0.5 0.86 0.7533333333333333 834 834 
0.5 0.86 0.76 835 835 
0.5 0.86 0.7666666666666667 809 809 
0.5 0.86 0.7733333333333333 857 857 
0.5 0.86 0.78 804 804 
0.5 0.86 0.7866666666666666 822 822 
0.5 0.86 0.7933333333333333 805 805 
0.5 0.86 0.8 826 826 
0.5 0.86 0.8066666666666666 822 822 
0.5 0.86 0.8133333333333334 852 852 
0.5 0.86 0.82 825 825 
0.5 0.86 0.8266666666666667 827 827 
0.5 0.86 0.8333333333333334 814 814 
0.5 0.86 0.84 789 789 
0.5 0.86 0.8466666666666667 845 845 
0.5 0.86 0.8533333333333334 765 765 
0.5 0.86 0.86 830 830 
0.5 0.86 0.8666666666666667 824 824 
0.5 0.86 0.8733333333333333 837 837 
0.5 0.86 0.88 786 786 
0.5 0.86 0.8866666666666667 814 814 
0.5 0.86 0.8933333333333333 796 796 
0.5 0.86 0.9 844 844 
0.5 0.86 0.9066666666666666 819 819 
0.5 0.86 0.9133333333333333 800 800 
0.5 0.86 0.92 846 846 
0.5 0.86 0.9266666666666666 852 852 
0.5 0.86 0.9333333333333333 839 839 
0.5 0.86 0.94 841 841 
0.5 0.86 0.9466666666666667 857 857 
0.5 0.86 0.9533333333333334 790 790 
0.5 0.86 0.96 966 966 
0.5 0.86 0.9666666666666667 723 723 
0.5 0.86 0.9733333333333334 740 740 
0.5 0.86 0.98 1313 1313 
0.5 0.86 0.9866666666666667 0 0 
0.5 0.86 0.9933333333333333 0 0 
0.5 0.8666666666666667 0.0 0 0 
0.5 0.8666666666666667 0.006666666666666667 0 0 
0.5 0.8666666666666667 0.013333333333333334 1374 1374 
0.5 0.8666666666666667 0.02 694 694 
0.5 0.8666666666666667 0.02666666666666667 769 769 
0.5 0.8666666666666667 0.03333333333333333 1004 1004 
0.5 0.8666666666666667 0.04 782 782 
0.5 0.8666666666666667 0.04666666666666667 873 873 
0.5 0.8666666666666667 0.05333333333333334 872 872 
0.5 0.8666666666666667 0.06 821 821 
0.5 0.8666666666666667 0.06666666666666667 857 857 
0.5 0.8666666666666667 0.07333333333333333 852 852 
0.5 0.8666666666666667 0.08 880 880 
0.5 0.8666666666666667 0.08666666666666667 811 811 
0.5 0.8666666666666667 0.09333333333333334 865 865 
0.5 0.8666666666666667 0.1 833 833 
0.5 0.8666666666666667 0.10666666666666667 833 833 
0.5 0.8666666666666667 0.11333333333333333 850 850 
0.5 0.8666666666666667 0.12 830 830 
0.5 0.8666666666666667 0.12666666666666668 797 797 
0.5 0.8666666666666667 0.13333333333333333 805 805 
0.5 0.8666666666666667 0.14 789 789 
0.5 0.8666666666666667 0.14666666666666667 772 772 
0.5 0.8666666666666667 0.15333333333333332 820 820 
0.5 0.8666666666666667 0.16 872 872 
0.5 0.8666666666666667 0.16666666666666666 806 806 
0.5 0.8666666666666667 0.17333333333333334 841 841 
0.5 0.8666666666666667 0.18 842 842 
0.5 0.8666666666666667 0.18666666666666668 867 867 
0.5 0.8666666666666667 0.19333333333333333 829 829 
0.5 0.8666666666666667 0.2 847 847 
0.5 0.8666666666666667 0.20666666666666667 796 796 
0.5 0.8666666666666667 0.21333333333333335 882 882 
0.5 0.8666666666666667 0.22 774 774 
0.5 0.8666666666666667 0.22666666666666666 850 850 
0.5 0.8666666666666667 0.23333333333333334 880 880 
0.5 0.8666666666666667 0.24 817 817 
0.5 0.8666666666666667 0.24666666666666667 903 903 
0.5 0.8666666666666667 0.25333333333333335 880 880 
0.5 0.8666666666666667 0.26 803 803 
0.5 0.8666666666666667 0.26666666666666666 845 845 
0.5 0.8666666666666667 0.2733333333333333 839 839 
0.5 0.8666666666666667 0.28 823 823 
0.5 0.8666666666666667 0.2866666666666667 830 830 
0.5 0.8666666666666667 0.29333333333333333 795 795 
0.5 0.8666666666666667 0.3 823 823 
0.5 0.8666666666666667 0.30666666666666664 828 828 
0.5 0.8666666666666667 0.31333333333333335 843 843 
0.5 0.8666666666666667 0.32 796 796 
0.5 0.8666666666666667 0.32666666666666666 861 861 
0.5 0.8666666666666667 0.3333333333333333 857 857 
0.5 0.8666666666666667 0.34 856 856 
0.5 0.8666666666666667 0.3466666666666667 883 883 
0.5 0.8666666666666667 0.35333333333333333 832 832 
0.5 0.8666666666666667 0.36 842 842 
0.5 0.8666666666666667 0.36666666666666664 845 845 
0.5 0.8666666666666667 0.37333333333333335 838 838 
0.5 0.8666666666666667 0.38 826 826 
0.5 0.8666666666666667 0.38666666666666666 823 823 
0.5 0.8666666666666667 0.3933333333333333 862 862 
0.5 0.8666666666666667 0.4 823 823 
0.5 0.8666666666666667 0.4066666666666667 869 869 
0.5 0.8666666666666667 0.41333333333333333 838 838 
0.5 0.8666666666666667 0.42 888 888 
0.5 0.8666666666666667 0.4266666666666667 836 836 
0.5 0.8666666666666667 0.43333333333333335 793 793 
0.5 0.8666666666666667 0.44 844 844 
0.5 0.8666666666666667 0.44666666666666666 846 846 
0.5 0.8666666666666667 0.4533333333333333 888 888 
0.5 0.8666666666666667 0.46 820 820 
0.5 0.8666666666666667 0.4666666666666667 807 807 
0.5 0.8666666666666667 0.47333333333333333 849 849 
0.5 0.8666666666666667 0.48 824 824 
0.5 0.8666666666666667 0.4866666666666667 853 853 
0.5 0.8666666666666667 0.49333333333333335 819 819 
0.5 0.8666666666666667 0.5 811 811 
0.5 0.8666666666666667 0.5066666666666667 842 842 
0.5 0.8666666666666667 0.5133333333333333 844 844 
0.5 0.8666666666666667 0.52 850 850 
0.5 0.8666666666666667 0.5266666666666666 808 808 
0.5 0.8666666666666667 0.5333333333333333 850 850 
0.5 0.8666666666666667 0.54 863 863 
0.5 0.8666666666666667 0.5466666666666666 846 846 
0.5 0.8666666666666667 0.5533333333333333 769 769 
0.5 0.8666666666666667 0.56 859 859 
0.5 0.8666666666666667 0.5666666666666667 857 857 
0.5 0.8666666666666667 0.5733333333333334 852 852 
0.5 0.8666666666666667 0.58 839 839 
0.5 0.8666666666666667 0.5866666666666667 793 793 
0.5 0.8666666666666667 0.5933333333333334 827 827 
0.5 0.8666666666666667 0.6 804 804 
0.5 0.8666666666666667 0.6066666666666667 856 856 
0.5 0.8666666666666667 0.6133333333333333 859 859 
0.5 0.8666666666666667 0.62 826 826 
0.5 0.8666666666666667 0.6266666666666667 872 872 
0.5 0.8666666666666667 0.6333333333333333 832 832 
0.5 0.8666666666666667 0.64 812 812 
0.5 0.8666666666666667 0.6466666666666666 863 863 
0.5 0.8666666666666667 0.6533333333333333 841 841 
0.5 0.8666666666666667 0.66 834 834 
0.5 0.8666666666666667 0.6666666666666666 787 787 
0.5 0.8666666666666667 0.6733333333333333 849 849 
0.5 0.8666666666666667 0.68 835 835 
0.5 0.8666666666666667 0.6866666666666666 814 814 
0.5 0.8666666666666667 0.6933333333333334 808 808 
0.5 0.8666666666666667 0.7 840 840 
0.5 0.8666666666666667 0.7066666666666667 800 800 
0.5 0.8666666666666667 0.7133333333333334 825 825 
0.5 0.8666666666666667 0.72 823 823 
0.5 0.8666666666666667 0.7266666666666667 816 816 
0.5 0.8666666666666667 0.7333333333333333 838 838 
0.5 0.8666666666666667 0.74 837 837 
0.5 0.8666666666666667 0.7466666666666667 859 859 
0.5 0.8666666666666667 0.7533333333333333 802 802 
0.5 0.8666666666666667 0.76 829 829 
0.5 0.8666666666666667 0.7666666666666667 795 795 
0.5 0.8666666666666667 0.7733333333333333 810 810 
0.5 0.8666666666666667 0.78 793 793 
0.5 0.8666666666666667 0.7866666666666666 805 805 
0.5 0.8666666666666667 0.7933333333333333 811 811 
0.5 0.8666666666666667 0.8 844 844 
0.5 0.8666666666666667 0.8066666666666666 795 795 
0.5 0.8666666666666667 0.8133333333333334 811 811 
0.5 0.8666666666666667 0.82 845 845 
0.5 0.8666666666666667 0.8266666666666667 829 829 
0.5 0.8666666666666667 0.8333333333333334 880 880 
0.5 0.8666666666666667 0.84 785 785 
0.5 0.8666666666666667 0.8466666666666667 791 791 
0.5 0.8666666666666667 0.8533333333333334 822 822 
0.5 0.8666666666666667 0.86 864 864 
0.5 0.8666666666666667 0.8666666666666667 796 796 
0.5 0.8666666666666667 0.8733333333333333 788 788 
0.5 0.8666666666666667 0.88 799 799 
0.5 0.8666666666666667 0.8866666666666667 782 782 
0.5 0.8666666666666667 0.8933333333333333 840 840 
0.5 0.8666666666666667 0.9 819 819 
0.5 0.8666666666666667 0.9066666666666666 819 819 
0.5 0.8666666666666667 0.9133333333333333 770 770 
0.5 0.8666666666666667 0.92 828 828 
0.5 0.8666666666666667 0.9266666666666666 850 850 
0.5 0.8666666666666667 0.9333333333333333 792 792 
0.5 0.8666666666666667 0.94 833 833 
0.5 0.8666666666666667 0.9466666666666667 840 840 
0.5 0.8666666666666667 0.9533333333333334 708 708 
0.5 0.8666666666666667 0.96 971 971 
0.5 0.8666666666666667 0.9666666666666667 674 674 
0.5 0.8666666666666667 0.9733333333333334 691 691 
0.5 0.8666666666666667 0.98 1283 1283 
0.5 0.8666666666666667 0.9866666666666667 0 0 
0.5 0.8666666666666667 0.9933333333333333 0 0 
0.5 0.8733333333333333 0.0 0 0 
0.5 0.8733333333333333 0.006666666666666667 0 0 
0.5 0.8733333333333333 0.013333333333333334 1394 1394 
0.5 0.8733333333333333 0.02 731 731 
0.5 0.8733333333333333 0.02666666666666667 721 721 
0.5 0.8733333333333333 0.03333333333333333 988 988 
0.5 0.8733333333333333 0.04 803 803 
0.5 0.8733333333333333 0.04666666666666667 881 881 
0.5 0.8733333333333333 0.05333333333333334 827 827 
0.5 0.8733333333333333 0.06 849 849 
0.5 0.8733333333333333 0.06666666666666667 875 875 
0.5 0.8733333333333333 0.07333333333333333 847 847 
0.5 0.8733333333333333 0.08 869 869 
0.5 0.8733333333333333 0.08666666666666667 835 835 
0.5 0.8733333333333333 0.09333333333333334 769 769 
0.5 0.8733333333333333 0.1 900 900 
0.5 0.8733333333333333 0.10666666666666667 846 846 
0.5 0.8733333333333333 0.11333333333333333 820 820 
0.5 0.8733333333333333 0.12 791 791 
0.5 0.8733333333333333 0.12666666666666668 807 807 
0.5 0.8733333333333333 0.13333333333333333 816 816 
0.5 0.8733333333333333 0.14 852 852 
0.5 0.8733333333333333 0.14666666666666667 856 856 
0.5 0.8733333333333333 0.15333333333333332 870 870 
0.5 0.8733333333333333 0.16 878 878 
0.5 0.8733333333333333 0.16666666666666666 840 840 
0.5 0.8733333333333333 0.17333333333333334 781 781 
0.5 0.8733333333333333 0.18 819 819 
0.5 0.8733333333333333 0.18666666666666668 860 860 
0.5 0.8733333333333333 0.19333333333333333 824 824 
0.5 0.8733333333333333 0.2 848 848 
0.5 0.8733333333333333 0.20666666666666667 861 861 
0.5 0.8733333333333333 0.21333333333333335 805 805 
0.5 0.8733333333333333 0.22 870 870 
0.5 0.8733333333333333 0.22666666666666666 832 832 
0.5 0.8733333333333333 0.23333333333333334 888 888 
0.5 0.8733333333333333 0.24 819 819 
0.5 0.8733333333333333 0.24666666666666667 876 876 
0.5 0.8733333333333333 0.25333333333333335 842 842 
0.5 0.8733333333333333 0.26 808 808 
0.5 0.8733333333333333 0.26666666666666666 889 889 
0.5 0.8733333333333333 0.2733333333333333 879 879 
0.5 0.8733333333333333 0.28 869 869 
0.5 0.8733333333333333 0.2866666666666667 839 839 
0.5 0.8733333333333333 0.29333333333333333 882 882 
0.5 0.8733333333333333 0.3 813 813 
0.5 0.8733333333333333 0.30666666666666664 819 819 
0.5 0.8733333333333333 0.31333333333333335 850 850 
0.5 0.8733333333333333 0.32 856 856 
0.5 0.8733333333333333 0.32666666666666666 836 836 
0.5 0.8733333333333333 0.3333333333333333 772 772 
0.5 0.8733333333333333 0.34 841 841 
0.5 0.8733333333333333 0.3466666666666667 829 829 
0.5 0.8733333333333333 0.35333333333333333 857 857 
0.5 0.8733333333333333 0.36 873 873 
0.5 0.8733333333333333 0.36666666666666664 807 807 
0.5 0.8733333333333333 0.37333333333333335 855 855 
0.5 0.8733333333333333 0.38 819 819 
0.5 0.8733333333333333 0.38666666666666666 861 861 
0.5 0.8733333333333333 0.3933333333333333 833 833 
0.5 0.8733333333333333 0.4 850 850 
0.5 0.8733333333333333 0.4066666666666667 880 880 
0.5 0.8733333333333333 0.41333333333333333 829 829 
0.5 0.8733333333333333 0.42 869 869 
0.5 0.8733333333333333 0.4266666666666667 798 798 
0.5 0.8733333333333333 0.43333333333333335 864 864 
0.5 0.8733333333333333 0.44 823 823 
0.5 0.8733333333333333 0.44666666666666666 782 782 
0.5 0.8733333333333333 0.4533333333333333 814 814 
0.5 0.8733333333333333 0.46 821 821 
0.5 0.8733333333333333 0.4666666666666667 864 864 
0.5 0.8733333333333333 0.47333333333333333 805 805 
0.5 0.8733333333333333 0.48 830 830 
0.5 0.8733333333333333 0.4866666666666667 881 881 
0.5 0.8733333333333333 0.49333333333333335 871 871 
0.5 0.8733333333333333 0.5 857 857 
0.5 0.8733333333333333 0.5066666666666667 832 832 
0.5 0.8733333333333333 0.5133333333333333 834 834 
0.5 0.8733333333333333 0.52 844 844 
0.5 0.8733333333333333 0.5266666666666666 834 834 
0.5 0.8733333333333333 0.5333333333333333 816 816 
0.5 0.8733333333333333 0.54 831 831 
0.5 0.8733333333333333 0.5466666666666666 815 815 
0.5 0.8733333333333333 0.5533333333333333 839 839 
0.5 0.8733333333333333 0.56 885 885 
0.5 0.8733333333333333 0.5666666666666667 853 853 
0.5 0.8733333333333333 0.5733333333333334 854 854 
0.5 0.8733333333333333 0.58 853 853 
0.5 0.8733333333333333 0.5866666666666667 810 810 
0.5 0.8733333333333333 0.5933333333333334 844 844 
0.5 0.8733333333333333 0.6 830 830 
0.5 0.8733333333333333 0.6066666666666667 848 848 
0.5 0.8733333333333333 0.6133333333333333 784 784 
0.5 0.8733333333333333 0.62 863 863 
0.5 0.8733333333333333 0.6266666666666667 801 801 
0.5 0.8733333333333333 0.6333333333333333 897 897 
0.5 0.8733333333333333 0.64 833 833 
0.5 0.8733333333333333 0.6466666666666666 845 845 
0.5 0.8733333333333333 0.6533333333333333 839 839 
0.5 0.8733333333333333 0.66 829 829 
0.5 0.8733333333333333 0.6666666666666666 779 779 
0.5 0.8733333333333333 0.6733333333333333 855 855 
0.5 0.8733333333333333 0.68 817 817 
0.5 0.8733333333333333 0.6866666666666666 822 822 
0.5 0.8733333333333333 0.6933333333333334 858 858 
0.5 0.8733333333333333 0.7 871 871 
0.5 0.8733333333333333 0.7066666666666667 801 801 
0.5 0.8733333333333333 0.7133333333333334 793 793 
0.5 0.8733333333333333 0.72 771 771 
0.5 0.8733333333333333 0.7266666666666667 874 874 
0.5 0.8733333333333333 0.7333333333333333 817 817 
0.5 0.8733333333333333 0.74 873 873 
0.5 0.8733333333333333 0.7466666666666667 845 845 
0.5 0.8733333333333333 0.7533333333333333 819 819 
0.5 0.8733333333333333 0.76 836 836 
0.5 0.8733333333333333 0.7666666666666667 833 833 
0.5 0.8733333333333333 0.7733333333333333 865 865 
0.5 0.8733333333333333 0.78 845 845 
0.5 0.8733333333333333 0.7866666666666666 779 779 
0.5 0.8733333333333333 0.7933333333333333 812 812 
0.5 0.8733333333333333 0.8 846 846 
0.5 0.8733333333333333 0.8066666666666666 814 814 
0.5 0.8733333333333333 0.8133333333333334 840 840 
0.5 0.8733333333333333 0.82 801 801 
0.5 0.8733333333333333 0.8266666666666667 833 833 
0.5 0.8733333333333333 0.8333333333333334 834 834 
0.5 0.8733333333333333 0.84 811 811 
0.5 0.8733333333333333 0.8466666666666667 809 809 
0.5 0.8733333333333333 0.8533333333333334 900 900 
0.5 0.8733333333333333 0.86 853 853 
0.5 0.8733333333333333 0.8666666666666667 803 803 
0.5 0.8733333333333333 0.8733333333333333 819 819 
0.5 0.8733333333333333 0.88 802 802 
0.5 0.8733333333333333 0.8866666666666667 867 867 
0.5 0.8733333333333333 0.8933333333333333 862 862 
0.5 0.8733333333333333 0.9 827 827 
0.5 0.8733333333333333 0.9066666666666666 829 829 
0.5 0.8733333333333333 0.9133333333333333 829 829 
0.5 0.8733333333333333 0.92 851 851 
0.5 0.8733333333333333 0.9266666666666666 843 843 
0.5 0.8733333333333333 0.9333333333333333 807 807 
0.5 0.8733333333333333 0.94 846 846 
0.5 0.8733333333333333 0.9466666666666667 916 916 
0.5 0.8733333333333333 0.9533333333333334 785 785 
0.5 0.8733333333333333 0.96 973 973 
0.5 0.8733333333333333 0.9666666666666667 741 741 
0.5 0.8733333333333333 0.9733333333333334 679 679 
0.5 0.8733333333333333 0.98 1387 1387 
0.5 0.8733333333333333 0.9866666666666667 0 0 
0.5 0.8733333333333333 0.9933333333333333 0 0 
0.5 0.88 0.0 0 0 
0.5 0.88 0.006666666666666667 0 0 
0.5 0.88 0.013333333333333334 1348 1348 
0.5 0.88 0.02 694 694 
0.5 0.88 0.02666666666666667 729 729 
0.5 0.88 0.03333333333333333 992 992 
0.5 0.88 0.04 851 851 
0.5 0.88 0.04666666666666667 897 897 
0.5 0.88 0.05333333333333334 823 823 
0.5 0.88 0.06 816 816 
0.5 0.88 0.06666666666666667 846 846 
0.5 0.88 0.07333333333333333 839 839 
0.5 0.88 0.08 818 818 
0.5 0.88 0.08666666666666667 822 822 
0.5 0.88 0.09333333333333334 856 856 
0.5 0.88 0.1 833 833 
0.5 0.88 0.10666666666666667 840 840 
0.5 0.88 0.11333333333333333 827 827 
0.5 0.88 0.12 821 821 
0.5 0.88 0.12666666666666668 860 860 
0.5 0.88 0.13333333333333333 800 800 
0.5 0.88 0.14 830 830 
0.5 0.88 0.14666666666666667 758 758 
0.5 0.88 0.15333333333333332 826 826 
0.5 0.88 0.16 807 807 
0.5 0.88 0.16666666666666666 841 841 
0.5 0.88 0.17333333333333334 832 832 
0.5 0.88 0.18 811 811 
0.5 0.88 0.18666666666666668 872 872 
0.5 0.88 0.19333333333333333 866 866 
0.5 0.88 0.2 847 847 
0.5 0.88 0.20666666666666667 837 837 
0.5 0.88 0.21333333333333335 854 854 
0.5 0.88 0.22 857 857 
0.5 0.88 0.22666666666666666 822 822 
0.5 0.88 0.23333333333333334 846 846 
0.5 0.88 0.24 874 874 
0.5 0.88 0.24666666666666667 814 814 
0.5 0.88 0.25333333333333335 804 804 
0.5 0.88 0.26 806 806 
0.5 0.88 0.26666666666666666 830 830 
0.5 0.88 0.2733333333333333 828 828 
0.5 0.88 0.28 889 889 
0.5 0.88 0.2866666666666667 850 850 
0.5 0.88 0.29333333333333333 828 828 
0.5 0.88 0.3 842 842 
0.5 0.88 0.30666666666666664 850 850 
0.5 0.88 0.31333333333333335 829 829 
0.5 0.88 0.32 851 851 
0.5 0.88 0.32666666666666666 849 849 
0.5 0.88 0.3333333333333333 834 834 
0.5 0.88 0.34 846 846 
0.5 0.88 0.3466666666666667 876 876 
0.5 0.88 0.35333333333333333 804 804 
0.5 0.88 0.36 840 840 
0.5 0.88 0.36666666666666664 813 813 
0.5 0.88 0.37333333333333335 821 821 
0.5 0.88 0.38 861 861 
0.5 0.88 0.38666666666666666 836 836 
0.5 0.88 0.3933333333333333 816 816 
0.5 0.88 0.4 792 792 
0.5 0.88 0.4066666666666667 842 842 
0.5 0.88 0.41333333333333333 862 862 
0.5 0.88 0.42 842 842 
0.5 0.88 0.4266666666666667 857 857 
0.5 0.88 0.43333333333333335 833 833 
0.5 0.88 0.44 853 853 
0.5 0.88 0.44666666666666666 833 833 
0.5 0.88 0.4533333333333333 813 813 
0.5 0.88 0.46 862 862 
0.5 0.88 0.4666666666666667 817 817 
0.5 0.88 0.47333333333333333 823 823 
0.5 0.88 0.48 801 801 
0.5 0.88 0.4866666666666667 837 837 
0.5 0.88 0.49333333333333335 844 844 
0.5 0.88 0.5 770 770 
0.5 0.88 0.5066666666666667 808 808 
0.5 0.88 0.5133333333333333 812 812 
0.5 0.88 0.52 828 828 
0.5 0.88 0.5266666666666666 847 847 
0.5 0.88 0.5333333333333333 887 887 
0.5 0.88 0.54 853 853 
0.5 0.88 0.5466666666666666 819 819 
0.5 0.88 0.5533333333333333 818 818 
0.5 0.88 0.56 790 790 
0.5 0.88 0.5666666666666667 840 840 
0.5 0.88 0.5733333333333334 812 812 
0.5 0.88 0.58 832 832 
0.5 0.88 0.5866666666666667 818 818 
0.5 0.88 0.5933333333333334 792 792 
0.5 0.88 0.6 792 792 
0.5 0.88 0.6066666666666667 736 736 
0.5 0.88 0.6133333333333333 894 894 
0.5 0.88 0.62 866 866 
0.5 0.88 0.6266666666666667 867 867 
0.5 0.88 0.6333333333333333 894 894 
0.5 0.88 0.64 854 854 
0.5 0.88 0.6466666666666666 821 821 
0.5 0.88 0.6533333333333333 843 843 
0.5 0.88 0.66 791 791 
0.5 0.88 0.6666666666666666 838 838 
0.5 0.88 0.6733333333333333 805 805 
0.5 0.88 0.68 890 890 
0.5 0.88 0.6866666666666666 831 831 
0.5 0.88 0.6933333333333334 814 814 
0.5 0.88 0.7 794 794 
0.5 0.88 0.7066666666666667 807 807 
0.5 0.88 0.7133333333333334 820 820 
0.5 0.88 0.72 826 826 
0.5 0.88 0.7266666666666667 789 789 
0.5 0.88 0.7333333333333333 773 773 
0.5 0.88 0.74 800 800 
0.5 0.88 0.7466666666666667 826 826 
0.5 0.88 0.7533333333333333 826 826 
0.5 0.88 0.76 857 857 
0.5 0.88 0.7666666666666667 834 834 
0.5 0.88 0.7733333333333333 802 802 
0.5 0.88 0.78 822 822 
0.5 0.88 0.7866666666666666 827 827 
0.5 0.88 0.7933333333333333 790 790 
0.5 0.88 0.8 849 849 
0.5 0.88 0.8066666666666666 799 799 
0.5 0.88 0.8133333333333334 811 811 
0.5 0.88 0.82 841 841 
0.5 0.88 0.8266666666666667 801 801 
0.5 0.88 0.8333333333333334 769 769 
0.5 0.88 0.84 835 835 
0.5 0.88 0.8466666666666667 803 803 
0.5 0.88 0.8533333333333334 805 805 
0.5 0.88 0.86 795 795 
0.5 0.88 0.8666666666666667 865 865 
0.5 0.88 0.8733333333333333 881 881 
0.5 0.88 0.88 823 823 
0.5 0.88 0.8866666666666667 824 824 
0.5 0.88 0.8933333333333333 840 840 
0.5 0.88 0.9 776 776 
0.5 0.88 0.9066666666666666 857 857 
0.5 0.88 0.9133333333333333 803 803 
0.5 0.88 0.92 857 857 
0.5 0.88 0.9266666666666666 810 810 
0.5 0.88 0.9333333333333333 773 773 
0.5 0.88 0.94 843 843 
0.5 0.88 0.9466666666666667 923 923 
0.5 0.88 0.9533333333333334 819 819 
0.5 0.88 0.96 1006 1006 
0.5 0.88 0.9666666666666667 766 766 
0.5 0.88 0.9733333333333334 661 661 
0.5 0.88 0.98 1350 1350 
0.5 0.88 0.9866666666666667 0 0 
0.5 0.88 0.9933333333333333 0 0 
0.5 0.8866666666666667 0.0 0 0 
0.5 0.8866666666666667 0.006666666666666667 0 0 
0.5 0.8866666666666667 0.013333333333333334 1394 1394 
0.5 0.8866666666666667 0.02 733 733 
0.5 0.8866666666666667 0.02666666666666667 795 795 
0.5 0.8866666666666667 0.03333333333333333 1001 1001 
0.5 0.8866666666666667 0.04 799 799 
0.5 0.8866666666666667 0.04666666666666667 844 844 
0.5 0.8866666666666667 0.05333333333333334 795 795 
0.5 0.8866666666666667 0.06 805 805 
0.5 0.8866666666666667 0.06666666666666667 837 837 
0.5 0.8866666666666667 0.07333333333333333 829 829 
0.5 0.8866666666666667 0.08 816 816 
0.5 0.8866666666666667 0.08666666666666667 846 846 
0.5 0.8866666666666667 0.09333333333333334 808 808 
0.5 0.8866666666666667 0.1 870 870 
0.5 0.8866666666666667 0.10666666666666667 812 812 
0.5 0.8866666666666667 0.11333333333333333 889 889 
0.5 0.8866666666666667 0.12 897 897 
0.5 0.8866666666666667 0.12666666666666668 860 860 
0.5 0.8866666666666667 0.13333333333333333 840 840 
0.5 0.8866666666666667 0.14 818 818 
0.5 0.8866666666666667 0.14666666666666667 842 842 
0.5 0.8866666666666667 0.15333333333333332 881 881 
0.5 0.8866666666666667 0.16 836 836 
0.5 0.8866666666666667 0.16666666666666666 827 827 
0.5 0.8866666666666667 0.17333333333333334 893 893 
0.5 0.8866666666666667 0.18 783 783 
0.5 0.8866666666666667 0.18666666666666668 879 879 
0.5 0.8866666666666667 0.19333333333333333 843 843 
0.5 0.8866666666666667 0.2 811 811 
0.5 0.8866666666666667 0.20666666666666667 809 809 
0.5 0.8866666666666667 0.21333333333333335 837 837 
0.5 0.8866666666666667 0.22 815 815 
0.5 0.8866666666666667 0.22666666666666666 880 880 
0.5 0.8866666666666667 0.23333333333333334 849 849 
0.5 0.8866666666666667 0.24 903 903 
0.5 0.8866666666666667 0.24666666666666667 848 848 
0.5 0.8866666666666667 0.25333333333333335 828 828 
0.5 0.8866666666666667 0.26 815 815 
0.5 0.8866666666666667 0.26666666666666666 839 839 
0.5 0.8866666666666667 0.2733333333333333 812 812 
0.5 0.8866666666666667 0.28 856 856 
0.5 0.8866666666666667 0.2866666666666667 846 846 
0.5 0.8866666666666667 0.29333333333333333 860 860 
0.5 0.8866666666666667 0.3 837 837 
0.5 0.8866666666666667 0.30666666666666664 816 816 
0.5 0.8866666666666667 0.31333333333333335 826 826 
0.5 0.8866666666666667 0.32 840 840 
0.5 0.8866666666666667 0.32666666666666666 803 803 
0.5 0.8866666666666667 0.3333333333333333 853 853 
0.5 0.8866666666666667 0.34 816 816 
0.5 0.8866666666666667 0.3466666666666667 827 827 
0.5 0.8866666666666667 0.35333333333333333 806 806 
0.5 0.8866666666666667 0.36 815 815 
0.5 0.8866666666666667 0.36666666666666664 842 842 
0.5 0.8866666666666667 0.37333333333333335 881 881 
0.5 0.8866666666666667 0.38 848 848 
0.5 0.8866666666666667 0.38666666666666666 825 825 
0.5 0.8866666666666667 0.3933333333333333 824 824 
0.5 0.8866666666666667 0.4 861 861 
0.5 0.8866666666666667 0.4066666666666667 801 801 
0.5 0.8866666666666667 0.41333333333333333 848 848 
0.5 0.8866666666666667 0.42 855 855 
0.5 0.8866666666666667 0.4266666666666667 876 876 
0.5 0.8866666666666667 0.43333333333333335 870 870 
0.5 0.8866666666666667 0.44 830 830 
0.5 0.8866666666666667 0.44666666666666666 831 831 
0.5 0.8866666666666667 0.4533333333333333 871 871 
0.5 0.8866666666666667 0.46 850 850 
0.5 0.8866666666666667 0.4666666666666667 837 837 
0.5 0.8866666666666667 0.47333333333333333 841 841 
0.5 0.8866666666666667 0.48 844 844 
0.5 0.8866666666666667 0.4866666666666667 829 829 
0.5 0.8866666666666667 0.49333333333333335 797 797 
0.5 0.8866666666666667 0.5 824 824 
0.5 0.8866666666666667 0.5066666666666667 850 850 
0.5 0.8866666666666667 0.5133333333333333 889 889 
0.5 0.8866666666666667 0.52 851 851 
0.5 0.8866666666666667 0.5266666666666666 795 795 
0.5 0.8866666666666667 0.5333333333333333 845 845 
0.5 0.8866666666666667 0.54 870 870 
0.5 0.8866666666666667 0.5466666666666666 773 773 
0.5 0.8866666666666667 0.5533333333333333 865 865 
0.5 0.8866666666666667 0.56 830 830 
0.5 0.8866666666666667 0.5666666666666667 828 828 
0.5 0.8866666666666667 0.5733333333333334 853 853 
0.5 0.8866666666666667 0.58 833 833 
0.5 0.8866666666666667 0.5866666666666667 814 814 
0.5 0.8866666666666667 0.5933333333333334 844 844 
0.5 0.8866666666666667 0.6 817 817 
0.5 0.8866666666666667 0.6066666666666667 842 842 
0.5 0.8866666666666667 0.6133333333333333 825 825 
0.5 0.8866666666666667 0.62 809 809 
0.5 0.8866666666666667 0.6266666666666667 785 785 
0.5 0.8866666666666667 0.6333333333333333 824 824 
0.5 0.8866666666666667 0.64 800 800 
0.5 0.8866666666666667 0.6466666666666666 871 871 
0.5 0.8866666666666667 0.6533333333333333 850 850 
0.5 0.8866666666666667 0.66 800 800 
0.5 0.8866666666666667 0.6666666666666666 790 790 
0.5 0.8866666666666667 0.6733333333333333 838 838 
0.5 0.8866666666666667 0.68 808 808 
0.5 0.8866666666666667 0.6866666666666666 849 849 
0.5 0.8866666666666667 0.6933333333333334 813 813 
0.5 0.8866666666666667 0.7 846 846 
0.5 0.8866666666666667 0.7066666666666667 810 810 
0.5 0.8866666666666667 0.7133333333333334 828 828 
0.5 0.8866666666666667 0.72 781 781 
0.5 0.8866666666666667 0.7266666666666667 835 835 
0.5 0.8866666666666667 0.7333333333333333 819 819 
0.5 0.8866666666666667 0.74 811 811 
0.5 0.8866666666666667 0.7466666666666667 831 831 
0.5 0.8866666666666667 0.7533333333333333 835 835 
0.5 0.8866666666666667 0.76 831 831 
0.5 0.8866666666666667 0.7666666666666667 874 874 
0.5 0.8866666666666667 0.7733333333333333 883 883 
0.5 0.8866666666666667 0.78 816 816 
0.5 0.8866666666666667 0.7866666666666666 857 857 
0.5 0.8866666666666667 0.7933333333333333 812 812 
0.5 0.8866666666666667 0.8 832 832 
0.5 0.8866666666666667 0.8066666666666666 806 806 
0.5 0.8866666666666667 0.8133333333333334 839 839 
0.5 0.8866666666666667 0.82 843 843 
0.5 0.8866666666666667 0.8266666666666667 808 808 
0.5 0.8866666666666667 0.8333333333333334 804 804 
0.5 0.8866666666666667 0.84 762 762 
0.5 0.8866666666666667 0.8466666666666667 817 817 
0.5 0.8866666666666667 0.8533333333333334 825 825 
0.5 0.8866666666666667 0.86 760 760 
0.5 0.8866666666666667 0.8666666666666667 877 877 
0.5 0.8866666666666667 0.8733333333333333 851 851 
0.5 0.8866666666666667 0.88 854 854 
0.5 0.8866666666666667 0.8866666666666667 773 773 
0.5 0.8866666666666667 0.8933333333333333 818 818 
0.5 0.8866666666666667 0.9 833 833 
0.5 0.8866666666666667 0.9066666666666666 830 830 
0.5 0.8866666666666667 0.9133333333333333 805 805 
0.5 0.8866666666666667 0.92 865 865 
0.5 0.8866666666666667 0.9266666666666666 838 838 
0.5 0.8866666666666667 0.9333333333333333 841 841 
0.5 0.8866666666666667 0.94 855 855 
0.5 0.8866666666666667 0.9466666666666667 904 904 
0.5 0.8866666666666667 0.9533333333333334 853 853 
0.5 0.8866666666666667 0.96 988 988 
0.5 0.8866666666666667 0.9666666666666667 784 784 
0.5 0.8866666666666667 0.9733333333333334 716 716 
0.5 0.8866666666666667 0.98 1354 1354 
0.5 0.8866666666666667 0.9866666666666667 0 0 
0.5 0.8866666666666667 0.9933333333333333 0 0 
0.5 0.8933333333333333 0.0 0 0 
0.5 0.8933333333333333 0.006666666666666667 0 0 
0.5 0.8933333333333333 0.013333333333333334 1371 1371 
0.5 0.8933333333333333 0.02 714 714 
0.5 0.8933333333333333 0.02666666666666667 743 743 
0.5 0.8933333333333333 0.03333333333333333 936 936 
0.5 0.8933333333333333 0.04 817 817 
0.5 0.8933333333333333 0.04666666666666667 943 943 
0.5 0.8933333333333333 0.05333333333333334 860 860 
0.5 0.8933333333333333 0.06 837 837 
0.5 0.8933333333333333 0.06666666666666667 882 882 
0.5 0.8933333333333333 0.07333333333333333 831 831 
0.5 0.8933333333333333 0.08 897 897 
0.5 0.8933333333333333 0.08666666666666667 822 822 
0.5 0.8933333333333333 0.09333333333333334 898 898 
0.5 0.8933333333333333 0.1 854 854 
0.5 0.8933333333333333 0.10666666666666667 852 852 
0.5 0.8933333333333333 0.11333333333333333 836 836 
0.5 0.8933333333333333 0.12 855 855 
0.5 0.8933333333333333 0.12666666666666668 798 798 
0.5 0.8933333333333333 0.13333333333333333 827 827 
0.5 0.8933333333333333 0.14 816 816 
0.5 0.8933333333333333 0.14666666666666667 829 829 
0.5 0.8933333333333333 0.15333333333333332 795 795 
0.5 0.8933333333333333 0.16 841 841 
0.5 0.8933333333333333 0.16666666666666666 869 869 
0.5 0.8933333333333333 0.17333333333333334 827 827 
0.5 0.8933333333333333 0.18 832 832 
0.5 0.8933333333333333 0.18666666666666668 869 869 
0.5 0.8933333333333333 0.19333333333333333 744 744 
0.5 0.8933333333333333 0.2 850 850 
0.5 0.8933333333333333 0.20666666666666667 820 820 
0.5 0.8933333333333333 0.21333333333333335 861 861 
0.5 0.8933333333333333 0.22 874 874 
0.5 0.8933333333333333 0.22666666666666666 841 841 
0.5 0.8933333333333333 0.23333333333333334 899 899 
0.5 0.8933333333333333 0.24 824 824 
0.5 0.8933333333333333 0.24666666666666667 862 862 
0.5 0.8933333333333333 0.25333333333333335 846 846 
0.5 0.8933333333333333 0.26 828 828 
0.5 0.8933333333333333 0.26666666666666666 859 859 
0.5 0.8933333333333333 0.2733333333333333 862 862 
0.5 0.8933333333333333 0.28 874 874 
0.5 0.8933333333333333 0.2866666666666667 839 839 
0.5 0.8933333333333333 0.29333333333333333 813 813 
0.5 0.8933333333333333 0.3 854 854 
0.5 0.8933333333333333 0.30666666666666664 871 871 
0.5 0.8933333333333333 0.31333333333333335 828 828 
0.5 0.8933333333333333 0.32 846 846 
0.5 0.8933333333333333 0.32666666666666666 843 843 
0.5 0.8933333333333333 0.3333333333333333 854 854 
0.5 0.8933333333333333 0.34 872 872 
0.5 0.8933333333333333 0.3466666666666667 854 854 
0.5 0.8933333333333333 0.35333333333333333 807 807 
0.5 0.8933333333333333 0.36 818 818 
0.5 0.8933333333333333 0.36666666666666664 848 848 
0.5 0.8933333333333333 0.37333333333333335 867 867 
0.5 0.8933333333333333 0.38 878 878 
0.5 0.8933333333333333 0.38666666666666666 769 769 
0.5 0.8933333333333333 0.3933333333333333 880 880 
0.5 0.8933333333333333 0.4 819 819 
0.5 0.8933333333333333 0.4066666666666667 873 873 
0.5 0.8933333333333333 0.41333333333333333 832 832 
0.5 0.8933333333333333 0.42 813 813 
0.5 0.8933333333333333 0.4266666666666667 848 848 
0.5 0.8933333333333333 0.43333333333333335 817 817 
0.5 0.8933333333333333 0.44 825 825 
0.5 0.8933333333333333 0.44666666666666666 787 787 
0.5 0.8933333333333333 0.4533333333333333 813 813 
0.5 0.8933333333333333 0.46 783 783 
0.5 0.8933333333333333 0.4666666666666667 829 829 
0.5 0.8933333333333333 0.47333333333333333 847 847 
0.5 0.8933333333333333 0.48 857 857 
0.5 0.8933333333333333 0.4866666666666667 815 815 
0.5 0.8933333333333333 0.49333333333333335 835 835 
0.5 0.8933333333333333 0.5 856 856 
0.5 0.8933333333333333 0.5066666666666667 830 830 
0.5 0.8933333333333333 0.5133333333333333 789 789 
0.5 0.8933333333333333 0.52 756 756 
0.5 0.8933333333333333 0.5266666666666666 853 853 
0.5 0.8933333333333333 0.5333333333333333 814 814 
0.5 0.8933333333333333 0.54 788 788 
0.5 0.8933333333333333 0.5466666666666666 755 755 
0.5 0.8933333333333333 0.5533333333333333 843 843 
0.5 0.8933333333333333 0.56 815 815 
0.5 0.8933333333333333 0.5666666666666667 826 826 
0.5 0.8933333333333333 0.5733333333333334 844 844 
0.5 0.8933333333333333 0.58 804 804 
0.5 0.8933333333333333 0.5866666666666667 809 809 
0.5 0.8933333333333333 0.5933333333333334 813 813 
0.5 0.8933333333333333 0.6 828 828 
0.5 0.8933333333333333 0.6066666666666667 861 861 
0.5 0.8933333333333333 0.6133333333333333 814 814 
0.5 0.8933333333333333 0.62 836 836 
0.5 0.8933333333333333 0.6266666666666667 823 823 
0.5 0.8933333333333333 0.6333333333333333 834 834 
0.5 0.8933333333333333 0.64 820 820 
0.5 0.8933333333333333 0.6466666666666666 782 782 
0.5 0.8933333333333333 0.6533333333333333 838 838 
0.5 0.8933333333333333 0.66 856 856 
0.5 0.8933333333333333 0.6666666666666666 831 831 
0.5 0.8933333333333333 0.6733333333333333 832 832 
0.5 0.8933333333333333 0.68 821 821 
0.5 0.8933333333333333 0.6866666666666666 836 836 
0.5 0.8933333333333333 0.6933333333333334 844 844 
0.5 0.8933333333333333 0.7 828 828 
0.5 0.8933333333333333 0.7066666666666667 805 805 
0.5 0.8933333333333333 0.7133333333333334 837 837 
0.5 0.8933333333333333 0.72 884 884 
0.5 0.8933333333333333 0.7266666666666667 814 814 
0.5 0.8933333333333333 0.7333333333333333 782 782 
0.5 0.8933333333333333 0.74 780 780 
0.5 0.8933333333333333 0.7466666666666667 812 812 
0.5 0.8933333333333333 0.7533333333333333 872 872 
0.5 0.8933333333333333 0.76 836 836 
0.5 0.8933333333333333 0.7666666666666667 860 860 
0.5 0.8933333333333333 0.7733333333333333 818 818 
0.5 0.8933333333333333 0.78 826 826 
0.5 0.8933333333333333 0.7866666666666666 835 835 
0.5 0.8933333333333333 0.7933333333333333 883 883 
0.5 0.8933333333333333 0.8 845 845 
0.5 0.8933333333333333 0.8066666666666666 872 872 
0.5 0.8933333333333333 0.8133333333333334 825 825 
0.5 0.8933333333333333 0.82 844 844 
0.5 0.8933333333333333 0.8266666666666667 841 841 
0.5 0.8933333333333333 0.8333333333333334 850 850 
0.5 0.8933333333333333 0.84 841 841 
0.5 0.8933333333333333 0.8466666666666667 806 806 
0.5 0.8933333333333333 0.8533333333333334 817 817 
0.5 0.8933333333333333 0.86 885 885 
0.5 0.8933333333333333 0.8666666666666667 825 825 
0.5 0.8933333333333333 0.8733333333333333 831 831 
0.5 0.8933333333333333 0.88 835 835 
0.5 0.8933333333333333 0.8866666666666667 795 795 
0.5 0.8933333333333333 0.8933333333333333 837 837 
0.5 0.8933333333333333 0.9 841 841 
0.5 0.8933333333333333 0.9066666666666666 834 834 
0.5 0.8933333333333333 0.9133333333333333 843 843 
0.5 0.8933333333333333 0.92 833 833 
0.5 0.8933333333333333 0.9266666666666666 891 891 
0.5 0.8933333333333333 0.9333333333333333 849 849 
0.5 0.8933333333333333 0.94 811 811 
0.5 0.8933333333333333 0.9466666666666667 878 878 
0.5 0.8933333333333333 0.9533333333333334 786 786 
0.5 0.8933333333333333 0.96 964 964 
0.5 0.8933333333333333 0.9666666666666667 711 711 
0.5 0.8933333333333333 0.9733333333333334 708 708 
0.5 0.8933333333333333 0.98 1419 1419 
0.5 0.8933333333333333 0.9866666666666667 0 0 
0.5 0.8933333333333333 0.9933333333333333 0 0 
0.5 0.9 0.0 0 0 
0.5 0.9 0.006666666666666667 0 0 
0.5 0.9 0.013333333333333334 1306 1306 
0.5 0.9 0.02 695 695 
0.5 0.9 0.02666666666666667 766 766 
0.5 0.9 0.03333333333333333 983 983 
0.5 0.9 0.04 728 728 
0.5 0.9 0.04666666666666667 859 859 
0.5 0.9 0.05333333333333334 873 873 
0.5 0.9 0.06 869 869 
0.5 0.9 0.06666666666666667 904 904 
0.5 0.9 0.07333333333333333 844 844 
0.5 0.9 0.08 828 828 
0.5 0.9 0.08666666666666667 876 876 
0.5 0.9 0.09333333333333334 838 838 
0.5 0.9 0.1 874 874 
0.5 0.9 0.10666666666666667 819 819 
0.5 0.9 0.11333333333333333 835 835 
0.5 0.9 0.12 816 816 
0.5 0.9 0.12666666666666668 836 836 
0.5 0.9 0.13333333333333333 849 849 
0.5 0.9 0.14 887 887 
0.5 0.9 0.14666666666666667 809 809 
0.5 0.9 0.15333333333333332 875 875 
0.5 0.9 0.16 813 813 
0.5 0.9 0.16666666666666666 896 896 
0.5 0.9 0.17333333333333334 807 807 
0.5 0.9 0.18 855 855 
0.5 0.9 0.18666666666666668 822 822 
0.5 0.9 0.19333333333333333 838 838 
0.5 0.9 0.2 849 849 
0.5 0.9 0.20666666666666667 840 840 
0.5 0.9 0.21333333333333335 841 841 
0.5 0.9 0.22 883 883 
0.5 0.9 0.22666666666666666 805 805 
0.5 0.9 0.23333333333333334 815 815 
0.5 0.9 0.24 864 864 
0.5 0.9 0.24666666666666667 876 876 
0.5 0.9 0.25333333333333335 774 774 
0.5 0.9 0.26 879 879 
0.5 0.9 0.26666666666666666 823 823 
0.5 0.9 0.2733333333333333 828 828 
0.5 0.9 0.28 806 806 
0.5 0.9 0.2866666666666667 834 834 
0.5 0.9 0.29333333333333333 844 844 
0.5 0.9 0.3 827 827 
0.5 0.9 0.30666666666666664 842 842 
0.5 0.9 0.31333333333333335 881 881 
0.5 0.9 0.32 863 863 
0.5 0.9 0.32666666666666666 824 824 
0.5 0.9 0.3333333333333333 864 864 
0.5 0.9 0.34 839 839 
0.5 0.9 0.3466666666666667 884 884 
0.5 0.9 0.35333333333333333 842 842 
0.5 0.9 0.36 828 828 
0.5 0.9 0.36666666666666664 812 812 
0.5 0.9 0.37333333333333335 809 809 
0.5 0.9 0.38 855 855 
0.5 0.9 0.38666666666666666 840 840 
0.5 0.9 0.3933333333333333 851 851 
0.5 0.9 0.4 901 901 
0.5 0.9 0.4066666666666667 843 843 
0.5 0.9 0.41333333333333333 795 795 
0.5 0.9 0.42 817 817 
0.5 0.9 0.4266666666666667 853 853 
0.5 0.9 0.43333333333333335 843 843 
0.5 0.9 0.44 817 817 
0.5 0.9 0.44666666666666666 844 844 
0.5 0.9 0.4533333333333333 838 838 
0.5 0.9 0.46 828 828 
0.5 0.9 0.4666666666666667 836 836 
0.5 0.9 0.47333333333333333 817 817 
0.5 0.9 0.48 855 855 
0.5 0.9 0.4866666666666667 864 864 
0.5 0.9 0.49333333333333335 843 843 
0.5 0.9 0.5 870 870 
0.5 0.9 0.5066666666666667 800 800 
0.5 0.9 0.5133333333333333 848 848 
0.5 0.9 0.52 790 790 
0.5 0.9 0.5266666666666666 803 803 
0.5 0.9 0.5333333333333333 847 847 
0.5 0.9 0.54 827 827 
0.5 0.9 0.5466666666666666 786 786 
0.5 0.9 0.5533333333333333 833 833 
0.5 0.9 0.56 788 788 
0.5 0.9 0.5666666666666667 813 813 
0.5 0.9 0.5733333333333334 862 862 
0.5 0.9 0.58 775 775 
0.5 0.9 0.5866666666666667 849 849 
0.5 0.9 0.5933333333333334 819 819 
0.5 0.9 0.6 823 823 
0.5 0.9 0.6066666666666667 819 819 
0.5 0.9 0.6133333333333333 870 870 
0.5 0.9 0.62 819 819 
0.5 0.9 0.6266666666666667 833 833 
0.5 0.9 0.6333333333333333 805 805 
0.5 0.9 0.64 816 816 
0.5 0.9 0.6466666666666666 853 853 
0.5 0.9 0.6533333333333333 829 829 
0.5 0.9 0.66 862 862 
0.5 0.9 0.6666666666666666 837 837 
0.5 0.9 0.6733333333333333 788 788 
0.5 0.9 0.68 797 797 
0.5 0.9 0.6866666666666666 853 853 
0.5 0.9 0.6933333333333334 790 790 
0.5 0.9 0.7 829 829 
0.5 0.9 0.7066666666666667 779 779 
0.5 0.9 0.7133333333333334 824 824 
0.5 0.9 0.72 835 835 
0.5 0.9 0.7266666666666667 844 844 
0.5 0.9 0.7333333333333333 812 812 
0.5 0.9 0.74 841 841 
0.5 0.9 0.7466666666666667 806 806 
0.5 0.9 0.7533333333333333 840 840 
0.5 0.9 0.76 843 843 
0.5 0.9 0.7666666666666667 822 822 
0.5 0.9 0.7733333333333333 846 846 
0.5 0.9 0.78 901 901 
0.5 0.9 0.7866666666666666 854 854 
0.5 0.9 0.7933333333333333 856 856 
0.5 0.9 0.8 862 862 
0.5 0.9 0.8066666666666666 845 845 
0.5 0.9 0.8133333333333334 901 901 
0.5 0.9 0.82 813 813 
0.5 0.9 0.8266666666666667 826 826 
0.5 0.9 0.8333333333333334 886 886 
0.5 0.9 0.84 827 827 
0.5 0.9 0.8466666666666667 821 821 
0.5 0.9 0.8533333333333334 913 913 
0.5 0.9 0.86 853 853 
0.5 0.9 0.8666666666666667 855 855 
0.5 0.9 0.8733333333333333 860 860 
0.5 0.9 0.88 848 848 
0.5 0.9 0.8866666666666667 868 868 
0.5 0.9 0.8933333333333333 857 857 
0.5 0.9 0.9 831 831 
0.5 0.9 0.9066666666666666 816 816 
0.5 0.9 0.9133333333333333 853 853 
0.5 0.9 0.92 819 819 
0.5 0.9 0.9266666666666666 834 834 
0.5 0.9 0.9333333333333333 879 879 
0.5 0.9 0.94 810 810 
0.5 0.9 0.9466666666666667 883 883 
0.5 0.9 0.9533333333333334 794 794 
0.5 0.9 0.96 1023 1023 
0.5 0.9 0.9666666666666667 727 727 
0.5 0.9 0.9733333333333334 710 710 
0.5 0.9 0.98 1314 1314 
0.5 0.9 0.9866666666666667 0 0 
0.5 0.9 0.9933333333333333 0 0 
0.5 0.9066666666666666 0.0 0 0 
0.5 0.9066666666666666 0.006666666666666667 0 0 
0.5 0.9066666666666666 0.013333333333333334 1268 1268 
0.5 0.9066666666666666 0.02 726 726 
0.5 0.9066666666666666 0.02666666666666667 758 758 
0.5 0.9066666666666666 0.03333333333333333 1022 1022 
0.5 0.9066666666666666 0.04 740 740 
0.5 0.9066666666666666 0.04666666666666667 865 865 
0.5 0.9066666666666666 0.05333333333333334 872 872 
0.5 0.9066666666666666 0.06 795 795 
0.5 0.9066666666666666 0.06666666666666667 857 857 
0.5 0.9066666666666666 0.07333333333333333 871 871 
0.5 0.9066666666666666 0.08 899 899 
0.5 0.9066666666666666 0.08666666666666667 860 860 
0.5 0.9066666666666666 0.09333333333333334 824 824 
0.5 0.9066666666666666 0.1 812 812 
0.5 0.9066666666666666 0.10666666666666667 806 806 
0.5 0.9066666666666666 0.11333333333333333 852 852 
0.5 0.9066666666666666 0.12 823 823 
0.5 0.9066666666666666 0.12666666666666668 776 776 
0.5 0.9066666666666666 0.13333333333333333 831 831 
0.5 0.9066666666666666 0.14 884 884 
0.5 0.9066666666666666 0.14666666666666667 818 818 
0.5 0.9066666666666666 0.15333333333333332 863 863 
0.5 0.9066666666666666 0.16 814 814 
0.5 0.9066666666666666 0.16666666666666666 839 839 
0.5 0.9066666666666666 0.17333333333333334 820 820 
0.5 0.9066666666666666 0.18 845 845 
0.5 0.9066666666666666 0.18666666666666668 819 819 
0.5 0.9066666666666666 0.19333333333333333 811 811 
0.5 0.9066666666666666 0.2 837 837 
0.5 0.9066666666666666 0.20666666666666667 863 863 
0.5 0.9066666666666666 0.21333333333333335 908 908 
0.5 0.9066666666666666 0.22 817 817 
0.5 0.9066666666666666 0.22666666666666666 862 862 
0.5 0.9066666666666666 0.23333333333333334 857 857 
0.5 0.9066666666666666 0.24 797 797 
0.5 0.9066666666666666 0.24666666666666667 876 876 
0.5 0.9066666666666666 0.25333333333333335 829 829 
0.5 0.9066666666666666 0.26 785 785 
0.5 0.9066666666666666 0.26666666666666666 844 844 
0.5 0.9066666666666666 0.2733333333333333 857 857 
0.5 0.9066666666666666 0.28 828 828 
0.5 0.9066666666666666 0.2866666666666667 813 813 
0.5 0.9066666666666666 0.29333333333333333 849 849 
0.5 0.9066666666666666 0.3 857 857 
0.5 0.9066666666666666 0.30666666666666664 878 878 
0.5 0.9066666666666666 0.31333333333333335 862 862 
0.5 0.9066666666666666 0.32 836 836 
0.5 0.9066666666666666 0.32666666666666666 850 850 
0.5 0.9066666666666666 0.3333333333333333 885 885 
0.5 0.9066666666666666 0.34 882 882 
0.5 0.9066666666666666 0.3466666666666667 831 831 
0.5 0.9066666666666666 0.35333333333333333 808 808 
0.5 0.9066666666666666 0.36 812 812 
0.5 0.9066666666666666 0.36666666666666664 788 788 
0.5 0.9066666666666666 0.37333333333333335 767 767 
0.5 0.9066666666666666 0.38 822 822 
0.5 0.9066666666666666 0.38666666666666666 829 829 
0.5 0.9066666666666666 0.3933333333333333 834 834 
0.5 0.9066666666666666 0.4 870 870 
0.5 0.9066666666666666 0.4066666666666667 856 856 
0.5 0.9066666666666666 0.41333333333333333 797 797 
0.5 0.9066666666666666 0.42 795 795 
0.5 0.9066666666666666 0.4266666666666667 804 804 
0.5 0.9066666666666666 0.43333333333333335 877 877 
0.5 0.9066666666666666 0.44 848 848 
0.5 0.9066666666666666 0.44666666666666666 820 820 
0.5 0.9066666666666666 0.4533333333333333 859 859 
0.5 0.9066666666666666 0.46 801 801 
0.5 0.9066666666666666 0.4666666666666667 842 842 
0.5 0.9066666666666666 0.47333333333333333 890 890 
0.5 0.9066666666666666 0.48 875 875 
0.5 0.9066666666666666 0.4866666666666667 856 856 
0.5 0.9066666666666666 0.49333333333333335 807 807 
0.5 0.9066666666666666 0.5 848 848 
0.5 0.9066666666666666 0.5066666666666667 826 826 
0.5 0.9066666666666666 0.5133333333333333 800 800 
0.5 0.9066666666666666 0.52 801 801 
0.5 0.9066666666666666 0.5266666666666666 759 759 
0.5 0.9066666666666666 0.5333333333333333 871 871 
0.5 0.9066666666666666 0.54 850 850 
0.5 0.9066666666666666 0.5466666666666666 851 851 
0.5 0.9066666666666666 0.5533333333333333 845 845 
0.5 0.9066666666666666 0.56 809 809 
0.5 0.9066666666666666 0.5666666666666667 869 869 
0.5 0.9066666666666666 0.5733333333333334 829 829 
0.5 0.9066666666666666 0.58 822 822 
0.5 0.9066666666666666 0.5866666666666667 800 800 
0.5 0.9066666666666666 0.5933333333333334 862 862 
0.5 0.9066666666666666 0.6 826 826 
0.5 0.9066666666666666 0.6066666666666667 842 842 
0.5 0.9066666666666666 0.6133333333333333 801 801 
0.5 0.9066666666666666 0.62 801 801 
0.5 0.9066666666666666 0.6266666666666667 880 880 
0.5 0.9066666666666666 0.6333333333333333 850 850 
0.5 0.9066666666666666 0.64 857 857 
0.5 0.9066666666666666 0.6466666666666666 835 835 
0.5 0.9066666666666666 0.6533333333333333 830 830 
0.5 0.9066666666666666 0.66 818 818 
0.5 0.9066666666666666 0.6666666666666666 867 867 
0.5 0.9066666666666666 0.6733333333333333 832 832 
0.5 0.9066666666666666 0.68 804 804 
0.5 0.9066666666666666 0.6866666666666666 862 862 
0.5 0.9066666666666666 0.6933333333333334 818 818 
0.5 0.9066666666666666 0.7 811 811 
0.5 0.9066666666666666 0.7066666666666667 774 774 
0.5 0.9066666666666666 0.7133333333333334 828 828 
0.5 0.9066666666666666 0.72 868 868 
0.5 0.9066666666666666 0.7266666666666667 828 828 
0.5 0.9066666666666666 0.7333333333333333 861 861 
0.5 0.9066666666666666 0.74 834 834 
0.5 0.9066666666666666 0.7466666666666667 789 789 
0.5 0.9066666666666666 0.7533333333333333 882 882 
0.5 0.9066666666666666 0.76 860 860 
0.5 0.9066666666666666 0.7666666666666667 870 870 
0.5 0.9066666666666666 0.7733333333333333 847 847 
0.5 0.9066666666666666 0.78 865 865 
0.5 0.9066666666666666 0.7866666666666666 794 794 
0.5 0.9066666666666666 0.7933333333333333 824 824 
0.5 0.9066666666666666 0.8 845 845 
0.5 0.9066666666666666 0.8066666666666666 829 829 
0.5 0.9066666666666666 0.8133333333333334 866 866 
0.5 0.9066666666666666 0.82 823 823 
0.5 0.9066666666666666 0.8266666666666667 831 831 
0.5 0.9066666666666666 0.8333333333333334 822 822 
0.5 0.9066666666666666 0.84 901 901 
0.5 0.9066666666666666 0.8466666666666667 831 831 
0.5 0.9066666666666666 0.8533333333333334 893 893 
0.5 0.9066666666666666 0.86 795 795 
0.5 0.9066666666666666 0.8666666666666667 832 832 
0.5 0.9066666666666666 0.8733333333333333 833 833 
0.5 0.9066666666666666 0.88 879 879 
0.5 0.9066666666666666 0.8866666666666667 830 830 
0.5 0.9066666666666666 0.8933333333333333 829 829 
0.5 0.9066666666666666 0.9 847 847 
0.5 0.9066666666666666 0.9066666666666666 835 835 
0.5 0.9066666666666666 0.9133333333333333 879 879 
0.5 0.9066666666666666 0.92 850 850 
0.5 0.9066666666666666 0.9266666666666666 899 899 
0.5 0.9066666666666666 0.9333333333333333 821 821 
0.5 0.9066666666666666 0.94 791 791 
0.5 0.9066666666666666 0.9466666666666667 886 886 
0.5 0.9066666666666666 0.9533333333333334 773 773 
0.5 0.9066666666666666 0.96 988 988 
0.5 0.9066666666666666 0.9666666666666667 711 711 
0.5 0.9066666666666666 0.9733333333333334 673 673 
0.5 0.9066666666666666 0.98 1347 1347 
0.5 0.9066666666666666 0.9866666666666667 0 0 
0.5 0.9066666666666666 0.9933333333333333 0 0 
0.5 0.9133333333333333 0.0 0 0 
0.5 0.9133333333333333 0.006666666666666667 0 0 
0.5 0.9133333333333333 0.013333333333333334 1358 1358 
0.5 0.9133333333333333 0.02 672 672 
0.5 0.9133333333333333 0.02666666666666667 693 693 
0.5 0.9133333333333333 0.03333333333333333 948 948 
0.5 0.9133333333333333 0.04 741 741 
0.5 0.9133333333333333 0.04666666666666667 861 861 
0.5 0.9133333333333333 0.05333333333333334 839 839 
0.5 0.9133333333333333 0.06 817 817 
0.5 0.9133333333333333 0.06666666666666667 811 811 
0.5 0.9133333333333333 0.07333333333333333 858 858 
0.5 0.9133333333333333 0.08 800 800 
0.5 0.9133333333333333 0.08666666666666667 830 830 
0.5 0.9133333333333333 0.09333333333333334 829 829 
0.5 0.9133333333333333 0.1 846 846 
0.5 0.9133333333333333 0.10666666666666667 826 826 
0.5 0.9133333333333333 0.11333333333333333 843 843 
0.5 0.9133333333333333 0.12 913 913 
0.5 0.9133333333333333 0.12666666666666668 848 848 
0.5 0.9133333333333333 0.13333333333333333 846 846 
0.5 0.9133333333333333 0.14 879 879 
0.5 0.9133333333333333 0.14666666666666667 905 905 
0.5 0.9133333333333333 0.15333333333333332 811 811 
0.5 0.9133333333333333 0.16 879 879 
0.5 0.9133333333333333 0.16666666666666666 818 818 
0.5 0.9133333333333333 0.17333333333333334 884 884 
0.5 0.9133333333333333 0.18 836 836 
0.5 0.9133333333333333 0.18666666666666668 875 875 
0.5 0.9133333333333333 0.19333333333333333 799 799 
0.5 0.9133333333333333 0.2 844 844 
0.5 0.9133333333333333 0.20666666666666667 821 821 
0.5 0.9133333333333333 0.21333333333333335 851 851 
0.5 0.9133333333333333 0.22 808 808 
0.5 0.9133333333333333 0.22666666666666666 841 841 
0.5 0.9133333333333333 0.23333333333333334 823 823 
0.5 0.9133333333333333 0.24 839 839 
0.5 0.9133333333333333 0.24666666666666667 812 812 
0.5 0.9133333333333333 0.25333333333333335 863 863 
0.5 0.9133333333333333 0.26 806 806 
0.5 0.9133333333333333 0.26666666666666666 865 865 
0.5 0.9133333333333333 0.2733333333333333 878 878 
0.5 0.9133333333333333 0.28 837 837 
0.5 0.9133333333333333 0.2866666666666667 845 845 
0.5 0.9133333333333333 0.29333333333333333 849 849 
0.5 0.9133333333333333 0.3 834 834 
0.5 0.9133333333333333 0.30666666666666664 856 856 
0.5 0.9133333333333333 0.31333333333333335 900 900 
0.5 0.9133333333333333 0.32 835 835 
0.5 0.9133333333333333 0.32666666666666666 840 840 
0.5 0.9133333333333333 0.3333333333333333 829 829 
0.5 0.9133333333333333 0.34 841 841 
0.5 0.9133333333333333 0.3466666666666667 825 825 
0.5 0.9133333333333333 0.35333333333333333 895 895 
0.5 0.9133333333333333 0.36 801 801 
0.5 0.9133333333333333 0.36666666666666664 800 800 
0.5 0.9133333333333333 0.37333333333333335 833 833 
0.5 0.9133333333333333 0.38 831 831 
0.5 0.9133333333333333 0.38666666666666666 825 825 
0.5 0.9133333333333333 0.3933333333333333 856 856 
0.5 0.9133333333333333 0.4 821 821 
0.5 0.9133333333333333 0.4066666666666667 865 865 
0.5 0.9133333333333333 0.41333333333333333 800 800 
0.5 0.9133333333333333 0.42 834 834 
0.5 0.9133333333333333 0.4266666666666667 802 802 
0.5 0.9133333333333333 0.43333333333333335 842 842 
0.5 0.9133333333333333 0.44 880 880 
0.5 0.9133333333333333 0.44666666666666666 811 811 
0.5 0.9133333333333333 0.4533333333333333 877 877 
0.5 0.9133333333333333 0.46 825 825 
0.5 0.9133333333333333 0.4666666666666667 837 837 
0.5 0.9133333333333333 0.47333333333333333 884 884 
0.5 0.9133333333333333 0.48 851 851 
0.5 0.9133333333333333 0.4866666666666667 801 801 
0.5 0.9133333333333333 0.49333333333333335 839 839 
0.5 0.9133333333333333 0.5 822 822 
0.5 0.9133333333333333 0.5066666666666667 829 829 
0.5 0.9133333333333333 0.5133333333333333 855 855 
0.5 0.9133333333333333 0.52 857 857 
0.5 0.9133333333333333 0.5266666666666666 804 804 
0.5 0.9133333333333333 0.5333333333333333 832 832 
0.5 0.9133333333333333 0.54 834 834 
0.5 0.9133333333333333 0.5466666666666666 846 846 
0.5 0.9133333333333333 0.5533333333333333 852 852 
0.5 0.9133333333333333 0.56 856 856 
0.5 0.9133333333333333 0.5666666666666667 841 841 
0.5 0.9133333333333333 0.5733333333333334 853 853 
0.5 0.9133333333333333 0.58 830 830 
0.5 0.9133333333333333 0.5866666666666667 867 867 
0.5 0.9133333333333333 0.5933333333333334 877 877 
0.5 0.9133333333333333 0.6 826 826 
0.5 0.9133333333333333 0.6066666666666667 846 846 
0.5 0.9133333333333333 0.6133333333333333 830 830 
0.5 0.9133333333333333 0.62 804 804 
0.5 0.9133333333333333 0.6266666666666667 794 794 
0.5 0.9133333333333333 0.6333333333333333 804 804 
0.5 0.9133333333333333 0.64 765 765 
0.5 0.9133333333333333 0.6466666666666666 866 866 
0.5 0.9133333333333333 0.6533333333333333 873 873 
0.5 0.9133333333333333 0.66 835 835 
0.5 0.9133333333333333 0.6666666666666666 843 843 
0.5 0.9133333333333333 0.6733333333333333 804 804 
0.5 0.9133333333333333 0.68 776 776 
0.5 0.9133333333333333 0.6866666666666666 836 836 
0.5 0.9133333333333333 0.6933333333333334 845 845 
0.5 0.9133333333333333 0.7 875 875 
0.5 0.9133333333333333 0.7066666666666667 837 837 
0.5 0.9133333333333333 0.7133333333333334 865 865 
0.5 0.9133333333333333 0.72 845 845 
0.5 0.9133333333333333 0.7266666666666667 861 861 
0.5 0.9133333333333333 0.7333333333333333 830 830 
0.5 0.9133333333333333 0.74 819 819 
0.5 0.9133333333333333 0.7466666666666667 834 834 
0.5 0.9133333333333333 0.7533333333333333 840 840 
0.5 0.9133333333333333 0.76 860 860 
0.5 0.9133333333333333 0.7666666666666667 840 840 
0.5 0.9133333333333333 0.7733333333333333 809 809 
0.5 0.9133333333333333 0.78 867 867 
0.5 0.9133333333333333 0.7866666666666666 866 866 
0.5 0.9133333333333333 0.7933333333333333 901 901 
0.5 0.9133333333333333 0.8 809 809 
0.5 0.9133333333333333 0.8066666666666666 818 818 
0.5 0.9133333333333333 0.8133333333333334 869 869 
0.5 0.9133333333333333 0.82 829 829 
0.5 0.9133333333333333 0.8266666666666667 873 873 
0.5 0.9133333333333333 0.8333333333333334 830 830 
0.5 0.9133333333333333 0.84 860 860 
0.5 0.9133333333333333 0.8466666666666667 838 838 
0.5 0.9133333333333333 0.8533333333333334 858 858 
0.5 0.9133333333333333 0.86 797 797 
0.5 0.9133333333333333 0.8666666666666667 865 865 
0.5 0.9133333333333333 0.8733333333333333 840 840 
0.5 0.9133333333333333 0.88 849 849 
0.5 0.9133333333333333 0.8866666666666667 847 847 
0.5 0.9133333333333333 0.8933333333333333 859 859 
0.5 0.9133333333333333 0.9 812 812 
0.5 0.9133333333333333 0.9066666666666666 881 881 
0.5 0.9133333333333333 0.9133333333333333 856 856 
0.5 0.9133333333333333 0.92 823 823 
0.5 0.9133333333333333 0.9266666666666666 880 880 
0.5 0.9133333333333333 0.9333333333333333 849 849 
0.5 0.9133333333333333 0.94 891 891 
0.5 0.9133333333333333 0.9466666666666667 966 966 
0.5 0.9133333333333333 0.9533333333333334 744 744 
0.5 0.9133333333333333 0.96 1008 1008 
0.5 0.9133333333333333 0.9666666666666667 805 805 
0.5 0.9133333333333333 0.9733333333333334 675 675 
0.5 0.9133333333333333 0.98 1399 1399 
0.5 0.9133333333333333 0.9866666666666667 0 0 
0.5 0.9133333333333333 0.9933333333333333 0 0 
0.5 0.92 0.0 0 0 
0.5 0.92 0.006666666666666667 0 0 
0.5 0.92 0.013333333333333334 1246 1246 
0.5 0.92 0.02 653 653 
0.5 0.92 0.02666666666666667 732 732 
0.5 0.92 0.03333333333333333 913 913 
0.5 0.92 0.04 770 770 
0.5 0.92 0.04666666666666667 898 898 
0.5 0.92 0.05333333333333334 800 800 
0.5 0.92 0.06 831 831 
0.5 0.92 0.06666666666666667 853 853 
0.5 0.92 0.07333333333333333 803 803 
0.5 0.92 0.08 817 817 
0.5 0.92 0.08666666666666667 839 839 
0.5 0.92 0.09333333333333334 854 854 
0.5 0.92 0.1 793 793 
0.5 0.92 0.10666666666666667 787 787 
0.5 0.92 0.11333333333333333 879 879 
0.5 0.92 0.12 831 831 
0.5 0.92 0.12666666666666668 865 865 
0.5 0.92 0.13333333333333333 881 881 
0.5 0.92 0.14 866 866 
0.5 0.92 0.14666666666666667 805 805 
0.5 0.92 0.15333333333333332 901 901 
0.5 0.92 0.16 802 802 
0.5 0.92 0.16666666666666666 854 854 
0.5 0.92 0.17333333333333334 845 845 
0.5 0.92 0.18 876 876 
0.5 0.92 0.18666666666666668 878 878 
0.5 0.92 0.19333333333333333 855 855 
0.5 0.92 0.2 867 867 
0.5 0.92 0.20666666666666667 853 853 
0.5 0.92 0.21333333333333335 825 825 
0.5 0.92 0.22 837 837 
0.5 0.92 0.22666666666666666 931 931 
0.5 0.92 0.23333333333333334 836 836 
0.5 0.92 0.24 816 816 
0.5 0.92 0.24666666666666667 855 855 
0.5 0.92 0.25333333333333335 891 891 
0.5 0.92 0.26 837 837 
0.5 0.92 0.26666666666666666 800 800 
0.5 0.92 0.2733333333333333 851 851 
0.5 0.92 0.28 790 790 
0.5 0.92 0.2866666666666667 857 857 
0.5 0.92 0.29333333333333333 852 852 
0.5 0.92 0.3 803 803 
0.5 0.92 0.30666666666666664 839 839 
0.5 0.92 0.31333333333333335 870 870 
0.5 0.92 0.32 824 824 
0.5 0.92 0.32666666666666666 839 839 
0.5 0.92 0.3333333333333333 826 826 
0.5 0.92 0.34 837 837 
0.5 0.92 0.3466666666666667 814 814 
0.5 0.92 0.35333333333333333 786 786 
0.5 0.92 0.36 836 836 
0.5 0.92 0.36666666666666664 859 859 
0.5 0.92 0.37333333333333335 815 815 
0.5 0.92 0.38 912 912 
0.5 0.92 0.38666666666666666 762 762 
0.5 0.92 0.3933333333333333 879 879 
0.5 0.92 0.4 854 854 
0.5 0.92 0.4066666666666667 848 848 
0.5 0.92 0.41333333333333333 812 812 
0.5 0.92 0.42 836 836 
0.5 0.92 0.4266666666666667 861 861 
0.5 0.92 0.43333333333333335 819 819 
0.5 0.92 0.44 844 844 
0.5 0.92 0.44666666666666666 836 836 
0.5 0.92 0.4533333333333333 837 837 
0.5 0.92 0.46 857 857 
0.5 0.92 0.4666666666666667 814 814 
0.5 0.92 0.47333333333333333 816 816 
0.5 0.92 0.48 836 836 
0.5 0.92 0.4866666666666667 867 867 
0.5 0.92 0.49333333333333335 816 816 
0.5 0.92 0.5 848 848 
0.5 0.92 0.5066666666666667 857 857 
0.5 0.92 0.5133333333333333 861 861 
0.5 0.92 0.52 864 864 
0.5 0.92 0.5266666666666666 829 829 
0.5 0.92 0.5333333333333333 867 867 
0.5 0.92 0.54 838 838 
0.5 0.92 0.5466666666666666 812 812 
0.5 0.92 0.5533333333333333 802 802 
0.5 0.92 0.56 806 806 
0.5 0.92 0.5666666666666667 874 874 
0.5 0.92 0.5733333333333334 857 857 
0.5 0.92 0.58 861 861 
0.5 0.92 0.5866666666666667 877 877 
0.5 0.92 0.5933333333333334 826 826 
0.5 0.92 0.6 846 846 
0.5 0.92 0.6066666666666667 819 819 
0.5 0.92 0.6133333333333333 860 860 
0.5 0.92 0.62 829 829 
0.5 0.92 0.6266666666666667 814 814 
0.5 0.92 0.6333333333333333 900 900 
0.5 0.92 0.64 854 854 
0.5 0.92 0.6466666666666666 801 801 
0.5 0.92 0.6533333333333333 847 847 
0.5 0.92 0.66 868 868 
0.5 0.92 0.6666666666666666 864 864 
0.5 0.92 0.6733333333333333 824 824 
0.5 0.92 0.68 907 907 
0.5 0.92 0.6866666666666666 851 851 
0.5 0.92 0.6933333333333334 839 839 
0.5 0.92 0.7 790 790 
0.5 0.92 0.7066666666666667 854 854 
0.5 0.92 0.7133333333333334 909 909 
0.5 0.92 0.72 856 856 
0.5 0.92 0.7266666666666667 834 834 
0.5 0.92 0.7333333333333333 797 797 
0.5 0.92 0.74 827 827 
0.5 0.92 0.7466666666666667 810 810 
0.5 0.92 0.7533333333333333 877 877 
0.5 0.92 0.76 842 842 
0.5 0.92 0.7666666666666667 825 825 
0.5 0.92 0.7733333333333333 876 876 
0.5 0.92 0.78 890 890 
0.5 0.92 0.7866666666666666 894 894 
0.5 0.92 0.7933333333333333 863 863 
0.5 0.92 0.8 856 856 
0.5 0.92 0.8066666666666666 857 857 
0.5 0.92 0.8133333333333334 833 833 
0.5 0.92 0.82 873 873 
0.5 0.92 0.8266666666666667 837 837 
0.5 0.92 0.8333333333333334 868 868 
0.5 0.92 0.84 931 931 
0.5 0.92 0.8466666666666667 815 815 
0.5 0.92 0.8533333333333334 802 802 
0.5 0.92 0.86 874 874 
0.5 0.92 0.8666666666666667 833 833 
0.5 0.92 0.8733333333333333 882 882 
0.5 0.92 0.88 839 839 
0.5 0.92 0.8866666666666667 828 828 
0.5 0.92 0.8933333333333333 867 867 
0.5 0.92 0.9 786 786 
0.5 0.92 0.9066666666666666 906 906 
0.5 0.92 0.9133333333333333 851 851 
0.5 0.92 0.92 851 851 
0.5 0.92 0.9266666666666666 891 891 
0.5 0.92 0.9333333333333333 841 841 
0.5 0.92 0.94 849 849 
0.5 0.92 0.9466666666666667 936 936 
0.5 0.92 0.9533333333333334 809 809 
0.5 0.92 0.96 1021 1021 
0.5 0.92 0.9666666666666667 766 766 
0.5 0.92 0.9733333333333334 654 654 
0.5 0.92 0.98 1439 1439 
0.5 0.92 0.9866666666666667 0 0 
0.5 0.92 0.9933333333333333 0 0 
0.5 0.9266666666666666 0.0 0 0 
0.5 0.9266666666666666 0.006666666666666667 0 0 
0.5 0.9266666666666666 0.013333333333333334 1298 1298 
0.5 0.9266666666666666 0.02 659 659 
0.5 0.9266666666666666 0.02666666666666667 700 700 
0.5 0.9266666666666666 0.03333333333333333 991 991 
0.5 0.9266666666666666 0.04 748 748 
0.5 0.9266666666666666 0.04666666666666667 871 871 
0.5 0.9266666666666666 0.05333333333333334 821 821 
0.5 0.9266666666666666 0.06 905 905 
0.5 0.9266666666666666 0.06666666666666667 842 842 
0.5 0.9266666666666666 0.07333333333333333 830 830 
0.5 0.9266666666666666 0.08 827 827 
0.5 0.9266666666666666 0.08666666666666667 862 862 
0.5 0.9266666666666666 0.09333333333333334 856 856 
0.5 0.9266666666666666 0.1 871 871 
0.5 0.9266666666666666 0.10666666666666667 809 809 
0.5 0.9266666666666666 0.11333333333333333 841 841 
0.5 0.9266666666666666 0.12 866 866 
0.5 0.9266666666666666 0.12666666666666668 929 929 
0.5 0.9266666666666666 0.13333333333333333 808 808 
0.5 0.9266666666666666 0.14 818 818 
0.5 0.9266666666666666 0.14666666666666667 815 815 
0.5 0.9266666666666666 0.15333333333333332 858 858 
0.5 0.9266666666666666 0.16 870 870 
0.5 0.9266666666666666 0.16666666666666666 855 855 
0.5 0.9266666666666666 0.17333333333333334 864 864 
0.5 0.9266666666666666 0.18 848 848 
0.5 0.9266666666666666 0.18666666666666668 788 788 
0.5 0.9266666666666666 0.19333333333333333 841 841 
0.5 0.9266666666666666 0.2 787 787 
0.5 0.9266666666666666 0.20666666666666667 816 816 
0.5 0.9266666666666666 0.21333333333333335 807 807 
0.5 0.9266666666666666 0.22 839 839 
0.5 0.9266666666666666 0.22666666666666666 810 810 
0.5 0.9266666666666666 0.23333333333333334 852 852 
0.5 0.9266666666666666 0.24 820 820 
0.5 0.9266666666666666 0.24666666666666667 848 848 
0.5 0.9266666666666666 0.25333333333333335 865 865 
0.5 0.9266666666666666 0.26 800 800 
0.5 0.9266666666666666 0.26666666666666666 819 819 
0.5 0.9266666666666666 0.2733333333333333 862 862 
0.5 0.9266666666666666 0.28 788 788 
0.5 0.9266666666666666 0.2866666666666667 816 816 
0.5 0.9266666666666666 0.29333333333333333 852 852 
0.5 0.9266666666666666 0.3 848 848 
0.5 0.9266666666666666 0.30666666666666664 879 879 
0.5 0.9266666666666666 0.31333333333333335 841 841 
0.5 0.9266666666666666 0.32 808 808 
0.5 0.9266666666666666 0.32666666666666666 812 812 
0.5 0.9266666666666666 0.3333333333333333 823 823 
0.5 0.9266666666666666 0.34 807 807 
0.5 0.9266666666666666 0.3466666666666667 862 862 
0.5 0.9266666666666666 0.35333333333333333 833 833 
0.5 0.9266666666666666 0.36 823 823 
0.5 0.9266666666666666 0.36666666666666664 809 809 
0.5 0.9266666666666666 0.37333333333333335 828 828 
0.5 0.9266666666666666 0.38 852 852 
0.5 0.9266666666666666 0.38666666666666666 854 854 
0.5 0.9266666666666666 0.3933333333333333 833 833 
0.5 0.9266666666666666 0.4 830 830 
0.5 0.9266666666666666 0.4066666666666667 848 848 
0.5 0.9266666666666666 0.41333333333333333 846 846 
0.5 0.9266666666666666 0.42 857 857 
0.5 0.9266666666666666 0.4266666666666667 875 875 
0.5 0.9266666666666666 0.43333333333333335 856 856 
0.5 0.9266666666666666 0.44 872 872 
0.5 0.9266666666666666 0.44666666666666666 854 854 
0.5 0.9266666666666666 0.4533333333333333 861 861 
0.5 0.9266666666666666 0.46 874 874 
0.5 0.9266666666666666 0.4666666666666667 839 839 
0.5 0.9266666666666666 0.47333333333333333 856 856 
0.5 0.9266666666666666 0.48 792 792 
0.5 0.9266666666666666 0.4866666666666667 824 824 
0.5 0.9266666666666666 0.49333333333333335 870 870 
0.5 0.9266666666666666 0.5 844 844 
0.5 0.9266666666666666 0.5066666666666667 900 900 
0.5 0.9266666666666666 0.5133333333333333 838 838 
0.5 0.9266666666666666 0.52 841 841 
0.5 0.9266666666666666 0.5266666666666666 852 852 
0.5 0.9266666666666666 0.5333333333333333 836 836 
0.5 0.9266666666666666 0.54 841 841 
0.5 0.9266666666666666 0.5466666666666666 822 822 
0.5 0.9266666666666666 0.5533333333333333 817 817 
0.5 0.9266666666666666 0.56 852 852 
0.5 0.9266666666666666 0.5666666666666667 907 907 
0.5 0.9266666666666666 0.5733333333333334 862 862 
0.5 0.9266666666666666 0.58 840 840 
0.5 0.9266666666666666 0.5866666666666667 873 873 
0.5 0.9266666666666666 0.5933333333333334 815 815 
0.5 0.9266666666666666 0.6 919 919 
0.5 0.9266666666666666 0.6066666666666667 836 836 
0.5 0.9266666666666666 0.6133333333333333 810 810 
0.5 0.9266666666666666 0.62 847 847 
0.5 0.9266666666666666 0.6266666666666667 763 763 
0.5 0.9266666666666666 0.6333333333333333 846 846 
0.5 0.9266666666666666 0.64 935 935 
0.5 0.9266666666666666 0.6466666666666666 834 834 
0.5 0.9266666666666666 0.6533333333333333 854 854 
0.5 0.9266666666666666 0.66 833 833 
0.5 0.9266666666666666 0.6666666666666666 859 859 
0.5 0.9266666666666666 0.6733333333333333 851 851 
0.5 0.9266666666666666 0.68 857 857 
0.5 0.9266666666666666 0.6866666666666666 805 805 
0.5 0.9266666666666666 0.6933333333333334 858 858 
0.5 0.9266666666666666 0.7 823 823 
0.5 0.9266666666666666 0.7066666666666667 890 890 
0.5 0.9266666666666666 0.7133333333333334 877 877 
0.5 0.9266666666666666 0.72 881 881 
0.5 0.9266666666666666 0.7266666666666667 873 873 
0.5 0.9266666666666666 0.7333333333333333 831 831 
0.5 0.9266666666666666 0.74 886 886 
0.5 0.9266666666666666 0.7466666666666667 830 830 
0.5 0.9266666666666666 0.7533333333333333 897 897 
0.5 0.9266666666666666 0.76 791 791 
0.5 0.9266666666666666 0.7666666666666667 830 830 
0.5 0.9266666666666666 0.7733333333333333 895 895 
0.5 0.9266666666666666 0.78 877 877 
0.5 0.9266666666666666 0.7866666666666666 853 853 
0.5 0.9266666666666666 0.7933333333333333 843 843 
0.5 0.9266666666666666 0.8 817 817 
0.5 0.9266666666666666 0.8066666666666666 832 832 
0.5 0.9266666666666666 0.8133333333333334 831 831 
0.5 0.9266666666666666 0.82 826 826 
0.5 0.9266666666666666 0.8266666666666667 883 883 
0.5 0.9266666666666666 0.8333333333333334 852 852 
0.5 0.9266666666666666 0.84 867 867 
0.5 0.9266666666666666 0.8466666666666667 810 810 
0.5 0.9266666666666666 0.8533333333333334 832 832 
0.5 0.9266666666666666 0.86 832 832 
0.5 0.9266666666666666 0.8666666666666667 849 849 
0.5 0.9266666666666666 0.8733333333333333 914 914 
0.5 0.9266666666666666 0.88 899 899 
0.5 0.9266666666666666 0.8866666666666667 877 877 
0.5 0.9266666666666666 0.8933333333333333 844 844 
0.5 0.9266666666666666 0.9 850 850 
0.5 0.9266666666666666 0.9066666666666666 832 832 
0.5 0.9266666666666666 0.9133333333333333 855 855 
0.5 0.9266666666666666 0.92 860 860 
0.5 0.9266666666666666 0.9266666666666666 875 875 
0.5 0.9266666666666666 0.9333333333333333 851 851 
0.5 0.9266666666666666 0.94 882 882 
0.5 0.9266666666666666 0.9466666666666667 889 889 
0.5 0.9266666666666666 0.9533333333333334 796 796 
0.5 0.9266666666666666 0.96 975 975 
0.5 0.9266666666666666 0.9666666666666667 807 807 
0.5 0.9266666666666666 0.9733333333333334 672 672 
0.5 0.9266666666666666 0.98 1342 1342 
0.5 0.9266666666666666 0.9866666666666667 0 0 
0.5 0.9266666666666666 0.9933333333333333 0 0 
0.5 0.9333333333333333 0.0 0 0 
0.5 0.9333333333333333 0.006666666666666667 0 0 
0.5 0.9333333333333333 0.013333333333333334 1316 1316 
0.5 0.9333333333333333 0.02 687 687 
0.5 0.9333333333333333 0.02666666666666667 726 726 
0.5 0.9333333333333333 0.03333333333333333 968 968 
0.5 0.9333333333333333 0.04 817 817 
0.5 0.9333333333333333 0.04666666666666667 900 900 
0.5 0.9333333333333333 0.05333333333333334 833 833 
0.5 0.9333333333333333 0.06 823 823 
0.5 0.9333333333333333 0.06666666666666667 877 877 
0.5 0.9333333333333333 0.07333333333333333 899 899 
0.5 0.9333333333333333 0.08 826 826 
0.5 0.9333333333333333 0.08666666666666667 786 786 
0.5 0.9333333333333333 0.09333333333333334 902 902 
0.5 0.9333333333333333 0.1 851 851 
0.5 0.9333333333333333 0.10666666666666667 808 808 
0.5 0.9333333333333333 0.11333333333333333 861 861 
0.5 0.9333333333333333 0.12 825 825 
0.5 0.9333333333333333 0.12666666666666668 882 882 
0.5 0.9333333333333333 0.13333333333333333 826 826 
0.5 0.9333333333333333 0.14 843 843 
0.5 0.9333333333333333 0.14666666666666667 840 840 
0.5 0.9333333333333333 0.15333333333333332 873 873 
0.5 0.9333333333333333 0.16 803 803 
0.5 0.9333333333333333 0.16666666666666666 824 824 
0.5 0.9333333333333333 0.17333333333333334 816 816 
0.5 0.9333333333333333 0.18 857 857 
0.5 0.9333333333333333 0.18666666666666668 866 866 
0.5 0.9333333333333333 0.19333333333333333 815 815 
0.5 0.9333333333333333 0.2 789 789 
0.5 0.9333333333333333 0.20666666666666667 844 844 
0.5 0.9333333333333333 0.21333333333333335 838 838 
0.5 0.9333333333333333 0.22 850 850 
0.5 0.9333333333333333 0.22666666666666666 852 852 
0.5 0.9333333333333333 0.23333333333333334 825 825 
0.5 0.9333333333333333 0.24 875 875 
0.5 0.9333333333333333 0.24666666666666667 804 804 
0.5 0.9333333333333333 0.25333333333333335 784 784 
0.5 0.9333333333333333 0.26 805 805 
0.5 0.9333333333333333 0.26666666666666666 838 838 
0.5 0.9333333333333333 0.2733333333333333 850 850 
0.5 0.9333333333333333 0.28 843 843 
0.5 0.9333333333333333 0.2866666666666667 842 842 
0.5 0.9333333333333333 0.29333333333333333 853 853 
0.5 0.9333333333333333 0.3 863 863 
0.5 0.9333333333333333 0.30666666666666664 811 811 
0.5 0.9333333333333333 0.31333333333333335 859 859 
0.5 0.9333333333333333 0.32 791 791 
0.5 0.9333333333333333 0.32666666666666666 839 839 
0.5 0.9333333333333333 0.3333333333333333 828 828 
0.5 0.9333333333333333 0.34 888 888 
0.5 0.9333333333333333 0.3466666666666667 843 843 
0.5 0.9333333333333333 0.35333333333333333 765 765 
0.5 0.9333333333333333 0.36 821 821 
0.5 0.9333333333333333 0.36666666666666664 869 869 
0.5 0.9333333333333333 0.37333333333333335 816 816 
0.5 0.9333333333333333 0.38 823 823 
0.5 0.9333333333333333 0.38666666666666666 853 853 
0.5 0.9333333333333333 0.3933333333333333 876 876 
0.5 0.9333333333333333 0.4 805 805 
0.5 0.9333333333333333 0.4066666666666667 840 840 
0.5 0.9333333333333333 0.41333333333333333 834 834 
0.5 0.9333333333333333 0.42 811 811 
0.5 0.9333333333333333 0.4266666666666667 826 826 
0.5 0.9333333333333333 0.43333333333333335 816 816 
0.5 0.9333333333333333 0.44 879 879 
0.5 0.9333333333333333 0.44666666666666666 907 907 
0.5 0.9333333333333333 0.4533333333333333 820 820 
0.5 0.9333333333333333 0.46 820 820 
0.5 0.9333333333333333 0.4666666666666667 816 816 
0.5 0.9333333333333333 0.47333333333333333 816 816 
0.5 0.9333333333333333 0.48 895 895 
0.5 0.9333333333333333 0.4866666666666667 841 841 
0.5 0.9333333333333333 0.49333333333333335 913 913 
0.5 0.9333333333333333 0.5 870 870 
0.5 0.9333333333333333 0.5066666666666667 891 891 
0.5 0.9333333333333333 0.5133333333333333 868 868 
0.5 0.9333333333333333 0.52 840 840 
0.5 0.9333333333333333 0.5266666666666666 774 774 
0.5 0.9333333333333333 0.5333333333333333 875 875 
0.5 0.9333333333333333 0.54 846 846 
0.5 0.9333333333333333 0.5466666666666666 904 904 
0.5 0.9333333333333333 0.5533333333333333 851 851 
0.5 0.9333333333333333 0.56 845 845 
0.5 0.9333333333333333 0.5666666666666667 803 803 
0.5 0.9333333333333333 0.5733333333333334 855 855 
0.5 0.9333333333333333 0.58 841 841 
0.5 0.9333333333333333 0.5866666666666667 871 871 
0.5 0.9333333333333333 0.5933333333333334 861 861 
0.5 0.9333333333333333 0.6 882 882 
0.5 0.9333333333333333 0.6066666666666667 832 832 
0.5 0.9333333333333333 0.6133333333333333 870 870 
0.5 0.9333333333333333 0.62 791 791 
0.5 0.9333333333333333 0.6266666666666667 835 835 
0.5 0.9333333333333333 0.6333333333333333 808 808 
0.5 0.9333333333333333 0.64 806 806 
0.5 0.9333333333333333 0.6466666666666666 839 839 
0.5 0.9333333333333333 0.6533333333333333 825 825 
0.5 0.9333333333333333 0.66 849 849 
0.5 0.9333333333333333 0.6666666666666666 859 859 
0.5 0.9333333333333333 0.6733333333333333 892 892 
0.5 0.9333333333333333 0.68 908 908 
0.5 0.9333333333333333 0.6866666666666666 819 819 
0.5 0.9333333333333333 0.6933333333333334 862 862 
0.5 0.9333333333333333 0.7 872 872 
0.5 0.9333333333333333 0.7066666666666667 858 858 
0.5 0.9333333333333333 0.7133333333333334 846 846 
0.5 0.9333333333333333 0.72 844 844 
0.5 0.9333333333333333 0.7266666666666667 863 863 
0.5 0.9333333333333333 0.7333333333333333 864 864 
0.5 0.9333333333333333 0.74 854 854 
0.5 0.9333333333333333 0.7466666666666667 815 815 
0.5 0.9333333333333333 0.7533333333333333 863 863 
0.5 0.9333333333333333 0.76 826 826 
0.5 0.9333333333333333 0.7666666666666667 866 866 
0.5 0.9333333333333333 0.7733333333333333 848 848 
0.5 0.9333333333333333 0.78 884 884 
0.5 0.9333333333333333 0.7866666666666666 862 862 
0.5 0.9333333333333333 0.7933333333333333 883 883 
0.5 0.9333333333333333 0.8 903 903 
0.5 0.9333333333333333 0.8066666666666666 857 857 
0.5 0.9333333333333333 0.8133333333333334 869 869 
0.5 0.9333333333333333 0.82 896 896 
0.5 0.9333333333333333 0.8266666666666667 893 893 
0.5 0.9333333333333333 0.8333333333333334 833 833 
0.5 0.9333333333333333 0.84 813 813 
0.5 0.9333333333333333 0.8466666666666667 844 844 
0.5 0.9333333333333333 0.8533333333333334 862 862 
0.5 0.9333333333333333 0.86 859 859 
0.5 0.9333333333333333 0.8666666666666667 891 891 
0.5 0.9333333333333333 0.8733333333333333 845 845 
0.5 0.9333333333333333 0.88 816 816 
0.5 0.9333333333333333 0.8866666666666667 810 810 
0.5 0.9333333333333333 0.8933333333333333 802 802 
0.5 0.9333333333333333 0.9 907 907 
0.5 0.9333333333333333 0.9066666666666666 793 793 
0.5 0.9333333333333333 0.9133333333333333 856 856 
0.5 0.9333333333333333 0.92 899 899 
0.5 0.9333333333333333 0.9266666666666666 846 846 
0.5 0.9333333333333333 0.9333333333333333 898 898 
0.5 0.9333333333333333 0.94 883 883 
0.5 0.9333333333333333 0.9466666666666667 869 869 
0.5 0.9333333333333333 0.9533333333333334 798 798 
0.5 0.9333333333333333 0.96 957 957 
0.5 0.9333333333333333 0.9666666666666667 756 756 
0.5 0.9333333333333333 0.9733333333333334 686 686 
0.5 0.9333333333333333 0.98 1375 1375 
0.5 0.9333333333333333 0.9866666666666667 0 0 
0.5 0.9333333333333333 0.9933333333333333 0 0 
0.5 0.94 0.0 0 0 
0.5 0.94 0.006666666666666667 0 0 
0.5 0.94 0.013333333333333334 1387 1387 
0.5 0.94 0.02 718 718 
0.5 0.94 0.02666666666666667 730 730 
0.5 0.94 0.03333333333333333 1053 1053 
0.5 0.94 0.04 753 753 
0.5 0.94 0.04666666666666667 890 890 
0.5 0.94 0.05333333333333334 832 832 
0.5 0.94 0.06 820 820 
0.5 0.94 0.06666666666666667 868 868 
0.5 0.94 0.07333333333333333 777 777 
0.5 0.94 0.08 884 884 
0.5 0.94 0.08666666666666667 848 848 
0.5 0.94 0.09333333333333334 850 850 
0.5 0.94 0.1 850 850 
0.5 0.94 0.10666666666666667 883 883 
0.5 0.94 0.11333333333333333 854 854 
0.5 0.94 0.12 827 827 
0.5 0.94 0.12666666666666668 841 841 
0.5 0.94 0.13333333333333333 838 838 
0.5 0.94 0.14 815 815 
0.5 0.94 0.14666666666666667 808 808 
0.5 0.94 0.15333333333333332 890 890 
0.5 0.94 0.16 863 863 
0.5 0.94 0.16666666666666666 824 824 
0.5 0.94 0.17333333333333334 836 836 
0.5 0.94 0.18 874 874 
0.5 0.94 0.18666666666666668 813 813 
0.5 0.94 0.19333333333333333 851 851 
0.5 0.94 0.2 833 833 
0.5 0.94 0.20666666666666667 809 809 
0.5 0.94 0.21333333333333335 839 839 
0.5 0.94 0.22 839 839 
0.5 0.94 0.22666666666666666 819 819 
0.5 0.94 0.23333333333333334 826 826 
0.5 0.94 0.24 858 858 
0.5 0.94 0.24666666666666667 881 881 
0.5 0.94 0.25333333333333335 833 833 
0.5 0.94 0.26 843 843 
0.5 0.94 0.26666666666666666 863 863 
0.5 0.94 0.2733333333333333 834 834 
0.5 0.94 0.28 864 864 
0.5 0.94 0.2866666666666667 848 848 
0.5 0.94 0.29333333333333333 861 861 
0.5 0.94 0.3 855 855 
0.5 0.94 0.30666666666666664 769 769 
0.5 0.94 0.31333333333333335 818 818 
0.5 0.94 0.32 843 843 
0.5 0.94 0.32666666666666666 863 863 
0.5 0.94 0.3333333333333333 865 865 
0.5 0.94 0.34 867 867 
0.5 0.94 0.3466666666666667 823 823 
0.5 0.94 0.35333333333333333 901 901 
0.5 0.94 0.36 864 864 
0.5 0.94 0.36666666666666664 845 845 
0.5 0.94 0.37333333333333335 860 860 
0.5 0.94 0.38 812 812 
0.5 0.94 0.38666666666666666 814 814 
0.5 0.94 0.3933333333333333 840 840 
0.5 0.94 0.4 830 830 
0.5 0.94 0.4066666666666667 899 899 
0.5 0.94 0.41333333333333333 818 818 
0.5 0.94 0.42 862 862 
0.5 0.94 0.4266666666666667 879 879 
0.5 0.94 0.43333333333333335 910 910 
0.5 0.94 0.44 856 856 
0.5 0.94 0.44666666666666666 843 843 
0.5 0.94 0.4533333333333333 842 842 
0.5 0.94 0.46 815 815 
0.5 0.94 0.4666666666666667 827 827 
0.5 0.94 0.47333333333333333 834 834 
0.5 0.94 0.48 814 814 
0.5 0.94 0.4866666666666667 896 896 
0.5 0.94 0.49333333333333335 887 887 
0.5 0.94 0.5 863 863 
0.5 0.94 0.5066666666666667 845 845 
0.5 0.94 0.5133333333333333 880 880 
0.5 0.94 0.52 908 908 
0.5 0.94 0.5266666666666666 808 808 
0.5 0.94 0.5333333333333333 840 840 
0.5 0.94 0.54 829 829 
0.5 0.94 0.5466666666666666 893 893 
0.5 0.94 0.5533333333333333 866 866 
0.5 0.94 0.56 833 833 
0.5 0.94 0.5666666666666667 848 848 
0.5 0.94 0.5733333333333334 862 862 
0.5 0.94 0.58 853 853 
0.5 0.94 0.5866666666666667 857 857 
0.5 0.94 0.5933333333333334 862 862 
0.5 0.94 0.6 894 894 
0.5 0.94 0.6066666666666667 833 833 
0.5 0.94 0.6133333333333333 866 866 
0.5 0.94 0.62 860 860 
0.5 0.94 0.6266666666666667 855 855 
0.5 0.94 0.6333333333333333 833 833 
0.5 0.94 0.64 864 864 
0.5 0.94 0.6466666666666666 805 805 
0.5 0.94 0.6533333333333333 836 836 
0.5 0.94 0.66 855 855 
0.5 0.94 0.6666666666666666 842 842 
0.5 0.94 0.6733333333333333 843 843 
0.5 0.94 0.68 880 880 
0.5 0.94 0.6866666666666666 880 880 
0.5 0.94 0.6933333333333334 920 920 
0.5 0.94 0.7 837 837 
0.5 0.94 0.7066666666666667 830 830 
0.5 0.94 0.7133333333333334 902 902 
0.5 0.94 0.72 886 886 
0.5 0.94 0.7266666666666667 863 863 
0.5 0.94 0.7333333333333333 886 886 
0.5 0.94 0.74 870 870 
0.5 0.94 0.7466666666666667 887 887 
0.5 0.94 0.7533333333333333 815 815 
0.5 0.94 0.76 849 849 
0.5 0.94 0.7666666666666667 876 876 
0.5 0.94 0.7733333333333333 827 827 
0.5 0.94 0.78 786 786 
0.5 0.94 0.7866666666666666 799 799 
0.5 0.94 0.7933333333333333 827 827 
0.5 0.94 0.8 890 890 
0.5 0.94 0.8066666666666666 865 865 
0.5 0.94 0.8133333333333334 816 816 
0.5 0.94 0.82 816 816 
0.5 0.94 0.8266666666666667 823 823 
0.5 0.94 0.8333333333333334 844 844 
0.5 0.94 0.84 809 809 
0.5 0.94 0.8466666666666667 876 876 
0.5 0.94 0.8533333333333334 965 965 
0.5 0.94 0.86 861 861 
0.5 0.94 0.8666666666666667 862 862 
0.5 0.94 0.8733333333333333 823 823 
0.5 0.94 0.88 830 830 
0.5 0.94 0.8866666666666667 830 830 
0.5 0.94 0.8933333333333333 824 824 
0.5 0.94 0.9 889 889 
0.5 0.94 0.9066666666666666 841 841 
0.5 0.94 0.9133333333333333 864 864 
0.5 0.94 0.92 814 814 
0.5 0.94 0.9266666666666666 819 819 
0.5 0.94 0.9333333333333333 861 861 
0.5 0.94 0.94 804 804 
0.5 0.94 0.9466666666666667 947 947 
0.5 0.94 0.9533333333333334 806 806 
0.5 0.94 0.96 1028 1028 
0.5 0.94 0.9666666666666667 748 748 
0.5 0.94 0.9733333333333334 675 675 
0.5 0.94 0.98 1398 1398 
0.5 0.94 0.9866666666666667 0 0 
0.5 0.94 0.9933333333333333 0 0 
0.5 0.9466666666666667 0.0 0 0 
0.5 0.9466666666666667 0.006666666666666667 0 0 
0.5 0.9466666666666667 0.013333333333333334 1396 1396 
0.5 0.9466666666666667 0.02 681 681 
0.5 0.9466666666666667 0.02666666666666667 753 753 
0.5 0.9466666666666667 0.03333333333333333 1017 1017 
0.5 0.9466666666666667 0.04 779 779 
0.5 0.9466666666666667 0.04666666666666667 937 937 
0.5 0.9466666666666667 0.05333333333333334 848 848 
0.5 0.9466666666666667 0.06 840 840 
0.5 0.9466666666666667 0.06666666666666667 835 835 
0.5 0.9466666666666667 0.07333333333333333 859 859 
0.5 0.9466666666666667 0.08 832 832 
0.5 0.9466666666666667 0.08666666666666667 783 783 
0.5 0.9466666666666667 0.09333333333333334 868 868 
0.5 0.9466666666666667 0.1 827 827 
0.5 0.9466666666666667 0.10666666666666667 814 814 
0.5 0.9466666666666667 0.11333333333333333 834 834 
0.5 0.9466666666666667 0.12 839 839 
0.5 0.9466666666666667 0.12666666666666668 864 864 
0.5 0.9466666666666667 0.13333333333333333 809 809 
0.5 0.9466666666666667 0.14 856 856 
0.5 0.9466666666666667 0.14666666666666667 837 837 
0.5 0.9466666666666667 0.15333333333333332 839 839 
0.5 0.9466666666666667 0.16 812 812 
0.5 0.9466666666666667 0.16666666666666666 828 828 
0.5 0.9466666666666667 0.17333333333333334 816 816 
0.5 0.9466666666666667 0.18 864 864 
0.5 0.9466666666666667 0.18666666666666668 796 796 
0.5 0.9466666666666667 0.19333333333333333 834 834 
0.5 0.9466666666666667 0.2 818 818 
0.5 0.9466666666666667 0.20666666666666667 858 858 
0.5 0.9466666666666667 0.21333333333333335 822 822 
0.5 0.9466666666666667 0.22 876 876 
0.5 0.9466666666666667 0.22666666666666666 835 835 
0.5 0.9466666666666667 0.23333333333333334 861 861 
0.5 0.9466666666666667 0.24 833 833 
0.5 0.9466666666666667 0.24666666666666667 872 872 
0.5 0.9466666666666667 0.25333333333333335 863 863 
0.5 0.9466666666666667 0.26 798 798 
0.5 0.9466666666666667 0.26666666666666666 874 874 
0.5 0.9466666666666667 0.2733333333333333 823 823 
0.5 0.9466666666666667 0.28 825 825 
0.5 0.9466666666666667 0.2866666666666667 873 873 
0.5 0.9466666666666667 0.29333333333333333 787 787 
0.5 0.9466666666666667 0.3 820 820 
0.5 0.9466666666666667 0.30666666666666664 871 871 
0.5 0.9466666666666667 0.31333333333333335 826 826 
0.5 0.9466666666666667 0.32 845 845 
0.5 0.9466666666666667 0.32666666666666666 848 848 
0.5 0.9466666666666667 0.3333333333333333 847 847 
0.5 0.9466666666666667 0.34 786 786 
0.5 0.9466666666666667 0.3466666666666667 843 843 
0.5 0.9466666666666667 0.35333333333333333 809 809 
0.5 0.9466666666666667 0.36 839 839 
0.5 0.9466666666666667 0.36666666666666664 822 822 
0.5 0.9466666666666667 0.37333333333333335 803 803 
0.5 0.9466666666666667 0.38 892 892 
0.5 0.9466666666666667 0.38666666666666666 825 825 
0.5 0.9466666666666667 0.3933333333333333 798 798 
0.5 0.9466666666666667 0.4 850 850 
0.5 0.9466666666666667 0.4066666666666667 848 848 
0.5 0.9466666666666667 0.41333333333333333 879 879 
0.5 0.9466666666666667 0.42 857 857 
0.5 0.9466666666666667 0.4266666666666667 892 892 
0.5 0.9466666666666667 0.43333333333333335 826 826 
0.5 0.9466666666666667 0.44 811 811 
0.5 0.9466666666666667 0.44666666666666666 825 825 
0.5 0.9466666666666667 0.4533333333333333 859 859 
0.5 0.9466666666666667 0.46 928 928 
0.5 0.9466666666666667 0.4666666666666667 846 846 
0.5 0.9466666666666667 0.47333333333333333 884 884 
0.5 0.9466666666666667 0.48 817 817 
0.5 0.9466666666666667 0.4866666666666667 837 837 
0.5 0.9466666666666667 0.49333333333333335 838 838 
0.5 0.9466666666666667 0.5 886 886 
0.5 0.9466666666666667 0.5066666666666667 883 883 
0.5 0.9466666666666667 0.5133333333333333 896 896 
0.5 0.9466666666666667 0.52 851 851 
0.5 0.9466666666666667 0.5266666666666666 852 852 
0.5 0.9466666666666667 0.5333333333333333 842 842 
0.5 0.9466666666666667 0.54 857 857 
0.5 0.9466666666666667 0.5466666666666666 854 854 
0.5 0.9466666666666667 0.5533333333333333 861 861 
0.5 0.9466666666666667 0.56 878 878 
0.5 0.9466666666666667 0.5666666666666667 847 847 
0.5 0.9466666666666667 0.5733333333333334 892 892 
0.5 0.9466666666666667 0.58 846 846 
0.5 0.9466666666666667 0.5866666666666667 866 866 
0.5 0.9466666666666667 0.5933333333333334 844 844 
0.5 0.9466666666666667 0.6 830 830 
0.5 0.9466666666666667 0.6066666666666667 865 865 
0.5 0.9466666666666667 0.6133333333333333 880 880 
0.5 0.9466666666666667 0.62 827 827 
0.5 0.9466666666666667 0.6266666666666667 826 826 
0.5 0.9466666666666667 0.6333333333333333 859 859 
0.5 0.9466666666666667 0.64 831 831 
0.5 0.9466666666666667 0.6466666666666666 853 853 
0.5 0.9466666666666667 0.6533333333333333 865 865 
0.5 0.9466666666666667 0.66 865 865 
0.5 0.9466666666666667 0.6666666666666666 823 823 
0.5 0.9466666666666667 0.6733333333333333 907 907 
0.5 0.9466666666666667 0.68 847 847 
0.5 0.9466666666666667 0.6866666666666666 848 848 
0.5 0.9466666666666667 0.6933333333333334 816 816 
0.5 0.9466666666666667 0.7 845 845 
0.5 0.9466666666666667 0.7066666666666667 811 811 
0.5 0.9466666666666667 0.7133333333333334 886 886 
0.5 0.9466666666666667 0.72 846 846 
0.5 0.9466666666666667 0.7266666666666667 828 828 
0.5 0.9466666666666667 0.7333333333333333 837 837 
0.5 0.9466666666666667 0.74 793 793 
0.5 0.9466666666666667 0.7466666666666667 889 889 
0.5 0.9466666666666667 0.7533333333333333 885 885 
0.5 0.9466666666666667 0.76 821 821 
0.5 0.9466666666666667 0.7666666666666667 799 799 
0.5 0.9466666666666667 0.7733333333333333 857 857 
0.5 0.9466666666666667 0.78 850 850 
0.5 0.9466666666666667 0.7866666666666666 882 882 
0.5 0.9466666666666667 0.7933333333333333 838 838 
0.5 0.9466666666666667 0.8 847 847 
0.5 0.9466666666666667 0.8066666666666666 877 877 
0.5 0.9466666666666667 0.8133333333333334 835 835 
0.5 0.9466666666666667 0.82 863 863 
0.5 0.9466666666666667 0.8266666666666667 784 784 
0.5 0.9466666666666667 0.8333333333333334 831 831 
0.5 0.9466666666666667 0.84 844 844 
0.5 0.9466666666666667 0.8466666666666667 806 806 
0.5 0.9466666666666667 0.8533333333333334 839 839 
0.5 0.9466666666666667 0.86 833 833 
0.5 0.9466666666666667 0.8666666666666667 870 870 
0.5 0.9466666666666667 0.8733333333333333 865 865 
0.5 0.9466666666666667 0.88 840 840 
0.5 0.9466666666666667 0.8866666666666667 878 878 
0.5 0.9466666666666667 0.8933333333333333 895 895 
0.5 0.9466666666666667 0.9 846 846 
0.5 0.9466666666666667 0.9066666666666666 889 889 
0.5 0.9466666666666667 0.9133333333333333 835 835 
0.5 0.9466666666666667 0.92 888 888 
0.5 0.9466666666666667 0.9266666666666666 871 871 
0.5 0.9466666666666667 0.9333333333333333 878 878 
0.5 0.9466666666666667 0.94 826 826 
0.5 0.9466666666666667 0.9466666666666667 941 941 
0.5 0.9466666666666667 0.9533333333333334 816 816 
0.5 0.9466666666666667 0.96 1037 1037 
0.5 0.9466666666666667 0.9666666666666667 748 748 
0.5 0.9466666666666667 0.9733333333333334 670 670 
0.5 0.9466666666666667 0.98 1320 1320 
0.5 0.9466666666666667 0.9866666666666667 0 0 
0.5 0.9466666666666667 0.9933333333333333 0 0 
0.5 0.9533333333333334 0.0 0 0 
0.5 0.9533333333333334 0.006666666666666667 0 0 
0.5 0.9533333333333334 0.013333333333333334 1390 1390 
0.5 0.9533333333333334 0.02 677 677 
0.5 0.9533333333333334 0.02666666666666667 766 766 
0.5 0.9533333333333334 0.03333333333333333 1026 1026 
0.5 0.9533333333333334 0.04 740 740 
0.5 0.9533333333333334 0.04666666666666667 901 901 
0.5 0.9533333333333334 0.05333333333333334 847 847 
0.5 0.9533333333333334 0.06 844 844 
0.5 0.9533333333333334 0.06666666666666667 854 854 
0.5 0.9533333333333334 0.07333333333333333 886 886 
0.5 0.9533333333333334 0.08 863 863 
0.5 0.9533333333333334 0.08666666666666667 871 871 
0.5 0.9533333333333334 0.09333333333333334 877 877 
0.5 0.9533333333333334 0.1 873 873 
0.5 0.9533333333333334 0.10666666666666667 829 829 
0.5 0.9533333333333334 0.11333333333333333 869 869 
0.5 0.9533333333333334 0.12 836 836 
0.5 0.9533333333333334 0.12666666666666668 860 860 
0.5 0.9533333333333334 0.13333333333333333 800 800 
0.5 0.9533333333333334 0.14 828 828 
0.5 0.9533333333333334 0.14666666666666667 817 817 
0.5 0.9533333333333334 0.15333333333333332 840 840 
0.5 0.9533333333333334 0.16 866 866 
0.5 0.9533333333333334 0.16666666666666666 835 835 
0.5 0.9533333333333334 0.17333333333333334 844 844 
0.5 0.9533333333333334 0.18 872 872 
0.5 0.9533333333333334 0.18666666666666668 816 816 
0.5 0.9533333333333334 0.19333333333333333 870 870 
0.5 0.9533333333333334 0.2 849 849 
0.5 0.9533333333333334 0.20666666666666667 797 797 
0.5 0.9533333333333334 0.21333333333333335 798 798 
0.5 0.9533333333333334 0.22 796 796 
0.5 0.9533333333333334 0.22666666666666666 847 847 
0.5 0.9533333333333334 0.23333333333333334 881 881 
0.5 0.9533333333333334 0.24 837 837 
0.5 0.9533333333333334 0.24666666666666667 894 894 
0.5 0.9533333333333334 0.25333333333333335 782 782 
0.5 0.9533333333333334 0.26 839 839 
0.5 0.9533333333333334 0.26666666666666666 845 845 
0.5 0.9533333333333334 0.2733333333333333 871 871 
0.5 0.9533333333333334 0.28 841 841 
0.5 0.9533333333333334 0.2866666666666667 835 835 
0.5 0.9533333333333334 0.29333333333333333 763 763 
0.5 0.9533333333333334 0.3 848 848 
0.5 0.9533333333333334 0.30666666666666664 791 791 
0.5 0.9533333333333334 0.31333333333333335 876 876 
0.5 0.9533333333333334 0.32 803 803 
0.5 0.9533333333333334 0.32666666666666666 858 858 
0.5 0.9533333333333334 0.3333333333333333 850 850 
0.5 0.9533333333333334 0.34 833 833 
0.5 0.9533333333333334 0.3466666666666667 824 824 
0.5 0.9533333333333334 0.35333333333333333 825 825 
0.5 0.9533333333333334 0.36 895 895 
0.5 0.9533333333333334 0.36666666666666664 827 827 
0.5 0.9533333333333334 0.37333333333333335 847 847 
0.5 0.9533333333333334 0.38 870 870 
0.5 0.9533333333333334 0.38666666666666666 845 845 
0.5 0.9533333333333334 0.3933333333333333 803 803 
0.5 0.9533333333333334 0.4 875 875 
0.5 0.9533333333333334 0.4066666666666667 861 861 
0.5 0.9533333333333334 0.41333333333333333 821 821 
0.5 0.9533333333333334 0.42 863 863 
0.5 0.9533333333333334 0.4266666666666667 796 796 
0.5 0.9533333333333334 0.43333333333333335 841 841 
0.5 0.9533333333333334 0.44 828 828 
0.5 0.9533333333333334 0.44666666666666666 932 932 
0.5 0.9533333333333334 0.4533333333333333 835 835 
0.5 0.9533333333333334 0.46 854 854 
0.5 0.9533333333333334 0.4666666666666667 836 836 
0.5 0.9533333333333334 0.47333333333333333 899 899 
0.5 0.9533333333333334 0.48 846 846 
0.5 0.9533333333333334 0.4866666666666667 830 830 
0.5 0.9533333333333334 0.49333333333333335 909 909 
0.5 0.9533333333333334 0.5 846 846 
0.5 0.9533333333333334 0.5066666666666667 838 838 
0.5 0.9533333333333334 0.5133333333333333 837 837 
0.5 0.9533333333333334 0.52 886 886 
0.5 0.9533333333333334 0.5266666666666666 888 888 
0.5 0.9533333333333334 0.5333333333333333 802 802 
0.5 0.9533333333333334 0.54 887 887 
0.5 0.9533333333333334 0.5466666666666666 815 815 
0.5 0.9533333333333334 0.5533333333333333 866 866 
0.5 0.9533333333333334 0.56 822 822 
0.5 0.9533333333333334 0.5666666666666667 831 831 
0.5 0.9533333333333334 0.5733333333333334 856 856 
0.5 0.9533333333333334 0.58 879 879 
0.5 0.9533333333333334 0.5866666666666667 848 848 
0.5 0.9533333333333334 0.5933333333333334 809 809 
0.5 0.9533333333333334 0.6 905 905 
0.5 0.9533333333333334 0.6066666666666667 862 862 
0.5 0.9533333333333334 0.6133333333333333 779 779 
0.5 0.9533333333333334 0.62 827 827 
0.5 0.9533333333333334 0.6266666666666667 889 889 
0.5 0.9533333333333334 0.6333333333333333 826 826 
0.5 0.9533333333333334 0.64 815 815 
0.5 0.9533333333333334 0.6466666666666666 849 849 
0.5 0.9533333333333334 0.6533333333333333 852 852 
0.5 0.9533333333333334 0.66 855 855 
0.5 0.9533333333333334 0.6666666666666666 844 844 
0.5 0.9533333333333334 0.6733333333333333 813 813 
0.5 0.9533333333333334 0.68 852 852 
0.5 0.9533333333333334 0.6866666666666666 908 908 
0.5 0.9533333333333334 0.6933333333333334 832 832 
0.5 0.9533333333333334 0.7 825 825 
0.5 0.9533333333333334 0.7066666666666667 822 822 
0.5 0.9533333333333334 0.7133333333333334 846 846 
0.5 0.9533333333333334 0.72 843 843 
0.5 0.9533333333333334 0.7266666666666667 832 832 
0.5 0.9533333333333334 0.7333333333333333 815 815 
0.5 0.9533333333333334 0.74 857 857 
0.5 0.9533333333333334 0.7466666666666667 883 883 
0.5 0.9533333333333334 0.7533333333333333 844 844 
0.5 0.9533333333333334 0.76 869 869 
0.5 0.9533333333333334 0.7666666666666667 845 845 
0.5 0.9533333333333334 0.7733333333333333 843 843 
0.5 0.9533333333333334 0.78 828 828 
0.5 0.9533333333333334 0.7866666666666666 879 879 
0.5 0.9533333333333334 0.7933333333333333 793 793 
0.5 0.9533333333333334 0.8 845 845 
0.5 0.9533333333333334 0.8066666666666666 826 826 
0.5 0.9533333333333334 0.8133333333333334 822 822 
0.5 0.9533333333333334 0.82 858 858 
0.5 0.9533333333333334 0.8266666666666667 796 796 
0.5 0.9533333333333334 0.8333333333333334 841 841 
0.5 0.9533333333333334 0.84 904 904 
0.5 0.9533333333333334 0.8466666666666667 840 840 
0.5 0.9533333333333334 0.8533333333333334 873 873 
0.5 0.9533333333333334 0.86 889 889 
0.5 0.9533333333333334 0.8666666666666667 853 853 
0.5 0.9533333333333334 0.8733333333333333 867 867 
0.5 0.9533333333333334 0.88 843 843 
0.5 0.9533333333333334 0.8866666666666667 855 855 
0.5 0.9533333333333334 0.8933333333333333 886 886 
0.5 0.9533333333333334 0.9 864 864 
0.5 0.9533333333333334 0.9066666666666666 824 824 
0.5 0.9533333333333334 0.9133333333333333 898 898 
0.5 0.9533333333333334 0.92 895 895 
0.5 0.9533333333333334 0.9266666666666666 884 884 
0.5 0.9533333333333334 0.9333333333333333 885 885 
0.5 0.9533333333333334 0.94 906 906 
0.5 0.9533333333333334 0.9466666666666667 888 888 
0.5 0.9533333333333334 0.9533333333333334 764 764 
0.5 0.9533333333333334 0.96 980 980 
0.5 0.9533333333333334 0.9666666666666667 774 774 
0.5 0.9533333333333334 0.9733333333333334 715 715 
0.5 0.9533333333333334 0.98 1439 1439 
0.5 0.9533333333333334 0.9866666666666667 0 0 
0.5 0.9533333333333334 0.9933333333333333 0 0 
0.5 0.96 0.0 0 0 
0.5 0.96 0.006666666666666667 0 0 
0.5 0.96 0.013333333333333334 1374 1374 
0.5 0.96 0.02 754 754 
0.5 0.96 0.02666666666666667 760 760 
0.5 0.96 0.03333333333333333 987 987 
0.5 0.96 0.04 812 812 
0.5 0.96 0.04666666666666667 896 896 
0.5 0.96 0.05333333333333334 824 824 
0.5 0.96 0.06 843 843 
0.5 0.96 0.06666666666666667 862 862 
0.5 0.96 0.07333333333333333 852 852 
0.5 0.96 0.08 839 839 
0.5 0.96 0.08666666666666667 869 869 
0.5 0.96 0.09333333333333334 858 858 
0.5 0.96 0.1 864 864 
0.5 0.96 0.10666666666666667 797 797 
0.5 0.96 0.11333333333333333 834 834 
0.5 0.96 0.12 822 822 
0.5 0.96 0.12666666666666668 846 846 
0.5 0.96 0.13333333333333333 808 808 
0.5 0.96 0.14 809 809 
0.5 0.96 0.14666666666666667 831 831 
0.5 0.96 0.15333333333333332 839 839 
0.5 0.96 0.16 793 793 
0.5 0.96 0.16666666666666666 853 853 
0.5 0.96 0.17333333333333334 826 826 
0.5 0.96 0.18 857 857 
0.5 0.96 0.18666666666666668 858 858 
0.5 0.96 0.19333333333333333 840 840 
0.5 0.96 0.2 830 830 
0.5 0.96 0.20666666666666667 837 837 
0.5 0.96 0.21333333333333335 841 841 
0.5 0.96 0.22 826 826 
0.5 0.96 0.22666666666666666 868 868 
0.5 0.96 0.23333333333333334 839 839 
0.5 0.96 0.24 781 781 
0.5 0.96 0.24666666666666667 842 842 
0.5 0.96 0.25333333333333335 825 825 
0.5 0.96 0.26 862 862 
0.5 0.96 0.26666666666666666 809 809 
0.5 0.96 0.2733333333333333 838 838 
0.5 0.96 0.28 847 847 
0.5 0.96 0.2866666666666667 818 818 
0.5 0.96 0.29333333333333333 857 857 
0.5 0.96 0.3 866 866 
0.5 0.96 0.30666666666666664 855 855 
0.5 0.96 0.31333333333333335 830 830 
0.5 0.96 0.32 815 815 
0.5 0.96 0.32666666666666666 899 899 
0.5 0.96 0.3333333333333333 820 820 
0.5 0.96 0.34 867 867 
0.5 0.96 0.3466666666666667 864 864 
0.5 0.96 0.35333333333333333 876 876 
0.5 0.96 0.36 823 823 
0.5 0.96 0.36666666666666664 841 841 
0.5 0.96 0.37333333333333335 847 847 
0.5 0.96 0.38 813 813 
0.5 0.96 0.38666666666666666 821 821 
0.5 0.96 0.3933333333333333 811 811 
0.5 0.96 0.4 858 858 
0.5 0.96 0.4066666666666667 858 858 
0.5 0.96 0.41333333333333333 854 854 
0.5 0.96 0.42 843 843 
0.5 0.96 0.4266666666666667 859 859 
0.5 0.96 0.43333333333333335 868 868 
0.5 0.96 0.44 844 844 
0.5 0.96 0.44666666666666666 870 870 
0.5 0.96 0.4533333333333333 844 844 
0.5 0.96 0.46 843 843 
0.5 0.96 0.4666666666666667 788 788 
0.5 0.96 0.47333333333333333 864 864 
0.5 0.96 0.48 861 861 
0.5 0.96 0.4866666666666667 887 887 
0.5 0.96 0.49333333333333335 870 870 
0.5 0.96 0.5 886 886 
0.5 0.96 0.5066666666666667 827 827 
0.5 0.96 0.5133333333333333 848 848 
0.5 0.96 0.52 850 850 
0.5 0.96 0.5266666666666666 864 864 
0.5 0.96 0.5333333333333333 854 854 
0.5 0.96 0.54 812 812 
0.5 0.96 0.5466666666666666 856 856 
0.5 0.96 0.5533333333333333 853 853 
0.5 0.96 0.56 808 808 
0.5 0.96 0.5666666666666667 828 828 
0.5 0.96 0.5733333333333334 831 831 
0.5 0.96 0.58 810 810 
0.5 0.96 0.5866666666666667 838 838 
0.5 0.96 0.5933333333333334 840 840 
0.5 0.96 0.6 831 831 
0.5 0.96 0.6066666666666667 840 840 
0.5 0.96 0.6133333333333333 849 849 
0.5 0.96 0.62 782 782 
0.5 0.96 0.6266666666666667 805 805 
0.5 0.96 0.6333333333333333 880 880 
0.5 0.96 0.64 861 861 
0.5 0.96 0.6466666666666666 857 857 
0.5 0.96 0.6533333333333333 893 893 
0.5 0.96 0.66 809 809 
0.5 0.96 0.6666666666666666 832 832 
0.5 0.96 0.6733333333333333 868 868 
0.5 0.96 0.68 807 807 
0.5 0.96 0.6866666666666666 849 849 
0.5 0.96 0.6933333333333334 862 862 
0.5 0.96 0.7 766 766 
0.5 0.96 0.7066666666666667 835 835 
0.5 0.96 0.7133333333333334 847 847 
0.5 0.96 0.72 857 857 
0.5 0.96 0.7266666666666667 876 876 
0.5 0.96 0.7333333333333333 783 783 
0.5 0.96 0.74 830 830 
0.5 0.96 0.7466666666666667 805 805 
0.5 0.96 0.7533333333333333 846 846 
0.5 0.96 0.76 854 854 
0.5 0.96 0.7666666666666667 828 828 
0.5 0.96 0.7733333333333333 829 829 
0.5 0.96 0.78 836 836 
0.5 0.96 0.7866666666666666 823 823 
0.5 0.96 0.7933333333333333 777 777 
0.5 0.96 0.8 834 834 
0.5 0.96 0.8066666666666666 806 806 
0.5 0.96 0.8133333333333334 788 788 
0.5 0.96 0.82 844 844 
0.5 0.96 0.8266666666666667 853 853 
0.5 0.96 0.8333333333333334 874 874 
0.5 0.96 0.84 871 871 
0.5 0.96 0.8466666666666667 873 873 
0.5 0.96 0.8533333333333334 866 866 
0.5 0.96 0.86 798 798 
0.5 0.96 0.8666666666666667 868 868 
0.5 0.96 0.8733333333333333 805 805 
0.5 0.96 0.88 833 833 
0.5 0.96 0.8866666666666667 842 842 
0.5 0.96 0.8933333333333333 887 887 
0.5 0.96 0.9 856 856 
0.5 0.96 0.9066666666666666 850 850 
0.5 0.96 0.9133333333333333 853 853 
0.5 0.96 0.92 820 820 
0.5 0.96 0.9266666666666666 903 903 
0.5 0.96 0.9333333333333333 850 850 
0.5 0.96 0.94 830 830 
0.5 0.96 0.9466666666666667 926 926 
0.5 0.96 0.9533333333333334 775 775 
0.5 0.96 0.96 992 992 
0.5 0.96 0.9666666666666667 740 740 
0.5 0.96 0.9733333333333334 739 739 
0.5 0.96 0.98 1463 1463 
0.5 0.96 0.9866666666666667 0 0 
0.5 0.96 0.9933333333333333 0 0 
0.5 0.9666666666666667 0.0 0 0 
0.5 0.9666666666666667 0.006666666666666667 0 0 
0.5 0.9666666666666667 0.013333333333333334 1371 1371 
0.5 0.9666666666666667 0.02 749 749 
0.5 0.9666666666666667 0.02666666666666667 754 754 
0.5 0.9666666666666667 0.03333333333333333 999 999 
0.5 0.9666666666666667 0.04 771 771 
0.5 0.9666666666666667 0.04666666666666667 897 897 
0.5 0.9666666666666667 0.05333333333333334 830 830 
0.5 0.9666666666666667 0.06 852 852 
0.5 0.9666666666666667 0.06666666666666667 858 858 
0.5 0.9666666666666667 0.07333333333333333 842 842 
0.5 0.9666666666666667 0.08 833 833 
0.5 0.9666666666666667 0.08666666666666667 855 855 
0.5 0.9666666666666667 0.09333333333333334 793 793 
0.5 0.9666666666666667 0.1 849 849 
0.5 0.9666666666666667 0.10666666666666667 862 862 
0.5 0.9666666666666667 0.11333333333333333 874 874 
0.5 0.9666666666666667 0.12 844 844 
0.5 0.9666666666666667 0.12666666666666668 813 813 
0.5 0.9666666666666667 0.13333333333333333 832 832 
0.5 0.9666666666666667 0.14 807 807 
0.5 0.9666666666666667 0.14666666666666667 852 852 
0.5 0.9666666666666667 0.15333333333333332 855 855 
0.5 0.9666666666666667 0.16 863 863 
0.5 0.9666666666666667 0.16666666666666666 838 838 
0.5 0.9666666666666667 0.17333333333333334 837 837 
0.5 0.9666666666666667 0.18 807 807 
0.5 0.9666666666666667 0.18666666666666668 856 856 
0.5 0.9666666666666667 0.19333333333333333 807 807 
0.5 0.9666666666666667 0.2 836 836 
0.5 0.9666666666666667 0.20666666666666667 815 815 
0.5 0.9666666666666667 0.21333333333333335 892 892 
0.5 0.9666666666666667 0.22 867 867 
0.5 0.9666666666666667 0.22666666666666666 862 862 
0.5 0.9666666666666667 0.23333333333333334 770 770 
0.5 0.9666666666666667 0.24 818 818 
0.5 0.9666666666666667 0.24666666666666667 835 835 
0.5 0.9666666666666667 0.25333333333333335 750 750 
0.5 0.9666666666666667 0.26 853 853 
0.5 0.9666666666666667 0.26666666666666666 882 882 
0.5 0.9666666666666667 0.2733333333333333 843 843 
0.5 0.9666666666666667 0.28 825 825 
0.5 0.9666666666666667 0.2866666666666667 862 862 
0.5 0.9666666666666667 0.29333333333333333 869 869 
0.5 0.9666666666666667 0.3 815 815 
0.5 0.9666666666666667 0.30666666666666664 832 832 
0.5 0.9666666666666667 0.31333333333333335 832 832 
0.5 0.9666666666666667 0.32 805 805 
0.5 0.9666666666666667 0.32666666666666666 912 912 
0.5 0.9666666666666667 0.3333333333333333 859 859 
0.5 0.9666666666666667 0.34 861 861 
0.5 0.9666666666666667 0.3466666666666667 813 813 
0.5 0.9666666666666667 0.35333333333333333 878 878 
0.5 0.9666666666666667 0.36 856 856 
0.5 0.9666666666666667 0.36666666666666664 855 855 
0.5 0.9666666666666667 0.37333333333333335 846 846 
0.5 0.9666666666666667 0.38 866 866 
0.5 0.9666666666666667 0.38666666666666666 884 884 
0.5 0.9666666666666667 0.3933333333333333 924 924 
0.5 0.9666666666666667 0.4 863 863 
0.5 0.9666666666666667 0.4066666666666667 804 804 
0.5 0.9666666666666667 0.41333333333333333 856 856 
0.5 0.9666666666666667 0.42 863 863 
0.5 0.9666666666666667 0.4266666666666667 842 842 
0.5 0.9666666666666667 0.43333333333333335 874 874 
0.5 0.9666666666666667 0.44 856 856 
0.5 0.9666666666666667 0.44666666666666666 840 840 
0.5 0.9666666666666667 0.4533333333333333 827 827 
0.5 0.9666666666666667 0.46 902 902 
0.5 0.9666666666666667 0.4666666666666667 784 784 
0.5 0.9666666666666667 0.47333333333333333 865 865 
0.5 0.9666666666666667 0.48 809 809 
0.5 0.9666666666666667 0.4866666666666667 874 874 
0.5 0.9666666666666667 0.49333333333333335 817 817 
0.5 0.9666666666666667 0.5 821 821 
0.5 0.9666666666666667 0.5066666666666667 767 767 
0.5 0.9666666666666667 0.5133333333333333 809 809 
0.5 0.9666666666666667 0.52 803 803 
0.5 0.9666666666666667 0.5266666666666666 847 847 
0.5 0.9666666666666667 0.5333333333333333 812 812 
0.5 0.9666666666666667 0.54 839 839 
0.5 0.9666666666666667 0.5466666666666666 839 839 
0.5 0.9666666666666667 0.5533333333333333 817 817 
0.5 0.9666666666666667 0.56 851 851 
0.5 0.9666666666666667 0.5666666666666667 874 874 
0.5 0.9666666666666667 0.5733333333333334 879 879 
0.5 0.9666666666666667 0.58 835 835 
0.5 0.9666666666666667 0.5866666666666667 854 854 
0.5 0.9666666666666667 0.5933333333333334 900 900 
0.5 0.9666666666666667 0.6 820 820 
0.5 0.9666666666666667 0.6066666666666667 855 855 
0.5 0.9666666666666667 0.6133333333333333 858 858 
0.5 0.9666666666666667 0.62 875 875 
0.5 0.9666666666666667 0.6266666666666667 849 849 
0.5 0.9666666666666667 0.6333333333333333 852 852 
0.5 0.9666666666666667 0.64 877 877 
0.5 0.9666666666666667 0.6466666666666666 854 854 
0.5 0.9666666666666667 0.6533333333333333 876 876 
0.5 0.9666666666666667 0.66 820 820 
0.5 0.9666666666666667 0.6666666666666666 854 854 
0.5 0.9666666666666667 0.6733333333333333 859 859 
0.5 0.9666666666666667 0.68 831 831 
0.5 0.9666666666666667 0.6866666666666666 807 807 
0.5 0.9666666666666667 0.6933333333333334 830 830 
0.5 0.9666666666666667 0.7 799 799 
0.5 0.9666666666666667 0.7066666666666667 873 873 
0.5 0.9666666666666667 0.7133333333333334 857 857 
0.5 0.9666666666666667 0.72 833 833 
0.5 0.9666666666666667 0.7266666666666667 858 858 
0.5 0.9666666666666667 0.7333333333333333 806 806 
0.5 0.9666666666666667 0.74 849 849 
0.5 0.9666666666666667 0.7466666666666667 887 887 
0.5 0.9666666666666667 0.7533333333333333 853 853 
0.5 0.9666666666666667 0.76 860 860 
0.5 0.9666666666666667 0.7666666666666667 840 840 
0.5 0.9666666666666667 0.7733333333333333 830 830 
0.5 0.9666666666666667 0.78 832 832 
0.5 0.9666666666666667 0.7866666666666666 850 850 
0.5 0.9666666666666667 0.7933333333333333 834 834 
0.5 0.9666666666666667 0.8 807 807 
0.5 0.9666666666666667 0.8066666666666666 857 857 
0.5 0.9666666666666667 0.8133333333333334 832 832 
0.5 0.9666666666666667 0.82 781 781 
0.5 0.9666666666666667 0.8266666666666667 814 814 
0.5 0.9666666666666667 0.8333333333333334 832 832 
0.5 0.9666666666666667 0.84 843 843 
0.5 0.9666666666666667 0.8466666666666667 846 846 
0.5 0.9666666666666667 0.8533333333333334 832 832 
0.5 0.9666666666666667 0.86 835 835 
0.5 0.9666666666666667 0.8666666666666667 868 868 
0.5 0.9666666666666667 0.8733333333333333 816 816 
0.5 0.9666666666666667 0.88 887 887 
0.5 0.9666666666666667 0.8866666666666667 823 823 
0.5 0.9666666666666667 0.8933333333333333 869 869 
0.5 0.9666666666666667 0.9 850 850 
0.5 0.9666666666666667 0.9066666666666666 838 838 
0.5 0.9666666666666667 0.9133333333333333 872 872 
0.5 0.9666666666666667 0.92 815 815 
0.5 0.9666666666666667 0.9266666666666666 858 858 
0.5 0.9666666666666667 0.9333333333333333 851 851 
0.5 0.9666666666666667 0.94 863 863 
0.5 0.9666666666666667 0.9466666666666667 908 908 
0.5 0.9666666666666667 0.9533333333333334 773 773 
0.5 0.9666666666666667 0.96 1045 1045 
0.5 0.9666666666666667 0.9666666666666667 769 769 
0.5 0.9666666666666667 0.9733333333333334 660 660 
0.5 0.9666666666666667 0.98 1426 1426 
0.5 0.9666666666666667 0.9866666666666667 0 0 
0.5 0.9666666666666667 0.9933333333333333 0 0 
0.5 0.9733333333333334 0.0 0 0 
0.5 0.9733333333333334 0.006666666666666667 0 0 
0.5 0.9733333333333334 0.013333333333333334 1335 1335 
0.5 0.9733333333333334 0.02 698 698 
0.5 0.9733333333333334 0.02666666666666667 813 813 
0.5 0.9733333333333334 0.03333333333333333 1016 1016 
0.5 0.9733333333333334 0.04 867 867 
0.5 0.9733333333333334 0.04666666666666667 931 931 
0.5 0.9733333333333334 0.05333333333333334 826 826 
0.5 0.9733333333333334 0.06 856 856 
0.5 0.9733333333333334 0.06666666666666667 848 848 
0.5 0.9733333333333334 0.07333333333333333 884 884 
0.5 0.9733333333333334 0.08 866 866 
0.5 0.9733333333333334 0.08666666666666667 862 862 
0.5 0.9733333333333334 0.09333333333333334 839 839 
0.5 0.9733333333333334 0.1 844 844 
0.5 0.9733333333333334 0.10666666666666667 900 900 
0.5 0.9733333333333334 0.11333333333333333 833 833 
0.5 0.9733333333333334 0.12 817 817 
0.5 0.9733333333333334 0.12666666666666668 887 887 
0.5 0.9733333333333334 0.13333333333333333 832 832 
0.5 0.9733333333333334 0.14 898 898 
0.5 0.9733333333333334 0.14666666666666667 860 860 
0.5 0.9733333333333334 0.15333333333333332 904 904 
0.5 0.9733333333333334 0.16 859 859 
0.5 0.9733333333333334 0.16666666666666666 835 835 
0.5 0.9733333333333334 0.17333333333333334 866 866 
0.5 0.9733333333333334 0.18 839 839 
0.5 0.9733333333333334 0.18666666666666668 819 819 
0.5 0.9733333333333334 0.19333333333333333 820 820 
0.5 0.9733333333333334 0.2 808 808 
0.5 0.9733333333333334 0.20666666666666667 867 867 
0.5 0.9733333333333334 0.21333333333333335 824 824 
0.5 0.9733333333333334 0.22 822 822 
0.5 0.9733333333333334 0.22666666666666666 804 804 
0.5 0.9733333333333334 0.23333333333333334 809 809 
0.5 0.9733333333333334 0.24 837 837 
0.5 0.9733333333333334 0.24666666666666667 823 823 
0.5 0.9733333333333334 0.25333333333333335 883 883 
0.5 0.9733333333333334 0.26 884 884 
0.5 0.9733333333333334 0.26666666666666666 851 851 
0.5 0.9733333333333334 0.2733333333333333 823 823 
0.5 0.9733333333333334 0.28 850 850 
0.5 0.9733333333333334 0.2866666666666667 874 874 
0.5 0.9733333333333334 0.29333333333333333 877 877 
0.5 0.9733333333333334 0.3 829 829 
0.5 0.9733333333333334 0.30666666666666664 790 790 
0.5 0.9733333333333334 0.31333333333333335 880 880 
0.5 0.9733333333333334 0.32 827 827 
0.5 0.9733333333333334 0.32666666666666666 839 839 
0.5 0.9733333333333334 0.3333333333333333 837 837 
0.5 0.9733333333333334 0.34 911 911 
0.5 0.9733333333333334 0.3466666666666667 837 837 
0.5 0.9733333333333334 0.35333333333333333 839 839 
0.5 0.9733333333333334 0.36 849 849 
0.5 0.9733333333333334 0.36666666666666664 793 793 
0.5 0.9733333333333334 0.37333333333333335 854 854 
0.5 0.9733333333333334 0.38 845 845 
0.5 0.9733333333333334 0.38666666666666666 860 860 
0.5 0.9733333333333334 0.3933333333333333 908 908 
0.5 0.9733333333333334 0.4 857 857 
0.5 0.9733333333333334 0.4066666666666667 808 808 
0.5 0.9733333333333334 0.41333333333333333 864 864 
0.5 0.9733333333333334 0.42 839 839 
0.5 0.9733333333333334 0.4266666666666667 834 834 
0.5 0.9733333333333334 0.43333333333333335 824 824 
0.5 0.9733333333333334 0.44 882 882 
0.5 0.9733333333333334 0.44666666666666666 858 858 
0.5 0.9733333333333334 0.4533333333333333 832 832 
0.5 0.9733333333333334 0.46 821 821 
0.5 0.9733333333333334 0.4666666666666667 860 860 
0.5 0.9733333333333334 0.47333333333333333 841 841 
0.5 0.9733333333333334 0.48 823 823 
0.5 0.9733333333333334 0.4866666666666667 824 824 
0.5 0.9733333333333334 0.49333333333333335 852 852 
0.5 0.9733333333333334 0.5 841 841 
0.5 0.9733333333333334 0.5066666666666667 843 843 
0.5 0.9733333333333334 0.5133333333333333 865 865 
0.5 0.9733333333333334 0.52 885 885 
0.5 0.9733333333333334 0.5266666666666666 825 825 
0.5 0.9733333333333334 0.5333333333333333 880 880 
0.5 0.9733333333333334 0.54 854 854 
0.5 0.9733333333333334 0.5466666666666666 790 790 
0.5 0.9733333333333334 0.5533333333333333 882 882 
0.5 0.9733333333333334 0.56 793 793 
0.5 0.9733333333333334 0.5666666666666667 849 849 
0.5 0.9733333333333334 0.5733333333333334 856 856 
0.5 0.9733333333333334 0.58 787 787 
0.5 0.9733333333333334 0.5866666666666667 773 773 
0.5 0.9733333333333334 0.5933333333333334 824 824 
0.5 0.9733333333333334 0.6 841 841 
0.5 0.9733333333333334 0.6066666666666667 836 836 
0.5 0.9733333333333334 0.6133333333333333 814 814 
0.5 0.9733333333333334 0.62 783 783 
0.5 0.9733333333333334 0.6266666666666667 819 819 
0.5 0.9733333333333334 0.6333333333333333 834 834 
0.5 0.9733333333333334 0.64 827 827 
0.5 0.9733333333333334 0.6466666666666666 827 827 
0.5 0.9733333333333334 0.6533333333333333 846 846 
0.5 0.9733333333333334 0.66 839 839 
0.5 0.9733333333333334 0.6666666666666666 852 852 
0.5 0.9733333333333334 0.6733333333333333 879 879 
0.5 0.9733333333333334 0.68 814 814 
0.5 0.9733333333333334 0.6866666666666666 804 804 
0.5 0.9733333333333334 0.6933333333333334 801 801 
0.5 0.9733333333333334 0.7 867 867 
0.5 0.9733333333333334 0.7066666666666667 848 848 
0.5 0.9733333333333334 0.7133333333333334 796 796 
0.5 0.9733333333333334 0.72 858 858 
0.5 0.9733333333333334 0.7266666666666667 805 805 
0.5 0.9733333333333334 0.7333333333333333 816 816 
0.5 0.9733333333333334 0.74 821 821 
0.5 0.9733333333333334 0.7466666666666667 804 804 
0.5 0.9733333333333334 0.7533333333333333 837 837 
0.5 0.9733333333333334 0.76 810 810 
0.5 0.9733333333333334 0.7666666666666667 838 838 
0.5 0.9733333333333334 0.7733333333333333 849 849 
0.5 0.9733333333333334 0.78 802 802 
0.5 0.9733333333333334 0.7866666666666666 830 830 
0.5 0.9733333333333334 0.7933333333333333 851 851 
0.5 0.9733333333333334 0.8 852 852 
0.5 0.9733333333333334 0.8066666666666666 819 819 
0.5 0.9733333333333334 0.8133333333333334 774 774 
0.5 0.9733333333333334 0.82 850 850 
0.5 0.9733333333333334 0.8266666666666667 809 809 
0.5 0.9733333333333334 0.8333333333333334 850 850 
0.5 0.9733333333333334 0.84 826 826 
0.5 0.9733333333333334 0.8466666666666667 827 827 
0.5 0.9733333333333334 0.8533333333333334 818 818 
0.5 0.9733333333333334 0.86 850 850 
0.5 0.9733333333333334 0.8666666666666667 822 822 
0.5 0.9733333333333334 0.8733333333333333 839 839 
0.5 0.9733333333333334 0.88 871 871 
0.5 0.9733333333333334 0.8866666666666667 850 850 
0.5 0.9733333333333334 0.8933333333333333 849 849 
0.5 0.9733333333333334 0.9 852 852 
0.5 0.9733333333333334 0.9066666666666666 800 800 
0.5 0.9733333333333334 0.9133333333333333 826 826 
0.5 0.9733333333333334 0.92 909 909 
0.5 0.9733333333333334 0.9266666666666666 849 849 
0.5 0.9733333333333334 0.9333333333333333 820 820 
0.5 0.9733333333333334 0.94 819 819 
0.5 0.9733333333333334 0.9466666666666667 921 921 
0.5 0.9733333333333334 0.9533333333333334 761 761 
0.5 0.9733333333333334 0.96 963 963 
0.5 0.9733333333333334 0.9666666666666667 746 746 
0.5 0.9733333333333334 0.9733333333333334 679 679 
0.5 0.9733333333333334 0.98 1384 1384 
0.5 0.9733333333333334 0.9866666666666667 0 0 
0.5 0.9733333333333334 0.9933333333333333 0 0 
0.5 0.98 0.0 0 0 
0.5 0.98 0.006666666666666667 0 0 
0.5 0.98 0.013333333333333334 1433 1433 
0.5 0.98 0.02 711 711 
0.5 0.98 0.02666666666666667 745 745 
0.5 0.98 0.03333333333333333 1051 1051 
0.5 0.98 0.04 842 842 
0.5 0.98 0.04666666666666667 835 835 
0.5 0.98 0.05333333333333334 939 939 
0.5 0.98 0.06 842 842 
0.5 0.98 0.06666666666666667 925 925 
0.5 0.98 0.07333333333333333 862 862 
0.5 0.98 0.08 873 873 
0.5 0.98 0.08666666666666667 892 892 
0.5 0.98 0.09333333333333334 862 862 
0.5 0.98 0.1 902 902 
0.5 0.98 0.10666666666666667 868 868 
0.5 0.98 0.11333333333333333 836 836 
0.5 0.98 0.12 896 896 
0.5 0.98 0.12666666666666668 819 819 
0.5 0.98 0.13333333333333333 863 863 
0.5 0.98 0.14 865 865 
0.5 0.98 0.14666666666666667 857 857 
0.5 0.98 0.15333333333333332 846 846 
0.5 0.98 0.16 851 851 
0.5 0.98 0.16666666666666666 850 850 
0.5 0.98 0.17333333333333334 814 814 
0.5 0.98 0.18 840 840 
0.5 0.98 0.18666666666666668 857 857 
0.5 0.98 0.19333333333333333 852 852 
0.5 0.98 0.2 823 823 
0.5 0.98 0.20666666666666667 849 849 
0.5 0.98 0.21333333333333335 807 807 
0.5 0.98 0.22 826 826 
0.5 0.98 0.22666666666666666 830 830 
0.5 0.98 0.23333333333333334 852 852 
0.5 0.98 0.24 844 844 
0.5 0.98 0.24666666666666667 823 823 
0.5 0.98 0.25333333333333335 834 834 
0.5 0.98 0.26 817 817 
0.5 0.98 0.26666666666666666 856 856 
0.5 0.98 0.2733333333333333 833 833 
0.5 0.98 0.28 849 849 
0.5 0.98 0.2866666666666667 855 855 
0.5 0.98 0.29333333333333333 805 805 
0.5 0.98 0.3 823 823 
0.5 0.98 0.30666666666666664 894 894 
0.5 0.98 0.31333333333333335 800 800 
0.5 0.98 0.32 856 856 
0.5 0.98 0.32666666666666666 835 835 
0.5 0.98 0.3333333333333333 867 867 
0.5 0.98 0.34 828 828 
0.5 0.98 0.3466666666666667 834 834 
0.5 0.98 0.35333333333333333 846 846 
0.5 0.98 0.36 922 922 
0.5 0.98 0.36666666666666664 874 874 
0.5 0.98 0.37333333333333335 887 887 
0.5 0.98 0.38 800 800 
0.5 0.98 0.38666666666666666 830 830 
0.5 0.98 0.3933333333333333 862 862 
0.5 0.98 0.4 812 812 
0.5 0.98 0.4066666666666667 846 846 
0.5 0.98 0.41333333333333333 796 796 
0.5 0.98 0.42 865 865 
0.5 0.98 0.4266666666666667 854 854 
0.5 0.98 0.43333333333333335 830 830 
0.5 0.98 0.44 841 841 
0.5 0.98 0.44666666666666666 835 835 
0.5 0.98 0.4533333333333333 863 863 
0.5 0.98 0.46 858 858 
0.5 0.98 0.4666666666666667 868 868 
0.5 0.98 0.47333333333333333 866 866 
0.5 0.98 0.48 839 839 
0.5 0.98 0.4866666666666667 834 834 
0.5 0.98 0.49333333333333335 799 799 
0.5 0.98 0.5 820 820 
0.5 0.98 0.5066666666666667 817 817 
0.5 0.98 0.5133333333333333 762 762 
0.5 0.98 0.52 806 806 
0.5 0.98 0.5266666666666666 794 794 
0.5 0.98 0.5333333333333333 809 809 
0.5 0.98 0.54 841 841 
0.5 0.98 0.5466666666666666 837 837 
0.5 0.98 0.5533333333333333 849 849 
0.5 0.98 0.56 799 799 
0.5 0.98 0.5666666666666667 829 829 
0.5 0.98 0.5733333333333334 835 835 
0.5 0.98 0.58 846 846 
0.5 0.98 0.5866666666666667 826 826 
0.5 0.98 0.5933333333333334 844 844 
0.5 0.98 0.6 802 802 
0.5 0.98 0.6066666666666667 832 832 
0.5 0.98 0.6133333333333333 814 814 
0.5 0.98 0.62 835 835 
0.5 0.98 0.6266666666666667 775 775 
0.5 0.98 0.6333333333333333 831 831 
0.5 0.98 0.64 766 766 
0.5 0.98 0.6466666666666666 841 841 
0.5 0.98 0.6533333333333333 846 846 
0.5 0.98 0.66 833 833 
0.5 0.98 0.6666666666666666 832 832 
0.5 0.98 0.6733333333333333 804 804 
0.5 0.98 0.68 781 781 
0.5 0.98 0.6866666666666666 877 877 
0.5 0.98 0.6933333333333334 839 839 
0.5 0.98 0.7 854 854 
0.5 0.98 0.7066666666666667 803 803 
0.5 0.98 0.7133333333333334 867 867 
0.5 0.98 0.72 783 783 
0.5 0.98 0.7266666666666667 827 827 
0.5 0.98 0.7333333333333333 842 842 
0.5 0.98 0.74 875 875 
0.5 0.98 0.7466666666666667 806 806 
0.5 0.98 0.7533333333333333 824 824 
0.5 0.98 0.76 859 859 
0.5 0.98 0.7666666666666667 788 788 
0.5 0.98 0.7733333333333333 824 824 
0.5 0.98 0.78 809 809 
0.5 0.98 0.7866666666666666 860 860 
0.5 0.98 0.7933333333333333 840 840 
0.5 0.98 0.8 826 826 
0.5 0.98 0.8066666666666666 788 788 
0.5 0.98 0.8133333333333334 861 861 
0.5 0.98 0.82 840 840 
0.5 0.98 0.8266666666666667 829 829 
0.5 0.98 0.8333333333333334 856 856 
0.5 0.98 0.84 842 842 
0.5 0.98 0.8466666666666667 808 808 
0.5 0.98 0.8533333333333334 808 808 
0.5 0.98 0.86 841 841 
0.5 0.98 0.8666666666666667 787 787 
0.5 0.98 0.8733333333333333 847 847 
0.5 0.98 0.88 808 808 
0.5 0.98 0.8866666666666667 854 854 
0.5 0.98 0.8933333333333333 836 836 
0.5 0.98 0.9 868 868 
0.5 0.98 0.9066666666666666 903 903 
0.5 0.98 0.9133333333333333 846 846 
0.5 0.98 0.92 874 874 
0.5 0.98 0.9266666666666666 826 826 
0.5 0.98 0.9333333333333333 812 812 
0.5 0.98 0.94 829 829 
0.5 0.98 0.9466666666666667 899 899 
0.5 0.98 0.9533333333333334 806 806 
0.5 0.98 0.96 997 997 
0.5 0.98 0.9666666666666667 737 737 
0.5 0.98 0.9733333333333334 699 699 
0.5 0.98 0.98 1381 1381 
0.5 0.98 0.9866666666666667 0 0 
0.5 0.98 0.9933333333333333 0 0 
0.5 0.9866666666666667 0.0 0 0 
0.5 0.9866666666666667 0.006666666666666667 0 0 
0.5 0.9866666666666667 0.013333333333333334 1392 1392 
0.5 0.9866666666666667 0.02 714 714 
0.5 0.9866666666666667 0.02666666666666667 779 779 
0.5 0.9866666666666667 0.03333333333333333 1009 1009 
0.5 0.9866666666666667 0.04 803 803 
0.5 0.9866666666666667 0.04666666666666667 925 925 
0.5 0.9866666666666667 0.05333333333333334 842 842 
0.5 0.9866666666666667 0.06 814 814 
0.5 0.9866666666666667 0.06666666666666667 868 868 
0.5 0.9866666666666667 0.07333333333333333 814 814 
0.5 0.9866666666666667 0.08 824 824 
0.5 0.9866666666666667 0.08666666666666667 882 882 
0.5 0.9866666666666667 0.09333333333333334 870 870 
0.5 0.9866666666666667 0.1 873 873 
0.5 0.9866666666666667 0.10666666666666667 801 801 
0.5 0.9866666666666667 0.11333333333333333 891 891 
0.5 0.9866666666666667 0.12 910 910 
0.5 0.9866666666666667 0.12666666666666668 789 789 
0.5 0.9866666666666667 0.13333333333333333 776 776 
0.5 0.9866666666666667 0.14 776 776 
0.5 0.9866666666666667 0.14666666666666667 843 843 
0.5 0.9866666666666667 0.15333333333333332 844 844 
0.5 0.9866666666666667 0.16 821 821 
0.5 0.9866666666666667 0.16666666666666666 904 904 
0.5 0.9866666666666667 0.17333333333333334 832 832 
0.5 0.9866666666666667 0.18 840 840 
0.5 0.9866666666666667 0.18666666666666668 909 909 
0.5 0.9866666666666667 0.19333333333333333 837 837 
0.5 0.9866666666666667 0.2 897 897 
0.5 0.9866666666666667 0.20666666666666667 868 868 
0.5 0.9866666666666667 0.21333333333333335 847 847 
0.5 0.9866666666666667 0.22 878 878 
0.5 0.9866666666666667 0.22666666666666666 811 811 
0.5 0.9866666666666667 0.23333333333333334 840 840 
0.5 0.9866666666666667 0.24 856 856 
0.5 0.9866666666666667 0.24666666666666667 830 830 
0.5 0.9866666666666667 0.25333333333333335 835 835 
0.5 0.9866666666666667 0.26 798 798 
0.5 0.9866666666666667 0.26666666666666666 851 851 
0.5 0.9866666666666667 0.2733333333333333 814 814 
0.5 0.9866666666666667 0.28 862 862 
0.5 0.9866666666666667 0.2866666666666667 862 862 
0.5 0.9866666666666667 0.29333333333333333 821 821 
0.5 0.9866666666666667 0.3 862 862 
0.5 0.9866666666666667 0.30666666666666664 845 845 
0.5 0.9866666666666667 0.31333333333333335 848 848 
0.5 0.9866666666666667 0.32 813 813 
0.5 0.9866666666666667 0.32666666666666666 850 850 
0.5 0.9866666666666667 0.3333333333333333 833 833 
0.5 0.9866666666666667 0.34 882 882 
0.5 0.9866666666666667 0.3466666666666667 905 905 
0.5 0.9866666666666667 0.35333333333333333 842 842 
0.5 0.9866666666666667 0.36 787 787 
0.5 0.9866666666666667 0.36666666666666664 817 817 
0.5 0.9866666666666667 0.37333333333333335 848 848 
0.5 0.9866666666666667 0.38 859 859 
0.5 0.9866666666666667 0.38666666666666666 884 884 
0.5 0.9866666666666667 0.3933333333333333 845 845 
0.5 0.9866666666666667 0.4 841 841 
0.5 0.9866666666666667 0.4066666666666667 852 852 
0.5 0.9866666666666667 0.41333333333333333 859 859 
0.5 0.9866666666666667 0.42 860 860 
0.5 0.9866666666666667 0.4266666666666667 799 799 
0.5 0.9866666666666667 0.43333333333333335 853 853 
0.5 0.9866666666666667 0.44 818 818 
0.5 0.9866666666666667 0.44666666666666666 871 871 
0.5 0.9866666666666667 0.4533333333333333 828 828 
0.5 0.9866666666666667 0.46 877 877 
0.5 0.9866666666666667 0.4666666666666667 833 833 
0.5 0.9866666666666667 0.47333333333333333 829 829 
0.5 0.9866666666666667 0.48 821 821 
0.5 0.9866666666666667 0.4866666666666667 803 803 
0.5 0.9866666666666667 0.49333333333333335 787 787 
0.5 0.9866666666666667 0.5 844 844 
0.5 0.9866666666666667 0.5066666666666667 795 795 
0.5 0.9866666666666667 0.5133333333333333 805 805 
0.5 0.9866666666666667 0.52 849 849 
0.5 0.9866666666666667 0.5266666666666666 809 809 
0.5 0.9866666666666667 0.5333333333333333 846 846 
0.5 0.9866666666666667 0.54 858 858 
0.5 0.9866666666666667 0.5466666666666666 802 802 
0.5 0.9866666666666667 0.5533333333333333 794 794 
0.5 0.9866666666666667 0.56 808 808 
0.5 0.9866666666666667 0.5666666666666667 830 830 
0.5 0.9866666666666667 0.5733333333333334 831 831 
0.5 0.9866666666666667 0.58 800 800 
0.5 0.9866666666666667 0.5866666666666667 796 796 
0.5 0.9866666666666667 0.5933333333333334 807 807 
0.5 0.9866666666666667 0.6 781 781 
0.5 0.9866666666666667 0.6066666666666667 847 847 
0.5 0.9866666666666667 0.6133333333333333 836 836 
0.5 0.9866666666666667 0.62 807 807 
0.5 0.9866666666666667 0.6266666666666667 875 875 
0.5 0.9866666666666667 0.6333333333333333 794 794 
0.5 0.9866666666666667 0.64 854 854 
0.5 0.9866666666666667 0.6466666666666666 825 825 
0.5 0.9866666666666667 0.6533333333333333 837 837 
0.5 0.9866666666666667 0.66 832 832 
0.5 0.9866666666666667 0.6666666666666666 838 838 
0.5 0.9866666666666667 0.6733333333333333 873 873 
0.5 0.9866666666666667 0.68 862 862 
0.5 0.9866666666666667 0.6866666666666666 844 844 
0.5 0.9866666666666667 0.6933333333333334 865 865 
0.5 0.9866666666666667 0.7 852 852 
0.5 0.9866666666666667 0.7066666666666667 869 869 
0.5 0.9866666666666667 0.7133333333333334 820 820 
0.5 0.9866666666666667 0.72 796 796 
0.5 0.9866666666666667 0.7266666666666667 827 827 
0.5 0.9866666666666667 0.7333333333333333 839 839 
0.5 0.9866666666666667 0.74 887 887 
0.5 0.9866666666666667 0.7466666666666667 830 830 
0.5 0.9866666666666667 0.7533333333333333 866 866 
0.5 0.9866666666666667 0.76 824 824 
0.5 0.9866666666666667 0.7666666666666667 809 809 
0.5 0.9866666666666667 0.7733333333333333 884 884 
0.5 0.9866666666666667 0.78 761 761 
0.5 0.9866666666666667 0.7866666666666666 848 848 
0.5 0.9866666666666667 0.7933333333333333 781 781 
0.5 0.9866666666666667 0.8 816 816 
0.5 0.9866666666666667 0.8066666666666666 842 842 
0.5 0.9866666666666667 0.8133333333333334 836 836 
0.5 0.9866666666666667 0.82 851 851 
0.5 0.9866666666666667 0.8266666666666667 820 820 
0.5 0.9866666666666667 0.8333333333333334 795 795 
0.5 0.9866666666666667 0.84 839 839 
0.5 0.9866666666666667 0.8466666666666667 853 853 
0.5 0.9866666666666667 0.8533333333333334 871 871 
0.5 0.9866666666666667 0.86 874 874 
0.5 0.9866666666666667 0.8666666666666667 883 883 
0.5 0.9866666666666667 0.8733333333333333 872 872 
0.5 0.9866666666666667 0.88 854 854 
0.5 0.9866666666666667 0.8866666666666667 834 834 
0.5 0.9866666666666667 0.8933333333333333 886 886 
0.5 0.9866666666666667 0.9 819 819 
0.5 0.9866666666666667 0.9066666666666666 887 887 
0.5 0.9866666666666667 0.9133333333333333 926 926 
0.5 0.9866666666666667 0.92 846 846 
0.5 0.9866666666666667 0.9266666666666666 847 847 
0.5 0.9866666666666667 0.9333333333333333 844 844 
0.5 0.9866666666666667 0.94 823 823 
0.5 0.9866666666666667 0.9466666666666667 902 902 
0.5 0.9866666666666667 0.9533333333333334 813 813 
0.5 0.9866666666666667 0.96 983 983 
0.5 0.9866666666666667 0.9666666666666667 746 746 
0.5 0.9866666666666667 0.9733333333333334 709 709 
0.5 0.9866666666666667 0.98 1420 1420 
0.5 0.9866666666666667 0.9866666666666667 0 0 
0.5 0.9866666666666667 0.9933333333333333 0 0 
0.5 0.9933333333333333 0.0 0 0 
0.5 0.9933333333333333 0.006666666666666667 0 0 
0.5 0.9933333333333333 0.013333333333333334 1404 1404 
0.5 0.9933333333333333 0.02 736 736 
0.5 0.9933333333333333 0.02666666666666667 752 752 
0.5 0.9933333333333333 0.03333333333333333 1007 1007 
0.5 0.9933333333333333 0.04 744 744 
0.5 0.9933333333333333 0.04666666666666667 928 928 
0.5 0.9933333333333333 0.05333333333333334 812 812 
0.5 0.9933333333333333 0.06 841 841 
0.5 0.9933333333333333 0.06666666666666667 832 832 
0.5 0.9933333333333333 0.07333333333333333 886 886 
0.5 0.9933333333333333 0.08 816 816 
0.5 0.9933333333333333 0.08666666666666667 874 874 
0.5 0.9933333333333333 0.09333333333333334 847 847 
0.5 0.9933333333333333 0.1 878 878 
0.5 0.9933333333333333 0.10666666666666667 881 881 
0.5 0.9933333333333333 0.11333333333333333 804 804 
0.5 0.9933333333333333 0.12 786 786 
0.5 0.9933333333333333 0.12666666666666668 863 863 
0.5 0.9933333333333333 0.13333333333333333 831 831 
0.5 0.9933333333333333 0.14 853 853 
0.5 0.9933333333333333 0.14666666666666667 842 842 
0.5 0.9933333333333333 0.15333333333333332 859 859 
0.5 0.9933333333333333 0.16 848 848 
0.5 0.9933333333333333 0.16666666666666666 883 883 
0.5 0.9933333333333333 0.17333333333333334 833 833 
0.5 0.9933333333333333 0.18 881 881 
0.5 0.9933333333333333 0.18666666666666668 858 858 
0.5 0.9933333333333333 0.19333333333333333 862 862 
0.5 0.9933333333333333 0.2 820 820 
0.5 0.9933333333333333 0.20666666666666667 811 811 
0.5 0.9933333333333333 0.21333333333333335 795 795 
0.5 0.9933333333333333 0.22 834 834 
0.5 0.9933333333333333 0.22666666666666666 807 807 
0.5 0.9933333333333333 0.23333333333333334 829 829 
0.5 0.9933333333333333 0.24 848 848 
0.5 0.9933333333333333 0.24666666666666667 850 850 
0.5 0.9933333333333333 0.25333333333333335 852 852 
0.5 0.9933333333333333 0.26 839 839 
0.5 0.9933333333333333 0.26666666666666666 852 852 
0.5 0.9933333333333333 0.2733333333333333 840 840 
0.5 0.9933333333333333 0.28 853 853 
0.5 0.9933333333333333 0.2866666666666667 867 867 
0.5 0.9933333333333333 0.29333333333333333 826 826 
0.5 0.9933333333333333 0.3 818 818 
0.5 0.9933333333333333 0.30666666666666664 804 804 
0.5 0.9933333333333333 0.31333333333333335 879 879 
0.5 0.9933333333333333 0.32 831 831 
0.5 0.9933333333333333 0.32666666666666666 817 817 
0.5 0.9933333333333333 0.3333333333333333 870 870 
0.5 0.9933333333333333 0.34 831 831 
0.5 0.9933333333333333 0.3466666666666667 798 798 
0.5 0.9933333333333333 0.35333333333333333 832 832 
0.5 0.9933333333333333 0.36 871 871 
0.5 0.9933333333333333 0.36666666666666664 816 816 
0.5 0.9933333333333333 0.37333333333333335 867 867 
0.5 0.9933333333333333 0.38 832 832 
0.5 0.9933333333333333 0.38666666666666666 851 851 
0.5 0.9933333333333333 0.3933333333333333 879 879 
0.5 0.9933333333333333 0.4 798 798 
0.5 0.9933333333333333 0.4066666666666667 848 848 
0.5 0.9933333333333333 0.41333333333333333 860 860 
0.5 0.9933333333333333 0.42 916 916 
0.5 0.9933333333333333 0.4266666666666667 815 815 
0.5 0.9933333333333333 0.43333333333333335 842 842 
0.5 0.9933333333333333 0.44 802 802 
0.5 0.9933333333333333 0.44666666666666666 863 863 
0.5 0.9933333333333333 0.4533333333333333 866 866 
0.5 0.9933333333333333 0.46 819 819 
0.5 0.9933333333333333 0.4666666666666667 841 841 
0.5 0.9933333333333333 0.47333333333333333 817 817 
0.5 0.9933333333333333 0.48 839 839 
0.5 0.9933333333333333 0.4866666666666667 813 813 
0.5 0.9933333333333333 0.49333333333333335 871 871 
0.5 0.9933333333333333 0.5 808 808 
0.5 0.9933333333333333 0.5066666666666667 779 779 
0.5 0.9933333333333333 0.5133333333333333 799 799 
0.5 0.9933333333333333 0.52 822 822 
0.5 0.9933333333333333 0.5266666666666666 825 825 
0.5 0.9933333333333333 0.5333333333333333 828 828 
0.5 0.9933333333333333 0.54 840 840 
0.5 0.9933333333333333 0.5466666666666666 850 850 
0.5 0.9933333333333333 0.5533333333333333 858 858 
0.5 0.9933333333333333 0.56 816 816 
0.5 0.9933333333333333 0.5666666666666667 850 850 
0.5 0.9933333333333333 0.5733333333333334 829 829 
0.5 0.9933333333333333 0.58 832 832 
0.5 0.9933333333333333 0.5866666666666667 863 863 
0.5 0.9933333333333333 0.5933333333333334 820 820 
0.5 0.9933333333333333 0.6 846 846 
0.5 0.9933333333333333 0.6066666666666667 870 870 
0.5 0.9933333333333333 0.6133333333333333 806 806 
0.5 0.9933333333333333 0.62 872 872 
0.5 0.9933333333333333 0.6266666666666667 860 860 
0.5 0.9933333333333333 0.6333333333333333 836 836 
0.5 0.9933333333333333 0.64 793 793 
0.5 0.9933333333333333 0.6466666666666666 851 851 
0.5 0.9933333333333333 0.6533333333333333 813 813 
0.5 0.9933333333333333 0.66 840 840 
0.5 0.9933333333333333 0.6666666666666666 824 824 
0.5 0.9933333333333333 0.6733333333333333 869 869 
0.5 0.9933333333333333 0.68 836 836 
0.5 0.9933333333333333 0.6866666666666666 871 871 
0.5 0.9933333333333333 0.6933333333333334 882 882 
0.5 0.9933333333333333 0.7 855 855 
0.5 0.9933333333333333 0.7066666666666667 891 891 
0.5 0.9933333333333333 0.7133333333333334 855 855 
0.5 0.9933333333333333 0.72 886 886 
0.5 0.9933333333333333 0.7266666666666667 847 847 
0.5 0.9933333333333333 0.7333333333333333 860 860 
0.5 0.9933333333333333 0.74 885 885 
0.5 0.9933333333333333 0.7466666666666667 946 946 
0.5 0.9933333333333333 0.7533333333333333 823 823 
0.5 0.9933333333333333 0.76 845 845 
0.5 0.9933333333333333 0.7666666666666667 820 820 
0.5 0.9933333333333333 0.7733333333333333 832 832 
0.5 0.9933333333333333 0.78 842 842 
0.5 0.9933333333333333 0.7866666666666666 833 833 
0.5 0.9933333333333333 0.7933333333333333 849 849 
0.5 0.9933333333333333 0.8 846 846 
0.5 0.9933333333333333 0.8066666666666666 865 865 
0.5 0.9933333333333333 0.8133333333333334 805 805 
0.5 0.9933333333333333 0.82 824 824 
0.5 0.9933333333333333 0.8266666666666667 874 874 
0.5 0.9933333333333333 0.8333333333333334 855 855 
0.5 0.9933333333333333 0.84 826 826 
0.5 0.9933333333333333 0.8466666666666667 870 870 
0.5 0.9933333333333333 0.8533333333333334 800 800 
0.5 0.9933333333333333 0.86 834 834 
0.5 0.9933333333333333 0.8666666666666667 877 877 
0.5 0.9933333333333333 0.8733333333333333 815 815 
0.5 0.9933333333333333 0.88 809 809 
0.5 0.9933333333333333 0.8866666666666667 875 875 
0.5 0.9933333333333333 0.8933333333333333 863 863 
0.5 0.9933333333333333 0.9 864 864 
0.5 0.9933333333333333 0.9066666666666666 856 856 
0.5 0.9933333333333333 0.9133333333333333 860 860 
0.5 0.9933333333333333 0.92 864 864 
0.5 0.9933333333333333 0.9266666666666666 834 834 
0.5 0.9933333333333333 0.9333333333333333 798 798 
0.5 0.9933333333333333 0.94 842 842 
0.5 0.9933333333333333 0.9466666666666667 873 873 
0.5 0.9933333333333333 0.9533333333333334 759 759 
0.5 0.9933333333333333 0.96 1030 1030 
0.5 0.9933333333333333 0.9666666666666667 811 811 
0.5 0.9933333333333333 0.9733333333333334 702 702 
0.5 0.9933333333333333 0.98 1357 1357 
0.5 0.9933333333333333 0.9866666666666667 0 0 
0.5 0.9933333333333333 0.9933333333333333 0 0 
