0.5 0.0 0.0 0 0 
0.5 0.0 0.006666666666666667 554 554 
0.5 0.0 0.013333333333333334 470 470 
0.5 0.0 0.02 488 488 
0.5 0.0 0.02666666666666667 492 492 
0.5 0.0 0.03333333333333333 426 426 
0.5 0.0 0.04 459 459 
0.5 0.0 0.04666666666666667 473 473 
0.5 0.0 0.05333333333333334 452 452 
0.5 0.0 0.06 452 452 
0.5 0.0 0.06666666666666667 454 454 
0.5 0.0 0.07333333333333333 436 436 
0.5 0.0 0.08 443 443 
0.5 0.0 0.08666666666666667 477 477 
0.5 0.0 0.09333333333333334 432 432 
0.5 0.0 0.1 468 468 
0.5 0.0 0.10666666666666667 480 480 
0.5 0.0 0.11333333333333333 435 435 
0.5 0.0 0.12 513 513 
0.5 0.0 0.12666666666666668 456 456 
0.5 0.0 0.13333333333333333 454 454 
0.5 0.0 0.14 470 470 
0.5 0.0 0.14666666666666667 458 458 
0.5 0.0 0.15333333333333332 470 470 
0.5 0.0 0.16 456 456 
0.5 0.0 0.16666666666666666 425 425 
0.5 0.0 0.17333333333333334 462 462 
0.5 0.0 0.18 490 490 
0.5 0.0 0.18666666666666668 420 420 
0.5 0.0 0.19333333333333333 474 474 
0.5 0.0 0.2 453 453 
0.5 0.0 0.20666666666666667 462 462 
0.5 0.0 0.21333333333333335 488 488 
0.5 0.0 0.22 455 455 
0.5 0.0 0.22666666666666666 457 457 
0.5 0.0 0.23333333333333334 446 446 
0.5 0.0 0.24 436 436 
0.5 0.0 0.24666666666666667 438 438 
0.5 0.0 0.25333333333333335 465 465 
0.5 0.0 0.26 457 457 
0.5 0.0 0.26666666666666666 472 472 
0.5 0.0 0.2733333333333333 430 430 
0.5 0.0 0.28 435 435 
0.5 0.0 0.2866666666666667 439 439 
0.5 0.0 0.29333333333333333 433 433 
0.5 0.0 0.3 394 394 
0.5 0.0 0.30666666666666664 437 437 
0.5 0.0 0.31333333333333335 503 503 
0.5 0.0 0.32 464 464 
0.5 0.0 0.32666666666666666 472 472 
0.5 0.0 0.3333333333333333 433 433 
0.5 0.0 0.34 447 447 
0.5 0.0 0.3466666666666667 458 458 
0.5 0.0 0.35333333333333333 457 457 
0.5 0.0 0.36 457 457 
0.5 0.0 0.36666666666666664 447 447 
0.5 0.0 0.37333333333333335 432 432 
0.5 0.0 0.38 449 449 
0.5 0.0 0.38666666666666666 394 394 
0.5 0.0 0.3933333333333333 405 405 
0.5 0.0 0.4 433 433 
0.5 0.0 0.4066666666666667 433 433 
0.5 0.0 0.41333333333333333 449 449 
0.5 0.0 0.42 467 467 
0.5 0.0 0.4266666666666667 454 454 
0.5 0.0 0.43333333333333335 454 454 
0.5 0.0 0.44 424 424 
0.5 0.0 0.44666666666666666 480 480 
0.5 0.0 0.4533333333333333 426 426 
0.5 0.0 0.46 440 440 
0.5 0.0 0.4666666666666667 476 476 
0.5 0.0 0.47333333333333333 459 459 
0.5 0.0 0.48 435 435 
0.5 0.0 0.4866666666666667 466 466 
0.5 0.0 0.49333333333333335 441 441 
0.5 0.0 0.5 452 452 
0.5 0.0 0.5066666666666667 472 472 
0.5 0.0 0.5133333333333333 494 494 
0.5 0.0 0.52 465 465 
0.5 0.0 0.5266666666666666 492 492 
0.5 0.0 0.5333333333333333 442 442 
0.5 0.0 0.54 436 436 
0.5 0.0 0.5466666666666666 456 456 
0.5 0.0 0.5533333333333333 429 429 
0.5 0.0 0.56 460 460 
0.5 0.0 0.5666666666666667 446 446 
0.5 0.0 0.5733333333333334 449 449 
0.5 0.0 0.58 457 457 
0.5 0.0 0.5866666666666667 437 437 
0.5 0.0 0.5933333333333334 458 458 
0.5 0.0 0.6 427 427 
0.5 0.0 0.6066666666666667 456 456 
0.5 0.0 0.6133333333333333 444 444 
0.5 0.0 0.62 456 456 
0.5 0.0 0.6266666666666667 443 443 
0.5 0.0 0.6333333333333333 405 405 
0.5 0.0 0.64 462 462 
0.5 0.0 0.6466666666666666 422 422 
0.5 0.0 0.6533333333333333 422 422 
0.5 0.0 0.66 465 465 
0.5 0.0 0.6666666666666666 435 435 
0.5 0.0 0.6733333333333333 443 443 
0.5 0.0 0.68 446 446 
0.5 0.0 0.6866666666666666 448 448 
0.5 0.0 0.6933333333333334 449 449 
0.5 0.0 0.7 483 483 
0.5 0.0 0.7066666666666667 468 468 
0.5 0.0 0.7133333333333334 467 467 
0.5 0.0 0.72 436 436 
0.5 0.0 0.7266666666666667 467 467 
0.5 0.0 0.7333333333333333 434 434 
0.5 0.0 0.74 459 459 
0.5 0.0 0.7466666666666667 418 418 
0.5 0.0 0.7533333333333333 479 479 
0.5 0.0 0.76 461 461 
0.5 0.0 0.7666666666666667 442 442 
0.5 0.0 0.7733333333333333 409 409 
0.5 0.0 0.78 470 470 
0.5 0.0 0.7866666666666666 491 491 
0.5 0.0 0.7933333333333333 477 477 
0.5 0.0 0.8 425 425 
0.5 0.0 0.8066666666666666 481 481 
0.5 0.0 0.8133333333333334 475 475 
0.5 0.0 0.82 457 457 
0.5 0.0 0.8266666666666667 447 447 
0.5 0.0 0.8333333333333334 454 454 
0.5 0.0 0.84 453 453 
0.5 0.0 0.8466666666666667 457 457 
0.5 0.0 0.8533333333333334 436 436 
0.5 0.0 0.86 469 469 
0.5 0.0 0.8666666666666667 461 461 
0.5 0.0 0.8733333333333333 465 465 
0.5 0.0 0.88 450 450 
0.5 0.0 0.8866666666666667 459 459 
0.5 0.0 0.8933333333333333 424 424 
0.5 0.0 0.9 473 473 
0.5 0.0 0.9066666666666666 446 446 
0.5 0.0 0.9133333333333333 459 459 
0.5 0.0 0.92 437 437 
0.5 0.0 0.9266666666666666 479 479 
0.5 0.0 0.9333333333333333 474 474 
0.5 0.0 0.94 457 457 
0.5 0.0 0.9466666666666667 488 488 
0.5 0.0 0.9533333333333334 486 486 
0.5 0.0 0.96 468 468 
0.5 0.0 0.9666666666666667 456 456 
0.5 0.0 0.9733333333333334 452 452 
0.5 0.0 0.98 449 449 
0.5 0.0 0.9866666666666667 563 563 
0.5 0.0 0.9933333333333333 0 0 
0.5 0.006666666666666667 0.0 0 0 
0.5 0.006666666666666667 0.006666666666666667 550 550 
0.5 0.006666666666666667 0.013333333333333334 496 496 
0.5 0.006666666666666667 0.02 449 449 
0.5 0.006666666666666667 0.02666666666666667 434 434 
0.5 0.006666666666666667 0.03333333333333333 493 493 
0.5 0.006666666666666667 0.04 459 459 
0.5 0.006666666666666667 0.04666666666666667 441 441 
0.5 0.006666666666666667 0.05333333333333334 440 440 
0.5 0.006666666666666667 0.06 436 436 
0.5 0.006666666666666667 0.06666666666666667 431 431 
0.5 0.006666666666666667 0.07333333333333333 413 413 
0.5 0.006666666666666667 0.08 448 448 
0.5 0.006666666666666667 0.08666666666666667 460 460 
0.5 0.006666666666666667 0.09333333333333334 445 445 
0.5 0.006666666666666667 0.1 498 498 
0.5 0.006666666666666667 0.10666666666666667 472 472 
0.5 0.006666666666666667 0.11333333333333333 490 490 
0.5 0.006666666666666667 0.12 480 480 
0.5 0.006666666666666667 0.12666666666666668 492 492 
0.5 0.006666666666666667 0.13333333333333333 442 442 
0.5 0.006666666666666667 0.14 465 465 
0.5 0.006666666666666667 0.14666666666666667 462 462 
0.5 0.006666666666666667 0.15333333333333332 481 481 
0.5 0.006666666666666667 0.16 436 436 
0.5 0.006666666666666667 0.16666666666666666 456 456 
0.5 0.006666666666666667 0.17333333333333334 442 442 
0.5 0.006666666666666667 0.18 470 470 
0.5 0.006666666666666667 0.18666666666666668 462 462 
0.5 0.006666666666666667 0.19333333333333333 434 434 
0.5 0.006666666666666667 0.2 450 450 
0.5 0.006666666666666667 0.20666666666666667 445 445 
0.5 0.006666666666666667 0.21333333333333335 419 419 
0.5 0.006666666666666667 0.22 456 456 
0.5 0.006666666666666667 0.22666666666666666 453 453 
0.5 0.006666666666666667 0.23333333333333334 454 454 
0.5 0.006666666666666667 0.24 411 411 
0.5 0.006666666666666667 0.24666666666666667 421 421 
0.5 0.006666666666666667 0.25333333333333335 464 464 
0.5 0.006666666666666667 0.26 416 416 
0.5 0.006666666666666667 0.26666666666666666 449 449 
0.5 0.006666666666666667 0.2733333333333333 473 473 
0.5 0.006666666666666667 0.28 425 425 
0.5 0.006666666666666667 0.2866666666666667 419 419 
0.5 0.006666666666666667 0.29333333333333333 448 448 
0.5 0.006666666666666667 0.3 474 474 
0.5 0.006666666666666667 0.30666666666666664 426 426 
0.5 0.006666666666666667 0.31333333333333335 444 444 
0.5 0.006666666666666667 0.32 478 478 
0.5 0.006666666666666667 0.32666666666666666 476 476 
0.5 0.006666666666666667 0.3333333333333333 470 470 
0.5 0.006666666666666667 0.34 440 440 
0.5 0.006666666666666667 0.3466666666666667 493 493 
0.5 0.006666666666666667 0.35333333333333333 492 492 
0.5 0.006666666666666667 0.36 463 463 
0.5 0.006666666666666667 0.36666666666666664 463 463 
0.5 0.006666666666666667 0.37333333333333335 465 465 
0.5 0.006666666666666667 0.38 428 428 
0.5 0.006666666666666667 0.38666666666666666 444 444 
0.5 0.006666666666666667 0.3933333333333333 476 476 
0.5 0.006666666666666667 0.4 423 423 
0.5 0.006666666666666667 0.4066666666666667 480 480 
0.5 0.006666666666666667 0.41333333333333333 431 431 
0.5 0.006666666666666667 0.42 471 471 
0.5 0.006666666666666667 0.4266666666666667 420 420 
0.5 0.006666666666666667 0.43333333333333335 427 427 
0.5 0.006666666666666667 0.44 450 450 
0.5 0.006666666666666667 0.44666666666666666 424 424 
0.5 0.006666666666666667 0.4533333333333333 431 431 
0.5 0.006666666666666667 0.46 424 424 
0.5 0.006666666666666667 0.4666666666666667 445 445 
0.5 0.006666666666666667 0.47333333333333333 441 441 
0.5 0.006666666666666667 0.48 446 446 
0.5 0.006666666666666667 0.4866666666666667 474 474 
0.5 0.006666666666666667 0.49333333333333335 433 433 
0.5 0.006666666666666667 0.5 431 431 
0.5 0.006666666666666667 0.5066666666666667 455 455 
0.5 0.006666666666666667 0.5133333333333333 462 462 
0.5 0.006666666666666667 0.52 456 456 
0.5 0.006666666666666667 0.5266666666666666 435 435 
0.5 0.006666666666666667 0.5333333333333333 452 452 
0.5 0.006666666666666667 0.54 460 460 
0.5 0.006666666666666667 0.5466666666666666 478 478 
0.5 0.006666666666666667 0.5533333333333333 449 449 
0.5 0.006666666666666667 0.56 438 438 
0.5 0.006666666666666667 0.5666666666666667 465 465 
0.5 0.006666666666666667 0.5733333333333334 459 459 
0.5 0.006666666666666667 0.58 452 452 
0.5 0.006666666666666667 0.5866666666666667 451 451 
0.5 0.006666666666666667 0.5933333333333334 455 455 
0.5 0.006666666666666667 0.6 418 418 
0.5 0.006666666666666667 0.6066666666666667 469 469 
0.5 0.006666666666666667 0.6133333333333333 471 471 
0.5 0.006666666666666667 0.62 460 460 
0.5 0.006666666666666667 0.6266666666666667 456 456 
0.5 0.006666666666666667 0.6333333333333333 465 465 
0.5 0.006666666666666667 0.64 426 426 
0.5 0.006666666666666667 0.6466666666666666 447 447 
0.5 0.006666666666666667 0.6533333333333333 461 461 
0.5 0.006666666666666667 0.66 478 478 
0.5 0.006666666666666667 0.6666666666666666 485 485 
0.5 0.006666666666666667 0.6733333333333333 433 433 
0.5 0.006666666666666667 0.68 422 422 
0.5 0.006666666666666667 0.6866666666666666 460 460 
0.5 0.006666666666666667 0.6933333333333334 469 469 
0.5 0.006666666666666667 0.7 422 422 
0.5 0.006666666666666667 0.7066666666666667 460 460 
0.5 0.006666666666666667 0.7133333333333334 464 464 
0.5 0.006666666666666667 0.72 468 468 
0.5 0.006666666666666667 0.7266666666666667 419 419 
0.5 0.006666666666666667 0.7333333333333333 458 458 
0.5 0.006666666666666667 0.74 474 474 
0.5 0.006666666666666667 0.7466666666666667 459 459 
0.5 0.006666666666666667 0.7533333333333333 408 408 
0.5 0.006666666666666667 0.76 457 457 
0.5 0.006666666666666667 0.7666666666666667 479 479 
0.5 0.006666666666666667 0.7733333333333333 468 468 
0.5 0.006666666666666667 0.78 463 463 
0.5 0.006666666666666667 0.7866666666666666 453 453 
0.5 0.006666666666666667 0.7933333333333333 485 485 
0.5 0.006666666666666667 0.8 452 452 
0.5 0.006666666666666667 0.8066666666666666 457 457 
0.5 0.006666666666666667 0.8133333333333334 466 466 
0.5 0.006666666666666667 0.82 398 398 
0.5 0.006666666666666667 0.8266666666666667 445 445 
0.5 0.006666666666666667 0.8333333333333334 445 445 
0.5 0.006666666666666667 0.84 417 417 
0.5 0.006666666666666667 0.8466666666666667 393 393 
0.5 0.006666666666666667 0.8533333333333334 470 470 
0.5 0.006666666666666667 0.86 461 461 
0.5 0.006666666666666667 0.8666666666666667 497 497 
0.5 0.006666666666666667 0.8733333333333333 501 501 
0.5 0.006666666666666667 0.88 435 435 
0.5 0.006666666666666667 0.8866666666666667 475 475 
0.5 0.006666666666666667 0.8933333333333333 476 476 
0.5 0.006666666666666667 0.9 465 465 
0.5 0.006666666666666667 0.9066666666666666 466 466 
0.5 0.006666666666666667 0.9133333333333333 458 458 
0.5 0.006666666666666667 0.92 450 450 
0.5 0.006666666666666667 0.9266666666666666 461 461 
0.5 0.006666666666666667 0.9333333333333333 468 468 
0.5 0.006666666666666667 0.94 424 424 
0.5 0.006666666666666667 0.9466666666666667 454 454 
0.5 0.006666666666666667 0.9533333333333334 477 477 
0.5 0.006666666666666667 0.96 467 467 
0.5 0.006666666666666667 0.9666666666666667 443 443 
0.5 0.006666666666666667 0.9733333333333334 434 434 
0.5 0.006666666666666667 0.98 499 499 
0.5 0.006666666666666667 0.9866666666666667 604 604 
0.5 0.006666666666666667 0.9933333333333333 0 0 
0.5 0.013333333333333334 0.0 0 0 
0.5 0.013333333333333334 0.006666666666666667 604 604 
0.5 0.013333333333333334 0.013333333333333334 485 485 
0.5 0.013333333333333334 0.02 440 440 
0.5 0.013333333333333334 0.02666666666666667 442 442 
0.5 0.013333333333333334 0.03333333333333333 491 491 
0.5 0.013333333333333334 0.04 474 474 
0.5 0.013333333333333334 0.04666666666666667 473 473 
0.5 0.013333333333333334 0.05333333333333334 433 433 
0.5 0.013333333333333334 0.06 445 445 
0.5 0.013333333333333334 0.06666666666666667 462 462 
0.5 0.013333333333333334 0.07333333333333333 459 459 
0.5 0.013333333333333334 0.08 435 435 
0.5 0.013333333333333334 0.08666666666666667 423 423 
0.5 0.013333333333333334 0.09333333333333334 438 438 
0.5 0.013333333333333334 0.1 454 454 
0.5 0.013333333333333334 0.10666666666666667 473 473 
0.5 0.013333333333333334 0.11333333333333333 463 463 
0.5 0.013333333333333334 0.12 417 417 
0.5 0.013333333333333334 0.12666666666666668 471 471 
0.5 0.013333333333333334 0.13333333333333333 460 460 
0.5 0.013333333333333334 0.14 463 463 
0.5 0.013333333333333334 0.14666666666666667 464 464 
0.5 0.013333333333333334 0.15333333333333332 470 470 
0.5 0.013333333333333334 0.16 429 429 
0.5 0.013333333333333334 0.16666666666666666 447 447 
0.5 0.013333333333333334 0.17333333333333334 430 430 
0.5 0.013333333333333334 0.18 469 469 
0.5 0.013333333333333334 0.18666666666666668 474 474 
0.5 0.013333333333333334 0.19333333333333333 468 468 
0.5 0.013333333333333334 0.2 476 476 
0.5 0.013333333333333334 0.20666666666666667 492 492 
0.5 0.013333333333333334 0.21333333333333335 496 496 
0.5 0.013333333333333334 0.22 487 487 
0.5 0.013333333333333334 0.22666666666666666 453 453 
0.5 0.013333333333333334 0.23333333333333334 452 452 
0.5 0.013333333333333334 0.24 445 445 
0.5 0.013333333333333334 0.24666666666666667 468 468 
0.5 0.013333333333333334 0.25333333333333335 460 460 
0.5 0.013333333333333334 0.26 411 411 
0.5 0.013333333333333334 0.26666666666666666 432 432 
0.5 0.013333333333333334 0.2733333333333333 492 492 
0.5 0.013333333333333334 0.28 430 430 
0.5 0.013333333333333334 0.2866666666666667 433 433 
0.5 0.013333333333333334 0.29333333333333333 410 410 
0.5 0.013333333333333334 0.3 442 442 
0.5 0.013333333333333334 0.30666666666666664 457 457 
0.5 0.013333333333333334 0.31333333333333335 459 459 
0.5 0.013333333333333334 0.32 469 469 
0.5 0.013333333333333334 0.32666666666666666 488 488 
0.5 0.013333333333333334 0.3333333333333333 445 445 
0.5 0.013333333333333334 0.34 431 431 
0.5 0.013333333333333334 0.3466666666666667 437 437 
0.5 0.013333333333333334 0.35333333333333333 423 423 
0.5 0.013333333333333334 0.36 450 450 
0.5 0.013333333333333334 0.36666666666666664 456 456 
0.5 0.013333333333333334 0.37333333333333335 482 482 
0.5 0.013333333333333334 0.38 475 475 
0.5 0.013333333333333334 0.38666666666666666 441 441 
0.5 0.013333333333333334 0.3933333333333333 478 478 
0.5 0.013333333333333334 0.4 455 455 
0.5 0.013333333333333334 0.4066666666666667 446 446 
0.5 0.013333333333333334 0.41333333333333333 490 490 
0.5 0.013333333333333334 0.42 461 461 
0.5 0.013333333333333334 0.4266666666666667 440 440 
0.5 0.013333333333333334 0.43333333333333335 444 444 
0.5 0.013333333333333334 0.44 460 460 
0.5 0.013333333333333334 0.44666666666666666 453 453 
0.5 0.013333333333333334 0.4533333333333333 448 448 
0.5 0.013333333333333334 0.46 430 430 
0.5 0.013333333333333334 0.4666666666666667 445 445 
0.5 0.013333333333333334 0.47333333333333333 473 473 
0.5 0.013333333333333334 0.48 467 467 
0.5 0.013333333333333334 0.4866666666666667 468 468 
0.5 0.013333333333333334 0.49333333333333335 452 452 
0.5 0.013333333333333334 0.5 477 477 
0.5 0.013333333333333334 0.5066666666666667 473 473 
0.5 0.013333333333333334 0.5133333333333333 426 426 
0.5 0.013333333333333334 0.52 429 429 
0.5 0.013333333333333334 0.5266666666666666 482 482 
0.5 0.013333333333333334 0.5333333333333333 500 500 
0.5 0.013333333333333334 0.54 447 447 
0.5 0.013333333333333334 0.5466666666666666 470 470 
0.5 0.013333333333333334 0.5533333333333333 531 531 
0.5 0.013333333333333334 0.56 469 469 
0.5 0.013333333333333334 0.5666666666666667 417 417 
0.5 0.013333333333333334 0.5733333333333334 463 463 
0.5 0.013333333333333334 0.58 440 440 
0.5 0.013333333333333334 0.5866666666666667 488 488 
0.5 0.013333333333333334 0.5933333333333334 456 456 
0.5 0.013333333333333334 0.6 451 451 
0.5 0.013333333333333334 0.6066666666666667 442 442 
0.5 0.013333333333333334 0.6133333333333333 439 439 
0.5 0.013333333333333334 0.62 456 456 
0.5 0.013333333333333334 0.6266666666666667 462 462 
0.5 0.013333333333333334 0.6333333333333333 446 446 
0.5 0.013333333333333334 0.64 435 435 
0.5 0.013333333333333334 0.6466666666666666 442 442 
0.5 0.013333333333333334 0.6533333333333333 460 460 
0.5 0.013333333333333334 0.66 386 386 
0.5 0.013333333333333334 0.6666666666666666 446 446 
0.5 0.013333333333333334 0.6733333333333333 462 462 
0.5 0.013333333333333334 0.68 463 463 
0.5 0.013333333333333334 0.6866666666666666 458 458 
0.5 0.013333333333333334 0.6933333333333334 511 511 
0.5 0.013333333333333334 0.7 467 467 
0.5 0.013333333333333334 0.7066666666666667 476 476 
0.5 0.013333333333333334 0.7133333333333334 471 471 
0.5 0.013333333333333334 0.72 459 459 
0.5 0.013333333333333334 0.7266666666666667 433 433 
0.5 0.013333333333333334 0.7333333333333333 423 423 
0.5 0.013333333333333334 0.74 452 452 
0.5 0.013333333333333334 0.7466666666666667 433 433 
0.5 0.013333333333333334 0.7533333333333333 439 439 
0.5 0.013333333333333334 0.76 486 486 
0.5 0.013333333333333334 0.7666666666666667 474 474 
0.5 0.013333333333333334 0.7733333333333333 465 465 
0.5 0.013333333333333334 0.78 480 480 
0.5 0.013333333333333334 0.7866666666666666 482 482 
0.5 0.013333333333333334 0.7933333333333333 435 435 
0.5 0.013333333333333334 0.8 413 413 
0.5 0.013333333333333334 0.8066666666666666 462 462 
0.5 0.013333333333333334 0.8133333333333334 461 461 
0.5 0.013333333333333334 0.82 425 425 
0.5 0.013333333333333334 0.8266666666666667 425 425 
0.5 0.013333333333333334 0.8333333333333334 391 391 
0.5 0.013333333333333334 0.84 431 431 
0.5 0.013333333333333334 0.8466666666666667 420 420 
0.5 0.013333333333333334 0.8533333333333334 410 410 
0.5 0.013333333333333334 0.86 455 455 
0.5 0.013333333333333334 0.8666666666666667 489 489 
0.5 0.013333333333333334 0.8733333333333333 435 435 
0.5 0.013333333333333334 0.88 440 440 
0.5 0.013333333333333334 0.8866666666666667 433 433 
0.5 0.013333333333333334 0.8933333333333333 412 412 
0.5 0.013333333333333334 0.9 468 468 
0.5 0.013333333333333334 0.9066666666666666 481 481 
0.5 0.013333333333333334 0.9133333333333333 465 465 
0.5 0.013333333333333334 0.92 477 477 
0.5 0.013333333333333334 0.9266666666666666 456 456 
0.5 0.013333333333333334 0.9333333333333333 489 489 
0.5 0.013333333333333334 0.94 505 505 
0.5 0.013333333333333334 0.9466666666666667 475 475 
0.5 0.013333333333333334 0.9533333333333334 438 438 
0.5 0.013333333333333334 0.96 458 458 
0.5 0.013333333333333334 0.9666666666666667 480 480 
0.5 0.013333333333333334 0.9733333333333334 493 493 
0.5 0.013333333333333334 0.98 488 488 
0.5 0.013333333333333334 0.9866666666666667 595 595 
0.5 0.013333333333333334 0.9933333333333333 0 0 
0.5 0.02 0.0 0 0 
0.5 0.02 0.006666666666666667 541 541 
0.5 0.02 0.013333333333333334 456 456 
0.5 0.02 0.02 466 466 
0.5 0.02 0.02666666666666667 469 469 
0.5 0.02 0.03333333333333333 435 435 
0.5 0.02 0.04 473 473 
0.5 0.02 0.04666666666666667 504 504 
0.5 0.02 0.05333333333333334 487 487 
0.5 0.02 0.06 441 441 
0.5 0.02 0.06666666666666667 415 415 
0.5 0.02 0.07333333333333333 455 455 
0.5 0.02 0.08 422 422 
0.5 0.02 0.08666666666666667 446 446 
0.5 0.02 0.09333333333333334 446 446 
0.5 0.02 0.1 488 488 
0.5 0.02 0.10666666666666667 418 418 
0.5 0.02 0.11333333333333333 471 471 
0.5 0.02 0.12 485 485 
0.5 0.02 0.12666666666666668 426 426 
0.5 0.02 0.13333333333333333 400 400 
0.5 0.02 0.14 449 449 
0.5 0.02 0.14666666666666667 465 465 
0.5 0.02 0.15333333333333332 450 450 
0.5 0.02 0.16 457 457 
0.5 0.02 0.16666666666666666 424 424 
0.5 0.02 0.17333333333333334 458 458 
0.5 0.02 0.18 444 444 
0.5 0.02 0.18666666666666668 462 462 
0.5 0.02 0.19333333333333333 445 445 
0.5 0.02 0.2 448 448 
0.5 0.02 0.20666666666666667 451 451 
0.5 0.02 0.21333333333333335 496 496 
0.5 0.02 0.22 419 419 
0.5 0.02 0.22666666666666666 448 448 
0.5 0.02 0.23333333333333334 443 443 
0.5 0.02 0.24 472 472 
0.5 0.02 0.24666666666666667 452 452 
0.5 0.02 0.25333333333333335 434 434 
0.5 0.02 0.26 463 463 
0.5 0.02 0.26666666666666666 420 420 
0.5 0.02 0.2733333333333333 456 456 
0.5 0.02 0.28 455 455 
0.5 0.02 0.2866666666666667 471 471 
0.5 0.02 0.29333333333333333 465 465 
0.5 0.02 0.3 453 453 
0.5 0.02 0.30666666666666664 436 436 
0.5 0.02 0.31333333333333335 478 478 
0.5 0.02 0.32 488 488 
0.5 0.02 0.32666666666666666 439 439 
0.5 0.02 0.3333333333333333 434 434 
0.5 0.02 0.34 426 426 
0.5 0.02 0.3466666666666667 437 437 
0.5 0.02 0.35333333333333333 454 454 
0.5 0.02 0.36 429 429 
0.5 0.02 0.36666666666666664 411 411 
0.5 0.02 0.37333333333333335 463 463 
0.5 0.02 0.38 448 448 
0.5 0.02 0.38666666666666666 467 467 
0.5 0.02 0.3933333333333333 463 463 
0.5 0.02 0.4 486 486 
0.5 0.02 0.4066666666666667 465 465 
0.5 0.02 0.41333333333333333 449 449 
0.5 0.02 0.42 466 466 
0.5 0.02 0.4266666666666667 466 466 
0.5 0.02 0.43333333333333335 443 443 
0.5 0.02 0.44 449 449 
0.5 0.02 0.44666666666666666 489 489 
0.5 0.02 0.4533333333333333 465 465 
0.5 0.02 0.46 446 446 
0.5 0.02 0.4666666666666667 454 454 
0.5 0.02 0.47333333333333333 480 480 
0.5 0.02 0.48 479 479 
0.5 0.02 0.4866666666666667 470 470 
0.5 0.02 0.49333333333333335 470 470 
0.5 0.02 0.5 458 458 
0.5 0.02 0.5066666666666667 432 432 
0.5 0.02 0.5133333333333333 430 430 
0.5 0.02 0.52 455 455 
0.5 0.02 0.5266666666666666 447 447 
0.5 0.02 0.5333333333333333 476 476 
0.5 0.02 0.54 495 495 
0.5 0.02 0.5466666666666666 486 486 
0.5 0.02 0.5533333333333333 428 428 
0.5 0.02 0.56 476 476 
0.5 0.02 0.5666666666666667 455 455 
0.5 0.02 0.5733333333333334 430 430 
0.5 0.02 0.58 426 426 
0.5 0.02 0.5866666666666667 441 441 
0.5 0.02 0.5933333333333334 473 473 
0.5 0.02 0.6 461 461 
0.5 0.02 0.6066666666666667 386 386 
0.5 0.02 0.6133333333333333 442 442 
0.5 0.02 0.62 476 476 
0.5 0.02 0.6266666666666667 449 449 
0.5 0.02 0.6333333333333333 461 461 
0.5 0.02 0.64 457 457 
0.5 0.02 0.6466666666666666 461 461 
0.5 0.02 0.6533333333333333 487 487 
0.5 0.02 0.66 456 456 
0.5 0.02 0.6666666666666666 493 493 
0.5 0.02 0.6733333333333333 502 502 
0.5 0.02 0.68 466 466 
0.5 0.02 0.6866666666666666 489 489 
0.5 0.02 0.6933333333333334 469 469 
0.5 0.02 0.7 463 463 
0.5 0.02 0.7066666666666667 459 459 
0.5 0.02 0.7133333333333334 453 453 
0.5 0.02 0.72 426 426 
0.5 0.02 0.7266666666666667 481 481 
0.5 0.02 0.7333333333333333 405 405 
0.5 0.02 0.74 440 440 
0.5 0.02 0.7466666666666667 466 466 
0.5 0.02 0.7533333333333333 426 426 
0.5 0.02 0.76 450 450 
0.5 0.02 0.7666666666666667 443 443 
0.5 0.02 0.7733333333333333 445 445 
0.5 0.02 0.78 499 499 
0.5 0.02 0.7866666666666666 465 465 
0.5 0.02 0.7933333333333333 463 463 
0.5 0.02 0.8 484 484 
0.5 0.02 0.8066666666666666 478 478 
0.5 0.02 0.8133333333333334 474 474 
0.5 0.02 0.82 435 435 
0.5 0.02 0.8266666666666667 430 430 
0.5 0.02 0.8333333333333334 442 442 
0.5 0.02 0.84 456 456 
0.5 0.02 0.8466666666666667 395 395 
0.5 0.02 0.8533333333333334 447 447 
0.5 0.02 0.86 417 417 
0.5 0.02 0.8666666666666667 484 484 
0.5 0.02 0.8733333333333333 421 421 
0.5 0.02 0.88 465 465 
0.5 0.02 0.8866666666666667 481 481 
0.5 0.02 0.8933333333333333 495 495 
0.5 0.02 0.9 462 462 
0.5 0.02 0.9066666666666666 452 452 
0.5 0.02 0.9133333333333333 476 476 
0.5 0.02 0.92 466 466 
0.5 0.02 0.9266666666666666 471 471 
0.5 0.02 0.9333333333333333 475 475 
0.5 0.02 0.94 472 472 
0.5 0.02 0.9466666666666667 457 457 
0.5 0.02 0.9533333333333334 482 482 
0.5 0.02 0.96 481 481 
0.5 0.02 0.9666666666666667 447 447 
0.5 0.02 0.9733333333333334 515 515 
0.5 0.02 0.98 476 476 
0.5 0.02 0.9866666666666667 597 597 
0.5 0.02 0.9933333333333333 0 0 
0.5 0.02666666666666667 0.0 0 0 
0.5 0.02666666666666667 0.006666666666666667 527 527 
0.5 0.02666666666666667 0.013333333333333334 447 447 
0.5 0.02666666666666667 0.02 459 459 
0.5 0.02666666666666667 0.02666666666666667 459 459 
0.5 0.02666666666666667 0.03333333333333333 441 441 
0.5 0.02666666666666667 0.04 496 496 
0.5 0.02666666666666667 0.04666666666666667 453 453 
0.5 0.02666666666666667 0.05333333333333334 461 461 
0.5 0.02666666666666667 0.06 478 478 
0.5 0.02666666666666667 0.06666666666666667 457 457 
0.5 0.02666666666666667 0.07333333333333333 437 437 
0.5 0.02666666666666667 0.08 459 459 
0.5 0.02666666666666667 0.08666666666666667 455 455 
0.5 0.02666666666666667 0.09333333333333334 474 474 
0.5 0.02666666666666667 0.1 467 467 
0.5 0.02666666666666667 0.10666666666666667 458 458 
0.5 0.02666666666666667 0.11333333333333333 464 464 
0.5 0.02666666666666667 0.12 427 427 
0.5 0.02666666666666667 0.12666666666666668 450 450 
0.5 0.02666666666666667 0.13333333333333333 427 427 
0.5 0.02666666666666667 0.14 436 436 
0.5 0.02666666666666667 0.14666666666666667 421 421 
0.5 0.02666666666666667 0.15333333333333332 417 417 
0.5 0.02666666666666667 0.16 454 454 
0.5 0.02666666666666667 0.16666666666666666 416 416 
0.5 0.02666666666666667 0.17333333333333334 437 437 
0.5 0.02666666666666667 0.18 431 431 
0.5 0.02666666666666667 0.18666666666666668 456 456 
0.5 0.02666666666666667 0.19333333333333333 427 427 
0.5 0.02666666666666667 0.2 423 423 
0.5 0.02666666666666667 0.20666666666666667 475 475 
0.5 0.02666666666666667 0.21333333333333335 487 487 
0.5 0.02666666666666667 0.22 467 467 
0.5 0.02666666666666667 0.22666666666666666 454 454 
0.5 0.02666666666666667 0.23333333333333334 458 458 
0.5 0.02666666666666667 0.24 484 484 
0.5 0.02666666666666667 0.24666666666666667 444 444 
0.5 0.02666666666666667 0.25333333333333335 435 435 
0.5 0.02666666666666667 0.26 434 434 
0.5 0.02666666666666667 0.26666666666666666 469 469 
0.5 0.02666666666666667 0.2733333333333333 469 469 
0.5 0.02666666666666667 0.28 468 468 
0.5 0.02666666666666667 0.2866666666666667 514 514 
0.5 0.02666666666666667 0.29333333333333333 479 479 
0.5 0.02666666666666667 0.3 478 478 
0.5 0.02666666666666667 0.30666666666666664 469 469 
0.5 0.02666666666666667 0.31333333333333335 436 436 
0.5 0.02666666666666667 0.32 455 455 
0.5 0.02666666666666667 0.32666666666666666 444 444 
0.5 0.02666666666666667 0.3333333333333333 435 435 
0.5 0.02666666666666667 0.34 475 475 
0.5 0.02666666666666667 0.3466666666666667 471 471 
0.5 0.02666666666666667 0.35333333333333333 458 458 
0.5 0.02666666666666667 0.36 436 436 
0.5 0.02666666666666667 0.36666666666666664 479 479 
0.5 0.02666666666666667 0.37333333333333335 476 476 
0.5 0.02666666666666667 0.38 481 481 
0.5 0.02666666666666667 0.38666666666666666 480 480 
0.5 0.02666666666666667 0.3933333333333333 498 498 
0.5 0.02666666666666667 0.4 498 498 
0.5 0.02666666666666667 0.4066666666666667 468 468 
0.5 0.02666666666666667 0.41333333333333333 462 462 
0.5 0.02666666666666667 0.42 472 472 
0.5 0.02666666666666667 0.4266666666666667 453 453 
0.5 0.02666666666666667 0.43333333333333335 501 501 
0.5 0.02666666666666667 0.44 444 444 
0.5 0.02666666666666667 0.44666666666666666 453 453 
0.5 0.02666666666666667 0.4533333333333333 444 444 
0.5 0.02666666666666667 0.46 428 428 
0.5 0.02666666666666667 0.4666666666666667 451 451 
0.5 0.02666666666666667 0.47333333333333333 390 390 
0.5 0.02666666666666667 0.48 446 446 
0.5 0.02666666666666667 0.4866666666666667 462 462 
0.5 0.02666666666666667 0.49333333333333335 446 446 
0.5 0.02666666666666667 0.5 447 447 
0.5 0.02666666666666667 0.5066666666666667 440 440 
0.5 0.02666666666666667 0.5133333333333333 432 432 
0.5 0.02666666666666667 0.52 470 470 
0.5 0.02666666666666667 0.5266666666666666 512 512 
0.5 0.02666666666666667 0.5333333333333333 414 414 
0.5 0.02666666666666667 0.54 472 472 
0.5 0.02666666666666667 0.5466666666666666 439 439 
0.5 0.02666666666666667 0.5533333333333333 460 460 
0.5 0.02666666666666667 0.56 468 468 
0.5 0.02666666666666667 0.5666666666666667 466 466 
0.5 0.02666666666666667 0.5733333333333334 467 467 
0.5 0.02666666666666667 0.58 416 416 
0.5 0.02666666666666667 0.5866666666666667 464 464 
0.5 0.02666666666666667 0.5933333333333334 434 434 
0.5 0.02666666666666667 0.6 461 461 
0.5 0.02666666666666667 0.6066666666666667 455 455 
0.5 0.02666666666666667 0.6133333333333333 471 471 
0.5 0.02666666666666667 0.62 449 449 
0.5 0.02666666666666667 0.6266666666666667 439 439 
0.5 0.02666666666666667 0.6333333333333333 478 478 
0.5 0.02666666666666667 0.64 449 449 
0.5 0.02666666666666667 0.6466666666666666 431 431 
0.5 0.02666666666666667 0.6533333333333333 444 444 
0.5 0.02666666666666667 0.66 446 446 
0.5 0.02666666666666667 0.6666666666666666 460 460 
0.5 0.02666666666666667 0.6733333333333333 476 476 
0.5 0.02666666666666667 0.68 476 476 
0.5 0.02666666666666667 0.6866666666666666 433 433 
0.5 0.02666666666666667 0.6933333333333334 512 512 
0.5 0.02666666666666667 0.7 454 454 
0.5 0.02666666666666667 0.7066666666666667 457 457 
0.5 0.02666666666666667 0.7133333333333334 462 462 
0.5 0.02666666666666667 0.72 441 441 
0.5 0.02666666666666667 0.7266666666666667 449 449 
0.5 0.02666666666666667 0.7333333333333333 460 460 
0.5 0.02666666666666667 0.74 458 458 
0.5 0.02666666666666667 0.7466666666666667 445 445 
0.5 0.02666666666666667 0.7533333333333333 454 454 
0.5 0.02666666666666667 0.76 440 440 
0.5 0.02666666666666667 0.7666666666666667 409 409 
0.5 0.02666666666666667 0.7733333333333333 464 464 
0.5 0.02666666666666667 0.78 472 472 
0.5 0.02666666666666667 0.7866666666666666 467 467 
0.5 0.02666666666666667 0.7933333333333333 433 433 
0.5 0.02666666666666667 0.8 455 455 
0.5 0.02666666666666667 0.8066666666666666 423 423 
0.5 0.02666666666666667 0.8133333333333334 458 458 
0.5 0.02666666666666667 0.82 442 442 
0.5 0.02666666666666667 0.8266666666666667 468 468 
0.5 0.02666666666666667 0.8333333333333334 476 476 
0.5 0.02666666666666667 0.84 479 479 
0.5 0.02666666666666667 0.8466666666666667 477 477 
0.5 0.02666666666666667 0.8533333333333334 471 471 
0.5 0.02666666666666667 0.86 422 422 
0.5 0.02666666666666667 0.8666666666666667 408 408 
0.5 0.02666666666666667 0.8733333333333333 470 470 
0.5 0.02666666666666667 0.88 482 482 
0.5 0.02666666666666667 0.8866666666666667 452 452 
0.5 0.02666666666666667 0.8933333333333333 473 473 
0.5 0.02666666666666667 0.9 488 488 
0.5 0.02666666666666667 0.9066666666666666 411 411 
0.5 0.02666666666666667 0.9133333333333333 490 490 
0.5 0.02666666666666667 0.92 476 476 
0.5 0.02666666666666667 0.9266666666666666 487 487 
0.5 0.02666666666666667 0.9333333333333333 498 498 
0.5 0.02666666666666667 0.94 488 488 
0.5 0.02666666666666667 0.9466666666666667 477 477 
0.5 0.02666666666666667 0.9533333333333334 475 475 
0.5 0.02666666666666667 0.96 471 471 
0.5 0.02666666666666667 0.9666666666666667 469 469 
0.5 0.02666666666666667 0.9733333333333334 410 410 
0.5 0.02666666666666667 0.98 484 484 
0.5 0.02666666666666667 0.9866666666666667 577 577 
0.5 0.02666666666666667 0.9933333333333333 0 0 
0.5 0.03333333333333333 0.0 0 0 
0.5 0.03333333333333333 0.006666666666666667 542 542 
0.5 0.03333333333333333 0.013333333333333334 464 464 
0.5 0.03333333333333333 0.02 452 452 
0.5 0.03333333333333333 0.02666666666666667 446 446 
0.5 0.03333333333333333 0.03333333333333333 471 471 
0.5 0.03333333333333333 0.04 425 425 
0.5 0.03333333333333333 0.04666666666666667 451 451 
0.5 0.03333333333333333 0.05333333333333334 476 476 
0.5 0.03333333333333333 0.06 453 453 
0.5 0.03333333333333333 0.06666666666666667 474 474 
0.5 0.03333333333333333 0.07333333333333333 493 493 
0.5 0.03333333333333333 0.08 452 452 
0.5 0.03333333333333333 0.08666666666666667 418 418 
0.5 0.03333333333333333 0.09333333333333334 425 425 
0.5 0.03333333333333333 0.1 416 416 
0.5 0.03333333333333333 0.10666666666666667 446 446 
0.5 0.03333333333333333 0.11333333333333333 429 429 
0.5 0.03333333333333333 0.12 462 462 
0.5 0.03333333333333333 0.12666666666666668 437 437 
0.5 0.03333333333333333 0.13333333333333333 466 466 
0.5 0.03333333333333333 0.14 404 404 
0.5 0.03333333333333333 0.14666666666666667 448 448 
0.5 0.03333333333333333 0.15333333333333332 442 442 
0.5 0.03333333333333333 0.16 467 467 
0.5 0.03333333333333333 0.16666666666666666 455 455 
0.5 0.03333333333333333 0.17333333333333334 438 438 
0.5 0.03333333333333333 0.18 454 454 
0.5 0.03333333333333333 0.18666666666666668 458 458 
0.5 0.03333333333333333 0.19333333333333333 472 472 
0.5 0.03333333333333333 0.2 447 447 
0.5 0.03333333333333333 0.20666666666666667 485 485 
0.5 0.03333333333333333 0.21333333333333335 444 444 
0.5 0.03333333333333333 0.22 470 470 
0.5 0.03333333333333333 0.22666666666666666 493 493 
0.5 0.03333333333333333 0.23333333333333334 501 501 
0.5 0.03333333333333333 0.24 469 469 
0.5 0.03333333333333333 0.24666666666666667 463 463 
0.5 0.03333333333333333 0.25333333333333335 476 476 
0.5 0.03333333333333333 0.26 471 471 
0.5 0.03333333333333333 0.26666666666666666 449 449 
0.5 0.03333333333333333 0.2733333333333333 419 419 
0.5 0.03333333333333333 0.28 493 493 
0.5 0.03333333333333333 0.2866666666666667 469 469 
0.5 0.03333333333333333 0.29333333333333333 485 485 
0.5 0.03333333333333333 0.3 454 454 
0.5 0.03333333333333333 0.30666666666666664 475 475 
0.5 0.03333333333333333 0.31333333333333335 460 460 
0.5 0.03333333333333333 0.32 451 451 
0.5 0.03333333333333333 0.32666666666666666 445 445 
0.5 0.03333333333333333 0.3333333333333333 472 472 
0.5 0.03333333333333333 0.34 446 446 
0.5 0.03333333333333333 0.3466666666666667 460 460 
0.5 0.03333333333333333 0.35333333333333333 417 417 
0.5 0.03333333333333333 0.36 425 425 
0.5 0.03333333333333333 0.36666666666666664 450 450 
0.5 0.03333333333333333 0.37333333333333335 492 492 
0.5 0.03333333333333333 0.38 483 483 
0.5 0.03333333333333333 0.38666666666666666 482 482 
0.5 0.03333333333333333 0.3933333333333333 483 483 
0.5 0.03333333333333333 0.4 472 472 
0.5 0.03333333333333333 0.4066666666666667 447 447 
0.5 0.03333333333333333 0.41333333333333333 465 465 
0.5 0.03333333333333333 0.42 433 433 
0.5 0.03333333333333333 0.4266666666666667 486 486 
0.5 0.03333333333333333 0.43333333333333335 513 513 
0.5 0.03333333333333333 0.44 467 467 
0.5 0.03333333333333333 0.44666666666666666 484 484 
0.5 0.03333333333333333 0.4533333333333333 448 448 
0.5 0.03333333333333333 0.46 476 476 
0.5 0.03333333333333333 0.4666666666666667 486 486 
0.5 0.03333333333333333 0.47333333333333333 472 472 
0.5 0.03333333333333333 0.48 496 496 
0.5 0.03333333333333333 0.4866666666666667 443 443 
0.5 0.03333333333333333 0.49333333333333335 415 415 
0.5 0.03333333333333333 0.5 446 446 
0.5 0.03333333333333333 0.5066666666666667 413 413 
0.5 0.03333333333333333 0.5133333333333333 462 462 
0.5 0.03333333333333333 0.52 458 458 
0.5 0.03333333333333333 0.5266666666666666 502 502 
0.5 0.03333333333333333 0.5333333333333333 465 465 
0.5 0.03333333333333333 0.54 470 470 
0.5 0.03333333333333333 0.5466666666666666 488 488 
0.5 0.03333333333333333 0.5533333333333333 470 470 
0.5 0.03333333333333333 0.56 473 473 
0.5 0.03333333333333333 0.5666666666666667 462 462 
0.5 0.03333333333333333 0.5733333333333334 441 441 
0.5 0.03333333333333333 0.58 433 433 
0.5 0.03333333333333333 0.5866666666666667 441 441 
0.5 0.03333333333333333 0.5933333333333334 453 453 
0.5 0.03333333333333333 0.6 458 458 
0.5 0.03333333333333333 0.6066666666666667 504 504 
0.5 0.03333333333333333 0.6133333333333333 455 455 
0.5 0.03333333333333333 0.62 483 483 
0.5 0.03333333333333333 0.6266666666666667 459 459 
0.5 0.03333333333333333 0.6333333333333333 504 504 
0.5 0.03333333333333333 0.64 442 442 
0.5 0.03333333333333333 0.6466666666666666 461 461 
0.5 0.03333333333333333 0.6533333333333333 446 446 
0.5 0.03333333333333333 0.66 480 480 
0.5 0.03333333333333333 0.6666666666666666 481 481 
0.5 0.03333333333333333 0.6733333333333333 440 440 
0.5 0.03333333333333333 0.68 459 459 
0.5 0.03333333333333333 0.6866666666666666 486 486 
0.5 0.03333333333333333 0.6933333333333334 432 432 
0.5 0.03333333333333333 0.7 463 463 
0.5 0.03333333333333333 0.7066666666666667 421 421 
0.5 0.03333333333333333 0.7133333333333334 492 492 
0.5 0.03333333333333333 0.72 453 453 
0.5 0.03333333333333333 0.7266666666666667 446 446 
0.5 0.03333333333333333 0.7333333333333333 474 474 
0.5 0.03333333333333333 0.74 443 443 
0.5 0.03333333333333333 0.7466666666666667 456 456 
0.5 0.03333333333333333 0.7533333333333333 472 472 
0.5 0.03333333333333333 0.76 407 407 
0.5 0.03333333333333333 0.7666666666666667 468 468 
0.5 0.03333333333333333 0.7733333333333333 442 442 
0.5 0.03333333333333333 0.78 486 486 
0.5 0.03333333333333333 0.7866666666666666 427 427 
0.5 0.03333333333333333 0.7933333333333333 474 474 
0.5 0.03333333333333333 0.8 454 454 
0.5 0.03333333333333333 0.8066666666666666 477 477 
0.5 0.03333333333333333 0.8133333333333334 442 442 
0.5 0.03333333333333333 0.82 457 457 
0.5 0.03333333333333333 0.8266666666666667 455 455 
0.5 0.03333333333333333 0.8333333333333334 465 465 
0.5 0.03333333333333333 0.84 481 481 
0.5 0.03333333333333333 0.8466666666666667 507 507 
0.5 0.03333333333333333 0.8533333333333334 459 459 
0.5 0.03333333333333333 0.86 430 430 
0.5 0.03333333333333333 0.8666666666666667 459 459 
0.5 0.03333333333333333 0.8733333333333333 410 410 
0.5 0.03333333333333333 0.88 464 464 
0.5 0.03333333333333333 0.8866666666666667 457 457 
0.5 0.03333333333333333 0.8933333333333333 476 476 
0.5 0.03333333333333333 0.9 431 431 
0.5 0.03333333333333333 0.9066666666666666 460 460 
0.5 0.03333333333333333 0.9133333333333333 448 448 
0.5 0.03333333333333333 0.92 498 498 
0.5 0.03333333333333333 0.9266666666666666 456 456 
0.5 0.03333333333333333 0.9333333333333333 453 453 
0.5 0.03333333333333333 0.94 441 441 
0.5 0.03333333333333333 0.9466666666666667 449 449 
0.5 0.03333333333333333 0.9533333333333334 478 478 
0.5 0.03333333333333333 0.96 457 457 
0.5 0.03333333333333333 0.9666666666666667 463 463 
0.5 0.03333333333333333 0.9733333333333334 454 454 
0.5 0.03333333333333333 0.98 439 439 
0.5 0.03333333333333333 0.9866666666666667 572 572 
0.5 0.03333333333333333 0.9933333333333333 0 0 
0.5 0.04 0.0 0 0 
0.5 0.04 0.006666666666666667 510 510 
0.5 0.04 0.013333333333333334 473 473 
0.5 0.04 0.02 462 462 
0.5 0.04 0.02666666666666667 460 460 
0.5 0.04 0.03333333333333333 444 444 
0.5 0.04 0.04 425 425 
0.5 0.04 0.04666666666666667 413 413 
0.5 0.04 0.05333333333333334 446 446 
0.5 0.04 0.06 435 435 
0.5 0.04 0.06666666666666667 477 477 
0.5 0.04 0.07333333333333333 477 477 
0.5 0.04 0.08 453 453 
0.5 0.04 0.08666666666666667 428 428 
0.5 0.04 0.09333333333333334 480 480 
0.5 0.04 0.1 445 445 
0.5 0.04 0.10666666666666667 461 461 
0.5 0.04 0.11333333333333333 418 418 
0.5 0.04 0.12 440 440 
0.5 0.04 0.12666666666666668 433 433 
0.5 0.04 0.13333333333333333 450 450 
0.5 0.04 0.14 412 412 
0.5 0.04 0.14666666666666667 442 442 
0.5 0.04 0.15333333333333332 450 450 
0.5 0.04 0.16 462 462 
0.5 0.04 0.16666666666666666 445 445 
0.5 0.04 0.17333333333333334 414 414 
0.5 0.04 0.18 449 449 
0.5 0.04 0.18666666666666668 447 447 
0.5 0.04 0.19333333333333333 474 474 
0.5 0.04 0.2 442 442 
0.5 0.04 0.20666666666666667 441 441 
0.5 0.04 0.21333333333333335 454 454 
0.5 0.04 0.22 415 415 
0.5 0.04 0.22666666666666666 479 479 
0.5 0.04 0.23333333333333334 498 498 
0.5 0.04 0.24 495 495 
0.5 0.04 0.24666666666666667 481 481 
0.5 0.04 0.25333333333333335 481 481 
0.5 0.04 0.26 461 461 
0.5 0.04 0.26666666666666666 442 442 
0.5 0.04 0.2733333333333333 418 418 
0.5 0.04 0.28 453 453 
0.5 0.04 0.2866666666666667 476 476 
0.5 0.04 0.29333333333333333 479 479 
0.5 0.04 0.3 442 442 
0.5 0.04 0.30666666666666664 447 447 
0.5 0.04 0.31333333333333335 477 477 
0.5 0.04 0.32 473 473 
0.5 0.04 0.32666666666666666 395 395 
0.5 0.04 0.3333333333333333 500 500 
0.5 0.04 0.34 438 438 
0.5 0.04 0.3466666666666667 444 444 
0.5 0.04 0.35333333333333333 447 447 
0.5 0.04 0.36 436 436 
0.5 0.04 0.36666666666666664 459 459 
0.5 0.04 0.37333333333333335 460 460 
0.5 0.04 0.38 447 447 
0.5 0.04 0.38666666666666666 464 464 
0.5 0.04 0.3933333333333333 471 471 
0.5 0.04 0.4 448 448 
0.5 0.04 0.4066666666666667 485 485 
0.5 0.04 0.41333333333333333 472 472 
0.5 0.04 0.42 470 470 
0.5 0.04 0.4266666666666667 483 483 
0.5 0.04 0.43333333333333335 469 469 
0.5 0.04 0.44 484 484 
0.5 0.04 0.44666666666666666 500 500 
0.5 0.04 0.4533333333333333 467 467 
0.5 0.04 0.46 454 454 
0.5 0.04 0.4666666666666667 451 451 
0.5 0.04 0.47333333333333333 468 468 
0.5 0.04 0.48 491 491 
0.5 0.04 0.4866666666666667 443 443 
0.5 0.04 0.49333333333333335 466 466 
0.5 0.04 0.5 457 457 
0.5 0.04 0.5066666666666667 444 444 
0.5 0.04 0.5133333333333333 474 474 
0.5 0.04 0.52 489 489 
0.5 0.04 0.5266666666666666 457 457 
0.5 0.04 0.5333333333333333 491 491 
0.5 0.04 0.54 439 439 
0.5 0.04 0.5466666666666666 499 499 
0.5 0.04 0.5533333333333333 489 489 
0.5 0.04 0.56 468 468 
0.5 0.04 0.5666666666666667 491 491 
0.5 0.04 0.5733333333333334 490 490 
0.5 0.04 0.58 447 447 
0.5 0.04 0.5866666666666667 437 437 
0.5 0.04 0.5933333333333334 450 450 
0.5 0.04 0.6 477 477 
0.5 0.04 0.6066666666666667 470 470 
0.5 0.04 0.6133333333333333 471 471 
0.5 0.04 0.62 494 494 
0.5 0.04 0.6266666666666667 486 486 
0.5 0.04 0.6333333333333333 493 493 
0.5 0.04 0.64 474 474 
0.5 0.04 0.6466666666666666 473 473 
0.5 0.04 0.6533333333333333 475 475 
0.5 0.04 0.66 449 449 
0.5 0.04 0.6666666666666666 470 470 
0.5 0.04 0.6733333333333333 433 433 
0.5 0.04 0.68 439 439 
0.5 0.04 0.6866666666666666 453 453 
0.5 0.04 0.6933333333333334 468 468 
0.5 0.04 0.7 420 420 
0.5 0.04 0.7066666666666667 468 468 
0.5 0.04 0.7133333333333334 462 462 
0.5 0.04 0.72 502 502 
0.5 0.04 0.7266666666666667 458 458 
0.5 0.04 0.7333333333333333 483 483 
0.5 0.04 0.74 491 491 
0.5 0.04 0.7466666666666667 474 474 
0.5 0.04 0.7533333333333333 456 456 
0.5 0.04 0.76 460 460 
0.5 0.04 0.7666666666666667 445 445 
0.5 0.04 0.7733333333333333 462 462 
0.5 0.04 0.78 472 472 
0.5 0.04 0.7866666666666666 445 445 
0.5 0.04 0.7933333333333333 452 452 
0.5 0.04 0.8 446 446 
0.5 0.04 0.8066666666666666 446 446 
0.5 0.04 0.8133333333333334 428 428 
0.5 0.04 0.82 457 457 
0.5 0.04 0.8266666666666667 499 499 
0.5 0.04 0.8333333333333334 480 480 
0.5 0.04 0.84 524 524 
0.5 0.04 0.8466666666666667 462 462 
0.5 0.04 0.8533333333333334 492 492 
0.5 0.04 0.86 423 423 
0.5 0.04 0.8666666666666667 426 426 
0.5 0.04 0.8733333333333333 463 463 
0.5 0.04 0.88 456 456 
0.5 0.04 0.8866666666666667 439 439 
0.5 0.04 0.8933333333333333 426 426 
0.5 0.04 0.9 455 455 
0.5 0.04 0.9066666666666666 533 533 
0.5 0.04 0.9133333333333333 399 399 
0.5 0.04 0.92 441 441 
0.5 0.04 0.9266666666666666 505 505 
0.5 0.04 0.9333333333333333 456 456 
0.5 0.04 0.94 450 450 
0.5 0.04 0.9466666666666667 465 465 
0.5 0.04 0.9533333333333334 436 436 
0.5 0.04 0.96 501 501 
0.5 0.04 0.9666666666666667 480 480 
0.5 0.04 0.9733333333333334 418 418 
0.5 0.04 0.98 463 463 
0.5 0.04 0.9866666666666667 567 567 
0.5 0.04 0.9933333333333333 0 0 
0.5 0.04666666666666667 0.0 0 0 
0.5 0.04666666666666667 0.006666666666666667 558 558 
0.5 0.04666666666666667 0.013333333333333334 449 449 
0.5 0.04666666666666667 0.02 470 470 
0.5 0.04666666666666667 0.02666666666666667 446 446 
0.5 0.04666666666666667 0.03333333333333333 460 460 
0.5 0.04666666666666667 0.04 449 449 
0.5 0.04666666666666667 0.04666666666666667 464 464 
0.5 0.04666666666666667 0.05333333333333334 449 449 
0.5 0.04666666666666667 0.06 483 483 
0.5 0.04666666666666667 0.06666666666666667 434 434 
0.5 0.04666666666666667 0.07333333333333333 489 489 
0.5 0.04666666666666667 0.08 500 500 
0.5 0.04666666666666667 0.08666666666666667 436 436 
0.5 0.04666666666666667 0.09333333333333334 437 437 
0.5 0.04666666666666667 0.1 445 445 
0.5 0.04666666666666667 0.10666666666666667 419 419 
0.5 0.04666666666666667 0.11333333333333333 477 477 
0.5 0.04666666666666667 0.12 419 419 
0.5 0.04666666666666667 0.12666666666666668 464 464 
0.5 0.04666666666666667 0.13333333333333333 455 455 
0.5 0.04666666666666667 0.14 484 484 
0.5 0.04666666666666667 0.14666666666666667 443 443 
0.5 0.04666666666666667 0.15333333333333332 476 476 
0.5 0.04666666666666667 0.16 470 470 
0.5 0.04666666666666667 0.16666666666666666 466 466 
0.5 0.04666666666666667 0.17333333333333334 467 467 
0.5 0.04666666666666667 0.18 492 492 
0.5 0.04666666666666667 0.18666666666666668 427 427 
0.5 0.04666666666666667 0.19333333333333333 437 437 
0.5 0.04666666666666667 0.2 425 425 
0.5 0.04666666666666667 0.20666666666666667 415 415 
0.5 0.04666666666666667 0.21333333333333335 451 451 
0.5 0.04666666666666667 0.22 463 463 
0.5 0.04666666666666667 0.22666666666666666 441 441 
0.5 0.04666666666666667 0.23333333333333334 436 436 
0.5 0.04666666666666667 0.24 459 459 
0.5 0.04666666666666667 0.24666666666666667 480 480 
0.5 0.04666666666666667 0.25333333333333335 466 466 
0.5 0.04666666666666667 0.26 445 445 
0.5 0.04666666666666667 0.26666666666666666 469 469 
0.5 0.04666666666666667 0.2733333333333333 480 480 
0.5 0.04666666666666667 0.28 437 437 
0.5 0.04666666666666667 0.2866666666666667 479 479 
0.5 0.04666666666666667 0.29333333333333333 462 462 
0.5 0.04666666666666667 0.3 444 444 
0.5 0.04666666666666667 0.30666666666666664 461 461 
0.5 0.04666666666666667 0.31333333333333335 459 459 
0.5 0.04666666666666667 0.32 477 477 
0.5 0.04666666666666667 0.32666666666666666 488 488 
0.5 0.04666666666666667 0.3333333333333333 418 418 
0.5 0.04666666666666667 0.34 471 471 
0.5 0.04666666666666667 0.3466666666666667 452 452 
0.5 0.04666666666666667 0.35333333333333333 436 436 
0.5 0.04666666666666667 0.36 450 450 
0.5 0.04666666666666667 0.36666666666666664 472 472 
0.5 0.04666666666666667 0.37333333333333335 476 476 
0.5 0.04666666666666667 0.38 465 465 
0.5 0.04666666666666667 0.38666666666666666 468 468 
0.5 0.04666666666666667 0.3933333333333333 473 473 
0.5 0.04666666666666667 0.4 448 448 
0.5 0.04666666666666667 0.4066666666666667 453 453 
0.5 0.04666666666666667 0.41333333333333333 458 458 
0.5 0.04666666666666667 0.42 469 469 
0.5 0.04666666666666667 0.4266666666666667 444 444 
0.5 0.04666666666666667 0.43333333333333335 451 451 
0.5 0.04666666666666667 0.44 479 479 
0.5 0.04666666666666667 0.44666666666666666 474 474 
0.5 0.04666666666666667 0.4533333333333333 450 450 
0.5 0.04666666666666667 0.46 407 407 
0.5 0.04666666666666667 0.4666666666666667 455 455 
0.5 0.04666666666666667 0.47333333333333333 424 424 
0.5 0.04666666666666667 0.48 425 425 
0.5 0.04666666666666667 0.4866666666666667 445 445 
0.5 0.04666666666666667 0.49333333333333335 450 450 
0.5 0.04666666666666667 0.5 455 455 
0.5 0.04666666666666667 0.5066666666666667 484 484 
0.5 0.04666666666666667 0.5133333333333333 488 488 
0.5 0.04666666666666667 0.52 442 442 
0.5 0.04666666666666667 0.5266666666666666 430 430 
0.5 0.04666666666666667 0.5333333333333333 488 488 
0.5 0.04666666666666667 0.54 445 445 
0.5 0.04666666666666667 0.5466666666666666 451 451 
0.5 0.04666666666666667 0.5533333333333333 442 442 
0.5 0.04666666666666667 0.56 462 462 
0.5 0.04666666666666667 0.5666666666666667 448 448 
0.5 0.04666666666666667 0.5733333333333334 446 446 
0.5 0.04666666666666667 0.58 460 460 
0.5 0.04666666666666667 0.5866666666666667 464 464 
0.5 0.04666666666666667 0.5933333333333334 441 441 
0.5 0.04666666666666667 0.6 453 453 
0.5 0.04666666666666667 0.6066666666666667 474 474 
0.5 0.04666666666666667 0.6133333333333333 419 419 
0.5 0.04666666666666667 0.62 470 470 
0.5 0.04666666666666667 0.6266666666666667 458 458 
0.5 0.04666666666666667 0.6333333333333333 472 472 
0.5 0.04666666666666667 0.64 480 480 
0.5 0.04666666666666667 0.6466666666666666 434 434 
0.5 0.04666666666666667 0.6533333333333333 450 450 
0.5 0.04666666666666667 0.66 440 440 
0.5 0.04666666666666667 0.6666666666666666 431 431 
0.5 0.04666666666666667 0.6733333333333333 426 426 
0.5 0.04666666666666667 0.68 458 458 
0.5 0.04666666666666667 0.6866666666666666 416 416 
0.5 0.04666666666666667 0.6933333333333334 427 427 
0.5 0.04666666666666667 0.7 434 434 
0.5 0.04666666666666667 0.7066666666666667 476 476 
0.5 0.04666666666666667 0.7133333333333334 482 482 
0.5 0.04666666666666667 0.72 479 479 
0.5 0.04666666666666667 0.7266666666666667 422 422 
0.5 0.04666666666666667 0.7333333333333333 465 465 
0.5 0.04666666666666667 0.74 473 473 
0.5 0.04666666666666667 0.7466666666666667 472 472 
0.5 0.04666666666666667 0.7533333333333333 472 472 
0.5 0.04666666666666667 0.76 460 460 
0.5 0.04666666666666667 0.7666666666666667 441 441 
0.5 0.04666666666666667 0.7733333333333333 441 441 
0.5 0.04666666666666667 0.78 440 440 
0.5 0.04666666666666667 0.7866666666666666 452 452 
0.5 0.04666666666666667 0.7933333333333333 463 463 
0.5 0.04666666666666667 0.8 468 468 
0.5 0.04666666666666667 0.8066666666666666 442 442 
0.5 0.04666666666666667 0.8133333333333334 442 442 
0.5 0.04666666666666667 0.82 461 461 
0.5 0.04666666666666667 0.8266666666666667 503 503 
0.5 0.04666666666666667 0.8333333333333334 504 504 
0.5 0.04666666666666667 0.84 488 488 
0.5 0.04666666666666667 0.8466666666666667 483 483 
0.5 0.04666666666666667 0.8533333333333334 466 466 
0.5 0.04666666666666667 0.86 466 466 
0.5 0.04666666666666667 0.8666666666666667 439 439 
0.5 0.04666666666666667 0.8733333333333333 463 463 
0.5 0.04666666666666667 0.88 420 420 
0.5 0.04666666666666667 0.8866666666666667 396 396 
0.5 0.04666666666666667 0.8933333333333333 479 479 
0.5 0.04666666666666667 0.9 435 435 
0.5 0.04666666666666667 0.9066666666666666 443 443 
0.5 0.04666666666666667 0.9133333333333333 480 480 
0.5 0.04666666666666667 0.92 477 477 
0.5 0.04666666666666667 0.9266666666666666 458 458 
0.5 0.04666666666666667 0.9333333333333333 428 428 
0.5 0.04666666666666667 0.94 478 478 
0.5 0.04666666666666667 0.9466666666666667 475 475 
0.5 0.04666666666666667 0.9533333333333334 460 460 
0.5 0.04666666666666667 0.96 443 443 
0.5 0.04666666666666667 0.9666666666666667 430 430 
0.5 0.04666666666666667 0.9733333333333334 459 459 
0.5 0.04666666666666667 0.98 497 497 
0.5 0.04666666666666667 0.9866666666666667 561 561 
0.5 0.04666666666666667 0.9933333333333333 0 0 
0.5 0.05333333333333334 0.0 0 0 
0.5 0.05333333333333334 0.006666666666666667 564 564 
0.5 0.05333333333333334 0.013333333333333334 461 461 
0.5 0.05333333333333334 0.02 437 437 
0.5 0.05333333333333334 0.02666666666666667 446 446 
0.5 0.05333333333333334 0.03333333333333333 437 437 
0.5 0.05333333333333334 0.04 473 473 
0.5 0.05333333333333334 0.04666666666666667 447 447 
0.5 0.05333333333333334 0.05333333333333334 399 399 
0.5 0.05333333333333334 0.06 453 453 
0.5 0.05333333333333334 0.06666666666666667 490 490 
0.5 0.05333333333333334 0.07333333333333333 441 441 
0.5 0.05333333333333334 0.08 446 446 
0.5 0.05333333333333334 0.08666666666666667 434 434 
0.5 0.05333333333333334 0.09333333333333334 436 436 
0.5 0.05333333333333334 0.1 431 431 
0.5 0.05333333333333334 0.10666666666666667 460 460 
0.5 0.05333333333333334 0.11333333333333333 482 482 
0.5 0.05333333333333334 0.12 415 415 
0.5 0.05333333333333334 0.12666666666666668 459 459 
0.5 0.05333333333333334 0.13333333333333333 423 423 
0.5 0.05333333333333334 0.14 488 488 
0.5 0.05333333333333334 0.14666666666666667 470 470 
0.5 0.05333333333333334 0.15333333333333332 501 501 
0.5 0.05333333333333334 0.16 512 512 
0.5 0.05333333333333334 0.16666666666666666 478 478 
0.5 0.05333333333333334 0.17333333333333334 488 488 
0.5 0.05333333333333334 0.18 464 464 
0.5 0.05333333333333334 0.18666666666666668 434 434 
0.5 0.05333333333333334 0.19333333333333333 456 456 
0.5 0.05333333333333334 0.2 454 454 
0.5 0.05333333333333334 0.20666666666666667 459 459 
0.5 0.05333333333333334 0.21333333333333335 450 450 
0.5 0.05333333333333334 0.22 468 468 
0.5 0.05333333333333334 0.22666666666666666 421 421 
0.5 0.05333333333333334 0.23333333333333334 449 449 
0.5 0.05333333333333334 0.24 477 477 
0.5 0.05333333333333334 0.24666666666666667 481 481 
0.5 0.05333333333333334 0.25333333333333335 465 465 
0.5 0.05333333333333334 0.26 458 458 
0.5 0.05333333333333334 0.26666666666666666 465 465 
0.5 0.05333333333333334 0.2733333333333333 440 440 
0.5 0.05333333333333334 0.28 469 469 
0.5 0.05333333333333334 0.2866666666666667 433 433 
0.5 0.05333333333333334 0.29333333333333333 458 458 
0.5 0.05333333333333334 0.3 469 469 
0.5 0.05333333333333334 0.30666666666666664 473 473 
0.5 0.05333333333333334 0.31333333333333335 465 465 
0.5 0.05333333333333334 0.32 445 445 
0.5 0.05333333333333334 0.32666666666666666 440 440 
0.5 0.05333333333333334 0.3333333333333333 438 438 
0.5 0.05333333333333334 0.34 462 462 
0.5 0.05333333333333334 0.3466666666666667 441 441 
0.5 0.05333333333333334 0.35333333333333333 488 488 
0.5 0.05333333333333334 0.36 447 447 
0.5 0.05333333333333334 0.36666666666666664 479 479 
0.5 0.05333333333333334 0.37333333333333335 429 429 
0.5 0.05333333333333334 0.38 442 442 
0.5 0.05333333333333334 0.38666666666666666 443 443 
0.5 0.05333333333333334 0.3933333333333333 440 440 
0.5 0.05333333333333334 0.4 454 454 
0.5 0.05333333333333334 0.4066666666666667 437 437 
0.5 0.05333333333333334 0.41333333333333333 436 436 
0.5 0.05333333333333334 0.42 431 431 
0.5 0.05333333333333334 0.4266666666666667 402 402 
0.5 0.05333333333333334 0.43333333333333335 419 419 
0.5 0.05333333333333334 0.44 486 486 
0.5 0.05333333333333334 0.44666666666666666 405 405 
0.5 0.05333333333333334 0.4533333333333333 496 496 
0.5 0.05333333333333334 0.46 483 483 
0.5 0.05333333333333334 0.4666666666666667 445 445 
0.5 0.05333333333333334 0.47333333333333333 506 506 
0.5 0.05333333333333334 0.48 433 433 
0.5 0.05333333333333334 0.4866666666666667 441 441 
0.5 0.05333333333333334 0.49333333333333335 467 467 
0.5 0.05333333333333334 0.5 468 468 
0.5 0.05333333333333334 0.5066666666666667 473 473 
0.5 0.05333333333333334 0.5133333333333333 469 469 
0.5 0.05333333333333334 0.52 402 402 
0.5 0.05333333333333334 0.5266666666666666 432 432 
0.5 0.05333333333333334 0.5333333333333333 391 391 
0.5 0.05333333333333334 0.54 444 444 
0.5 0.05333333333333334 0.5466666666666666 464 464 
0.5 0.05333333333333334 0.5533333333333333 447 447 
0.5 0.05333333333333334 0.56 465 465 
0.5 0.05333333333333334 0.5666666666666667 455 455 
0.5 0.05333333333333334 0.5733333333333334 464 464 
0.5 0.05333333333333334 0.58 470 470 
0.5 0.05333333333333334 0.5866666666666667 467 467 
0.5 0.05333333333333334 0.5933333333333334 459 459 
0.5 0.05333333333333334 0.6 438 438 
0.5 0.05333333333333334 0.6066666666666667 437 437 
0.5 0.05333333333333334 0.6133333333333333 476 476 
0.5 0.05333333333333334 0.62 469 469 
0.5 0.05333333333333334 0.6266666666666667 455 455 
0.5 0.05333333333333334 0.6333333333333333 492 492 
0.5 0.05333333333333334 0.64 460 460 
0.5 0.05333333333333334 0.6466666666666666 472 472 
0.5 0.05333333333333334 0.6533333333333333 426 426 
0.5 0.05333333333333334 0.66 452 452 
0.5 0.05333333333333334 0.6666666666666666 452 452 
0.5 0.05333333333333334 0.6733333333333333 463 463 
0.5 0.05333333333333334 0.68 449 449 
0.5 0.05333333333333334 0.6866666666666666 430 430 
0.5 0.05333333333333334 0.6933333333333334 473 473 
0.5 0.05333333333333334 0.7 458 458 
0.5 0.05333333333333334 0.7066666666666667 465 465 
0.5 0.05333333333333334 0.7133333333333334 487 487 
0.5 0.05333333333333334 0.72 470 470 
0.5 0.05333333333333334 0.7266666666666667 475 475 
0.5 0.05333333333333334 0.7333333333333333 464 464 
0.5 0.05333333333333334 0.74 455 455 
0.5 0.05333333333333334 0.7466666666666667 450 450 
0.5 0.05333333333333334 0.7533333333333333 450 450 
0.5 0.05333333333333334 0.76 462 462 
0.5 0.05333333333333334 0.7666666666666667 437 437 
0.5 0.05333333333333334 0.7733333333333333 419 419 
0.5 0.05333333333333334 0.78 445 445 
0.5 0.05333333333333334 0.7866666666666666 479 479 
0.5 0.05333333333333334 0.7933333333333333 467 467 
0.5 0.05333333333333334 0.8 482 482 
0.5 0.05333333333333334 0.8066666666666666 464 464 
0.5 0.05333333333333334 0.8133333333333334 491 491 
0.5 0.05333333333333334 0.82 459 459 
0.5 0.05333333333333334 0.8266666666666667 476 476 
0.5 0.05333333333333334 0.8333333333333334 456 456 
0.5 0.05333333333333334 0.84 490 490 
0.5 0.05333333333333334 0.8466666666666667 477 477 
0.5 0.05333333333333334 0.8533333333333334 500 500 
0.5 0.05333333333333334 0.86 453 453 
0.5 0.05333333333333334 0.8666666666666667 451 451 
0.5 0.05333333333333334 0.8733333333333333 482 482 
0.5 0.05333333333333334 0.88 471 471 
0.5 0.05333333333333334 0.8866666666666667 492 492 
0.5 0.05333333333333334 0.8933333333333333 443 443 
0.5 0.05333333333333334 0.9 509 509 
0.5 0.05333333333333334 0.9066666666666666 437 437 
0.5 0.05333333333333334 0.9133333333333333 435 435 
0.5 0.05333333333333334 0.92 449 449 
0.5 0.05333333333333334 0.9266666666666666 446 446 
0.5 0.05333333333333334 0.9333333333333333 438 438 
0.5 0.05333333333333334 0.94 449 449 
0.5 0.05333333333333334 0.9466666666666667 470 470 
0.5 0.05333333333333334 0.9533333333333334 458 458 
0.5 0.05333333333333334 0.96 462 462 
0.5 0.05333333333333334 0.9666666666666667 473 473 
0.5 0.05333333333333334 0.9733333333333334 460 460 
0.5 0.05333333333333334 0.98 480 480 
0.5 0.05333333333333334 0.9866666666666667 546 546 
0.5 0.05333333333333334 0.9933333333333333 0 0 
0.5 0.06 0.0 0 0 
0.5 0.06 0.006666666666666667 559 559 
0.5 0.06 0.013333333333333334 474 474 
0.5 0.06 0.02 469 469 
0.5 0.06 0.02666666666666667 476 476 
0.5 0.06 0.03333333333333333 430 430 
0.5 0.06 0.04 460 460 
0.5 0.06 0.04666666666666667 478 478 
0.5 0.06 0.05333333333333334 468 468 
0.5 0.06 0.06 478 478 
0.5 0.06 0.06666666666666667 488 488 
0.5 0.06 0.07333333333333333 433 433 
0.5 0.06 0.08 474 474 
0.5 0.06 0.08666666666666667 420 420 
0.5 0.06 0.09333333333333334 461 461 
0.5 0.06 0.1 481 481 
0.5 0.06 0.10666666666666667 476 476 
0.5 0.06 0.11333333333333333 442 442 
0.5 0.06 0.12 469 469 
0.5 0.06 0.12666666666666668 445 445 
0.5 0.06 0.13333333333333333 451 451 
0.5 0.06 0.14 487 487 
0.5 0.06 0.14666666666666667 532 532 
0.5 0.06 0.15333333333333332 468 468 
0.5 0.06 0.16 484 484 
0.5 0.06 0.16666666666666666 471 471 
0.5 0.06 0.17333333333333334 484 484 
0.5 0.06 0.18 475 475 
0.5 0.06 0.18666666666666668 469 469 
0.5 0.06 0.19333333333333333 436 436 
0.5 0.06 0.2 478 478 
0.5 0.06 0.20666666666666667 457 457 
0.5 0.06 0.21333333333333335 497 497 
0.5 0.06 0.22 431 431 
0.5 0.06 0.22666666666666666 450 450 
0.5 0.06 0.23333333333333334 447 447 
0.5 0.06 0.24 444 444 
0.5 0.06 0.24666666666666667 467 467 
0.5 0.06 0.25333333333333335 468 468 
0.5 0.06 0.26 455 455 
0.5 0.06 0.26666666666666666 470 470 
0.5 0.06 0.2733333333333333 506 506 
0.5 0.06 0.28 445 445 
0.5 0.06 0.2866666666666667 488 488 
0.5 0.06 0.29333333333333333 468 468 
0.5 0.06 0.3 475 475 
0.5 0.06 0.30666666666666664 405 405 
0.5 0.06 0.31333333333333335 428 428 
0.5 0.06 0.32 445 445 
0.5 0.06 0.32666666666666666 445 445 
0.5 0.06 0.3333333333333333 491 491 
0.5 0.06 0.34 486 486 
0.5 0.06 0.3466666666666667 430 430 
0.5 0.06 0.35333333333333333 457 457 
0.5 0.06 0.36 423 423 
0.5 0.06 0.36666666666666664 449 449 
0.5 0.06 0.37333333333333335 464 464 
0.5 0.06 0.38 416 416 
0.5 0.06 0.38666666666666666 412 412 
0.5 0.06 0.3933333333333333 427 427 
0.5 0.06 0.4 448 448 
0.5 0.06 0.4066666666666667 429 429 
0.5 0.06 0.41333333333333333 458 458 
0.5 0.06 0.42 430 430 
0.5 0.06 0.4266666666666667 424 424 
0.5 0.06 0.43333333333333335 468 468 
0.5 0.06 0.44 423 423 
0.5 0.06 0.44666666666666666 455 455 
0.5 0.06 0.4533333333333333 469 469 
0.5 0.06 0.46 468 468 
0.5 0.06 0.4666666666666667 483 483 
0.5 0.06 0.47333333333333333 450 450 
0.5 0.06 0.48 424 424 
0.5 0.06 0.4866666666666667 451 451 
0.5 0.06 0.49333333333333335 465 465 
0.5 0.06 0.5 470 470 
0.5 0.06 0.5066666666666667 439 439 
0.5 0.06 0.5133333333333333 433 433 
0.5 0.06 0.52 465 465 
0.5 0.06 0.5266666666666666 444 444 
0.5 0.06 0.5333333333333333 461 461 
0.5 0.06 0.54 418 418 
0.5 0.06 0.5466666666666666 406 406 
0.5 0.06 0.5533333333333333 441 441 
0.5 0.06 0.56 435 435 
0.5 0.06 0.5666666666666667 423 423 
0.5 0.06 0.5733333333333334 501 501 
0.5 0.06 0.58 427 427 
0.5 0.06 0.5866666666666667 480 480 
0.5 0.06 0.5933333333333334 489 489 
0.5 0.06 0.6 440 440 
0.5 0.06 0.6066666666666667 424 424 
0.5 0.06 0.6133333333333333 424 424 
0.5 0.06 0.62 418 418 
0.5 0.06 0.6266666666666667 444 444 
0.5 0.06 0.6333333333333333 458 458 
0.5 0.06 0.64 447 447 
0.5 0.06 0.6466666666666666 460 460 
0.5 0.06 0.6533333333333333 406 406 
0.5 0.06 0.66 450 450 
0.5 0.06 0.6666666666666666 477 477 
0.5 0.06 0.6733333333333333 478 478 
0.5 0.06 0.68 477 477 
0.5 0.06 0.6866666666666666 426 426 
0.5 0.06 0.6933333333333334 428 428 
0.5 0.06 0.7 414 414 
0.5 0.06 0.7066666666666667 438 438 
0.5 0.06 0.7133333333333334 455 455 
0.5 0.06 0.72 468 468 
0.5 0.06 0.7266666666666667 472 472 
0.5 0.06 0.7333333333333333 489 489 
0.5 0.06 0.74 440 440 
0.5 0.06 0.7466666666666667 449 449 
0.5 0.06 0.7533333333333333 480 480 
0.5 0.06 0.76 449 449 
0.5 0.06 0.7666666666666667 451 451 
0.5 0.06 0.7733333333333333 417 417 
0.5 0.06 0.78 443 443 
0.5 0.06 0.7866666666666666 434 434 
0.5 0.06 0.7933333333333333 468 468 
0.5 0.06 0.8 453 453 
0.5 0.06 0.8066666666666666 442 442 
0.5 0.06 0.8133333333333334 468 468 
0.5 0.06 0.82 503 503 
0.5 0.06 0.8266666666666667 475 475 
0.5 0.06 0.8333333333333334 466 466 
0.5 0.06 0.84 479 479 
0.5 0.06 0.8466666666666667 466 466 
0.5 0.06 0.8533333333333334 480 480 
0.5 0.06 0.86 474 474 
0.5 0.06 0.8666666666666667 492 492 
0.5 0.06 0.8733333333333333 484 484 
0.5 0.06 0.88 455 455 
0.5 0.06 0.8866666666666667 476 476 
0.5 0.06 0.8933333333333333 435 435 
0.5 0.06 0.9 479 479 
0.5 0.06 0.9066666666666666 421 421 
0.5 0.06 0.9133333333333333 501 501 
0.5 0.06 0.92 430 430 
0.5 0.06 0.9266666666666666 433 433 
0.5 0.06 0.9333333333333333 427 427 
0.5 0.06 0.94 457 457 
0.5 0.06 0.9466666666666667 482 482 
0.5 0.06 0.9533333333333334 492 492 
0.5 0.06 0.96 489 489 
0.5 0.06 0.9666666666666667 470 470 
0.5 0.06 0.9733333333333334 470 470 
0.5 0.06 0.98 510 510 
0.5 0.06 0.9866666666666667 564 564 
0.5 0.06 0.9933333333333333 0 0 
0.5 0.06666666666666667 0.0 0 0 
0.5 0.06666666666666667 0.006666666666666667 582 582 
0.5 0.06666666666666667 0.013333333333333334 491 491 
0.5 0.06666666666666667 0.02 471 471 
0.5 0.06666666666666667 0.02666666666666667 440 440 
0.5 0.06666666666666667 0.03333333333333333 428 428 
0.5 0.06666666666666667 0.04 442 442 
0.5 0.06666666666666667 0.04666666666666667 448 448 
0.5 0.06666666666666667 0.05333333333333334 484 484 
0.5 0.06666666666666667 0.06 459 459 
0.5 0.06666666666666667 0.06666666666666667 450 450 
0.5 0.06666666666666667 0.07333333333333333 438 438 
0.5 0.06666666666666667 0.08 487 487 
0.5 0.06666666666666667 0.08666666666666667 490 490 
0.5 0.06666666666666667 0.09333333333333334 471 471 
0.5 0.06666666666666667 0.1 460 460 
0.5 0.06666666666666667 0.10666666666666667 478 478 
0.5 0.06666666666666667 0.11333333333333333 444 444 
0.5 0.06666666666666667 0.12 486 486 
0.5 0.06666666666666667 0.12666666666666668 495 495 
0.5 0.06666666666666667 0.13333333333333333 493 493 
0.5 0.06666666666666667 0.14 465 465 
0.5 0.06666666666666667 0.14666666666666667 425 425 
0.5 0.06666666666666667 0.15333333333333332 463 463 
0.5 0.06666666666666667 0.16 438 438 
0.5 0.06666666666666667 0.16666666666666666 483 483 
0.5 0.06666666666666667 0.17333333333333334 483 483 
0.5 0.06666666666666667 0.18 458 458 
0.5 0.06666666666666667 0.18666666666666668 466 466 
0.5 0.06666666666666667 0.19333333333333333 478 478 
0.5 0.06666666666666667 0.2 451 451 
0.5 0.06666666666666667 0.20666666666666667 448 448 
0.5 0.06666666666666667 0.21333333333333335 470 470 
0.5 0.06666666666666667 0.22 440 440 
0.5 0.06666666666666667 0.22666666666666666 436 436 
0.5 0.06666666666666667 0.23333333333333334 458 458 
0.5 0.06666666666666667 0.24 434 434 
0.5 0.06666666666666667 0.24666666666666667 466 466 
0.5 0.06666666666666667 0.25333333333333335 461 461 
0.5 0.06666666666666667 0.26 460 460 
0.5 0.06666666666666667 0.26666666666666666 479 479 
0.5 0.06666666666666667 0.2733333333333333 502 502 
0.5 0.06666666666666667 0.28 455 455 
0.5 0.06666666666666667 0.2866666666666667 434 434 
0.5 0.06666666666666667 0.29333333333333333 451 451 
0.5 0.06666666666666667 0.3 464 464 
0.5 0.06666666666666667 0.30666666666666664 439 439 
0.5 0.06666666666666667 0.31333333333333335 476 476 
0.5 0.06666666666666667 0.32 446 446 
0.5 0.06666666666666667 0.32666666666666666 477 477 
0.5 0.06666666666666667 0.3333333333333333 442 442 
0.5 0.06666666666666667 0.34 462 462 
0.5 0.06666666666666667 0.3466666666666667 454 454 
0.5 0.06666666666666667 0.35333333333333333 491 491 
0.5 0.06666666666666667 0.36 448 448 
0.5 0.06666666666666667 0.36666666666666664 432 432 
0.5 0.06666666666666667 0.37333333333333335 430 430 
0.5 0.06666666666666667 0.38 472 472 
0.5 0.06666666666666667 0.38666666666666666 434 434 
0.5 0.06666666666666667 0.3933333333333333 463 463 
0.5 0.06666666666666667 0.4 469 469 
0.5 0.06666666666666667 0.4066666666666667 462 462 
0.5 0.06666666666666667 0.41333333333333333 449 449 
0.5 0.06666666666666667 0.42 474 474 
0.5 0.06666666666666667 0.4266666666666667 452 452 
0.5 0.06666666666666667 0.43333333333333335 435 435 
0.5 0.06666666666666667 0.44 462 462 
0.5 0.06666666666666667 0.44666666666666666 453 453 
0.5 0.06666666666666667 0.4533333333333333 438 438 
0.5 0.06666666666666667 0.46 442 442 
0.5 0.06666666666666667 0.4666666666666667 446 446 
0.5 0.06666666666666667 0.47333333333333333 443 443 
0.5 0.06666666666666667 0.48 443 443 
0.5 0.06666666666666667 0.4866666666666667 427 427 
0.5 0.06666666666666667 0.49333333333333335 460 460 
0.5 0.06666666666666667 0.5 493 493 
0.5 0.06666666666666667 0.5066666666666667 495 495 
0.5 0.06666666666666667 0.5133333333333333 442 442 
0.5 0.06666666666666667 0.52 474 474 
0.5 0.06666666666666667 0.5266666666666666 457 457 
0.5 0.06666666666666667 0.5333333333333333 426 426 
0.5 0.06666666666666667 0.54 455 455 
0.5 0.06666666666666667 0.5466666666666666 474 474 
0.5 0.06666666666666667 0.5533333333333333 460 460 
0.5 0.06666666666666667 0.56 493 493 
0.5 0.06666666666666667 0.5666666666666667 471 471 
0.5 0.06666666666666667 0.5733333333333334 464 464 
0.5 0.06666666666666667 0.58 483 483 
0.5 0.06666666666666667 0.5866666666666667 482 482 
0.5 0.06666666666666667 0.5933333333333334 451 451 
0.5 0.06666666666666667 0.6 422 422 
0.5 0.06666666666666667 0.6066666666666667 439 439 
0.5 0.06666666666666667 0.6133333333333333 446 446 
0.5 0.06666666666666667 0.62 434 434 
0.5 0.06666666666666667 0.6266666666666667 406 406 
0.5 0.06666666666666667 0.6333333333333333 445 445 
0.5 0.06666666666666667 0.64 465 465 
0.5 0.06666666666666667 0.6466666666666666 438 438 
0.5 0.06666666666666667 0.6533333333333333 488 488 
0.5 0.06666666666666667 0.66 457 457 
0.5 0.06666666666666667 0.6666666666666666 494 494 
0.5 0.06666666666666667 0.6733333333333333 475 475 
0.5 0.06666666666666667 0.68 452 452 
0.5 0.06666666666666667 0.6866666666666666 439 439 
0.5 0.06666666666666667 0.6933333333333334 414 414 
0.5 0.06666666666666667 0.7 470 470 
0.5 0.06666666666666667 0.7066666666666667 463 463 
0.5 0.06666666666666667 0.7133333333333334 466 466 
0.5 0.06666666666666667 0.72 472 472 
0.5 0.06666666666666667 0.7266666666666667 419 419 
0.5 0.06666666666666667 0.7333333333333333 436 436 
0.5 0.06666666666666667 0.74 456 456 
0.5 0.06666666666666667 0.7466666666666667 457 457 
0.5 0.06666666666666667 0.7533333333333333 478 478 
0.5 0.06666666666666667 0.76 460 460 
0.5 0.06666666666666667 0.7666666666666667 447 447 
0.5 0.06666666666666667 0.7733333333333333 438 438 
0.5 0.06666666666666667 0.78 460 460 
0.5 0.06666666666666667 0.7866666666666666 414 414 
0.5 0.06666666666666667 0.7933333333333333 473 473 
0.5 0.06666666666666667 0.8 457 457 
0.5 0.06666666666666667 0.8066666666666666 495 495 
0.5 0.06666666666666667 0.8133333333333334 483 483 
0.5 0.06666666666666667 0.82 492 492 
0.5 0.06666666666666667 0.8266666666666667 435 435 
0.5 0.06666666666666667 0.8333333333333334 441 441 
0.5 0.06666666666666667 0.84 432 432 
0.5 0.06666666666666667 0.8466666666666667 459 459 
0.5 0.06666666666666667 0.8533333333333334 469 469 
0.5 0.06666666666666667 0.86 491 491 
0.5 0.06666666666666667 0.8666666666666667 469 469 
0.5 0.06666666666666667 0.8733333333333333 476 476 
0.5 0.06666666666666667 0.88 482 482 
0.5 0.06666666666666667 0.8866666666666667 465 465 
0.5 0.06666666666666667 0.8933333333333333 490 490 
0.5 0.06666666666666667 0.9 477 477 
0.5 0.06666666666666667 0.9066666666666666 470 470 
0.5 0.06666666666666667 0.9133333333333333 424 424 
0.5 0.06666666666666667 0.92 455 455 
0.5 0.06666666666666667 0.9266666666666666 469 469 
0.5 0.06666666666666667 0.9333333333333333 444 444 
0.5 0.06666666666666667 0.94 464 464 
0.5 0.06666666666666667 0.9466666666666667 463 463 
0.5 0.06666666666666667 0.9533333333333334 457 457 
0.5 0.06666666666666667 0.96 468 468 
0.5 0.06666666666666667 0.9666666666666667 481 481 
0.5 0.06666666666666667 0.9733333333333334 476 476 
0.5 0.06666666666666667 0.98 542 542 
0.5 0.06666666666666667 0.9866666666666667 570 570 
0.5 0.06666666666666667 0.9933333333333333 0 0 
0.5 0.07333333333333333 0.0 0 0 
0.5 0.07333333333333333 0.006666666666666667 573 573 
0.5 0.07333333333333333 0.013333333333333334 510 510 
0.5 0.07333333333333333 0.02 456 456 
0.5 0.07333333333333333 0.02666666666666667 454 454 
0.5 0.07333333333333333 0.03333333333333333 448 448 
0.5 0.07333333333333333 0.04 473 473 
0.5 0.07333333333333333 0.04666666666666667 487 487 
0.5 0.07333333333333333 0.05333333333333334 478 478 
0.5 0.07333333333333333 0.06 491 491 
0.5 0.07333333333333333 0.06666666666666667 476 476 
0.5 0.07333333333333333 0.07333333333333333 486 486 
0.5 0.07333333333333333 0.08 452 452 
0.5 0.07333333333333333 0.08666666666666667 457 457 
0.5 0.07333333333333333 0.09333333333333334 485 485 
0.5 0.07333333333333333 0.1 437 437 
0.5 0.07333333333333333 0.10666666666666667 475 475 
0.5 0.07333333333333333 0.11333333333333333 480 480 
0.5 0.07333333333333333 0.12 472 472 
0.5 0.07333333333333333 0.12666666666666668 494 494 
0.5 0.07333333333333333 0.13333333333333333 454 454 
0.5 0.07333333333333333 0.14 484 484 
0.5 0.07333333333333333 0.14666666666666667 483 483 
0.5 0.07333333333333333 0.15333333333333332 509 509 
0.5 0.07333333333333333 0.16 458 458 
0.5 0.07333333333333333 0.16666666666666666 459 459 
0.5 0.07333333333333333 0.17333333333333334 438 438 
0.5 0.07333333333333333 0.18 493 493 
0.5 0.07333333333333333 0.18666666666666668 485 485 
0.5 0.07333333333333333 0.19333333333333333 463 463 
0.5 0.07333333333333333 0.2 457 457 
0.5 0.07333333333333333 0.20666666666666667 486 486 
0.5 0.07333333333333333 0.21333333333333335 461 461 
0.5 0.07333333333333333 0.22 421 421 
0.5 0.07333333333333333 0.22666666666666666 445 445 
0.5 0.07333333333333333 0.23333333333333334 436 436 
0.5 0.07333333333333333 0.24 460 460 
0.5 0.07333333333333333 0.24666666666666667 477 477 
0.5 0.07333333333333333 0.25333333333333335 496 496 
0.5 0.07333333333333333 0.26 479 479 
0.5 0.07333333333333333 0.26666666666666666 461 461 
0.5 0.07333333333333333 0.2733333333333333 477 477 
0.5 0.07333333333333333 0.28 435 435 
0.5 0.07333333333333333 0.2866666666666667 441 441 
0.5 0.07333333333333333 0.29333333333333333 440 440 
0.5 0.07333333333333333 0.3 461 461 
0.5 0.07333333333333333 0.30666666666666664 452 452 
0.5 0.07333333333333333 0.31333333333333335 477 477 
0.5 0.07333333333333333 0.32 470 470 
0.5 0.07333333333333333 0.32666666666666666 480 480 
0.5 0.07333333333333333 0.3333333333333333 479 479 
0.5 0.07333333333333333 0.34 477 477 
0.5 0.07333333333333333 0.3466666666666667 494 494 
0.5 0.07333333333333333 0.35333333333333333 472 472 
0.5 0.07333333333333333 0.36 465 465 
0.5 0.07333333333333333 0.36666666666666664 468 468 
0.5 0.07333333333333333 0.37333333333333335 415 415 
0.5 0.07333333333333333 0.38 496 496 
0.5 0.07333333333333333 0.38666666666666666 474 474 
0.5 0.07333333333333333 0.3933333333333333 455 455 
0.5 0.07333333333333333 0.4 454 454 
0.5 0.07333333333333333 0.4066666666666667 475 475 
0.5 0.07333333333333333 0.41333333333333333 417 417 
0.5 0.07333333333333333 0.42 454 454 
0.5 0.07333333333333333 0.4266666666666667 473 473 
0.5 0.07333333333333333 0.43333333333333335 441 441 
0.5 0.07333333333333333 0.44 420 420 
0.5 0.07333333333333333 0.44666666666666666 433 433 
0.5 0.07333333333333333 0.4533333333333333 491 491 
0.5 0.07333333333333333 0.46 452 452 
0.5 0.07333333333333333 0.4666666666666667 481 481 
0.5 0.07333333333333333 0.47333333333333333 519 519 
0.5 0.07333333333333333 0.48 482 482 
0.5 0.07333333333333333 0.4866666666666667 464 464 
0.5 0.07333333333333333 0.49333333333333335 448 448 
0.5 0.07333333333333333 0.5 452 452 
0.5 0.07333333333333333 0.5066666666666667 484 484 
0.5 0.07333333333333333 0.5133333333333333 478 478 
0.5 0.07333333333333333 0.52 446 446 
0.5 0.07333333333333333 0.5266666666666666 447 447 
0.5 0.07333333333333333 0.5333333333333333 475 475 
0.5 0.07333333333333333 0.54 512 512 
0.5 0.07333333333333333 0.5466666666666666 453 453 
0.5 0.07333333333333333 0.5533333333333333 468 468 
0.5 0.07333333333333333 0.56 441 441 
0.5 0.07333333333333333 0.5666666666666667 468 468 
0.5 0.07333333333333333 0.5733333333333334 479 479 
0.5 0.07333333333333333 0.58 447 447 
0.5 0.07333333333333333 0.5866666666666667 444 444 
0.5 0.07333333333333333 0.5933333333333334 466 466 
0.5 0.07333333333333333 0.6 470 470 
0.5 0.07333333333333333 0.6066666666666667 425 425 
0.5 0.07333333333333333 0.6133333333333333 475 475 
0.5 0.07333333333333333 0.62 453 453 
0.5 0.07333333333333333 0.6266666666666667 462 462 
0.5 0.07333333333333333 0.6333333333333333 425 425 
0.5 0.07333333333333333 0.64 480 480 
0.5 0.07333333333333333 0.6466666666666666 471 471 
0.5 0.07333333333333333 0.6533333333333333 440 440 
0.5 0.07333333333333333 0.66 488 488 
0.5 0.07333333333333333 0.6666666666666666 447 447 
0.5 0.07333333333333333 0.6733333333333333 482 482 
0.5 0.07333333333333333 0.68 430 430 
0.5 0.07333333333333333 0.6866666666666666 435 435 
0.5 0.07333333333333333 0.6933333333333334 472 472 
0.5 0.07333333333333333 0.7 486 486 
0.5 0.07333333333333333 0.7066666666666667 426 426 
0.5 0.07333333333333333 0.7133333333333334 437 437 
0.5 0.07333333333333333 0.72 439 439 
0.5 0.07333333333333333 0.7266666666666667 473 473 
0.5 0.07333333333333333 0.7333333333333333 479 479 
0.5 0.07333333333333333 0.74 461 461 
0.5 0.07333333333333333 0.7466666666666667 452 452 
0.5 0.07333333333333333 0.7533333333333333 446 446 
0.5 0.07333333333333333 0.76 493 493 
0.5 0.07333333333333333 0.7666666666666667 486 486 
0.5 0.07333333333333333 0.7733333333333333 475 475 
0.5 0.07333333333333333 0.78 445 445 
0.5 0.07333333333333333 0.7866666666666666 449 449 
0.5 0.07333333333333333 0.7933333333333333 446 446 
0.5 0.07333333333333333 0.8 499 499 
0.5 0.07333333333333333 0.8066666666666666 443 443 
0.5 0.07333333333333333 0.8133333333333334 488 488 
0.5 0.07333333333333333 0.82 447 447 
0.5 0.07333333333333333 0.8266666666666667 447 447 
0.5 0.07333333333333333 0.8333333333333334 407 407 
0.5 0.07333333333333333 0.84 453 453 
0.5 0.07333333333333333 0.8466666666666667 441 441 
0.5 0.07333333333333333 0.8533333333333334 471 471 
0.5 0.07333333333333333 0.86 465 465 
0.5 0.07333333333333333 0.8666666666666667 437 437 
0.5 0.07333333333333333 0.8733333333333333 443 443 
0.5 0.07333333333333333 0.88 481 481 
0.5 0.07333333333333333 0.8866666666666667 506 506 
0.5 0.07333333333333333 0.8933333333333333 455 455 
0.5 0.07333333333333333 0.9 455 455 
0.5 0.07333333333333333 0.9066666666666666 460 460 
0.5 0.07333333333333333 0.9133333333333333 458 458 
0.5 0.07333333333333333 0.92 472 472 
0.5 0.07333333333333333 0.9266666666666666 504 504 
0.5 0.07333333333333333 0.9333333333333333 494 494 
0.5 0.07333333333333333 0.94 433 433 
0.5 0.07333333333333333 0.9466666666666667 460 460 
0.5 0.07333333333333333 0.9533333333333334 463 463 
0.5 0.07333333333333333 0.96 452 452 
0.5 0.07333333333333333 0.9666666666666667 507 507 
0.5 0.07333333333333333 0.9733333333333334 448 448 
0.5 0.07333333333333333 0.98 500 500 
0.5 0.07333333333333333 0.9866666666666667 648 648 
0.5 0.07333333333333333 0.9933333333333333 0 0 
0.5 0.08 0.0 0 0 
0.5 0.08 0.006666666666666667 593 593 
0.5 0.08 0.013333333333333334 479 479 
0.5 0.08 0.02 440 440 
0.5 0.08 0.02666666666666667 455 455 
0.5 0.08 0.03333333333333333 501 501 
0.5 0.08 0.04 481 481 
0.5 0.08 0.04666666666666667 466 466 
0.5 0.08 0.05333333333333334 464 464 
0.5 0.08 0.06 486 486 
0.5 0.08 0.06666666666666667 454 454 
0.5 0.08 0.07333333333333333 435 435 
0.5 0.08 0.08 478 478 
0.5 0.08 0.08666666666666667 467 467 
0.5 0.08 0.09333333333333334 490 490 
0.5 0.08 0.1 476 476 
0.5 0.08 0.10666666666666667 470 470 
0.5 0.08 0.11333333333333333 479 479 
0.5 0.08 0.12 491 491 
0.5 0.08 0.12666666666666668 513 513 
0.5 0.08 0.13333333333333333 465 465 
0.5 0.08 0.14 497 497 
0.5 0.08 0.14666666666666667 422 422 
0.5 0.08 0.15333333333333332 479 479 
0.5 0.08 0.16 504 504 
0.5 0.08 0.16666666666666666 496 496 
0.5 0.08 0.17333333333333334 458 458 
0.5 0.08 0.18 473 473 
0.5 0.08 0.18666666666666668 461 461 
0.5 0.08 0.19333333333333333 473 473 
0.5 0.08 0.2 481 481 
0.5 0.08 0.20666666666666667 436 436 
0.5 0.08 0.21333333333333335 471 471 
0.5 0.08 0.22 451 451 
0.5 0.08 0.22666666666666666 468 468 
0.5 0.08 0.23333333333333334 470 470 
0.5 0.08 0.24 460 460 
0.5 0.08 0.24666666666666667 438 438 
0.5 0.08 0.25333333333333335 479 479 
0.5 0.08 0.26 492 492 
0.5 0.08 0.26666666666666666 468 468 
0.5 0.08 0.2733333333333333 467 467 
0.5 0.08 0.28 468 468 
0.5 0.08 0.2866666666666667 453 453 
0.5 0.08 0.29333333333333333 438 438 
0.5 0.08 0.3 449 449 
0.5 0.08 0.30666666666666664 488 488 
0.5 0.08 0.31333333333333335 462 462 
0.5 0.08 0.32 497 497 
0.5 0.08 0.32666666666666666 506 506 
0.5 0.08 0.3333333333333333 510 510 
0.5 0.08 0.34 452 452 
0.5 0.08 0.3466666666666667 455 455 
0.5 0.08 0.35333333333333333 433 433 
0.5 0.08 0.36 465 465 
0.5 0.08 0.36666666666666664 462 462 
0.5 0.08 0.37333333333333335 451 451 
0.5 0.08 0.38 508 508 
0.5 0.08 0.38666666666666666 448 448 
0.5 0.08 0.3933333333333333 490 490 
0.5 0.08 0.4 495 495 
0.5 0.08 0.4066666666666667 471 471 
0.5 0.08 0.41333333333333333 478 478 
0.5 0.08 0.42 487 487 
0.5 0.08 0.4266666666666667 470 470 
0.5 0.08 0.43333333333333335 447 447 
0.5 0.08 0.44 416 416 
0.5 0.08 0.44666666666666666 455 455 
0.5 0.08 0.4533333333333333 445 445 
0.5 0.08 0.46 492 492 
0.5 0.08 0.4666666666666667 446 446 
0.5 0.08 0.47333333333333333 496 496 
0.5 0.08 0.48 454 454 
0.5 0.08 0.4866666666666667 440 440 
0.5 0.08 0.49333333333333335 462 462 
0.5 0.08 0.5 438 438 
0.5 0.08 0.5066666666666667 448 448 
0.5 0.08 0.5133333333333333 454 454 
0.5 0.08 0.52 475 475 
0.5 0.08 0.5266666666666666 445 445 
0.5 0.08 0.5333333333333333 453 453 
0.5 0.08 0.54 468 468 
0.5 0.08 0.5466666666666666 457 457 
0.5 0.08 0.5533333333333333 443 443 
0.5 0.08 0.56 496 496 
0.5 0.08 0.5666666666666667 484 484 
0.5 0.08 0.5733333333333334 463 463 
0.5 0.08 0.58 489 489 
0.5 0.08 0.5866666666666667 486 486 
0.5 0.08 0.5933333333333334 473 473 
0.5 0.08 0.6 473 473 
0.5 0.08 0.6066666666666667 445 445 
0.5 0.08 0.6133333333333333 477 477 
0.5 0.08 0.62 424 424 
0.5 0.08 0.6266666666666667 397 397 
0.5 0.08 0.6333333333333333 395 395 
0.5 0.08 0.64 501 501 
0.5 0.08 0.6466666666666666 467 467 
0.5 0.08 0.6533333333333333 471 471 
0.5 0.08 0.66 477 477 
0.5 0.08 0.6666666666666666 455 455 
0.5 0.08 0.6733333333333333 462 462 
0.5 0.08 0.68 472 472 
0.5 0.08 0.6866666666666666 488 488 
0.5 0.08 0.6933333333333334 452 452 
0.5 0.08 0.7 458 458 
0.5 0.08 0.7066666666666667 509 509 
0.5 0.08 0.7133333333333334 476 476 
0.5 0.08 0.72 478 478 
0.5 0.08 0.7266666666666667 480 480 
0.5 0.08 0.7333333333333333 464 464 
0.5 0.08 0.74 485 485 
0.5 0.08 0.7466666666666667 452 452 
0.5 0.08 0.7533333333333333 475 475 
0.5 0.08 0.76 453 453 
0.5 0.08 0.7666666666666667 445 445 
0.5 0.08 0.7733333333333333 455 455 
0.5 0.08 0.78 477 477 
0.5 0.08 0.7866666666666666 434 434 
0.5 0.08 0.7933333333333333 438 438 
0.5 0.08 0.8 428 428 
0.5 0.08 0.8066666666666666 467 467 
0.5 0.08 0.8133333333333334 422 422 
0.5 0.08 0.82 472 472 
0.5 0.08 0.8266666666666667 458 458 
0.5 0.08 0.8333333333333334 431 431 
0.5 0.08 0.84 440 440 
0.5 0.08 0.8466666666666667 452 452 
0.5 0.08 0.8533333333333334 480 480 
0.5 0.08 0.86 471 471 
0.5 0.08 0.8666666666666667 443 443 
0.5 0.08 0.8733333333333333 421 421 
0.5 0.08 0.88 498 498 
0.5 0.08 0.8866666666666667 466 466 
0.5 0.08 0.8933333333333333 490 490 
0.5 0.08 0.9 452 452 
0.5 0.08 0.9066666666666666 440 440 
0.5 0.08 0.9133333333333333 467 467 
0.5 0.08 0.92 440 440 
0.5 0.08 0.9266666666666666 452 452 
0.5 0.08 0.9333333333333333 480 480 
0.5 0.08 0.94 451 451 
0.5 0.08 0.9466666666666667 455 455 
0.5 0.08 0.9533333333333334 488 488 
0.5 0.08 0.96 491 491 
0.5 0.08 0.9666666666666667 507 507 
0.5 0.08 0.9733333333333334 482 482 
0.5 0.08 0.98 524 524 
0.5 0.08 0.9866666666666667 591 591 
0.5 0.08 0.9933333333333333 0 0 
0.5 0.08666666666666667 0.0 0 0 
0.5 0.08666666666666667 0.006666666666666667 581 581 
0.5 0.08666666666666667 0.013333333333333334 505 505 
0.5 0.08666666666666667 0.02 478 478 
0.5 0.08666666666666667 0.02666666666666667 438 438 
0.5 0.08666666666666667 0.03333333333333333 500 500 
0.5 0.08666666666666667 0.04 512 512 
0.5 0.08666666666666667 0.04666666666666667 472 472 
0.5 0.08666666666666667 0.05333333333333334 464 464 
0.5 0.08666666666666667 0.06 475 475 
0.5 0.08666666666666667 0.06666666666666667 480 480 
0.5 0.08666666666666667 0.07333333333333333 437 437 
0.5 0.08666666666666667 0.08 468 468 
0.5 0.08666666666666667 0.08666666666666667 469 469 
0.5 0.08666666666666667 0.09333333333333334 495 495 
0.5 0.08666666666666667 0.1 473 473 
0.5 0.08666666666666667 0.10666666666666667 501 501 
0.5 0.08666666666666667 0.11333333333333333 451 451 
0.5 0.08666666666666667 0.12 459 459 
0.5 0.08666666666666667 0.12666666666666668 497 497 
0.5 0.08666666666666667 0.13333333333333333 457 457 
0.5 0.08666666666666667 0.14 443 443 
0.5 0.08666666666666667 0.14666666666666667 443 443 
0.5 0.08666666666666667 0.15333333333333332 439 439 
0.5 0.08666666666666667 0.16 446 446 
0.5 0.08666666666666667 0.16666666666666666 422 422 
0.5 0.08666666666666667 0.17333333333333334 427 427 
0.5 0.08666666666666667 0.18 455 455 
0.5 0.08666666666666667 0.18666666666666668 490 490 
0.5 0.08666666666666667 0.19333333333333333 469 469 
0.5 0.08666666666666667 0.2 447 447 
0.5 0.08666666666666667 0.20666666666666667 499 499 
0.5 0.08666666666666667 0.21333333333333335 431 431 
0.5 0.08666666666666667 0.22 475 475 
0.5 0.08666666666666667 0.22666666666666666 461 461 
0.5 0.08666666666666667 0.23333333333333334 478 478 
0.5 0.08666666666666667 0.24 475 475 
0.5 0.08666666666666667 0.24666666666666667 459 459 
0.5 0.08666666666666667 0.25333333333333335 459 459 
0.5 0.08666666666666667 0.26 462 462 
0.5 0.08666666666666667 0.26666666666666666 443 443 
0.5 0.08666666666666667 0.2733333333333333 434 434 
0.5 0.08666666666666667 0.28 466 466 
0.5 0.08666666666666667 0.2866666666666667 459 459 
0.5 0.08666666666666667 0.29333333333333333 480 480 
0.5 0.08666666666666667 0.3 438 438 
0.5 0.08666666666666667 0.30666666666666664 464 464 
0.5 0.08666666666666667 0.31333333333333335 463 463 
0.5 0.08666666666666667 0.32 462 462 
0.5 0.08666666666666667 0.32666666666666666 489 489 
0.5 0.08666666666666667 0.3333333333333333 481 481 
0.5 0.08666666666666667 0.34 465 465 
0.5 0.08666666666666667 0.3466666666666667 475 475 
0.5 0.08666666666666667 0.35333333333333333 471 471 
0.5 0.08666666666666667 0.36 431 431 
0.5 0.08666666666666667 0.36666666666666664 492 492 
0.5 0.08666666666666667 0.37333333333333335 450 450 
0.5 0.08666666666666667 0.38 447 447 
0.5 0.08666666666666667 0.38666666666666666 469 469 
0.5 0.08666666666666667 0.3933333333333333 506 506 
0.5 0.08666666666666667 0.4 464 464 
0.5 0.08666666666666667 0.4066666666666667 497 497 
0.5 0.08666666666666667 0.41333333333333333 478 478 
0.5 0.08666666666666667 0.42 469 469 
0.5 0.08666666666666667 0.4266666666666667 440 440 
0.5 0.08666666666666667 0.43333333333333335 474 474 
0.5 0.08666666666666667 0.44 420 420 
0.5 0.08666666666666667 0.44666666666666666 481 481 
0.5 0.08666666666666667 0.4533333333333333 445 445 
0.5 0.08666666666666667 0.46 463 463 
0.5 0.08666666666666667 0.4666666666666667 448 448 
0.5 0.08666666666666667 0.47333333333333333 474 474 
0.5 0.08666666666666667 0.48 492 492 
0.5 0.08666666666666667 0.4866666666666667 449 449 
0.5 0.08666666666666667 0.49333333333333335 472 472 
0.5 0.08666666666666667 0.5 434 434 
0.5 0.08666666666666667 0.5066666666666667 487 487 
0.5 0.08666666666666667 0.5133333333333333 420 420 
0.5 0.08666666666666667 0.52 465 465 
0.5 0.08666666666666667 0.5266666666666666 451 451 
0.5 0.08666666666666667 0.5333333333333333 441 441 
0.5 0.08666666666666667 0.54 489 489 
0.5 0.08666666666666667 0.5466666666666666 458 458 
0.5 0.08666666666666667 0.5533333333333333 461 461 
0.5 0.08666666666666667 0.56 444 444 
0.5 0.08666666666666667 0.5666666666666667 443 443 
0.5 0.08666666666666667 0.5733333333333334 430 430 
0.5 0.08666666666666667 0.58 444 444 
0.5 0.08666666666666667 0.5866666666666667 484 484 
0.5 0.08666666666666667 0.5933333333333334 466 466 
0.5 0.08666666666666667 0.6 496 496 
0.5 0.08666666666666667 0.6066666666666667 485 485 
0.5 0.08666666666666667 0.6133333333333333 476 476 
0.5 0.08666666666666667 0.62 436 436 
0.5 0.08666666666666667 0.6266666666666667 467 467 
0.5 0.08666666666666667 0.6333333333333333 423 423 
0.5 0.08666666666666667 0.64 447 447 
0.5 0.08666666666666667 0.6466666666666666 452 452 
0.5 0.08666666666666667 0.6533333333333333 442 442 
0.5 0.08666666666666667 0.66 451 451 
0.5 0.08666666666666667 0.6666666666666666 463 463 
0.5 0.08666666666666667 0.6733333333333333 491 491 
0.5 0.08666666666666667 0.68 473 473 
0.5 0.08666666666666667 0.6866666666666666 471 471 
0.5 0.08666666666666667 0.6933333333333334 473 473 
0.5 0.08666666666666667 0.7 452 452 
0.5 0.08666666666666667 0.7066666666666667 478 478 
0.5 0.08666666666666667 0.7133333333333334 450 450 
0.5 0.08666666666666667 0.72 462 462 
0.5 0.08666666666666667 0.7266666666666667 435 435 
0.5 0.08666666666666667 0.7333333333333333 456 456 
0.5 0.08666666666666667 0.74 480 480 
0.5 0.08666666666666667 0.7466666666666667 442 442 
0.5 0.08666666666666667 0.7533333333333333 436 436 
0.5 0.08666666666666667 0.76 465 465 
0.5 0.08666666666666667 0.7666666666666667 462 462 
0.5 0.08666666666666667 0.7733333333333333 480 480 
0.5 0.08666666666666667 0.78 450 450 
0.5 0.08666666666666667 0.7866666666666666 461 461 
0.5 0.08666666666666667 0.7933333333333333 457 457 
0.5 0.08666666666666667 0.8 493 493 
0.5 0.08666666666666667 0.8066666666666666 458 458 
0.5 0.08666666666666667 0.8133333333333334 419 419 
0.5 0.08666666666666667 0.82 420 420 
0.5 0.08666666666666667 0.8266666666666667 429 429 
0.5 0.08666666666666667 0.8333333333333334 427 427 
0.5 0.08666666666666667 0.84 429 429 
0.5 0.08666666666666667 0.8466666666666667 407 407 
0.5 0.08666666666666667 0.8533333333333334 431 431 
0.5 0.08666666666666667 0.86 441 441 
0.5 0.08666666666666667 0.8666666666666667 455 455 
0.5 0.08666666666666667 0.8733333333333333 517 517 
0.5 0.08666666666666667 0.88 462 462 
0.5 0.08666666666666667 0.8866666666666667 478 478 
0.5 0.08666666666666667 0.8933333333333333 504 504 
0.5 0.08666666666666667 0.9 496 496 
0.5 0.08666666666666667 0.9066666666666666 527 527 
0.5 0.08666666666666667 0.9133333333333333 462 462 
0.5 0.08666666666666667 0.92 478 478 
0.5 0.08666666666666667 0.9266666666666666 460 460 
0.5 0.08666666666666667 0.9333333333333333 464 464 
0.5 0.08666666666666667 0.94 480 480 
0.5 0.08666666666666667 0.9466666666666667 495 495 
0.5 0.08666666666666667 0.9533333333333334 505 505 
0.5 0.08666666666666667 0.96 518 518 
0.5 0.08666666666666667 0.9666666666666667 493 493 
0.5 0.08666666666666667 0.9733333333333334 480 480 
0.5 0.08666666666666667 0.98 525 525 
0.5 0.08666666666666667 0.9866666666666667 613 613 
0.5 0.08666666666666667 0.9933333333333333 0 0 
0.5 0.09333333333333334 0.0 0 0 
0.5 0.09333333333333334 0.006666666666666667 611 611 
0.5 0.09333333333333334 0.013333333333333334 488 488 
0.5 0.09333333333333334 0.02 491 491 
0.5 0.09333333333333334 0.02666666666666667 483 483 
0.5 0.09333333333333334 0.03333333333333333 468 468 
0.5 0.09333333333333334 0.04 490 490 
0.5 0.09333333333333334 0.04666666666666667 484 484 
0.5 0.09333333333333334 0.05333333333333334 475 475 
0.5 0.09333333333333334 0.06 456 456 
0.5 0.09333333333333334 0.06666666666666667 466 466 
0.5 0.09333333333333334 0.07333333333333333 466 466 
0.5 0.09333333333333334 0.08 450 450 
0.5 0.09333333333333334 0.08666666666666667 464 464 
0.5 0.09333333333333334 0.09333333333333334 481 481 
0.5 0.09333333333333334 0.1 460 460 
0.5 0.09333333333333334 0.10666666666666667 440 440 
0.5 0.09333333333333334 0.11333333333333333 462 462 
0.5 0.09333333333333334 0.12 488 488 
0.5 0.09333333333333334 0.12666666666666668 485 485 
0.5 0.09333333333333334 0.13333333333333333 444 444 
0.5 0.09333333333333334 0.14 448 448 
0.5 0.09333333333333334 0.14666666666666667 417 417 
0.5 0.09333333333333334 0.15333333333333332 469 469 
0.5 0.09333333333333334 0.16 453 453 
0.5 0.09333333333333334 0.16666666666666666 453 453 
0.5 0.09333333333333334 0.17333333333333334 448 448 
0.5 0.09333333333333334 0.18 452 452 
0.5 0.09333333333333334 0.18666666666666668 451 451 
0.5 0.09333333333333334 0.19333333333333333 485 485 
0.5 0.09333333333333334 0.2 493 493 
0.5 0.09333333333333334 0.20666666666666667 470 470 
0.5 0.09333333333333334 0.21333333333333335 468 468 
0.5 0.09333333333333334 0.22 456 456 
0.5 0.09333333333333334 0.22666666666666666 450 450 
0.5 0.09333333333333334 0.23333333333333334 469 469 
0.5 0.09333333333333334 0.24 470 470 
0.5 0.09333333333333334 0.24666666666666667 467 467 
0.5 0.09333333333333334 0.25333333333333335 474 474 
0.5 0.09333333333333334 0.26 441 441 
0.5 0.09333333333333334 0.26666666666666666 439 439 
0.5 0.09333333333333334 0.2733333333333333 449 449 
0.5 0.09333333333333334 0.28 465 465 
0.5 0.09333333333333334 0.2866666666666667 517 517 
0.5 0.09333333333333334 0.29333333333333333 463 463 
0.5 0.09333333333333334 0.3 451 451 
0.5 0.09333333333333334 0.30666666666666664 455 455 
0.5 0.09333333333333334 0.31333333333333335 491 491 
0.5 0.09333333333333334 0.32 461 461 
0.5 0.09333333333333334 0.32666666666666666 473 473 
0.5 0.09333333333333334 0.3333333333333333 457 457 
0.5 0.09333333333333334 0.34 465 465 
0.5 0.09333333333333334 0.3466666666666667 462 462 
0.5 0.09333333333333334 0.35333333333333333 443 443 
0.5 0.09333333333333334 0.36 465 465 
0.5 0.09333333333333334 0.36666666666666664 473 473 
0.5 0.09333333333333334 0.37333333333333335 410 410 
0.5 0.09333333333333334 0.38 481 481 
0.5 0.09333333333333334 0.38666666666666666 456 456 
0.5 0.09333333333333334 0.3933333333333333 455 455 
0.5 0.09333333333333334 0.4 487 487 
0.5 0.09333333333333334 0.4066666666666667 458 458 
0.5 0.09333333333333334 0.41333333333333333 485 485 
0.5 0.09333333333333334 0.42 490 490 
0.5 0.09333333333333334 0.4266666666666667 480 480 
0.5 0.09333333333333334 0.43333333333333335 488 488 
0.5 0.09333333333333334 0.44 434 434 
0.5 0.09333333333333334 0.44666666666666666 460 460 
0.5 0.09333333333333334 0.4533333333333333 420 420 
0.5 0.09333333333333334 0.46 472 472 
0.5 0.09333333333333334 0.4666666666666667 442 442 
0.5 0.09333333333333334 0.47333333333333333 466 466 
0.5 0.09333333333333334 0.48 464 464 
0.5 0.09333333333333334 0.4866666666666667 430 430 
0.5 0.09333333333333334 0.49333333333333335 464 464 
0.5 0.09333333333333334 0.5 459 459 
0.5 0.09333333333333334 0.5066666666666667 452 452 
0.5 0.09333333333333334 0.5133333333333333 449 449 
0.5 0.09333333333333334 0.52 431 431 
0.5 0.09333333333333334 0.5266666666666666 461 461 
0.5 0.09333333333333334 0.5333333333333333 438 438 
0.5 0.09333333333333334 0.54 471 471 
0.5 0.09333333333333334 0.5466666666666666 476 476 
0.5 0.09333333333333334 0.5533333333333333 439 439 
0.5 0.09333333333333334 0.56 458 458 
0.5 0.09333333333333334 0.5666666666666667 448 448 
0.5 0.09333333333333334 0.5733333333333334 441 441 
0.5 0.09333333333333334 0.58 456 456 
0.5 0.09333333333333334 0.5866666666666667 495 495 
0.5 0.09333333333333334 0.5933333333333334 478 478 
0.5 0.09333333333333334 0.6 486 486 
0.5 0.09333333333333334 0.6066666666666667 479 479 
0.5 0.09333333333333334 0.6133333333333333 514 514 
0.5 0.09333333333333334 0.62 474 474 
0.5 0.09333333333333334 0.6266666666666667 433 433 
0.5 0.09333333333333334 0.6333333333333333 457 457 
0.5 0.09333333333333334 0.64 459 459 
0.5 0.09333333333333334 0.6466666666666666 508 508 
0.5 0.09333333333333334 0.6533333333333333 443 443 
0.5 0.09333333333333334 0.66 494 494 
0.5 0.09333333333333334 0.6666666666666666 476 476 
0.5 0.09333333333333334 0.6733333333333333 480 480 
0.5 0.09333333333333334 0.68 454 454 
0.5 0.09333333333333334 0.6866666666666666 475 475 
0.5 0.09333333333333334 0.6933333333333334 505 505 
0.5 0.09333333333333334 0.7 463 463 
0.5 0.09333333333333334 0.7066666666666667 480 480 
0.5 0.09333333333333334 0.7133333333333334 438 438 
0.5 0.09333333333333334 0.72 477 477 
0.5 0.09333333333333334 0.7266666666666667 454 454 
0.5 0.09333333333333334 0.7333333333333333 481 481 
0.5 0.09333333333333334 0.74 472 472 
0.5 0.09333333333333334 0.7466666666666667 504 504 
0.5 0.09333333333333334 0.7533333333333333 488 488 
0.5 0.09333333333333334 0.76 433 433 
0.5 0.09333333333333334 0.7666666666666667 460 460 
0.5 0.09333333333333334 0.7733333333333333 504 504 
0.5 0.09333333333333334 0.78 482 482 
0.5 0.09333333333333334 0.7866666666666666 447 447 
0.5 0.09333333333333334 0.7933333333333333 477 477 
0.5 0.09333333333333334 0.8 484 484 
0.5 0.09333333333333334 0.8066666666666666 399 399 
0.5 0.09333333333333334 0.8133333333333334 480 480 
0.5 0.09333333333333334 0.82 466 466 
0.5 0.09333333333333334 0.8266666666666667 446 446 
0.5 0.09333333333333334 0.8333333333333334 421 421 
0.5 0.09333333333333334 0.84 455 455 
0.5 0.09333333333333334 0.8466666666666667 428 428 
0.5 0.09333333333333334 0.8533333333333334 433 433 
0.5 0.09333333333333334 0.86 461 461 
0.5 0.09333333333333334 0.8666666666666667 447 447 
0.5 0.09333333333333334 0.8733333333333333 464 464 
0.5 0.09333333333333334 0.88 446 446 
0.5 0.09333333333333334 0.8866666666666667 479 479 
0.5 0.09333333333333334 0.8933333333333333 457 457 
0.5 0.09333333333333334 0.9 441 441 
0.5 0.09333333333333334 0.9066666666666666 484 484 
0.5 0.09333333333333334 0.9133333333333333 457 457 
0.5 0.09333333333333334 0.92 474 474 
0.5 0.09333333333333334 0.9266666666666666 513 513 
0.5 0.09333333333333334 0.9333333333333333 482 482 
0.5 0.09333333333333334 0.94 494 494 
0.5 0.09333333333333334 0.9466666666666667 488 488 
0.5 0.09333333333333334 0.9533333333333334 483 483 
0.5 0.09333333333333334 0.96 494 494 
0.5 0.09333333333333334 0.9666666666666667 466 466 
0.5 0.09333333333333334 0.9733333333333334 501 501 
0.5 0.09333333333333334 0.98 523 523 
0.5 0.09333333333333334 0.9866666666666667 585 585 
0.5 0.09333333333333334 0.9933333333333333 0 0 
0.5 0.1 0.0 0 0 
0.5 0.1 0.006666666666666667 565 565 
0.5 0.1 0.013333333333333334 500 500 
0.5 0.1 0.02 467 467 
0.5 0.1 0.02666666666666667 492 492 
0.5 0.1 0.03333333333333333 451 451 
0.5 0.1 0.04 476 476 
0.5 0.1 0.04666666666666667 417 417 
0.5 0.1 0.05333333333333334 449 449 
0.5 0.1 0.06 414 414 
0.5 0.1 0.06666666666666667 473 473 
0.5 0.1 0.07333333333333333 462 462 
0.5 0.1 0.08 474 474 
0.5 0.1 0.08666666666666667 450 450 
0.5 0.1 0.09333333333333334 451 451 
0.5 0.1 0.1 451 451 
0.5 0.1 0.10666666666666667 451 451 
0.5 0.1 0.11333333333333333 452 452 
0.5 0.1 0.12 411 411 
0.5 0.1 0.12666666666666668 433 433 
0.5 0.1 0.13333333333333333 435 435 
0.5 0.1 0.14 431 431 
0.5 0.1 0.14666666666666667 432 432 
0.5 0.1 0.15333333333333332 459 459 
0.5 0.1 0.16 436 436 
0.5 0.1 0.16666666666666666 437 437 
0.5 0.1 0.17333333333333334 468 468 
0.5 0.1 0.18 470 470 
0.5 0.1 0.18666666666666668 426 426 
0.5 0.1 0.19333333333333333 469 469 
0.5 0.1 0.2 487 487 
0.5 0.1 0.20666666666666667 474 474 
0.5 0.1 0.21333333333333335 473 473 
0.5 0.1 0.22 478 478 
0.5 0.1 0.22666666666666666 461 461 
0.5 0.1 0.23333333333333334 476 476 
0.5 0.1 0.24 462 462 
0.5 0.1 0.24666666666666667 464 464 
0.5 0.1 0.25333333333333335 450 450 
0.5 0.1 0.26 465 465 
0.5 0.1 0.26666666666666666 433 433 
0.5 0.1 0.2733333333333333 484 484 
0.5 0.1 0.28 492 492 
0.5 0.1 0.2866666666666667 429 429 
0.5 0.1 0.29333333333333333 442 442 
0.5 0.1 0.3 469 469 
0.5 0.1 0.30666666666666664 491 491 
0.5 0.1 0.31333333333333335 474 474 
0.5 0.1 0.32 447 447 
0.5 0.1 0.32666666666666666 420 420 
0.5 0.1 0.3333333333333333 449 449 
0.5 0.1 0.34 467 467 
0.5 0.1 0.3466666666666667 474 474 
0.5 0.1 0.35333333333333333 472 472 
0.5 0.1 0.36 452 452 
0.5 0.1 0.36666666666666664 471 471 
0.5 0.1 0.37333333333333335 470 470 
0.5 0.1 0.38 487 487 
0.5 0.1 0.38666666666666666 438 438 
0.5 0.1 0.3933333333333333 444 444 
0.5 0.1 0.4 478 478 
0.5 0.1 0.4066666666666667 495 495 
0.5 0.1 0.41333333333333333 462 462 
0.5 0.1 0.42 472 472 
0.5 0.1 0.4266666666666667 501 501 
0.5 0.1 0.43333333333333335 504 504 
0.5 0.1 0.44 465 465 
0.5 0.1 0.44666666666666666 458 458 
0.5 0.1 0.4533333333333333 446 446 
0.5 0.1 0.46 479 479 
0.5 0.1 0.4666666666666667 427 427 
0.5 0.1 0.47333333333333333 454 454 
0.5 0.1 0.48 443 443 
0.5 0.1 0.4866666666666667 422 422 
0.5 0.1 0.49333333333333335 440 440 
0.5 0.1 0.5 398 398 
0.5 0.1 0.5066666666666667 442 442 
0.5 0.1 0.5133333333333333 452 452 
0.5 0.1 0.52 471 471 
0.5 0.1 0.5266666666666666 486 486 
0.5 0.1 0.5333333333333333 477 477 
0.5 0.1 0.54 470 470 
0.5 0.1 0.5466666666666666 424 424 
0.5 0.1 0.5533333333333333 439 439 
0.5 0.1 0.56 423 423 
0.5 0.1 0.5666666666666667 447 447 
0.5 0.1 0.5733333333333334 436 436 
0.5 0.1 0.58 450 450 
0.5 0.1 0.5866666666666667 482 482 
0.5 0.1 0.5933333333333334 511 511 
0.5 0.1 0.6 477 477 
0.5 0.1 0.6066666666666667 477 477 
0.5 0.1 0.6133333333333333 480 480 
0.5 0.1 0.62 497 497 
0.5 0.1 0.6266666666666667 445 445 
0.5 0.1 0.6333333333333333 460 460 
0.5 0.1 0.64 443 443 
0.5 0.1 0.6466666666666666 450 450 
0.5 0.1 0.6533333333333333 447 447 
0.5 0.1 0.66 442 442 
0.5 0.1 0.6666666666666666 445 445 
0.5 0.1 0.6733333333333333 470 470 
0.5 0.1 0.68 489 489 
0.5 0.1 0.6866666666666666 452 452 
0.5 0.1 0.6933333333333334 444 444 
0.5 0.1 0.7 455 455 
0.5 0.1 0.7066666666666667 480 480 
0.5 0.1 0.7133333333333334 462 462 
0.5 0.1 0.72 476 476 
0.5 0.1 0.7266666666666667 474 474 
0.5 0.1 0.7333333333333333 452 452 
0.5 0.1 0.74 459 459 
0.5 0.1 0.7466666666666667 469 469 
0.5 0.1 0.7533333333333333 469 469 
0.5 0.1 0.76 500 500 
0.5 0.1 0.7666666666666667 450 450 
0.5 0.1 0.7733333333333333 483 483 
0.5 0.1 0.78 442 442 
0.5 0.1 0.7866666666666666 434 434 
0.5 0.1 0.7933333333333333 469 469 
0.5 0.1 0.8 441 441 
0.5 0.1 0.8066666666666666 420 420 
0.5 0.1 0.8133333333333334 479 479 
0.5 0.1 0.82 464 464 
0.5 0.1 0.8266666666666667 483 483 
0.5 0.1 0.8333333333333334 431 431 
0.5 0.1 0.84 469 469 
0.5 0.1 0.8466666666666667 484 484 
0.5 0.1 0.8533333333333334 498 498 
0.5 0.1 0.86 473 473 
0.5 0.1 0.8666666666666667 475 475 
0.5 0.1 0.8733333333333333 460 460 
0.5 0.1 0.88 447 447 
0.5 0.1 0.8866666666666667 433 433 
0.5 0.1 0.8933333333333333 444 444 
0.5 0.1 0.9 440 440 
0.5 0.1 0.9066666666666666 436 436 
0.5 0.1 0.9133333333333333 468 468 
0.5 0.1 0.92 481 481 
0.5 0.1 0.9266666666666666 492 492 
0.5 0.1 0.9333333333333333 447 447 
0.5 0.1 0.94 499 499 
0.5 0.1 0.9466666666666667 489 489 
0.5 0.1 0.9533333333333334 470 470 
0.5 0.1 0.96 496 496 
0.5 0.1 0.9666666666666667 451 451 
0.5 0.1 0.9733333333333334 475 475 
0.5 0.1 0.98 497 497 
0.5 0.1 0.9866666666666667 548 548 
0.5 0.1 0.9933333333333333 0 0 
0.5 0.10666666666666667 0.0 0 0 
0.5 0.10666666666666667 0.006666666666666667 555 555 
0.5 0.10666666666666667 0.013333333333333334 474 474 
0.5 0.10666666666666667 0.02 458 458 
0.5 0.10666666666666667 0.02666666666666667 478 478 
0.5 0.10666666666666667 0.03333333333333333 471 471 
0.5 0.10666666666666667 0.04 474 474 
0.5 0.10666666666666667 0.04666666666666667 444 444 
0.5 0.10666666666666667 0.05333333333333334 430 430 
0.5 0.10666666666666667 0.06 471 471 
0.5 0.10666666666666667 0.06666666666666667 482 482 
0.5 0.10666666666666667 0.07333333333333333 464 464 
0.5 0.10666666666666667 0.08 471 471 
0.5 0.10666666666666667 0.08666666666666667 488 488 
0.5 0.10666666666666667 0.09333333333333334 470 470 
0.5 0.10666666666666667 0.1 500 500 
0.5 0.10666666666666667 0.10666666666666667 434 434 
0.5 0.10666666666666667 0.11333333333333333 438 438 
0.5 0.10666666666666667 0.12 448 448 
0.5 0.10666666666666667 0.12666666666666668 430 430 
0.5 0.10666666666666667 0.13333333333333333 449 449 
0.5 0.10666666666666667 0.14 500 500 
0.5 0.10666666666666667 0.14666666666666667 446 446 
0.5 0.10666666666666667 0.15333333333333332 454 454 
0.5 0.10666666666666667 0.16 450 450 
0.5 0.10666666666666667 0.16666666666666666 460 460 
0.5 0.10666666666666667 0.17333333333333334 455 455 
0.5 0.10666666666666667 0.18 439 439 
0.5 0.10666666666666667 0.18666666666666668 495 495 
0.5 0.10666666666666667 0.19333333333333333 465 465 
0.5 0.10666666666666667 0.2 479 479 
0.5 0.10666666666666667 0.20666666666666667 442 442 
0.5 0.10666666666666667 0.21333333333333335 431 431 
0.5 0.10666666666666667 0.22 502 502 
0.5 0.10666666666666667 0.22666666666666666 448 448 
0.5 0.10666666666666667 0.23333333333333334 457 457 
0.5 0.10666666666666667 0.24 449 449 
0.5 0.10666666666666667 0.24666666666666667 447 447 
0.5 0.10666666666666667 0.25333333333333335 462 462 
0.5 0.10666666666666667 0.26 448 448 
0.5 0.10666666666666667 0.26666666666666666 429 429 
0.5 0.10666666666666667 0.2733333333333333 481 481 
0.5 0.10666666666666667 0.28 462 462 
0.5 0.10666666666666667 0.2866666666666667 461 461 
0.5 0.10666666666666667 0.29333333333333333 488 488 
0.5 0.10666666666666667 0.3 484 484 
0.5 0.10666666666666667 0.30666666666666664 446 446 
0.5 0.10666666666666667 0.31333333333333335 459 459 
0.5 0.10666666666666667 0.32 475 475 
0.5 0.10666666666666667 0.32666666666666666 417 417 
0.5 0.10666666666666667 0.3333333333333333 475 475 
0.5 0.10666666666666667 0.34 429 429 
0.5 0.10666666666666667 0.3466666666666667 458 458 
0.5 0.10666666666666667 0.35333333333333333 512 512 
0.5 0.10666666666666667 0.36 430 430 
0.5 0.10666666666666667 0.36666666666666664 485 485 
0.5 0.10666666666666667 0.37333333333333335 470 470 
0.5 0.10666666666666667 0.38 443 443 
0.5 0.10666666666666667 0.38666666666666666 484 484 
0.5 0.10666666666666667 0.3933333333333333 473 473 
0.5 0.10666666666666667 0.4 460 460 
0.5 0.10666666666666667 0.4066666666666667 500 500 
0.5 0.10666666666666667 0.41333333333333333 460 460 
0.5 0.10666666666666667 0.42 474 474 
0.5 0.10666666666666667 0.4266666666666667 471 471 
0.5 0.10666666666666667 0.43333333333333335 452 452 
0.5 0.10666666666666667 0.44 437 437 
0.5 0.10666666666666667 0.44666666666666666 483 483 
0.5 0.10666666666666667 0.4533333333333333 419 419 
0.5 0.10666666666666667 0.46 453 453 
0.5 0.10666666666666667 0.4666666666666667 456 456 
0.5 0.10666666666666667 0.47333333333333333 432 432 
0.5 0.10666666666666667 0.48 480 480 
0.5 0.10666666666666667 0.4866666666666667 459 459 
0.5 0.10666666666666667 0.49333333333333335 487 487 
0.5 0.10666666666666667 0.5 432 432 
0.5 0.10666666666666667 0.5066666666666667 456 456 
0.5 0.10666666666666667 0.5133333333333333 472 472 
0.5 0.10666666666666667 0.52 482 482 
0.5 0.10666666666666667 0.5266666666666666 439 439 
0.5 0.10666666666666667 0.5333333333333333 463 463 
0.5 0.10666666666666667 0.54 465 465 
0.5 0.10666666666666667 0.5466666666666666 463 463 
0.5 0.10666666666666667 0.5533333333333333 445 445 
0.5 0.10666666666666667 0.56 431 431 
0.5 0.10666666666666667 0.5666666666666667 480 480 
0.5 0.10666666666666667 0.5733333333333334 413 413 
0.5 0.10666666666666667 0.58 426 426 
0.5 0.10666666666666667 0.5866666666666667 470 470 
0.5 0.10666666666666667 0.5933333333333334 472 472 
0.5 0.10666666666666667 0.6 449 449 
0.5 0.10666666666666667 0.6066666666666667 480 480 
0.5 0.10666666666666667 0.6133333333333333 475 475 
0.5 0.10666666666666667 0.62 487 487 
0.5 0.10666666666666667 0.6266666666666667 476 476 
0.5 0.10666666666666667 0.6333333333333333 457 457 
0.5 0.10666666666666667 0.64 463 463 
0.5 0.10666666666666667 0.6466666666666666 413 413 
0.5 0.10666666666666667 0.6533333333333333 460 460 
0.5 0.10666666666666667 0.66 436 436 
0.5 0.10666666666666667 0.6666666666666666 459 459 
0.5 0.10666666666666667 0.6733333333333333 439 439 
0.5 0.10666666666666667 0.68 450 450 
0.5 0.10666666666666667 0.6866666666666666 447 447 
0.5 0.10666666666666667 0.6933333333333334 481 481 
0.5 0.10666666666666667 0.7 492 492 
0.5 0.10666666666666667 0.7066666666666667 503 503 
0.5 0.10666666666666667 0.7133333333333334 475 475 
0.5 0.10666666666666667 0.72 463 463 
0.5 0.10666666666666667 0.7266666666666667 439 439 
0.5 0.10666666666666667 0.7333333333333333 445 445 
0.5 0.10666666666666667 0.74 451 451 
0.5 0.10666666666666667 0.7466666666666667 487 487 
0.5 0.10666666666666667 0.7533333333333333 464 464 
0.5 0.10666666666666667 0.76 454 454 
0.5 0.10666666666666667 0.7666666666666667 433 433 
0.5 0.10666666666666667 0.7733333333333333 442 442 
0.5 0.10666666666666667 0.78 448 448 
0.5 0.10666666666666667 0.7866666666666666 500 500 
0.5 0.10666666666666667 0.7933333333333333 495 495 
0.5 0.10666666666666667 0.8 492 492 
0.5 0.10666666666666667 0.8066666666666666 533 533 
0.5 0.10666666666666667 0.8133333333333334 441 441 
0.5 0.10666666666666667 0.82 478 478 
0.5 0.10666666666666667 0.8266666666666667 492 492 
0.5 0.10666666666666667 0.8333333333333334 447 447 
0.5 0.10666666666666667 0.84 496 496 
0.5 0.10666666666666667 0.8466666666666667 445 445 
0.5 0.10666666666666667 0.8533333333333334 444 444 
0.5 0.10666666666666667 0.86 476 476 
0.5 0.10666666666666667 0.8666666666666667 480 480 
0.5 0.10666666666666667 0.8733333333333333 466 466 
0.5 0.10666666666666667 0.88 417 417 
0.5 0.10666666666666667 0.8866666666666667 475 475 
0.5 0.10666666666666667 0.8933333333333333 416 416 
0.5 0.10666666666666667 0.9 473 473 
0.5 0.10666666666666667 0.9066666666666666 462 462 
0.5 0.10666666666666667 0.9133333333333333 482 482 
0.5 0.10666666666666667 0.92 464 464 
0.5 0.10666666666666667 0.9266666666666666 483 483 
0.5 0.10666666666666667 0.9333333333333333 478 478 
0.5 0.10666666666666667 0.94 494 494 
0.5 0.10666666666666667 0.9466666666666667 464 464 
0.5 0.10666666666666667 0.9533333333333334 492 492 
0.5 0.10666666666666667 0.96 474 474 
0.5 0.10666666666666667 0.9666666666666667 468 468 
0.5 0.10666666666666667 0.9733333333333334 428 428 
0.5 0.10666666666666667 0.98 472 472 
0.5 0.10666666666666667 0.9866666666666667 545 545 
0.5 0.10666666666666667 0.9933333333333333 0 0 
0.5 0.11333333333333333 0.0 0 0 
0.5 0.11333333333333333 0.006666666666666667 551 551 
0.5 0.11333333333333333 0.013333333333333334 472 472 
0.5 0.11333333333333333 0.02 454 454 
0.5 0.11333333333333333 0.02666666666666667 470 470 
0.5 0.11333333333333333 0.03333333333333333 509 509 
0.5 0.11333333333333333 0.04 456 456 
0.5 0.11333333333333333 0.04666666666666667 430 430 
0.5 0.11333333333333333 0.05333333333333334 463 463 
0.5 0.11333333333333333 0.06 401 401 
0.5 0.11333333333333333 0.06666666666666667 447 447 
0.5 0.11333333333333333 0.07333333333333333 421 421 
0.5 0.11333333333333333 0.08 429 429 
0.5 0.11333333333333333 0.08666666666666667 418 418 
0.5 0.11333333333333333 0.09333333333333334 464 464 
0.5 0.11333333333333333 0.1 472 472 
0.5 0.11333333333333333 0.10666666666666667 469 469 
0.5 0.11333333333333333 0.11333333333333333 412 412 
0.5 0.11333333333333333 0.12 452 452 
0.5 0.11333333333333333 0.12666666666666668 491 491 
0.5 0.11333333333333333 0.13333333333333333 467 467 
0.5 0.11333333333333333 0.14 432 432 
0.5 0.11333333333333333 0.14666666666666667 438 438 
0.5 0.11333333333333333 0.15333333333333332 442 442 
0.5 0.11333333333333333 0.16 422 422 
0.5 0.11333333333333333 0.16666666666666666 464 464 
0.5 0.11333333333333333 0.17333333333333334 475 475 
0.5 0.11333333333333333 0.18 446 446 
0.5 0.11333333333333333 0.18666666666666668 417 417 
0.5 0.11333333333333333 0.19333333333333333 485 485 
0.5 0.11333333333333333 0.2 476 476 
0.5 0.11333333333333333 0.20666666666666667 461 461 
0.5 0.11333333333333333 0.21333333333333335 466 466 
0.5 0.11333333333333333 0.22 481 481 
0.5 0.11333333333333333 0.22666666666666666 486 486 
0.5 0.11333333333333333 0.23333333333333334 465 465 
0.5 0.11333333333333333 0.24 458 458 
0.5 0.11333333333333333 0.24666666666666667 467 467 
0.5 0.11333333333333333 0.25333333333333335 397 397 
0.5 0.11333333333333333 0.26 458 458 
0.5 0.11333333333333333 0.26666666666666666 465 465 
0.5 0.11333333333333333 0.2733333333333333 481 481 
0.5 0.11333333333333333 0.28 458 458 
0.5 0.11333333333333333 0.2866666666666667 489 489 
0.5 0.11333333333333333 0.29333333333333333 467 467 
0.5 0.11333333333333333 0.3 415 415 
0.5 0.11333333333333333 0.30666666666666664 454 454 
0.5 0.11333333333333333 0.31333333333333335 458 458 
0.5 0.11333333333333333 0.32 438 438 
0.5 0.11333333333333333 0.32666666666666666 424 424 
0.5 0.11333333333333333 0.3333333333333333 440 440 
0.5 0.11333333333333333 0.34 460 460 
0.5 0.11333333333333333 0.3466666666666667 469 469 
0.5 0.11333333333333333 0.35333333333333333 439 439 
0.5 0.11333333333333333 0.36 464 464 
0.5 0.11333333333333333 0.36666666666666664 460 460 
0.5 0.11333333333333333 0.37333333333333335 448 448 
0.5 0.11333333333333333 0.38 463 463 
0.5 0.11333333333333333 0.38666666666666666 494 494 
0.5 0.11333333333333333 0.3933333333333333 438 438 
0.5 0.11333333333333333 0.4 449 449 
0.5 0.11333333333333333 0.4066666666666667 453 453 
0.5 0.11333333333333333 0.41333333333333333 447 447 
0.5 0.11333333333333333 0.42 452 452 
0.5 0.11333333333333333 0.4266666666666667 472 472 
0.5 0.11333333333333333 0.43333333333333335 469 469 
0.5 0.11333333333333333 0.44 456 456 
0.5 0.11333333333333333 0.44666666666666666 480 480 
0.5 0.11333333333333333 0.4533333333333333 474 474 
0.5 0.11333333333333333 0.46 485 485 
0.5 0.11333333333333333 0.4666666666666667 452 452 
0.5 0.11333333333333333 0.47333333333333333 478 478 
0.5 0.11333333333333333 0.48 413 413 
0.5 0.11333333333333333 0.4866666666666667 482 482 
0.5 0.11333333333333333 0.49333333333333335 450 450 
0.5 0.11333333333333333 0.5 483 483 
0.5 0.11333333333333333 0.5066666666666667 465 465 
0.5 0.11333333333333333 0.5133333333333333 464 464 
0.5 0.11333333333333333 0.52 460 460 
0.5 0.11333333333333333 0.5266666666666666 471 471 
0.5 0.11333333333333333 0.5333333333333333 496 496 
0.5 0.11333333333333333 0.54 464 464 
0.5 0.11333333333333333 0.5466666666666666 471 471 
0.5 0.11333333333333333 0.5533333333333333 447 447 
0.5 0.11333333333333333 0.56 446 446 
0.5 0.11333333333333333 0.5666666666666667 477 477 
0.5 0.11333333333333333 0.5733333333333334 453 453 
0.5 0.11333333333333333 0.58 467 467 
0.5 0.11333333333333333 0.5866666666666667 421 421 
0.5 0.11333333333333333 0.5933333333333334 451 451 
0.5 0.11333333333333333 0.6 434 434 
0.5 0.11333333333333333 0.6066666666666667 441 441 
0.5 0.11333333333333333 0.6133333333333333 459 459 
0.5 0.11333333333333333 0.62 465 465 
0.5 0.11333333333333333 0.6266666666666667 456 456 
0.5 0.11333333333333333 0.6333333333333333 425 425 
0.5 0.11333333333333333 0.64 486 486 
0.5 0.11333333333333333 0.6466666666666666 399 399 
0.5 0.11333333333333333 0.6533333333333333 457 457 
0.5 0.11333333333333333 0.66 415 415 
0.5 0.11333333333333333 0.6666666666666666 426 426 
0.5 0.11333333333333333 0.6733333333333333 440 440 
0.5 0.11333333333333333 0.68 437 437 
0.5 0.11333333333333333 0.6866666666666666 481 481 
0.5 0.11333333333333333 0.6933333333333334 463 463 
0.5 0.11333333333333333 0.7 443 443 
0.5 0.11333333333333333 0.7066666666666667 463 463 
0.5 0.11333333333333333 0.7133333333333334 449 449 
0.5 0.11333333333333333 0.72 465 465 
0.5 0.11333333333333333 0.7266666666666667 471 471 
0.5 0.11333333333333333 0.7333333333333333 469 469 
0.5 0.11333333333333333 0.74 448 448 
0.5 0.11333333333333333 0.7466666666666667 453 453 
0.5 0.11333333333333333 0.7533333333333333 445 445 
0.5 0.11333333333333333 0.76 457 457 
0.5 0.11333333333333333 0.7666666666666667 497 497 
0.5 0.11333333333333333 0.7733333333333333 460 460 
0.5 0.11333333333333333 0.78 470 470 
0.5 0.11333333333333333 0.7866666666666666 446 446 
0.5 0.11333333333333333 0.7933333333333333 486 486 
0.5 0.11333333333333333 0.8 482 482 
0.5 0.11333333333333333 0.8066666666666666 432 432 
0.5 0.11333333333333333 0.8133333333333334 512 512 
0.5 0.11333333333333333 0.82 486 486 
0.5 0.11333333333333333 0.8266666666666667 467 467 
0.5 0.11333333333333333 0.8333333333333334 463 463 
0.5 0.11333333333333333 0.84 489 489 
0.5 0.11333333333333333 0.8466666666666667 498 498 
0.5 0.11333333333333333 0.8533333333333334 452 452 
0.5 0.11333333333333333 0.86 453 453 
0.5 0.11333333333333333 0.8666666666666667 473 473 
0.5 0.11333333333333333 0.8733333333333333 449 449 
0.5 0.11333333333333333 0.88 455 455 
0.5 0.11333333333333333 0.8866666666666667 445 445 
0.5 0.11333333333333333 0.8933333333333333 444 444 
0.5 0.11333333333333333 0.9 428 428 
0.5 0.11333333333333333 0.9066666666666666 453 453 
0.5 0.11333333333333333 0.9133333333333333 492 492 
0.5 0.11333333333333333 0.92 471 471 
0.5 0.11333333333333333 0.9266666666666666 462 462 
0.5 0.11333333333333333 0.9333333333333333 512 512 
0.5 0.11333333333333333 0.94 481 481 
0.5 0.11333333333333333 0.9466666666666667 429 429 
0.5 0.11333333333333333 0.9533333333333334 424 424 
0.5 0.11333333333333333 0.96 464 464 
0.5 0.11333333333333333 0.9666666666666667 460 460 
0.5 0.11333333333333333 0.9733333333333334 462 462 
0.5 0.11333333333333333 0.98 458 458 
0.5 0.11333333333333333 0.9866666666666667 515 515 
0.5 0.11333333333333333 0.9933333333333333 0 0 
0.5 0.12 0.0 0 0 
0.5 0.12 0.006666666666666667 593 593 
0.5 0.12 0.013333333333333334 481 481 
0.5 0.12 0.02 459 459 
0.5 0.12 0.02666666666666667 502 502 
0.5 0.12 0.03333333333333333 451 451 
0.5 0.12 0.04 462 462 
0.5 0.12 0.04666666666666667 466 466 
0.5 0.12 0.05333333333333334 463 463 
0.5 0.12 0.06 422 422 
0.5 0.12 0.06666666666666667 497 497 
0.5 0.12 0.07333333333333333 497 497 
0.5 0.12 0.08 462 462 
0.5 0.12 0.08666666666666667 471 471 
0.5 0.12 0.09333333333333334 449 449 
0.5 0.12 0.1 477 477 
0.5 0.12 0.10666666666666667 425 425 
0.5 0.12 0.11333333333333333 433 433 
0.5 0.12 0.12 448 448 
0.5 0.12 0.12666666666666668 426 426 
0.5 0.12 0.13333333333333333 497 497 
0.5 0.12 0.14 445 445 
0.5 0.12 0.14666666666666667 438 438 
0.5 0.12 0.15333333333333332 497 497 
0.5 0.12 0.16 484 484 
0.5 0.12 0.16666666666666666 491 491 
0.5 0.12 0.17333333333333334 434 434 
0.5 0.12 0.18 477 477 
0.5 0.12 0.18666666666666668 472 472 
0.5 0.12 0.19333333333333333 455 455 
0.5 0.12 0.2 453 453 
0.5 0.12 0.20666666666666667 457 457 
0.5 0.12 0.21333333333333335 458 458 
0.5 0.12 0.22 460 460 
0.5 0.12 0.22666666666666666 445 445 
0.5 0.12 0.23333333333333334 472 472 
0.5 0.12 0.24 476 476 
0.5 0.12 0.24666666666666667 417 417 
0.5 0.12 0.25333333333333335 463 463 
0.5 0.12 0.26 451 451 
0.5 0.12 0.26666666666666666 438 438 
0.5 0.12 0.2733333333333333 430 430 
0.5 0.12 0.28 460 460 
0.5 0.12 0.2866666666666667 474 474 
0.5 0.12 0.29333333333333333 459 459 
0.5 0.12 0.3 501 501 
0.5 0.12 0.30666666666666664 413 413 
0.5 0.12 0.31333333333333335 432 432 
0.5 0.12 0.32 429 429 
0.5 0.12 0.32666666666666666 436 436 
0.5 0.12 0.3333333333333333 427 427 
0.5 0.12 0.34 472 472 
0.5 0.12 0.3466666666666667 462 462 
0.5 0.12 0.35333333333333333 472 472 
0.5 0.12 0.36 452 452 
0.5 0.12 0.36666666666666664 465 465 
0.5 0.12 0.37333333333333335 468 468 
0.5 0.12 0.38 448 448 
0.5 0.12 0.38666666666666666 435 435 
0.5 0.12 0.3933333333333333 450 450 
0.5 0.12 0.4 482 482 
0.5 0.12 0.4066666666666667 473 473 
0.5 0.12 0.41333333333333333 474 474 
0.5 0.12 0.42 462 462 
0.5 0.12 0.4266666666666667 509 509 
0.5 0.12 0.43333333333333335 435 435 
0.5 0.12 0.44 428 428 
0.5 0.12 0.44666666666666666 410 410 
0.5 0.12 0.4533333333333333 450 450 
0.5 0.12 0.46 464 464 
0.5 0.12 0.4666666666666667 443 443 
0.5 0.12 0.47333333333333333 426 426 
0.5 0.12 0.48 451 451 
0.5 0.12 0.4866666666666667 456 456 
0.5 0.12 0.49333333333333335 423 423 
0.5 0.12 0.5 457 457 
0.5 0.12 0.5066666666666667 433 433 
0.5 0.12 0.5133333333333333 460 460 
0.5 0.12 0.52 451 451 
0.5 0.12 0.5266666666666666 414 414 
0.5 0.12 0.5333333333333333 467 467 
0.5 0.12 0.54 474 474 
0.5 0.12 0.5466666666666666 466 466 
0.5 0.12 0.5533333333333333 416 416 
0.5 0.12 0.56 475 475 
0.5 0.12 0.5666666666666667 443 443 
0.5 0.12 0.5733333333333334 412 412 
0.5 0.12 0.58 409 409 
0.5 0.12 0.5866666666666667 487 487 
0.5 0.12 0.5933333333333334 460 460 
0.5 0.12 0.6 466 466 
0.5 0.12 0.6066666666666667 453 453 
0.5 0.12 0.6133333333333333 414 414 
0.5 0.12 0.62 489 489 
0.5 0.12 0.6266666666666667 472 472 
0.5 0.12 0.6333333333333333 504 504 
0.5 0.12 0.64 451 451 
0.5 0.12 0.6466666666666666 466 466 
0.5 0.12 0.6533333333333333 466 466 
0.5 0.12 0.66 437 437 
0.5 0.12 0.6666666666666666 453 453 
0.5 0.12 0.6733333333333333 444 444 
0.5 0.12 0.68 432 432 
0.5 0.12 0.6866666666666666 467 467 
0.5 0.12 0.6933333333333334 412 412 
0.5 0.12 0.7 425 425 
0.5 0.12 0.7066666666666667 473 473 
0.5 0.12 0.7133333333333334 439 439 
0.5 0.12 0.72 438 438 
0.5 0.12 0.7266666666666667 454 454 
0.5 0.12 0.7333333333333333 443 443 
0.5 0.12 0.74 445 445 
0.5 0.12 0.7466666666666667 442 442 
0.5 0.12 0.7533333333333333 451 451 
0.5 0.12 0.76 476 476 
0.5 0.12 0.7666666666666667 456 456 
0.5 0.12 0.7733333333333333 479 479 
0.5 0.12 0.78 480 480 
0.5 0.12 0.7866666666666666 460 460 
0.5 0.12 0.7933333333333333 462 462 
0.5 0.12 0.8 480 480 
0.5 0.12 0.8066666666666666 449 449 
0.5 0.12 0.8133333333333334 486 486 
0.5 0.12 0.82 481 481 
0.5 0.12 0.8266666666666667 479 479 
0.5 0.12 0.8333333333333334 488 488 
0.5 0.12 0.84 493 493 
0.5 0.12 0.8466666666666667 500 500 
0.5 0.12 0.8533333333333334 483 483 
0.5 0.12 0.86 462 462 
0.5 0.12 0.8666666666666667 476 476 
0.5 0.12 0.8733333333333333 434 434 
0.5 0.12 0.88 473 473 
0.5 0.12 0.8866666666666667 473 473 
0.5 0.12 0.8933333333333333 477 477 
0.5 0.12 0.9 446 446 
0.5 0.12 0.9066666666666666 457 457 
0.5 0.12 0.9133333333333333 462 462 
0.5 0.12 0.92 485 485 
0.5 0.12 0.9266666666666666 468 468 
0.5 0.12 0.9333333333333333 455 455 
0.5 0.12 0.94 436 436 
0.5 0.12 0.9466666666666667 469 469 
0.5 0.12 0.9533333333333334 461 461 
0.5 0.12 0.96 457 457 
0.5 0.12 0.9666666666666667 413 413 
0.5 0.12 0.9733333333333334 435 435 
0.5 0.12 0.98 456 456 
0.5 0.12 0.9866666666666667 528 528 
0.5 0.12 0.9933333333333333 0 0 
0.5 0.12666666666666668 0.0 0 0 
0.5 0.12666666666666668 0.006666666666666667 537 537 
0.5 0.12666666666666668 0.013333333333333334 450 450 
0.5 0.12666666666666668 0.02 438 438 
0.5 0.12666666666666668 0.02666666666666667 427 427 
0.5 0.12666666666666668 0.03333333333333333 434 434 
0.5 0.12666666666666668 0.04 468 468 
0.5 0.12666666666666668 0.04666666666666667 483 483 
0.5 0.12666666666666668 0.05333333333333334 456 456 
0.5 0.12666666666666668 0.06 498 498 
0.5 0.12666666666666668 0.06666666666666667 442 442 
0.5 0.12666666666666668 0.07333333333333333 435 435 
0.5 0.12666666666666668 0.08 459 459 
0.5 0.12666666666666668 0.08666666666666667 439 439 
0.5 0.12666666666666668 0.09333333333333334 511 511 
0.5 0.12666666666666668 0.1 460 460 
0.5 0.12666666666666668 0.10666666666666667 466 466 
0.5 0.12666666666666668 0.11333333333333333 473 473 
0.5 0.12666666666666668 0.12 474 474 
0.5 0.12666666666666668 0.12666666666666668 477 477 
0.5 0.12666666666666668 0.13333333333333333 441 441 
0.5 0.12666666666666668 0.14 476 476 
0.5 0.12666666666666668 0.14666666666666667 482 482 
0.5 0.12666666666666668 0.15333333333333332 471 471 
0.5 0.12666666666666668 0.16 456 456 
0.5 0.12666666666666668 0.16666666666666666 479 479 
0.5 0.12666666666666668 0.17333333333333334 431 431 
0.5 0.12666666666666668 0.18 511 511 
0.5 0.12666666666666668 0.18666666666666668 485 485 
0.5 0.12666666666666668 0.19333333333333333 519 519 
0.5 0.12666666666666668 0.2 499 499 
0.5 0.12666666666666668 0.20666666666666667 464 464 
0.5 0.12666666666666668 0.21333333333333335 444 444 
0.5 0.12666666666666668 0.22 475 475 
0.5 0.12666666666666668 0.22666666666666666 457 457 
0.5 0.12666666666666668 0.23333333333333334 437 437 
0.5 0.12666666666666668 0.24 423 423 
0.5 0.12666666666666668 0.24666666666666667 461 461 
0.5 0.12666666666666668 0.25333333333333335 458 458 
0.5 0.12666666666666668 0.26 457 457 
0.5 0.12666666666666668 0.26666666666666666 458 458 
0.5 0.12666666666666668 0.2733333333333333 492 492 
0.5 0.12666666666666668 0.28 427 427 
0.5 0.12666666666666668 0.2866666666666667 451 451 
0.5 0.12666666666666668 0.29333333333333333 441 441 
0.5 0.12666666666666668 0.3 401 401 
0.5 0.12666666666666668 0.30666666666666664 415 415 
0.5 0.12666666666666668 0.31333333333333335 412 412 
0.5 0.12666666666666668 0.32 441 441 
0.5 0.12666666666666668 0.32666666666666666 442 442 
0.5 0.12666666666666668 0.3333333333333333 466 466 
0.5 0.12666666666666668 0.34 453 453 
0.5 0.12666666666666668 0.3466666666666667 471 471 
0.5 0.12666666666666668 0.35333333333333333 458 458 
0.5 0.12666666666666668 0.36 475 475 
0.5 0.12666666666666668 0.36666666666666664 433 433 
0.5 0.12666666666666668 0.37333333333333335 463 463 
0.5 0.12666666666666668 0.38 427 427 
0.5 0.12666666666666668 0.38666666666666666 433 433 
0.5 0.12666666666666668 0.3933333333333333 435 435 
0.5 0.12666666666666668 0.4 443 443 
0.5 0.12666666666666668 0.4066666666666667 428 428 
0.5 0.12666666666666668 0.41333333333333333 418 418 
0.5 0.12666666666666668 0.42 426 426 
0.5 0.12666666666666668 0.4266666666666667 438 438 
0.5 0.12666666666666668 0.43333333333333335 478 478 
0.5 0.12666666666666668 0.44 520 520 
0.5 0.12666666666666668 0.44666666666666666 463 463 
0.5 0.12666666666666668 0.4533333333333333 481 481 
0.5 0.12666666666666668 0.46 458 458 
0.5 0.12666666666666668 0.4666666666666667 448 448 
0.5 0.12666666666666668 0.47333333333333333 468 468 
0.5 0.12666666666666668 0.48 471 471 
0.5 0.12666666666666668 0.4866666666666667 459 459 
0.5 0.12666666666666668 0.49333333333333335 481 481 
0.5 0.12666666666666668 0.5 437 437 
0.5 0.12666666666666668 0.5066666666666667 462 462 
0.5 0.12666666666666668 0.5133333333333333 389 389 
0.5 0.12666666666666668 0.52 440 440 
0.5 0.12666666666666668 0.5266666666666666 438 438 
0.5 0.12666666666666668 0.5333333333333333 467 467 
0.5 0.12666666666666668 0.54 475 475 
0.5 0.12666666666666668 0.5466666666666666 433 433 
0.5 0.12666666666666668 0.5533333333333333 473 473 
0.5 0.12666666666666668 0.56 453 453 
0.5 0.12666666666666668 0.5666666666666667 420 420 
0.5 0.12666666666666668 0.5733333333333334 454 454 
0.5 0.12666666666666668 0.58 468 468 
0.5 0.12666666666666668 0.5866666666666667 429 429 
0.5 0.12666666666666668 0.5933333333333334 442 442 
0.5 0.12666666666666668 0.6 424 424 
0.5 0.12666666666666668 0.6066666666666667 472 472 
0.5 0.12666666666666668 0.6133333333333333 473 473 
0.5 0.12666666666666668 0.62 434 434 
0.5 0.12666666666666668 0.6266666666666667 469 469 
0.5 0.12666666666666668 0.6333333333333333 468 468 
0.5 0.12666666666666668 0.64 482 482 
0.5 0.12666666666666668 0.6466666666666666 476 476 
0.5 0.12666666666666668 0.6533333333333333 457 457 
0.5 0.12666666666666668 0.66 489 489 
0.5 0.12666666666666668 0.6666666666666666 416 416 
0.5 0.12666666666666668 0.6733333333333333 524 524 
0.5 0.12666666666666668 0.68 459 459 
0.5 0.12666666666666668 0.6866666666666666 449 449 
0.5 0.12666666666666668 0.6933333333333334 450 450 
0.5 0.12666666666666668 0.7 414 414 
0.5 0.12666666666666668 0.7066666666666667 418 418 
0.5 0.12666666666666668 0.7133333333333334 438 438 
0.5 0.12666666666666668 0.72 453 453 
0.5 0.12666666666666668 0.7266666666666667 478 478 
0.5 0.12666666666666668 0.7333333333333333 445 445 
0.5 0.12666666666666668 0.74 461 461 
0.5 0.12666666666666668 0.7466666666666667 440 440 
0.5 0.12666666666666668 0.7533333333333333 444 444 
0.5 0.12666666666666668 0.76 465 465 
0.5 0.12666666666666668 0.7666666666666667 462 462 
0.5 0.12666666666666668 0.7733333333333333 481 481 
0.5 0.12666666666666668 0.78 458 458 
0.5 0.12666666666666668 0.7866666666666666 444 444 
0.5 0.12666666666666668 0.7933333333333333 435 435 
0.5 0.12666666666666668 0.8 460 460 
0.5 0.12666666666666668 0.8066666666666666 458 458 
0.5 0.12666666666666668 0.8133333333333334 460 460 
0.5 0.12666666666666668 0.82 484 484 
0.5 0.12666666666666668 0.8266666666666667 488 488 
0.5 0.12666666666666668 0.8333333333333334 484 484 
0.5 0.12666666666666668 0.84 481 481 
0.5 0.12666666666666668 0.8466666666666667 476 476 
0.5 0.12666666666666668 0.8533333333333334 435 435 
0.5 0.12666666666666668 0.86 465 465 
0.5 0.12666666666666668 0.8666666666666667 464 464 
0.5 0.12666666666666668 0.8733333333333333 488 488 
0.5 0.12666666666666668 0.88 441 441 
0.5 0.12666666666666668 0.8866666666666667 454 454 
0.5 0.12666666666666668 0.8933333333333333 464 464 
0.5 0.12666666666666668 0.9 455 455 
0.5 0.12666666666666668 0.9066666666666666 498 498 
0.5 0.12666666666666668 0.9133333333333333 512 512 
0.5 0.12666666666666668 0.92 475 475 
0.5 0.12666666666666668 0.9266666666666666 448 448 
0.5 0.12666666666666668 0.9333333333333333 453 453 
0.5 0.12666666666666668 0.94 442 442 
0.5 0.12666666666666668 0.9466666666666667 447 447 
0.5 0.12666666666666668 0.9533333333333334 406 406 
0.5 0.12666666666666668 0.96 500 500 
0.5 0.12666666666666668 0.9666666666666667 439 439 
0.5 0.12666666666666668 0.9733333333333334 456 456 
0.5 0.12666666666666668 0.98 437 437 
0.5 0.12666666666666668 0.9866666666666667 525 525 
0.5 0.12666666666666668 0.9933333333333333 0 0 
0.5 0.13333333333333333 0.0 0 0 
0.5 0.13333333333333333 0.006666666666666667 562 562 
0.5 0.13333333333333333 0.013333333333333334 460 460 
0.5 0.13333333333333333 0.02 469 469 
0.5 0.13333333333333333 0.02666666666666667 458 458 
0.5 0.13333333333333333 0.03333333333333333 445 445 
0.5 0.13333333333333333 0.04 530 530 
0.5 0.13333333333333333 0.04666666666666667 472 472 
0.5 0.13333333333333333 0.05333333333333334 486 486 
0.5 0.13333333333333333 0.06 481 481 
0.5 0.13333333333333333 0.06666666666666667 464 464 
0.5 0.13333333333333333 0.07333333333333333 481 481 
0.5 0.13333333333333333 0.08 433 433 
0.5 0.13333333333333333 0.08666666666666667 445 445 
0.5 0.13333333333333333 0.09333333333333334 465 465 
0.5 0.13333333333333333 0.1 479 479 
0.5 0.13333333333333333 0.10666666666666667 494 494 
0.5 0.13333333333333333 0.11333333333333333 461 461 
0.5 0.13333333333333333 0.12 489 489 
0.5 0.13333333333333333 0.12666666666666668 456 456 
0.5 0.13333333333333333 0.13333333333333333 464 464 
0.5 0.13333333333333333 0.14 464 464 
0.5 0.13333333333333333 0.14666666666666667 489 489 
0.5 0.13333333333333333 0.15333333333333332 503 503 
0.5 0.13333333333333333 0.16 466 466 
0.5 0.13333333333333333 0.16666666666666666 490 490 
0.5 0.13333333333333333 0.17333333333333334 481 481 
0.5 0.13333333333333333 0.18 493 493 
0.5 0.13333333333333333 0.18666666666666668 459 459 
0.5 0.13333333333333333 0.19333333333333333 477 477 
0.5 0.13333333333333333 0.2 469 469 
0.5 0.13333333333333333 0.20666666666666667 476 476 
0.5 0.13333333333333333 0.21333333333333335 460 460 
0.5 0.13333333333333333 0.22 455 455 
0.5 0.13333333333333333 0.22666666666666666 464 464 
0.5 0.13333333333333333 0.23333333333333334 504 504 
0.5 0.13333333333333333 0.24 431 431 
0.5 0.13333333333333333 0.24666666666666667 449 449 
0.5 0.13333333333333333 0.25333333333333335 463 463 
0.5 0.13333333333333333 0.26 461 461 
0.5 0.13333333333333333 0.26666666666666666 444 444 
0.5 0.13333333333333333 0.2733333333333333 445 445 
0.5 0.13333333333333333 0.28 445 445 
0.5 0.13333333333333333 0.2866666666666667 434 434 
0.5 0.13333333333333333 0.29333333333333333 470 470 
0.5 0.13333333333333333 0.3 468 468 
0.5 0.13333333333333333 0.30666666666666664 430 430 
0.5 0.13333333333333333 0.31333333333333335 413 413 
0.5 0.13333333333333333 0.32 444 444 
0.5 0.13333333333333333 0.32666666666666666 455 455 
0.5 0.13333333333333333 0.3333333333333333 457 457 
0.5 0.13333333333333333 0.34 465 465 
0.5 0.13333333333333333 0.3466666666666667 472 472 
0.5 0.13333333333333333 0.35333333333333333 488 488 
0.5 0.13333333333333333 0.36 525 525 
0.5 0.13333333333333333 0.36666666666666664 454 454 
0.5 0.13333333333333333 0.37333333333333335 434 434 
0.5 0.13333333333333333 0.38 433 433 
0.5 0.13333333333333333 0.38666666666666666 407 407 
0.5 0.13333333333333333 0.3933333333333333 449 449 
0.5 0.13333333333333333 0.4 426 426 
0.5 0.13333333333333333 0.4066666666666667 427 427 
0.5 0.13333333333333333 0.41333333333333333 445 445 
0.5 0.13333333333333333 0.42 441 441 
0.5 0.13333333333333333 0.4266666666666667 424 424 
0.5 0.13333333333333333 0.43333333333333335 451 451 
0.5 0.13333333333333333 0.44 483 483 
0.5 0.13333333333333333 0.44666666666666666 455 455 
0.5 0.13333333333333333 0.4533333333333333 487 487 
0.5 0.13333333333333333 0.46 464 464 
0.5 0.13333333333333333 0.4666666666666667 478 478 
0.5 0.13333333333333333 0.47333333333333333 484 484 
0.5 0.13333333333333333 0.48 487 487 
0.5 0.13333333333333333 0.4866666666666667 422 422 
0.5 0.13333333333333333 0.49333333333333335 445 445 
0.5 0.13333333333333333 0.5 440 440 
0.5 0.13333333333333333 0.5066666666666667 435 435 
0.5 0.13333333333333333 0.5133333333333333 444 444 
0.5 0.13333333333333333 0.52 478 478 
0.5 0.13333333333333333 0.5266666666666666 430 430 
0.5 0.13333333333333333 0.5333333333333333 467 467 
0.5 0.13333333333333333 0.54 458 458 
0.5 0.13333333333333333 0.5466666666666666 485 485 
0.5 0.13333333333333333 0.5533333333333333 477 477 
0.5 0.13333333333333333 0.56 457 457 
0.5 0.13333333333333333 0.5666666666666667 445 445 
0.5 0.13333333333333333 0.5733333333333334 445 445 
0.5 0.13333333333333333 0.58 467 467 
0.5 0.13333333333333333 0.5866666666666667 444 444 
0.5 0.13333333333333333 0.5933333333333334 377 377 
0.5 0.13333333333333333 0.6 452 452 
0.5 0.13333333333333333 0.6066666666666667 449 449 
0.5 0.13333333333333333 0.6133333333333333 501 501 
0.5 0.13333333333333333 0.62 446 446 
0.5 0.13333333333333333 0.6266666666666667 478 478 
0.5 0.13333333333333333 0.6333333333333333 457 457 
0.5 0.13333333333333333 0.64 471 471 
0.5 0.13333333333333333 0.6466666666666666 461 461 
0.5 0.13333333333333333 0.6533333333333333 491 491 
0.5 0.13333333333333333 0.66 465 465 
0.5 0.13333333333333333 0.6666666666666666 472 472 
0.5 0.13333333333333333 0.6733333333333333 469 469 
0.5 0.13333333333333333 0.68 449 449 
0.5 0.13333333333333333 0.6866666666666666 451 451 
0.5 0.13333333333333333 0.6933333333333334 434 434 
0.5 0.13333333333333333 0.7 428 428 
0.5 0.13333333333333333 0.7066666666666667 484 484 
0.5 0.13333333333333333 0.7133333333333334 453 453 
0.5 0.13333333333333333 0.72 477 477 
0.5 0.13333333333333333 0.7266666666666667 420 420 
0.5 0.13333333333333333 0.7333333333333333 466 466 
0.5 0.13333333333333333 0.74 449 449 
0.5 0.13333333333333333 0.7466666666666667 468 468 
0.5 0.13333333333333333 0.7533333333333333 465 465 
0.5 0.13333333333333333 0.76 508 508 
0.5 0.13333333333333333 0.7666666666666667 455 455 
0.5 0.13333333333333333 0.7733333333333333 451 451 
0.5 0.13333333333333333 0.78 470 470 
0.5 0.13333333333333333 0.7866666666666666 501 501 
0.5 0.13333333333333333 0.7933333333333333 461 461 
0.5 0.13333333333333333 0.8 467 467 
0.5 0.13333333333333333 0.8066666666666666 449 449 
0.5 0.13333333333333333 0.8133333333333334 461 461 
0.5 0.13333333333333333 0.82 505 505 
0.5 0.13333333333333333 0.8266666666666667 497 497 
0.5 0.13333333333333333 0.8333333333333334 457 457 
0.5 0.13333333333333333 0.84 429 429 
0.5 0.13333333333333333 0.8466666666666667 457 457 
0.5 0.13333333333333333 0.8533333333333334 460 460 
0.5 0.13333333333333333 0.86 447 447 
0.5 0.13333333333333333 0.8666666666666667 467 467 
0.5 0.13333333333333333 0.8733333333333333 475 475 
0.5 0.13333333333333333 0.88 472 472 
0.5 0.13333333333333333 0.8866666666666667 476 476 
0.5 0.13333333333333333 0.8933333333333333 465 465 
0.5 0.13333333333333333 0.9 501 501 
0.5 0.13333333333333333 0.9066666666666666 516 516 
0.5 0.13333333333333333 0.9133333333333333 485 485 
0.5 0.13333333333333333 0.92 459 459 
0.5 0.13333333333333333 0.9266666666666666 463 463 
0.5 0.13333333333333333 0.9333333333333333 419 419 
0.5 0.13333333333333333 0.94 459 459 
0.5 0.13333333333333333 0.9466666666666667 423 423 
0.5 0.13333333333333333 0.9533333333333334 425 425 
0.5 0.13333333333333333 0.96 445 445 
0.5 0.13333333333333333 0.9666666666666667 419 419 
0.5 0.13333333333333333 0.9733333333333334 446 446 
0.5 0.13333333333333333 0.98 456 456 
0.5 0.13333333333333333 0.9866666666666667 534 534 
0.5 0.13333333333333333 0.9933333333333333 0 0 
0.5 0.14 0.0 0 0 
0.5 0.14 0.006666666666666667 567 567 
0.5 0.14 0.013333333333333334 494 494 
0.5 0.14 0.02 455 455 
0.5 0.14 0.02666666666666667 438 438 
0.5 0.14 0.03333333333333333 486 486 
0.5 0.14 0.04 440 440 
0.5 0.14 0.04666666666666667 442 442 
0.5 0.14 0.05333333333333334 510 510 
0.5 0.14 0.06 487 487 
0.5 0.14 0.06666666666666667 474 474 
0.5 0.14 0.07333333333333333 496 496 
0.5 0.14 0.08 490 490 
0.5 0.14 0.08666666666666667 448 448 
0.5 0.14 0.09333333333333334 471 471 
0.5 0.14 0.1 442 442 
0.5 0.14 0.10666666666666667 468 468 
0.5 0.14 0.11333333333333333 460 460 
0.5 0.14 0.12 500 500 
0.5 0.14 0.12666666666666668 500 500 
0.5 0.14 0.13333333333333333 446 446 
0.5 0.14 0.14 481 481 
0.5 0.14 0.14666666666666667 513 513 
0.5 0.14 0.15333333333333332 495 495 
0.5 0.14 0.16 491 491 
0.5 0.14 0.16666666666666666 482 482 
0.5 0.14 0.17333333333333334 477 477 
0.5 0.14 0.18 454 454 
0.5 0.14 0.18666666666666668 455 455 
0.5 0.14 0.19333333333333333 400 400 
0.5 0.14 0.2 467 467 
0.5 0.14 0.20666666666666667 468 468 
0.5 0.14 0.21333333333333335 441 441 
0.5 0.14 0.22 429 429 
0.5 0.14 0.22666666666666666 492 492 
0.5 0.14 0.23333333333333334 444 444 
0.5 0.14 0.24 449 449 
0.5 0.14 0.24666666666666667 454 454 
0.5 0.14 0.25333333333333335 476 476 
0.5 0.14 0.26 457 457 
0.5 0.14 0.26666666666666666 476 476 
0.5 0.14 0.2733333333333333 443 443 
0.5 0.14 0.28 468 468 
0.5 0.14 0.2866666666666667 465 465 
0.5 0.14 0.29333333333333333 475 475 
0.5 0.14 0.3 455 455 
0.5 0.14 0.30666666666666664 479 479 
0.5 0.14 0.31333333333333335 423 423 
0.5 0.14 0.32 472 472 
0.5 0.14 0.32666666666666666 447 447 
0.5 0.14 0.3333333333333333 470 470 
0.5 0.14 0.34 467 467 
0.5 0.14 0.3466666666666667 470 470 
0.5 0.14 0.35333333333333333 497 497 
0.5 0.14 0.36 448 448 
0.5 0.14 0.36666666666666664 445 445 
0.5 0.14 0.37333333333333335 432 432 
0.5 0.14 0.38 476 476 
0.5 0.14 0.38666666666666666 427 427 
0.5 0.14 0.3933333333333333 428 428 
0.5 0.14 0.4 444 444 
0.5 0.14 0.4066666666666667 463 463 
0.5 0.14 0.41333333333333333 428 428 
0.5 0.14 0.42 436 436 
0.5 0.14 0.4266666666666667 449 449 
0.5 0.14 0.43333333333333335 417 417 
0.5 0.14 0.44 422 422 
0.5 0.14 0.44666666666666666 500 500 
0.5 0.14 0.4533333333333333 496 496 
0.5 0.14 0.46 474 474 
0.5 0.14 0.4666666666666667 459 459 
0.5 0.14 0.47333333333333333 497 497 
0.5 0.14 0.48 459 459 
0.5 0.14 0.4866666666666667 448 448 
0.5 0.14 0.49333333333333335 493 493 
0.5 0.14 0.5 447 447 
0.5 0.14 0.5066666666666667 440 440 
0.5 0.14 0.5133333333333333 465 465 
0.5 0.14 0.52 480 480 
0.5 0.14 0.5266666666666666 495 495 
0.5 0.14 0.5333333333333333 465 465 
0.5 0.14 0.54 516 516 
0.5 0.14 0.5466666666666666 495 495 
0.5 0.14 0.5533333333333333 449 449 
0.5 0.14 0.56 460 460 
0.5 0.14 0.5666666666666667 445 445 
0.5 0.14 0.5733333333333334 421 421 
0.5 0.14 0.58 468 468 
0.5 0.14 0.5866666666666667 428 428 
0.5 0.14 0.5933333333333334 460 460 
0.5 0.14 0.6 429 429 
0.5 0.14 0.6066666666666667 446 446 
0.5 0.14 0.6133333333333333 439 439 
0.5 0.14 0.62 494 494 
0.5 0.14 0.6266666666666667 457 457 
0.5 0.14 0.6333333333333333 478 478 
0.5 0.14 0.64 507 507 
0.5 0.14 0.6466666666666666 446 446 
0.5 0.14 0.6533333333333333 512 512 
0.5 0.14 0.66 502 502 
0.5 0.14 0.6666666666666666 479 479 
0.5 0.14 0.6733333333333333 441 441 
0.5 0.14 0.68 473 473 
0.5 0.14 0.6866666666666666 424 424 
0.5 0.14 0.6933333333333334 477 477 
0.5 0.14 0.7 465 465 
0.5 0.14 0.7066666666666667 490 490 
0.5 0.14 0.7133333333333334 467 467 
0.5 0.14 0.72 498 498 
0.5 0.14 0.7266666666666667 449 449 
0.5 0.14 0.7333333333333333 461 461 
0.5 0.14 0.74 470 470 
0.5 0.14 0.7466666666666667 440 440 
0.5 0.14 0.7533333333333333 454 454 
0.5 0.14 0.76 479 479 
0.5 0.14 0.7666666666666667 445 445 
0.5 0.14 0.7733333333333333 467 467 
0.5 0.14 0.78 468 468 
0.5 0.14 0.7866666666666666 446 446 
0.5 0.14 0.7933333333333333 429 429 
0.5 0.14 0.8 476 476 
0.5 0.14 0.8066666666666666 465 465 
0.5 0.14 0.8133333333333334 467 467 
0.5 0.14 0.82 437 437 
0.5 0.14 0.8266666666666667 438 438 
0.5 0.14 0.8333333333333334 469 469 
0.5 0.14 0.84 497 497 
0.5 0.14 0.8466666666666667 447 447 
0.5 0.14 0.8533333333333334 461 461 
0.5 0.14 0.86 455 455 
0.5 0.14 0.8666666666666667 453 453 
0.5 0.14 0.8733333333333333 460 460 
0.5 0.14 0.88 490 490 
0.5 0.14 0.8866666666666667 476 476 
0.5 0.14 0.8933333333333333 473 473 
0.5 0.14 0.9 471 471 
0.5 0.14 0.9066666666666666 478 478 
0.5 0.14 0.9133333333333333 429 429 
0.5 0.14 0.92 451 451 
0.5 0.14 0.9266666666666666 468 468 
0.5 0.14 0.9333333333333333 411 411 
0.5 0.14 0.94 462 462 
0.5 0.14 0.9466666666666667 459 459 
0.5 0.14 0.9533333333333334 433 433 
0.5 0.14 0.96 431 431 
0.5 0.14 0.9666666666666667 455 455 
0.5 0.14 0.9733333333333334 456 456 
0.5 0.14 0.98 440 440 
0.5 0.14 0.9866666666666667 555 555 
0.5 0.14 0.9933333333333333 0 0 
0.5 0.14666666666666667 0.0 0 0 
0.5 0.14666666666666667 0.006666666666666667 530 530 
0.5 0.14666666666666667 0.013333333333333334 493 493 
0.5 0.14666666666666667 0.02 473 473 
0.5 0.14666666666666667 0.02666666666666667 454 454 
0.5 0.14666666666666667 0.03333333333333333 467 467 
0.5 0.14666666666666667 0.04 473 473 
0.5 0.14666666666666667 0.04666666666666667 484 484 
0.5 0.14666666666666667 0.05333333333333334 470 470 
0.5 0.14666666666666667 0.06 474 474 
0.5 0.14666666666666667 0.06666666666666667 476 476 
0.5 0.14666666666666667 0.07333333333333333 497 497 
0.5 0.14666666666666667 0.08 479 479 
0.5 0.14666666666666667 0.08666666666666667 474 474 
0.5 0.14666666666666667 0.09333333333333334 449 449 
0.5 0.14666666666666667 0.1 488 488 
0.5 0.14666666666666667 0.10666666666666667 484 484 
0.5 0.14666666666666667 0.11333333333333333 485 485 
0.5 0.14666666666666667 0.12 497 497 
0.5 0.14666666666666667 0.12666666666666668 432 432 
0.5 0.14666666666666667 0.13333333333333333 508 508 
0.5 0.14666666666666667 0.14 476 476 
0.5 0.14666666666666667 0.14666666666666667 466 466 
0.5 0.14666666666666667 0.15333333333333332 468 468 
0.5 0.14666666666666667 0.16 489 489 
0.5 0.14666666666666667 0.16666666666666666 478 478 
0.5 0.14666666666666667 0.17333333333333334 478 478 
0.5 0.14666666666666667 0.18 436 436 
0.5 0.14666666666666667 0.18666666666666668 440 440 
0.5 0.14666666666666667 0.19333333333333333 443 443 
0.5 0.14666666666666667 0.2 451 451 
0.5 0.14666666666666667 0.20666666666666667 467 467 
0.5 0.14666666666666667 0.21333333333333335 457 457 
0.5 0.14666666666666667 0.22 456 456 
0.5 0.14666666666666667 0.22666666666666666 442 442 
0.5 0.14666666666666667 0.23333333333333334 418 418 
0.5 0.14666666666666667 0.24 476 476 
0.5 0.14666666666666667 0.24666666666666667 473 473 
0.5 0.14666666666666667 0.25333333333333335 466 466 
0.5 0.14666666666666667 0.26 500 500 
0.5 0.14666666666666667 0.26666666666666666 445 445 
0.5 0.14666666666666667 0.2733333333333333 468 468 
0.5 0.14666666666666667 0.28 439 439 
0.5 0.14666666666666667 0.2866666666666667 468 468 
0.5 0.14666666666666667 0.29333333333333333 478 478 
0.5 0.14666666666666667 0.3 468 468 
0.5 0.14666666666666667 0.30666666666666664 500 500 
0.5 0.14666666666666667 0.31333333333333335 532 532 
0.5 0.14666666666666667 0.32 461 461 
0.5 0.14666666666666667 0.32666666666666666 523 523 
0.5 0.14666666666666667 0.3333333333333333 453 453 
0.5 0.14666666666666667 0.34 483 483 
0.5 0.14666666666666667 0.3466666666666667 512 512 
0.5 0.14666666666666667 0.35333333333333333 467 467 
0.5 0.14666666666666667 0.36 461 461 
0.5 0.14666666666666667 0.36666666666666664 467 467 
0.5 0.14666666666666667 0.37333333333333335 438 438 
0.5 0.14666666666666667 0.38 460 460 
0.5 0.14666666666666667 0.38666666666666666 480 480 
0.5 0.14666666666666667 0.3933333333333333 470 470 
0.5 0.14666666666666667 0.4 481 481 
0.5 0.14666666666666667 0.4066666666666667 454 454 
0.5 0.14666666666666667 0.41333333333333333 468 468 
0.5 0.14666666666666667 0.42 484 484 
0.5 0.14666666666666667 0.4266666666666667 416 416 
0.5 0.14666666666666667 0.43333333333333335 469 469 
0.5 0.14666666666666667 0.44 473 473 
0.5 0.14666666666666667 0.44666666666666666 491 491 
0.5 0.14666666666666667 0.4533333333333333 480 480 
0.5 0.14666666666666667 0.46 465 465 
0.5 0.14666666666666667 0.4666666666666667 500 500 
0.5 0.14666666666666667 0.47333333333333333 443 443 
0.5 0.14666666666666667 0.48 464 464 
0.5 0.14666666666666667 0.4866666666666667 483 483 
0.5 0.14666666666666667 0.49333333333333335 470 470 
0.5 0.14666666666666667 0.5 453 453 
0.5 0.14666666666666667 0.5066666666666667 472 472 
0.5 0.14666666666666667 0.5133333333333333 448 448 
0.5 0.14666666666666667 0.52 469 469 
0.5 0.14666666666666667 0.5266666666666666 475 475 
0.5 0.14666666666666667 0.5333333333333333 487 487 
0.5 0.14666666666666667 0.54 452 452 
0.5 0.14666666666666667 0.5466666666666666 450 450 
0.5 0.14666666666666667 0.5533333333333333 430 430 
0.5 0.14666666666666667 0.56 429 429 
0.5 0.14666666666666667 0.5666666666666667 487 487 
0.5 0.14666666666666667 0.5733333333333334 465 465 
0.5 0.14666666666666667 0.58 465 465 
0.5 0.14666666666666667 0.5866666666666667 446 446 
0.5 0.14666666666666667 0.5933333333333334 462 462 
0.5 0.14666666666666667 0.6 447 447 
0.5 0.14666666666666667 0.6066666666666667 440 440 
0.5 0.14666666666666667 0.6133333333333333 448 448 
0.5 0.14666666666666667 0.62 472 472 
0.5 0.14666666666666667 0.6266666666666667 486 486 
0.5 0.14666666666666667 0.6333333333333333 487 487 
0.5 0.14666666666666667 0.64 459 459 
0.5 0.14666666666666667 0.6466666666666666 458 458 
0.5 0.14666666666666667 0.6533333333333333 511 511 
0.5 0.14666666666666667 0.66 484 484 
0.5 0.14666666666666667 0.6666666666666666 481 481 
0.5 0.14666666666666667 0.6733333333333333 467 467 
0.5 0.14666666666666667 0.68 468 468 
0.5 0.14666666666666667 0.6866666666666666 459 459 
0.5 0.14666666666666667 0.6933333333333334 484 484 
0.5 0.14666666666666667 0.7 460 460 
0.5 0.14666666666666667 0.7066666666666667 421 421 
0.5 0.14666666666666667 0.7133333333333334 439 439 
0.5 0.14666666666666667 0.72 472 472 
0.5 0.14666666666666667 0.7266666666666667 481 481 
0.5 0.14666666666666667 0.7333333333333333 452 452 
0.5 0.14666666666666667 0.74 501 501 
0.5 0.14666666666666667 0.7466666666666667 459 459 
0.5 0.14666666666666667 0.7533333333333333 448 448 
0.5 0.14666666666666667 0.76 436 436 
0.5 0.14666666666666667 0.7666666666666667 462 462 
0.5 0.14666666666666667 0.7733333333333333 435 435 
0.5 0.14666666666666667 0.78 397 397 
0.5 0.14666666666666667 0.7866666666666666 434 434 
0.5 0.14666666666666667 0.7933333333333333 423 423 
0.5 0.14666666666666667 0.8 477 477 
0.5 0.14666666666666667 0.8066666666666666 443 443 
0.5 0.14666666666666667 0.8133333333333334 438 438 
0.5 0.14666666666666667 0.82 490 490 
0.5 0.14666666666666667 0.8266666666666667 435 435 
0.5 0.14666666666666667 0.8333333333333334 478 478 
0.5 0.14666666666666667 0.84 455 455 
0.5 0.14666666666666667 0.8466666666666667 460 460 
0.5 0.14666666666666667 0.8533333333333334 489 489 
0.5 0.14666666666666667 0.86 498 498 
0.5 0.14666666666666667 0.8666666666666667 447 447 
0.5 0.14666666666666667 0.8733333333333333 480 480 
0.5 0.14666666666666667 0.88 455 455 
0.5 0.14666666666666667 0.8866666666666667 507 507 
0.5 0.14666666666666667 0.8933333333333333 469 469 
0.5 0.14666666666666667 0.9 465 465 
0.5 0.14666666666666667 0.9066666666666666 481 481 
0.5 0.14666666666666667 0.9133333333333333 458 458 
0.5 0.14666666666666667 0.92 466 466 
0.5 0.14666666666666667 0.9266666666666666 442 442 
0.5 0.14666666666666667 0.9333333333333333 456 456 
0.5 0.14666666666666667 0.94 452 452 
0.5 0.14666666666666667 0.9466666666666667 446 446 
0.5 0.14666666666666667 0.9533333333333334 437 437 
0.5 0.14666666666666667 0.96 457 457 
0.5 0.14666666666666667 0.9666666666666667 465 465 
0.5 0.14666666666666667 0.9733333333333334 477 477 
0.5 0.14666666666666667 0.98 498 498 
0.5 0.14666666666666667 0.9866666666666667 558 558 
0.5 0.14666666666666667 0.9933333333333333 0 0 
0.5 0.15333333333333332 0.0 0 0 
0.5 0.15333333333333332 0.006666666666666667 580 580 
0.5 0.15333333333333332 0.013333333333333334 508 508 
0.5 0.15333333333333332 0.02 440 440 
0.5 0.15333333333333332 0.02666666666666667 457 457 
0.5 0.15333333333333332 0.03333333333333333 438 438 
0.5 0.15333333333333332 0.04 413 413 
0.5 0.15333333333333332 0.04666666666666667 453 453 
0.5 0.15333333333333332 0.05333333333333334 472 472 
0.5 0.15333333333333332 0.06 467 467 
0.5 0.15333333333333332 0.06666666666666667 448 448 
0.5 0.15333333333333332 0.07333333333333333 484 484 
0.5 0.15333333333333332 0.08 449 449 
0.5 0.15333333333333332 0.08666666666666667 466 466 
0.5 0.15333333333333332 0.09333333333333334 473 473 
0.5 0.15333333333333332 0.1 440 440 
0.5 0.15333333333333332 0.10666666666666667 505 505 
0.5 0.15333333333333332 0.11333333333333333 458 458 
0.5 0.15333333333333332 0.12 473 473 
0.5 0.15333333333333332 0.12666666666666668 478 478 
0.5 0.15333333333333332 0.13333333333333333 470 470 
0.5 0.15333333333333332 0.14 431 431 
0.5 0.15333333333333332 0.14666666666666667 474 474 
0.5 0.15333333333333332 0.15333333333333332 460 460 
0.5 0.15333333333333332 0.16 466 466 
0.5 0.15333333333333332 0.16666666666666666 452 452 
0.5 0.15333333333333332 0.17333333333333334 478 478 
0.5 0.15333333333333332 0.18 452 452 
0.5 0.15333333333333332 0.18666666666666668 419 419 
0.5 0.15333333333333332 0.19333333333333333 451 451 
0.5 0.15333333333333332 0.2 448 448 
0.5 0.15333333333333332 0.20666666666666667 449 449 
0.5 0.15333333333333332 0.21333333333333335 456 456 
0.5 0.15333333333333332 0.22 462 462 
0.5 0.15333333333333332 0.22666666666666666 454 454 
0.5 0.15333333333333332 0.23333333333333334 492 492 
0.5 0.15333333333333332 0.24 472 472 
0.5 0.15333333333333332 0.24666666666666667 416 416 
0.5 0.15333333333333332 0.25333333333333335 468 468 
0.5 0.15333333333333332 0.26 442 442 
0.5 0.15333333333333332 0.26666666666666666 460 460 
0.5 0.15333333333333332 0.2733333333333333 444 444 
0.5 0.15333333333333332 0.28 433 433 
0.5 0.15333333333333332 0.2866666666666667 473 473 
0.5 0.15333333333333332 0.29333333333333333 463 463 
0.5 0.15333333333333332 0.3 491 491 
0.5 0.15333333333333332 0.30666666666666664 468 468 
0.5 0.15333333333333332 0.31333333333333335 487 487 
0.5 0.15333333333333332 0.32 464 464 
0.5 0.15333333333333332 0.32666666666666666 489 489 
0.5 0.15333333333333332 0.3333333333333333 436 436 
0.5 0.15333333333333332 0.34 475 475 
0.5 0.15333333333333332 0.3466666666666667 445 445 
0.5 0.15333333333333332 0.35333333333333333 458 458 
0.5 0.15333333333333332 0.36 455 455 
0.5 0.15333333333333332 0.36666666666666664 480 480 
0.5 0.15333333333333332 0.37333333333333335 484 484 
0.5 0.15333333333333332 0.38 445 445 
0.5 0.15333333333333332 0.38666666666666666 438 438 
0.5 0.15333333333333332 0.3933333333333333 457 457 
0.5 0.15333333333333332 0.4 401 401 
0.5 0.15333333333333332 0.4066666666666667 443 443 
0.5 0.15333333333333332 0.41333333333333333 472 472 
0.5 0.15333333333333332 0.42 444 444 
0.5 0.15333333333333332 0.4266666666666667 479 479 
0.5 0.15333333333333332 0.43333333333333335 466 466 
0.5 0.15333333333333332 0.44 462 462 
0.5 0.15333333333333332 0.44666666666666666 421 421 
0.5 0.15333333333333332 0.4533333333333333 471 471 
0.5 0.15333333333333332 0.46 478 478 
0.5 0.15333333333333332 0.4666666666666667 454 454 
0.5 0.15333333333333332 0.47333333333333333 465 465 
0.5 0.15333333333333332 0.48 420 420 
0.5 0.15333333333333332 0.4866666666666667 438 438 
0.5 0.15333333333333332 0.49333333333333335 443 443 
0.5 0.15333333333333332 0.5 434 434 
0.5 0.15333333333333332 0.5066666666666667 454 454 
0.5 0.15333333333333332 0.5133333333333333 444 444 
0.5 0.15333333333333332 0.52 465 465 
0.5 0.15333333333333332 0.5266666666666666 453 453 
0.5 0.15333333333333332 0.5333333333333333 463 463 
0.5 0.15333333333333332 0.54 464 464 
0.5 0.15333333333333332 0.5466666666666666 512 512 
0.5 0.15333333333333332 0.5533333333333333 468 468 
0.5 0.15333333333333332 0.56 455 455 
0.5 0.15333333333333332 0.5666666666666667 445 445 
0.5 0.15333333333333332 0.5733333333333334 497 497 
0.5 0.15333333333333332 0.58 482 482 
0.5 0.15333333333333332 0.5866666666666667 469 469 
0.5 0.15333333333333332 0.5933333333333334 456 456 
0.5 0.15333333333333332 0.6 435 435 
0.5 0.15333333333333332 0.6066666666666667 451 451 
0.5 0.15333333333333332 0.6133333333333333 424 424 
0.5 0.15333333333333332 0.62 467 467 
0.5 0.15333333333333332 0.6266666666666667 473 473 
0.5 0.15333333333333332 0.6333333333333333 471 471 
0.5 0.15333333333333332 0.64 472 472 
0.5 0.15333333333333332 0.6466666666666666 483 483 
0.5 0.15333333333333332 0.6533333333333333 456 456 
0.5 0.15333333333333332 0.66 496 496 
0.5 0.15333333333333332 0.6666666666666666 457 457 
0.5 0.15333333333333332 0.6733333333333333 486 486 
0.5 0.15333333333333332 0.68 438 438 
0.5 0.15333333333333332 0.6866666666666666 464 464 
0.5 0.15333333333333332 0.6933333333333334 474 474 
0.5 0.15333333333333332 0.7 447 447 
0.5 0.15333333333333332 0.7066666666666667 468 468 
0.5 0.15333333333333332 0.7133333333333334 474 474 
0.5 0.15333333333333332 0.72 433 433 
0.5 0.15333333333333332 0.7266666666666667 445 445 
0.5 0.15333333333333332 0.7333333333333333 474 474 
0.5 0.15333333333333332 0.74 513 513 
0.5 0.15333333333333332 0.7466666666666667 501 501 
0.5 0.15333333333333332 0.7533333333333333 469 469 
0.5 0.15333333333333332 0.76 474 474 
0.5 0.15333333333333332 0.7666666666666667 458 458 
0.5 0.15333333333333332 0.7733333333333333 459 459 
0.5 0.15333333333333332 0.78 426 426 
0.5 0.15333333333333332 0.7866666666666666 451 451 
0.5 0.15333333333333332 0.7933333333333333 443 443 
0.5 0.15333333333333332 0.8 417 417 
0.5 0.15333333333333332 0.8066666666666666 439 439 
0.5 0.15333333333333332 0.8133333333333334 419 419 
0.5 0.15333333333333332 0.82 457 457 
0.5 0.15333333333333332 0.8266666666666667 447 447 
0.5 0.15333333333333332 0.8333333333333334 491 491 
0.5 0.15333333333333332 0.84 439 439 
0.5 0.15333333333333332 0.8466666666666667 484 484 
0.5 0.15333333333333332 0.8533333333333334 482 482 
0.5 0.15333333333333332 0.86 446 446 
0.5 0.15333333333333332 0.8666666666666667 464 464 
0.5 0.15333333333333332 0.8733333333333333 473 473 
0.5 0.15333333333333332 0.88 473 473 
0.5 0.15333333333333332 0.8866666666666667 445 445 
0.5 0.15333333333333332 0.8933333333333333 443 443 
0.5 0.15333333333333332 0.9 444 444 
0.5 0.15333333333333332 0.9066666666666666 484 484 
0.5 0.15333333333333332 0.9133333333333333 444 444 
0.5 0.15333333333333332 0.92 452 452 
0.5 0.15333333333333332 0.9266666666666666 478 478 
0.5 0.15333333333333332 0.9333333333333333 462 462 
0.5 0.15333333333333332 0.94 452 452 
0.5 0.15333333333333332 0.9466666666666667 467 467 
0.5 0.15333333333333332 0.9533333333333334 467 467 
0.5 0.15333333333333332 0.96 498 498 
0.5 0.15333333333333332 0.9666666666666667 480 480 
0.5 0.15333333333333332 0.9733333333333334 497 497 
0.5 0.15333333333333332 0.98 486 486 
0.5 0.15333333333333332 0.9866666666666667 584 584 
0.5 0.15333333333333332 0.9933333333333333 0 0 
0.5 0.16 0.0 0 0 
0.5 0.16 0.006666666666666667 547 547 
0.5 0.16 0.013333333333333334 439 439 
0.5 0.16 0.02 463 463 
0.5 0.16 0.02666666666666667 495 495 
0.5 0.16 0.03333333333333333 466 466 
0.5 0.16 0.04 464 464 
0.5 0.16 0.04666666666666667 449 449 
0.5 0.16 0.05333333333333334 440 440 
0.5 0.16 0.06 460 460 
0.5 0.16 0.06666666666666667 455 455 
0.5 0.16 0.07333333333333333 440 440 
0.5 0.16 0.08 430 430 
0.5 0.16 0.08666666666666667 466 466 
0.5 0.16 0.09333333333333334 439 439 
0.5 0.16 0.1 460 460 
0.5 0.16 0.10666666666666667 450 450 
0.5 0.16 0.11333333333333333 502 502 
0.5 0.16 0.12 439 439 
0.5 0.16 0.12666666666666668 469 469 
0.5 0.16 0.13333333333333333 463 463 
0.5 0.16 0.14 483 483 
0.5 0.16 0.14666666666666667 440 440 
0.5 0.16 0.15333333333333332 462 462 
0.5 0.16 0.16 459 459 
0.5 0.16 0.16666666666666666 486 486 
0.5 0.16 0.17333333333333334 438 438 
0.5 0.16 0.18 439 439 
0.5 0.16 0.18666666666666668 463 463 
0.5 0.16 0.19333333333333333 479 479 
0.5 0.16 0.2 465 465 
0.5 0.16 0.20666666666666667 438 438 
0.5 0.16 0.21333333333333335 498 498 
0.5 0.16 0.22 464 464 
0.5 0.16 0.22666666666666666 482 482 
0.5 0.16 0.23333333333333334 420 420 
0.5 0.16 0.24 465 465 
0.5 0.16 0.24666666666666667 420 420 
0.5 0.16 0.25333333333333335 458 458 
0.5 0.16 0.26 475 475 
0.5 0.16 0.26666666666666666 498 498 
0.5 0.16 0.2733333333333333 460 460 
0.5 0.16 0.28 471 471 
0.5 0.16 0.2866666666666667 452 452 
0.5 0.16 0.29333333333333333 444 444 
0.5 0.16 0.3 488 488 
0.5 0.16 0.30666666666666664 451 451 
0.5 0.16 0.31333333333333335 451 451 
0.5 0.16 0.32 449 449 
0.5 0.16 0.32666666666666666 448 448 
0.5 0.16 0.3333333333333333 476 476 
0.5 0.16 0.34 451 451 
0.5 0.16 0.3466666666666667 437 437 
0.5 0.16 0.35333333333333333 448 448 
0.5 0.16 0.36 399 399 
0.5 0.16 0.36666666666666664 436 436 
0.5 0.16 0.37333333333333335 463 463 
0.5 0.16 0.38 466 466 
0.5 0.16 0.38666666666666666 457 457 
0.5 0.16 0.3933333333333333 473 473 
0.5 0.16 0.4 464 464 
0.5 0.16 0.4066666666666667 443 443 
0.5 0.16 0.41333333333333333 502 502 
0.5 0.16 0.42 485 485 
0.5 0.16 0.4266666666666667 453 453 
0.5 0.16 0.43333333333333335 450 450 
0.5 0.16 0.44 482 482 
0.5 0.16 0.44666666666666666 461 461 
0.5 0.16 0.4533333333333333 458 458 
0.5 0.16 0.46 465 465 
0.5 0.16 0.4666666666666667 439 439 
0.5 0.16 0.47333333333333333 506 506 
0.5 0.16 0.48 448 448 
0.5 0.16 0.4866666666666667 419 419 
0.5 0.16 0.49333333333333335 436 436 
0.5 0.16 0.5 463 463 
0.5 0.16 0.5066666666666667 464 464 
0.5 0.16 0.5133333333333333 458 458 
0.5 0.16 0.52 434 434 
0.5 0.16 0.5266666666666666 478 478 
0.5 0.16 0.5333333333333333 451 451 
0.5 0.16 0.54 444 444 
0.5 0.16 0.5466666666666666 489 489 
0.5 0.16 0.5533333333333333 468 468 
0.5 0.16 0.56 478 478 
0.5 0.16 0.5666666666666667 470 470 
0.5 0.16 0.5733333333333334 502 502 
0.5 0.16 0.58 458 458 
0.5 0.16 0.5866666666666667 414 414 
0.5 0.16 0.5933333333333334 423 423 
0.5 0.16 0.6 456 456 
0.5 0.16 0.6066666666666667 473 473 
0.5 0.16 0.6133333333333333 444 444 
0.5 0.16 0.62 437 437 
0.5 0.16 0.6266666666666667 458 458 
0.5 0.16 0.6333333333333333 453 453 
0.5 0.16 0.64 474 474 
0.5 0.16 0.6466666666666666 422 422 
0.5 0.16 0.6533333333333333 464 464 
0.5 0.16 0.66 440 440 
0.5 0.16 0.6666666666666666 437 437 
0.5 0.16 0.6733333333333333 449 449 
0.5 0.16 0.68 441 441 
0.5 0.16 0.6866666666666666 464 464 
0.5 0.16 0.6933333333333334 469 469 
0.5 0.16 0.7 446 446 
0.5 0.16 0.7066666666666667 446 446 
0.5 0.16 0.7133333333333334 468 468 
0.5 0.16 0.72 451 451 
0.5 0.16 0.7266666666666667 460 460 
0.5 0.16 0.7333333333333333 466 466 
0.5 0.16 0.74 445 445 
0.5 0.16 0.7466666666666667 464 464 
0.5 0.16 0.7533333333333333 435 435 
0.5 0.16 0.76 478 478 
0.5 0.16 0.7666666666666667 440 440 
0.5 0.16 0.7733333333333333 461 461 
0.5 0.16 0.78 445 445 
0.5 0.16 0.7866666666666666 448 448 
0.5 0.16 0.7933333333333333 448 448 
0.5 0.16 0.8 420 420 
0.5 0.16 0.8066666666666666 429 429 
0.5 0.16 0.8133333333333334 460 460 
0.5 0.16 0.82 471 471 
0.5 0.16 0.8266666666666667 434 434 
0.5 0.16 0.8333333333333334 471 471 
0.5 0.16 0.84 460 460 
0.5 0.16 0.8466666666666667 433 433 
0.5 0.16 0.8533333333333334 445 445 
0.5 0.16 0.86 462 462 
0.5 0.16 0.8666666666666667 468 468 
0.5 0.16 0.8733333333333333 504 504 
0.5 0.16 0.88 483 483 
0.5 0.16 0.8866666666666667 440 440 
0.5 0.16 0.8933333333333333 430 430 
0.5 0.16 0.9 440 440 
0.5 0.16 0.9066666666666666 435 435 
0.5 0.16 0.9133333333333333 460 460 
0.5 0.16 0.92 425 425 
0.5 0.16 0.9266666666666666 461 461 
0.5 0.16 0.9333333333333333 451 451 
0.5 0.16 0.94 445 445 
0.5 0.16 0.9466666666666667 445 445 
0.5 0.16 0.9533333333333334 482 482 
0.5 0.16 0.96 480 480 
0.5 0.16 0.9666666666666667 441 441 
0.5 0.16 0.9733333333333334 472 472 
0.5 0.16 0.98 505 505 
0.5 0.16 0.9866666666666667 561 561 
0.5 0.16 0.9933333333333333 0 0 
0.5 0.16666666666666666 0.0 0 0 
0.5 0.16666666666666666 0.006666666666666667 567 567 
0.5 0.16666666666666666 0.013333333333333334 490 490 
0.5 0.16666666666666666 0.02 437 437 
0.5 0.16666666666666666 0.02666666666666667 487 487 
0.5 0.16666666666666666 0.03333333333333333 427 427 
0.5 0.16666666666666666 0.04 492 492 
0.5 0.16666666666666666 0.04666666666666667 481 481 
0.5 0.16666666666666666 0.05333333333333334 476 476 
0.5 0.16666666666666666 0.06 468 468 
0.5 0.16666666666666666 0.06666666666666667 464 464 
0.5 0.16666666666666666 0.07333333333333333 474 474 
0.5 0.16666666666666666 0.08 437 437 
0.5 0.16666666666666666 0.08666666666666667 424 424 
0.5 0.16666666666666666 0.09333333333333334 466 466 
0.5 0.16666666666666666 0.1 455 455 
0.5 0.16666666666666666 0.10666666666666667 469 469 
0.5 0.16666666666666666 0.11333333333333333 456 456 
0.5 0.16666666666666666 0.12 444 444 
0.5 0.16666666666666666 0.12666666666666668 446 446 
0.5 0.16666666666666666 0.13333333333333333 416 416 
0.5 0.16666666666666666 0.14 450 450 
0.5 0.16666666666666666 0.14666666666666667 398 398 
0.5 0.16666666666666666 0.15333333333333332 428 428 
0.5 0.16666666666666666 0.16 465 465 
0.5 0.16666666666666666 0.16666666666666666 416 416 
0.5 0.16666666666666666 0.17333333333333334 465 465 
0.5 0.16666666666666666 0.18 476 476 
0.5 0.16666666666666666 0.18666666666666668 460 460 
0.5 0.16666666666666666 0.19333333333333333 477 477 
0.5 0.16666666666666666 0.2 464 464 
0.5 0.16666666666666666 0.20666666666666667 464 464 
0.5 0.16666666666666666 0.21333333333333335 473 473 
0.5 0.16666666666666666 0.22 458 458 
0.5 0.16666666666666666 0.22666666666666666 467 467 
0.5 0.16666666666666666 0.23333333333333334 435 435 
0.5 0.16666666666666666 0.24 461 461 
0.5 0.16666666666666666 0.24666666666666667 464 464 
0.5 0.16666666666666666 0.25333333333333335 457 457 
0.5 0.16666666666666666 0.26 477 477 
0.5 0.16666666666666666 0.26666666666666666 454 454 
0.5 0.16666666666666666 0.2733333333333333 448 448 
0.5 0.16666666666666666 0.28 426 426 
0.5 0.16666666666666666 0.2866666666666667 440 440 
0.5 0.16666666666666666 0.29333333333333333 479 479 
0.5 0.16666666666666666 0.3 450 450 
0.5 0.16666666666666666 0.30666666666666664 466 466 
0.5 0.16666666666666666 0.31333333333333335 456 456 
0.5 0.16666666666666666 0.32 484 484 
0.5 0.16666666666666666 0.32666666666666666 466 466 
0.5 0.16666666666666666 0.3333333333333333 454 454 
0.5 0.16666666666666666 0.34 471 471 
0.5 0.16666666666666666 0.3466666666666667 455 455 
0.5 0.16666666666666666 0.35333333333333333 446 446 
0.5 0.16666666666666666 0.36 480 480 
0.5 0.16666666666666666 0.36666666666666664 421 421 
0.5 0.16666666666666666 0.37333333333333335 477 477 
0.5 0.16666666666666666 0.38 441 441 
0.5 0.16666666666666666 0.38666666666666666 462 462 
0.5 0.16666666666666666 0.3933333333333333 484 484 
0.5 0.16666666666666666 0.4 474 474 
0.5 0.16666666666666666 0.4066666666666667 488 488 
0.5 0.16666666666666666 0.41333333333333333 504 504 
0.5 0.16666666666666666 0.42 487 487 
0.5 0.16666666666666666 0.4266666666666667 453 453 
0.5 0.16666666666666666 0.43333333333333335 476 476 
0.5 0.16666666666666666 0.44 460 460 
0.5 0.16666666666666666 0.44666666666666666 460 460 
0.5 0.16666666666666666 0.4533333333333333 450 450 
0.5 0.16666666666666666 0.46 451 451 
0.5 0.16666666666666666 0.4666666666666667 464 464 
0.5 0.16666666666666666 0.47333333333333333 472 472 
0.5 0.16666666666666666 0.48 434 434 
0.5 0.16666666666666666 0.4866666666666667 487 487 
0.5 0.16666666666666666 0.49333333333333335 486 486 
0.5 0.16666666666666666 0.5 469 469 
0.5 0.16666666666666666 0.5066666666666667 482 482 
0.5 0.16666666666666666 0.5133333333333333 431 431 
0.5 0.16666666666666666 0.52 447 447 
0.5 0.16666666666666666 0.5266666666666666 442 442 
0.5 0.16666666666666666 0.5333333333333333 408 408 
0.5 0.16666666666666666 0.54 470 470 
0.5 0.16666666666666666 0.5466666666666666 450 450 
0.5 0.16666666666666666 0.5533333333333333 452 452 
0.5 0.16666666666666666 0.56 496 496 
0.5 0.16666666666666666 0.5666666666666667 478 478 
0.5 0.16666666666666666 0.5733333333333334 473 473 
0.5 0.16666666666666666 0.58 461 461 
0.5 0.16666666666666666 0.5866666666666667 485 485 
0.5 0.16666666666666666 0.5933333333333334 443 443 
0.5 0.16666666666666666 0.6 445 445 
0.5 0.16666666666666666 0.6066666666666667 490 490 
0.5 0.16666666666666666 0.6133333333333333 453 453 
0.5 0.16666666666666666 0.62 435 435 
0.5 0.16666666666666666 0.6266666666666667 464 464 
0.5 0.16666666666666666 0.6333333333333333 447 447 
0.5 0.16666666666666666 0.64 416 416 
0.5 0.16666666666666666 0.6466666666666666 452 452 
0.5 0.16666666666666666 0.6533333333333333 472 472 
0.5 0.16666666666666666 0.66 440 440 
0.5 0.16666666666666666 0.6666666666666666 499 499 
0.5 0.16666666666666666 0.6733333333333333 451 451 
0.5 0.16666666666666666 0.68 483 483 
0.5 0.16666666666666666 0.6866666666666666 459 459 
0.5 0.16666666666666666 0.6933333333333334 467 467 
0.5 0.16666666666666666 0.7 470 470 
0.5 0.16666666666666666 0.7066666666666667 463 463 
0.5 0.16666666666666666 0.7133333333333334 433 433 
0.5 0.16666666666666666 0.72 458 458 
0.5 0.16666666666666666 0.7266666666666667 456 456 
0.5 0.16666666666666666 0.7333333333333333 436 436 
0.5 0.16666666666666666 0.74 407 407 
0.5 0.16666666666666666 0.7466666666666667 428 428 
0.5 0.16666666666666666 0.7533333333333333 468 468 
0.5 0.16666666666666666 0.76 448 448 
0.5 0.16666666666666666 0.7666666666666667 432 432 
0.5 0.16666666666666666 0.7733333333333333 452 452 
0.5 0.16666666666666666 0.78 451 451 
0.5 0.16666666666666666 0.7866666666666666 460 460 
0.5 0.16666666666666666 0.7933333333333333 433 433 
0.5 0.16666666666666666 0.8 469 469 
0.5 0.16666666666666666 0.8066666666666666 432 432 
0.5 0.16666666666666666 0.8133333333333334 479 479 
0.5 0.16666666666666666 0.82 440 440 
0.5 0.16666666666666666 0.8266666666666667 447 447 
0.5 0.16666666666666666 0.8333333333333334 417 417 
0.5 0.16666666666666666 0.84 446 446 
0.5 0.16666666666666666 0.8466666666666667 470 470 
0.5 0.16666666666666666 0.8533333333333334 494 494 
0.5 0.16666666666666666 0.86 434 434 
0.5 0.16666666666666666 0.8666666666666667 438 438 
0.5 0.16666666666666666 0.8733333333333333 480 480 
0.5 0.16666666666666666 0.88 465 465 
0.5 0.16666666666666666 0.8866666666666667 456 456 
0.5 0.16666666666666666 0.8933333333333333 437 437 
0.5 0.16666666666666666 0.9 448 448 
0.5 0.16666666666666666 0.9066666666666666 417 417 
0.5 0.16666666666666666 0.9133333333333333 477 477 
0.5 0.16666666666666666 0.92 451 451 
0.5 0.16666666666666666 0.9266666666666666 439 439 
0.5 0.16666666666666666 0.9333333333333333 449 449 
0.5 0.16666666666666666 0.94 459 459 
0.5 0.16666666666666666 0.9466666666666667 445 445 
0.5 0.16666666666666666 0.9533333333333334 496 496 
0.5 0.16666666666666666 0.96 494 494 
0.5 0.16666666666666666 0.9666666666666667 422 422 
0.5 0.16666666666666666 0.9733333333333334 473 473 
0.5 0.16666666666666666 0.98 429 429 
0.5 0.16666666666666666 0.9866666666666667 585 585 
0.5 0.16666666666666666 0.9933333333333333 0 0 
0.5 0.17333333333333334 0.0 0 0 
0.5 0.17333333333333334 0.006666666666666667 598 598 
0.5 0.17333333333333334 0.013333333333333334 496 496 
0.5 0.17333333333333334 0.02 490 490 
0.5 0.17333333333333334 0.02666666666666667 466 466 
0.5 0.17333333333333334 0.03333333333333333 460 460 
0.5 0.17333333333333334 0.04 465 465 
0.5 0.17333333333333334 0.04666666666666667 436 436 
0.5 0.17333333333333334 0.05333333333333334 408 408 
0.5 0.17333333333333334 0.06 446 446 
0.5 0.17333333333333334 0.06666666666666667 484 484 
0.5 0.17333333333333334 0.07333333333333333 459 459 
0.5 0.17333333333333334 0.08 469 469 
0.5 0.17333333333333334 0.08666666666666667 446 446 
0.5 0.17333333333333334 0.09333333333333334 432 432 
0.5 0.17333333333333334 0.1 463 463 
0.5 0.17333333333333334 0.10666666666666667 448 448 
0.5 0.17333333333333334 0.11333333333333333 442 442 
0.5 0.17333333333333334 0.12 432 432 
0.5 0.17333333333333334 0.12666666666666668 453 453 
0.5 0.17333333333333334 0.13333333333333333 450 450 
0.5 0.17333333333333334 0.14 471 471 
0.5 0.17333333333333334 0.14666666666666667 409 409 
0.5 0.17333333333333334 0.15333333333333332 447 447 
0.5 0.17333333333333334 0.16 443 443 
0.5 0.17333333333333334 0.16666666666666666 423 423 
0.5 0.17333333333333334 0.17333333333333334 414 414 
0.5 0.17333333333333334 0.18 448 448 
0.5 0.17333333333333334 0.18666666666666668 476 476 
0.5 0.17333333333333334 0.19333333333333333 430 430 
0.5 0.17333333333333334 0.2 462 462 
0.5 0.17333333333333334 0.20666666666666667 527 527 
0.5 0.17333333333333334 0.21333333333333335 491 491 
0.5 0.17333333333333334 0.22 489 489 
0.5 0.17333333333333334 0.22666666666666666 469 469 
0.5 0.17333333333333334 0.23333333333333334 461 461 
0.5 0.17333333333333334 0.24 459 459 
0.5 0.17333333333333334 0.24666666666666667 470 470 
0.5 0.17333333333333334 0.25333333333333335 478 478 
0.5 0.17333333333333334 0.26 426 426 
0.5 0.17333333333333334 0.26666666666666666 446 446 
0.5 0.17333333333333334 0.2733333333333333 473 473 
0.5 0.17333333333333334 0.28 479 479 
0.5 0.17333333333333334 0.2866666666666667 458 458 
0.5 0.17333333333333334 0.29333333333333333 473 473 
0.5 0.17333333333333334 0.3 467 467 
0.5 0.17333333333333334 0.30666666666666664 447 447 
0.5 0.17333333333333334 0.31333333333333335 444 444 
0.5 0.17333333333333334 0.32 461 461 
0.5 0.17333333333333334 0.32666666666666666 453 453 
0.5 0.17333333333333334 0.3333333333333333 437 437 
0.5 0.17333333333333334 0.34 430 430 
0.5 0.17333333333333334 0.3466666666666667 464 464 
0.5 0.17333333333333334 0.35333333333333333 493 493 
0.5 0.17333333333333334 0.36 468 468 
0.5 0.17333333333333334 0.36666666666666664 456 456 
0.5 0.17333333333333334 0.37333333333333335 480 480 
0.5 0.17333333333333334 0.38 493 493 
0.5 0.17333333333333334 0.38666666666666666 506 506 
0.5 0.17333333333333334 0.3933333333333333 538 538 
0.5 0.17333333333333334 0.4 468 468 
0.5 0.17333333333333334 0.4066666666666667 476 476 
0.5 0.17333333333333334 0.41333333333333333 493 493 
0.5 0.17333333333333334 0.42 492 492 
0.5 0.17333333333333334 0.4266666666666667 492 492 
0.5 0.17333333333333334 0.43333333333333335 433 433 
0.5 0.17333333333333334 0.44 451 451 
0.5 0.17333333333333334 0.44666666666666666 482 482 
0.5 0.17333333333333334 0.4533333333333333 424 424 
0.5 0.17333333333333334 0.46 468 468 
0.5 0.17333333333333334 0.4666666666666667 460 460 
0.5 0.17333333333333334 0.47333333333333333 479 479 
0.5 0.17333333333333334 0.48 482 482 
0.5 0.17333333333333334 0.4866666666666667 494 494 
0.5 0.17333333333333334 0.49333333333333335 482 482 
0.5 0.17333333333333334 0.5 435 435 
0.5 0.17333333333333334 0.5066666666666667 448 448 
0.5 0.17333333333333334 0.5133333333333333 469 469 
0.5 0.17333333333333334 0.52 466 466 
0.5 0.17333333333333334 0.5266666666666666 421 421 
0.5 0.17333333333333334 0.5333333333333333 457 457 
0.5 0.17333333333333334 0.54 459 459 
0.5 0.17333333333333334 0.5466666666666666 450 450 
0.5 0.17333333333333334 0.5533333333333333 461 461 
0.5 0.17333333333333334 0.56 427 427 
0.5 0.17333333333333334 0.5666666666666667 534 534 
0.5 0.17333333333333334 0.5733333333333334 453 453 
0.5 0.17333333333333334 0.58 458 458 
0.5 0.17333333333333334 0.5866666666666667 454 454 
0.5 0.17333333333333334 0.5933333333333334 483 483 
0.5 0.17333333333333334 0.6 471 471 
0.5 0.17333333333333334 0.6066666666666667 464 464 
0.5 0.17333333333333334 0.6133333333333333 433 433 
0.5 0.17333333333333334 0.62 443 443 
0.5 0.17333333333333334 0.6266666666666667 435 435 
0.5 0.17333333333333334 0.6333333333333333 419 419 
0.5 0.17333333333333334 0.64 439 439 
0.5 0.17333333333333334 0.6466666666666666 427 427 
0.5 0.17333333333333334 0.6533333333333333 430 430 
0.5 0.17333333333333334 0.66 425 425 
0.5 0.17333333333333334 0.6666666666666666 449 449 
0.5 0.17333333333333334 0.6733333333333333 452 452 
0.5 0.17333333333333334 0.68 468 468 
0.5 0.17333333333333334 0.6866666666666666 458 458 
0.5 0.17333333333333334 0.6933333333333334 454 454 
0.5 0.17333333333333334 0.7 433 433 
0.5 0.17333333333333334 0.7066666666666667 446 446 
0.5 0.17333333333333334 0.7133333333333334 428 428 
0.5 0.17333333333333334 0.72 430 430 
0.5 0.17333333333333334 0.7266666666666667 437 437 
0.5 0.17333333333333334 0.7333333333333333 428 428 
0.5 0.17333333333333334 0.74 464 464 
0.5 0.17333333333333334 0.7466666666666667 446 446 
0.5 0.17333333333333334 0.7533333333333333 449 449 
0.5 0.17333333333333334 0.76 462 462 
0.5 0.17333333333333334 0.7666666666666667 476 476 
0.5 0.17333333333333334 0.7733333333333333 467 467 
0.5 0.17333333333333334 0.78 440 440 
0.5 0.17333333333333334 0.7866666666666666 447 447 
0.5 0.17333333333333334 0.7933333333333333 472 472 
0.5 0.17333333333333334 0.8 463 463 
0.5 0.17333333333333334 0.8066666666666666 469 469 
0.5 0.17333333333333334 0.8133333333333334 462 462 
0.5 0.17333333333333334 0.82 482 482 
0.5 0.17333333333333334 0.8266666666666667 451 451 
0.5 0.17333333333333334 0.8333333333333334 474 474 
0.5 0.17333333333333334 0.84 445 445 
0.5 0.17333333333333334 0.8466666666666667 441 441 
0.5 0.17333333333333334 0.8533333333333334 472 472 
0.5 0.17333333333333334 0.86 458 458 
0.5 0.17333333333333334 0.8666666666666667 443 443 
0.5 0.17333333333333334 0.8733333333333333 449 449 
0.5 0.17333333333333334 0.88 459 459 
0.5 0.17333333333333334 0.8866666666666667 475 475 
0.5 0.17333333333333334 0.8933333333333333 443 443 
0.5 0.17333333333333334 0.9 377 377 
0.5 0.17333333333333334 0.9066666666666666 429 429 
0.5 0.17333333333333334 0.9133333333333333 443 443 
0.5 0.17333333333333334 0.92 450 450 
0.5 0.17333333333333334 0.9266666666666666 438 438 
0.5 0.17333333333333334 0.9333333333333333 419 419 
0.5 0.17333333333333334 0.94 440 440 
0.5 0.17333333333333334 0.9466666666666667 457 457 
0.5 0.17333333333333334 0.9533333333333334 442 442 
0.5 0.17333333333333334 0.96 452 452 
0.5 0.17333333333333334 0.9666666666666667 468 468 
0.5 0.17333333333333334 0.9733333333333334 477 477 
0.5 0.17333333333333334 0.98 457 457 
0.5 0.17333333333333334 0.9866666666666667 578 578 
0.5 0.17333333333333334 0.9933333333333333 0 0 
0.5 0.18 0.0 0 0 
0.5 0.18 0.006666666666666667 559 559 
0.5 0.18 0.013333333333333334 476 476 
0.5 0.18 0.02 462 462 
0.5 0.18 0.02666666666666667 486 486 
0.5 0.18 0.03333333333333333 480 480 
0.5 0.18 0.04 445 445 
0.5 0.18 0.04666666666666667 431 431 
0.5 0.18 0.05333333333333334 411 411 
0.5 0.18 0.06 461 461 
0.5 0.18 0.06666666666666667 493 493 
0.5 0.18 0.07333333333333333 477 477 
0.5 0.18 0.08 479 479 
0.5 0.18 0.08666666666666667 500 500 
0.5 0.18 0.09333333333333334 431 431 
0.5 0.18 0.1 446 446 
0.5 0.18 0.10666666666666667 438 438 
0.5 0.18 0.11333333333333333 407 407 
0.5 0.18 0.12 420 420 
0.5 0.18 0.12666666666666668 465 465 
0.5 0.18 0.13333333333333333 471 471 
0.5 0.18 0.14 445 445 
0.5 0.18 0.14666666666666667 405 405 
0.5 0.18 0.15333333333333332 423 423 
0.5 0.18 0.16 489 489 
0.5 0.18 0.16666666666666666 457 457 
0.5 0.18 0.17333333333333334 443 443 
0.5 0.18 0.18 442 442 
0.5 0.18 0.18666666666666668 450 450 
0.5 0.18 0.19333333333333333 456 456 
0.5 0.18 0.2 460 460 
0.5 0.18 0.20666666666666667 471 471 
0.5 0.18 0.21333333333333335 467 467 
0.5 0.18 0.22 451 451 
0.5 0.18 0.22666666666666666 453 453 
0.5 0.18 0.23333333333333334 448 448 
0.5 0.18 0.24 430 430 
0.5 0.18 0.24666666666666667 425 425 
0.5 0.18 0.25333333333333335 461 461 
0.5 0.18 0.26 450 450 
0.5 0.18 0.26666666666666666 428 428 
0.5 0.18 0.2733333333333333 503 503 
0.5 0.18 0.28 440 440 
0.5 0.18 0.2866666666666667 476 476 
0.5 0.18 0.29333333333333333 427 427 
0.5 0.18 0.3 407 407 
0.5 0.18 0.30666666666666664 445 445 
0.5 0.18 0.31333333333333335 446 446 
0.5 0.18 0.32 452 452 
0.5 0.18 0.32666666666666666 435 435 
0.5 0.18 0.3333333333333333 464 464 
0.5 0.18 0.34 440 440 
0.5 0.18 0.3466666666666667 444 444 
0.5 0.18 0.35333333333333333 425 425 
0.5 0.18 0.36 488 488 
0.5 0.18 0.36666666666666664 475 475 
0.5 0.18 0.37333333333333335 451 451 
0.5 0.18 0.38 479 479 
0.5 0.18 0.38666666666666666 505 505 
0.5 0.18 0.3933333333333333 489 489 
0.5 0.18 0.4 478 478 
0.5 0.18 0.4066666666666667 460 460 
0.5 0.18 0.41333333333333333 491 491 
0.5 0.18 0.42 468 468 
0.5 0.18 0.4266666666666667 495 495 
0.5 0.18 0.43333333333333335 457 457 
0.5 0.18 0.44 424 424 
0.5 0.18 0.44666666666666666 436 436 
0.5 0.18 0.4533333333333333 474 474 
0.5 0.18 0.46 461 461 
0.5 0.18 0.4666666666666667 459 459 
0.5 0.18 0.47333333333333333 479 479 
0.5 0.18 0.48 465 465 
0.5 0.18 0.4866666666666667 479 479 
0.5 0.18 0.49333333333333335 456 456 
0.5 0.18 0.5 460 460 
0.5 0.18 0.5066666666666667 461 461 
0.5 0.18 0.5133333333333333 468 468 
0.5 0.18 0.52 436 436 
0.5 0.18 0.5266666666666666 422 422 
0.5 0.18 0.5333333333333333 484 484 
0.5 0.18 0.54 440 440 
0.5 0.18 0.5466666666666666 456 456 
0.5 0.18 0.5533333333333333 480 480 
0.5 0.18 0.56 434 434 
0.5 0.18 0.5666666666666667 441 441 
0.5 0.18 0.5733333333333334 446 446 
0.5 0.18 0.58 446 446 
0.5 0.18 0.5866666666666667 459 459 
0.5 0.18 0.5933333333333334 440 440 
0.5 0.18 0.6 481 481 
0.5 0.18 0.6066666666666667 451 451 
0.5 0.18 0.6133333333333333 447 447 
0.5 0.18 0.62 472 472 
0.5 0.18 0.6266666666666667 448 448 
0.5 0.18 0.6333333333333333 428 428 
0.5 0.18 0.64 448 448 
0.5 0.18 0.6466666666666666 394 394 
0.5 0.18 0.6533333333333333 418 418 
0.5 0.18 0.66 478 478 
0.5 0.18 0.6666666666666666 463 463 
0.5 0.18 0.6733333333333333 437 437 
0.5 0.18 0.68 461 461 
0.5 0.18 0.6866666666666666 466 466 
0.5 0.18 0.6933333333333334 445 445 
0.5 0.18 0.7 460 460 
0.5 0.18 0.7066666666666667 474 474 
0.5 0.18 0.7133333333333334 474 474 
0.5 0.18 0.72 475 475 
0.5 0.18 0.7266666666666667 451 451 
0.5 0.18 0.7333333333333333 399 399 
0.5 0.18 0.74 459 459 
0.5 0.18 0.7466666666666667 442 442 
0.5 0.18 0.7533333333333333 415 415 
0.5 0.18 0.76 494 494 
0.5 0.18 0.7666666666666667 475 475 
0.5 0.18 0.7733333333333333 465 465 
0.5 0.18 0.78 461 461 
0.5 0.18 0.7866666666666666 453 453 
0.5 0.18 0.7933333333333333 474 474 
0.5 0.18 0.8 468 468 
0.5 0.18 0.8066666666666666 450 450 
0.5 0.18 0.8133333333333334 425 425 
0.5 0.18 0.82 485 485 
0.5 0.18 0.8266666666666667 474 474 
0.5 0.18 0.8333333333333334 455 455 
0.5 0.18 0.84 449 449 
0.5 0.18 0.8466666666666667 461 461 
0.5 0.18 0.8533333333333334 473 473 
0.5 0.18 0.86 460 460 
0.5 0.18 0.8666666666666667 447 447 
0.5 0.18 0.8733333333333333 434 434 
0.5 0.18 0.88 433 433 
0.5 0.18 0.8866666666666667 485 485 
0.5 0.18 0.8933333333333333 466 466 
0.5 0.18 0.9 458 458 
0.5 0.18 0.9066666666666666 472 472 
0.5 0.18 0.9133333333333333 481 481 
0.5 0.18 0.92 472 472 
0.5 0.18 0.9266666666666666 470 470 
0.5 0.18 0.9333333333333333 457 457 
0.5 0.18 0.94 456 456 
0.5 0.18 0.9466666666666667 454 454 
0.5 0.18 0.9533333333333334 444 444 
0.5 0.18 0.96 459 459 
0.5 0.18 0.9666666666666667 465 465 
0.5 0.18 0.9733333333333334 438 438 
0.5 0.18 0.98 466 466 
0.5 0.18 0.9866666666666667 517 517 
0.5 0.18 0.9933333333333333 0 0 
0.5 0.18666666666666668 0.0 0 0 
0.5 0.18666666666666668 0.006666666666666667 561 561 
0.5 0.18666666666666668 0.013333333333333334 514 514 
0.5 0.18666666666666668 0.02 440 440 
0.5 0.18666666666666668 0.02666666666666667 442 442 
0.5 0.18666666666666668 0.03333333333333333 464 464 
0.5 0.18666666666666668 0.04 485 485 
0.5 0.18666666666666668 0.04666666666666667 435 435 
0.5 0.18666666666666668 0.05333333333333334 442 442 
0.5 0.18666666666666668 0.06 436 436 
0.5 0.18666666666666668 0.06666666666666667 448 448 
0.5 0.18666666666666668 0.07333333333333333 450 450 
0.5 0.18666666666666668 0.08 485 485 
0.5 0.18666666666666668 0.08666666666666667 419 419 
0.5 0.18666666666666668 0.09333333333333334 431 431 
0.5 0.18666666666666668 0.1 416 416 
0.5 0.18666666666666668 0.10666666666666667 446 446 
0.5 0.18666666666666668 0.11333333333333333 485 485 
0.5 0.18666666666666668 0.12 422 422 
0.5 0.18666666666666668 0.12666666666666668 443 443 
0.5 0.18666666666666668 0.13333333333333333 435 435 
0.5 0.18666666666666668 0.14 448 448 
0.5 0.18666666666666668 0.14666666666666667 428 428 
0.5 0.18666666666666668 0.15333333333333332 449 449 
0.5 0.18666666666666668 0.16 468 468 
0.5 0.18666666666666668 0.16666666666666666 427 427 
0.5 0.18666666666666668 0.17333333333333334 420 420 
0.5 0.18666666666666668 0.18 451 451 
0.5 0.18666666666666668 0.18666666666666668 480 480 
0.5 0.18666666666666668 0.19333333333333333 402 402 
0.5 0.18666666666666668 0.2 461 461 
0.5 0.18666666666666668 0.20666666666666667 407 407 
0.5 0.18666666666666668 0.21333333333333335 461 461 
0.5 0.18666666666666668 0.22 430 430 
0.5 0.18666666666666668 0.22666666666666666 417 417 
0.5 0.18666666666666668 0.23333333333333334 426 426 
0.5 0.18666666666666668 0.24 434 434 
0.5 0.18666666666666668 0.24666666666666667 406 406 
0.5 0.18666666666666668 0.25333333333333335 421 421 
0.5 0.18666666666666668 0.26 423 423 
0.5 0.18666666666666668 0.26666666666666666 467 467 
0.5 0.18666666666666668 0.2733333333333333 448 448 
0.5 0.18666666666666668 0.28 405 405 
0.5 0.18666666666666668 0.2866666666666667 432 432 
0.5 0.18666666666666668 0.29333333333333333 431 431 
0.5 0.18666666666666668 0.3 405 405 
0.5 0.18666666666666668 0.30666666666666664 438 438 
0.5 0.18666666666666668 0.31333333333333335 444 444 
0.5 0.18666666666666668 0.32 463 463 
0.5 0.18666666666666668 0.32666666666666666 458 458 
0.5 0.18666666666666668 0.3333333333333333 390 390 
0.5 0.18666666666666668 0.34 429 429 
0.5 0.18666666666666668 0.3466666666666667 427 427 
0.5 0.18666666666666668 0.35333333333333333 461 461 
0.5 0.18666666666666668 0.36 428 428 
0.5 0.18666666666666668 0.36666666666666664 457 457 
0.5 0.18666666666666668 0.37333333333333335 490 490 
0.5 0.18666666666666668 0.38 452 452 
0.5 0.18666666666666668 0.38666666666666666 462 462 
0.5 0.18666666666666668 0.3933333333333333 501 501 
0.5 0.18666666666666668 0.4 487 487 
0.5 0.18666666666666668 0.4066666666666667 464 464 
0.5 0.18666666666666668 0.41333333333333333 466 466 
0.5 0.18666666666666668 0.42 440 440 
0.5 0.18666666666666668 0.4266666666666667 455 455 
0.5 0.18666666666666668 0.43333333333333335 411 411 
0.5 0.18666666666666668 0.44 456 456 
0.5 0.18666666666666668 0.44666666666666666 428 428 
0.5 0.18666666666666668 0.4533333333333333 448 448 
0.5 0.18666666666666668 0.46 441 441 
0.5 0.18666666666666668 0.4666666666666667 427 427 
0.5 0.18666666666666668 0.47333333333333333 422 422 
0.5 0.18666666666666668 0.48 456 456 
0.5 0.18666666666666668 0.4866666666666667 424 424 
0.5 0.18666666666666668 0.49333333333333335 477 477 
0.5 0.18666666666666668 0.5 477 477 
0.5 0.18666666666666668 0.5066666666666667 456 456 
0.5 0.18666666666666668 0.5133333333333333 420 420 
0.5 0.18666666666666668 0.52 465 465 
0.5 0.18666666666666668 0.5266666666666666 490 490 
0.5 0.18666666666666668 0.5333333333333333 422 422 
0.5 0.18666666666666668 0.54 443 443 
0.5 0.18666666666666668 0.5466666666666666 443 443 
0.5 0.18666666666666668 0.5533333333333333 440 440 
0.5 0.18666666666666668 0.56 463 463 
0.5 0.18666666666666668 0.5666666666666667 438 438 
0.5 0.18666666666666668 0.5733333333333334 445 445 
0.5 0.18666666666666668 0.58 484 484 
0.5 0.18666666666666668 0.5866666666666667 474 474 
0.5 0.18666666666666668 0.5933333333333334 449 449 
0.5 0.18666666666666668 0.6 486 486 
0.5 0.18666666666666668 0.6066666666666667 436 436 
0.5 0.18666666666666668 0.6133333333333333 444 444 
0.5 0.18666666666666668 0.62 469 469 
0.5 0.18666666666666668 0.6266666666666667 444 444 
0.5 0.18666666666666668 0.6333333333333333 381 381 
0.5 0.18666666666666668 0.64 467 467 
0.5 0.18666666666666668 0.6466666666666666 432 432 
0.5 0.18666666666666668 0.6533333333333333 442 442 
0.5 0.18666666666666668 0.66 425 425 
0.5 0.18666666666666668 0.6666666666666666 463 463 
0.5 0.18666666666666668 0.6733333333333333 473 473 
0.5 0.18666666666666668 0.68 446 446 
0.5 0.18666666666666668 0.6866666666666666 492 492 
0.5 0.18666666666666668 0.6933333333333334 463 463 
0.5 0.18666666666666668 0.7 452 452 
0.5 0.18666666666666668 0.7066666666666667 443 443 
0.5 0.18666666666666668 0.7133333333333334 437 437 
0.5 0.18666666666666668 0.72 440 440 
0.5 0.18666666666666668 0.7266666666666667 486 486 
0.5 0.18666666666666668 0.7333333333333333 433 433 
0.5 0.18666666666666668 0.74 437 437 
0.5 0.18666666666666668 0.7466666666666667 423 423 
0.5 0.18666666666666668 0.7533333333333333 424 424 
0.5 0.18666666666666668 0.76 464 464 
0.5 0.18666666666666668 0.7666666666666667 464 464 
0.5 0.18666666666666668 0.7733333333333333 454 454 
0.5 0.18666666666666668 0.78 475 475 
0.5 0.18666666666666668 0.7866666666666666 473 473 
0.5 0.18666666666666668 0.7933333333333333 438 438 
0.5 0.18666666666666668 0.8 465 465 
0.5 0.18666666666666668 0.8066666666666666 442 442 
0.5 0.18666666666666668 0.8133333333333334 478 478 
0.5 0.18666666666666668 0.82 432 432 
0.5 0.18666666666666668 0.8266666666666667 433 433 
0.5 0.18666666666666668 0.8333333333333334 420 420 
0.5 0.18666666666666668 0.84 453 453 
0.5 0.18666666666666668 0.8466666666666667 471 471 
0.5 0.18666666666666668 0.8533333333333334 453 453 
0.5 0.18666666666666668 0.86 446 446 
0.5 0.18666666666666668 0.8666666666666667 435 435 
0.5 0.18666666666666668 0.8733333333333333 480 480 
0.5 0.18666666666666668 0.88 487 487 
0.5 0.18666666666666668 0.8866666666666667 437 437 
0.5 0.18666666666666668 0.8933333333333333 483 483 
0.5 0.18666666666666668 0.9 468 468 
0.5 0.18666666666666668 0.9066666666666666 473 473 
0.5 0.18666666666666668 0.9133333333333333 456 456 
0.5 0.18666666666666668 0.92 469 469 
0.5 0.18666666666666668 0.9266666666666666 472 472 
0.5 0.18666666666666668 0.9333333333333333 474 474 
0.5 0.18666666666666668 0.94 441 441 
0.5 0.18666666666666668 0.9466666666666667 470 470 
0.5 0.18666666666666668 0.9533333333333334 483 483 
0.5 0.18666666666666668 0.96 436 436 
0.5 0.18666666666666668 0.9666666666666667 476 476 
0.5 0.18666666666666668 0.9733333333333334 441 441 
0.5 0.18666666666666668 0.98 460 460 
0.5 0.18666666666666668 0.9866666666666667 521 521 
0.5 0.18666666666666668 0.9933333333333333 0 0 
0.5 0.19333333333333333 0.0 0 0 
0.5 0.19333333333333333 0.006666666666666667 508 508 
0.5 0.19333333333333333 0.013333333333333334 483 483 
0.5 0.19333333333333333 0.02 445 445 
0.5 0.19333333333333333 0.02666666666666667 428 428 
0.5 0.19333333333333333 0.03333333333333333 464 464 
0.5 0.19333333333333333 0.04 472 472 
0.5 0.19333333333333333 0.04666666666666667 482 482 
0.5 0.19333333333333333 0.05333333333333334 463 463 
0.5 0.19333333333333333 0.06 447 447 
0.5 0.19333333333333333 0.06666666666666667 478 478 
0.5 0.19333333333333333 0.07333333333333333 465 465 
0.5 0.19333333333333333 0.08 448 448 
0.5 0.19333333333333333 0.08666666666666667 420 420 
0.5 0.19333333333333333 0.09333333333333334 436 436 
0.5 0.19333333333333333 0.1 439 439 
0.5 0.19333333333333333 0.10666666666666667 434 434 
0.5 0.19333333333333333 0.11333333333333333 411 411 
0.5 0.19333333333333333 0.12 413 413 
0.5 0.19333333333333333 0.12666666666666668 470 470 
0.5 0.19333333333333333 0.13333333333333333 466 466 
0.5 0.19333333333333333 0.14 430 430 
0.5 0.19333333333333333 0.14666666666666667 416 416 
0.5 0.19333333333333333 0.15333333333333332 481 481 
0.5 0.19333333333333333 0.16 455 455 
0.5 0.19333333333333333 0.16666666666666666 450 450 
0.5 0.19333333333333333 0.17333333333333334 481 481 
0.5 0.19333333333333333 0.18 451 451 
0.5 0.19333333333333333 0.18666666666666668 440 440 
0.5 0.19333333333333333 0.19333333333333333 467 467 
0.5 0.19333333333333333 0.2 412 412 
0.5 0.19333333333333333 0.20666666666666667 484 484 
0.5 0.19333333333333333 0.21333333333333335 456 456 
0.5 0.19333333333333333 0.22 443 443 
0.5 0.19333333333333333 0.22666666666666666 482 482 
0.5 0.19333333333333333 0.23333333333333334 460 460 
0.5 0.19333333333333333 0.24 462 462 
0.5 0.19333333333333333 0.24666666666666667 439 439 
0.5 0.19333333333333333 0.25333333333333335 457 457 
0.5 0.19333333333333333 0.26 416 416 
0.5 0.19333333333333333 0.26666666666666666 428 428 
0.5 0.19333333333333333 0.2733333333333333 452 452 
0.5 0.19333333333333333 0.28 426 426 
0.5 0.19333333333333333 0.2866666666666667 419 419 
0.5 0.19333333333333333 0.29333333333333333 440 440 
0.5 0.19333333333333333 0.3 456 456 
0.5 0.19333333333333333 0.30666666666666664 418 418 
0.5 0.19333333333333333 0.31333333333333335 374 374 
0.5 0.19333333333333333 0.32 463 463 
0.5 0.19333333333333333 0.32666666666666666 441 441 
0.5 0.19333333333333333 0.3333333333333333 439 439 
0.5 0.19333333333333333 0.34 439 439 
0.5 0.19333333333333333 0.3466666666666667 471 471 
0.5 0.19333333333333333 0.35333333333333333 434 434 
0.5 0.19333333333333333 0.36 498 498 
0.5 0.19333333333333333 0.36666666666666664 474 474 
0.5 0.19333333333333333 0.37333333333333335 449 449 
0.5 0.19333333333333333 0.38 477 477 
0.5 0.19333333333333333 0.38666666666666666 428 428 
0.5 0.19333333333333333 0.3933333333333333 444 444 
0.5 0.19333333333333333 0.4 444 444 
0.5 0.19333333333333333 0.4066666666666667 401 401 
0.5 0.19333333333333333 0.41333333333333333 439 439 
0.5 0.19333333333333333 0.42 424 424 
0.5 0.19333333333333333 0.4266666666666667 447 447 
0.5 0.19333333333333333 0.43333333333333335 426 426 
0.5 0.19333333333333333 0.44 435 435 
0.5 0.19333333333333333 0.44666666666666666 429 429 
0.5 0.19333333333333333 0.4533333333333333 473 473 
0.5 0.19333333333333333 0.46 446 446 
0.5 0.19333333333333333 0.4666666666666667 451 451 
0.5 0.19333333333333333 0.47333333333333333 464 464 
0.5 0.19333333333333333 0.48 403 403 
0.5 0.19333333333333333 0.4866666666666667 459 459 
0.5 0.19333333333333333 0.49333333333333335 481 481 
0.5 0.19333333333333333 0.5 452 452 
0.5 0.19333333333333333 0.5066666666666667 442 442 
0.5 0.19333333333333333 0.5133333333333333 428 428 
0.5 0.19333333333333333 0.52 454 454 
0.5 0.19333333333333333 0.5266666666666666 453 453 
0.5 0.19333333333333333 0.5333333333333333 448 448 
0.5 0.19333333333333333 0.54 442 442 
0.5 0.19333333333333333 0.5466666666666666 452 452 
0.5 0.19333333333333333 0.5533333333333333 489 489 
0.5 0.19333333333333333 0.56 430 430 
0.5 0.19333333333333333 0.5666666666666667 446 446 
0.5 0.19333333333333333 0.5733333333333334 431 431 
0.5 0.19333333333333333 0.58 475 475 
0.5 0.19333333333333333 0.5866666666666667 497 497 
0.5 0.19333333333333333 0.5933333333333334 463 463 
0.5 0.19333333333333333 0.6 464 464 
0.5 0.19333333333333333 0.6066666666666667 453 453 
0.5 0.19333333333333333 0.6133333333333333 471 471 
0.5 0.19333333333333333 0.62 442 442 
0.5 0.19333333333333333 0.6266666666666667 463 463 
0.5 0.19333333333333333 0.6333333333333333 450 450 
0.5 0.19333333333333333 0.64 456 456 
0.5 0.19333333333333333 0.6466666666666666 424 424 
0.5 0.19333333333333333 0.6533333333333333 447 447 
0.5 0.19333333333333333 0.66 500 500 
0.5 0.19333333333333333 0.6666666666666666 444 444 
0.5 0.19333333333333333 0.6733333333333333 473 473 
0.5 0.19333333333333333 0.68 432 432 
0.5 0.19333333333333333 0.6866666666666666 441 441 
0.5 0.19333333333333333 0.6933333333333334 461 461 
0.5 0.19333333333333333 0.7 453 453 
0.5 0.19333333333333333 0.7066666666666667 444 444 
0.5 0.19333333333333333 0.7133333333333334 443 443 
0.5 0.19333333333333333 0.72 412 412 
0.5 0.19333333333333333 0.7266666666666667 472 472 
0.5 0.19333333333333333 0.7333333333333333 439 439 
0.5 0.19333333333333333 0.74 418 418 
0.5 0.19333333333333333 0.7466666666666667 461 461 
0.5 0.19333333333333333 0.7533333333333333 460 460 
0.5 0.19333333333333333 0.76 460 460 
0.5 0.19333333333333333 0.7666666666666667 453 453 
0.5 0.19333333333333333 0.7733333333333333 454 454 
0.5 0.19333333333333333 0.78 508 508 
0.5 0.19333333333333333 0.7866666666666666 435 435 
0.5 0.19333333333333333 0.7933333333333333 489 489 
0.5 0.19333333333333333 0.8 462 462 
0.5 0.19333333333333333 0.8066666666666666 446 446 
0.5 0.19333333333333333 0.8133333333333334 469 469 
0.5 0.19333333333333333 0.82 452 452 
0.5 0.19333333333333333 0.8266666666666667 421 421 
0.5 0.19333333333333333 0.8333333333333334 426 426 
0.5 0.19333333333333333 0.84 400 400 
0.5 0.19333333333333333 0.8466666666666667 496 496 
0.5 0.19333333333333333 0.8533333333333334 475 475 
0.5 0.19333333333333333 0.86 423 423 
0.5 0.19333333333333333 0.8666666666666667 431 431 
0.5 0.19333333333333333 0.8733333333333333 442 442 
0.5 0.19333333333333333 0.88 457 457 
0.5 0.19333333333333333 0.8866666666666667 482 482 
0.5 0.19333333333333333 0.8933333333333333 452 452 
0.5 0.19333333333333333 0.9 428 428 
0.5 0.19333333333333333 0.9066666666666666 471 471 
0.5 0.19333333333333333 0.9133333333333333 499 499 
0.5 0.19333333333333333 0.92 470 470 
0.5 0.19333333333333333 0.9266666666666666 455 455 
0.5 0.19333333333333333 0.9333333333333333 453 453 
0.5 0.19333333333333333 0.94 477 477 
0.5 0.19333333333333333 0.9466666666666667 430 430 
0.5 0.19333333333333333 0.9533333333333334 467 467 
0.5 0.19333333333333333 0.96 462 462 
0.5 0.19333333333333333 0.9666666666666667 435 435 
0.5 0.19333333333333333 0.9733333333333334 426 426 
0.5 0.19333333333333333 0.98 449 449 
0.5 0.19333333333333333 0.9866666666666667 548 548 
0.5 0.19333333333333333 0.9933333333333333 0 0 
0.5 0.2 0.0 0 0 
0.5 0.2 0.006666666666666667 554 554 
0.5 0.2 0.013333333333333334 463 463 
0.5 0.2 0.02 474 474 
0.5 0.2 0.02666666666666667 447 447 
0.5 0.2 0.03333333333333333 409 409 
0.5 0.2 0.04 478 478 
0.5 0.2 0.04666666666666667 452 452 
0.5 0.2 0.05333333333333334 461 461 
0.5 0.2 0.06 435 435 
0.5 0.2 0.06666666666666667 444 444 
0.5 0.2 0.07333333333333333 442 442 
0.5 0.2 0.08 465 465 
0.5 0.2 0.08666666666666667 465 465 
0.5 0.2 0.09333333333333334 441 441 
0.5 0.2 0.1 443 443 
0.5 0.2 0.10666666666666667 467 467 
0.5 0.2 0.11333333333333333 466 466 
0.5 0.2 0.12 447 447 
0.5 0.2 0.12666666666666668 458 458 
0.5 0.2 0.13333333333333333 414 414 
0.5 0.2 0.14 425 425 
0.5 0.2 0.14666666666666667 470 470 
0.5 0.2 0.15333333333333332 455 455 
0.5 0.2 0.16 478 478 
0.5 0.2 0.16666666666666666 464 464 
0.5 0.2 0.17333333333333334 472 472 
0.5 0.2 0.18 471 471 
0.5 0.2 0.18666666666666668 473 473 
0.5 0.2 0.19333333333333333 399 399 
0.5 0.2 0.2 471 471 
0.5 0.2 0.20666666666666667 426 426 
0.5 0.2 0.21333333333333335 413 413 
0.5 0.2 0.22 432 432 
0.5 0.2 0.22666666666666666 434 434 
0.5 0.2 0.23333333333333334 435 435 
0.5 0.2 0.24 461 461 
0.5 0.2 0.24666666666666667 456 456 
0.5 0.2 0.25333333333333335 444 444 
0.5 0.2 0.26 433 433 
0.5 0.2 0.26666666666666666 444 444 
0.5 0.2 0.2733333333333333 411 411 
0.5 0.2 0.28 452 452 
0.5 0.2 0.2866666666666667 427 427 
0.5 0.2 0.29333333333333333 464 464 
0.5 0.2 0.3 459 459 
0.5 0.2 0.30666666666666664 454 454 
0.5 0.2 0.31333333333333335 468 468 
0.5 0.2 0.32 430 430 
0.5 0.2 0.32666666666666666 468 468 
0.5 0.2 0.3333333333333333 427 427 
0.5 0.2 0.34 467 467 
0.5 0.2 0.3466666666666667 465 465 
0.5 0.2 0.35333333333333333 483 483 
0.5 0.2 0.36 481 481 
0.5 0.2 0.36666666666666664 462 462 
0.5 0.2 0.37333333333333335 480 480 
0.5 0.2 0.38 430 430 
0.5 0.2 0.38666666666666666 453 453 
0.5 0.2 0.3933333333333333 458 458 
0.5 0.2 0.4 436 436 
0.5 0.2 0.4066666666666667 455 455 
0.5 0.2 0.41333333333333333 435 435 
0.5 0.2 0.42 397 397 
0.5 0.2 0.4266666666666667 440 440 
0.5 0.2 0.43333333333333335 409 409 
0.5 0.2 0.44 424 424 
0.5 0.2 0.44666666666666666 469 469 
0.5 0.2 0.4533333333333333 442 442 
0.5 0.2 0.46 459 459 
0.5 0.2 0.4666666666666667 400 400 
0.5 0.2 0.47333333333333333 474 474 
0.5 0.2 0.48 433 433 
0.5 0.2 0.4866666666666667 430 430 
0.5 0.2 0.49333333333333335 465 465 
0.5 0.2 0.5 453 453 
0.5 0.2 0.5066666666666667 435 435 
0.5 0.2 0.5133333333333333 458 458 
0.5 0.2 0.52 476 476 
0.5 0.2 0.5266666666666666 426 426 
0.5 0.2 0.5333333333333333 459 459 
0.5 0.2 0.54 447 447 
0.5 0.2 0.5466666666666666 492 492 
0.5 0.2 0.5533333333333333 444 444 
0.5 0.2 0.56 458 458 
0.5 0.2 0.5666666666666667 465 465 
0.5 0.2 0.5733333333333334 473 473 
0.5 0.2 0.58 460 460 
0.5 0.2 0.5866666666666667 414 414 
0.5 0.2 0.5933333333333334 495 495 
0.5 0.2 0.6 466 466 
0.5 0.2 0.6066666666666667 454 454 
0.5 0.2 0.6133333333333333 473 473 
0.5 0.2 0.62 483 483 
0.5 0.2 0.6266666666666667 493 493 
0.5 0.2 0.6333333333333333 476 476 
0.5 0.2 0.64 466 466 
0.5 0.2 0.6466666666666666 465 465 
0.5 0.2 0.6533333333333333 469 469 
0.5 0.2 0.66 433 433 
0.5 0.2 0.6666666666666666 453 453 
0.5 0.2 0.6733333333333333 433 433 
0.5 0.2 0.68 448 448 
0.5 0.2 0.6866666666666666 471 471 
0.5 0.2 0.6933333333333334 474 474 
0.5 0.2 0.7 471 471 
0.5 0.2 0.7066666666666667 461 461 
0.5 0.2 0.7133333333333334 453 453 
0.5 0.2 0.72 482 482 
0.5 0.2 0.7266666666666667 444 444 
0.5 0.2 0.7333333333333333 480 480 
0.5 0.2 0.74 432 432 
0.5 0.2 0.7466666666666667 475 475 
0.5 0.2 0.7533333333333333 468 468 
0.5 0.2 0.76 466 466 
0.5 0.2 0.7666666666666667 499 499 
0.5 0.2 0.7733333333333333 446 446 
0.5 0.2 0.78 456 456 
0.5 0.2 0.7866666666666666 495 495 
0.5 0.2 0.7933333333333333 456 456 
0.5 0.2 0.8 443 443 
0.5 0.2 0.8066666666666666 455 455 
0.5 0.2 0.8133333333333334 433 433 
0.5 0.2 0.82 455 455 
0.5 0.2 0.8266666666666667 467 467 
0.5 0.2 0.8333333333333334 503 503 
0.5 0.2 0.84 495 495 
0.5 0.2 0.8466666666666667 439 439 
0.5 0.2 0.8533333333333334 447 447 
0.5 0.2 0.86 453 453 
0.5 0.2 0.8666666666666667 463 463 
0.5 0.2 0.8733333333333333 460 460 
0.5 0.2 0.88 428 428 
0.5 0.2 0.8866666666666667 425 425 
0.5 0.2 0.8933333333333333 476 476 
0.5 0.2 0.9 447 447 
0.5 0.2 0.9066666666666666 481 481 
0.5 0.2 0.9133333333333333 441 441 
0.5 0.2 0.92 478 478 
0.5 0.2 0.9266666666666666 446 446 
0.5 0.2 0.9333333333333333 443 443 
0.5 0.2 0.94 442 442 
0.5 0.2 0.9466666666666667 436 436 
0.5 0.2 0.9533333333333334 403 403 
0.5 0.2 0.96 425 425 
0.5 0.2 0.9666666666666667 434 434 
0.5 0.2 0.9733333333333334 433 433 
0.5 0.2 0.98 440 440 
0.5 0.2 0.9866666666666667 563 563 
0.5 0.2 0.9933333333333333 0 0 
0.5 0.20666666666666667 0.0 0 0 
0.5 0.20666666666666667 0.006666666666666667 556 556 
0.5 0.20666666666666667 0.013333333333333334 467 467 
0.5 0.20666666666666667 0.02 448 448 
0.5 0.20666666666666667 0.02666666666666667 502 502 
0.5 0.20666666666666667 0.03333333333333333 460 460 
0.5 0.20666666666666667 0.04 482 482 
0.5 0.20666666666666667 0.04666666666666667 475 475 
0.5 0.20666666666666667 0.05333333333333334 426 426 
0.5 0.20666666666666667 0.06 455 455 
0.5 0.20666666666666667 0.06666666666666667 426 426 
0.5 0.20666666666666667 0.07333333333333333 460 460 
0.5 0.20666666666666667 0.08 433 433 
0.5 0.20666666666666667 0.08666666666666667 480 480 
0.5 0.20666666666666667 0.09333333333333334 480 480 
0.5 0.20666666666666667 0.1 468 468 
0.5 0.20666666666666667 0.10666666666666667 476 476 
0.5 0.20666666666666667 0.11333333333333333 462 462 
0.5 0.20666666666666667 0.12 465 465 
0.5 0.20666666666666667 0.12666666666666668 491 491 
0.5 0.20666666666666667 0.13333333333333333 519 519 
0.5 0.20666666666666667 0.14 482 482 
0.5 0.20666666666666667 0.14666666666666667 470 470 
0.5 0.20666666666666667 0.15333333333333332 434 434 
0.5 0.20666666666666667 0.16 438 438 
0.5 0.20666666666666667 0.16666666666666666 460 460 
0.5 0.20666666666666667 0.17333333333333334 460 460 
0.5 0.20666666666666667 0.18 442 442 
0.5 0.20666666666666667 0.18666666666666668 433 433 
0.5 0.20666666666666667 0.19333333333333333 395 395 
0.5 0.20666666666666667 0.2 431 431 
0.5 0.20666666666666667 0.20666666666666667 418 418 
0.5 0.20666666666666667 0.21333333333333335 423 423 
0.5 0.20666666666666667 0.22 429 429 
0.5 0.20666666666666667 0.22666666666666666 473 473 
0.5 0.20666666666666667 0.23333333333333334 485 485 
0.5 0.20666666666666667 0.24 437 437 
0.5 0.20666666666666667 0.24666666666666667 457 457 
0.5 0.20666666666666667 0.25333333333333335 476 476 
0.5 0.20666666666666667 0.26 473 473 
0.5 0.20666666666666667 0.26666666666666666 475 475 
0.5 0.20666666666666667 0.2733333333333333 459 459 
0.5 0.20666666666666667 0.28 429 429 
0.5 0.20666666666666667 0.2866666666666667 490 490 
0.5 0.20666666666666667 0.29333333333333333 445 445 
0.5 0.20666666666666667 0.3 476 476 
0.5 0.20666666666666667 0.30666666666666664 428 428 
0.5 0.20666666666666667 0.31333333333333335 456 456 
0.5 0.20666666666666667 0.32 465 465 
0.5 0.20666666666666667 0.32666666666666666 490 490 
0.5 0.20666666666666667 0.3333333333333333 457 457 
0.5 0.20666666666666667 0.34 449 449 
0.5 0.20666666666666667 0.3466666666666667 480 480 
0.5 0.20666666666666667 0.35333333333333333 463 463 
0.5 0.20666666666666667 0.36 498 498 
0.5 0.20666666666666667 0.36666666666666664 466 466 
0.5 0.20666666666666667 0.37333333333333335 399 399 
0.5 0.20666666666666667 0.38 423 423 
0.5 0.20666666666666667 0.38666666666666666 440 440 
0.5 0.20666666666666667 0.3933333333333333 423 423 
0.5 0.20666666666666667 0.4 433 433 
0.5 0.20666666666666667 0.4066666666666667 438 438 
0.5 0.20666666666666667 0.41333333333333333 456 456 
0.5 0.20666666666666667 0.42 445 445 
0.5 0.20666666666666667 0.4266666666666667 447 447 
0.5 0.20666666666666667 0.43333333333333335 520 520 
0.5 0.20666666666666667 0.44 468 468 
0.5 0.20666666666666667 0.44666666666666666 453 453 
0.5 0.20666666666666667 0.4533333333333333 451 451 
0.5 0.20666666666666667 0.46 460 460 
0.5 0.20666666666666667 0.4666666666666667 453 453 
0.5 0.20666666666666667 0.47333333333333333 447 447 
0.5 0.20666666666666667 0.48 484 484 
0.5 0.20666666666666667 0.4866666666666667 436 436 
0.5 0.20666666666666667 0.49333333333333335 423 423 
0.5 0.20666666666666667 0.5 438 438 
0.5 0.20666666666666667 0.5066666666666667 467 467 
0.5 0.20666666666666667 0.5133333333333333 521 521 
0.5 0.20666666666666667 0.52 477 477 
0.5 0.20666666666666667 0.5266666666666666 442 442 
0.5 0.20666666666666667 0.5333333333333333 457 457 
0.5 0.20666666666666667 0.54 433 433 
0.5 0.20666666666666667 0.5466666666666666 471 471 
0.5 0.20666666666666667 0.5533333333333333 443 443 
0.5 0.20666666666666667 0.56 486 486 
0.5 0.20666666666666667 0.5666666666666667 476 476 
0.5 0.20666666666666667 0.5733333333333334 420 420 
0.5 0.20666666666666667 0.58 470 470 
0.5 0.20666666666666667 0.5866666666666667 465 465 
0.5 0.20666666666666667 0.5933333333333334 441 441 
0.5 0.20666666666666667 0.6 494 494 
0.5 0.20666666666666667 0.6066666666666667 483 483 
0.5 0.20666666666666667 0.6133333333333333 506 506 
0.5 0.20666666666666667 0.62 485 485 
0.5 0.20666666666666667 0.6266666666666667 483 483 
0.5 0.20666666666666667 0.6333333333333333 491 491 
0.5 0.20666666666666667 0.64 428 428 
0.5 0.20666666666666667 0.6466666666666666 459 459 
0.5 0.20666666666666667 0.6533333333333333 481 481 
0.5 0.20666666666666667 0.66 450 450 
0.5 0.20666666666666667 0.6666666666666666 497 497 
0.5 0.20666666666666667 0.6733333333333333 474 474 
0.5 0.20666666666666667 0.68 468 468 
0.5 0.20666666666666667 0.6866666666666666 453 453 
0.5 0.20666666666666667 0.6933333333333334 443 443 
0.5 0.20666666666666667 0.7 507 507 
0.5 0.20666666666666667 0.7066666666666667 466 466 
0.5 0.20666666666666667 0.7133333333333334 450 450 
0.5 0.20666666666666667 0.72 491 491 
0.5 0.20666666666666667 0.7266666666666667 435 435 
0.5 0.20666666666666667 0.7333333333333333 462 462 
0.5 0.20666666666666667 0.74 452 452 
0.5 0.20666666666666667 0.7466666666666667 448 448 
0.5 0.20666666666666667 0.7533333333333333 445 445 
0.5 0.20666666666666667 0.76 429 429 
0.5 0.20666666666666667 0.7666666666666667 480 480 
0.5 0.20666666666666667 0.7733333333333333 458 458 
0.5 0.20666666666666667 0.78 434 434 
0.5 0.20666666666666667 0.7866666666666666 453 453 
0.5 0.20666666666666667 0.7933333333333333 464 464 
0.5 0.20666666666666667 0.8 476 476 
0.5 0.20666666666666667 0.8066666666666666 463 463 
0.5 0.20666666666666667 0.8133333333333334 490 490 
0.5 0.20666666666666667 0.82 452 452 
0.5 0.20666666666666667 0.8266666666666667 478 478 
0.5 0.20666666666666667 0.8333333333333334 428 428 
0.5 0.20666666666666667 0.84 443 443 
0.5 0.20666666666666667 0.8466666666666667 427 427 
0.5 0.20666666666666667 0.8533333333333334 466 466 
0.5 0.20666666666666667 0.86 441 441 
0.5 0.20666666666666667 0.8666666666666667 454 454 
0.5 0.20666666666666667 0.8733333333333333 465 465 
0.5 0.20666666666666667 0.88 457 457 
0.5 0.20666666666666667 0.8866666666666667 434 434 
0.5 0.20666666666666667 0.8933333333333333 484 484 
0.5 0.20666666666666667 0.9 498 498 
0.5 0.20666666666666667 0.9066666666666666 467 467 
0.5 0.20666666666666667 0.9133333333333333 439 439 
0.5 0.20666666666666667 0.92 491 491 
0.5 0.20666666666666667 0.9266666666666666 448 448 
0.5 0.20666666666666667 0.9333333333333333 437 437 
0.5 0.20666666666666667 0.94 443 443 
0.5 0.20666666666666667 0.9466666666666667 473 473 
0.5 0.20666666666666667 0.9533333333333334 457 457 
0.5 0.20666666666666667 0.96 458 458 
0.5 0.20666666666666667 0.9666666666666667 442 442 
0.5 0.20666666666666667 0.9733333333333334 435 435 
0.5 0.20666666666666667 0.98 498 498 
0.5 0.20666666666666667 0.9866666666666667 560 560 
0.5 0.20666666666666667 0.9933333333333333 0 0 
0.5 0.21333333333333335 0.0 0 0 
0.5 0.21333333333333335 0.006666666666666667 531 531 
0.5 0.21333333333333335 0.013333333333333334 427 427 
0.5 0.21333333333333335 0.02 439 439 
0.5 0.21333333333333335 0.02666666666666667 431 431 
0.5 0.21333333333333335 0.03333333333333333 486 486 
0.5 0.21333333333333335 0.04 445 445 
0.5 0.21333333333333335 0.04666666666666667 446 446 
0.5 0.21333333333333335 0.05333333333333334 434 434 
0.5 0.21333333333333335 0.06 439 439 
0.5 0.21333333333333335 0.06666666666666667 450 450 
0.5 0.21333333333333335 0.07333333333333333 452 452 
0.5 0.21333333333333335 0.08 457 457 
0.5 0.21333333333333335 0.08666666666666667 436 436 
0.5 0.21333333333333335 0.09333333333333334 482 482 
0.5 0.21333333333333335 0.1 468 468 
0.5 0.21333333333333335 0.10666666666666667 447 447 
0.5 0.21333333333333335 0.11333333333333333 469 469 
0.5 0.21333333333333335 0.12 501 501 
0.5 0.21333333333333335 0.12666666666666668 491 491 
0.5 0.21333333333333335 0.13333333333333333 469 469 
0.5 0.21333333333333335 0.14 461 461 
0.5 0.21333333333333335 0.14666666666666667 450 450 
0.5 0.21333333333333335 0.15333333333333332 450 450 
0.5 0.21333333333333335 0.16 477 477 
0.5 0.21333333333333335 0.16666666666666666 444 444 
0.5 0.21333333333333335 0.17333333333333334 453 453 
0.5 0.21333333333333335 0.18 449 449 
0.5 0.21333333333333335 0.18666666666666668 442 442 
0.5 0.21333333333333335 0.19333333333333333 437 437 
0.5 0.21333333333333335 0.2 466 466 
0.5 0.21333333333333335 0.20666666666666667 440 440 
0.5 0.21333333333333335 0.21333333333333335 443 443 
0.5 0.21333333333333335 0.22 478 478 
0.5 0.21333333333333335 0.22666666666666666 465 465 
0.5 0.21333333333333335 0.23333333333333334 472 472 
0.5 0.21333333333333335 0.24 489 489 
0.5 0.21333333333333335 0.24666666666666667 447 447 
0.5 0.21333333333333335 0.25333333333333335 456 456 
0.5 0.21333333333333335 0.26 427 427 
0.5 0.21333333333333335 0.26666666666666666 454 454 
0.5 0.21333333333333335 0.2733333333333333 442 442 
0.5 0.21333333333333335 0.28 470 470 
0.5 0.21333333333333335 0.2866666666666667 477 477 
0.5 0.21333333333333335 0.29333333333333333 440 440 
0.5 0.21333333333333335 0.3 489 489 
0.5 0.21333333333333335 0.30666666666666664 447 447 
0.5 0.21333333333333335 0.31333333333333335 467 467 
0.5 0.21333333333333335 0.32 475 475 
0.5 0.21333333333333335 0.32666666666666666 445 445 
0.5 0.21333333333333335 0.3333333333333333 458 458 
0.5 0.21333333333333335 0.34 489 489 
0.5 0.21333333333333335 0.3466666666666667 443 443 
0.5 0.21333333333333335 0.35333333333333333 485 485 
0.5 0.21333333333333335 0.36 447 447 
0.5 0.21333333333333335 0.36666666666666664 434 434 
0.5 0.21333333333333335 0.37333333333333335 455 455 
0.5 0.21333333333333335 0.38 419 419 
0.5 0.21333333333333335 0.38666666666666666 446 446 
0.5 0.21333333333333335 0.3933333333333333 402 402 
0.5 0.21333333333333335 0.4 410 410 
0.5 0.21333333333333335 0.4066666666666667 428 428 
0.5 0.21333333333333335 0.41333333333333333 459 459 
0.5 0.21333333333333335 0.42 458 458 
0.5 0.21333333333333335 0.4266666666666667 436 436 
0.5 0.21333333333333335 0.43333333333333335 461 461 
0.5 0.21333333333333335 0.44 433 433 
0.5 0.21333333333333335 0.44666666666666666 491 491 
0.5 0.21333333333333335 0.4533333333333333 463 463 
0.5 0.21333333333333335 0.46 459 459 
0.5 0.21333333333333335 0.4666666666666667 430 430 
0.5 0.21333333333333335 0.47333333333333333 484 484 
0.5 0.21333333333333335 0.48 478 478 
0.5 0.21333333333333335 0.4866666666666667 445 445 
0.5 0.21333333333333335 0.49333333333333335 485 485 
0.5 0.21333333333333335 0.5 445 445 
0.5 0.21333333333333335 0.5066666666666667 466 466 
0.5 0.21333333333333335 0.5133333333333333 492 492 
0.5 0.21333333333333335 0.52 478 478 
0.5 0.21333333333333335 0.5266666666666666 464 464 
0.5 0.21333333333333335 0.5333333333333333 420 420 
0.5 0.21333333333333335 0.54 489 489 
0.5 0.21333333333333335 0.5466666666666666 448 448 
0.5 0.21333333333333335 0.5533333333333333 481 481 
0.5 0.21333333333333335 0.56 432 432 
0.5 0.21333333333333335 0.5666666666666667 455 455 
0.5 0.21333333333333335 0.5733333333333334 448 448 
0.5 0.21333333333333335 0.58 468 468 
0.5 0.21333333333333335 0.5866666666666667 441 441 
0.5 0.21333333333333335 0.5933333333333334 479 479 
0.5 0.21333333333333335 0.6 480 480 
0.5 0.21333333333333335 0.6066666666666667 476 476 
0.5 0.21333333333333335 0.6133333333333333 474 474 
0.5 0.21333333333333335 0.62 494 494 
0.5 0.21333333333333335 0.6266666666666667 486 486 
0.5 0.21333333333333335 0.6333333333333333 492 492 
0.5 0.21333333333333335 0.64 473 473 
0.5 0.21333333333333335 0.6466666666666666 471 471 
0.5 0.21333333333333335 0.6533333333333333 487 487 
0.5 0.21333333333333335 0.66 439 439 
0.5 0.21333333333333335 0.6666666666666666 432 432 
0.5 0.21333333333333335 0.6733333333333333 451 451 
0.5 0.21333333333333335 0.68 440 440 
0.5 0.21333333333333335 0.6866666666666666 425 425 
0.5 0.21333333333333335 0.6933333333333334 477 477 
0.5 0.21333333333333335 0.7 454 454 
0.5 0.21333333333333335 0.7066666666666667 462 462 
0.5 0.21333333333333335 0.7133333333333334 491 491 
0.5 0.21333333333333335 0.72 444 444 
0.5 0.21333333333333335 0.7266666666666667 472 472 
0.5 0.21333333333333335 0.7333333333333333 470 470 
0.5 0.21333333333333335 0.74 447 447 
0.5 0.21333333333333335 0.7466666666666667 444 444 
0.5 0.21333333333333335 0.7533333333333333 495 495 
0.5 0.21333333333333335 0.76 454 454 
0.5 0.21333333333333335 0.7666666666666667 476 476 
0.5 0.21333333333333335 0.7733333333333333 486 486 
0.5 0.21333333333333335 0.78 416 416 
0.5 0.21333333333333335 0.7866666666666666 435 435 
0.5 0.21333333333333335 0.7933333333333333 435 435 
0.5 0.21333333333333335 0.8 462 462 
0.5 0.21333333333333335 0.8066666666666666 461 461 
0.5 0.21333333333333335 0.8133333333333334 438 438 
0.5 0.21333333333333335 0.82 424 424 
0.5 0.21333333333333335 0.8266666666666667 474 474 
0.5 0.21333333333333335 0.8333333333333334 428 428 
0.5 0.21333333333333335 0.84 440 440 
0.5 0.21333333333333335 0.8466666666666667 443 443 
0.5 0.21333333333333335 0.8533333333333334 448 448 
0.5 0.21333333333333335 0.86 456 456 
0.5 0.21333333333333335 0.8666666666666667 470 470 
0.5 0.21333333333333335 0.8733333333333333 420 420 
0.5 0.21333333333333335 0.88 459 459 
0.5 0.21333333333333335 0.8866666666666667 448 448 
0.5 0.21333333333333335 0.8933333333333333 437 437 
0.5 0.21333333333333335 0.9 433 433 
0.5 0.21333333333333335 0.9066666666666666 454 454 
0.5 0.21333333333333335 0.9133333333333333 424 424 
0.5 0.21333333333333335 0.92 433 433 
0.5 0.21333333333333335 0.9266666666666666 442 442 
0.5 0.21333333333333335 0.9333333333333333 485 485 
0.5 0.21333333333333335 0.94 443 443 
0.5 0.21333333333333335 0.9466666666666667 430 430 
0.5 0.21333333333333335 0.9533333333333334 481 481 
0.5 0.21333333333333335 0.96 469 469 
0.5 0.21333333333333335 0.9666666666666667 452 452 
0.5 0.21333333333333335 0.9733333333333334 432 432 
0.5 0.21333333333333335 0.98 441 441 
0.5 0.21333333333333335 0.9866666666666667 554 554 
0.5 0.21333333333333335 0.9933333333333333 0 0 
0.5 0.22 0.0 0 0 
0.5 0.22 0.006666666666666667 562 562 
0.5 0.22 0.013333333333333334 419 419 
0.5 0.22 0.02 443 443 
0.5 0.22 0.02666666666666667 449 449 
0.5 0.22 0.03333333333333333 495 495 
0.5 0.22 0.04 481 481 
0.5 0.22 0.04666666666666667 488 488 
0.5 0.22 0.05333333333333334 453 453 
0.5 0.22 0.06 449 449 
0.5 0.22 0.06666666666666667 449 449 
0.5 0.22 0.07333333333333333 488 488 
0.5 0.22 0.08 462 462 
0.5 0.22 0.08666666666666667 433 433 
0.5 0.22 0.09333333333333334 456 456 
0.5 0.22 0.1 440 440 
0.5 0.22 0.10666666666666667 449 449 
0.5 0.22 0.11333333333333333 469 469 
0.5 0.22 0.12 512 512 
0.5 0.22 0.12666666666666668 429 429 
0.5 0.22 0.13333333333333333 461 461 
0.5 0.22 0.14 459 459 
0.5 0.22 0.14666666666666667 388 388 
0.5 0.22 0.15333333333333332 457 457 
0.5 0.22 0.16 464 464 
0.5 0.22 0.16666666666666666 463 463 
0.5 0.22 0.17333333333333334 439 439 
0.5 0.22 0.18 470 470 
0.5 0.22 0.18666666666666668 434 434 
0.5 0.22 0.19333333333333333 430 430 
0.5 0.22 0.2 440 440 
0.5 0.22 0.20666666666666667 433 433 
0.5 0.22 0.21333333333333335 427 427 
0.5 0.22 0.22 436 436 
0.5 0.22 0.22666666666666666 437 437 
0.5 0.22 0.23333333333333334 449 449 
0.5 0.22 0.24 506 506 
0.5 0.22 0.24666666666666667 462 462 
0.5 0.22 0.25333333333333335 429 429 
0.5 0.22 0.26 448 448 
0.5 0.22 0.26666666666666666 437 437 
0.5 0.22 0.2733333333333333 468 468 
0.5 0.22 0.28 467 467 
0.5 0.22 0.2866666666666667 431 431 
0.5 0.22 0.29333333333333333 497 497 
0.5 0.22 0.3 465 465 
0.5 0.22 0.30666666666666664 485 485 
0.5 0.22 0.31333333333333335 442 442 
0.5 0.22 0.32 453 453 
0.5 0.22 0.32666666666666666 453 453 
0.5 0.22 0.3333333333333333 466 466 
0.5 0.22 0.34 455 455 
0.5 0.22 0.3466666666666667 437 437 
0.5 0.22 0.35333333333333333 441 441 
0.5 0.22 0.36 434 434 
0.5 0.22 0.36666666666666664 421 421 
0.5 0.22 0.37333333333333335 469 469 
0.5 0.22 0.38 426 426 
0.5 0.22 0.38666666666666666 434 434 
0.5 0.22 0.3933333333333333 437 437 
0.5 0.22 0.4 430 430 
0.5 0.22 0.4066666666666667 435 435 
0.5 0.22 0.41333333333333333 404 404 
0.5 0.22 0.42 413 413 
0.5 0.22 0.4266666666666667 454 454 
0.5 0.22 0.43333333333333335 461 461 
0.5 0.22 0.44 471 471 
0.5 0.22 0.44666666666666666 463 463 
0.5 0.22 0.4533333333333333 436 436 
0.5 0.22 0.46 462 462 
0.5 0.22 0.4666666666666667 479 479 
0.5 0.22 0.47333333333333333 447 447 
0.5 0.22 0.48 442 442 
0.5 0.22 0.4866666666666667 472 472 
0.5 0.22 0.49333333333333335 427 427 
0.5 0.22 0.5 427 427 
0.5 0.22 0.5066666666666667 445 445 
0.5 0.22 0.5133333333333333 456 456 
0.5 0.22 0.52 442 442 
0.5 0.22 0.5266666666666666 481 481 
0.5 0.22 0.5333333333333333 471 471 
0.5 0.22 0.54 452 452 
0.5 0.22 0.5466666666666666 478 478 
0.5 0.22 0.5533333333333333 447 447 
0.5 0.22 0.56 441 441 
0.5 0.22 0.5666666666666667 485 485 
0.5 0.22 0.5733333333333334 478 478 
0.5 0.22 0.58 421 421 
0.5 0.22 0.5866666666666667 464 464 
0.5 0.22 0.5933333333333334 474 474 
0.5 0.22 0.6 467 467 
0.5 0.22 0.6066666666666667 451 451 
0.5 0.22 0.6133333333333333 438 438 
0.5 0.22 0.62 484 484 
0.5 0.22 0.6266666666666667 461 461 
0.5 0.22 0.6333333333333333 474 474 
0.5 0.22 0.64 493 493 
0.5 0.22 0.6466666666666666 458 458 
0.5 0.22 0.6533333333333333 487 487 
0.5 0.22 0.66 505 505 
0.5 0.22 0.6666666666666666 437 437 
0.5 0.22 0.6733333333333333 413 413 
0.5 0.22 0.68 442 442 
0.5 0.22 0.6866666666666666 468 468 
0.5 0.22 0.6933333333333334 442 442 
0.5 0.22 0.7 447 447 
0.5 0.22 0.7066666666666667 451 451 
0.5 0.22 0.7133333333333334 444 444 
0.5 0.22 0.72 443 443 
0.5 0.22 0.7266666666666667 455 455 
0.5 0.22 0.7333333333333333 458 458 
0.5 0.22 0.74 456 456 
0.5 0.22 0.7466666666666667 433 433 
0.5 0.22 0.7533333333333333 449 449 
0.5 0.22 0.76 466 466 
0.5 0.22 0.7666666666666667 423 423 
0.5 0.22 0.7733333333333333 412 412 
0.5 0.22 0.78 449 449 
0.5 0.22 0.7866666666666666 422 422 
0.5 0.22 0.7933333333333333 414 414 
0.5 0.22 0.8 480 480 
0.5 0.22 0.8066666666666666 463 463 
0.5 0.22 0.8133333333333334 440 440 
0.5 0.22 0.82 489 489 
0.5 0.22 0.8266666666666667 421 421 
0.5 0.22 0.8333333333333334 445 445 
0.5 0.22 0.84 409 409 
0.5 0.22 0.8466666666666667 469 469 
0.5 0.22 0.8533333333333334 469 469 
0.5 0.22 0.86 470 470 
0.5 0.22 0.8666666666666667 476 476 
0.5 0.22 0.8733333333333333 451 451 
0.5 0.22 0.88 404 404 
0.5 0.22 0.8866666666666667 464 464 
0.5 0.22 0.8933333333333333 410 410 
0.5 0.22 0.9 433 433 
0.5 0.22 0.9066666666666666 425 425 
0.5 0.22 0.9133333333333333 409 409 
0.5 0.22 0.92 437 437 
0.5 0.22 0.9266666666666666 429 429 
0.5 0.22 0.9333333333333333 440 440 
0.5 0.22 0.94 442 442 
0.5 0.22 0.9466666666666667 460 460 
0.5 0.22 0.9533333333333334 517 517 
0.5 0.22 0.96 466 466 
0.5 0.22 0.9666666666666667 466 466 
0.5 0.22 0.9733333333333334 460 460 
0.5 0.22 0.98 496 496 
0.5 0.22 0.9866666666666667 566 566 
0.5 0.22 0.9933333333333333 0 0 
0.5 0.22666666666666666 0.0 0 0 
0.5 0.22666666666666666 0.006666666666666667 535 535 
0.5 0.22666666666666666 0.013333333333333334 480 480 
0.5 0.22666666666666666 0.02 493 493 
0.5 0.22666666666666666 0.02666666666666667 419 419 
0.5 0.22666666666666666 0.03333333333333333 462 462 
0.5 0.22666666666666666 0.04 506 506 
0.5 0.22666666666666666 0.04666666666666667 480 480 
0.5 0.22666666666666666 0.05333333333333334 464 464 
0.5 0.22666666666666666 0.06 466 466 
0.5 0.22666666666666666 0.06666666666666667 431 431 
0.5 0.22666666666666666 0.07333333333333333 438 438 
0.5 0.22666666666666666 0.08 434 434 
0.5 0.22666666666666666 0.08666666666666667 434 434 
0.5 0.22666666666666666 0.09333333333333334 456 456 
0.5 0.22666666666666666 0.1 454 454 
0.5 0.22666666666666666 0.10666666666666667 468 468 
0.5 0.22666666666666666 0.11333333333333333 492 492 
0.5 0.22666666666666666 0.12 460 460 
0.5 0.22666666666666666 0.12666666666666668 498 498 
0.5 0.22666666666666666 0.13333333333333333 462 462 
0.5 0.22666666666666666 0.14 430 430 
0.5 0.22666666666666666 0.14666666666666667 482 482 
0.5 0.22666666666666666 0.15333333333333332 420 420 
0.5 0.22666666666666666 0.16 481 481 
0.5 0.22666666666666666 0.16666666666666666 455 455 
0.5 0.22666666666666666 0.17333333333333334 459 459 
0.5 0.22666666666666666 0.18 450 450 
0.5 0.22666666666666666 0.18666666666666668 441 441 
0.5 0.22666666666666666 0.19333333333333333 455 455 
0.5 0.22666666666666666 0.2 498 498 
0.5 0.22666666666666666 0.20666666666666667 477 477 
0.5 0.22666666666666666 0.21333333333333335 452 452 
0.5 0.22666666666666666 0.22 466 466 
0.5 0.22666666666666666 0.22666666666666666 427 427 
0.5 0.22666666666666666 0.23333333333333334 448 448 
0.5 0.22666666666666666 0.24 459 459 
0.5 0.22666666666666666 0.24666666666666667 492 492 
0.5 0.22666666666666666 0.25333333333333335 421 421 
0.5 0.22666666666666666 0.26 513 513 
0.5 0.22666666666666666 0.26666666666666666 463 463 
0.5 0.22666666666666666 0.2733333333333333 484 484 
0.5 0.22666666666666666 0.28 468 468 
0.5 0.22666666666666666 0.2866666666666667 471 471 
0.5 0.22666666666666666 0.29333333333333333 510 510 
0.5 0.22666666666666666 0.3 431 431 
0.5 0.22666666666666666 0.30666666666666664 459 459 
0.5 0.22666666666666666 0.31333333333333335 517 517 
0.5 0.22666666666666666 0.32 475 475 
0.5 0.22666666666666666 0.32666666666666666 444 444 
0.5 0.22666666666666666 0.3333333333333333 456 456 
0.5 0.22666666666666666 0.34 455 455 
0.5 0.22666666666666666 0.3466666666666667 458 458 
0.5 0.22666666666666666 0.35333333333333333 413 413 
0.5 0.22666666666666666 0.36 449 449 
0.5 0.22666666666666666 0.36666666666666664 416 416 
0.5 0.22666666666666666 0.37333333333333335 468 468 
0.5 0.22666666666666666 0.38 436 436 
0.5 0.22666666666666666 0.38666666666666666 443 443 
0.5 0.22666666666666666 0.3933333333333333 466 466 
0.5 0.22666666666666666 0.4 452 452 
0.5 0.22666666666666666 0.4066666666666667 449 449 
0.5 0.22666666666666666 0.41333333333333333 417 417 
0.5 0.22666666666666666 0.42 472 472 
0.5 0.22666666666666666 0.4266666666666667 431 431 
0.5 0.22666666666666666 0.43333333333333335 434 434 
0.5 0.22666666666666666 0.44 448 448 
0.5 0.22666666666666666 0.44666666666666666 445 445 
0.5 0.22666666666666666 0.4533333333333333 446 446 
0.5 0.22666666666666666 0.46 448 448 
0.5 0.22666666666666666 0.4666666666666667 472 472 
0.5 0.22666666666666666 0.47333333333333333 469 469 
0.5 0.22666666666666666 0.48 456 456 
0.5 0.22666666666666666 0.4866666666666667 445 445 
0.5 0.22666666666666666 0.49333333333333335 437 437 
0.5 0.22666666666666666 0.5 433 433 
0.5 0.22666666666666666 0.5066666666666667 468 468 
0.5 0.22666666666666666 0.5133333333333333 439 439 
0.5 0.22666666666666666 0.52 417 417 
0.5 0.22666666666666666 0.5266666666666666 466 466 
0.5 0.22666666666666666 0.5333333333333333 448 448 
0.5 0.22666666666666666 0.54 439 439 
0.5 0.22666666666666666 0.5466666666666666 470 470 
0.5 0.22666666666666666 0.5533333333333333 425 425 
0.5 0.22666666666666666 0.56 435 435 
0.5 0.22666666666666666 0.5666666666666667 454 454 
0.5 0.22666666666666666 0.5733333333333334 442 442 
0.5 0.22666666666666666 0.58 456 456 
0.5 0.22666666666666666 0.5866666666666667 443 443 
0.5 0.22666666666666666 0.5933333333333334 466 466 
0.5 0.22666666666666666 0.6 434 434 
0.5 0.22666666666666666 0.6066666666666667 436 436 
0.5 0.22666666666666666 0.6133333333333333 492 492 
0.5 0.22666666666666666 0.62 431 431 
0.5 0.22666666666666666 0.6266666666666667 460 460 
0.5 0.22666666666666666 0.6333333333333333 465 465 
0.5 0.22666666666666666 0.64 494 494 
0.5 0.22666666666666666 0.6466666666666666 469 469 
0.5 0.22666666666666666 0.6533333333333333 467 467 
0.5 0.22666666666666666 0.66 439 439 
0.5 0.22666666666666666 0.6666666666666666 443 443 
0.5 0.22666666666666666 0.6733333333333333 465 465 
0.5 0.22666666666666666 0.68 438 438 
0.5 0.22666666666666666 0.6866666666666666 476 476 
0.5 0.22666666666666666 0.6933333333333334 451 451 
0.5 0.22666666666666666 0.7 424 424 
0.5 0.22666666666666666 0.7066666666666667 425 425 
0.5 0.22666666666666666 0.7133333333333334 416 416 
0.5 0.22666666666666666 0.72 436 436 
0.5 0.22666666666666666 0.7266666666666667 499 499 
0.5 0.22666666666666666 0.7333333333333333 439 439 
0.5 0.22666666666666666 0.74 430 430 
0.5 0.22666666666666666 0.7466666666666667 451 451 
0.5 0.22666666666666666 0.7533333333333333 419 419 
0.5 0.22666666666666666 0.76 460 460 
0.5 0.22666666666666666 0.7666666666666667 443 443 
0.5 0.22666666666666666 0.7733333333333333 430 430 
0.5 0.22666666666666666 0.78 463 463 
0.5 0.22666666666666666 0.7866666666666666 434 434 
0.5 0.22666666666666666 0.7933333333333333 429 429 
0.5 0.22666666666666666 0.8 459 459 
0.5 0.22666666666666666 0.8066666666666666 432 432 
0.5 0.22666666666666666 0.8133333333333334 427 427 
0.5 0.22666666666666666 0.82 442 442 
0.5 0.22666666666666666 0.8266666666666667 478 478 
0.5 0.22666666666666666 0.8333333333333334 405 405 
0.5 0.22666666666666666 0.84 443 443 
0.5 0.22666666666666666 0.8466666666666667 484 484 
0.5 0.22666666666666666 0.8533333333333334 452 452 
0.5 0.22666666666666666 0.86 432 432 
0.5 0.22666666666666666 0.8666666666666667 466 466 
0.5 0.22666666666666666 0.8733333333333333 446 446 
0.5 0.22666666666666666 0.88 455 455 
0.5 0.22666666666666666 0.8866666666666667 445 445 
0.5 0.22666666666666666 0.8933333333333333 457 457 
0.5 0.22666666666666666 0.9 426 426 
0.5 0.22666666666666666 0.9066666666666666 404 404 
0.5 0.22666666666666666 0.9133333333333333 433 433 
0.5 0.22666666666666666 0.92 414 414 
0.5 0.22666666666666666 0.9266666666666666 447 447 
0.5 0.22666666666666666 0.9333333333333333 407 407 
0.5 0.22666666666666666 0.94 453 453 
0.5 0.22666666666666666 0.9466666666666667 479 479 
0.5 0.22666666666666666 0.9533333333333334 497 497 
0.5 0.22666666666666666 0.96 476 476 
0.5 0.22666666666666666 0.9666666666666667 453 453 
0.5 0.22666666666666666 0.9733333333333334 453 453 
0.5 0.22666666666666666 0.98 478 478 
0.5 0.22666666666666666 0.9866666666666667 557 557 
0.5 0.22666666666666666 0.9933333333333333 0 0 
0.5 0.23333333333333334 0.0 0 0 
0.5 0.23333333333333334 0.006666666666666667 582 582 
0.5 0.23333333333333334 0.013333333333333334 465 465 
0.5 0.23333333333333334 0.02 424 424 
0.5 0.23333333333333334 0.02666666666666667 498 498 
0.5 0.23333333333333334 0.03333333333333333 465 465 
0.5 0.23333333333333334 0.04 463 463 
0.5 0.23333333333333334 0.04666666666666667 466 466 
0.5 0.23333333333333334 0.05333333333333334 474 474 
0.5 0.23333333333333334 0.06 427 427 
0.5 0.23333333333333334 0.06666666666666667 438 438 
0.5 0.23333333333333334 0.07333333333333333 402 402 
0.5 0.23333333333333334 0.08 422 422 
0.5 0.23333333333333334 0.08666666666666667 426 426 
0.5 0.23333333333333334 0.09333333333333334 454 454 
0.5 0.23333333333333334 0.1 439 439 
0.5 0.23333333333333334 0.10666666666666667 432 432 
0.5 0.23333333333333334 0.11333333333333333 465 465 
0.5 0.23333333333333334 0.12 457 457 
0.5 0.23333333333333334 0.12666666666666668 473 473 
0.5 0.23333333333333334 0.13333333333333333 446 446 
0.5 0.23333333333333334 0.14 448 448 
0.5 0.23333333333333334 0.14666666666666667 428 428 
0.5 0.23333333333333334 0.15333333333333332 473 473 
0.5 0.23333333333333334 0.16 421 421 
0.5 0.23333333333333334 0.16666666666666666 444 444 
0.5 0.23333333333333334 0.17333333333333334 458 458 
0.5 0.23333333333333334 0.18 424 424 
0.5 0.23333333333333334 0.18666666666666668 464 464 
0.5 0.23333333333333334 0.19333333333333333 452 452 
0.5 0.23333333333333334 0.2 468 468 
0.5 0.23333333333333334 0.20666666666666667 456 456 
0.5 0.23333333333333334 0.21333333333333335 467 467 
0.5 0.23333333333333334 0.22 461 461 
0.5 0.23333333333333334 0.22666666666666666 394 394 
0.5 0.23333333333333334 0.23333333333333334 428 428 
0.5 0.23333333333333334 0.24 492 492 
0.5 0.23333333333333334 0.24666666666666667 479 479 
0.5 0.23333333333333334 0.25333333333333335 502 502 
0.5 0.23333333333333334 0.26 490 490 
0.5 0.23333333333333334 0.26666666666666666 483 483 
0.5 0.23333333333333334 0.2733333333333333 487 487 
0.5 0.23333333333333334 0.28 448 448 
0.5 0.23333333333333334 0.2866666666666667 426 426 
0.5 0.23333333333333334 0.29333333333333333 466 466 
0.5 0.23333333333333334 0.3 445 445 
0.5 0.23333333333333334 0.30666666666666664 459 459 
0.5 0.23333333333333334 0.31333333333333335 464 464 
0.5 0.23333333333333334 0.32 453 453 
0.5 0.23333333333333334 0.32666666666666666 483 483 
0.5 0.23333333333333334 0.3333333333333333 437 437 
0.5 0.23333333333333334 0.34 460 460 
0.5 0.23333333333333334 0.3466666666666667 419 419 
0.5 0.23333333333333334 0.35333333333333333 460 460 
0.5 0.23333333333333334 0.36 458 458 
0.5 0.23333333333333334 0.36666666666666664 449 449 
0.5 0.23333333333333334 0.37333333333333335 419 419 
0.5 0.23333333333333334 0.38 471 471 
0.5 0.23333333333333334 0.38666666666666666 463 463 
0.5 0.23333333333333334 0.3933333333333333 484 484 
0.5 0.23333333333333334 0.4 453 453 
0.5 0.23333333333333334 0.4066666666666667 494 494 
0.5 0.23333333333333334 0.41333333333333333 499 499 
0.5 0.23333333333333334 0.42 479 479 
0.5 0.23333333333333334 0.4266666666666667 483 483 
0.5 0.23333333333333334 0.43333333333333335 453 453 
0.5 0.23333333333333334 0.44 455 455 
0.5 0.23333333333333334 0.44666666666666666 455 455 
0.5 0.23333333333333334 0.4533333333333333 442 442 
0.5 0.23333333333333334 0.46 451 451 
0.5 0.23333333333333334 0.4666666666666667 445 445 
0.5 0.23333333333333334 0.47333333333333333 446 446 
0.5 0.23333333333333334 0.48 477 477 
0.5 0.23333333333333334 0.4866666666666667 436 436 
0.5 0.23333333333333334 0.49333333333333335 451 451 
0.5 0.23333333333333334 0.5 468 468 
0.5 0.23333333333333334 0.5066666666666667 439 439 
0.5 0.23333333333333334 0.5133333333333333 433 433 
0.5 0.23333333333333334 0.52 471 471 
0.5 0.23333333333333334 0.5266666666666666 467 467 
0.5 0.23333333333333334 0.5333333333333333 450 450 
0.5 0.23333333333333334 0.54 444 444 
0.5 0.23333333333333334 0.5466666666666666 461 461 
0.5 0.23333333333333334 0.5533333333333333 448 448 
0.5 0.23333333333333334 0.56 489 489 
0.5 0.23333333333333334 0.5666666666666667 459 459 
0.5 0.23333333333333334 0.5733333333333334 437 437 
0.5 0.23333333333333334 0.58 483 483 
0.5 0.23333333333333334 0.5866666666666667 481 481 
0.5 0.23333333333333334 0.5933333333333334 476 476 
0.5 0.23333333333333334 0.6 458 458 
0.5 0.23333333333333334 0.6066666666666667 444 444 
0.5 0.23333333333333334 0.6133333333333333 448 448 
0.5 0.23333333333333334 0.62 426 426 
0.5 0.23333333333333334 0.6266666666666667 443 443 
0.5 0.23333333333333334 0.6333333333333333 453 453 
0.5 0.23333333333333334 0.64 500 500 
0.5 0.23333333333333334 0.6466666666666666 418 418 
0.5 0.23333333333333334 0.6533333333333333 455 455 
0.5 0.23333333333333334 0.66 451 451 
0.5 0.23333333333333334 0.6666666666666666 430 430 
0.5 0.23333333333333334 0.6733333333333333 419 419 
0.5 0.23333333333333334 0.68 448 448 
0.5 0.23333333333333334 0.6866666666666666 406 406 
0.5 0.23333333333333334 0.6933333333333334 444 444 
0.5 0.23333333333333334 0.7 454 454 
0.5 0.23333333333333334 0.7066666666666667 439 439 
0.5 0.23333333333333334 0.7133333333333334 440 440 
0.5 0.23333333333333334 0.72 463 463 
0.5 0.23333333333333334 0.7266666666666667 466 466 
0.5 0.23333333333333334 0.7333333333333333 480 480 
0.5 0.23333333333333334 0.74 447 447 
0.5 0.23333333333333334 0.7466666666666667 485 485 
0.5 0.23333333333333334 0.7533333333333333 483 483 
0.5 0.23333333333333334 0.76 433 433 
0.5 0.23333333333333334 0.7666666666666667 434 434 
0.5 0.23333333333333334 0.7733333333333333 415 415 
0.5 0.23333333333333334 0.78 448 448 
0.5 0.23333333333333334 0.7866666666666666 467 467 
0.5 0.23333333333333334 0.7933333333333333 412 412 
0.5 0.23333333333333334 0.8 398 398 
0.5 0.23333333333333334 0.8066666666666666 438 438 
0.5 0.23333333333333334 0.8133333333333334 467 467 
0.5 0.23333333333333334 0.82 439 439 
0.5 0.23333333333333334 0.8266666666666667 447 447 
0.5 0.23333333333333334 0.8333333333333334 445 445 
0.5 0.23333333333333334 0.84 450 450 
0.5 0.23333333333333334 0.8466666666666667 421 421 
0.5 0.23333333333333334 0.8533333333333334 434 434 
0.5 0.23333333333333334 0.86 451 451 
0.5 0.23333333333333334 0.8666666666666667 416 416 
0.5 0.23333333333333334 0.8733333333333333 424 424 
0.5 0.23333333333333334 0.88 405 405 
0.5 0.23333333333333334 0.8866666666666667 436 436 
0.5 0.23333333333333334 0.8933333333333333 425 425 
0.5 0.23333333333333334 0.9 463 463 
0.5 0.23333333333333334 0.9066666666666666 426 426 
0.5 0.23333333333333334 0.9133333333333333 430 430 
0.5 0.23333333333333334 0.92 464 464 
0.5 0.23333333333333334 0.9266666666666666 441 441 
0.5 0.23333333333333334 0.9333333333333333 458 458 
0.5 0.23333333333333334 0.94 433 433 
0.5 0.23333333333333334 0.9466666666666667 434 434 
0.5 0.23333333333333334 0.9533333333333334 487 487 
0.5 0.23333333333333334 0.96 463 463 
0.5 0.23333333333333334 0.9666666666666667 469 469 
0.5 0.23333333333333334 0.9733333333333334 444 444 
0.5 0.23333333333333334 0.98 482 482 
0.5 0.23333333333333334 0.9866666666666667 542 542 
0.5 0.23333333333333334 0.9933333333333333 0 0 
0.5 0.24 0.0 0 0 
0.5 0.24 0.006666666666666667 543 543 
0.5 0.24 0.013333333333333334 494 494 
0.5 0.24 0.02 462 462 
0.5 0.24 0.02666666666666667 460 460 
0.5 0.24 0.03333333333333333 471 471 
0.5 0.24 0.04 408 408 
0.5 0.24 0.04666666666666667 471 471 
0.5 0.24 0.05333333333333334 478 478 
0.5 0.24 0.06 451 451 
0.5 0.24 0.06666666666666667 466 466 
0.5 0.24 0.07333333333333333 440 440 
0.5 0.24 0.08 423 423 
0.5 0.24 0.08666666666666667 457 457 
0.5 0.24 0.09333333333333334 427 427 
0.5 0.24 0.1 433 433 
0.5 0.24 0.10666666666666667 462 462 
0.5 0.24 0.11333333333333333 427 427 
0.5 0.24 0.12 427 427 
0.5 0.24 0.12666666666666668 431 431 
0.5 0.24 0.13333333333333333 422 422 
0.5 0.24 0.14 477 477 
0.5 0.24 0.14666666666666667 453 453 
0.5 0.24 0.15333333333333332 449 449 
0.5 0.24 0.16 461 461 
0.5 0.24 0.16666666666666666 404 404 
0.5 0.24 0.17333333333333334 478 478 
0.5 0.24 0.18 451 451 
0.5 0.24 0.18666666666666668 516 516 
0.5 0.24 0.19333333333333333 469 469 
0.5 0.24 0.2 461 461 
0.5 0.24 0.20666666666666667 478 478 
0.5 0.24 0.21333333333333335 454 454 
0.5 0.24 0.22 473 473 
0.5 0.24 0.22666666666666666 408 408 
0.5 0.24 0.23333333333333334 455 455 
0.5 0.24 0.24 451 451 
0.5 0.24 0.24666666666666667 469 469 
0.5 0.24 0.25333333333333335 437 437 
0.5 0.24 0.26 457 457 
0.5 0.24 0.26666666666666666 480 480 
0.5 0.24 0.2733333333333333 462 462 
0.5 0.24 0.28 422 422 
0.5 0.24 0.2866666666666667 440 440 
0.5 0.24 0.29333333333333333 454 454 
0.5 0.24 0.3 460 460 
0.5 0.24 0.30666666666666664 480 480 
0.5 0.24 0.31333333333333335 418 418 
0.5 0.24 0.32 464 464 
0.5 0.24 0.32666666666666666 447 447 
0.5 0.24 0.3333333333333333 443 443 
0.5 0.24 0.34 398 398 
0.5 0.24 0.3466666666666667 434 434 
0.5 0.24 0.35333333333333333 435 435 
0.5 0.24 0.36 409 409 
0.5 0.24 0.36666666666666664 438 438 
0.5 0.24 0.37333333333333335 447 447 
0.5 0.24 0.38 461 461 
0.5 0.24 0.38666666666666666 456 456 
0.5 0.24 0.3933333333333333 455 455 
0.5 0.24 0.4 465 465 
0.5 0.24 0.4066666666666667 490 490 
0.5 0.24 0.41333333333333333 478 478 
0.5 0.24 0.42 470 470 
0.5 0.24 0.4266666666666667 472 472 
0.5 0.24 0.43333333333333335 480 480 
0.5 0.24 0.44 456 456 
0.5 0.24 0.44666666666666666 445 445 
0.5 0.24 0.4533333333333333 396 396 
0.5 0.24 0.46 436 436 
0.5 0.24 0.4666666666666667 416 416 
0.5 0.24 0.47333333333333333 458 458 
0.5 0.24 0.48 466 466 
0.5 0.24 0.4866666666666667 482 482 
0.5 0.24 0.49333333333333335 434 434 
0.5 0.24 0.5 443 443 
0.5 0.24 0.5066666666666667 506 506 
0.5 0.24 0.5133333333333333 478 478 
0.5 0.24 0.52 435 435 
0.5 0.24 0.5266666666666666 448 448 
0.5 0.24 0.5333333333333333 466 466 
0.5 0.24 0.54 467 467 
0.5 0.24 0.5466666666666666 437 437 
0.5 0.24 0.5533333333333333 451 451 
0.5 0.24 0.56 445 445 
0.5 0.24 0.5666666666666667 438 438 
0.5 0.24 0.5733333333333334 457 457 
0.5 0.24 0.58 444 444 
0.5 0.24 0.5866666666666667 465 465 
0.5 0.24 0.5933333333333334 445 445 
0.5 0.24 0.6 424 424 
0.5 0.24 0.6066666666666667 427 427 
0.5 0.24 0.6133333333333333 408 408 
0.5 0.24 0.62 452 452 
0.5 0.24 0.6266666666666667 444 444 
0.5 0.24 0.6333333333333333 429 429 
0.5 0.24 0.64 445 445 
0.5 0.24 0.6466666666666666 457 457 
0.5 0.24 0.6533333333333333 438 438 
0.5 0.24 0.66 453 453 
0.5 0.24 0.6666666666666666 475 475 
0.5 0.24 0.6733333333333333 467 467 
0.5 0.24 0.68 434 434 
0.5 0.24 0.6866666666666666 463 463 
0.5 0.24 0.6933333333333334 444 444 
0.5 0.24 0.7 444 444 
0.5 0.24 0.7066666666666667 437 437 
0.5 0.24 0.7133333333333334 470 470 
0.5 0.24 0.72 447 447 
0.5 0.24 0.7266666666666667 465 465 
0.5 0.24 0.7333333333333333 489 489 
0.5 0.24 0.74 459 459 
0.5 0.24 0.7466666666666667 471 471 
0.5 0.24 0.7533333333333333 474 474 
0.5 0.24 0.76 433 433 
0.5 0.24 0.7666666666666667 432 432 
0.5 0.24 0.7733333333333333 456 456 
0.5 0.24 0.78 477 477 
0.5 0.24 0.7866666666666666 450 450 
0.5 0.24 0.7933333333333333 462 462 
0.5 0.24 0.8 424 424 
0.5 0.24 0.8066666666666666 403 403 
0.5 0.24 0.8133333333333334 403 403 
0.5 0.24 0.82 444 444 
0.5 0.24 0.8266666666666667 485 485 
0.5 0.24 0.8333333333333334 447 447 
0.5 0.24 0.84 476 476 
0.5 0.24 0.8466666666666667 462 462 
0.5 0.24 0.8533333333333334 472 472 
0.5 0.24 0.86 431 431 
0.5 0.24 0.8666666666666667 455 455 
0.5 0.24 0.8733333333333333 456 456 
0.5 0.24 0.88 440 440 
0.5 0.24 0.8866666666666667 432 432 
0.5 0.24 0.8933333333333333 423 423 
0.5 0.24 0.9 419 419 
0.5 0.24 0.9066666666666666 443 443 
0.5 0.24 0.9133333333333333 437 437 
0.5 0.24 0.92 413 413 
0.5 0.24 0.9266666666666666 437 437 
0.5 0.24 0.9333333333333333 439 439 
0.5 0.24 0.94 444 444 
0.5 0.24 0.9466666666666667 437 437 
0.5 0.24 0.9533333333333334 477 477 
0.5 0.24 0.96 464 464 
0.5 0.24 0.9666666666666667 492 492 
0.5 0.24 0.9733333333333334 470 470 
0.5 0.24 0.98 502 502 
0.5 0.24 0.9866666666666667 572 572 
0.5 0.24 0.9933333333333333 0 0 
0.5 0.24666666666666667 0.0 0 0 
0.5 0.24666666666666667 0.006666666666666667 550 550 
0.5 0.24666666666666667 0.013333333333333334 461 461 
0.5 0.24666666666666667 0.02 433 433 
0.5 0.24666666666666667 0.02666666666666667 469 469 
0.5 0.24666666666666667 0.03333333333333333 467 467 
0.5 0.24666666666666667 0.04 429 429 
0.5 0.24666666666666667 0.04666666666666667 440 440 
0.5 0.24666666666666667 0.05333333333333334 432 432 
0.5 0.24666666666666667 0.06 451 451 
0.5 0.24666666666666667 0.06666666666666667 420 420 
0.5 0.24666666666666667 0.07333333333333333 453 453 
0.5 0.24666666666666667 0.08 494 494 
0.5 0.24666666666666667 0.08666666666666667 445 445 
0.5 0.24666666666666667 0.09333333333333334 452 452 
0.5 0.24666666666666667 0.1 440 440 
0.5 0.24666666666666667 0.10666666666666667 435 435 
0.5 0.24666666666666667 0.11333333333333333 459 459 
0.5 0.24666666666666667 0.12 440 440 
0.5 0.24666666666666667 0.12666666666666668 452 452 
0.5 0.24666666666666667 0.13333333333333333 429 429 
0.5 0.24666666666666667 0.14 468 468 
0.5 0.24666666666666667 0.14666666666666667 455 455 
0.5 0.24666666666666667 0.15333333333333332 469 469 
0.5 0.24666666666666667 0.16 435 435 
0.5 0.24666666666666667 0.16666666666666666 421 421 
0.5 0.24666666666666667 0.17333333333333334 462 462 
0.5 0.24666666666666667 0.18 451 451 
0.5 0.24666666666666667 0.18666666666666668 442 442 
0.5 0.24666666666666667 0.19333333333333333 452 452 
0.5 0.24666666666666667 0.2 452 452 
0.5 0.24666666666666667 0.20666666666666667 471 471 
0.5 0.24666666666666667 0.21333333333333335 483 483 
0.5 0.24666666666666667 0.22 435 435 
0.5 0.24666666666666667 0.22666666666666666 466 466 
0.5 0.24666666666666667 0.23333333333333334 446 446 
0.5 0.24666666666666667 0.24 416 416 
0.5 0.24666666666666667 0.24666666666666667 461 461 
0.5 0.24666666666666667 0.25333333333333335 423 423 
0.5 0.24666666666666667 0.26 443 443 
0.5 0.24666666666666667 0.26666666666666666 482 482 
0.5 0.24666666666666667 0.2733333333333333 459 459 
0.5 0.24666666666666667 0.28 425 425 
0.5 0.24666666666666667 0.2866666666666667 462 462 
0.5 0.24666666666666667 0.29333333333333333 439 439 
0.5 0.24666666666666667 0.3 445 445 
0.5 0.24666666666666667 0.30666666666666664 480 480 
0.5 0.24666666666666667 0.31333333333333335 418 418 
0.5 0.24666666666666667 0.32 442 442 
0.5 0.24666666666666667 0.32666666666666666 466 466 
0.5 0.24666666666666667 0.3333333333333333 449 449 
0.5 0.24666666666666667 0.34 408 408 
0.5 0.24666666666666667 0.3466666666666667 426 426 
0.5 0.24666666666666667 0.35333333333333333 456 456 
0.5 0.24666666666666667 0.36 419 419 
0.5 0.24666666666666667 0.36666666666666664 429 429 
0.5 0.24666666666666667 0.37333333333333335 454 454 
0.5 0.24666666666666667 0.38 433 433 
0.5 0.24666666666666667 0.38666666666666666 477 477 
0.5 0.24666666666666667 0.3933333333333333 456 456 
0.5 0.24666666666666667 0.4 492 492 
0.5 0.24666666666666667 0.4066666666666667 431 431 
0.5 0.24666666666666667 0.41333333333333333 485 485 
0.5 0.24666666666666667 0.42 483 483 
0.5 0.24666666666666667 0.4266666666666667 490 490 
0.5 0.24666666666666667 0.43333333333333335 418 418 
0.5 0.24666666666666667 0.44 455 455 
0.5 0.24666666666666667 0.44666666666666666 461 461 
0.5 0.24666666666666667 0.4533333333333333 467 467 
0.5 0.24666666666666667 0.46 462 462 
0.5 0.24666666666666667 0.4666666666666667 456 456 
0.5 0.24666666666666667 0.47333333333333333 432 432 
0.5 0.24666666666666667 0.48 450 450 
0.5 0.24666666666666667 0.4866666666666667 452 452 
0.5 0.24666666666666667 0.49333333333333335 457 457 
0.5 0.24666666666666667 0.5 471 471 
0.5 0.24666666666666667 0.5066666666666667 431 431 
0.5 0.24666666666666667 0.5133333333333333 444 444 
0.5 0.24666666666666667 0.52 414 414 
0.5 0.24666666666666667 0.5266666666666666 421 421 
0.5 0.24666666666666667 0.5333333333333333 455 455 
0.5 0.24666666666666667 0.54 437 437 
0.5 0.24666666666666667 0.5466666666666666 453 453 
0.5 0.24666666666666667 0.5533333333333333 470 470 
0.5 0.24666666666666667 0.56 492 492 
0.5 0.24666666666666667 0.5666666666666667 465 465 
0.5 0.24666666666666667 0.5733333333333334 428 428 
0.5 0.24666666666666667 0.58 429 429 
0.5 0.24666666666666667 0.5866666666666667 453 453 
0.5 0.24666666666666667 0.5933333333333334 458 458 
0.5 0.24666666666666667 0.6 440 440 
0.5 0.24666666666666667 0.6066666666666667 401 401 
0.5 0.24666666666666667 0.6133333333333333 400 400 
0.5 0.24666666666666667 0.62 434 434 
0.5 0.24666666666666667 0.6266666666666667 441 441 
0.5 0.24666666666666667 0.6333333333333333 439 439 
0.5 0.24666666666666667 0.64 433 433 
0.5 0.24666666666666667 0.6466666666666666 440 440 
0.5 0.24666666666666667 0.6533333333333333 457 457 
0.5 0.24666666666666667 0.66 423 423 
0.5 0.24666666666666667 0.6666666666666666 408 408 
0.5 0.24666666666666667 0.6733333333333333 441 441 
0.5 0.24666666666666667 0.68 418 418 
0.5 0.24666666666666667 0.6866666666666666 455 455 
0.5 0.24666666666666667 0.6933333333333334 422 422 
0.5 0.24666666666666667 0.7 449 449 
0.5 0.24666666666666667 0.7066666666666667 459 459 
0.5 0.24666666666666667 0.7133333333333334 444 444 
0.5 0.24666666666666667 0.72 450 450 
0.5 0.24666666666666667 0.7266666666666667 443 443 
0.5 0.24666666666666667 0.7333333333333333 446 446 
0.5 0.24666666666666667 0.74 427 427 
0.5 0.24666666666666667 0.7466666666666667 477 477 
0.5 0.24666666666666667 0.7533333333333333 436 436 
0.5 0.24666666666666667 0.76 412 412 
0.5 0.24666666666666667 0.7666666666666667 409 409 
0.5 0.24666666666666667 0.7733333333333333 419 419 
0.5 0.24666666666666667 0.78 440 440 
0.5 0.24666666666666667 0.7866666666666666 456 456 
0.5 0.24666666666666667 0.7933333333333333 476 476 
0.5 0.24666666666666667 0.8 446 446 
0.5 0.24666666666666667 0.8066666666666666 438 438 
0.5 0.24666666666666667 0.8133333333333334 443 443 
0.5 0.24666666666666667 0.82 459 459 
0.5 0.24666666666666667 0.8266666666666667 507 507 
0.5 0.24666666666666667 0.8333333333333334 439 439 
0.5 0.24666666666666667 0.84 454 454 
0.5 0.24666666666666667 0.8466666666666667 446 446 
0.5 0.24666666666666667 0.8533333333333334 459 459 
0.5 0.24666666666666667 0.86 437 437 
0.5 0.24666666666666667 0.8666666666666667 469 469 
0.5 0.24666666666666667 0.8733333333333333 423 423 
0.5 0.24666666666666667 0.88 443 443 
0.5 0.24666666666666667 0.8866666666666667 427 427 
0.5 0.24666666666666667 0.8933333333333333 451 451 
0.5 0.24666666666666667 0.9 444 444 
0.5 0.24666666666666667 0.9066666666666666 419 419 
0.5 0.24666666666666667 0.9133333333333333 501 501 
0.5 0.24666666666666667 0.92 439 439 
0.5 0.24666666666666667 0.9266666666666666 451 451 
0.5 0.24666666666666667 0.9333333333333333 465 465 
0.5 0.24666666666666667 0.94 465 465 
0.5 0.24666666666666667 0.9466666666666667 443 443 
0.5 0.24666666666666667 0.9533333333333334 444 444 
0.5 0.24666666666666667 0.96 420 420 
0.5 0.24666666666666667 0.9666666666666667 481 481 
0.5 0.24666666666666667 0.9733333333333334 448 448 
0.5 0.24666666666666667 0.98 476 476 
0.5 0.24666666666666667 0.9866666666666667 522 522 
0.5 0.24666666666666667 0.9933333333333333 0 0 
0.5 0.25333333333333335 0.0 0 0 
0.5 0.25333333333333335 0.006666666666666667 534 534 
0.5 0.25333333333333335 0.013333333333333334 488 488 
0.5 0.25333333333333335 0.02 461 461 
0.5 0.25333333333333335 0.02666666666666667 458 458 
0.5 0.25333333333333335 0.03333333333333333 435 435 
0.5 0.25333333333333335 0.04 431 431 
0.5 0.25333333333333335 0.04666666666666667 431 431 
0.5 0.25333333333333335 0.05333333333333334 482 482 
0.5 0.25333333333333335 0.06 452 452 
0.5 0.25333333333333335 0.06666666666666667 471 471 
0.5 0.25333333333333335 0.07333333333333333 457 457 
0.5 0.25333333333333335 0.08 442 442 
0.5 0.25333333333333335 0.08666666666666667 504 504 
0.5 0.25333333333333335 0.09333333333333334 475 475 
0.5 0.25333333333333335 0.1 454 454 
0.5 0.25333333333333335 0.10666666666666667 425 425 
0.5 0.25333333333333335 0.11333333333333333 428 428 
0.5 0.25333333333333335 0.12 429 429 
0.5 0.25333333333333335 0.12666666666666668 457 457 
0.5 0.25333333333333335 0.13333333333333333 418 418 
0.5 0.25333333333333335 0.14 435 435 
0.5 0.25333333333333335 0.14666666666666667 469 469 
0.5 0.25333333333333335 0.15333333333333332 480 480 
0.5 0.25333333333333335 0.16 447 447 
0.5 0.25333333333333335 0.16666666666666666 440 440 
0.5 0.25333333333333335 0.17333333333333334 448 448 
0.5 0.25333333333333335 0.18 427 427 
0.5 0.25333333333333335 0.18666666666666668 437 437 
0.5 0.25333333333333335 0.19333333333333333 482 482 
0.5 0.25333333333333335 0.2 461 461 
0.5 0.25333333333333335 0.20666666666666667 449 449 
0.5 0.25333333333333335 0.21333333333333335 456 456 
0.5 0.25333333333333335 0.22 439 439 
0.5 0.25333333333333335 0.22666666666666666 450 450 
0.5 0.25333333333333335 0.23333333333333334 433 433 
0.5 0.25333333333333335 0.24 424 424 
0.5 0.25333333333333335 0.24666666666666667 451 451 
0.5 0.25333333333333335 0.25333333333333335 437 437 
0.5 0.25333333333333335 0.26 444 444 
0.5 0.25333333333333335 0.26666666666666666 465 465 
0.5 0.25333333333333335 0.2733333333333333 421 421 
0.5 0.25333333333333335 0.28 485 485 
0.5 0.25333333333333335 0.2866666666666667 456 456 
0.5 0.25333333333333335 0.29333333333333333 459 459 
0.5 0.25333333333333335 0.3 450 450 
0.5 0.25333333333333335 0.30666666666666664 430 430 
0.5 0.25333333333333335 0.31333333333333335 465 465 
0.5 0.25333333333333335 0.32 424 424 
0.5 0.25333333333333335 0.32666666666666666 443 443 
0.5 0.25333333333333335 0.3333333333333333 436 436 
0.5 0.25333333333333335 0.34 438 438 
0.5 0.25333333333333335 0.3466666666666667 416 416 
0.5 0.25333333333333335 0.35333333333333333 422 422 
0.5 0.25333333333333335 0.36 456 456 
0.5 0.25333333333333335 0.36666666666666664 470 470 
0.5 0.25333333333333335 0.37333333333333335 466 466 
0.5 0.25333333333333335 0.38 445 445 
0.5 0.25333333333333335 0.38666666666666666 481 481 
0.5 0.25333333333333335 0.3933333333333333 468 468 
0.5 0.25333333333333335 0.4 429 429 
0.5 0.25333333333333335 0.4066666666666667 465 465 
0.5 0.25333333333333335 0.41333333333333333 444 444 
0.5 0.25333333333333335 0.42 427 427 
0.5 0.25333333333333335 0.4266666666666667 473 473 
0.5 0.25333333333333335 0.43333333333333335 415 415 
0.5 0.25333333333333335 0.44 444 444 
0.5 0.25333333333333335 0.44666666666666666 480 480 
0.5 0.25333333333333335 0.4533333333333333 437 437 
0.5 0.25333333333333335 0.46 456 456 
0.5 0.25333333333333335 0.4666666666666667 431 431 
0.5 0.25333333333333335 0.47333333333333333 439 439 
0.5 0.25333333333333335 0.48 447 447 
0.5 0.25333333333333335 0.4866666666666667 501 501 
0.5 0.25333333333333335 0.49333333333333335 427 427 
0.5 0.25333333333333335 0.5 454 454 
0.5 0.25333333333333335 0.5066666666666667 435 435 
0.5 0.25333333333333335 0.5133333333333333 455 455 
0.5 0.25333333333333335 0.52 462 462 
0.5 0.25333333333333335 0.5266666666666666 388 388 
0.5 0.25333333333333335 0.5333333333333333 449 449 
0.5 0.25333333333333335 0.54 428 428 
0.5 0.25333333333333335 0.5466666666666666 437 437 
0.5 0.25333333333333335 0.5533333333333333 433 433 
0.5 0.25333333333333335 0.56 455 455 
0.5 0.25333333333333335 0.5666666666666667 448 448 
0.5 0.25333333333333335 0.5733333333333334 470 470 
0.5 0.25333333333333335 0.58 465 465 
0.5 0.25333333333333335 0.5866666666666667 457 457 
0.5 0.25333333333333335 0.5933333333333334 441 441 
0.5 0.25333333333333335 0.6 415 415 
0.5 0.25333333333333335 0.6066666666666667 451 451 
0.5 0.25333333333333335 0.6133333333333333 427 427 
0.5 0.25333333333333335 0.62 405 405 
0.5 0.25333333333333335 0.6266666666666667 430 430 
0.5 0.25333333333333335 0.6333333333333333 462 462 
0.5 0.25333333333333335 0.64 427 427 
0.5 0.25333333333333335 0.6466666666666666 464 464 
0.5 0.25333333333333335 0.6533333333333333 488 488 
0.5 0.25333333333333335 0.66 459 459 
0.5 0.25333333333333335 0.6666666666666666 421 421 
0.5 0.25333333333333335 0.6733333333333333 448 448 
0.5 0.25333333333333335 0.68 477 477 
0.5 0.25333333333333335 0.6866666666666666 437 437 
0.5 0.25333333333333335 0.6933333333333334 412 412 
0.5 0.25333333333333335 0.7 457 457 
0.5 0.25333333333333335 0.7066666666666667 441 441 
0.5 0.25333333333333335 0.7133333333333334 443 443 
0.5 0.25333333333333335 0.72 479 479 
0.5 0.25333333333333335 0.7266666666666667 431 431 
0.5 0.25333333333333335 0.7333333333333333 453 453 
0.5 0.25333333333333335 0.74 429 429 
0.5 0.25333333333333335 0.7466666666666667 467 467 
0.5 0.25333333333333335 0.7533333333333333 465 465 
0.5 0.25333333333333335 0.76 428 428 
0.5 0.25333333333333335 0.7666666666666667 437 437 
0.5 0.25333333333333335 0.7733333333333333 493 493 
0.5 0.25333333333333335 0.78 469 469 
0.5 0.25333333333333335 0.7866666666666666 472 472 
0.5 0.25333333333333335 0.7933333333333333 466 466 
0.5 0.25333333333333335 0.8 459 459 
0.5 0.25333333333333335 0.8066666666666666 476 476 
0.5 0.25333333333333335 0.8133333333333334 478 478 
0.5 0.25333333333333335 0.82 471 471 
0.5 0.25333333333333335 0.8266666666666667 485 485 
0.5 0.25333333333333335 0.8333333333333334 478 478 
0.5 0.25333333333333335 0.84 449 449 
0.5 0.25333333333333335 0.8466666666666667 465 465 
0.5 0.25333333333333335 0.8533333333333334 473 473 
0.5 0.25333333333333335 0.86 448 448 
0.5 0.25333333333333335 0.8666666666666667 439 439 
0.5 0.25333333333333335 0.8733333333333333 447 447 
0.5 0.25333333333333335 0.88 460 460 
0.5 0.25333333333333335 0.8866666666666667 460 460 
0.5 0.25333333333333335 0.8933333333333333 476 476 
0.5 0.25333333333333335 0.9 464 464 
0.5 0.25333333333333335 0.9066666666666666 461 461 
0.5 0.25333333333333335 0.9133333333333333 462 462 
0.5 0.25333333333333335 0.92 496 496 
0.5 0.25333333333333335 0.9266666666666666 490 490 
0.5 0.25333333333333335 0.9333333333333333 450 450 
0.5 0.25333333333333335 0.94 438 438 
0.5 0.25333333333333335 0.9466666666666667 423 423 
0.5 0.25333333333333335 0.9533333333333334 435 435 
0.5 0.25333333333333335 0.96 440 440 
0.5 0.25333333333333335 0.9666666666666667 448 448 
0.5 0.25333333333333335 0.9733333333333334 410 410 
0.5 0.25333333333333335 0.98 450 450 
0.5 0.25333333333333335 0.9866666666666667 596 596 
0.5 0.25333333333333335 0.9933333333333333 0 0 
0.5 0.26 0.0 0 0 
0.5 0.26 0.006666666666666667 568 568 
0.5 0.26 0.013333333333333334 467 467 
0.5 0.26 0.02 468 468 
0.5 0.26 0.02666666666666667 469 469 
0.5 0.26 0.03333333333333333 457 457 
0.5 0.26 0.04 443 443 
0.5 0.26 0.04666666666666667 442 442 
0.5 0.26 0.05333333333333334 451 451 
0.5 0.26 0.06 440 440 
0.5 0.26 0.06666666666666667 416 416 
0.5 0.26 0.07333333333333333 484 484 
0.5 0.26 0.08 455 455 
0.5 0.26 0.08666666666666667 436 436 
0.5 0.26 0.09333333333333334 425 425 
0.5 0.26 0.1 458 458 
0.5 0.26 0.10666666666666667 470 470 
0.5 0.26 0.11333333333333333 412 412 
0.5 0.26 0.12 445 445 
0.5 0.26 0.12666666666666668 454 454 
0.5 0.26 0.13333333333333333 427 427 
0.5 0.26 0.14 466 466 
0.5 0.26 0.14666666666666667 461 461 
0.5 0.26 0.15333333333333332 465 465 
0.5 0.26 0.16 442 442 
0.5 0.26 0.16666666666666666 478 478 
0.5 0.26 0.17333333333333334 439 439 
0.5 0.26 0.18 459 459 
0.5 0.26 0.18666666666666668 449 449 
0.5 0.26 0.19333333333333333 454 454 
0.5 0.26 0.2 450 450 
0.5 0.26 0.20666666666666667 413 413 
0.5 0.26 0.21333333333333335 428 428 
0.5 0.26 0.22 475 475 
0.5 0.26 0.22666666666666666 438 438 
0.5 0.26 0.23333333333333334 434 434 
0.5 0.26 0.24 405 405 
0.5 0.26 0.24666666666666667 433 433 
0.5 0.26 0.25333333333333335 411 411 
0.5 0.26 0.26 455 455 
0.5 0.26 0.26666666666666666 459 459 
0.5 0.26 0.2733333333333333 454 454 
0.5 0.26 0.28 410 410 
0.5 0.26 0.2866666666666667 423 423 
0.5 0.26 0.29333333333333333 448 448 
0.5 0.26 0.3 440 440 
0.5 0.26 0.30666666666666664 466 466 
0.5 0.26 0.31333333333333335 467 467 
0.5 0.26 0.32 420 420 
0.5 0.26 0.32666666666666666 425 425 
0.5 0.26 0.3333333333333333 459 459 
0.5 0.26 0.34 446 446 
0.5 0.26 0.3466666666666667 444 444 
0.5 0.26 0.35333333333333333 456 456 
0.5 0.26 0.36 458 458 
0.5 0.26 0.36666666666666664 445 445 
0.5 0.26 0.37333333333333335 490 490 
0.5 0.26 0.38 481 481 
0.5 0.26 0.38666666666666666 459 459 
0.5 0.26 0.3933333333333333 490 490 
0.5 0.26 0.4 464 464 
0.5 0.26 0.4066666666666667 465 465 
0.5 0.26 0.41333333333333333 476 476 
0.5 0.26 0.42 485 485 
0.5 0.26 0.4266666666666667 416 416 
0.5 0.26 0.43333333333333335 444 444 
0.5 0.26 0.44 444 444 
0.5 0.26 0.44666666666666666 436 436 
0.5 0.26 0.4533333333333333 430 430 
0.5 0.26 0.46 473 473 
0.5 0.26 0.4666666666666667 423 423 
0.5 0.26 0.47333333333333333 429 429 
0.5 0.26 0.48 492 492 
0.5 0.26 0.4866666666666667 423 423 
0.5 0.26 0.49333333333333335 429 429 
0.5 0.26 0.5 451 451 
0.5 0.26 0.5066666666666667 465 465 
0.5 0.26 0.5133333333333333 442 442 
0.5 0.26 0.52 435 435 
0.5 0.26 0.5266666666666666 453 453 
0.5 0.26 0.5333333333333333 430 430 
0.5 0.26 0.54 452 452 
0.5 0.26 0.5466666666666666 483 483 
0.5 0.26 0.5533333333333333 452 452 
0.5 0.26 0.56 452 452 
0.5 0.26 0.5666666666666667 451 451 
0.5 0.26 0.5733333333333334 481 481 
0.5 0.26 0.58 449 449 
0.5 0.26 0.5866666666666667 475 475 
0.5 0.26 0.5933333333333334 462 462 
0.5 0.26 0.6 453 453 
0.5 0.26 0.6066666666666667 489 489 
0.5 0.26 0.6133333333333333 470 470 
0.5 0.26 0.62 454 454 
0.5 0.26 0.6266666666666667 460 460 
0.5 0.26 0.6333333333333333 459 459 
0.5 0.26 0.64 437 437 
0.5 0.26 0.6466666666666666 435 435 
0.5 0.26 0.6533333333333333 445 445 
0.5 0.26 0.66 431 431 
0.5 0.26 0.6666666666666666 421 421 
0.5 0.26 0.6733333333333333 473 473 
0.5 0.26 0.68 440 440 
0.5 0.26 0.6866666666666666 490 490 
0.5 0.26 0.6933333333333334 433 433 
0.5 0.26 0.7 494 494 
0.5 0.26 0.7066666666666667 481 481 
0.5 0.26 0.7133333333333334 496 496 
0.5 0.26 0.72 461 461 
0.5 0.26 0.7266666666666667 447 447 
0.5 0.26 0.7333333333333333 452 452 
0.5 0.26 0.74 477 477 
0.5 0.26 0.7466666666666667 427 427 
0.5 0.26 0.7533333333333333 457 457 
0.5 0.26 0.76 461 461 
0.5 0.26 0.7666666666666667 462 462 
0.5 0.26 0.7733333333333333 434 434 
0.5 0.26 0.78 476 476 
0.5 0.26 0.7866666666666666 431 431 
0.5 0.26 0.7933333333333333 466 466 
0.5 0.26 0.8 449 449 
0.5 0.26 0.8066666666666666 508 508 
0.5 0.26 0.8133333333333334 409 409 
0.5 0.26 0.82 438 438 
0.5 0.26 0.8266666666666667 476 476 
0.5 0.26 0.8333333333333334 473 473 
0.5 0.26 0.84 461 461 
0.5 0.26 0.8466666666666667 475 475 
0.5 0.26 0.8533333333333334 457 457 
0.5 0.26 0.86 427 427 
0.5 0.26 0.8666666666666667 440 440 
0.5 0.26 0.8733333333333333 477 477 
0.5 0.26 0.88 458 458 
0.5 0.26 0.8866666666666667 490 490 
0.5 0.26 0.8933333333333333 418 418 
0.5 0.26 0.9 474 474 
0.5 0.26 0.9066666666666666 483 483 
0.5 0.26 0.9133333333333333 463 463 
0.5 0.26 0.92 473 473 
0.5 0.26 0.9266666666666666 446 446 
0.5 0.26 0.9333333333333333 465 465 
0.5 0.26 0.94 446 446 
0.5 0.26 0.9466666666666667 433 433 
0.5 0.26 0.9533333333333334 410 410 
0.5 0.26 0.96 420 420 
0.5 0.26 0.9666666666666667 438 438 
0.5 0.26 0.9733333333333334 450 450 
0.5 0.26 0.98 426 426 
0.5 0.26 0.9866666666666667 519 519 
0.5 0.26 0.9933333333333333 0 0 
0.5 0.26666666666666666 0.0 0 0 
0.5 0.26666666666666666 0.006666666666666667 560 560 
0.5 0.26666666666666666 0.013333333333333334 462 462 
0.5 0.26666666666666666 0.02 426 426 
0.5 0.26666666666666666 0.02666666666666667 435 435 
0.5 0.26666666666666666 0.03333333333333333 437 437 
0.5 0.26666666666666666 0.04 463 463 
0.5 0.26666666666666666 0.04666666666666667 424 424 
0.5 0.26666666666666666 0.05333333333333334 454 454 
0.5 0.26666666666666666 0.06 473 473 
0.5 0.26666666666666666 0.06666666666666667 465 465 
0.5 0.26666666666666666 0.07333333333333333 469 469 
0.5 0.26666666666666666 0.08 473 473 
0.5 0.26666666666666666 0.08666666666666667 490 490 
0.5 0.26666666666666666 0.09333333333333334 479 479 
0.5 0.26666666666666666 0.1 448 448 
0.5 0.26666666666666666 0.10666666666666667 492 492 
0.5 0.26666666666666666 0.11333333333333333 412 412 
0.5 0.26666666666666666 0.12 440 440 
0.5 0.26666666666666666 0.12666666666666668 453 453 
0.5 0.26666666666666666 0.13333333333333333 434 434 
0.5 0.26666666666666666 0.14 472 472 
0.5 0.26666666666666666 0.14666666666666667 452 452 
0.5 0.26666666666666666 0.15333333333333332 411 411 
0.5 0.26666666666666666 0.16 466 466 
0.5 0.26666666666666666 0.16666666666666666 422 422 
0.5 0.26666666666666666 0.17333333333333334 423 423 
0.5 0.26666666666666666 0.18 462 462 
0.5 0.26666666666666666 0.18666666666666668 440 440 
0.5 0.26666666666666666 0.19333333333333333 427 427 
0.5 0.26666666666666666 0.2 477 477 
0.5 0.26666666666666666 0.20666666666666667 437 437 
0.5 0.26666666666666666 0.21333333333333335 447 447 
0.5 0.26666666666666666 0.22 455 455 
0.5 0.26666666666666666 0.22666666666666666 444 444 
0.5 0.26666666666666666 0.23333333333333334 438 438 
0.5 0.26666666666666666 0.24 463 463 
0.5 0.26666666666666666 0.24666666666666667 449 449 
0.5 0.26666666666666666 0.25333333333333335 441 441 
0.5 0.26666666666666666 0.26 456 456 
0.5 0.26666666666666666 0.26666666666666666 418 418 
0.5 0.26666666666666666 0.2733333333333333 467 467 
0.5 0.26666666666666666 0.28 437 437 
0.5 0.26666666666666666 0.2866666666666667 456 456 
0.5 0.26666666666666666 0.29333333333333333 431 431 
0.5 0.26666666666666666 0.3 429 429 
0.5 0.26666666666666666 0.30666666666666664 447 447 
0.5 0.26666666666666666 0.31333333333333335 419 419 
0.5 0.26666666666666666 0.32 418 418 
0.5 0.26666666666666666 0.32666666666666666 463 463 
0.5 0.26666666666666666 0.3333333333333333 432 432 
0.5 0.26666666666666666 0.34 449 449 
0.5 0.26666666666666666 0.3466666666666667 455 455 
0.5 0.26666666666666666 0.35333333333333333 447 447 
0.5 0.26666666666666666 0.36 480 480 
0.5 0.26666666666666666 0.36666666666666664 500 500 
0.5 0.26666666666666666 0.37333333333333335 484 484 
0.5 0.26666666666666666 0.38 433 433 
0.5 0.26666666666666666 0.38666666666666666 491 491 
0.5 0.26666666666666666 0.3933333333333333 466 466 
0.5 0.26666666666666666 0.4 418 418 
0.5 0.26666666666666666 0.4066666666666667 407 407 
0.5 0.26666666666666666 0.41333333333333333 473 473 
0.5 0.26666666666666666 0.42 437 437 
0.5 0.26666666666666666 0.4266666666666667 437 437 
0.5 0.26666666666666666 0.43333333333333335 434 434 
0.5 0.26666666666666666 0.44 431 431 
0.5 0.26666666666666666 0.44666666666666666 437 437 
0.5 0.26666666666666666 0.4533333333333333 503 503 
0.5 0.26666666666666666 0.46 452 452 
0.5 0.26666666666666666 0.4666666666666667 466 466 
0.5 0.26666666666666666 0.47333333333333333 444 444 
0.5 0.26666666666666666 0.48 439 439 
0.5 0.26666666666666666 0.4866666666666667 428 428 
0.5 0.26666666666666666 0.49333333333333335 455 455 
0.5 0.26666666666666666 0.5 507 507 
0.5 0.26666666666666666 0.5066666666666667 472 472 
0.5 0.26666666666666666 0.5133333333333333 456 456 
0.5 0.26666666666666666 0.52 455 455 
0.5 0.26666666666666666 0.5266666666666666 432 432 
0.5 0.26666666666666666 0.5333333333333333 433 433 
0.5 0.26666666666666666 0.54 440 440 
0.5 0.26666666666666666 0.5466666666666666 476 476 
0.5 0.26666666666666666 0.5533333333333333 407 407 
0.5 0.26666666666666666 0.56 465 465 
0.5 0.26666666666666666 0.5666666666666667 443 443 
0.5 0.26666666666666666 0.5733333333333334 465 465 
0.5 0.26666666666666666 0.58 462 462 
0.5 0.26666666666666666 0.5866666666666667 475 475 
0.5 0.26666666666666666 0.5933333333333334 445 445 
0.5 0.26666666666666666 0.6 481 481 
0.5 0.26666666666666666 0.6066666666666667 501 501 
0.5 0.26666666666666666 0.6133333333333333 472 472 
0.5 0.26666666666666666 0.62 485 485 
0.5 0.26666666666666666 0.6266666666666667 419 419 
0.5 0.26666666666666666 0.6333333333333333 433 433 
0.5 0.26666666666666666 0.64 460 460 
0.5 0.26666666666666666 0.6466666666666666 436 436 
0.5 0.26666666666666666 0.6533333333333333 454 454 
0.5 0.26666666666666666 0.66 455 455 
0.5 0.26666666666666666 0.6666666666666666 452 452 
0.5 0.26666666666666666 0.6733333333333333 466 466 
0.5 0.26666666666666666 0.68 453 453 
0.5 0.26666666666666666 0.6866666666666666 444 444 
0.5 0.26666666666666666 0.6933333333333334 462 462 
0.5 0.26666666666666666 0.7 470 470 
0.5 0.26666666666666666 0.7066666666666667 470 470 
0.5 0.26666666666666666 0.7133333333333334 487 487 
0.5 0.26666666666666666 0.72 459 459 
0.5 0.26666666666666666 0.7266666666666667 462 462 
0.5 0.26666666666666666 0.7333333333333333 443 443 
0.5 0.26666666666666666 0.74 445 445 
0.5 0.26666666666666666 0.7466666666666667 435 435 
0.5 0.26666666666666666 0.7533333333333333 466 466 
0.5 0.26666666666666666 0.76 484 484 
0.5 0.26666666666666666 0.7666666666666667 489 489 
0.5 0.26666666666666666 0.7733333333333333 465 465 
0.5 0.26666666666666666 0.78 485 485 
0.5 0.26666666666666666 0.7866666666666666 480 480 
0.5 0.26666666666666666 0.7933333333333333 462 462 
0.5 0.26666666666666666 0.8 432 432 
0.5 0.26666666666666666 0.8066666666666666 435 435 
0.5 0.26666666666666666 0.8133333333333334 401 401 
0.5 0.26666666666666666 0.82 453 453 
0.5 0.26666666666666666 0.8266666666666667 431 431 
0.5 0.26666666666666666 0.8333333333333334 436 436 
0.5 0.26666666666666666 0.84 426 426 
0.5 0.26666666666666666 0.8466666666666667 471 471 
0.5 0.26666666666666666 0.8533333333333334 475 475 
0.5 0.26666666666666666 0.86 460 460 
0.5 0.26666666666666666 0.8666666666666667 424 424 
0.5 0.26666666666666666 0.8733333333333333 491 491 
0.5 0.26666666666666666 0.88 484 484 
0.5 0.26666666666666666 0.8866666666666667 432 432 
0.5 0.26666666666666666 0.8933333333333333 469 469 
0.5 0.26666666666666666 0.9 406 406 
0.5 0.26666666666666666 0.9066666666666666 494 494 
0.5 0.26666666666666666 0.9133333333333333 497 497 
0.5 0.26666666666666666 0.92 460 460 
0.5 0.26666666666666666 0.9266666666666666 477 477 
0.5 0.26666666666666666 0.9333333333333333 475 475 
0.5 0.26666666666666666 0.94 444 444 
0.5 0.26666666666666666 0.9466666666666667 451 451 
0.5 0.26666666666666666 0.9533333333333334 425 425 
0.5 0.26666666666666666 0.96 456 456 
0.5 0.26666666666666666 0.9666666666666667 451 451 
0.5 0.26666666666666666 0.9733333333333334 430 430 
0.5 0.26666666666666666 0.98 479 479 
0.5 0.26666666666666666 0.9866666666666667 527 527 
0.5 0.26666666666666666 0.9933333333333333 0 0 
0.5 0.2733333333333333 0.0 0 0 
0.5 0.2733333333333333 0.006666666666666667 555 555 
0.5 0.2733333333333333 0.013333333333333334 470 470 
0.5 0.2733333333333333 0.02 464 464 
0.5 0.2733333333333333 0.02666666666666667 426 426 
0.5 0.2733333333333333 0.03333333333333333 453 453 
0.5 0.2733333333333333 0.04 436 436 
0.5 0.2733333333333333 0.04666666666666667 435 435 
0.5 0.2733333333333333 0.05333333333333334 421 421 
0.5 0.2733333333333333 0.06 446 446 
0.5 0.2733333333333333 0.06666666666666667 482 482 
0.5 0.2733333333333333 0.07333333333333333 466 466 
0.5 0.2733333333333333 0.08 502 502 
0.5 0.2733333333333333 0.08666666666666667 447 447 
0.5 0.2733333333333333 0.09333333333333334 501 501 
0.5 0.2733333333333333 0.1 496 496 
0.5 0.2733333333333333 0.10666666666666667 428 428 
0.5 0.2733333333333333 0.11333333333333333 475 475 
0.5 0.2733333333333333 0.12 488 488 
0.5 0.2733333333333333 0.12666666666666668 479 479 
0.5 0.2733333333333333 0.13333333333333333 505 505 
0.5 0.2733333333333333 0.14 414 414 
0.5 0.2733333333333333 0.14666666666666667 470 470 
0.5 0.2733333333333333 0.15333333333333332 431 431 
0.5 0.2733333333333333 0.16 456 456 
0.5 0.2733333333333333 0.16666666666666666 530 530 
0.5 0.2733333333333333 0.17333333333333334 423 423 
0.5 0.2733333333333333 0.18 467 467 
0.5 0.2733333333333333 0.18666666666666668 438 438 
0.5 0.2733333333333333 0.19333333333333333 440 440 
0.5 0.2733333333333333 0.2 420 420 
0.5 0.2733333333333333 0.20666666666666667 450 450 
0.5 0.2733333333333333 0.21333333333333335 462 462 
0.5 0.2733333333333333 0.22 467 467 
0.5 0.2733333333333333 0.22666666666666666 469 469 
0.5 0.2733333333333333 0.23333333333333334 467 467 
0.5 0.2733333333333333 0.24 475 475 
0.5 0.2733333333333333 0.24666666666666667 467 467 
0.5 0.2733333333333333 0.25333333333333335 450 450 
0.5 0.2733333333333333 0.26 484 484 
0.5 0.2733333333333333 0.26666666666666666 444 444 
0.5 0.2733333333333333 0.2733333333333333 454 454 
0.5 0.2733333333333333 0.28 435 435 
0.5 0.2733333333333333 0.2866666666666667 465 465 
0.5 0.2733333333333333 0.29333333333333333 450 450 
0.5 0.2733333333333333 0.3 402 402 
0.5 0.2733333333333333 0.30666666666666664 437 437 
0.5 0.2733333333333333 0.31333333333333335 446 446 
0.5 0.2733333333333333 0.32 448 448 
0.5 0.2733333333333333 0.32666666666666666 456 456 
0.5 0.2733333333333333 0.3333333333333333 495 495 
0.5 0.2733333333333333 0.34 456 456 
0.5 0.2733333333333333 0.3466666666666667 470 470 
0.5 0.2733333333333333 0.35333333333333333 466 466 
0.5 0.2733333333333333 0.36 436 436 
0.5 0.2733333333333333 0.36666666666666664 453 453 
0.5 0.2733333333333333 0.37333333333333335 464 464 
0.5 0.2733333333333333 0.38 456 456 
0.5 0.2733333333333333 0.38666666666666666 447 447 
0.5 0.2733333333333333 0.3933333333333333 445 445 
0.5 0.2733333333333333 0.4 450 450 
0.5 0.2733333333333333 0.4066666666666667 420 420 
0.5 0.2733333333333333 0.41333333333333333 440 440 
0.5 0.2733333333333333 0.42 449 449 
0.5 0.2733333333333333 0.4266666666666667 454 454 
0.5 0.2733333333333333 0.43333333333333335 428 428 
0.5 0.2733333333333333 0.44 443 443 
0.5 0.2733333333333333 0.44666666666666666 453 453 
0.5 0.2733333333333333 0.4533333333333333 479 479 
0.5 0.2733333333333333 0.46 468 468 
0.5 0.2733333333333333 0.4666666666666667 489 489 
0.5 0.2733333333333333 0.47333333333333333 459 459 
0.5 0.2733333333333333 0.48 462 462 
0.5 0.2733333333333333 0.4866666666666667 444 444 
0.5 0.2733333333333333 0.49333333333333335 468 468 
0.5 0.2733333333333333 0.5 460 460 
0.5 0.2733333333333333 0.5066666666666667 447 447 
0.5 0.2733333333333333 0.5133333333333333 472 472 
0.5 0.2733333333333333 0.52 417 417 
0.5 0.2733333333333333 0.5266666666666666 483 483 
0.5 0.2733333333333333 0.5333333333333333 457 457 
0.5 0.2733333333333333 0.54 449 449 
0.5 0.2733333333333333 0.5466666666666666 449 449 
0.5 0.2733333333333333 0.5533333333333333 419 419 
0.5 0.2733333333333333 0.56 461 461 
0.5 0.2733333333333333 0.5666666666666667 442 442 
0.5 0.2733333333333333 0.5733333333333334 485 485 
0.5 0.2733333333333333 0.58 452 452 
0.5 0.2733333333333333 0.5866666666666667 440 440 
0.5 0.2733333333333333 0.5933333333333334 455 455 
0.5 0.2733333333333333 0.6 475 475 
0.5 0.2733333333333333 0.6066666666666667 467 467 
0.5 0.2733333333333333 0.6133333333333333 495 495 
0.5 0.2733333333333333 0.62 470 470 
0.5 0.2733333333333333 0.6266666666666667 487 487 
0.5 0.2733333333333333 0.6333333333333333 448 448 
0.5 0.2733333333333333 0.64 474 474 
0.5 0.2733333333333333 0.6466666666666666 445 445 
0.5 0.2733333333333333 0.6533333333333333 447 447 
0.5 0.2733333333333333 0.66 505 505 
0.5 0.2733333333333333 0.6666666666666666 460 460 
0.5 0.2733333333333333 0.6733333333333333 531 531 
0.5 0.2733333333333333 0.68 478 478 
0.5 0.2733333333333333 0.6866666666666666 477 477 
0.5 0.2733333333333333 0.6933333333333334 425 425 
0.5 0.2733333333333333 0.7 478 478 
0.5 0.2733333333333333 0.7066666666666667 454 454 
0.5 0.2733333333333333 0.7133333333333334 474 474 
0.5 0.2733333333333333 0.72 463 463 
0.5 0.2733333333333333 0.7266666666666667 473 473 
0.5 0.2733333333333333 0.7333333333333333 426 426 
0.5 0.2733333333333333 0.74 466 466 
0.5 0.2733333333333333 0.7466666666666667 475 475 
0.5 0.2733333333333333 0.7533333333333333 467 467 
0.5 0.2733333333333333 0.76 449 449 
0.5 0.2733333333333333 0.7666666666666667 445 445 
0.5 0.2733333333333333 0.7733333333333333 488 488 
0.5 0.2733333333333333 0.78 472 472 
0.5 0.2733333333333333 0.7866666666666666 440 440 
0.5 0.2733333333333333 0.7933333333333333 477 477 
0.5 0.2733333333333333 0.8 440 440 
0.5 0.2733333333333333 0.8066666666666666 433 433 
0.5 0.2733333333333333 0.8133333333333334 493 493 
0.5 0.2733333333333333 0.82 419 419 
0.5 0.2733333333333333 0.8266666666666667 422 422 
0.5 0.2733333333333333 0.8333333333333334 438 438 
0.5 0.2733333333333333 0.84 436 436 
0.5 0.2733333333333333 0.8466666666666667 461 461 
0.5 0.2733333333333333 0.8533333333333334 444 444 
0.5 0.2733333333333333 0.86 454 454 
0.5 0.2733333333333333 0.8666666666666667 438 438 
0.5 0.2733333333333333 0.8733333333333333 456 456 
0.5 0.2733333333333333 0.88 465 465 
0.5 0.2733333333333333 0.8866666666666667 414 414 
0.5 0.2733333333333333 0.8933333333333333 498 498 
0.5 0.2733333333333333 0.9 470 470 
0.5 0.2733333333333333 0.9066666666666666 451 451 
0.5 0.2733333333333333 0.9133333333333333 469 469 
0.5 0.2733333333333333 0.92 443 443 
0.5 0.2733333333333333 0.9266666666666666 443 443 
0.5 0.2733333333333333 0.9333333333333333 462 462 
0.5 0.2733333333333333 0.94 425 425 
0.5 0.2733333333333333 0.9466666666666667 425 425 
0.5 0.2733333333333333 0.9533333333333334 439 439 
0.5 0.2733333333333333 0.96 494 494 
0.5 0.2733333333333333 0.9666666666666667 439 439 
0.5 0.2733333333333333 0.9733333333333334 459 459 
0.5 0.2733333333333333 0.98 456 456 
0.5 0.2733333333333333 0.9866666666666667 539 539 
0.5 0.2733333333333333 0.9933333333333333 0 0 
0.5 0.28 0.0 0 0 
0.5 0.28 0.006666666666666667 551 551 
0.5 0.28 0.013333333333333334 524 524 
0.5 0.28 0.02 448 448 
0.5 0.28 0.02666666666666667 459 459 
0.5 0.28 0.03333333333333333 433 433 
0.5 0.28 0.04 470 470 
0.5 0.28 0.04666666666666667 441 441 
0.5 0.28 0.05333333333333334 461 461 
0.5 0.28 0.06 437 437 
0.5 0.28 0.06666666666666667 456 456 
0.5 0.28 0.07333333333333333 454 454 
0.5 0.28 0.08 428 428 
0.5 0.28 0.08666666666666667 458 458 
0.5 0.28 0.09333333333333334 481 481 
0.5 0.28 0.1 440 440 
0.5 0.28 0.10666666666666667 463 463 
0.5 0.28 0.11333333333333333 438 438 
0.5 0.28 0.12 446 446 
0.5 0.28 0.12666666666666668 462 462 
0.5 0.28 0.13333333333333333 469 469 
0.5 0.28 0.14 459 459 
0.5 0.28 0.14666666666666667 476 476 
0.5 0.28 0.15333333333333332 473 473 
0.5 0.28 0.16 436 436 
0.5 0.28 0.16666666666666666 504 504 
0.5 0.28 0.17333333333333334 443 443 
0.5 0.28 0.18 438 438 
0.5 0.28 0.18666666666666668 460 460 
0.5 0.28 0.19333333333333333 462 462 
0.5 0.28 0.2 484 484 
0.5 0.28 0.20666666666666667 425 425 
0.5 0.28 0.21333333333333335 417 417 
0.5 0.28 0.22 463 463 
0.5 0.28 0.22666666666666666 495 495 
0.5 0.28 0.23333333333333334 458 458 
0.5 0.28 0.24 475 475 
0.5 0.28 0.24666666666666667 487 487 
0.5 0.28 0.25333333333333335 460 460 
0.5 0.28 0.26 400 400 
0.5 0.28 0.26666666666666666 440 440 
0.5 0.28 0.2733333333333333 457 457 
0.5 0.28 0.28 427 427 
0.5 0.28 0.2866666666666667 503 503 
0.5 0.28 0.29333333333333333 443 443 
0.5 0.28 0.3 474 474 
0.5 0.28 0.30666666666666664 462 462 
0.5 0.28 0.31333333333333335 456 456 
0.5 0.28 0.32 441 441 
0.5 0.28 0.32666666666666666 502 502 
0.5 0.28 0.3333333333333333 461 461 
0.5 0.28 0.34 469 469 
0.5 0.28 0.3466666666666667 455 455 
0.5 0.28 0.35333333333333333 420 420 
0.5 0.28 0.36 515 515 
0.5 0.28 0.36666666666666664 442 442 
0.5 0.28 0.37333333333333335 417 417 
0.5 0.28 0.38 433 433 
0.5 0.28 0.38666666666666666 447 447 
0.5 0.28 0.3933333333333333 449 449 
0.5 0.28 0.4 456 456 
0.5 0.28 0.4066666666666667 446 446 
0.5 0.28 0.41333333333333333 408 408 
0.5 0.28 0.42 444 444 
0.5 0.28 0.4266666666666667 460 460 
0.5 0.28 0.43333333333333335 448 448 
0.5 0.28 0.44 455 455 
0.5 0.28 0.44666666666666666 453 453 
0.5 0.28 0.4533333333333333 447 447 
0.5 0.28 0.46 428 428 
0.5 0.28 0.4666666666666667 456 456 
0.5 0.28 0.47333333333333333 480 480 
0.5 0.28 0.48 455 455 
0.5 0.28 0.4866666666666667 450 450 
0.5 0.28 0.49333333333333335 441 441 
0.5 0.28 0.5 435 435 
0.5 0.28 0.5066666666666667 492 492 
0.5 0.28 0.5133333333333333 442 442 
0.5 0.28 0.52 446 446 
0.5 0.28 0.5266666666666666 453 453 
0.5 0.28 0.5333333333333333 442 442 
0.5 0.28 0.54 453 453 
0.5 0.28 0.5466666666666666 500 500 
0.5 0.28 0.5533333333333333 457 457 
0.5 0.28 0.56 441 441 
0.5 0.28 0.5666666666666667 439 439 
0.5 0.28 0.5733333333333334 458 458 
0.5 0.28 0.58 448 448 
0.5 0.28 0.5866666666666667 449 449 
0.5 0.28 0.5933333333333334 463 463 
0.5 0.28 0.6 461 461 
0.5 0.28 0.6066666666666667 473 473 
0.5 0.28 0.6133333333333333 492 492 
0.5 0.28 0.62 474 474 
0.5 0.28 0.6266666666666667 473 473 
0.5 0.28 0.6333333333333333 456 456 
0.5 0.28 0.64 450 450 
0.5 0.28 0.6466666666666666 461 461 
0.5 0.28 0.6533333333333333 465 465 
0.5 0.28 0.66 439 439 
0.5 0.28 0.6666666666666666 464 464 
0.5 0.28 0.6733333333333333 452 452 
0.5 0.28 0.68 463 463 
0.5 0.28 0.6866666666666666 506 506 
0.5 0.28 0.6933333333333334 461 461 
0.5 0.28 0.7 462 462 
0.5 0.28 0.7066666666666667 466 466 
0.5 0.28 0.7133333333333334 480 480 
0.5 0.28 0.72 463 463 
0.5 0.28 0.7266666666666667 466 466 
0.5 0.28 0.7333333333333333 419 419 
0.5 0.28 0.74 416 416 
0.5 0.28 0.7466666666666667 439 439 
0.5 0.28 0.7533333333333333 479 479 
0.5 0.28 0.76 464 464 
0.5 0.28 0.7666666666666667 493 493 
0.5 0.28 0.7733333333333333 499 499 
0.5 0.28 0.78 495 495 
0.5 0.28 0.7866666666666666 437 437 
0.5 0.28 0.7933333333333333 465 465 
0.5 0.28 0.8 418 418 
0.5 0.28 0.8066666666666666 433 433 
0.5 0.28 0.8133333333333334 449 449 
0.5 0.28 0.82 385 385 
0.5 0.28 0.8266666666666667 456 456 
0.5 0.28 0.8333333333333334 451 451 
0.5 0.28 0.84 443 443 
0.5 0.28 0.8466666666666667 433 433 
0.5 0.28 0.8533333333333334 441 441 
0.5 0.28 0.86 426 426 
0.5 0.28 0.8666666666666667 432 432 
0.5 0.28 0.8733333333333333 435 435 
0.5 0.28 0.88 412 412 
0.5 0.28 0.8866666666666667 460 460 
0.5 0.28 0.8933333333333333 478 478 
0.5 0.28 0.9 449 449 
0.5 0.28 0.9066666666666666 436 436 
0.5 0.28 0.9133333333333333 450 450 
0.5 0.28 0.92 445 445 
0.5 0.28 0.9266666666666666 477 477 
0.5 0.28 0.9333333333333333 475 475 
0.5 0.28 0.94 458 458 
0.5 0.28 0.9466666666666667 493 493 
0.5 0.28 0.9533333333333334 470 470 
0.5 0.28 0.96 464 464 
0.5 0.28 0.9666666666666667 440 440 
0.5 0.28 0.9733333333333334 465 465 
0.5 0.28 0.98 461 461 
0.5 0.28 0.9866666666666667 554 554 
0.5 0.28 0.9933333333333333 0 0 
0.5 0.2866666666666667 0.0 0 0 
0.5 0.2866666666666667 0.006666666666666667 560 560 
0.5 0.2866666666666667 0.013333333333333334 472 472 
0.5 0.2866666666666667 0.02 485 485 
0.5 0.2866666666666667 0.02666666666666667 458 458 
0.5 0.2866666666666667 0.03333333333333333 444 444 
0.5 0.2866666666666667 0.04 453 453 
0.5 0.2866666666666667 0.04666666666666667 451 451 
0.5 0.2866666666666667 0.05333333333333334 495 495 
0.5 0.2866666666666667 0.06 457 457 
0.5 0.2866666666666667 0.06666666666666667 481 481 
0.5 0.2866666666666667 0.07333333333333333 488 488 
0.5 0.2866666666666667 0.08 448 448 
0.5 0.2866666666666667 0.08666666666666667 461 461 
0.5 0.2866666666666667 0.09333333333333334 496 496 
0.5 0.2866666666666667 0.1 480 480 
0.5 0.2866666666666667 0.10666666666666667 469 469 
0.5 0.2866666666666667 0.11333333333333333 455 455 
0.5 0.2866666666666667 0.12 476 476 
0.5 0.2866666666666667 0.12666666666666668 454 454 
0.5 0.2866666666666667 0.13333333333333333 446 446 
0.5 0.2866666666666667 0.14 453 453 
0.5 0.2866666666666667 0.14666666666666667 476 476 
0.5 0.2866666666666667 0.15333333333333332 468 468 
0.5 0.2866666666666667 0.16 457 457 
0.5 0.2866666666666667 0.16666666666666666 451 451 
0.5 0.2866666666666667 0.17333333333333334 471 471 
0.5 0.2866666666666667 0.18 435 435 
0.5 0.2866666666666667 0.18666666666666668 469 469 
0.5 0.2866666666666667 0.19333333333333333 456 456 
0.5 0.2866666666666667 0.2 427 427 
0.5 0.2866666666666667 0.20666666666666667 451 451 
0.5 0.2866666666666667 0.21333333333333335 411 411 
0.5 0.2866666666666667 0.22 487 487 
0.5 0.2866666666666667 0.22666666666666666 454 454 
0.5 0.2866666666666667 0.23333333333333334 469 469 
0.5 0.2866666666666667 0.24 471 471 
0.5 0.2866666666666667 0.24666666666666667 469 469 
0.5 0.2866666666666667 0.25333333333333335 442 442 
0.5 0.2866666666666667 0.26 479 479 
0.5 0.2866666666666667 0.26666666666666666 451 451 
0.5 0.2866666666666667 0.2733333333333333 438 438 
0.5 0.2866666666666667 0.28 454 454 
0.5 0.2866666666666667 0.2866666666666667 462 462 
0.5 0.2866666666666667 0.29333333333333333 449 449 
0.5 0.2866666666666667 0.3 493 493 
0.5 0.2866666666666667 0.30666666666666664 435 435 
0.5 0.2866666666666667 0.31333333333333335 425 425 
0.5 0.2866666666666667 0.32 465 465 
0.5 0.2866666666666667 0.32666666666666666 458 458 
0.5 0.2866666666666667 0.3333333333333333 456 456 
0.5 0.2866666666666667 0.34 478 478 
0.5 0.2866666666666667 0.3466666666666667 480 480 
0.5 0.2866666666666667 0.35333333333333333 479 479 
0.5 0.2866666666666667 0.36 487 487 
0.5 0.2866666666666667 0.36666666666666664 456 456 
0.5 0.2866666666666667 0.37333333333333335 478 478 
0.5 0.2866666666666667 0.38 451 451 
0.5 0.2866666666666667 0.38666666666666666 396 396 
0.5 0.2866666666666667 0.3933333333333333 442 442 
0.5 0.2866666666666667 0.4 448 448 
0.5 0.2866666666666667 0.4066666666666667 426 426 
0.5 0.2866666666666667 0.41333333333333333 426 426 
0.5 0.2866666666666667 0.42 429 429 
0.5 0.2866666666666667 0.4266666666666667 460 460 
0.5 0.2866666666666667 0.43333333333333335 422 422 
0.5 0.2866666666666667 0.44 453 453 
0.5 0.2866666666666667 0.44666666666666666 450 450 
0.5 0.2866666666666667 0.4533333333333333 429 429 
0.5 0.2866666666666667 0.46 465 465 
0.5 0.2866666666666667 0.4666666666666667 454 454 
0.5 0.2866666666666667 0.47333333333333333 504 504 
0.5 0.2866666666666667 0.48 444 444 
0.5 0.2866666666666667 0.4866666666666667 514 514 
0.5 0.2866666666666667 0.49333333333333335 438 438 
0.5 0.2866666666666667 0.5 480 480 
0.5 0.2866666666666667 0.5066666666666667 469 469 
0.5 0.2866666666666667 0.5133333333333333 458 458 
0.5 0.2866666666666667 0.52 437 437 
0.5 0.2866666666666667 0.5266666666666666 432 432 
0.5 0.2866666666666667 0.5333333333333333 483 483 
0.5 0.2866666666666667 0.54 469 469 
0.5 0.2866666666666667 0.5466666666666666 428 428 
0.5 0.2866666666666667 0.5533333333333333 482 482 
0.5 0.2866666666666667 0.56 472 472 
0.5 0.2866666666666667 0.5666666666666667 477 477 
0.5 0.2866666666666667 0.5733333333333334 457 457 
0.5 0.2866666666666667 0.58 464 464 
0.5 0.2866666666666667 0.5866666666666667 510 510 
0.5 0.2866666666666667 0.5933333333333334 487 487 
0.5 0.2866666666666667 0.6 482 482 
0.5 0.2866666666666667 0.6066666666666667 501 501 
0.5 0.2866666666666667 0.6133333333333333 448 448 
0.5 0.2866666666666667 0.62 437 437 
0.5 0.2866666666666667 0.6266666666666667 489 489 
0.5 0.2866666666666667 0.6333333333333333 442 442 
0.5 0.2866666666666667 0.64 440 440 
0.5 0.2866666666666667 0.6466666666666666 460 460 
0.5 0.2866666666666667 0.6533333333333333 449 449 
0.5 0.2866666666666667 0.66 445 445 
0.5 0.2866666666666667 0.6666666666666666 463 463 
0.5 0.2866666666666667 0.6733333333333333 468 468 
0.5 0.2866666666666667 0.68 446 446 
0.5 0.2866666666666667 0.6866666666666666 443 443 
0.5 0.2866666666666667 0.6933333333333334 452 452 
0.5 0.2866666666666667 0.7 489 489 
0.5 0.2866666666666667 0.7066666666666667 509 509 
0.5 0.2866666666666667 0.7133333333333334 476 476 
0.5 0.2866666666666667 0.72 459 459 
0.5 0.2866666666666667 0.7266666666666667 469 469 
0.5 0.2866666666666667 0.7333333333333333 450 450 
0.5 0.2866666666666667 0.74 467 467 
0.5 0.2866666666666667 0.7466666666666667 469 469 
0.5 0.2866666666666667 0.7533333333333333 444 444 
0.5 0.2866666666666667 0.76 464 464 
0.5 0.2866666666666667 0.7666666666666667 513 513 
0.5 0.2866666666666667 0.7733333333333333 468 468 
0.5 0.2866666666666667 0.78 472 472 
0.5 0.2866666666666667 0.7866666666666666 471 471 
0.5 0.2866666666666667 0.7933333333333333 423 423 
0.5 0.2866666666666667 0.8 457 457 
0.5 0.2866666666666667 0.8066666666666666 460 460 
0.5 0.2866666666666667 0.8133333333333334 435 435 
0.5 0.2866666666666667 0.82 436 436 
0.5 0.2866666666666667 0.8266666666666667 471 471 
0.5 0.2866666666666667 0.8333333333333334 425 425 
0.5 0.2866666666666667 0.84 422 422 
0.5 0.2866666666666667 0.8466666666666667 412 412 
0.5 0.2866666666666667 0.8533333333333334 437 437 
0.5 0.2866666666666667 0.86 413 413 
0.5 0.2866666666666667 0.8666666666666667 438 438 
0.5 0.2866666666666667 0.8733333333333333 432 432 
0.5 0.2866666666666667 0.88 422 422 
0.5 0.2866666666666667 0.8866666666666667 446 446 
0.5 0.2866666666666667 0.8933333333333333 433 433 
0.5 0.2866666666666667 0.9 449 449 
0.5 0.2866666666666667 0.9066666666666666 436 436 
0.5 0.2866666666666667 0.9133333333333333 439 439 
0.5 0.2866666666666667 0.92 480 480 
0.5 0.2866666666666667 0.9266666666666666 431 431 
0.5 0.2866666666666667 0.9333333333333333 448 448 
0.5 0.2866666666666667 0.94 419 419 
0.5 0.2866666666666667 0.9466666666666667 465 465 
0.5 0.2866666666666667 0.9533333333333334 516 516 
0.5 0.2866666666666667 0.96 474 474 
0.5 0.2866666666666667 0.9666666666666667 482 482 
0.5 0.2866666666666667 0.9733333333333334 455 455 
0.5 0.2866666666666667 0.98 451 451 
0.5 0.2866666666666667 0.9866666666666667 560 560 
0.5 0.2866666666666667 0.9933333333333333 0 0 
0.5 0.29333333333333333 0.0 0 0 
0.5 0.29333333333333333 0.006666666666666667 601 601 
0.5 0.29333333333333333 0.013333333333333334 485 485 
0.5 0.29333333333333333 0.02 449 449 
0.5 0.29333333333333333 0.02666666666666667 463 463 
0.5 0.29333333333333333 0.03333333333333333 455 455 
0.5 0.29333333333333333 0.04 481 481 
0.5 0.29333333333333333 0.04666666666666667 486 486 
0.5 0.29333333333333333 0.05333333333333334 454 454 
0.5 0.29333333333333333 0.06 495 495 
0.5 0.29333333333333333 0.06666666666666667 461 461 
0.5 0.29333333333333333 0.07333333333333333 466 466 
0.5 0.29333333333333333 0.08 467 467 
0.5 0.29333333333333333 0.08666666666666667 462 462 
0.5 0.29333333333333333 0.09333333333333334 454 454 
0.5 0.29333333333333333 0.1 476 476 
0.5 0.29333333333333333 0.10666666666666667 415 415 
0.5 0.29333333333333333 0.11333333333333333 455 455 
0.5 0.29333333333333333 0.12 454 454 
0.5 0.29333333333333333 0.12666666666666668 433 433 
0.5 0.29333333333333333 0.13333333333333333 439 439 
0.5 0.29333333333333333 0.14 452 452 
0.5 0.29333333333333333 0.14666666666666667 460 460 
0.5 0.29333333333333333 0.15333333333333332 460 460 
0.5 0.29333333333333333 0.16 440 440 
0.5 0.29333333333333333 0.16666666666666666 421 421 
0.5 0.29333333333333333 0.17333333333333334 431 431 
0.5 0.29333333333333333 0.18 462 462 
0.5 0.29333333333333333 0.18666666666666668 423 423 
0.5 0.29333333333333333 0.19333333333333333 437 437 
0.5 0.29333333333333333 0.2 449 449 
0.5 0.29333333333333333 0.20666666666666667 469 469 
0.5 0.29333333333333333 0.21333333333333335 449 449 
0.5 0.29333333333333333 0.22 510 510 
0.5 0.29333333333333333 0.22666666666666666 459 459 
0.5 0.29333333333333333 0.23333333333333334 505 505 
0.5 0.29333333333333333 0.24 453 453 
0.5 0.29333333333333333 0.24666666666666667 505 505 
0.5 0.29333333333333333 0.25333333333333335 457 457 
0.5 0.29333333333333333 0.26 471 471 
0.5 0.29333333333333333 0.26666666666666666 452 452 
0.5 0.29333333333333333 0.2733333333333333 444 444 
0.5 0.29333333333333333 0.28 466 466 
0.5 0.29333333333333333 0.2866666666666667 442 442 
0.5 0.29333333333333333 0.29333333333333333 442 442 
0.5 0.29333333333333333 0.3 437 437 
0.5 0.29333333333333333 0.30666666666666664 460 460 
0.5 0.29333333333333333 0.31333333333333335 434 434 
0.5 0.29333333333333333 0.32 484 484 
0.5 0.29333333333333333 0.32666666666666666 458 458 
0.5 0.29333333333333333 0.3333333333333333 469 469 
0.5 0.29333333333333333 0.34 461 461 
0.5 0.29333333333333333 0.3466666666666667 471 471 
0.5 0.29333333333333333 0.35333333333333333 447 447 
0.5 0.29333333333333333 0.36 450 450 
0.5 0.29333333333333333 0.36666666666666664 473 473 
0.5 0.29333333333333333 0.37333333333333335 459 459 
0.5 0.29333333333333333 0.38 450 450 
0.5 0.29333333333333333 0.38666666666666666 476 476 
0.5 0.29333333333333333 0.3933333333333333 496 496 
0.5 0.29333333333333333 0.4 435 435 
0.5 0.29333333333333333 0.4066666666666667 475 475 
0.5 0.29333333333333333 0.41333333333333333 446 446 
0.5 0.29333333333333333 0.42 413 413 
0.5 0.29333333333333333 0.4266666666666667 438 438 
0.5 0.29333333333333333 0.43333333333333335 467 467 
0.5 0.29333333333333333 0.44 425 425 
0.5 0.29333333333333333 0.44666666666666666 431 431 
0.5 0.29333333333333333 0.4533333333333333 481 481 
0.5 0.29333333333333333 0.46 482 482 
0.5 0.29333333333333333 0.4666666666666667 442 442 
0.5 0.29333333333333333 0.47333333333333333 480 480 
0.5 0.29333333333333333 0.48 477 477 
0.5 0.29333333333333333 0.4866666666666667 507 507 
0.5 0.29333333333333333 0.49333333333333335 437 437 
0.5 0.29333333333333333 0.5 467 467 
0.5 0.29333333333333333 0.5066666666666667 413 413 
0.5 0.29333333333333333 0.5133333333333333 452 452 
0.5 0.29333333333333333 0.52 468 468 
0.5 0.29333333333333333 0.5266666666666666 474 474 
0.5 0.29333333333333333 0.5333333333333333 467 467 
0.5 0.29333333333333333 0.54 446 446 
0.5 0.29333333333333333 0.5466666666666666 441 441 
0.5 0.29333333333333333 0.5533333333333333 432 432 
0.5 0.29333333333333333 0.56 414 414 
0.5 0.29333333333333333 0.5666666666666667 456 456 
0.5 0.29333333333333333 0.5733333333333334 444 444 
0.5 0.29333333333333333 0.58 486 486 
0.5 0.29333333333333333 0.5866666666666667 447 447 
0.5 0.29333333333333333 0.5933333333333334 433 433 
0.5 0.29333333333333333 0.6 456 456 
0.5 0.29333333333333333 0.6066666666666667 432 432 
0.5 0.29333333333333333 0.6133333333333333 495 495 
0.5 0.29333333333333333 0.62 481 481 
0.5 0.29333333333333333 0.6266666666666667 426 426 
0.5 0.29333333333333333 0.6333333333333333 425 425 
0.5 0.29333333333333333 0.64 498 498 
0.5 0.29333333333333333 0.6466666666666666 464 464 
0.5 0.29333333333333333 0.6533333333333333 439 439 
0.5 0.29333333333333333 0.66 436 436 
0.5 0.29333333333333333 0.6666666666666666 470 470 
0.5 0.29333333333333333 0.6733333333333333 485 485 
0.5 0.29333333333333333 0.68 467 467 
0.5 0.29333333333333333 0.6866666666666666 448 448 
0.5 0.29333333333333333 0.6933333333333334 510 510 
0.5 0.29333333333333333 0.7 479 479 
0.5 0.29333333333333333 0.7066666666666667 442 442 
0.5 0.29333333333333333 0.7133333333333334 458 458 
0.5 0.29333333333333333 0.72 445 445 
0.5 0.29333333333333333 0.7266666666666667 429 429 
0.5 0.29333333333333333 0.7333333333333333 468 468 
0.5 0.29333333333333333 0.74 468 468 
0.5 0.29333333333333333 0.7466666666666667 484 484 
0.5 0.29333333333333333 0.7533333333333333 463 463 
0.5 0.29333333333333333 0.76 467 467 
0.5 0.29333333333333333 0.7666666666666667 471 471 
0.5 0.29333333333333333 0.7733333333333333 446 446 
0.5 0.29333333333333333 0.78 466 466 
0.5 0.29333333333333333 0.7866666666666666 452 452 
0.5 0.29333333333333333 0.7933333333333333 457 457 
0.5 0.29333333333333333 0.8 462 462 
0.5 0.29333333333333333 0.8066666666666666 424 424 
0.5 0.29333333333333333 0.8133333333333334 440 440 
0.5 0.29333333333333333 0.82 470 470 
0.5 0.29333333333333333 0.8266666666666667 447 447 
0.5 0.29333333333333333 0.8333333333333334 456 456 
0.5 0.29333333333333333 0.84 447 447 
0.5 0.29333333333333333 0.8466666666666667 443 443 
0.5 0.29333333333333333 0.8533333333333334 427 427 
0.5 0.29333333333333333 0.86 413 413 
0.5 0.29333333333333333 0.8666666666666667 454 454 
0.5 0.29333333333333333 0.8733333333333333 440 440 
0.5 0.29333333333333333 0.88 451 451 
0.5 0.29333333333333333 0.8866666666666667 465 465 
0.5 0.29333333333333333 0.8933333333333333 449 449 
0.5 0.29333333333333333 0.9 440 440 
0.5 0.29333333333333333 0.9066666666666666 455 455 
0.5 0.29333333333333333 0.9133333333333333 441 441 
0.5 0.29333333333333333 0.92 389 389 
0.5 0.29333333333333333 0.9266666666666666 393 393 
0.5 0.29333333333333333 0.9333333333333333 453 453 
0.5 0.29333333333333333 0.94 464 464 
0.5 0.29333333333333333 0.9466666666666667 473 473 
0.5 0.29333333333333333 0.9533333333333334 452 452 
0.5 0.29333333333333333 0.96 489 489 
0.5 0.29333333333333333 0.9666666666666667 473 473 
0.5 0.29333333333333333 0.9733333333333334 463 463 
0.5 0.29333333333333333 0.98 451 451 
0.5 0.29333333333333333 0.9866666666666667 544 544 
0.5 0.29333333333333333 0.9933333333333333 0 0 
0.5 0.3 0.0 0 0 
0.5 0.3 0.006666666666666667 576 576 
0.5 0.3 0.013333333333333334 465 465 
0.5 0.3 0.02 474 474 
0.5 0.3 0.02666666666666667 459 459 
0.5 0.3 0.03333333333333333 492 492 
0.5 0.3 0.04 463 463 
0.5 0.3 0.04666666666666667 468 468 
0.5 0.3 0.05333333333333334 492 492 
0.5 0.3 0.06 457 457 
0.5 0.3 0.06666666666666667 499 499 
0.5 0.3 0.07333333333333333 450 450 
0.5 0.3 0.08 422 422 
0.5 0.3 0.08666666666666667 396 396 
0.5 0.3 0.09333333333333334 440 440 
0.5 0.3 0.1 424 424 
0.5 0.3 0.10666666666666667 449 449 
0.5 0.3 0.11333333333333333 465 465 
0.5 0.3 0.12 445 445 
0.5 0.3 0.12666666666666668 450 450 
0.5 0.3 0.13333333333333333 454 454 
0.5 0.3 0.14 450 450 
0.5 0.3 0.14666666666666667 466 466 
0.5 0.3 0.15333333333333332 438 438 
0.5 0.3 0.16 480 480 
0.5 0.3 0.16666666666666666 458 458 
0.5 0.3 0.17333333333333334 447 447 
0.5 0.3 0.18 460 460 
0.5 0.3 0.18666666666666668 462 462 
0.5 0.3 0.19333333333333333 464 464 
0.5 0.3 0.2 467 467 
0.5 0.3 0.20666666666666667 472 472 
0.5 0.3 0.21333333333333335 451 451 
0.5 0.3 0.22 437 437 
0.5 0.3 0.22666666666666666 486 486 
0.5 0.3 0.23333333333333334 448 448 
0.5 0.3 0.24 453 453 
0.5 0.3 0.24666666666666667 446 446 
0.5 0.3 0.25333333333333335 468 468 
0.5 0.3 0.26 458 458 
0.5 0.3 0.26666666666666666 448 448 
0.5 0.3 0.2733333333333333 461 461 
0.5 0.3 0.28 460 460 
0.5 0.3 0.2866666666666667 464 464 
0.5 0.3 0.29333333333333333 470 470 
0.5 0.3 0.3 465 465 
0.5 0.3 0.30666666666666664 463 463 
0.5 0.3 0.31333333333333335 456 456 
0.5 0.3 0.32 472 472 
0.5 0.3 0.32666666666666666 449 449 
0.5 0.3 0.3333333333333333 461 461 
0.5 0.3 0.34 462 462 
0.5 0.3 0.3466666666666667 434 434 
0.5 0.3 0.35333333333333333 477 477 
0.5 0.3 0.36 415 415 
0.5 0.3 0.36666666666666664 448 448 
0.5 0.3 0.37333333333333335 464 464 
0.5 0.3 0.38 470 470 
0.5 0.3 0.38666666666666666 469 469 
0.5 0.3 0.3933333333333333 477 477 
0.5 0.3 0.4 449 449 
0.5 0.3 0.4066666666666667 445 445 
0.5 0.3 0.41333333333333333 487 487 
0.5 0.3 0.42 458 458 
0.5 0.3 0.4266666666666667 441 441 
0.5 0.3 0.43333333333333335 438 438 
0.5 0.3 0.44 485 485 
0.5 0.3 0.44666666666666666 470 470 
0.5 0.3 0.4533333333333333 423 423 
0.5 0.3 0.46 470 470 
0.5 0.3 0.4666666666666667 463 463 
0.5 0.3 0.47333333333333333 460 460 
0.5 0.3 0.48 467 467 
0.5 0.3 0.4866666666666667 470 470 
0.5 0.3 0.49333333333333335 441 441 
0.5 0.3 0.5 480 480 
0.5 0.3 0.5066666666666667 482 482 
0.5 0.3 0.5133333333333333 451 451 
0.5 0.3 0.52 460 460 
0.5 0.3 0.5266666666666666 493 493 
0.5 0.3 0.5333333333333333 462 462 
0.5 0.3 0.54 476 476 
0.5 0.3 0.5466666666666666 473 473 
0.5 0.3 0.5533333333333333 447 447 
0.5 0.3 0.56 476 476 
0.5 0.3 0.5666666666666667 492 492 
0.5 0.3 0.5733333333333334 439 439 
0.5 0.3 0.58 432 432 
0.5 0.3 0.5866666666666667 456 456 
0.5 0.3 0.5933333333333334 426 426 
0.5 0.3 0.6 414 414 
0.5 0.3 0.6066666666666667 444 444 
0.5 0.3 0.6133333333333333 495 495 
0.5 0.3 0.62 411 411 
0.5 0.3 0.6266666666666667 454 454 
0.5 0.3 0.6333333333333333 462 462 
0.5 0.3 0.64 425 425 
0.5 0.3 0.6466666666666666 454 454 
0.5 0.3 0.6533333333333333 460 460 
0.5 0.3 0.66 447 447 
0.5 0.3 0.6666666666666666 469 469 
0.5 0.3 0.6733333333333333 462 462 
0.5 0.3 0.68 443 443 
0.5 0.3 0.6866666666666666 501 501 
0.5 0.3 0.6933333333333334 473 473 
0.5 0.3 0.7 477 477 
0.5 0.3 0.7066666666666667 471 471 
0.5 0.3 0.7133333333333334 479 479 
0.5 0.3 0.72 438 438 
0.5 0.3 0.7266666666666667 466 466 
0.5 0.3 0.7333333333333333 463 463 
0.5 0.3 0.74 466 466 
0.5 0.3 0.7466666666666667 445 445 
0.5 0.3 0.7533333333333333 448 448 
0.5 0.3 0.76 445 445 
0.5 0.3 0.7666666666666667 464 464 
0.5 0.3 0.7733333333333333 415 415 
0.5 0.3 0.78 437 437 
0.5 0.3 0.7866666666666666 469 469 
0.5 0.3 0.7933333333333333 468 468 
0.5 0.3 0.8 438 438 
0.5 0.3 0.8066666666666666 452 452 
0.5 0.3 0.8133333333333334 422 422 
0.5 0.3 0.82 467 467 
0.5 0.3 0.8266666666666667 418 418 
0.5 0.3 0.8333333333333334 443 443 
0.5 0.3 0.84 455 455 
0.5 0.3 0.8466666666666667 396 396 
0.5 0.3 0.8533333333333334 453 453 
0.5 0.3 0.86 459 459 
0.5 0.3 0.8666666666666667 483 483 
0.5 0.3 0.8733333333333333 467 467 
0.5 0.3 0.88 506 506 
0.5 0.3 0.8866666666666667 438 438 
0.5 0.3 0.8933333333333333 467 467 
0.5 0.3 0.9 486 486 
0.5 0.3 0.9066666666666666 433 433 
0.5 0.3 0.9133333333333333 404 404 
0.5 0.3 0.92 415 415 
0.5 0.3 0.9266666666666666 457 457 
0.5 0.3 0.9333333333333333 438 438 
0.5 0.3 0.94 505 505 
0.5 0.3 0.9466666666666667 483 483 
0.5 0.3 0.9533333333333334 469 469 
0.5 0.3 0.96 488 488 
0.5 0.3 0.9666666666666667 483 483 
0.5 0.3 0.9733333333333334 455 455 
0.5 0.3 0.98 518 518 
0.5 0.3 0.9866666666666667 525 525 
0.5 0.3 0.9933333333333333 0 0 
0.5 0.30666666666666664 0.0 0 0 
0.5 0.30666666666666664 0.006666666666666667 523 523 
0.5 0.30666666666666664 0.013333333333333334 487 487 
0.5 0.30666666666666664 0.02 455 455 
0.5 0.30666666666666664 0.02666666666666667 465 465 
0.5 0.30666666666666664 0.03333333333333333 509 509 
0.5 0.30666666666666664 0.04 513 513 
0.5 0.30666666666666664 0.04666666666666667 476 476 
0.5 0.30666666666666664 0.05333333333333334 463 463 
0.5 0.30666666666666664 0.06 463 463 
0.5 0.30666666666666664 0.06666666666666667 502 502 
0.5 0.30666666666666664 0.07333333333333333 455 455 
0.5 0.30666666666666664 0.08 472 472 
0.5 0.30666666666666664 0.08666666666666667 433 433 
0.5 0.30666666666666664 0.09333333333333334 434 434 
0.5 0.30666666666666664 0.1 433 433 
0.5 0.30666666666666664 0.10666666666666667 444 444 
0.5 0.30666666666666664 0.11333333333333333 444 444 
0.5 0.30666666666666664 0.12 451 451 
0.5 0.30666666666666664 0.12666666666666668 418 418 
0.5 0.30666666666666664 0.13333333333333333 471 471 
0.5 0.30666666666666664 0.14 460 460 
0.5 0.30666666666666664 0.14666666666666667 429 429 
0.5 0.30666666666666664 0.15333333333333332 463 463 
0.5 0.30666666666666664 0.16 441 441 
0.5 0.30666666666666664 0.16666666666666666 451 451 
0.5 0.30666666666666664 0.17333333333333334 421 421 
0.5 0.30666666666666664 0.18 493 493 
0.5 0.30666666666666664 0.18666666666666668 481 481 
0.5 0.30666666666666664 0.19333333333333333 472 472 
0.5 0.30666666666666664 0.2 481 481 
0.5 0.30666666666666664 0.20666666666666667 470 470 
0.5 0.30666666666666664 0.21333333333333335 467 467 
0.5 0.30666666666666664 0.22 476 476 
0.5 0.30666666666666664 0.22666666666666666 450 450 
0.5 0.30666666666666664 0.23333333333333334 448 448 
0.5 0.30666666666666664 0.24 442 442 
0.5 0.30666666666666664 0.24666666666666667 459 459 
0.5 0.30666666666666664 0.25333333333333335 470 470 
0.5 0.30666666666666664 0.26 455 455 
0.5 0.30666666666666664 0.26666666666666666 491 491 
0.5 0.30666666666666664 0.2733333333333333 496 496 
0.5 0.30666666666666664 0.28 428 428 
0.5 0.30666666666666664 0.2866666666666667 501 501 
0.5 0.30666666666666664 0.29333333333333333 425 425 
0.5 0.30666666666666664 0.3 474 474 
0.5 0.30666666666666664 0.30666666666666664 385 385 
0.5 0.30666666666666664 0.31333333333333335 481 481 
0.5 0.30666666666666664 0.32 457 457 
0.5 0.30666666666666664 0.32666666666666666 441 441 
0.5 0.30666666666666664 0.3333333333333333 428 428 
0.5 0.30666666666666664 0.34 449 449 
0.5 0.30666666666666664 0.3466666666666667 446 446 
0.5 0.30666666666666664 0.35333333333333333 466 466 
0.5 0.30666666666666664 0.36 491 491 
0.5 0.30666666666666664 0.36666666666666664 457 457 
0.5 0.30666666666666664 0.37333333333333335 440 440 
0.5 0.30666666666666664 0.38 451 451 
0.5 0.30666666666666664 0.38666666666666666 441 441 
0.5 0.30666666666666664 0.3933333333333333 445 445 
0.5 0.30666666666666664 0.4 495 495 
0.5 0.30666666666666664 0.4066666666666667 481 481 
0.5 0.30666666666666664 0.41333333333333333 481 481 
0.5 0.30666666666666664 0.42 497 497 
0.5 0.30666666666666664 0.4266666666666667 462 462 
0.5 0.30666666666666664 0.43333333333333335 448 448 
0.5 0.30666666666666664 0.44 468 468 
0.5 0.30666666666666664 0.44666666666666666 442 442 
0.5 0.30666666666666664 0.4533333333333333 458 458 
0.5 0.30666666666666664 0.46 458 458 
0.5 0.30666666666666664 0.4666666666666667 457 457 
0.5 0.30666666666666664 0.47333333333333333 462 462 
0.5 0.30666666666666664 0.48 462 462 
0.5 0.30666666666666664 0.4866666666666667 482 482 
0.5 0.30666666666666664 0.49333333333333335 471 471 
0.5 0.30666666666666664 0.5 436 436 
0.5 0.30666666666666664 0.5066666666666667 493 493 
0.5 0.30666666666666664 0.5133333333333333 448 448 
0.5 0.30666666666666664 0.52 461 461 
0.5 0.30666666666666664 0.5266666666666666 477 477 
0.5 0.30666666666666664 0.5333333333333333 460 460 
0.5 0.30666666666666664 0.54 469 469 
0.5 0.30666666666666664 0.5466666666666666 463 463 
0.5 0.30666666666666664 0.5533333333333333 449 449 
0.5 0.30666666666666664 0.56 453 453 
0.5 0.30666666666666664 0.5666666666666667 439 439 
0.5 0.30666666666666664 0.5733333333333334 451 451 
0.5 0.30666666666666664 0.58 450 450 
0.5 0.30666666666666664 0.5866666666666667 464 464 
0.5 0.30666666666666664 0.5933333333333334 421 421 
0.5 0.30666666666666664 0.6 435 435 
0.5 0.30666666666666664 0.6066666666666667 470 470 
0.5 0.30666666666666664 0.6133333333333333 457 457 
0.5 0.30666666666666664 0.62 446 446 
0.5 0.30666666666666664 0.6266666666666667 441 441 
0.5 0.30666666666666664 0.6333333333333333 485 485 
0.5 0.30666666666666664 0.64 449 449 
0.5 0.30666666666666664 0.6466666666666666 436 436 
0.5 0.30666666666666664 0.6533333333333333 479 479 
0.5 0.30666666666666664 0.66 460 460 
0.5 0.30666666666666664 0.6666666666666666 459 459 
0.5 0.30666666666666664 0.6733333333333333 430 430 
0.5 0.30666666666666664 0.68 419 419 
0.5 0.30666666666666664 0.6866666666666666 439 439 
0.5 0.30666666666666664 0.6933333333333334 428 428 
0.5 0.30666666666666664 0.7 430 430 
0.5 0.30666666666666664 0.7066666666666667 425 425 
0.5 0.30666666666666664 0.7133333333333334 413 413 
0.5 0.30666666666666664 0.72 455 455 
0.5 0.30666666666666664 0.7266666666666667 459 459 
0.5 0.30666666666666664 0.7333333333333333 464 464 
0.5 0.30666666666666664 0.74 445 445 
0.5 0.30666666666666664 0.7466666666666667 463 463 
0.5 0.30666666666666664 0.7533333333333333 455 455 
0.5 0.30666666666666664 0.76 475 475 
0.5 0.30666666666666664 0.7666666666666667 440 440 
0.5 0.30666666666666664 0.7733333333333333 448 448 
0.5 0.30666666666666664 0.78 437 437 
0.5 0.30666666666666664 0.7866666666666666 436 436 
0.5 0.30666666666666664 0.7933333333333333 464 464 
0.5 0.30666666666666664 0.8 446 446 
0.5 0.30666666666666664 0.8066666666666666 447 447 
0.5 0.30666666666666664 0.8133333333333334 454 454 
0.5 0.30666666666666664 0.82 466 466 
0.5 0.30666666666666664 0.8266666666666667 453 453 
0.5 0.30666666666666664 0.8333333333333334 473 473 
0.5 0.30666666666666664 0.84 455 455 
0.5 0.30666666666666664 0.8466666666666667 477 477 
0.5 0.30666666666666664 0.8533333333333334 471 471 
0.5 0.30666666666666664 0.86 489 489 
0.5 0.30666666666666664 0.8666666666666667 474 474 
0.5 0.30666666666666664 0.8733333333333333 461 461 
0.5 0.30666666666666664 0.88 486 486 
0.5 0.30666666666666664 0.8866666666666667 461 461 
0.5 0.30666666666666664 0.8933333333333333 461 461 
0.5 0.30666666666666664 0.9 455 455 
0.5 0.30666666666666664 0.9066666666666666 438 438 
0.5 0.30666666666666664 0.9133333333333333 444 444 
0.5 0.30666666666666664 0.92 408 408 
0.5 0.30666666666666664 0.9266666666666666 455 455 
0.5 0.30666666666666664 0.9333333333333333 465 465 
0.5 0.30666666666666664 0.94 468 468 
0.5 0.30666666666666664 0.9466666666666667 443 443 
0.5 0.30666666666666664 0.9533333333333334 493 493 
0.5 0.30666666666666664 0.96 504 504 
0.5 0.30666666666666664 0.9666666666666667 471 471 
0.5 0.30666666666666664 0.9733333333333334 492 492 
0.5 0.30666666666666664 0.98 486 486 
0.5 0.30666666666666664 0.9866666666666667 521 521 
0.5 0.30666666666666664 0.9933333333333333 0 0 
0.5 0.31333333333333335 0.0 0 0 
0.5 0.31333333333333335 0.006666666666666667 575 575 
0.5 0.31333333333333335 0.013333333333333334 454 454 
0.5 0.31333333333333335 0.02 441 441 
0.5 0.31333333333333335 0.02666666666666667 461 461 
0.5 0.31333333333333335 0.03333333333333333 488 488 
0.5 0.31333333333333335 0.04 453 453 
0.5 0.31333333333333335 0.04666666666666667 472 472 
0.5 0.31333333333333335 0.05333333333333334 484 484 
0.5 0.31333333333333335 0.06 417 417 
0.5 0.31333333333333335 0.06666666666666667 456 456 
0.5 0.31333333333333335 0.07333333333333333 469 469 
0.5 0.31333333333333335 0.08 445 445 
0.5 0.31333333333333335 0.08666666666666667 449 449 
0.5 0.31333333333333335 0.09333333333333334 449 449 
0.5 0.31333333333333335 0.1 438 438 
0.5 0.31333333333333335 0.10666666666666667 441 441 
0.5 0.31333333333333335 0.11333333333333333 418 418 
0.5 0.31333333333333335 0.12 428 428 
0.5 0.31333333333333335 0.12666666666666668 463 463 
0.5 0.31333333333333335 0.13333333333333333 434 434 
0.5 0.31333333333333335 0.14 419 419 
0.5 0.31333333333333335 0.14666666666666667 448 448 
0.5 0.31333333333333335 0.15333333333333332 434 434 
0.5 0.31333333333333335 0.16 464 464 
0.5 0.31333333333333335 0.16666666666666666 438 438 
0.5 0.31333333333333335 0.17333333333333334 466 466 
0.5 0.31333333333333335 0.18 455 455 
0.5 0.31333333333333335 0.18666666666666668 493 493 
0.5 0.31333333333333335 0.19333333333333333 497 497 
0.5 0.31333333333333335 0.2 483 483 
0.5 0.31333333333333335 0.20666666666666667 459 459 
0.5 0.31333333333333335 0.21333333333333335 483 483 
0.5 0.31333333333333335 0.22 502 502 
0.5 0.31333333333333335 0.22666666666666666 434 434 
0.5 0.31333333333333335 0.23333333333333334 412 412 
0.5 0.31333333333333335 0.24 443 443 
0.5 0.31333333333333335 0.24666666666666667 461 461 
0.5 0.31333333333333335 0.25333333333333335 459 459 
0.5 0.31333333333333335 0.26 462 462 
0.5 0.31333333333333335 0.26666666666666666 434 434 
0.5 0.31333333333333335 0.2733333333333333 485 485 
0.5 0.31333333333333335 0.28 453 453 
0.5 0.31333333333333335 0.2866666666666667 477 477 
0.5 0.31333333333333335 0.29333333333333333 500 500 
0.5 0.31333333333333335 0.3 432 432 
0.5 0.31333333333333335 0.30666666666666664 482 482 
0.5 0.31333333333333335 0.31333333333333335 447 447 
0.5 0.31333333333333335 0.32 463 463 
0.5 0.31333333333333335 0.32666666666666666 491 491 
0.5 0.31333333333333335 0.3333333333333333 437 437 
0.5 0.31333333333333335 0.34 465 465 
0.5 0.31333333333333335 0.3466666666666667 468 468 
0.5 0.31333333333333335 0.35333333333333333 472 472 
0.5 0.31333333333333335 0.36 455 455 
0.5 0.31333333333333335 0.36666666666666664 445 445 
0.5 0.31333333333333335 0.37333333333333335 441 441 
0.5 0.31333333333333335 0.38 449 449 
0.5 0.31333333333333335 0.38666666666666666 464 464 
0.5 0.31333333333333335 0.3933333333333333 486 486 
0.5 0.31333333333333335 0.4 474 474 
0.5 0.31333333333333335 0.4066666666666667 478 478 
0.5 0.31333333333333335 0.41333333333333333 442 442 
0.5 0.31333333333333335 0.42 478 478 
0.5 0.31333333333333335 0.4266666666666667 464 464 
0.5 0.31333333333333335 0.43333333333333335 506 506 
0.5 0.31333333333333335 0.44 486 486 
0.5 0.31333333333333335 0.44666666666666666 475 475 
0.5 0.31333333333333335 0.4533333333333333 467 467 
0.5 0.31333333333333335 0.46 469 469 
0.5 0.31333333333333335 0.4666666666666667 446 446 
0.5 0.31333333333333335 0.47333333333333333 481 481 
0.5 0.31333333333333335 0.48 424 424 
0.5 0.31333333333333335 0.4866666666666667 478 478 
0.5 0.31333333333333335 0.49333333333333335 471 471 
0.5 0.31333333333333335 0.5 472 472 
0.5 0.31333333333333335 0.5066666666666667 429 429 
0.5 0.31333333333333335 0.5133333333333333 457 457 
0.5 0.31333333333333335 0.52 453 453 
0.5 0.31333333333333335 0.5266666666666666 435 435 
0.5 0.31333333333333335 0.5333333333333333 480 480 
0.5 0.31333333333333335 0.54 476 476 
0.5 0.31333333333333335 0.5466666666666666 455 455 
0.5 0.31333333333333335 0.5533333333333333 507 507 
0.5 0.31333333333333335 0.56 445 445 
0.5 0.31333333333333335 0.5666666666666667 431 431 
0.5 0.31333333333333335 0.5733333333333334 446 446 
0.5 0.31333333333333335 0.58 438 438 
0.5 0.31333333333333335 0.5866666666666667 435 435 
0.5 0.31333333333333335 0.5933333333333334 466 466 
0.5 0.31333333333333335 0.6 427 427 
0.5 0.31333333333333335 0.6066666666666667 509 509 
0.5 0.31333333333333335 0.6133333333333333 413 413 
0.5 0.31333333333333335 0.62 434 434 
0.5 0.31333333333333335 0.6266666666666667 425 425 
0.5 0.31333333333333335 0.6333333333333333 435 435 
0.5 0.31333333333333335 0.64 491 491 
0.5 0.31333333333333335 0.6466666666666666 464 464 
0.5 0.31333333333333335 0.6533333333333333 432 432 
0.5 0.31333333333333335 0.66 489 489 
0.5 0.31333333333333335 0.6666666666666666 452 452 
0.5 0.31333333333333335 0.6733333333333333 422 422 
0.5 0.31333333333333335 0.68 438 438 
0.5 0.31333333333333335 0.6866666666666666 447 447 
0.5 0.31333333333333335 0.6933333333333334 437 437 
0.5 0.31333333333333335 0.7 464 464 
0.5 0.31333333333333335 0.7066666666666667 430 430 
0.5 0.31333333333333335 0.7133333333333334 454 454 
0.5 0.31333333333333335 0.72 457 457 
0.5 0.31333333333333335 0.7266666666666667 435 435 
0.5 0.31333333333333335 0.7333333333333333 427 427 
0.5 0.31333333333333335 0.74 485 485 
0.5 0.31333333333333335 0.7466666666666667 487 487 
0.5 0.31333333333333335 0.7533333333333333 451 451 
0.5 0.31333333333333335 0.76 423 423 
0.5 0.31333333333333335 0.7666666666666667 447 447 
0.5 0.31333333333333335 0.7733333333333333 439 439 
0.5 0.31333333333333335 0.78 465 465 
0.5 0.31333333333333335 0.7866666666666666 462 462 
0.5 0.31333333333333335 0.7933333333333333 442 442 
0.5 0.31333333333333335 0.8 438 438 
0.5 0.31333333333333335 0.8066666666666666 447 447 
0.5 0.31333333333333335 0.8133333333333334 470 470 
0.5 0.31333333333333335 0.82 483 483 
0.5 0.31333333333333335 0.8266666666666667 496 496 
0.5 0.31333333333333335 0.8333333333333334 473 473 
0.5 0.31333333333333335 0.84 452 452 
0.5 0.31333333333333335 0.8466666666666667 459 459 
0.5 0.31333333333333335 0.8533333333333334 439 439 
0.5 0.31333333333333335 0.86 426 426 
0.5 0.31333333333333335 0.8666666666666667 499 499 
0.5 0.31333333333333335 0.8733333333333333 484 484 
0.5 0.31333333333333335 0.88 476 476 
0.5 0.31333333333333335 0.8866666666666667 497 497 
0.5 0.31333333333333335 0.8933333333333333 441 441 
0.5 0.31333333333333335 0.9 463 463 
0.5 0.31333333333333335 0.9066666666666666 453 453 
0.5 0.31333333333333335 0.9133333333333333 425 425 
0.5 0.31333333333333335 0.92 491 491 
0.5 0.31333333333333335 0.9266666666666666 477 477 
0.5 0.31333333333333335 0.9333333333333333 486 486 
0.5 0.31333333333333335 0.94 444 444 
0.5 0.31333333333333335 0.9466666666666667 450 450 
0.5 0.31333333333333335 0.9533333333333334 463 463 
0.5 0.31333333333333335 0.96 471 471 
0.5 0.31333333333333335 0.9666666666666667 498 498 
0.5 0.31333333333333335 0.9733333333333334 475 475 
0.5 0.31333333333333335 0.98 493 493 
0.5 0.31333333333333335 0.9866666666666667 551 551 
0.5 0.31333333333333335 0.9933333333333333 0 0 
0.5 0.32 0.0 0 0 
0.5 0.32 0.006666666666666667 551 551 
0.5 0.32 0.013333333333333334 449 449 
0.5 0.32 0.02 476 476 
0.5 0.32 0.02666666666666667 462 462 
0.5 0.32 0.03333333333333333 471 471 
0.5 0.32 0.04 481 481 
0.5 0.32 0.04666666666666667 428 428 
0.5 0.32 0.05333333333333334 481 481 
0.5 0.32 0.06 474 474 
0.5 0.32 0.06666666666666667 469 469 
0.5 0.32 0.07333333333333333 466 466 
0.5 0.32 0.08 446 446 
0.5 0.32 0.08666666666666667 413 413 
0.5 0.32 0.09333333333333334 432 432 
0.5 0.32 0.1 427 427 
0.5 0.32 0.10666666666666667 463 463 
0.5 0.32 0.11333333333333333 478 478 
0.5 0.32 0.12 470 470 
0.5 0.32 0.12666666666666668 438 438 
0.5 0.32 0.13333333333333333 450 450 
0.5 0.32 0.14 490 490 
0.5 0.32 0.14666666666666667 443 443 
0.5 0.32 0.15333333333333332 496 496 
0.5 0.32 0.16 475 475 
0.5 0.32 0.16666666666666666 460 460 
0.5 0.32 0.17333333333333334 450 450 
0.5 0.32 0.18 451 451 
0.5 0.32 0.18666666666666668 435 435 
0.5 0.32 0.19333333333333333 446 446 
0.5 0.32 0.2 438 438 
0.5 0.32 0.20666666666666667 494 494 
0.5 0.32 0.21333333333333335 460 460 
0.5 0.32 0.22 422 422 
0.5 0.32 0.22666666666666666 458 458 
0.5 0.32 0.23333333333333334 454 454 
0.5 0.32 0.24 416 416 
0.5 0.32 0.24666666666666667 424 424 
0.5 0.32 0.25333333333333335 485 485 
0.5 0.32 0.26 437 437 
0.5 0.32 0.26666666666666666 439 439 
0.5 0.32 0.2733333333333333 465 465 
0.5 0.32 0.28 445 445 
0.5 0.32 0.2866666666666667 487 487 
0.5 0.32 0.29333333333333333 461 461 
0.5 0.32 0.3 434 434 
0.5 0.32 0.30666666666666664 497 497 
0.5 0.32 0.31333333333333335 448 448 
0.5 0.32 0.32 453 453 
0.5 0.32 0.32666666666666666 462 462 
0.5 0.32 0.3333333333333333 434 434 
0.5 0.32 0.34 450 450 
0.5 0.32 0.3466666666666667 473 473 
0.5 0.32 0.35333333333333333 442 442 
0.5 0.32 0.36 447 447 
0.5 0.32 0.36666666666666664 428 428 
0.5 0.32 0.37333333333333335 426 426 
0.5 0.32 0.38 481 481 
0.5 0.32 0.38666666666666666 442 442 
0.5 0.32 0.3933333333333333 442 442 
0.5 0.32 0.4 502 502 
0.5 0.32 0.4066666666666667 482 482 
0.5 0.32 0.41333333333333333 524 524 
0.5 0.32 0.42 456 456 
0.5 0.32 0.4266666666666667 489 489 
0.5 0.32 0.43333333333333335 520 520 
0.5 0.32 0.44 444 444 
0.5 0.32 0.44666666666666666 472 472 
0.5 0.32 0.4533333333333333 458 458 
0.5 0.32 0.46 492 492 
0.5 0.32 0.4666666666666667 436 436 
0.5 0.32 0.47333333333333333 498 498 
0.5 0.32 0.48 449 449 
0.5 0.32 0.4866666666666667 445 445 
0.5 0.32 0.49333333333333335 444 444 
0.5 0.32 0.5 465 465 
0.5 0.32 0.5066666666666667 468 468 
0.5 0.32 0.5133333333333333 496 496 
0.5 0.32 0.52 458 458 
0.5 0.32 0.5266666666666666 445 445 
0.5 0.32 0.5333333333333333 477 477 
0.5 0.32 0.54 443 443 
0.5 0.32 0.5466666666666666 445 445 
0.5 0.32 0.5533333333333333 457 457 
0.5 0.32 0.56 470 470 
0.5 0.32 0.5666666666666667 496 496 
0.5 0.32 0.5733333333333334 436 436 
0.5 0.32 0.58 441 441 
0.5 0.32 0.5866666666666667 500 500 
0.5 0.32 0.5933333333333334 434 434 
0.5 0.32 0.6 400 400 
0.5 0.32 0.6066666666666667 461 461 
0.5 0.32 0.6133333333333333 447 447 
0.5 0.32 0.62 431 431 
0.5 0.32 0.6266666666666667 467 467 
0.5 0.32 0.6333333333333333 445 445 
0.5 0.32 0.64 442 442 
0.5 0.32 0.6466666666666666 411 411 
0.5 0.32 0.6533333333333333 453 453 
0.5 0.32 0.66 486 486 
0.5 0.32 0.6666666666666666 463 463 
0.5 0.32 0.6733333333333333 487 487 
0.5 0.32 0.68 426 426 
0.5 0.32 0.6866666666666666 438 438 
0.5 0.32 0.6933333333333334 481 481 
0.5 0.32 0.7 421 421 
0.5 0.32 0.7066666666666667 477 477 
0.5 0.32 0.7133333333333334 482 482 
0.5 0.32 0.72 457 457 
0.5 0.32 0.7266666666666667 460 460 
0.5 0.32 0.7333333333333333 463 463 
0.5 0.32 0.74 423 423 
0.5 0.32 0.7466666666666667 456 456 
0.5 0.32 0.7533333333333333 497 497 
0.5 0.32 0.76 491 491 
0.5 0.32 0.7666666666666667 470 470 
0.5 0.32 0.7733333333333333 460 460 
0.5 0.32 0.78 440 440 
0.5 0.32 0.7866666666666666 446 446 
0.5 0.32 0.7933333333333333 490 490 
0.5 0.32 0.8 482 482 
0.5 0.32 0.8066666666666666 464 464 
0.5 0.32 0.8133333333333334 513 513 
0.5 0.32 0.82 454 454 
0.5 0.32 0.8266666666666667 510 510 
0.5 0.32 0.8333333333333334 468 468 
0.5 0.32 0.84 496 496 
0.5 0.32 0.8466666666666667 469 469 
0.5 0.32 0.8533333333333334 518 518 
0.5 0.32 0.86 502 502 
0.5 0.32 0.8666666666666667 508 508 
0.5 0.32 0.8733333333333333 478 478 
0.5 0.32 0.88 478 478 
0.5 0.32 0.8866666666666667 429 429 
0.5 0.32 0.8933333333333333 461 461 
0.5 0.32 0.9 432 432 
0.5 0.32 0.9066666666666666 422 422 
0.5 0.32 0.9133333333333333 455 455 
0.5 0.32 0.92 457 457 
0.5 0.32 0.9266666666666666 508 508 
0.5 0.32 0.9333333333333333 463 463 
0.5 0.32 0.94 443 443 
0.5 0.32 0.9466666666666667 438 438 
0.5 0.32 0.9533333333333334 475 475 
0.5 0.32 0.96 445 445 
0.5 0.32 0.9666666666666667 463 463 
0.5 0.32 0.9733333333333334 471 471 
0.5 0.32 0.98 495 495 
0.5 0.32 0.9866666666666667 585 585 
0.5 0.32 0.9933333333333333 0 0 
0.5 0.32666666666666666 0.0 0 0 
0.5 0.32666666666666666 0.006666666666666667 532 532 
0.5 0.32666666666666666 0.013333333333333334 467 467 
0.5 0.32666666666666666 0.02 458 458 
0.5 0.32666666666666666 0.02666666666666667 451 451 
0.5 0.32666666666666666 0.03333333333333333 484 484 
0.5 0.32666666666666666 0.04 448 448 
0.5 0.32666666666666666 0.04666666666666667 415 415 
0.5 0.32666666666666666 0.05333333333333334 443 443 
0.5 0.32666666666666666 0.06 433 433 
0.5 0.32666666666666666 0.06666666666666667 425 425 
0.5 0.32666666666666666 0.07333333333333333 433 433 
0.5 0.32666666666666666 0.08 450 450 
0.5 0.32666666666666666 0.08666666666666667 497 497 
0.5 0.32666666666666666 0.09333333333333334 459 459 
0.5 0.32666666666666666 0.1 455 455 
0.5 0.32666666666666666 0.10666666666666667 494 494 
0.5 0.32666666666666666 0.11333333333333333 474 474 
0.5 0.32666666666666666 0.12 442 442 
0.5 0.32666666666666666 0.12666666666666668 444 444 
0.5 0.32666666666666666 0.13333333333333333 434 434 
0.5 0.32666666666666666 0.14 466 466 
0.5 0.32666666666666666 0.14666666666666667 432 432 
0.5 0.32666666666666666 0.15333333333333332 435 435 
0.5 0.32666666666666666 0.16 442 442 
0.5 0.32666666666666666 0.16666666666666666 471 471 
0.5 0.32666666666666666 0.17333333333333334 476 476 
0.5 0.32666666666666666 0.18 462 462 
0.5 0.32666666666666666 0.18666666666666668 492 492 
0.5 0.32666666666666666 0.19333333333333333 457 457 
0.5 0.32666666666666666 0.2 467 467 
0.5 0.32666666666666666 0.20666666666666667 453 453 
0.5 0.32666666666666666 0.21333333333333335 472 472 
0.5 0.32666666666666666 0.22 461 461 
0.5 0.32666666666666666 0.22666666666666666 441 441 
0.5 0.32666666666666666 0.23333333333333334 465 465 
0.5 0.32666666666666666 0.24 409 409 
0.5 0.32666666666666666 0.24666666666666667 431 431 
0.5 0.32666666666666666 0.25333333333333335 466 466 
0.5 0.32666666666666666 0.26 447 447 
0.5 0.32666666666666666 0.26666666666666666 447 447 
0.5 0.32666666666666666 0.2733333333333333 443 443 
0.5 0.32666666666666666 0.28 469 469 
0.5 0.32666666666666666 0.2866666666666667 460 460 
0.5 0.32666666666666666 0.29333333333333333 446 446 
0.5 0.32666666666666666 0.3 444 444 
0.5 0.32666666666666666 0.30666666666666664 464 464 
0.5 0.32666666666666666 0.31333333333333335 437 437 
0.5 0.32666666666666666 0.32 449 449 
0.5 0.32666666666666666 0.32666666666666666 432 432 
0.5 0.32666666666666666 0.3333333333333333 431 431 
0.5 0.32666666666666666 0.34 426 426 
0.5 0.32666666666666666 0.3466666666666667 450 450 
0.5 0.32666666666666666 0.35333333333333333 431 431 
0.5 0.32666666666666666 0.36 472 472 
0.5 0.32666666666666666 0.36666666666666664 466 466 
0.5 0.32666666666666666 0.37333333333333335 480 480 
0.5 0.32666666666666666 0.38 485 485 
0.5 0.32666666666666666 0.38666666666666666 452 452 
0.5 0.32666666666666666 0.3933333333333333 442 442 
0.5 0.32666666666666666 0.4 446 446 
0.5 0.32666666666666666 0.4066666666666667 476 476 
0.5 0.32666666666666666 0.41333333333333333 474 474 
0.5 0.32666666666666666 0.42 460 460 
0.5 0.32666666666666666 0.4266666666666667 465 465 
0.5 0.32666666666666666 0.43333333333333335 494 494 
0.5 0.32666666666666666 0.44 480 480 
0.5 0.32666666666666666 0.44666666666666666 464 464 
0.5 0.32666666666666666 0.4533333333333333 493 493 
0.5 0.32666666666666666 0.46 476 476 
0.5 0.32666666666666666 0.4666666666666667 471 471 
0.5 0.32666666666666666 0.47333333333333333 443 443 
0.5 0.32666666666666666 0.48 468 468 
0.5 0.32666666666666666 0.4866666666666667 432 432 
0.5 0.32666666666666666 0.49333333333333335 445 445 
0.5 0.32666666666666666 0.5 531 531 
0.5 0.32666666666666666 0.5066666666666667 452 452 
0.5 0.32666666666666666 0.5133333333333333 440 440 
0.5 0.32666666666666666 0.52 449 449 
0.5 0.32666666666666666 0.5266666666666666 466 466 
0.5 0.32666666666666666 0.5333333333333333 445 445 
0.5 0.32666666666666666 0.54 468 468 
0.5 0.32666666666666666 0.5466666666666666 463 463 
0.5 0.32666666666666666 0.5533333333333333 470 470 
0.5 0.32666666666666666 0.56 470 470 
0.5 0.32666666666666666 0.5666666666666667 475 475 
0.5 0.32666666666666666 0.5733333333333334 447 447 
0.5 0.32666666666666666 0.58 461 461 
0.5 0.32666666666666666 0.5866666666666667 439 439 
0.5 0.32666666666666666 0.5933333333333334 435 435 
0.5 0.32666666666666666 0.6 466 466 
0.5 0.32666666666666666 0.6066666666666667 508 508 
0.5 0.32666666666666666 0.6133333333333333 464 464 
0.5 0.32666666666666666 0.62 493 493 
0.5 0.32666666666666666 0.6266666666666667 452 452 
0.5 0.32666666666666666 0.6333333333333333 461 461 
0.5 0.32666666666666666 0.64 445 445 
0.5 0.32666666666666666 0.6466666666666666 481 481 
0.5 0.32666666666666666 0.6533333333333333 452 452 
0.5 0.32666666666666666 0.66 456 456 
0.5 0.32666666666666666 0.6666666666666666 425 425 
0.5 0.32666666666666666 0.6733333333333333 450 450 
0.5 0.32666666666666666 0.68 502 502 
0.5 0.32666666666666666 0.6866666666666666 481 481 
0.5 0.32666666666666666 0.6933333333333334 448 448 
0.5 0.32666666666666666 0.7 520 520 
0.5 0.32666666666666666 0.7066666666666667 430 430 
0.5 0.32666666666666666 0.7133333333333334 440 440 
0.5 0.32666666666666666 0.72 467 467 
0.5 0.32666666666666666 0.7266666666666667 493 493 
0.5 0.32666666666666666 0.7333333333333333 516 516 
0.5 0.32666666666666666 0.74 465 465 
0.5 0.32666666666666666 0.7466666666666667 476 476 
0.5 0.32666666666666666 0.7533333333333333 455 455 
0.5 0.32666666666666666 0.76 442 442 
0.5 0.32666666666666666 0.7666666666666667 488 488 
0.5 0.32666666666666666 0.7733333333333333 481 481 
0.5 0.32666666666666666 0.78 459 459 
0.5 0.32666666666666666 0.7866666666666666 476 476 
0.5 0.32666666666666666 0.7933333333333333 481 481 
0.5 0.32666666666666666 0.8 456 456 
0.5 0.32666666666666666 0.8066666666666666 478 478 
0.5 0.32666666666666666 0.8133333333333334 427 427 
0.5 0.32666666666666666 0.82 433 433 
0.5 0.32666666666666666 0.8266666666666667 479 479 
0.5 0.32666666666666666 0.8333333333333334 480 480 
0.5 0.32666666666666666 0.84 515 515 
0.5 0.32666666666666666 0.8466666666666667 493 493 
0.5 0.32666666666666666 0.8533333333333334 505 505 
0.5 0.32666666666666666 0.86 512 512 
0.5 0.32666666666666666 0.8666666666666667 452 452 
0.5 0.32666666666666666 0.8733333333333333 468 468 
0.5 0.32666666666666666 0.88 456 456 
0.5 0.32666666666666666 0.8866666666666667 487 487 
0.5 0.32666666666666666 0.8933333333333333 438 438 
0.5 0.32666666666666666 0.9 443 443 
0.5 0.32666666666666666 0.9066666666666666 459 459 
0.5 0.32666666666666666 0.9133333333333333 477 477 
0.5 0.32666666666666666 0.92 484 484 
0.5 0.32666666666666666 0.9266666666666666 483 483 
0.5 0.32666666666666666 0.9333333333333333 510 510 
0.5 0.32666666666666666 0.94 511 511 
0.5 0.32666666666666666 0.9466666666666667 489 489 
0.5 0.32666666666666666 0.9533333333333334 436 436 
0.5 0.32666666666666666 0.96 420 420 
0.5 0.32666666666666666 0.9666666666666667 448 448 
0.5 0.32666666666666666 0.9733333333333334 463 463 
0.5 0.32666666666666666 0.98 456 456 
0.5 0.32666666666666666 0.9866666666666667 564 564 
0.5 0.32666666666666666 0.9933333333333333 0 0 
0.5 0.3333333333333333 0.0 0 0 
0.5 0.3333333333333333 0.006666666666666667 596 596 
0.5 0.3333333333333333 0.013333333333333334 452 452 
0.5 0.3333333333333333 0.02 422 422 
0.5 0.3333333333333333 0.02666666666666667 465 465 
0.5 0.3333333333333333 0.03333333333333333 460 460 
0.5 0.3333333333333333 0.04 444 444 
0.5 0.3333333333333333 0.04666666666666667 467 467 
0.5 0.3333333333333333 0.05333333333333334 484 484 
0.5 0.3333333333333333 0.06 440 440 
0.5 0.3333333333333333 0.06666666666666667 447 447 
0.5 0.3333333333333333 0.07333333333333333 453 453 
0.5 0.3333333333333333 0.08 454 454 
0.5 0.3333333333333333 0.08666666666666667 508 508 
0.5 0.3333333333333333 0.09333333333333334 482 482 
0.5 0.3333333333333333 0.1 463 463 
0.5 0.3333333333333333 0.10666666666666667 400 400 
0.5 0.3333333333333333 0.11333333333333333 445 445 
0.5 0.3333333333333333 0.12 462 462 
0.5 0.3333333333333333 0.12666666666666668 446 446 
0.5 0.3333333333333333 0.13333333333333333 438 438 
0.5 0.3333333333333333 0.14 450 450 
0.5 0.3333333333333333 0.14666666666666667 463 463 
0.5 0.3333333333333333 0.15333333333333332 453 453 
0.5 0.3333333333333333 0.16 448 448 
0.5 0.3333333333333333 0.16666666666666666 436 436 
0.5 0.3333333333333333 0.17333333333333334 468 468 
0.5 0.3333333333333333 0.18 445 445 
0.5 0.3333333333333333 0.18666666666666668 451 451 
0.5 0.3333333333333333 0.19333333333333333 434 434 
0.5 0.3333333333333333 0.2 467 467 
0.5 0.3333333333333333 0.20666666666666667 433 433 
0.5 0.3333333333333333 0.21333333333333335 506 506 
0.5 0.3333333333333333 0.22 424 424 
0.5 0.3333333333333333 0.22666666666666666 465 465 
0.5 0.3333333333333333 0.23333333333333334 449 449 
0.5 0.3333333333333333 0.24 442 442 
0.5 0.3333333333333333 0.24666666666666667 462 462 
0.5 0.3333333333333333 0.25333333333333335 426 426 
0.5 0.3333333333333333 0.26 484 484 
0.5 0.3333333333333333 0.26666666666666666 449 449 
0.5 0.3333333333333333 0.2733333333333333 456 456 
0.5 0.3333333333333333 0.28 465 465 
0.5 0.3333333333333333 0.2866666666666667 468 468 
0.5 0.3333333333333333 0.29333333333333333 426 426 
0.5 0.3333333333333333 0.3 463 463 
0.5 0.3333333333333333 0.30666666666666664 483 483 
0.5 0.3333333333333333 0.31333333333333335 479 479 
0.5 0.3333333333333333 0.32 447 447 
0.5 0.3333333333333333 0.32666666666666666 449 449 
0.5 0.3333333333333333 0.3333333333333333 466 466 
0.5 0.3333333333333333 0.34 460 460 
0.5 0.3333333333333333 0.3466666666666667 480 480 
0.5 0.3333333333333333 0.35333333333333333 463 463 
0.5 0.3333333333333333 0.36 473 473 
0.5 0.3333333333333333 0.36666666666666664 461 461 
0.5 0.3333333333333333 0.37333333333333335 486 486 
0.5 0.3333333333333333 0.38 506 506 
0.5 0.3333333333333333 0.38666666666666666 426 426 
0.5 0.3333333333333333 0.3933333333333333 413 413 
0.5 0.3333333333333333 0.4 465 465 
0.5 0.3333333333333333 0.4066666666666667 423 423 
0.5 0.3333333333333333 0.41333333333333333 475 475 
0.5 0.3333333333333333 0.42 455 455 
0.5 0.3333333333333333 0.4266666666666667 491 491 
0.5 0.3333333333333333 0.43333333333333335 446 446 
0.5 0.3333333333333333 0.44 416 416 
0.5 0.3333333333333333 0.44666666666666666 454 454 
0.5 0.3333333333333333 0.4533333333333333 490 490 
0.5 0.3333333333333333 0.46 469 469 
0.5 0.3333333333333333 0.4666666666666667 473 473 
0.5 0.3333333333333333 0.47333333333333333 453 453 
0.5 0.3333333333333333 0.48 460 460 
0.5 0.3333333333333333 0.4866666666666667 464 464 
0.5 0.3333333333333333 0.49333333333333335 453 453 
0.5 0.3333333333333333 0.5 489 489 
0.5 0.3333333333333333 0.5066666666666667 434 434 
0.5 0.3333333333333333 0.5133333333333333 468 468 
0.5 0.3333333333333333 0.52 464 464 
0.5 0.3333333333333333 0.5266666666666666 499 499 
0.5 0.3333333333333333 0.5333333333333333 475 475 
0.5 0.3333333333333333 0.54 491 491 
0.5 0.3333333333333333 0.5466666666666666 440 440 
0.5 0.3333333333333333 0.5533333333333333 471 471 
0.5 0.3333333333333333 0.56 465 465 
0.5 0.3333333333333333 0.5666666666666667 421 421 
0.5 0.3333333333333333 0.5733333333333334 457 457 
0.5 0.3333333333333333 0.58 456 456 
0.5 0.3333333333333333 0.5866666666666667 477 477 
0.5 0.3333333333333333 0.5933333333333334 462 462 
0.5 0.3333333333333333 0.6 450 450 
0.5 0.3333333333333333 0.6066666666666667 436 436 
0.5 0.3333333333333333 0.6133333333333333 455 455 
0.5 0.3333333333333333 0.62 484 484 
0.5 0.3333333333333333 0.6266666666666667 477 477 
0.5 0.3333333333333333 0.6333333333333333 432 432 
0.5 0.3333333333333333 0.64 476 476 
0.5 0.3333333333333333 0.6466666666666666 418 418 
0.5 0.3333333333333333 0.6533333333333333 427 427 
0.5 0.3333333333333333 0.66 522 522 
0.5 0.3333333333333333 0.6666666666666666 465 465 
0.5 0.3333333333333333 0.6733333333333333 476 476 
0.5 0.3333333333333333 0.68 475 475 
0.5 0.3333333333333333 0.6866666666666666 463 463 
0.5 0.3333333333333333 0.6933333333333334 464 464 
0.5 0.3333333333333333 0.7 467 467 
0.5 0.3333333333333333 0.7066666666666667 460 460 
0.5 0.3333333333333333 0.7133333333333334 479 479 
0.5 0.3333333333333333 0.72 443 443 
0.5 0.3333333333333333 0.7266666666666667 445 445 
0.5 0.3333333333333333 0.7333333333333333 437 437 
0.5 0.3333333333333333 0.74 446 446 
0.5 0.3333333333333333 0.7466666666666667 485 485 
0.5 0.3333333333333333 0.7533333333333333 458 458 
0.5 0.3333333333333333 0.76 463 463 
0.5 0.3333333333333333 0.7666666666666667 471 471 
0.5 0.3333333333333333 0.7733333333333333 474 474 
0.5 0.3333333333333333 0.78 446 446 
0.5 0.3333333333333333 0.7866666666666666 521 521 
0.5 0.3333333333333333 0.7933333333333333 506 506 
0.5 0.3333333333333333 0.8 472 472 
0.5 0.3333333333333333 0.8066666666666666 430 430 
0.5 0.3333333333333333 0.8133333333333334 507 507 
0.5 0.3333333333333333 0.82 485 485 
0.5 0.3333333333333333 0.8266666666666667 508 508 
0.5 0.3333333333333333 0.8333333333333334 502 502 
0.5 0.3333333333333333 0.84 481 481 
0.5 0.3333333333333333 0.8466666666666667 472 472 
0.5 0.3333333333333333 0.8533333333333334 487 487 
0.5 0.3333333333333333 0.86 475 475 
0.5 0.3333333333333333 0.8666666666666667 484 484 
0.5 0.3333333333333333 0.8733333333333333 494 494 
0.5 0.3333333333333333 0.88 503 503 
0.5 0.3333333333333333 0.8866666666666667 465 465 
0.5 0.3333333333333333 0.8933333333333333 449 449 
0.5 0.3333333333333333 0.9 430 430 
0.5 0.3333333333333333 0.9066666666666666 484 484 
0.5 0.3333333333333333 0.9133333333333333 497 497 
0.5 0.3333333333333333 0.92 506 506 
0.5 0.3333333333333333 0.9266666666666666 488 488 
0.5 0.3333333333333333 0.9333333333333333 464 464 
0.5 0.3333333333333333 0.94 462 462 
0.5 0.3333333333333333 0.9466666666666667 466 466 
0.5 0.3333333333333333 0.9533333333333334 427 427 
0.5 0.3333333333333333 0.96 458 458 
0.5 0.3333333333333333 0.9666666666666667 494 494 
0.5 0.3333333333333333 0.9733333333333334 450 450 
0.5 0.3333333333333333 0.98 475 475 
0.5 0.3333333333333333 0.9866666666666667 576 576 
0.5 0.3333333333333333 0.9933333333333333 0 0 
0.5 0.34 0.0 0 0 
0.5 0.34 0.006666666666666667 544 544 
0.5 0.34 0.013333333333333334 466 466 
0.5 0.34 0.02 466 466 
0.5 0.34 0.02666666666666667 467 467 
0.5 0.34 0.03333333333333333 443 443 
0.5 0.34 0.04 435 435 
0.5 0.34 0.04666666666666667 467 467 
0.5 0.34 0.05333333333333334 432 432 
0.5 0.34 0.06 463 463 
0.5 0.34 0.06666666666666667 449 449 
0.5 0.34 0.07333333333333333 471 471 
0.5 0.34 0.08 477 477 
0.5 0.34 0.08666666666666667 439 439 
0.5 0.34 0.09333333333333334 436 436 
0.5 0.34 0.1 461 461 
0.5 0.34 0.10666666666666667 492 492 
0.5 0.34 0.11333333333333333 444 444 
0.5 0.34 0.12 429 429 
0.5 0.34 0.12666666666666668 493 493 
0.5 0.34 0.13333333333333333 469 469 
0.5 0.34 0.14 446 446 
0.5 0.34 0.14666666666666667 466 466 
0.5 0.34 0.15333333333333332 459 459 
0.5 0.34 0.16 472 472 
0.5 0.34 0.16666666666666666 479 479 
0.5 0.34 0.17333333333333334 488 488 
0.5 0.34 0.18 452 452 
0.5 0.34 0.18666666666666668 457 457 
0.5 0.34 0.19333333333333333 433 433 
0.5 0.34 0.2 474 474 
0.5 0.34 0.20666666666666667 489 489 
0.5 0.34 0.21333333333333335 439 439 
0.5 0.34 0.22 471 471 
0.5 0.34 0.22666666666666666 452 452 
0.5 0.34 0.23333333333333334 465 465 
0.5 0.34 0.24 481 481 
0.5 0.34 0.24666666666666667 479 479 
0.5 0.34 0.25333333333333335 480 480 
0.5 0.34 0.26 439 439 
0.5 0.34 0.26666666666666666 463 463 
0.5 0.34 0.2733333333333333 483 483 
0.5 0.34 0.28 460 460 
0.5 0.34 0.2866666666666667 424 424 
0.5 0.34 0.29333333333333333 456 456 
0.5 0.34 0.3 466 466 
0.5 0.34 0.30666666666666664 468 468 
0.5 0.34 0.31333333333333335 462 462 
0.5 0.34 0.32 485 485 
0.5 0.34 0.32666666666666666 484 484 
0.5 0.34 0.3333333333333333 450 450 
0.5 0.34 0.34 492 492 
0.5 0.34 0.3466666666666667 476 476 
0.5 0.34 0.35333333333333333 449 449 
0.5 0.34 0.36 448 448 
0.5 0.34 0.36666666666666664 488 488 
0.5 0.34 0.37333333333333335 472 472 
0.5 0.34 0.38 510 510 
0.5 0.34 0.38666666666666666 490 490 
0.5 0.34 0.3933333333333333 469 469 
0.5 0.34 0.4 438 438 
0.5 0.34 0.4066666666666667 478 478 
0.5 0.34 0.41333333333333333 440 440 
0.5 0.34 0.42 470 470 
0.5 0.34 0.4266666666666667 449 449 
0.5 0.34 0.43333333333333335 512 512 
0.5 0.34 0.44 472 472 
0.5 0.34 0.44666666666666666 466 466 
0.5 0.34 0.4533333333333333 454 454 
0.5 0.34 0.46 458 458 
0.5 0.34 0.4666666666666667 446 446 
0.5 0.34 0.47333333333333333 463 463 
0.5 0.34 0.48 484 484 
0.5 0.34 0.4866666666666667 457 457 
0.5 0.34 0.49333333333333335 458 458 
0.5 0.34 0.5 479 479 
0.5 0.34 0.5066666666666667 455 455 
0.5 0.34 0.5133333333333333 474 474 
0.5 0.34 0.52 481 481 
0.5 0.34 0.5266666666666666 418 418 
0.5 0.34 0.5333333333333333 486 486 
0.5 0.34 0.54 433 433 
0.5 0.34 0.5466666666666666 442 442 
0.5 0.34 0.5533333333333333 501 501 
0.5 0.34 0.56 507 507 
0.5 0.34 0.5666666666666667 438 438 
0.5 0.34 0.5733333333333334 465 465 
0.5 0.34 0.58 448 448 
0.5 0.34 0.5866666666666667 446 446 
0.5 0.34 0.5933333333333334 494 494 
0.5 0.34 0.6 488 488 
0.5 0.34 0.6066666666666667 477 477 
0.5 0.34 0.6133333333333333 476 476 
0.5 0.34 0.62 455 455 
0.5 0.34 0.6266666666666667 472 472 
0.5 0.34 0.6333333333333333 438 438 
0.5 0.34 0.64 474 474 
0.5 0.34 0.6466666666666666 463 463 
0.5 0.34 0.6533333333333333 496 496 
0.5 0.34 0.66 426 426 
0.5 0.34 0.6666666666666666 458 458 
0.5 0.34 0.6733333333333333 472 472 
0.5 0.34 0.68 494 494 
0.5 0.34 0.6866666666666666 465 465 
0.5 0.34 0.6933333333333334 434 434 
0.5 0.34 0.7 457 457 
0.5 0.34 0.7066666666666667 464 464 
0.5 0.34 0.7133333333333334 476 476 
0.5 0.34 0.72 486 486 
0.5 0.34 0.7266666666666667 518 518 
0.5 0.34 0.7333333333333333 480 480 
0.5 0.34 0.74 468 468 
0.5 0.34 0.7466666666666667 417 417 
0.5 0.34 0.7533333333333333 465 465 
0.5 0.34 0.76 440 440 
0.5 0.34 0.7666666666666667 435 435 
0.5 0.34 0.7733333333333333 435 435 
0.5 0.34 0.78 451 451 
0.5 0.34 0.7866666666666666 449 449 
0.5 0.34 0.7933333333333333 462 462 
0.5 0.34 0.8 486 486 
0.5 0.34 0.8066666666666666 453 453 
0.5 0.34 0.8133333333333334 498 498 
0.5 0.34 0.82 444 444 
0.5 0.34 0.8266666666666667 497 497 
0.5 0.34 0.8333333333333334 426 426 
0.5 0.34 0.84 446 446 
0.5 0.34 0.8466666666666667 502 502 
0.5 0.34 0.8533333333333334 448 448 
0.5 0.34 0.86 491 491 
0.5 0.34 0.8666666666666667 493 493 
0.5 0.34 0.8733333333333333 447 447 
0.5 0.34 0.88 416 416 
0.5 0.34 0.8866666666666667 466 466 
0.5 0.34 0.8933333333333333 441 441 
0.5 0.34 0.9 471 471 
0.5 0.34 0.9066666666666666 497 497 
0.5 0.34 0.9133333333333333 501 501 
0.5 0.34 0.92 527 527 
0.5 0.34 0.9266666666666666 491 491 
0.5 0.34 0.9333333333333333 471 471 
0.5 0.34 0.94 446 446 
0.5 0.34 0.9466666666666667 468 468 
0.5 0.34 0.9533333333333334 497 497 
0.5 0.34 0.96 441 441 
0.5 0.34 0.9666666666666667 463 463 
0.5 0.34 0.9733333333333334 479 479 
0.5 0.34 0.98 463 463 
0.5 0.34 0.9866666666666667 603 603 
0.5 0.34 0.9933333333333333 0 0 
0.5 0.3466666666666667 0.0 0 0 
0.5 0.3466666666666667 0.006666666666666667 599 599 
0.5 0.3466666666666667 0.013333333333333334 507 507 
0.5 0.3466666666666667 0.02 415 415 
0.5 0.3466666666666667 0.02666666666666667 463 463 
0.5 0.3466666666666667 0.03333333333333333 469 469 
0.5 0.3466666666666667 0.04 444 444 
0.5 0.3466666666666667 0.04666666666666667 415 415 
0.5 0.3466666666666667 0.05333333333333334 410 410 
0.5 0.3466666666666667 0.06 460 460 
0.5 0.3466666666666667 0.06666666666666667 429 429 
0.5 0.3466666666666667 0.07333333333333333 457 457 
0.5 0.3466666666666667 0.08 464 464 
0.5 0.3466666666666667 0.08666666666666667 471 471 
0.5 0.3466666666666667 0.09333333333333334 529 529 
0.5 0.3466666666666667 0.1 466 466 
0.5 0.3466666666666667 0.10666666666666667 479 479 
0.5 0.3466666666666667 0.11333333333333333 461 461 
0.5 0.3466666666666667 0.12 507 507 
0.5 0.3466666666666667 0.12666666666666668 487 487 
0.5 0.3466666666666667 0.13333333333333333 459 459 
0.5 0.3466666666666667 0.14 471 471 
0.5 0.3466666666666667 0.14666666666666667 476 476 
0.5 0.3466666666666667 0.15333333333333332 438 438 
0.5 0.3466666666666667 0.16 454 454 
0.5 0.3466666666666667 0.16666666666666666 456 456 
0.5 0.3466666666666667 0.17333333333333334 466 466 
0.5 0.3466666666666667 0.18 431 431 
0.5 0.3466666666666667 0.18666666666666668 440 440 
0.5 0.3466666666666667 0.19333333333333333 440 440 
0.5 0.3466666666666667 0.2 433 433 
0.5 0.3466666666666667 0.20666666666666667 459 459 
0.5 0.3466666666666667 0.21333333333333335 448 448 
0.5 0.3466666666666667 0.22 476 476 
0.5 0.3466666666666667 0.22666666666666666 449 449 
0.5 0.3466666666666667 0.23333333333333334 476 476 
0.5 0.3466666666666667 0.24 477 477 
0.5 0.3466666666666667 0.24666666666666667 451 451 
0.5 0.3466666666666667 0.25333333333333335 447 447 
0.5 0.3466666666666667 0.26 448 448 
0.5 0.3466666666666667 0.26666666666666666 442 442 
0.5 0.3466666666666667 0.2733333333333333 465 465 
0.5 0.3466666666666667 0.28 484 484 
0.5 0.3466666666666667 0.2866666666666667 440 440 
0.5 0.3466666666666667 0.29333333333333333 440 440 
0.5 0.3466666666666667 0.3 493 493 
0.5 0.3466666666666667 0.30666666666666664 470 470 
0.5 0.3466666666666667 0.31333333333333335 478 478 
0.5 0.3466666666666667 0.32 481 481 
0.5 0.3466666666666667 0.32666666666666666 477 477 
0.5 0.3466666666666667 0.3333333333333333 461 461 
0.5 0.3466666666666667 0.34 442 442 
0.5 0.3466666666666667 0.3466666666666667 487 487 
0.5 0.3466666666666667 0.35333333333333333 456 456 
0.5 0.3466666666666667 0.36 474 474 
0.5 0.3466666666666667 0.36666666666666664 440 440 
0.5 0.3466666666666667 0.37333333333333335 508 508 
0.5 0.3466666666666667 0.38 433 433 
0.5 0.3466666666666667 0.38666666666666666 446 446 
0.5 0.3466666666666667 0.3933333333333333 467 467 
0.5 0.3466666666666667 0.4 434 434 
0.5 0.3466666666666667 0.4066666666666667 432 432 
0.5 0.3466666666666667 0.41333333333333333 424 424 
0.5 0.3466666666666667 0.42 433 433 
0.5 0.3466666666666667 0.4266666666666667 454 454 
0.5 0.3466666666666667 0.43333333333333335 475 475 
0.5 0.3466666666666667 0.44 481 481 
0.5 0.3466666666666667 0.44666666666666666 454 454 
0.5 0.3466666666666667 0.4533333333333333 485 485 
0.5 0.3466666666666667 0.46 468 468 
0.5 0.3466666666666667 0.4666666666666667 438 438 
0.5 0.3466666666666667 0.47333333333333333 458 458 
0.5 0.3466666666666667 0.48 432 432 
0.5 0.3466666666666667 0.4866666666666667 456 456 
0.5 0.3466666666666667 0.49333333333333335 452 452 
0.5 0.3466666666666667 0.5 453 453 
0.5 0.3466666666666667 0.5066666666666667 425 425 
0.5 0.3466666666666667 0.5133333333333333 431 431 
0.5 0.3466666666666667 0.52 410 410 
0.5 0.3466666666666667 0.5266666666666666 455 455 
0.5 0.3466666666666667 0.5333333333333333 428 428 
0.5 0.3466666666666667 0.54 432 432 
0.5 0.3466666666666667 0.5466666666666666 448 448 
0.5 0.3466666666666667 0.5533333333333333 462 462 
0.5 0.3466666666666667 0.56 485 485 
0.5 0.3466666666666667 0.5666666666666667 451 451 
0.5 0.3466666666666667 0.5733333333333334 475 475 
0.5 0.3466666666666667 0.58 467 467 
0.5 0.3466666666666667 0.5866666666666667 460 460 
0.5 0.3466666666666667 0.5933333333333334 464 464 
0.5 0.3466666666666667 0.6 491 491 
0.5 0.3466666666666667 0.6066666666666667 486 486 
0.5 0.3466666666666667 0.6133333333333333 455 455 
0.5 0.3466666666666667 0.62 456 456 
0.5 0.3466666666666667 0.6266666666666667 477 477 
0.5 0.3466666666666667 0.6333333333333333 450 450 
0.5 0.3466666666666667 0.64 502 502 
0.5 0.3466666666666667 0.6466666666666666 425 425 
0.5 0.3466666666666667 0.6533333333333333 486 486 
0.5 0.3466666666666667 0.66 492 492 
0.5 0.3466666666666667 0.6666666666666666 485 485 
0.5 0.3466666666666667 0.6733333333333333 461 461 
0.5 0.3466666666666667 0.68 510 510 
0.5 0.3466666666666667 0.6866666666666666 484 484 
0.5 0.3466666666666667 0.6933333333333334 479 479 
0.5 0.3466666666666667 0.7 469 469 
0.5 0.3466666666666667 0.7066666666666667 481 481 
0.5 0.3466666666666667 0.7133333333333334 503 503 
0.5 0.3466666666666667 0.72 431 431 
0.5 0.3466666666666667 0.7266666666666667 479 479 
0.5 0.3466666666666667 0.7333333333333333 470 470 
0.5 0.3466666666666667 0.74 449 449 
0.5 0.3466666666666667 0.7466666666666667 467 467 
0.5 0.3466666666666667 0.7533333333333333 435 435 
0.5 0.3466666666666667 0.76 437 437 
0.5 0.3466666666666667 0.7666666666666667 441 441 
0.5 0.3466666666666667 0.7733333333333333 451 451 
0.5 0.3466666666666667 0.78 469 469 
0.5 0.3466666666666667 0.7866666666666666 482 482 
0.5 0.3466666666666667 0.7933333333333333 462 462 
0.5 0.3466666666666667 0.8 435 435 
0.5 0.3466666666666667 0.8066666666666666 450 450 
0.5 0.3466666666666667 0.8133333333333334 478 478 
0.5 0.3466666666666667 0.82 480 480 
0.5 0.3466666666666667 0.8266666666666667 422 422 
0.5 0.3466666666666667 0.8333333333333334 480 480 
0.5 0.3466666666666667 0.84 478 478 
0.5 0.3466666666666667 0.8466666666666667 494 494 
0.5 0.3466666666666667 0.8533333333333334 478 478 
0.5 0.3466666666666667 0.86 429 429 
0.5 0.3466666666666667 0.8666666666666667 435 435 
0.5 0.3466666666666667 0.8733333333333333 472 472 
0.5 0.3466666666666667 0.88 463 463 
0.5 0.3466666666666667 0.8866666666666667 427 427 
0.5 0.3466666666666667 0.8933333333333333 480 480 
0.5 0.3466666666666667 0.9 500 500 
0.5 0.3466666666666667 0.9066666666666666 495 495 
0.5 0.3466666666666667 0.9133333333333333 476 476 
0.5 0.3466666666666667 0.92 447 447 
0.5 0.3466666666666667 0.9266666666666666 473 473 
0.5 0.3466666666666667 0.9333333333333333 488 488 
0.5 0.3466666666666667 0.94 493 493 
0.5 0.3466666666666667 0.9466666666666667 456 456 
0.5 0.3466666666666667 0.9533333333333334 474 474 
0.5 0.3466666666666667 0.96 462 462 
0.5 0.3466666666666667 0.9666666666666667 439 439 
0.5 0.3466666666666667 0.9733333333333334 484 484 
0.5 0.3466666666666667 0.98 489 489 
0.5 0.3466666666666667 0.9866666666666667 620 620 
0.5 0.3466666666666667 0.9933333333333333 0 0 
0.5 0.35333333333333333 0.0 0 0 
0.5 0.35333333333333333 0.006666666666666667 568 568 
0.5 0.35333333333333333 0.013333333333333334 495 495 
0.5 0.35333333333333333 0.02 468 468 
0.5 0.35333333333333333 0.02666666666666667 469 469 
0.5 0.35333333333333333 0.03333333333333333 464 464 
0.5 0.35333333333333333 0.04 462 462 
0.5 0.35333333333333333 0.04666666666666667 476 476 
0.5 0.35333333333333333 0.05333333333333334 457 457 
0.5 0.35333333333333333 0.06 428 428 
0.5 0.35333333333333333 0.06666666666666667 442 442 
0.5 0.35333333333333333 0.07333333333333333 474 474 
0.5 0.35333333333333333 0.08 433 433 
0.5 0.35333333333333333 0.08666666666666667 481 481 
0.5 0.35333333333333333 0.09333333333333334 487 487 
0.5 0.35333333333333333 0.1 467 467 
0.5 0.35333333333333333 0.10666666666666667 445 445 
0.5 0.35333333333333333 0.11333333333333333 441 441 
0.5 0.35333333333333333 0.12 499 499 
0.5 0.35333333333333333 0.12666666666666668 479 479 
0.5 0.35333333333333333 0.13333333333333333 459 459 
0.5 0.35333333333333333 0.14 465 465 
0.5 0.35333333333333333 0.14666666666666667 495 495 
0.5 0.35333333333333333 0.15333333333333332 450 450 
0.5 0.35333333333333333 0.16 483 483 
0.5 0.35333333333333333 0.16666666666666666 478 478 
0.5 0.35333333333333333 0.17333333333333334 431 431 
0.5 0.35333333333333333 0.18 473 473 
0.5 0.35333333333333333 0.18666666666666668 443 443 
0.5 0.35333333333333333 0.19333333333333333 454 454 
0.5 0.35333333333333333 0.2 471 471 
0.5 0.35333333333333333 0.20666666666666667 461 461 
0.5 0.35333333333333333 0.21333333333333335 467 467 
0.5 0.35333333333333333 0.22 433 433 
0.5 0.35333333333333333 0.22666666666666666 454 454 
0.5 0.35333333333333333 0.23333333333333334 472 472 
0.5 0.35333333333333333 0.24 486 486 
0.5 0.35333333333333333 0.24666666666666667 462 462 
0.5 0.35333333333333333 0.25333333333333335 476 476 
0.5 0.35333333333333333 0.26 493 493 
0.5 0.35333333333333333 0.26666666666666666 472 472 
0.5 0.35333333333333333 0.2733333333333333 487 487 
0.5 0.35333333333333333 0.28 451 451 
0.5 0.35333333333333333 0.2866666666666667 464 464 
0.5 0.35333333333333333 0.29333333333333333 493 493 
0.5 0.35333333333333333 0.3 485 485 
0.5 0.35333333333333333 0.30666666666666664 471 471 
0.5 0.35333333333333333 0.31333333333333335 486 486 
0.5 0.35333333333333333 0.32 458 458 
0.5 0.35333333333333333 0.32666666666666666 489 489 
0.5 0.35333333333333333 0.3333333333333333 451 451 
0.5 0.35333333333333333 0.34 501 501 
0.5 0.35333333333333333 0.3466666666666667 476 476 
0.5 0.35333333333333333 0.35333333333333333 473 473 
0.5 0.35333333333333333 0.36 441 441 
0.5 0.35333333333333333 0.36666666666666664 472 472 
0.5 0.35333333333333333 0.37333333333333335 448 448 
0.5 0.35333333333333333 0.38 473 473 
0.5 0.35333333333333333 0.38666666666666666 446 446 
0.5 0.35333333333333333 0.3933333333333333 471 471 
0.5 0.35333333333333333 0.4 430 430 
0.5 0.35333333333333333 0.4066666666666667 448 448 
0.5 0.35333333333333333 0.41333333333333333 489 489 
0.5 0.35333333333333333 0.42 448 448 
0.5 0.35333333333333333 0.4266666666666667 442 442 
0.5 0.35333333333333333 0.43333333333333335 433 433 
0.5 0.35333333333333333 0.44 466 466 
0.5 0.35333333333333333 0.44666666666666666 440 440 
0.5 0.35333333333333333 0.4533333333333333 453 453 
0.5 0.35333333333333333 0.46 456 456 
0.5 0.35333333333333333 0.4666666666666667 431 431 
0.5 0.35333333333333333 0.47333333333333333 448 448 
0.5 0.35333333333333333 0.48 457 457 
0.5 0.35333333333333333 0.4866666666666667 475 475 
0.5 0.35333333333333333 0.49333333333333335 448 448 
0.5 0.35333333333333333 0.5 455 455 
0.5 0.35333333333333333 0.5066666666666667 435 435 
0.5 0.35333333333333333 0.5133333333333333 475 475 
0.5 0.35333333333333333 0.52 457 457 
0.5 0.35333333333333333 0.5266666666666666 467 467 
0.5 0.35333333333333333 0.5333333333333333 501 501 
0.5 0.35333333333333333 0.54 483 483 
0.5 0.35333333333333333 0.5466666666666666 463 463 
0.5 0.35333333333333333 0.5533333333333333 474 474 
0.5 0.35333333333333333 0.56 481 481 
0.5 0.35333333333333333 0.5666666666666667 489 489 
0.5 0.35333333333333333 0.5733333333333334 477 477 
0.5 0.35333333333333333 0.58 448 448 
0.5 0.35333333333333333 0.5866666666666667 464 464 
0.5 0.35333333333333333 0.5933333333333334 498 498 
0.5 0.35333333333333333 0.6 472 472 
0.5 0.35333333333333333 0.6066666666666667 443 443 
0.5 0.35333333333333333 0.6133333333333333 471 471 
0.5 0.35333333333333333 0.62 478 478 
0.5 0.35333333333333333 0.6266666666666667 478 478 
0.5 0.35333333333333333 0.6333333333333333 488 488 
0.5 0.35333333333333333 0.64 489 489 
0.5 0.35333333333333333 0.6466666666666666 512 512 
0.5 0.35333333333333333 0.6533333333333333 469 469 
0.5 0.35333333333333333 0.66 444 444 
0.5 0.35333333333333333 0.6666666666666666 475 475 
0.5 0.35333333333333333 0.6733333333333333 471 471 
0.5 0.35333333333333333 0.68 443 443 
0.5 0.35333333333333333 0.6866666666666666 462 462 
0.5 0.35333333333333333 0.6933333333333334 486 486 
0.5 0.35333333333333333 0.7 490 490 
0.5 0.35333333333333333 0.7066666666666667 442 442 
0.5 0.35333333333333333 0.7133333333333334 457 457 
0.5 0.35333333333333333 0.72 455 455 
0.5 0.35333333333333333 0.7266666666666667 451 451 
0.5 0.35333333333333333 0.7333333333333333 450 450 
0.5 0.35333333333333333 0.74 471 471 
0.5 0.35333333333333333 0.7466666666666667 448 448 
0.5 0.35333333333333333 0.7533333333333333 450 450 
0.5 0.35333333333333333 0.76 465 465 
0.5 0.35333333333333333 0.7666666666666667 482 482 
0.5 0.35333333333333333 0.7733333333333333 436 436 
0.5 0.35333333333333333 0.78 448 448 
0.5 0.35333333333333333 0.7866666666666666 443 443 
0.5 0.35333333333333333 0.7933333333333333 429 429 
0.5 0.35333333333333333 0.8 462 462 
0.5 0.35333333333333333 0.8066666666666666 469 469 
0.5 0.35333333333333333 0.8133333333333334 465 465 
0.5 0.35333333333333333 0.82 502 502 
0.5 0.35333333333333333 0.8266666666666667 454 454 
0.5 0.35333333333333333 0.8333333333333334 449 449 
0.5 0.35333333333333333 0.84 452 452 
0.5 0.35333333333333333 0.8466666666666667 470 470 
0.5 0.35333333333333333 0.8533333333333334 441 441 
0.5 0.35333333333333333 0.86 438 438 
0.5 0.35333333333333333 0.8666666666666667 451 451 
0.5 0.35333333333333333 0.8733333333333333 394 394 
0.5 0.35333333333333333 0.88 466 466 
0.5 0.35333333333333333 0.8866666666666667 432 432 
0.5 0.35333333333333333 0.8933333333333333 470 470 
0.5 0.35333333333333333 0.9 462 462 
0.5 0.35333333333333333 0.9066666666666666 522 522 
0.5 0.35333333333333333 0.9133333333333333 466 466 
0.5 0.35333333333333333 0.92 520 520 
0.5 0.35333333333333333 0.9266666666666666 453 453 
0.5 0.35333333333333333 0.9333333333333333 467 467 
0.5 0.35333333333333333 0.94 460 460 
0.5 0.35333333333333333 0.9466666666666667 452 452 
0.5 0.35333333333333333 0.9533333333333334 460 460 
0.5 0.35333333333333333 0.96 493 493 
0.5 0.35333333333333333 0.9666666666666667 475 475 
0.5 0.35333333333333333 0.9733333333333334 453 453 
0.5 0.35333333333333333 0.98 489 489 
0.5 0.35333333333333333 0.9866666666666667 582 582 
0.5 0.35333333333333333 0.9933333333333333 0 0 
0.5 0.36 0.0 0 0 
0.5 0.36 0.006666666666666667 564 564 
0.5 0.36 0.013333333333333334 460 460 
0.5 0.36 0.02 443 443 
0.5 0.36 0.02666666666666667 465 465 
0.5 0.36 0.03333333333333333 447 447 
0.5 0.36 0.04 471 471 
0.5 0.36 0.04666666666666667 469 469 
0.5 0.36 0.05333333333333334 496 496 
0.5 0.36 0.06 492 492 
0.5 0.36 0.06666666666666667 423 423 
0.5 0.36 0.07333333333333333 476 476 
0.5 0.36 0.08 505 505 
0.5 0.36 0.08666666666666667 441 441 
0.5 0.36 0.09333333333333334 453 453 
0.5 0.36 0.1 486 486 
0.5 0.36 0.10666666666666667 473 473 
0.5 0.36 0.11333333333333333 494 494 
0.5 0.36 0.12 483 483 
0.5 0.36 0.12666666666666668 467 467 
0.5 0.36 0.13333333333333333 482 482 
0.5 0.36 0.14 501 501 
0.5 0.36 0.14666666666666667 505 505 
0.5 0.36 0.15333333333333332 495 495 
0.5 0.36 0.16 488 488 
0.5 0.36 0.16666666666666666 438 438 
0.5 0.36 0.17333333333333334 472 472 
0.5 0.36 0.18 425 425 
0.5 0.36 0.18666666666666668 460 460 
0.5 0.36 0.19333333333333333 426 426 
0.5 0.36 0.2 465 465 
0.5 0.36 0.20666666666666667 436 436 
0.5 0.36 0.21333333333333335 463 463 
0.5 0.36 0.22 481 481 
0.5 0.36 0.22666666666666666 484 484 
0.5 0.36 0.23333333333333334 499 499 
0.5 0.36 0.24 468 468 
0.5 0.36 0.24666666666666667 449 449 
0.5 0.36 0.25333333333333335 519 519 
0.5 0.36 0.26 476 476 
0.5 0.36 0.26666666666666666 438 438 
0.5 0.36 0.2733333333333333 447 447 
0.5 0.36 0.28 443 443 
0.5 0.36 0.2866666666666667 496 496 
0.5 0.36 0.29333333333333333 437 437 
0.5 0.36 0.3 473 473 
0.5 0.36 0.30666666666666664 482 482 
0.5 0.36 0.31333333333333335 489 489 
0.5 0.36 0.32 496 496 
0.5 0.36 0.32666666666666666 477 477 
0.5 0.36 0.3333333333333333 462 462 
0.5 0.36 0.34 471 471 
0.5 0.36 0.3466666666666667 464 464 
0.5 0.36 0.35333333333333333 429 429 
0.5 0.36 0.36 431 431 
0.5 0.36 0.36666666666666664 447 447 
0.5 0.36 0.37333333333333335 491 491 
0.5 0.36 0.38 480 480 
0.5 0.36 0.38666666666666666 490 490 
0.5 0.36 0.3933333333333333 455 455 
0.5 0.36 0.4 424 424 
0.5 0.36 0.4066666666666667 457 457 
0.5 0.36 0.41333333333333333 482 482 
0.5 0.36 0.42 416 416 
0.5 0.36 0.4266666666666667 458 458 
0.5 0.36 0.43333333333333335 454 454 
0.5 0.36 0.44 428 428 
0.5 0.36 0.44666666666666666 410 410 
0.5 0.36 0.4533333333333333 443 443 
0.5 0.36 0.46 396 396 
0.5 0.36 0.4666666666666667 473 473 
0.5 0.36 0.47333333333333333 500 500 
0.5 0.36 0.48 455 455 
0.5 0.36 0.4866666666666667 453 453 
0.5 0.36 0.49333333333333335 468 468 
0.5 0.36 0.5 453 453 
0.5 0.36 0.5066666666666667 479 479 
0.5 0.36 0.5133333333333333 475 475 
0.5 0.36 0.52 497 497 
0.5 0.36 0.5266666666666666 475 475 
0.5 0.36 0.5333333333333333 447 447 
0.5 0.36 0.54 448 448 
0.5 0.36 0.5466666666666666 435 435 
0.5 0.36 0.5533333333333333 459 459 
0.5 0.36 0.56 439 439 
0.5 0.36 0.5666666666666667 467 467 
0.5 0.36 0.5733333333333334 459 459 
0.5 0.36 0.58 475 475 
0.5 0.36 0.5866666666666667 467 467 
0.5 0.36 0.5933333333333334 454 454 
0.5 0.36 0.6 434 434 
0.5 0.36 0.6066666666666667 465 465 
0.5 0.36 0.6133333333333333 513 513 
0.5 0.36 0.62 496 496 
0.5 0.36 0.6266666666666667 485 485 
0.5 0.36 0.6333333333333333 463 463 
0.5 0.36 0.64 489 489 
0.5 0.36 0.6466666666666666 451 451 
0.5 0.36 0.6533333333333333 504 504 
0.5 0.36 0.66 518 518 
0.5 0.36 0.6666666666666666 496 496 
0.5 0.36 0.6733333333333333 462 462 
0.5 0.36 0.68 467 467 
0.5 0.36 0.6866666666666666 477 477 
0.5 0.36 0.6933333333333334 499 499 
0.5 0.36 0.7 473 473 
0.5 0.36 0.7066666666666667 453 453 
0.5 0.36 0.7133333333333334 470 470 
0.5 0.36 0.72 473 473 
0.5 0.36 0.7266666666666667 469 469 
0.5 0.36 0.7333333333333333 482 482 
0.5 0.36 0.74 443 443 
0.5 0.36 0.7466666666666667 455 455 
0.5 0.36 0.7533333333333333 464 464 
0.5 0.36 0.76 462 462 
0.5 0.36 0.7666666666666667 438 438 
0.5 0.36 0.7733333333333333 485 485 
0.5 0.36 0.78 441 441 
0.5 0.36 0.7866666666666666 469 469 
0.5 0.36 0.7933333333333333 483 483 
0.5 0.36 0.8 442 442 
0.5 0.36 0.8066666666666666 443 443 
0.5 0.36 0.8133333333333334 453 453 
0.5 0.36 0.82 479 479 
0.5 0.36 0.8266666666666667 469 469 
0.5 0.36 0.8333333333333334 456 456 
0.5 0.36 0.84 465 465 
0.5 0.36 0.8466666666666667 466 466 
0.5 0.36 0.8533333333333334 484 484 
0.5 0.36 0.86 448 448 
0.5 0.36 0.8666666666666667 445 445 
0.5 0.36 0.8733333333333333 450 450 
0.5 0.36 0.88 440 440 
0.5 0.36 0.8866666666666667 484 484 
0.5 0.36 0.8933333333333333 466 466 
0.5 0.36 0.9 490 490 
0.5 0.36 0.9066666666666666 481 481 
0.5 0.36 0.9133333333333333 453 453 
0.5 0.36 0.92 468 468 
0.5 0.36 0.9266666666666666 454 454 
0.5 0.36 0.9333333333333333 438 438 
0.5 0.36 0.94 474 474 
0.5 0.36 0.9466666666666667 474 474 
0.5 0.36 0.9533333333333334 492 492 
0.5 0.36 0.96 467 467 
0.5 0.36 0.9666666666666667 484 484 
0.5 0.36 0.9733333333333334 480 480 
0.5 0.36 0.98 508 508 
0.5 0.36 0.9866666666666667 606 606 
0.5 0.36 0.9933333333333333 0 0 
0.5 0.36666666666666664 0.0 0 0 
0.5 0.36666666666666664 0.006666666666666667 595 595 
0.5 0.36666666666666664 0.013333333333333334 518 518 
0.5 0.36666666666666664 0.02 467 467 
0.5 0.36666666666666664 0.02666666666666667 465 465 
0.5 0.36666666666666664 0.03333333333333333 496 496 
0.5 0.36666666666666664 0.04 461 461 
0.5 0.36666666666666664 0.04666666666666667 463 463 
0.5 0.36666666666666664 0.05333333333333334 467 467 
0.5 0.36666666666666664 0.06 517 517 
0.5 0.36666666666666664 0.06666666666666667 455 455 
0.5 0.36666666666666664 0.07333333333333333 472 472 
0.5 0.36666666666666664 0.08 455 455 
0.5 0.36666666666666664 0.08666666666666667 429 429 
0.5 0.36666666666666664 0.09333333333333334 436 436 
0.5 0.36666666666666664 0.1 484 484 
0.5 0.36666666666666664 0.10666666666666667 474 474 
0.5 0.36666666666666664 0.11333333333333333 444 444 
0.5 0.36666666666666664 0.12 467 467 
0.5 0.36666666666666664 0.12666666666666668 515 515 
0.5 0.36666666666666664 0.13333333333333333 458 458 
0.5 0.36666666666666664 0.14 440 440 
0.5 0.36666666666666664 0.14666666666666667 470 470 
0.5 0.36666666666666664 0.15333333333333332 454 454 
0.5 0.36666666666666664 0.16 463 463 
0.5 0.36666666666666664 0.16666666666666666 439 439 
0.5 0.36666666666666664 0.17333333333333334 459 459 
0.5 0.36666666666666664 0.18 464 464 
0.5 0.36666666666666664 0.18666666666666668 453 453 
0.5 0.36666666666666664 0.19333333333333333 447 447 
0.5 0.36666666666666664 0.2 446 446 
0.5 0.36666666666666664 0.20666666666666667 450 450 
0.5 0.36666666666666664 0.21333333333333335 418 418 
0.5 0.36666666666666664 0.22 414 414 
0.5 0.36666666666666664 0.22666666666666666 457 457 
0.5 0.36666666666666664 0.23333333333333334 456 456 
0.5 0.36666666666666664 0.24 468 468 
0.5 0.36666666666666664 0.24666666666666667 478 478 
0.5 0.36666666666666664 0.25333333333333335 459 459 
0.5 0.36666666666666664 0.26 474 474 
0.5 0.36666666666666664 0.26666666666666666 488 488 
0.5 0.36666666666666664 0.2733333333333333 452 452 
0.5 0.36666666666666664 0.28 484 484 
0.5 0.36666666666666664 0.2866666666666667 458 458 
0.5 0.36666666666666664 0.29333333333333333 443 443 
0.5 0.36666666666666664 0.3 515 515 
0.5 0.36666666666666664 0.30666666666666664 493 493 
0.5 0.36666666666666664 0.31333333333333335 469 469 
0.5 0.36666666666666664 0.32 485 485 
0.5 0.36666666666666664 0.32666666666666666 498 498 
0.5 0.36666666666666664 0.3333333333333333 478 478 
0.5 0.36666666666666664 0.34 481 481 
0.5 0.36666666666666664 0.3466666666666667 439 439 
0.5 0.36666666666666664 0.35333333333333333 469 469 
0.5 0.36666666666666664 0.36 462 462 
0.5 0.36666666666666664 0.36666666666666664 483 483 
0.5 0.36666666666666664 0.37333333333333335 503 503 
0.5 0.36666666666666664 0.38 469 469 
0.5 0.36666666666666664 0.38666666666666666 469 469 
0.5 0.36666666666666664 0.3933333333333333 436 436 
0.5 0.36666666666666664 0.4 485 485 
0.5 0.36666666666666664 0.4066666666666667 472 472 
0.5 0.36666666666666664 0.41333333333333333 445 445 
0.5 0.36666666666666664 0.42 460 460 
0.5 0.36666666666666664 0.4266666666666667 463 463 
0.5 0.36666666666666664 0.43333333333333335 460 460 
0.5 0.36666666666666664 0.44 453 453 
0.5 0.36666666666666664 0.44666666666666666 462 462 
0.5 0.36666666666666664 0.4533333333333333 475 475 
0.5 0.36666666666666664 0.46 446 446 
0.5 0.36666666666666664 0.4666666666666667 471 471 
0.5 0.36666666666666664 0.47333333333333333 469 469 
0.5 0.36666666666666664 0.48 421 421 
0.5 0.36666666666666664 0.4866666666666667 460 460 
0.5 0.36666666666666664 0.49333333333333335 457 457 
0.5 0.36666666666666664 0.5 481 481 
0.5 0.36666666666666664 0.5066666666666667 463 463 
0.5 0.36666666666666664 0.5133333333333333 505 505 
0.5 0.36666666666666664 0.52 496 496 
0.5 0.36666666666666664 0.5266666666666666 485 485 
0.5 0.36666666666666664 0.5333333333333333 451 451 
0.5 0.36666666666666664 0.54 490 490 
0.5 0.36666666666666664 0.5466666666666666 460 460 
0.5 0.36666666666666664 0.5533333333333333 467 467 
0.5 0.36666666666666664 0.56 475 475 
0.5 0.36666666666666664 0.5666666666666667 506 506 
0.5 0.36666666666666664 0.5733333333333334 459 459 
0.5 0.36666666666666664 0.58 447 447 
0.5 0.36666666666666664 0.5866666666666667 494 494 
0.5 0.36666666666666664 0.5933333333333334 477 477 
0.5 0.36666666666666664 0.6 487 487 
0.5 0.36666666666666664 0.6066666666666667 439 439 
0.5 0.36666666666666664 0.6133333333333333 422 422 
0.5 0.36666666666666664 0.62 400 400 
0.5 0.36666666666666664 0.6266666666666667 484 484 
0.5 0.36666666666666664 0.6333333333333333 475 475 
0.5 0.36666666666666664 0.64 443 443 
0.5 0.36666666666666664 0.6466666666666666 508 508 
0.5 0.36666666666666664 0.6533333333333333 486 486 
0.5 0.36666666666666664 0.66 451 451 
0.5 0.36666666666666664 0.6666666666666666 506 506 
0.5 0.36666666666666664 0.6733333333333333 476 476 
0.5 0.36666666666666664 0.68 476 476 
0.5 0.36666666666666664 0.6866666666666666 472 472 
0.5 0.36666666666666664 0.6933333333333334 451 451 
0.5 0.36666666666666664 0.7 459 459 
0.5 0.36666666666666664 0.7066666666666667 464 464 
0.5 0.36666666666666664 0.7133333333333334 466 466 
0.5 0.36666666666666664 0.72 472 472 
0.5 0.36666666666666664 0.7266666666666667 436 436 
0.5 0.36666666666666664 0.7333333333333333 466 466 
0.5 0.36666666666666664 0.74 467 467 
0.5 0.36666666666666664 0.7466666666666667 494 494 
0.5 0.36666666666666664 0.7533333333333333 466 466 
0.5 0.36666666666666664 0.76 459 459 
0.5 0.36666666666666664 0.7666666666666667 447 447 
0.5 0.36666666666666664 0.7733333333333333 467 467 
0.5 0.36666666666666664 0.78 488 488 
0.5 0.36666666666666664 0.7866666666666666 465 465 
0.5 0.36666666666666664 0.7933333333333333 472 472 
0.5 0.36666666666666664 0.8 435 435 
0.5 0.36666666666666664 0.8066666666666666 480 480 
0.5 0.36666666666666664 0.8133333333333334 455 455 
0.5 0.36666666666666664 0.82 488 488 
0.5 0.36666666666666664 0.8266666666666667 490 490 
0.5 0.36666666666666664 0.8333333333333334 466 466 
0.5 0.36666666666666664 0.84 433 433 
0.5 0.36666666666666664 0.8466666666666667 428 428 
0.5 0.36666666666666664 0.8533333333333334 441 441 
0.5 0.36666666666666664 0.86 473 473 
0.5 0.36666666666666664 0.8666666666666667 442 442 
0.5 0.36666666666666664 0.8733333333333333 441 441 
0.5 0.36666666666666664 0.88 515 515 
0.5 0.36666666666666664 0.8866666666666667 471 471 
0.5 0.36666666666666664 0.8933333333333333 490 490 
0.5 0.36666666666666664 0.9 516 516 
0.5 0.36666666666666664 0.9066666666666666 469 469 
0.5 0.36666666666666664 0.9133333333333333 505 505 
0.5 0.36666666666666664 0.92 477 477 
0.5 0.36666666666666664 0.9266666666666666 423 423 
0.5 0.36666666666666664 0.9333333333333333 492 492 
0.5 0.36666666666666664 0.94 502 502 
0.5 0.36666666666666664 0.9466666666666667 473 473 
0.5 0.36666666666666664 0.9533333333333334 501 501 
0.5 0.36666666666666664 0.96 474 474 
0.5 0.36666666666666664 0.9666666666666667 477 477 
0.5 0.36666666666666664 0.9733333333333334 500 500 
0.5 0.36666666666666664 0.98 496 496 
0.5 0.36666666666666664 0.9866666666666667 561 561 
0.5 0.36666666666666664 0.9933333333333333 0 0 
0.5 0.37333333333333335 0.0 0 0 
0.5 0.37333333333333335 0.006666666666666667 574 574 
0.5 0.37333333333333335 0.013333333333333334 493 493 
0.5 0.37333333333333335 0.02 469 469 
0.5 0.37333333333333335 0.02666666666666667 435 435 
0.5 0.37333333333333335 0.03333333333333333 438 438 
0.5 0.37333333333333335 0.04 481 481 
0.5 0.37333333333333335 0.04666666666666667 485 485 
0.5 0.37333333333333335 0.05333333333333334 469 469 
0.5 0.37333333333333335 0.06 466 466 
0.5 0.37333333333333335 0.06666666666666667 460 460 
0.5 0.37333333333333335 0.07333333333333333 452 452 
0.5 0.37333333333333335 0.08 427 427 
0.5 0.37333333333333335 0.08666666666666667 408 408 
0.5 0.37333333333333335 0.09333333333333334 405 405 
0.5 0.37333333333333335 0.1 411 411 
0.5 0.37333333333333335 0.10666666666666667 461 461 
0.5 0.37333333333333335 0.11333333333333333 443 443 
0.5 0.37333333333333335 0.12 462 462 
0.5 0.37333333333333335 0.12666666666666668 485 485 
0.5 0.37333333333333335 0.13333333333333333 432 432 
0.5 0.37333333333333335 0.14 492 492 
0.5 0.37333333333333335 0.14666666666666667 441 441 
0.5 0.37333333333333335 0.15333333333333332 443 443 
0.5 0.37333333333333335 0.16 442 442 
0.5 0.37333333333333335 0.16666666666666666 445 445 
0.5 0.37333333333333335 0.17333333333333334 513 513 
0.5 0.37333333333333335 0.18 476 476 
0.5 0.37333333333333335 0.18666666666666668 466 466 
0.5 0.37333333333333335 0.19333333333333333 480 480 
0.5 0.37333333333333335 0.2 468 468 
0.5 0.37333333333333335 0.20666666666666667 451 451 
0.5 0.37333333333333335 0.21333333333333335 446 446 
0.5 0.37333333333333335 0.22 475 475 
0.5 0.37333333333333335 0.22666666666666666 482 482 
0.5 0.37333333333333335 0.23333333333333334 455 455 
0.5 0.37333333333333335 0.24 483 483 
0.5 0.37333333333333335 0.24666666666666667 455 455 
0.5 0.37333333333333335 0.25333333333333335 451 451 
0.5 0.37333333333333335 0.26 428 428 
0.5 0.37333333333333335 0.26666666666666666 506 506 
0.5 0.37333333333333335 0.2733333333333333 455 455 
0.5 0.37333333333333335 0.28 469 469 
0.5 0.37333333333333335 0.2866666666666667 450 450 
0.5 0.37333333333333335 0.29333333333333333 534 534 
0.5 0.37333333333333335 0.3 457 457 
0.5 0.37333333333333335 0.30666666666666664 466 466 
0.5 0.37333333333333335 0.31333333333333335 445 445 
0.5 0.37333333333333335 0.32 439 439 
0.5 0.37333333333333335 0.32666666666666666 447 447 
0.5 0.37333333333333335 0.3333333333333333 464 464 
0.5 0.37333333333333335 0.34 429 429 
0.5 0.37333333333333335 0.3466666666666667 472 472 
0.5 0.37333333333333335 0.35333333333333333 480 480 
0.5 0.37333333333333335 0.36 456 456 
0.5 0.37333333333333335 0.36666666666666664 485 485 
0.5 0.37333333333333335 0.37333333333333335 435 435 
0.5 0.37333333333333335 0.38 472 472 
0.5 0.37333333333333335 0.38666666666666666 485 485 
0.5 0.37333333333333335 0.3933333333333333 473 473 
0.5 0.37333333333333335 0.4 468 468 
0.5 0.37333333333333335 0.4066666666666667 475 475 
0.5 0.37333333333333335 0.41333333333333333 482 482 
0.5 0.37333333333333335 0.42 421 421 
0.5 0.37333333333333335 0.4266666666666667 499 499 
0.5 0.37333333333333335 0.43333333333333335 450 450 
0.5 0.37333333333333335 0.44 426 426 
0.5 0.37333333333333335 0.44666666666666666 463 463 
0.5 0.37333333333333335 0.4533333333333333 439 439 
0.5 0.37333333333333335 0.46 447 447 
0.5 0.37333333333333335 0.4666666666666667 482 482 
0.5 0.37333333333333335 0.47333333333333333 449 449 
0.5 0.37333333333333335 0.48 418 418 
0.5 0.37333333333333335 0.4866666666666667 444 444 
0.5 0.37333333333333335 0.49333333333333335 441 441 
0.5 0.37333333333333335 0.5 479 479 
0.5 0.37333333333333335 0.5066666666666667 449 449 
0.5 0.37333333333333335 0.5133333333333333 452 452 
0.5 0.37333333333333335 0.52 499 499 
0.5 0.37333333333333335 0.5266666666666666 463 463 
0.5 0.37333333333333335 0.5333333333333333 471 471 
0.5 0.37333333333333335 0.54 455 455 
0.5 0.37333333333333335 0.5466666666666666 471 471 
0.5 0.37333333333333335 0.5533333333333333 457 457 
0.5 0.37333333333333335 0.56 462 462 
0.5 0.37333333333333335 0.5666666666666667 456 456 
0.5 0.37333333333333335 0.5733333333333334 435 435 
0.5 0.37333333333333335 0.58 468 468 
0.5 0.37333333333333335 0.5866666666666667 475 475 
0.5 0.37333333333333335 0.5933333333333334 459 459 
0.5 0.37333333333333335 0.6 463 463 
0.5 0.37333333333333335 0.6066666666666667 460 460 
0.5 0.37333333333333335 0.6133333333333333 443 443 
0.5 0.37333333333333335 0.62 446 446 
0.5 0.37333333333333335 0.6266666666666667 425 425 
0.5 0.37333333333333335 0.6333333333333333 472 472 
0.5 0.37333333333333335 0.64 423 423 
0.5 0.37333333333333335 0.6466666666666666 467 467 
0.5 0.37333333333333335 0.6533333333333333 461 461 
0.5 0.37333333333333335 0.66 486 486 
0.5 0.37333333333333335 0.6666666666666666 483 483 
0.5 0.37333333333333335 0.6733333333333333 484 484 
0.5 0.37333333333333335 0.68 438 438 
0.5 0.37333333333333335 0.6866666666666666 462 462 
0.5 0.37333333333333335 0.6933333333333334 448 448 
0.5 0.37333333333333335 0.7 414 414 
0.5 0.37333333333333335 0.7066666666666667 461 461 
0.5 0.37333333333333335 0.7133333333333334 458 458 
0.5 0.37333333333333335 0.72 459 459 
0.5 0.37333333333333335 0.7266666666666667 443 443 
0.5 0.37333333333333335 0.7333333333333333 449 449 
0.5 0.37333333333333335 0.74 450 450 
0.5 0.37333333333333335 0.7466666666666667 467 467 
0.5 0.37333333333333335 0.7533333333333333 492 492 
0.5 0.37333333333333335 0.76 491 491 
0.5 0.37333333333333335 0.7666666666666667 485 485 
0.5 0.37333333333333335 0.7733333333333333 459 459 
0.5 0.37333333333333335 0.78 455 455 
0.5 0.37333333333333335 0.7866666666666666 495 495 
0.5 0.37333333333333335 0.7933333333333333 448 448 
0.5 0.37333333333333335 0.8 464 464 
0.5 0.37333333333333335 0.8066666666666666 468 468 
0.5 0.37333333333333335 0.8133333333333334 471 471 
0.5 0.37333333333333335 0.82 449 449 
0.5 0.37333333333333335 0.8266666666666667 462 462 
0.5 0.37333333333333335 0.8333333333333334 453 453 
0.5 0.37333333333333335 0.84 440 440 
0.5 0.37333333333333335 0.8466666666666667 440 440 
0.5 0.37333333333333335 0.8533333333333334 424 424 
0.5 0.37333333333333335 0.86 463 463 
0.5 0.37333333333333335 0.8666666666666667 431 431 
0.5 0.37333333333333335 0.8733333333333333 461 461 
0.5 0.37333333333333335 0.88 478 478 
0.5 0.37333333333333335 0.8866666666666667 502 502 
0.5 0.37333333333333335 0.8933333333333333 476 476 
0.5 0.37333333333333335 0.9 457 457 
0.5 0.37333333333333335 0.9066666666666666 479 479 
0.5 0.37333333333333335 0.9133333333333333 460 460 
0.5 0.37333333333333335 0.92 497 497 
0.5 0.37333333333333335 0.9266666666666666 448 448 
0.5 0.37333333333333335 0.9333333333333333 451 451 
0.5 0.37333333333333335 0.94 460 460 
0.5 0.37333333333333335 0.9466666666666667 457 457 
0.5 0.37333333333333335 0.9533333333333334 500 500 
0.5 0.37333333333333335 0.96 493 493 
0.5 0.37333333333333335 0.9666666666666667 517 517 
0.5 0.37333333333333335 0.9733333333333334 467 467 
0.5 0.37333333333333335 0.98 528 528 
0.5 0.37333333333333335 0.9866666666666667 571 571 
0.5 0.37333333333333335 0.9933333333333333 0 0 
0.5 0.38 0.0 0 0 
0.5 0.38 0.006666666666666667 580 580 
0.5 0.38 0.013333333333333334 501 501 
0.5 0.38 0.02 512 512 
0.5 0.38 0.02666666666666667 460 460 
0.5 0.38 0.03333333333333333 494 494 
0.5 0.38 0.04 428 428 
0.5 0.38 0.04666666666666667 455 455 
0.5 0.38 0.05333333333333334 469 469 
0.5 0.38 0.06 479 479 
0.5 0.38 0.06666666666666667 459 459 
0.5 0.38 0.07333333333333333 463 463 
0.5 0.38 0.08 452 452 
0.5 0.38 0.08666666666666667 442 442 
0.5 0.38 0.09333333333333334 450 450 
0.5 0.38 0.1 453 453 
0.5 0.38 0.10666666666666667 445 445 
0.5 0.38 0.11333333333333333 448 448 
0.5 0.38 0.12 451 451 
0.5 0.38 0.12666666666666668 500 500 
0.5 0.38 0.13333333333333333 465 465 
0.5 0.38 0.14 450 450 
0.5 0.38 0.14666666666666667 458 458 
0.5 0.38 0.15333333333333332 479 479 
0.5 0.38 0.16 473 473 
0.5 0.38 0.16666666666666666 461 461 
0.5 0.38 0.17333333333333334 489 489 
0.5 0.38 0.18 498 498 
0.5 0.38 0.18666666666666668 457 457 
0.5 0.38 0.19333333333333333 445 445 
0.5 0.38 0.2 468 468 
0.5 0.38 0.20666666666666667 504 504 
0.5 0.38 0.21333333333333335 449 449 
0.5 0.38 0.22 440 440 
0.5 0.38 0.22666666666666666 487 487 
0.5 0.38 0.23333333333333334 442 442 
0.5 0.38 0.24 447 447 
0.5 0.38 0.24666666666666667 477 477 
0.5 0.38 0.25333333333333335 462 462 
0.5 0.38 0.26 463 463 
0.5 0.38 0.26666666666666666 476 476 
0.5 0.38 0.2733333333333333 448 448 
0.5 0.38 0.28 481 481 
0.5 0.38 0.2866666666666667 494 494 
0.5 0.38 0.29333333333333333 498 498 
0.5 0.38 0.3 445 445 
0.5 0.38 0.30666666666666664 455 455 
0.5 0.38 0.31333333333333335 438 438 
0.5 0.38 0.32 467 467 
0.5 0.38 0.32666666666666666 430 430 
0.5 0.38 0.3333333333333333 429 429 
0.5 0.38 0.34 453 453 
0.5 0.38 0.3466666666666667 479 479 
0.5 0.38 0.35333333333333333 516 516 
0.5 0.38 0.36 453 453 
0.5 0.38 0.36666666666666664 440 440 
0.5 0.38 0.37333333333333335 458 458 
0.5 0.38 0.38 448 448 
0.5 0.38 0.38666666666666666 446 446 
0.5 0.38 0.3933333333333333 470 470 
0.5 0.38 0.4 512 512 
0.5 0.38 0.4066666666666667 450 450 
0.5 0.38 0.41333333333333333 505 505 
0.5 0.38 0.42 467 467 
0.5 0.38 0.4266666666666667 450 450 
0.5 0.38 0.43333333333333335 448 448 
0.5 0.38 0.44 426 426 
0.5 0.38 0.44666666666666666 469 469 
0.5 0.38 0.4533333333333333 449 449 
0.5 0.38 0.46 486 486 
0.5 0.38 0.4666666666666667 512 512 
0.5 0.38 0.47333333333333333 469 469 
0.5 0.38 0.48 458 458 
0.5 0.38 0.4866666666666667 485 485 
0.5 0.38 0.49333333333333335 475 475 
0.5 0.38 0.5 460 460 
0.5 0.38 0.5066666666666667 497 497 
0.5 0.38 0.5133333333333333 455 455 
0.5 0.38 0.52 477 477 
0.5 0.38 0.5266666666666666 450 450 
0.5 0.38 0.5333333333333333 459 459 
0.5 0.38 0.54 517 517 
0.5 0.38 0.5466666666666666 462 462 
0.5 0.38 0.5533333333333333 505 505 
0.5 0.38 0.56 474 474 
0.5 0.38 0.5666666666666667 411 411 
0.5 0.38 0.5733333333333334 472 472 
0.5 0.38 0.58 440 440 
0.5 0.38 0.5866666666666667 489 489 
0.5 0.38 0.5933333333333334 438 438 
0.5 0.38 0.6 454 454 
0.5 0.38 0.6066666666666667 433 433 
0.5 0.38 0.6133333333333333 474 474 
0.5 0.38 0.62 428 428 
0.5 0.38 0.6266666666666667 437 437 
0.5 0.38 0.6333333333333333 408 408 
0.5 0.38 0.64 453 453 
0.5 0.38 0.6466666666666666 449 449 
0.5 0.38 0.6533333333333333 451 451 
0.5 0.38 0.66 464 464 
0.5 0.38 0.6666666666666666 468 468 
0.5 0.38 0.6733333333333333 465 465 
0.5 0.38 0.68 438 438 
0.5 0.38 0.6866666666666666 458 458 
0.5 0.38 0.6933333333333334 423 423 
0.5 0.38 0.7 452 452 
0.5 0.38 0.7066666666666667 424 424 
0.5 0.38 0.7133333333333334 433 433 
0.5 0.38 0.72 433 433 
0.5 0.38 0.7266666666666667 418 418 
0.5 0.38 0.7333333333333333 476 476 
0.5 0.38 0.74 436 436 
0.5 0.38 0.7466666666666667 453 453 
0.5 0.38 0.7533333333333333 474 474 
0.5 0.38 0.76 456 456 
0.5 0.38 0.7666666666666667 445 445 
0.5 0.38 0.7733333333333333 449 449 
0.5 0.38 0.78 492 492 
0.5 0.38 0.7866666666666666 500 500 
0.5 0.38 0.7933333333333333 495 495 
0.5 0.38 0.8 447 447 
0.5 0.38 0.8066666666666666 468 468 
0.5 0.38 0.8133333333333334 430 430 
0.5 0.38 0.82 468 468 
0.5 0.38 0.8266666666666667 437 437 
0.5 0.38 0.8333333333333334 456 456 
0.5 0.38 0.84 472 472 
0.5 0.38 0.8466666666666667 400 400 
0.5 0.38 0.8533333333333334 461 461 
0.5 0.38 0.86 440 440 
0.5 0.38 0.8666666666666667 478 478 
0.5 0.38 0.8733333333333333 479 479 
0.5 0.38 0.88 479 479 
0.5 0.38 0.8866666666666667 476 476 
0.5 0.38 0.8933333333333333 490 490 
0.5 0.38 0.9 465 465 
0.5 0.38 0.9066666666666666 427 427 
0.5 0.38 0.9133333333333333 412 412 
0.5 0.38 0.92 467 467 
0.5 0.38 0.9266666666666666 499 499 
0.5 0.38 0.9333333333333333 444 444 
0.5 0.38 0.94 470 470 
0.5 0.38 0.9466666666666667 458 458 
0.5 0.38 0.9533333333333334 500 500 
0.5 0.38 0.96 475 475 
0.5 0.38 0.9666666666666667 444 444 
0.5 0.38 0.9733333333333334 493 493 
0.5 0.38 0.98 453 453 
0.5 0.38 0.9866666666666667 559 559 
0.5 0.38 0.9933333333333333 0 0 
0.5 0.38666666666666666 0.0 0 0 
0.5 0.38666666666666666 0.006666666666666667 565 565 
0.5 0.38666666666666666 0.013333333333333334 474 474 
0.5 0.38666666666666666 0.02 479 479 
0.5 0.38666666666666666 0.02666666666666667 464 464 
0.5 0.38666666666666666 0.03333333333333333 447 447 
0.5 0.38666666666666666 0.04 458 458 
0.5 0.38666666666666666 0.04666666666666667 458 458 
0.5 0.38666666666666666 0.05333333333333334 452 452 
0.5 0.38666666666666666 0.06 462 462 
0.5 0.38666666666666666 0.06666666666666667 489 489 
0.5 0.38666666666666666 0.07333333333333333 469 469 
0.5 0.38666666666666666 0.08 442 442 
0.5 0.38666666666666666 0.08666666666666667 422 422 
0.5 0.38666666666666666 0.09333333333333334 445 445 
0.5 0.38666666666666666 0.1 439 439 
0.5 0.38666666666666666 0.10666666666666667 452 452 
0.5 0.38666666666666666 0.11333333333333333 440 440 
0.5 0.38666666666666666 0.12 417 417 
0.5 0.38666666666666666 0.12666666666666668 422 422 
0.5 0.38666666666666666 0.13333333333333333 486 486 
0.5 0.38666666666666666 0.14 454 454 
0.5 0.38666666666666666 0.14666666666666667 423 423 
0.5 0.38666666666666666 0.15333333333333332 456 456 
0.5 0.38666666666666666 0.16 474 474 
0.5 0.38666666666666666 0.16666666666666666 475 475 
0.5 0.38666666666666666 0.17333333333333334 498 498 
0.5 0.38666666666666666 0.18 440 440 
0.5 0.38666666666666666 0.18666666666666668 442 442 
0.5 0.38666666666666666 0.19333333333333333 447 447 
0.5 0.38666666666666666 0.2 475 475 
0.5 0.38666666666666666 0.20666666666666667 481 481 
0.5 0.38666666666666666 0.21333333333333335 447 447 
0.5 0.38666666666666666 0.22 443 443 
0.5 0.38666666666666666 0.22666666666666666 461 461 
0.5 0.38666666666666666 0.23333333333333334 445 445 
0.5 0.38666666666666666 0.24 462 462 
0.5 0.38666666666666666 0.24666666666666667 457 457 
0.5 0.38666666666666666 0.25333333333333335 441 441 
0.5 0.38666666666666666 0.26 451 451 
0.5 0.38666666666666666 0.26666666666666666 446 446 
0.5 0.38666666666666666 0.2733333333333333 476 476 
0.5 0.38666666666666666 0.28 484 484 
0.5 0.38666666666666666 0.2866666666666667 460 460 
0.5 0.38666666666666666 0.29333333333333333 453 453 
0.5 0.38666666666666666 0.3 443 443 
0.5 0.38666666666666666 0.30666666666666664 462 462 
0.5 0.38666666666666666 0.31333333333333335 450 450 
0.5 0.38666666666666666 0.32 436 436 
0.5 0.38666666666666666 0.32666666666666666 459 459 
0.5 0.38666666666666666 0.3333333333333333 450 450 
0.5 0.38666666666666666 0.34 462 462 
0.5 0.38666666666666666 0.3466666666666667 483 483 
0.5 0.38666666666666666 0.35333333333333333 466 466 
0.5 0.38666666666666666 0.36 479 479 
0.5 0.38666666666666666 0.36666666666666664 462 462 
0.5 0.38666666666666666 0.37333333333333335 409 409 
0.5 0.38666666666666666 0.38 473 473 
0.5 0.38666666666666666 0.38666666666666666 467 467 
0.5 0.38666666666666666 0.3933333333333333 485 485 
0.5 0.38666666666666666 0.4 432 432 
0.5 0.38666666666666666 0.4066666666666667 503 503 
0.5 0.38666666666666666 0.41333333333333333 470 470 
0.5 0.38666666666666666 0.42 507 507 
0.5 0.38666666666666666 0.4266666666666667 440 440 
0.5 0.38666666666666666 0.43333333333333335 481 481 
0.5 0.38666666666666666 0.44 491 491 
0.5 0.38666666666666666 0.44666666666666666 472 472 
0.5 0.38666666666666666 0.4533333333333333 471 471 
0.5 0.38666666666666666 0.46 447 447 
0.5 0.38666666666666666 0.4666666666666667 491 491 
0.5 0.38666666666666666 0.47333333333333333 482 482 
0.5 0.38666666666666666 0.48 433 433 
0.5 0.38666666666666666 0.4866666666666667 474 474 
0.5 0.38666666666666666 0.49333333333333335 459 459 
0.5 0.38666666666666666 0.5 451 451 
0.5 0.38666666666666666 0.5066666666666667 494 494 
0.5 0.38666666666666666 0.5133333333333333 460 460 
0.5 0.38666666666666666 0.52 478 478 
0.5 0.38666666666666666 0.5266666666666666 446 446 
0.5 0.38666666666666666 0.5333333333333333 484 484 
0.5 0.38666666666666666 0.54 430 430 
0.5 0.38666666666666666 0.5466666666666666 428 428 
0.5 0.38666666666666666 0.5533333333333333 454 454 
0.5 0.38666666666666666 0.56 455 455 
0.5 0.38666666666666666 0.5666666666666667 471 471 
0.5 0.38666666666666666 0.5733333333333334 460 460 
0.5 0.38666666666666666 0.58 466 466 
0.5 0.38666666666666666 0.5866666666666667 427 427 
0.5 0.38666666666666666 0.5933333333333334 436 436 
0.5 0.38666666666666666 0.6 453 453 
0.5 0.38666666666666666 0.6066666666666667 485 485 
0.5 0.38666666666666666 0.6133333333333333 452 452 
0.5 0.38666666666666666 0.62 423 423 
0.5 0.38666666666666666 0.6266666666666667 406 406 
0.5 0.38666666666666666 0.6333333333333333 462 462 
0.5 0.38666666666666666 0.64 466 466 
0.5 0.38666666666666666 0.6466666666666666 482 482 
0.5 0.38666666666666666 0.6533333333333333 460 460 
0.5 0.38666666666666666 0.66 455 455 
0.5 0.38666666666666666 0.6666666666666666 427 427 
0.5 0.38666666666666666 0.6733333333333333 450 450 
0.5 0.38666666666666666 0.68 463 463 
0.5 0.38666666666666666 0.6866666666666666 429 429 
0.5 0.38666666666666666 0.6933333333333334 442 442 
0.5 0.38666666666666666 0.7 420 420 
0.5 0.38666666666666666 0.7066666666666667 441 441 
0.5 0.38666666666666666 0.7133333333333334 477 477 
0.5 0.38666666666666666 0.72 515 515 
0.5 0.38666666666666666 0.7266666666666667 425 425 
0.5 0.38666666666666666 0.7333333333333333 469 469 
0.5 0.38666666666666666 0.74 470 470 
0.5 0.38666666666666666 0.7466666666666667 416 416 
0.5 0.38666666666666666 0.7533333333333333 428 428 
0.5 0.38666666666666666 0.76 487 487 
0.5 0.38666666666666666 0.7666666666666667 478 478 
0.5 0.38666666666666666 0.7733333333333333 475 475 
0.5 0.38666666666666666 0.78 500 500 
0.5 0.38666666666666666 0.7866666666666666 512 512 
0.5 0.38666666666666666 0.7933333333333333 493 493 
0.5 0.38666666666666666 0.8 475 475 
0.5 0.38666666666666666 0.8066666666666666 473 473 
0.5 0.38666666666666666 0.8133333333333334 467 467 
0.5 0.38666666666666666 0.82 491 491 
0.5 0.38666666666666666 0.8266666666666667 472 472 
0.5 0.38666666666666666 0.8333333333333334 488 488 
0.5 0.38666666666666666 0.84 472 472 
0.5 0.38666666666666666 0.8466666666666667 461 461 
0.5 0.38666666666666666 0.8533333333333334 476 476 
0.5 0.38666666666666666 0.86 476 476 
0.5 0.38666666666666666 0.8666666666666667 527 527 
0.5 0.38666666666666666 0.8733333333333333 480 480 
0.5 0.38666666666666666 0.88 523 523 
0.5 0.38666666666666666 0.8866666666666667 478 478 
0.5 0.38666666666666666 0.8933333333333333 489 489 
0.5 0.38666666666666666 0.9 476 476 
0.5 0.38666666666666666 0.9066666666666666 449 449 
0.5 0.38666666666666666 0.9133333333333333 447 447 
0.5 0.38666666666666666 0.92 452 452 
0.5 0.38666666666666666 0.9266666666666666 463 463 
0.5 0.38666666666666666 0.9333333333333333 426 426 
0.5 0.38666666666666666 0.94 489 489 
0.5 0.38666666666666666 0.9466666666666667 488 488 
0.5 0.38666666666666666 0.9533333333333334 480 480 
0.5 0.38666666666666666 0.96 458 458 
0.5 0.38666666666666666 0.9666666666666667 480 480 
0.5 0.38666666666666666 0.9733333333333334 438 438 
0.5 0.38666666666666666 0.98 505 505 
0.5 0.38666666666666666 0.9866666666666667 563 563 
0.5 0.38666666666666666 0.9933333333333333 0 0 
0.5 0.3933333333333333 0.0 0 0 
0.5 0.3933333333333333 0.006666666666666667 556 556 
0.5 0.3933333333333333 0.013333333333333334 472 472 
0.5 0.3933333333333333 0.02 442 442 
0.5 0.3933333333333333 0.02666666666666667 462 462 
0.5 0.3933333333333333 0.03333333333333333 476 476 
0.5 0.3933333333333333 0.04 502 502 
0.5 0.3933333333333333 0.04666666666666667 436 436 
0.5 0.3933333333333333 0.05333333333333334 457 457 
0.5 0.3933333333333333 0.06 469 469 
0.5 0.3933333333333333 0.06666666666666667 451 451 
0.5 0.3933333333333333 0.07333333333333333 480 480 
0.5 0.3933333333333333 0.08 431 431 
0.5 0.3933333333333333 0.08666666666666667 423 423 
0.5 0.3933333333333333 0.09333333333333334 451 451 
0.5 0.3933333333333333 0.1 445 445 
0.5 0.3933333333333333 0.10666666666666667 469 469 
0.5 0.3933333333333333 0.11333333333333333 430 430 
0.5 0.3933333333333333 0.12 433 433 
0.5 0.3933333333333333 0.12666666666666668 420 420 
0.5 0.3933333333333333 0.13333333333333333 433 433 
0.5 0.3933333333333333 0.14 478 478 
0.5 0.3933333333333333 0.14666666666666667 448 448 
0.5 0.3933333333333333 0.15333333333333332 472 472 
0.5 0.3933333333333333 0.16 489 489 
0.5 0.3933333333333333 0.16666666666666666 445 445 
0.5 0.3933333333333333 0.17333333333333334 449 449 
0.5 0.3933333333333333 0.18 479 479 
0.5 0.3933333333333333 0.18666666666666668 461 461 
0.5 0.3933333333333333 0.19333333333333333 476 476 
0.5 0.3933333333333333 0.2 474 474 
0.5 0.3933333333333333 0.20666666666666667 468 468 
0.5 0.3933333333333333 0.21333333333333335 471 471 
0.5 0.3933333333333333 0.22 467 467 
0.5 0.3933333333333333 0.22666666666666666 472 472 
0.5 0.3933333333333333 0.23333333333333334 532 532 
0.5 0.3933333333333333 0.24 473 473 
0.5 0.3933333333333333 0.24666666666666667 453 453 
0.5 0.3933333333333333 0.25333333333333335 458 458 
0.5 0.3933333333333333 0.26 450 450 
0.5 0.3933333333333333 0.26666666666666666 461 461 
0.5 0.3933333333333333 0.2733333333333333 440 440 
0.5 0.3933333333333333 0.28 437 437 
0.5 0.3933333333333333 0.2866666666666667 459 459 
0.5 0.3933333333333333 0.29333333333333333 478 478 
0.5 0.3933333333333333 0.3 465 465 
0.5 0.3933333333333333 0.30666666666666664 480 480 
0.5 0.3933333333333333 0.31333333333333335 431 431 
0.5 0.3933333333333333 0.32 473 473 
0.5 0.3933333333333333 0.32666666666666666 473 473 
0.5 0.3933333333333333 0.3333333333333333 463 463 
0.5 0.3933333333333333 0.34 452 452 
0.5 0.3933333333333333 0.3466666666666667 425 425 
0.5 0.3933333333333333 0.35333333333333333 453 453 
0.5 0.3933333333333333 0.36 491 491 
0.5 0.3933333333333333 0.36666666666666664 459 459 
0.5 0.3933333333333333 0.37333333333333335 459 459 
0.5 0.3933333333333333 0.38 462 462 
0.5 0.3933333333333333 0.38666666666666666 436 436 
0.5 0.3933333333333333 0.3933333333333333 429 429 
0.5 0.3933333333333333 0.4 452 452 
0.5 0.3933333333333333 0.4066666666666667 463 463 
0.5 0.3933333333333333 0.41333333333333333 473 473 
0.5 0.3933333333333333 0.42 494 494 
0.5 0.3933333333333333 0.4266666666666667 456 456 
0.5 0.3933333333333333 0.43333333333333335 444 444 
0.5 0.3933333333333333 0.44 435 435 
0.5 0.3933333333333333 0.44666666666666666 453 453 
0.5 0.3933333333333333 0.4533333333333333 457 457 
0.5 0.3933333333333333 0.46 464 464 
0.5 0.3933333333333333 0.4666666666666667 474 474 
0.5 0.3933333333333333 0.47333333333333333 474 474 
0.5 0.3933333333333333 0.48 430 430 
0.5 0.3933333333333333 0.4866666666666667 472 472 
0.5 0.3933333333333333 0.49333333333333335 467 467 
0.5 0.3933333333333333 0.5 457 457 
0.5 0.3933333333333333 0.5066666666666667 431 431 
0.5 0.3933333333333333 0.5133333333333333 448 448 
0.5 0.3933333333333333 0.52 455 455 
0.5 0.3933333333333333 0.5266666666666666 492 492 
0.5 0.3933333333333333 0.5333333333333333 466 466 
0.5 0.3933333333333333 0.54 455 455 
0.5 0.3933333333333333 0.5466666666666666 469 469 
0.5 0.3933333333333333 0.5533333333333333 413 413 
0.5 0.3933333333333333 0.56 404 404 
0.5 0.3933333333333333 0.5666666666666667 433 433 
0.5 0.3933333333333333 0.5733333333333334 424 424 
0.5 0.3933333333333333 0.58 462 462 
0.5 0.3933333333333333 0.5866666666666667 440 440 
0.5 0.3933333333333333 0.5933333333333334 419 419 
0.5 0.3933333333333333 0.6 509 509 
0.5 0.3933333333333333 0.6066666666666667 456 456 
0.5 0.3933333333333333 0.6133333333333333 443 443 
0.5 0.3933333333333333 0.62 398 398 
0.5 0.3933333333333333 0.6266666666666667 474 474 
0.5 0.3933333333333333 0.6333333333333333 475 475 
0.5 0.3933333333333333 0.64 422 422 
0.5 0.3933333333333333 0.6466666666666666 453 453 
0.5 0.3933333333333333 0.6533333333333333 488 488 
0.5 0.3933333333333333 0.66 445 445 
0.5 0.3933333333333333 0.6666666666666666 460 460 
0.5 0.3933333333333333 0.6733333333333333 435 435 
0.5 0.3933333333333333 0.68 417 417 
0.5 0.3933333333333333 0.6866666666666666 394 394 
0.5 0.3933333333333333 0.6933333333333334 461 461 
0.5 0.3933333333333333 0.7 462 462 
0.5 0.3933333333333333 0.7066666666666667 434 434 
0.5 0.3933333333333333 0.7133333333333334 456 456 
0.5 0.3933333333333333 0.72 437 437 
0.5 0.3933333333333333 0.7266666666666667 463 463 
0.5 0.3933333333333333 0.7333333333333333 432 432 
0.5 0.3933333333333333 0.74 425 425 
0.5 0.3933333333333333 0.7466666666666667 455 455 
0.5 0.3933333333333333 0.7533333333333333 476 476 
0.5 0.3933333333333333 0.76 450 450 
0.5 0.3933333333333333 0.7666666666666667 475 475 
0.5 0.3933333333333333 0.7733333333333333 453 453 
0.5 0.3933333333333333 0.78 471 471 
0.5 0.3933333333333333 0.7866666666666666 433 433 
0.5 0.3933333333333333 0.7933333333333333 483 483 
0.5 0.3933333333333333 0.8 496 496 
0.5 0.3933333333333333 0.8066666666666666 483 483 
0.5 0.3933333333333333 0.8133333333333334 528 528 
0.5 0.3933333333333333 0.82 416 416 
0.5 0.3933333333333333 0.8266666666666667 451 451 
0.5 0.3933333333333333 0.8333333333333334 462 462 
0.5 0.3933333333333333 0.84 437 437 
0.5 0.3933333333333333 0.8466666666666667 472 472 
0.5 0.3933333333333333 0.8533333333333334 444 444 
0.5 0.3933333333333333 0.86 470 470 
0.5 0.3933333333333333 0.8666666666666667 469 469 
0.5 0.3933333333333333 0.8733333333333333 494 494 
0.5 0.3933333333333333 0.88 511 511 
0.5 0.3933333333333333 0.8866666666666667 498 498 
0.5 0.3933333333333333 0.8933333333333333 527 527 
0.5 0.3933333333333333 0.9 437 437 
0.5 0.3933333333333333 0.9066666666666666 431 431 
0.5 0.3933333333333333 0.9133333333333333 429 429 
0.5 0.3933333333333333 0.92 460 460 
0.5 0.3933333333333333 0.9266666666666666 441 441 
0.5 0.3933333333333333 0.9333333333333333 468 468 
0.5 0.3933333333333333 0.94 439 439 
0.5 0.3933333333333333 0.9466666666666667 473 473 
0.5 0.3933333333333333 0.9533333333333334 441 441 
0.5 0.3933333333333333 0.96 480 480 
0.5 0.3933333333333333 0.9666666666666667 456 456 
0.5 0.3933333333333333 0.9733333333333334 465 465 
0.5 0.3933333333333333 0.98 452 452 
0.5 0.3933333333333333 0.9866666666666667 549 549 
0.5 0.3933333333333333 0.9933333333333333 0 0 
0.5 0.4 0.0 0 0 
0.5 0.4 0.006666666666666667 544 544 
0.5 0.4 0.013333333333333334 449 449 
0.5 0.4 0.02 509 509 
0.5 0.4 0.02666666666666667 456 456 
0.5 0.4 0.03333333333333333 448 448 
0.5 0.4 0.04 476 476 
0.5 0.4 0.04666666666666667 468 468 
0.5 0.4 0.05333333333333334 476 476 
0.5 0.4 0.06 479 479 
0.5 0.4 0.06666666666666667 425 425 
0.5 0.4 0.07333333333333333 439 439 
0.5 0.4 0.08 482 482 
0.5 0.4 0.08666666666666667 453 453 
0.5 0.4 0.09333333333333334 486 486 
0.5 0.4 0.1 445 445 
0.5 0.4 0.10666666666666667 462 462 
0.5 0.4 0.11333333333333333 434 434 
0.5 0.4 0.12 443 443 
0.5 0.4 0.12666666666666668 427 427 
0.5 0.4 0.13333333333333333 452 452 
0.5 0.4 0.14 438 438 
0.5 0.4 0.14666666666666667 470 470 
0.5 0.4 0.15333333333333332 478 478 
0.5 0.4 0.16 422 422 
0.5 0.4 0.16666666666666666 479 479 
0.5 0.4 0.17333333333333334 451 451 
0.5 0.4 0.18 444 444 
0.5 0.4 0.18666666666666668 480 480 
0.5 0.4 0.19333333333333333 479 479 
0.5 0.4 0.2 414 414 
0.5 0.4 0.20666666666666667 456 456 
0.5 0.4 0.21333333333333335 463 463 
0.5 0.4 0.22 477 477 
0.5 0.4 0.22666666666666666 499 499 
0.5 0.4 0.23333333333333334 455 455 
0.5 0.4 0.24 470 470 
0.5 0.4 0.24666666666666667 489 489 
0.5 0.4 0.25333333333333335 452 452 
0.5 0.4 0.26 476 476 
0.5 0.4 0.26666666666666666 392 392 
0.5 0.4 0.2733333333333333 476 476 
0.5 0.4 0.28 480 480 
0.5 0.4 0.2866666666666667 427 427 
0.5 0.4 0.29333333333333333 430 430 
0.5 0.4 0.3 413 413 
0.5 0.4 0.30666666666666664 469 469 
0.5 0.4 0.31333333333333335 475 475 
0.5 0.4 0.32 472 472 
0.5 0.4 0.32666666666666666 466 466 
0.5 0.4 0.3333333333333333 465 465 
0.5 0.4 0.34 444 444 
0.5 0.4 0.3466666666666667 443 443 
0.5 0.4 0.35333333333333333 461 461 
0.5 0.4 0.36 431 431 
0.5 0.4 0.36666666666666664 477 477 
0.5 0.4 0.37333333333333335 465 465 
0.5 0.4 0.38 429 429 
0.5 0.4 0.38666666666666666 432 432 
0.5 0.4 0.3933333333333333 420 420 
0.5 0.4 0.4 454 454 
0.5 0.4 0.4066666666666667 476 476 
0.5 0.4 0.41333333333333333 483 483 
0.5 0.4 0.42 470 470 
0.5 0.4 0.4266666666666667 462 462 
0.5 0.4 0.43333333333333335 468 468 
0.5 0.4 0.44 470 470 
0.5 0.4 0.44666666666666666 433 433 
0.5 0.4 0.4533333333333333 477 477 
0.5 0.4 0.46 480 480 
0.5 0.4 0.4666666666666667 457 457 
0.5 0.4 0.47333333333333333 469 469 
0.5 0.4 0.48 479 479 
0.5 0.4 0.4866666666666667 494 494 
0.5 0.4 0.49333333333333335 453 453 
0.5 0.4 0.5 456 456 
0.5 0.4 0.5066666666666667 435 435 
0.5 0.4 0.5133333333333333 448 448 
0.5 0.4 0.52 435 435 
0.5 0.4 0.5266666666666666 431 431 
0.5 0.4 0.5333333333333333 427 427 
0.5 0.4 0.54 450 450 
0.5 0.4 0.5466666666666666 415 415 
0.5 0.4 0.5533333333333333 455 455 
0.5 0.4 0.56 440 440 
0.5 0.4 0.5666666666666667 442 442 
0.5 0.4 0.5733333333333334 420 420 
0.5 0.4 0.58 433 433 
0.5 0.4 0.5866666666666667 472 472 
0.5 0.4 0.5933333333333334 455 455 
0.5 0.4 0.6 482 482 
0.5 0.4 0.6066666666666667 446 446 
0.5 0.4 0.6133333333333333 473 473 
0.5 0.4 0.62 465 465 
0.5 0.4 0.6266666666666667 440 440 
0.5 0.4 0.6333333333333333 445 445 
0.5 0.4 0.64 483 483 
0.5 0.4 0.6466666666666666 450 450 
0.5 0.4 0.6533333333333333 445 445 
0.5 0.4 0.66 446 446 
0.5 0.4 0.6666666666666666 413 413 
0.5 0.4 0.6733333333333333 448 448 
0.5 0.4 0.68 436 436 
0.5 0.4 0.6866666666666666 497 497 
0.5 0.4 0.6933333333333334 424 424 
0.5 0.4 0.7 426 426 
0.5 0.4 0.7066666666666667 492 492 
0.5 0.4 0.7133333333333334 449 449 
0.5 0.4 0.72 444 444 
0.5 0.4 0.7266666666666667 453 453 
0.5 0.4 0.7333333333333333 475 475 
0.5 0.4 0.74 430 430 
0.5 0.4 0.7466666666666667 477 477 
0.5 0.4 0.7533333333333333 490 490 
0.5 0.4 0.76 412 412 
0.5 0.4 0.7666666666666667 481 481 
0.5 0.4 0.7733333333333333 421 421 
0.5 0.4 0.78 502 502 
0.5 0.4 0.7866666666666666 448 448 
0.5 0.4 0.7933333333333333 445 445 
0.5 0.4 0.8 465 465 
0.5 0.4 0.8066666666666666 472 472 
0.5 0.4 0.8133333333333334 487 487 
0.5 0.4 0.82 445 445 
0.5 0.4 0.8266666666666667 450 450 
0.5 0.4 0.8333333333333334 473 473 
0.5 0.4 0.84 501 501 
0.5 0.4 0.8466666666666667 453 453 
0.5 0.4 0.8533333333333334 499 499 
0.5 0.4 0.86 480 480 
0.5 0.4 0.8666666666666667 483 483 
0.5 0.4 0.8733333333333333 475 475 
0.5 0.4 0.88 449 449 
0.5 0.4 0.8866666666666667 473 473 
0.5 0.4 0.8933333333333333 467 467 
0.5 0.4 0.9 475 475 
0.5 0.4 0.9066666666666666 436 436 
0.5 0.4 0.9133333333333333 457 457 
0.5 0.4 0.92 439 439 
0.5 0.4 0.9266666666666666 476 476 
0.5 0.4 0.9333333333333333 493 493 
0.5 0.4 0.94 474 474 
0.5 0.4 0.9466666666666667 472 472 
0.5 0.4 0.9533333333333334 455 455 
0.5 0.4 0.96 465 465 
0.5 0.4 0.9666666666666667 490 490 
0.5 0.4 0.9733333333333334 466 466 
0.5 0.4 0.98 505 505 
0.5 0.4 0.9866666666666667 558 558 
0.5 0.4 0.9933333333333333 0 0 
0.5 0.4066666666666667 0.0 0 0 
0.5 0.4066666666666667 0.006666666666666667 529 529 
0.5 0.4066666666666667 0.013333333333333334 455 455 
0.5 0.4066666666666667 0.02 472 472 
0.5 0.4066666666666667 0.02666666666666667 475 475 
0.5 0.4066666666666667 0.03333333333333333 473 473 
0.5 0.4066666666666667 0.04 436 436 
0.5 0.4066666666666667 0.04666666666666667 460 460 
0.5 0.4066666666666667 0.05333333333333334 452 452 
0.5 0.4066666666666667 0.06 452 452 
0.5 0.4066666666666667 0.06666666666666667 440 440 
0.5 0.4066666666666667 0.07333333333333333 479 479 
0.5 0.4066666666666667 0.08 482 482 
0.5 0.4066666666666667 0.08666666666666667 492 492 
0.5 0.4066666666666667 0.09333333333333334 479 479 
0.5 0.4066666666666667 0.1 410 410 
0.5 0.4066666666666667 0.10666666666666667 446 446 
0.5 0.4066666666666667 0.11333333333333333 456 456 
0.5 0.4066666666666667 0.12 472 472 
0.5 0.4066666666666667 0.12666666666666668 478 478 
0.5 0.4066666666666667 0.13333333333333333 446 446 
0.5 0.4066666666666667 0.14 459 459 
0.5 0.4066666666666667 0.14666666666666667 480 480 
0.5 0.4066666666666667 0.15333333333333332 463 463 
0.5 0.4066666666666667 0.16 448 448 
0.5 0.4066666666666667 0.16666666666666666 460 460 
0.5 0.4066666666666667 0.17333333333333334 478 478 
0.5 0.4066666666666667 0.18 420 420 
0.5 0.4066666666666667 0.18666666666666668 449 449 
0.5 0.4066666666666667 0.19333333333333333 510 510 
0.5 0.4066666666666667 0.2 477 477 
0.5 0.4066666666666667 0.20666666666666667 475 475 
0.5 0.4066666666666667 0.21333333333333335 431 431 
0.5 0.4066666666666667 0.22 453 453 
0.5 0.4066666666666667 0.22666666666666666 457 457 
0.5 0.4066666666666667 0.23333333333333334 456 456 
0.5 0.4066666666666667 0.24 460 460 
0.5 0.4066666666666667 0.24666666666666667 471 471 
0.5 0.4066666666666667 0.25333333333333335 475 475 
0.5 0.4066666666666667 0.26 470 470 
0.5 0.4066666666666667 0.26666666666666666 450 450 
0.5 0.4066666666666667 0.2733333333333333 445 445 
0.5 0.4066666666666667 0.28 439 439 
0.5 0.4066666666666667 0.2866666666666667 454 454 
0.5 0.4066666666666667 0.29333333333333333 441 441 
0.5 0.4066666666666667 0.3 479 479 
0.5 0.4066666666666667 0.30666666666666664 485 485 
0.5 0.4066666666666667 0.31333333333333335 435 435 
0.5 0.4066666666666667 0.32 467 467 
0.5 0.4066666666666667 0.32666666666666666 480 480 
0.5 0.4066666666666667 0.3333333333333333 464 464 
0.5 0.4066666666666667 0.34 429 429 
0.5 0.4066666666666667 0.3466666666666667 458 458 
0.5 0.4066666666666667 0.35333333333333333 466 466 
0.5 0.4066666666666667 0.36 483 483 
0.5 0.4066666666666667 0.36666666666666664 458 458 
0.5 0.4066666666666667 0.37333333333333335 432 432 
0.5 0.4066666666666667 0.38 478 478 
0.5 0.4066666666666667 0.38666666666666666 418 418 
0.5 0.4066666666666667 0.3933333333333333 460 460 
0.5 0.4066666666666667 0.4 443 443 
0.5 0.4066666666666667 0.4066666666666667 451 451 
0.5 0.4066666666666667 0.41333333333333333 457 457 
0.5 0.4066666666666667 0.42 456 456 
0.5 0.4066666666666667 0.4266666666666667 444 444 
0.5 0.4066666666666667 0.43333333333333335 459 459 
0.5 0.4066666666666667 0.44 483 483 
0.5 0.4066666666666667 0.44666666666666666 470 470 
0.5 0.4066666666666667 0.4533333333333333 474 474 
0.5 0.4066666666666667 0.46 440 440 
0.5 0.4066666666666667 0.4666666666666667 464 464 
0.5 0.4066666666666667 0.47333333333333333 475 475 
0.5 0.4066666666666667 0.48 470 470 
0.5 0.4066666666666667 0.4866666666666667 434 434 
0.5 0.4066666666666667 0.49333333333333335 452 452 
0.5 0.4066666666666667 0.5 467 467 
0.5 0.4066666666666667 0.5066666666666667 467 467 
0.5 0.4066666666666667 0.5133333333333333 423 423 
0.5 0.4066666666666667 0.52 464 464 
0.5 0.4066666666666667 0.5266666666666666 445 445 
0.5 0.4066666666666667 0.5333333333333333 438 438 
0.5 0.4066666666666667 0.54 438 438 
0.5 0.4066666666666667 0.5466666666666666 446 446 
0.5 0.4066666666666667 0.5533333333333333 425 425 
0.5 0.4066666666666667 0.56 457 457 
0.5 0.4066666666666667 0.5666666666666667 419 419 
0.5 0.4066666666666667 0.5733333333333334 465 465 
0.5 0.4066666666666667 0.58 464 464 
0.5 0.4066666666666667 0.5866666666666667 461 461 
0.5 0.4066666666666667 0.5933333333333334 437 437 
0.5 0.4066666666666667 0.6 497 497 
0.5 0.4066666666666667 0.6066666666666667 454 454 
0.5 0.4066666666666667 0.6133333333333333 471 471 
0.5 0.4066666666666667 0.62 481 481 
0.5 0.4066666666666667 0.6266666666666667 474 474 
0.5 0.4066666666666667 0.6333333333333333 441 441 
0.5 0.4066666666666667 0.64 477 477 
0.5 0.4066666666666667 0.6466666666666666 477 477 
0.5 0.4066666666666667 0.6533333333333333 475 475 
0.5 0.4066666666666667 0.66 451 451 
0.5 0.4066666666666667 0.6666666666666666 473 473 
0.5 0.4066666666666667 0.6733333333333333 462 462 
0.5 0.4066666666666667 0.68 480 480 
0.5 0.4066666666666667 0.6866666666666666 439 439 
0.5 0.4066666666666667 0.6933333333333334 468 468 
0.5 0.4066666666666667 0.7 452 452 
0.5 0.4066666666666667 0.7066666666666667 468 468 
0.5 0.4066666666666667 0.7133333333333334 492 492 
0.5 0.4066666666666667 0.72 439 439 
0.5 0.4066666666666667 0.7266666666666667 442 442 
0.5 0.4066666666666667 0.7333333333333333 423 423 
0.5 0.4066666666666667 0.74 473 473 
0.5 0.4066666666666667 0.7466666666666667 479 479 
0.5 0.4066666666666667 0.7533333333333333 447 447 
0.5 0.4066666666666667 0.76 432 432 
0.5 0.4066666666666667 0.7666666666666667 468 468 
0.5 0.4066666666666667 0.7733333333333333 491 491 
0.5 0.4066666666666667 0.78 438 438 
0.5 0.4066666666666667 0.7866666666666666 448 448 
0.5 0.4066666666666667 0.7933333333333333 484 484 
0.5 0.4066666666666667 0.8 425 425 
0.5 0.4066666666666667 0.8066666666666666 449 449 
0.5 0.4066666666666667 0.8133333333333334 471 471 
0.5 0.4066666666666667 0.82 471 471 
0.5 0.4066666666666667 0.8266666666666667 482 482 
0.5 0.4066666666666667 0.8333333333333334 471 471 
0.5 0.4066666666666667 0.84 470 470 
0.5 0.4066666666666667 0.8466666666666667 492 492 
0.5 0.4066666666666667 0.8533333333333334 475 475 
0.5 0.4066666666666667 0.86 477 477 
0.5 0.4066666666666667 0.8666666666666667 483 483 
0.5 0.4066666666666667 0.8733333333333333 520 520 
0.5 0.4066666666666667 0.88 452 452 
0.5 0.4066666666666667 0.8866666666666667 499 499 
0.5 0.4066666666666667 0.8933333333333333 451 451 
0.5 0.4066666666666667 0.9 422 422 
0.5 0.4066666666666667 0.9066666666666666 443 443 
0.5 0.4066666666666667 0.9133333333333333 449 449 
0.5 0.4066666666666667 0.92 464 464 
0.5 0.4066666666666667 0.9266666666666666 501 501 
0.5 0.4066666666666667 0.9333333333333333 461 461 
0.5 0.4066666666666667 0.94 458 458 
0.5 0.4066666666666667 0.9466666666666667 453 453 
0.5 0.4066666666666667 0.9533333333333334 457 457 
0.5 0.4066666666666667 0.96 450 450 
0.5 0.4066666666666667 0.9666666666666667 461 461 
0.5 0.4066666666666667 0.9733333333333334 482 482 
0.5 0.4066666666666667 0.98 452 452 
0.5 0.4066666666666667 0.9866666666666667 511 511 
0.5 0.4066666666666667 0.9933333333333333 0 0 
0.5 0.41333333333333333 0.0 0 0 
0.5 0.41333333333333333 0.006666666666666667 617 617 
0.5 0.41333333333333333 0.013333333333333334 468 468 
0.5 0.41333333333333333 0.02 467 467 
0.5 0.41333333333333333 0.02666666666666667 456 456 
0.5 0.41333333333333333 0.03333333333333333 411 411 
0.5 0.41333333333333333 0.04 461 461 
0.5 0.41333333333333333 0.04666666666666667 458 458 
0.5 0.41333333333333333 0.05333333333333334 484 484 
0.5 0.41333333333333333 0.06 438 438 
0.5 0.41333333333333333 0.06666666666666667 435 435 
0.5 0.41333333333333333 0.07333333333333333 471 471 
0.5 0.41333333333333333 0.08 494 494 
0.5 0.41333333333333333 0.08666666666666667 437 437 
0.5 0.41333333333333333 0.09333333333333334 480 480 
0.5 0.41333333333333333 0.1 505 505 
0.5 0.41333333333333333 0.10666666666666667 447 447 
0.5 0.41333333333333333 0.11333333333333333 490 490 
0.5 0.41333333333333333 0.12 458 458 
0.5 0.41333333333333333 0.12666666666666668 478 478 
0.5 0.41333333333333333 0.13333333333333333 461 461 
0.5 0.41333333333333333 0.14 450 450 
0.5 0.41333333333333333 0.14666666666666667 470 470 
0.5 0.41333333333333333 0.15333333333333332 469 469 
0.5 0.41333333333333333 0.16 488 488 
0.5 0.41333333333333333 0.16666666666666666 451 451 
0.5 0.41333333333333333 0.17333333333333334 462 462 
0.5 0.41333333333333333 0.18 469 469 
0.5 0.41333333333333333 0.18666666666666668 481 481 
0.5 0.41333333333333333 0.19333333333333333 480 480 
0.5 0.41333333333333333 0.2 479 479 
0.5 0.41333333333333333 0.20666666666666667 497 497 
0.5 0.41333333333333333 0.21333333333333335 498 498 
0.5 0.41333333333333333 0.22 469 469 
0.5 0.41333333333333333 0.22666666666666666 437 437 
0.5 0.41333333333333333 0.23333333333333334 464 464 
0.5 0.41333333333333333 0.24 469 469 
0.5 0.41333333333333333 0.24666666666666667 418 418 
0.5 0.41333333333333333 0.25333333333333335 439 439 
0.5 0.41333333333333333 0.26 487 487 
0.5 0.41333333333333333 0.26666666666666666 458 458 
0.5 0.41333333333333333 0.2733333333333333 445 445 
0.5 0.41333333333333333 0.28 489 489 
0.5 0.41333333333333333 0.2866666666666667 484 484 
0.5 0.41333333333333333 0.29333333333333333 467 467 
0.5 0.41333333333333333 0.3 457 457 
0.5 0.41333333333333333 0.30666666666666664 480 480 
0.5 0.41333333333333333 0.31333333333333335 489 489 
0.5 0.41333333333333333 0.32 459 459 
0.5 0.41333333333333333 0.32666666666666666 468 468 
0.5 0.41333333333333333 0.3333333333333333 478 478 
0.5 0.41333333333333333 0.34 490 490 
0.5 0.41333333333333333 0.3466666666666667 475 475 
0.5 0.41333333333333333 0.35333333333333333 439 439 
0.5 0.41333333333333333 0.36 457 457 
0.5 0.41333333333333333 0.36666666666666664 466 466 
0.5 0.41333333333333333 0.37333333333333335 467 467 
0.5 0.41333333333333333 0.38 463 463 
0.5 0.41333333333333333 0.38666666666666666 490 490 
0.5 0.41333333333333333 0.3933333333333333 458 458 
0.5 0.41333333333333333 0.4 425 425 
0.5 0.41333333333333333 0.4066666666666667 468 468 
0.5 0.41333333333333333 0.41333333333333333 454 454 
0.5 0.41333333333333333 0.42 452 452 
0.5 0.41333333333333333 0.4266666666666667 446 446 
0.5 0.41333333333333333 0.43333333333333335 456 456 
0.5 0.41333333333333333 0.44 465 465 
0.5 0.41333333333333333 0.44666666666666666 481 481 
0.5 0.41333333333333333 0.4533333333333333 449 449 
0.5 0.41333333333333333 0.46 448 448 
0.5 0.41333333333333333 0.4666666666666667 447 447 
0.5 0.41333333333333333 0.47333333333333333 430 430 
0.5 0.41333333333333333 0.48 460 460 
0.5 0.41333333333333333 0.4866666666666667 461 461 
0.5 0.41333333333333333 0.49333333333333335 472 472 
0.5 0.41333333333333333 0.5 447 447 
0.5 0.41333333333333333 0.5066666666666667 434 434 
0.5 0.41333333333333333 0.5133333333333333 437 437 
0.5 0.41333333333333333 0.52 423 423 
0.5 0.41333333333333333 0.5266666666666666 445 445 
0.5 0.41333333333333333 0.5333333333333333 448 448 
0.5 0.41333333333333333 0.54 457 457 
0.5 0.41333333333333333 0.5466666666666666 457 457 
0.5 0.41333333333333333 0.5533333333333333 441 441 
0.5 0.41333333333333333 0.56 476 476 
0.5 0.41333333333333333 0.5666666666666667 450 450 
0.5 0.41333333333333333 0.5733333333333334 468 468 
0.5 0.41333333333333333 0.58 470 470 
0.5 0.41333333333333333 0.5866666666666667 431 431 
0.5 0.41333333333333333 0.5933333333333334 453 453 
0.5 0.41333333333333333 0.6 422 422 
0.5 0.41333333333333333 0.6066666666666667 449 449 
0.5 0.41333333333333333 0.6133333333333333 462 462 
0.5 0.41333333333333333 0.62 486 486 
0.5 0.41333333333333333 0.6266666666666667 447 447 
0.5 0.41333333333333333 0.6333333333333333 498 498 
0.5 0.41333333333333333 0.64 485 485 
0.5 0.41333333333333333 0.6466666666666666 449 449 
0.5 0.41333333333333333 0.6533333333333333 446 446 
0.5 0.41333333333333333 0.66 421 421 
0.5 0.41333333333333333 0.6666666666666666 453 453 
0.5 0.41333333333333333 0.6733333333333333 484 484 
0.5 0.41333333333333333 0.68 431 431 
0.5 0.41333333333333333 0.6866666666666666 437 437 
0.5 0.41333333333333333 0.6933333333333334 479 479 
0.5 0.41333333333333333 0.7 451 451 
0.5 0.41333333333333333 0.7066666666666667 500 500 
0.5 0.41333333333333333 0.7133333333333334 486 486 
0.5 0.41333333333333333 0.72 480 480 
0.5 0.41333333333333333 0.7266666666666667 454 454 
0.5 0.41333333333333333 0.7333333333333333 463 463 
0.5 0.41333333333333333 0.74 454 454 
0.5 0.41333333333333333 0.7466666666666667 473 473 
0.5 0.41333333333333333 0.7533333333333333 477 477 
0.5 0.41333333333333333 0.76 463 463 
0.5 0.41333333333333333 0.7666666666666667 452 452 
0.5 0.41333333333333333 0.7733333333333333 465 465 
0.5 0.41333333333333333 0.78 440 440 
0.5 0.41333333333333333 0.7866666666666666 378 378 
0.5 0.41333333333333333 0.7933333333333333 414 414 
0.5 0.41333333333333333 0.8 436 436 
0.5 0.41333333333333333 0.8066666666666666 444 444 
0.5 0.41333333333333333 0.8133333333333334 493 493 
0.5 0.41333333333333333 0.82 456 456 
0.5 0.41333333333333333 0.8266666666666667 486 486 
0.5 0.41333333333333333 0.8333333333333334 444 444 
0.5 0.41333333333333333 0.84 466 466 
0.5 0.41333333333333333 0.8466666666666667 481 481 
0.5 0.41333333333333333 0.8533333333333334 467 467 
0.5 0.41333333333333333 0.86 509 509 
0.5 0.41333333333333333 0.8666666666666667 464 464 
0.5 0.41333333333333333 0.8733333333333333 457 457 
0.5 0.41333333333333333 0.88 422 422 
0.5 0.41333333333333333 0.8866666666666667 442 442 
0.5 0.41333333333333333 0.8933333333333333 462 462 
0.5 0.41333333333333333 0.9 427 427 
0.5 0.41333333333333333 0.9066666666666666 506 506 
0.5 0.41333333333333333 0.9133333333333333 408 408 
0.5 0.41333333333333333 0.92 438 438 
0.5 0.41333333333333333 0.9266666666666666 450 450 
0.5 0.41333333333333333 0.9333333333333333 469 469 
0.5 0.41333333333333333 0.94 449 449 
0.5 0.41333333333333333 0.9466666666666667 426 426 
0.5 0.41333333333333333 0.9533333333333334 470 470 
0.5 0.41333333333333333 0.96 454 454 
0.5 0.41333333333333333 0.9666666666666667 452 452 
0.5 0.41333333333333333 0.9733333333333334 447 447 
0.5 0.41333333333333333 0.98 462 462 
0.5 0.41333333333333333 0.9866666666666667 595 595 
0.5 0.41333333333333333 0.9933333333333333 0 0 
0.5 0.42 0.0 0 0 
0.5 0.42 0.006666666666666667 521 521 
0.5 0.42 0.013333333333333334 459 459 
0.5 0.42 0.02 442 442 
0.5 0.42 0.02666666666666667 489 489 
0.5 0.42 0.03333333333333333 433 433 
0.5 0.42 0.04 426 426 
0.5 0.42 0.04666666666666667 463 463 
0.5 0.42 0.05333333333333334 416 416 
0.5 0.42 0.06 440 440 
0.5 0.42 0.06666666666666667 439 439 
0.5 0.42 0.07333333333333333 429 429 
0.5 0.42 0.08 444 444 
0.5 0.42 0.08666666666666667 455 455 
0.5 0.42 0.09333333333333334 510 510 
0.5 0.42 0.1 494 494 
0.5 0.42 0.10666666666666667 493 493 
0.5 0.42 0.11333333333333333 509 509 
0.5 0.42 0.12 459 459 
0.5 0.42 0.12666666666666668 484 484 
0.5 0.42 0.13333333333333333 460 460 
0.5 0.42 0.14 444 444 
0.5 0.42 0.14666666666666667 464 464 
0.5 0.42 0.15333333333333332 418 418 
0.5 0.42 0.16 487 487 
0.5 0.42 0.16666666666666666 433 433 
0.5 0.42 0.17333333333333334 469 469 
0.5 0.42 0.18 454 454 
0.5 0.42 0.18666666666666668 415 415 
0.5 0.42 0.19333333333333333 468 468 
0.5 0.42 0.2 429 429 
0.5 0.42 0.20666666666666667 434 434 
0.5 0.42 0.21333333333333335 470 470 
0.5 0.42 0.22 475 475 
0.5 0.42 0.22666666666666666 462 462 
0.5 0.42 0.23333333333333334 486 486 
0.5 0.42 0.24 435 435 
0.5 0.42 0.24666666666666667 460 460 
0.5 0.42 0.25333333333333335 460 460 
0.5 0.42 0.26 453 453 
0.5 0.42 0.26666666666666666 470 470 
0.5 0.42 0.2733333333333333 493 493 
0.5 0.42 0.28 450 450 
0.5 0.42 0.2866666666666667 441 441 
0.5 0.42 0.29333333333333333 405 405 
0.5 0.42 0.3 471 471 
0.5 0.42 0.30666666666666664 438 438 
0.5 0.42 0.31333333333333335 433 433 
0.5 0.42 0.32 456 456 
0.5 0.42 0.32666666666666666 458 458 
0.5 0.42 0.3333333333333333 447 447 
0.5 0.42 0.34 486 486 
0.5 0.42 0.3466666666666667 480 480 
0.5 0.42 0.35333333333333333 461 461 
0.5 0.42 0.36 438 438 
0.5 0.42 0.36666666666666664 442 442 
0.5 0.42 0.37333333333333335 445 445 
0.5 0.42 0.38 469 469 
0.5 0.42 0.38666666666666666 473 473 
0.5 0.42 0.3933333333333333 472 472 
0.5 0.42 0.4 413 413 
0.5 0.42 0.4066666666666667 429 429 
0.5 0.42 0.41333333333333333 425 425 
0.5 0.42 0.42 433 433 
0.5 0.42 0.4266666666666667 443 443 
0.5 0.42 0.43333333333333335 455 455 
0.5 0.42 0.44 451 451 
0.5 0.42 0.44666666666666666 424 424 
0.5 0.42 0.4533333333333333 459 459 
0.5 0.42 0.46 436 436 
0.5 0.42 0.4666666666666667 454 454 
0.5 0.42 0.47333333333333333 424 424 
0.5 0.42 0.48 437 437 
0.5 0.42 0.4866666666666667 435 435 
0.5 0.42 0.49333333333333335 435 435 
0.5 0.42 0.5 453 453 
0.5 0.42 0.5066666666666667 500 500 
0.5 0.42 0.5133333333333333 404 404 
0.5 0.42 0.52 406 406 
0.5 0.42 0.5266666666666666 454 454 
0.5 0.42 0.5333333333333333 455 455 
0.5 0.42 0.54 451 451 
0.5 0.42 0.5466666666666666 486 486 
0.5 0.42 0.5533333333333333 468 468 
0.5 0.42 0.56 492 492 
0.5 0.42 0.5666666666666667 477 477 
0.5 0.42 0.5733333333333334 478 478 
0.5 0.42 0.58 433 433 
0.5 0.42 0.5866666666666667 456 456 
0.5 0.42 0.5933333333333334 453 453 
0.5 0.42 0.6 465 465 
0.5 0.42 0.6066666666666667 467 467 
0.5 0.42 0.6133333333333333 445 445 
0.5 0.42 0.62 445 445 
0.5 0.42 0.6266666666666667 471 471 
0.5 0.42 0.6333333333333333 508 508 
0.5 0.42 0.64 509 509 
0.5 0.42 0.6466666666666666 450 450 
0.5 0.42 0.6533333333333333 449 449 
0.5 0.42 0.66 467 467 
0.5 0.42 0.6666666666666666 436 436 
0.5 0.42 0.6733333333333333 468 468 
0.5 0.42 0.68 462 462 
0.5 0.42 0.6866666666666666 484 484 
0.5 0.42 0.6933333333333334 496 496 
0.5 0.42 0.7 460 460 
0.5 0.42 0.7066666666666667 456 456 
0.5 0.42 0.7133333333333334 459 459 
0.5 0.42 0.72 473 473 
0.5 0.42 0.7266666666666667 475 475 
0.5 0.42 0.7333333333333333 483 483 
0.5 0.42 0.74 428 428 
0.5 0.42 0.7466666666666667 460 460 
0.5 0.42 0.7533333333333333 406 406 
0.5 0.42 0.76 425 425 
0.5 0.42 0.7666666666666667 401 401 
0.5 0.42 0.7733333333333333 477 477 
0.5 0.42 0.78 440 440 
0.5 0.42 0.7866666666666666 455 455 
0.5 0.42 0.7933333333333333 429 429 
0.5 0.42 0.8 446 446 
0.5 0.42 0.8066666666666666 443 443 
0.5 0.42 0.8133333333333334 409 409 
0.5 0.42 0.82 449 449 
0.5 0.42 0.8266666666666667 435 435 
0.5 0.42 0.8333333333333334 461 461 
0.5 0.42 0.84 470 470 
0.5 0.42 0.8466666666666667 474 474 
0.5 0.42 0.8533333333333334 481 481 
0.5 0.42 0.86 417 417 
0.5 0.42 0.8666666666666667 462 462 
0.5 0.42 0.8733333333333333 454 454 
0.5 0.42 0.88 439 439 
0.5 0.42 0.8866666666666667 439 439 
0.5 0.42 0.8933333333333333 467 467 
0.5 0.42 0.9 433 433 
0.5 0.42 0.9066666666666666 455 455 
0.5 0.42 0.9133333333333333 450 450 
0.5 0.42 0.92 448 448 
0.5 0.42 0.9266666666666666 450 450 
0.5 0.42 0.9333333333333333 485 485 
0.5 0.42 0.94 461 461 
0.5 0.42 0.9466666666666667 471 471 
0.5 0.42 0.9533333333333334 423 423 
0.5 0.42 0.96 416 416 
0.5 0.42 0.9666666666666667 501 501 
0.5 0.42 0.9733333333333334 436 436 
0.5 0.42 0.98 451 451 
0.5 0.42 0.9866666666666667 603 603 
0.5 0.42 0.9933333333333333 0 0 
0.5 0.4266666666666667 0.0 0 0 
0.5 0.4266666666666667 0.006666666666666667 550 550 
0.5 0.4266666666666667 0.013333333333333334 461 461 
0.5 0.4266666666666667 0.02 432 432 
0.5 0.4266666666666667 0.02666666666666667 432 432 
0.5 0.4266666666666667 0.03333333333333333 477 477 
0.5 0.4266666666666667 0.04 453 453 
0.5 0.4266666666666667 0.04666666666666667 456 456 
0.5 0.4266666666666667 0.05333333333333334 454 454 
0.5 0.4266666666666667 0.06 442 442 
0.5 0.4266666666666667 0.06666666666666667 436 436 
0.5 0.4266666666666667 0.07333333333333333 467 467 
0.5 0.4266666666666667 0.08 468 468 
0.5 0.4266666666666667 0.08666666666666667 482 482 
0.5 0.4266666666666667 0.09333333333333334 502 502 
0.5 0.4266666666666667 0.1 477 477 
0.5 0.4266666666666667 0.10666666666666667 450 450 
0.5 0.4266666666666667 0.11333333333333333 475 475 
0.5 0.4266666666666667 0.12 459 459 
0.5 0.4266666666666667 0.12666666666666668 442 442 
0.5 0.4266666666666667 0.13333333333333333 452 452 
0.5 0.4266666666666667 0.14 452 452 
0.5 0.4266666666666667 0.14666666666666667 450 450 
0.5 0.4266666666666667 0.15333333333333332 473 473 
0.5 0.4266666666666667 0.16 449 449 
0.5 0.4266666666666667 0.16666666666666666 440 440 
0.5 0.4266666666666667 0.17333333333333334 462 462 
0.5 0.4266666666666667 0.18 474 474 
0.5 0.4266666666666667 0.18666666666666668 461 461 
0.5 0.4266666666666667 0.19333333333333333 425 425 
0.5 0.4266666666666667 0.2 431 431 
0.5 0.4266666666666667 0.20666666666666667 448 448 
0.5 0.4266666666666667 0.21333333333333335 453 453 
0.5 0.4266666666666667 0.22 466 466 
0.5 0.4266666666666667 0.22666666666666666 416 416 
0.5 0.4266666666666667 0.23333333333333334 469 469 
0.5 0.4266666666666667 0.24 475 475 
0.5 0.4266666666666667 0.24666666666666667 452 452 
0.5 0.4266666666666667 0.25333333333333335 466 466 
0.5 0.4266666666666667 0.26 455 455 
0.5 0.4266666666666667 0.26666666666666666 466 466 
0.5 0.4266666666666667 0.2733333333333333 432 432 
0.5 0.4266666666666667 0.28 466 466 
0.5 0.4266666666666667 0.2866666666666667 502 502 
0.5 0.4266666666666667 0.29333333333333333 461 461 
0.5 0.4266666666666667 0.3 485 485 
0.5 0.4266666666666667 0.30666666666666664 441 441 
0.5 0.4266666666666667 0.31333333333333335 436 436 
0.5 0.4266666666666667 0.32 457 457 
0.5 0.4266666666666667 0.32666666666666666 456 456 
0.5 0.4266666666666667 0.3333333333333333 468 468 
0.5 0.4266666666666667 0.34 447 447 
0.5 0.4266666666666667 0.3466666666666667 481 481 
0.5 0.4266666666666667 0.35333333333333333 455 455 
0.5 0.4266666666666667 0.36 506 506 
0.5 0.4266666666666667 0.36666666666666664 488 488 
0.5 0.4266666666666667 0.37333333333333335 501 501 
0.5 0.4266666666666667 0.38 462 462 
0.5 0.4266666666666667 0.38666666666666666 459 459 
0.5 0.4266666666666667 0.3933333333333333 479 479 
0.5 0.4266666666666667 0.4 441 441 
0.5 0.4266666666666667 0.4066666666666667 466 466 
0.5 0.4266666666666667 0.41333333333333333 431 431 
0.5 0.4266666666666667 0.42 403 403 
0.5 0.4266666666666667 0.4266666666666667 467 467 
0.5 0.4266666666666667 0.43333333333333335 449 449 
0.5 0.4266666666666667 0.44 472 472 
0.5 0.4266666666666667 0.44666666666666666 457 457 
0.5 0.4266666666666667 0.4533333333333333 440 440 
0.5 0.4266666666666667 0.46 448 448 
0.5 0.4266666666666667 0.4666666666666667 449 449 
0.5 0.4266666666666667 0.47333333333333333 429 429 
0.5 0.4266666666666667 0.48 432 432 
0.5 0.4266666666666667 0.4866666666666667 463 463 
0.5 0.4266666666666667 0.49333333333333335 455 455 
0.5 0.4266666666666667 0.5 472 472 
0.5 0.4266666666666667 0.5066666666666667 480 480 
0.5 0.4266666666666667 0.5133333333333333 441 441 
0.5 0.4266666666666667 0.52 467 467 
0.5 0.4266666666666667 0.5266666666666666 459 459 
0.5 0.4266666666666667 0.5333333333333333 469 469 
0.5 0.4266666666666667 0.54 465 465 
0.5 0.4266666666666667 0.5466666666666666 503 503 
0.5 0.4266666666666667 0.5533333333333333 471 471 
0.5 0.4266666666666667 0.56 470 470 
0.5 0.4266666666666667 0.5666666666666667 486 486 
0.5 0.4266666666666667 0.5733333333333334 520 520 
0.5 0.4266666666666667 0.58 473 473 
0.5 0.4266666666666667 0.5866666666666667 437 437 
0.5 0.4266666666666667 0.5933333333333334 487 487 
0.5 0.4266666666666667 0.6 474 474 
0.5 0.4266666666666667 0.6066666666666667 473 473 
0.5 0.4266666666666667 0.6133333333333333 470 470 
0.5 0.4266666666666667 0.62 471 471 
0.5 0.4266666666666667 0.6266666666666667 475 475 
0.5 0.4266666666666667 0.6333333333333333 450 450 
0.5 0.4266666666666667 0.64 443 443 
0.5 0.4266666666666667 0.6466666666666666 414 414 
0.5 0.4266666666666667 0.6533333333333333 432 432 
0.5 0.4266666666666667 0.66 455 455 
0.5 0.4266666666666667 0.6666666666666666 427 427 
0.5 0.4266666666666667 0.6733333333333333 402 402 
0.5 0.4266666666666667 0.68 448 448 
0.5 0.4266666666666667 0.6866666666666666 459 459 
0.5 0.4266666666666667 0.6933333333333334 487 487 
0.5 0.4266666666666667 0.7 498 498 
0.5 0.4266666666666667 0.7066666666666667 481 481 
0.5 0.4266666666666667 0.7133333333333334 481 481 
0.5 0.4266666666666667 0.72 467 467 
0.5 0.4266666666666667 0.7266666666666667 470 470 
0.5 0.4266666666666667 0.7333333333333333 470 470 
0.5 0.4266666666666667 0.74 435 435 
0.5 0.4266666666666667 0.7466666666666667 494 494 
0.5 0.4266666666666667 0.7533333333333333 465 465 
0.5 0.4266666666666667 0.76 479 479 
0.5 0.4266666666666667 0.7666666666666667 428 428 
0.5 0.4266666666666667 0.7733333333333333 406 406 
0.5 0.4266666666666667 0.78 444 444 
0.5 0.4266666666666667 0.7866666666666666 489 489 
0.5 0.4266666666666667 0.7933333333333333 413 413 
0.5 0.4266666666666667 0.8 431 431 
0.5 0.4266666666666667 0.8066666666666666 447 447 
0.5 0.4266666666666667 0.8133333333333334 464 464 
0.5 0.4266666666666667 0.82 472 472 
0.5 0.4266666666666667 0.8266666666666667 453 453 
0.5 0.4266666666666667 0.8333333333333334 431 431 
0.5 0.4266666666666667 0.84 474 474 
0.5 0.4266666666666667 0.8466666666666667 459 459 
0.5 0.4266666666666667 0.8533333333333334 466 466 
0.5 0.4266666666666667 0.86 481 481 
0.5 0.4266666666666667 0.8666666666666667 474 474 
0.5 0.4266666666666667 0.8733333333333333 444 444 
0.5 0.4266666666666667 0.88 414 414 
0.5 0.4266666666666667 0.8866666666666667 427 427 
0.5 0.4266666666666667 0.8933333333333333 391 391 
0.5 0.4266666666666667 0.9 455 455 
0.5 0.4266666666666667 0.9066666666666666 410 410 
0.5 0.4266666666666667 0.9133333333333333 463 463 
0.5 0.4266666666666667 0.92 441 441 
0.5 0.4266666666666667 0.9266666666666666 469 469 
0.5 0.4266666666666667 0.9333333333333333 468 468 
0.5 0.4266666666666667 0.94 466 466 
0.5 0.4266666666666667 0.9466666666666667 424 424 
0.5 0.4266666666666667 0.9533333333333334 443 443 
0.5 0.4266666666666667 0.96 457 457 
0.5 0.4266666666666667 0.9666666666666667 483 483 
0.5 0.4266666666666667 0.9733333333333334 420 420 
0.5 0.4266666666666667 0.98 515 515 
0.5 0.4266666666666667 0.9866666666666667 565 565 
0.5 0.4266666666666667 0.9933333333333333 0 0 
0.5 0.43333333333333335 0.0 0 0 
0.5 0.43333333333333335 0.006666666666666667 587 587 
0.5 0.43333333333333335 0.013333333333333334 477 477 
0.5 0.43333333333333335 0.02 429 429 
0.5 0.43333333333333335 0.02666666666666667 450 450 
0.5 0.43333333333333335 0.03333333333333333 481 481 
0.5 0.43333333333333335 0.04 456 456 
0.5 0.43333333333333335 0.04666666666666667 445 445 
0.5 0.43333333333333335 0.05333333333333334 444 444 
0.5 0.43333333333333335 0.06 415 415 
0.5 0.43333333333333335 0.06666666666666667 457 457 
0.5 0.43333333333333335 0.07333333333333333 474 474 
0.5 0.43333333333333335 0.08 442 442 
0.5 0.43333333333333335 0.08666666666666667 452 452 
0.5 0.43333333333333335 0.09333333333333334 444 444 
0.5 0.43333333333333335 0.1 437 437 
0.5 0.43333333333333335 0.10666666666666667 442 442 
0.5 0.43333333333333335 0.11333333333333333 459 459 
0.5 0.43333333333333335 0.12 449 449 
0.5 0.43333333333333335 0.12666666666666668 479 479 
0.5 0.43333333333333335 0.13333333333333333 487 487 
0.5 0.43333333333333335 0.14 434 434 
0.5 0.43333333333333335 0.14666666666666667 436 436 
0.5 0.43333333333333335 0.15333333333333332 452 452 
0.5 0.43333333333333335 0.16 448 448 
0.5 0.43333333333333335 0.16666666666666666 453 453 
0.5 0.43333333333333335 0.17333333333333334 462 462 
0.5 0.43333333333333335 0.18 470 470 
0.5 0.43333333333333335 0.18666666666666668 461 461 
0.5 0.43333333333333335 0.19333333333333333 444 444 
0.5 0.43333333333333335 0.2 456 456 
0.5 0.43333333333333335 0.20666666666666667 464 464 
0.5 0.43333333333333335 0.21333333333333335 460 460 
0.5 0.43333333333333335 0.22 431 431 
0.5 0.43333333333333335 0.22666666666666666 503 503 
0.5 0.43333333333333335 0.23333333333333334 428 428 
0.5 0.43333333333333335 0.24 462 462 
0.5 0.43333333333333335 0.24666666666666667 431 431 
0.5 0.43333333333333335 0.25333333333333335 442 442 
0.5 0.43333333333333335 0.26 439 439 
0.5 0.43333333333333335 0.26666666666666666 461 461 
0.5 0.43333333333333335 0.2733333333333333 444 444 
0.5 0.43333333333333335 0.28 441 441 
0.5 0.43333333333333335 0.2866666666666667 465 465 
0.5 0.43333333333333335 0.29333333333333333 437 437 
0.5 0.43333333333333335 0.3 458 458 
0.5 0.43333333333333335 0.30666666666666664 449 449 
0.5 0.43333333333333335 0.31333333333333335 475 475 
0.5 0.43333333333333335 0.32 493 493 
0.5 0.43333333333333335 0.32666666666666666 447 447 
0.5 0.43333333333333335 0.3333333333333333 397 397 
0.5 0.43333333333333335 0.34 472 472 
0.5 0.43333333333333335 0.3466666666666667 420 420 
0.5 0.43333333333333335 0.35333333333333333 464 464 
0.5 0.43333333333333335 0.36 461 461 
0.5 0.43333333333333335 0.36666666666666664 479 479 
0.5 0.43333333333333335 0.37333333333333335 467 467 
0.5 0.43333333333333335 0.38 493 493 
0.5 0.43333333333333335 0.38666666666666666 499 499 
0.5 0.43333333333333335 0.3933333333333333 481 481 
0.5 0.43333333333333335 0.4 459 459 
0.5 0.43333333333333335 0.4066666666666667 446 446 
0.5 0.43333333333333335 0.41333333333333333 451 451 
0.5 0.43333333333333335 0.42 447 447 
0.5 0.43333333333333335 0.4266666666666667 469 469 
0.5 0.43333333333333335 0.43333333333333335 458 458 
0.5 0.43333333333333335 0.44 414 414 
0.5 0.43333333333333335 0.44666666666666666 464 464 
0.5 0.43333333333333335 0.4533333333333333 445 445 
0.5 0.43333333333333335 0.46 452 452 
0.5 0.43333333333333335 0.4666666666666667 402 402 
0.5 0.43333333333333335 0.47333333333333333 444 444 
0.5 0.43333333333333335 0.48 472 472 
0.5 0.43333333333333335 0.4866666666666667 462 462 
0.5 0.43333333333333335 0.49333333333333335 454 454 
0.5 0.43333333333333335 0.5 449 449 
0.5 0.43333333333333335 0.5066666666666667 462 462 
0.5 0.43333333333333335 0.5133333333333333 439 439 
0.5 0.43333333333333335 0.52 442 442 
0.5 0.43333333333333335 0.5266666666666666 465 465 
0.5 0.43333333333333335 0.5333333333333333 471 471 
0.5 0.43333333333333335 0.54 461 461 
0.5 0.43333333333333335 0.5466666666666666 454 454 
0.5 0.43333333333333335 0.5533333333333333 468 468 
0.5 0.43333333333333335 0.56 439 439 
0.5 0.43333333333333335 0.5666666666666667 503 503 
0.5 0.43333333333333335 0.5733333333333334 480 480 
0.5 0.43333333333333335 0.58 486 486 
0.5 0.43333333333333335 0.5866666666666667 493 493 
0.5 0.43333333333333335 0.5933333333333334 451 451 
0.5 0.43333333333333335 0.6 454 454 
0.5 0.43333333333333335 0.6066666666666667 452 452 
0.5 0.43333333333333335 0.6133333333333333 471 471 
0.5 0.43333333333333335 0.62 449 449 
0.5 0.43333333333333335 0.6266666666666667 427 427 
0.5 0.43333333333333335 0.6333333333333333 487 487 
0.5 0.43333333333333335 0.64 464 464 
0.5 0.43333333333333335 0.6466666666666666 439 439 
0.5 0.43333333333333335 0.6533333333333333 424 424 
0.5 0.43333333333333335 0.66 438 438 
0.5 0.43333333333333335 0.6666666666666666 432 432 
0.5 0.43333333333333335 0.6733333333333333 426 426 
0.5 0.43333333333333335 0.68 463 463 
0.5 0.43333333333333335 0.6866666666666666 438 438 
0.5 0.43333333333333335 0.6933333333333334 471 471 
0.5 0.43333333333333335 0.7 510 510 
0.5 0.43333333333333335 0.7066666666666667 470 470 
0.5 0.43333333333333335 0.7133333333333334 483 483 
0.5 0.43333333333333335 0.72 457 457 
0.5 0.43333333333333335 0.7266666666666667 446 446 
0.5 0.43333333333333335 0.7333333333333333 469 469 
0.5 0.43333333333333335 0.74 478 478 
0.5 0.43333333333333335 0.7466666666666667 447 447 
0.5 0.43333333333333335 0.7533333333333333 465 465 
0.5 0.43333333333333335 0.76 446 446 
0.5 0.43333333333333335 0.7666666666666667 483 483 
0.5 0.43333333333333335 0.7733333333333333 461 461 
0.5 0.43333333333333335 0.78 395 395 
0.5 0.43333333333333335 0.7866666666666666 446 446 
0.5 0.43333333333333335 0.7933333333333333 419 419 
0.5 0.43333333333333335 0.8 490 490 
0.5 0.43333333333333335 0.8066666666666666 466 466 
0.5 0.43333333333333335 0.8133333333333334 466 466 
0.5 0.43333333333333335 0.82 411 411 
0.5 0.43333333333333335 0.8266666666666667 460 460 
0.5 0.43333333333333335 0.8333333333333334 472 472 
0.5 0.43333333333333335 0.84 467 467 
0.5 0.43333333333333335 0.8466666666666667 466 466 
0.5 0.43333333333333335 0.8533333333333334 434 434 
0.5 0.43333333333333335 0.86 458 458 
0.5 0.43333333333333335 0.8666666666666667 404 404 
0.5 0.43333333333333335 0.8733333333333333 409 409 
0.5 0.43333333333333335 0.88 409 409 
0.5 0.43333333333333335 0.8866666666666667 436 436 
0.5 0.43333333333333335 0.8933333333333333 432 432 
0.5 0.43333333333333335 0.9 456 456 
0.5 0.43333333333333335 0.9066666666666666 483 483 
0.5 0.43333333333333335 0.9133333333333333 469 469 
0.5 0.43333333333333335 0.92 456 456 
0.5 0.43333333333333335 0.9266666666666666 489 489 
0.5 0.43333333333333335 0.9333333333333333 422 422 
0.5 0.43333333333333335 0.94 467 467 
0.5 0.43333333333333335 0.9466666666666667 433 433 
0.5 0.43333333333333335 0.9533333333333334 459 459 
0.5 0.43333333333333335 0.96 466 466 
0.5 0.43333333333333335 0.9666666666666667 474 474 
0.5 0.43333333333333335 0.9733333333333334 457 457 
0.5 0.43333333333333335 0.98 472 472 
0.5 0.43333333333333335 0.9866666666666667 575 575 
0.5 0.43333333333333335 0.9933333333333333 0 0 
0.5 0.44 0.0 0 0 
0.5 0.44 0.006666666666666667 538 538 
0.5 0.44 0.013333333333333334 501 501 
0.5 0.44 0.02 470 470 
0.5 0.44 0.02666666666666667 464 464 
0.5 0.44 0.03333333333333333 491 491 
0.5 0.44 0.04 446 446 
0.5 0.44 0.04666666666666667 456 456 
0.5 0.44 0.05333333333333334 486 486 
0.5 0.44 0.06 482 482 
0.5 0.44 0.06666666666666667 459 459 
0.5 0.44 0.07333333333333333 441 441 
0.5 0.44 0.08 445 445 
0.5 0.44 0.08666666666666667 462 462 
0.5 0.44 0.09333333333333334 421 421 
0.5 0.44 0.1 446 446 
0.5 0.44 0.10666666666666667 473 473 
0.5 0.44 0.11333333333333333 418 418 
0.5 0.44 0.12 453 453 
0.5 0.44 0.12666666666666668 441 441 
0.5 0.44 0.13333333333333333 457 457 
0.5 0.44 0.14 426 426 
0.5 0.44 0.14666666666666667 454 454 
0.5 0.44 0.15333333333333332 433 433 
0.5 0.44 0.16 459 459 
0.5 0.44 0.16666666666666666 426 426 
0.5 0.44 0.17333333333333334 438 438 
0.5 0.44 0.18 469 469 
0.5 0.44 0.18666666666666668 467 467 
0.5 0.44 0.19333333333333333 481 481 
0.5 0.44 0.2 435 435 
0.5 0.44 0.20666666666666667 417 417 
0.5 0.44 0.21333333333333335 453 453 
0.5 0.44 0.22 405 405 
0.5 0.44 0.22666666666666666 457 457 
0.5 0.44 0.23333333333333334 434 434 
0.5 0.44 0.24 438 438 
0.5 0.44 0.24666666666666667 448 448 
0.5 0.44 0.25333333333333335 446 446 
0.5 0.44 0.26 462 462 
0.5 0.44 0.26666666666666666 429 429 
0.5 0.44 0.2733333333333333 458 458 
0.5 0.44 0.28 466 466 
0.5 0.44 0.2866666666666667 430 430 
0.5 0.44 0.29333333333333333 461 461 
0.5 0.44 0.3 447 447 
0.5 0.44 0.30666666666666664 448 448 
0.5 0.44 0.31333333333333335 425 425 
0.5 0.44 0.32 446 446 
0.5 0.44 0.32666666666666666 443 443 
0.5 0.44 0.3333333333333333 478 478 
0.5 0.44 0.34 453 453 
0.5 0.44 0.3466666666666667 470 470 
0.5 0.44 0.35333333333333333 407 407 
0.5 0.44 0.36 436 436 
0.5 0.44 0.36666666666666664 426 426 
0.5 0.44 0.37333333333333335 459 459 
0.5 0.44 0.38 410 410 
0.5 0.44 0.38666666666666666 456 456 
0.5 0.44 0.3933333333333333 503 503 
0.5 0.44 0.4 484 484 
0.5 0.44 0.4066666666666667 475 475 
0.5 0.44 0.41333333333333333 464 464 
0.5 0.44 0.42 436 436 
0.5 0.44 0.4266666666666667 448 448 
0.5 0.44 0.43333333333333335 443 443 
0.5 0.44 0.44 434 434 
0.5 0.44 0.44666666666666666 475 475 
0.5 0.44 0.4533333333333333 422 422 
0.5 0.44 0.46 454 454 
0.5 0.44 0.4666666666666667 438 438 
0.5 0.44 0.47333333333333333 438 438 
0.5 0.44 0.48 440 440 
0.5 0.44 0.4866666666666667 483 483 
0.5 0.44 0.49333333333333335 473 473 
0.5 0.44 0.5 414 414 
0.5 0.44 0.5066666666666667 464 464 
0.5 0.44 0.5133333333333333 452 452 
0.5 0.44 0.52 456 456 
0.5 0.44 0.5266666666666666 461 461 
0.5 0.44 0.5333333333333333 475 475 
0.5 0.44 0.54 492 492 
0.5 0.44 0.5466666666666666 446 446 
0.5 0.44 0.5533333333333333 445 445 
0.5 0.44 0.56 457 457 
0.5 0.44 0.5666666666666667 444 444 
0.5 0.44 0.5733333333333334 480 480 
0.5 0.44 0.58 483 483 
0.5 0.44 0.5866666666666667 473 473 
0.5 0.44 0.5933333333333334 458 458 
0.5 0.44 0.6 426 426 
0.5 0.44 0.6066666666666667 443 443 
0.5 0.44 0.6133333333333333 427 427 
0.5 0.44 0.62 453 453 
0.5 0.44 0.6266666666666667 414 414 
0.5 0.44 0.6333333333333333 431 431 
0.5 0.44 0.64 440 440 
0.5 0.44 0.6466666666666666 452 452 
0.5 0.44 0.6533333333333333 458 458 
0.5 0.44 0.66 439 439 
0.5 0.44 0.6666666666666666 447 447 
0.5 0.44 0.6733333333333333 468 468 
0.5 0.44 0.68 460 460 
0.5 0.44 0.6866666666666666 477 477 
0.5 0.44 0.6933333333333334 445 445 
0.5 0.44 0.7 459 459 
0.5 0.44 0.7066666666666667 460 460 
0.5 0.44 0.7133333333333334 444 444 
0.5 0.44 0.72 409 409 
0.5 0.44 0.7266666666666667 450 450 
0.5 0.44 0.7333333333333333 424 424 
0.5 0.44 0.74 487 487 
0.5 0.44 0.7466666666666667 452 452 
0.5 0.44 0.7533333333333333 431 431 
0.5 0.44 0.76 451 451 
0.5 0.44 0.7666666666666667 466 466 
0.5 0.44 0.7733333333333333 466 466 
0.5 0.44 0.78 417 417 
0.5 0.44 0.7866666666666666 441 441 
0.5 0.44 0.7933333333333333 448 448 
0.5 0.44 0.8 424 424 
0.5 0.44 0.8066666666666666 446 446 
0.5 0.44 0.8133333333333334 427 427 
0.5 0.44 0.82 426 426 
0.5 0.44 0.8266666666666667 449 449 
0.5 0.44 0.8333333333333334 446 446 
0.5 0.44 0.84 424 424 
0.5 0.44 0.8466666666666667 431 431 
0.5 0.44 0.8533333333333334 437 437 
0.5 0.44 0.86 425 425 
0.5 0.44 0.8666666666666667 438 438 
0.5 0.44 0.8733333333333333 443 443 
0.5 0.44 0.88 421 421 
0.5 0.44 0.8866666666666667 452 452 
0.5 0.44 0.8933333333333333 419 419 
0.5 0.44 0.9 425 425 
0.5 0.44 0.9066666666666666 443 443 
0.5 0.44 0.9133333333333333 488 488 
0.5 0.44 0.92 469 469 
0.5 0.44 0.9266666666666666 406 406 
0.5 0.44 0.9333333333333333 461 461 
0.5 0.44 0.94 425 425 
0.5 0.44 0.9466666666666667 480 480 
0.5 0.44 0.9533333333333334 463 463 
0.5 0.44 0.96 456 456 
0.5 0.44 0.9666666666666667 453 453 
0.5 0.44 0.9733333333333334 457 457 
0.5 0.44 0.98 430 430 
0.5 0.44 0.9866666666666667 505 505 
0.5 0.44 0.9933333333333333 0 0 
0.5 0.44666666666666666 0.0 0 0 
0.5 0.44666666666666666 0.006666666666666667 568 568 
0.5 0.44666666666666666 0.013333333333333334 475 475 
0.5 0.44666666666666666 0.02 472 472 
0.5 0.44666666666666666 0.02666666666666667 451 451 
0.5 0.44666666666666666 0.03333333333333333 421 421 
0.5 0.44666666666666666 0.04 452 452 
0.5 0.44666666666666666 0.04666666666666667 475 475 
0.5 0.44666666666666666 0.05333333333333334 426 426 
0.5 0.44666666666666666 0.06 425 425 
0.5 0.44666666666666666 0.06666666666666667 446 446 
0.5 0.44666666666666666 0.07333333333333333 454 454 
0.5 0.44666666666666666 0.08 426 426 
0.5 0.44666666666666666 0.08666666666666667 492 492 
0.5 0.44666666666666666 0.09333333333333334 461 461 
0.5 0.44666666666666666 0.1 425 425 
0.5 0.44666666666666666 0.10666666666666667 444 444 
0.5 0.44666666666666666 0.11333333333333333 440 440 
0.5 0.44666666666666666 0.12 485 485 
0.5 0.44666666666666666 0.12666666666666668 450 450 
0.5 0.44666666666666666 0.13333333333333333 465 465 
0.5 0.44666666666666666 0.14 436 436 
0.5 0.44666666666666666 0.14666666666666667 471 471 
0.5 0.44666666666666666 0.15333333333333332 435 435 
0.5 0.44666666666666666 0.16 420 420 
0.5 0.44666666666666666 0.16666666666666666 431 431 
0.5 0.44666666666666666 0.17333333333333334 447 447 
0.5 0.44666666666666666 0.18 458 458 
0.5 0.44666666666666666 0.18666666666666668 436 436 
0.5 0.44666666666666666 0.19333333333333333 434 434 
0.5 0.44666666666666666 0.2 424 424 
0.5 0.44666666666666666 0.20666666666666667 466 466 
0.5 0.44666666666666666 0.21333333333333335 468 468 
0.5 0.44666666666666666 0.22 449 449 
0.5 0.44666666666666666 0.22666666666666666 475 475 
0.5 0.44666666666666666 0.23333333333333334 493 493 
0.5 0.44666666666666666 0.24 477 477 
0.5 0.44666666666666666 0.24666666666666667 436 436 
0.5 0.44666666666666666 0.25333333333333335 486 486 
0.5 0.44666666666666666 0.26 457 457 
0.5 0.44666666666666666 0.26666666666666666 397 397 
0.5 0.44666666666666666 0.2733333333333333 442 442 
0.5 0.44666666666666666 0.28 406 406 
0.5 0.44666666666666666 0.2866666666666667 483 483 
0.5 0.44666666666666666 0.29333333333333333 450 450 
0.5 0.44666666666666666 0.3 421 421 
0.5 0.44666666666666666 0.30666666666666664 451 451 
0.5 0.44666666666666666 0.31333333333333335 439 439 
0.5 0.44666666666666666 0.32 478 478 
0.5 0.44666666666666666 0.32666666666666666 463 463 
0.5 0.44666666666666666 0.3333333333333333 419 419 
0.5 0.44666666666666666 0.34 456 456 
0.5 0.44666666666666666 0.3466666666666667 425 425 
0.5 0.44666666666666666 0.35333333333333333 447 447 
0.5 0.44666666666666666 0.36 450 450 
0.5 0.44666666666666666 0.36666666666666664 453 453 
0.5 0.44666666666666666 0.37333333333333335 414 414 
0.5 0.44666666666666666 0.38 441 441 
0.5 0.44666666666666666 0.38666666666666666 404 404 
0.5 0.44666666666666666 0.3933333333333333 449 449 
0.5 0.44666666666666666 0.4 438 438 
0.5 0.44666666666666666 0.4066666666666667 472 472 
0.5 0.44666666666666666 0.41333333333333333 463 463 
0.5 0.44666666666666666 0.42 471 471 
0.5 0.44666666666666666 0.4266666666666667 461 461 
0.5 0.44666666666666666 0.43333333333333335 485 485 
0.5 0.44666666666666666 0.44 468 468 
0.5 0.44666666666666666 0.44666666666666666 434 434 
0.5 0.44666666666666666 0.4533333333333333 452 452 
0.5 0.44666666666666666 0.46 438 438 
0.5 0.44666666666666666 0.4666666666666667 421 421 
0.5 0.44666666666666666 0.47333333333333333 467 467 
0.5 0.44666666666666666 0.48 445 445 
0.5 0.44666666666666666 0.4866666666666667 418 418 
0.5 0.44666666666666666 0.49333333333333335 475 475 
0.5 0.44666666666666666 0.5 442 442 
0.5 0.44666666666666666 0.5066666666666667 444 444 
0.5 0.44666666666666666 0.5133333333333333 474 474 
0.5 0.44666666666666666 0.52 451 451 
0.5 0.44666666666666666 0.5266666666666666 457 457 
0.5 0.44666666666666666 0.5333333333333333 456 456 
0.5 0.44666666666666666 0.54 473 473 
0.5 0.44666666666666666 0.5466666666666666 484 484 
0.5 0.44666666666666666 0.5533333333333333 469 469 
0.5 0.44666666666666666 0.56 465 465 
0.5 0.44666666666666666 0.5666666666666667 474 474 
0.5 0.44666666666666666 0.5733333333333334 462 462 
0.5 0.44666666666666666 0.58 446 446 
0.5 0.44666666666666666 0.5866666666666667 429 429 
0.5 0.44666666666666666 0.5933333333333334 440 440 
0.5 0.44666666666666666 0.6 425 425 
0.5 0.44666666666666666 0.6066666666666667 434 434 
0.5 0.44666666666666666 0.6133333333333333 416 416 
0.5 0.44666666666666666 0.62 449 449 
0.5 0.44666666666666666 0.6266666666666667 400 400 
0.5 0.44666666666666666 0.6333333333333333 456 456 
0.5 0.44666666666666666 0.64 415 415 
0.5 0.44666666666666666 0.6466666666666666 432 432 
0.5 0.44666666666666666 0.6533333333333333 440 440 
0.5 0.44666666666666666 0.66 422 422 
0.5 0.44666666666666666 0.6666666666666666 456 456 
0.5 0.44666666666666666 0.6733333333333333 419 419 
0.5 0.44666666666666666 0.68 448 448 
0.5 0.44666666666666666 0.6866666666666666 461 461 
0.5 0.44666666666666666 0.6933333333333334 431 431 
0.5 0.44666666666666666 0.7 433 433 
0.5 0.44666666666666666 0.7066666666666667 421 421 
0.5 0.44666666666666666 0.7133333333333334 417 417 
0.5 0.44666666666666666 0.72 410 410 
0.5 0.44666666666666666 0.7266666666666667 409 409 
0.5 0.44666666666666666 0.7333333333333333 438 438 
0.5 0.44666666666666666 0.74 471 471 
0.5 0.44666666666666666 0.7466666666666667 448 448 
0.5 0.44666666666666666 0.7533333333333333 449 449 
0.5 0.44666666666666666 0.76 420 420 
0.5 0.44666666666666666 0.7666666666666667 437 437 
0.5 0.44666666666666666 0.7733333333333333 484 484 
0.5 0.44666666666666666 0.78 447 447 
0.5 0.44666666666666666 0.7866666666666666 491 491 
0.5 0.44666666666666666 0.7933333333333333 495 495 
0.5 0.44666666666666666 0.8 489 489 
0.5 0.44666666666666666 0.8066666666666666 445 445 
0.5 0.44666666666666666 0.8133333333333334 438 438 
0.5 0.44666666666666666 0.82 425 425 
0.5 0.44666666666666666 0.8266666666666667 429 429 
0.5 0.44666666666666666 0.8333333333333334 432 432 
0.5 0.44666666666666666 0.84 495 495 
0.5 0.44666666666666666 0.8466666666666667 423 423 
0.5 0.44666666666666666 0.8533333333333334 437 437 
0.5 0.44666666666666666 0.86 448 448 
0.5 0.44666666666666666 0.8666666666666667 426 426 
0.5 0.44666666666666666 0.8733333333333333 420 420 
0.5 0.44666666666666666 0.88 401 401 
0.5 0.44666666666666666 0.8866666666666667 437 437 
0.5 0.44666666666666666 0.8933333333333333 448 448 
0.5 0.44666666666666666 0.9 473 473 
0.5 0.44666666666666666 0.9066666666666666 459 459 
0.5 0.44666666666666666 0.9133333333333333 451 451 
0.5 0.44666666666666666 0.92 438 438 
0.5 0.44666666666666666 0.9266666666666666 409 409 
0.5 0.44666666666666666 0.9333333333333333 481 481 
0.5 0.44666666666666666 0.94 416 416 
0.5 0.44666666666666666 0.9466666666666667 412 412 
0.5 0.44666666666666666 0.9533333333333334 464 464 
0.5 0.44666666666666666 0.96 411 411 
0.5 0.44666666666666666 0.9666666666666667 436 436 
0.5 0.44666666666666666 0.9733333333333334 414 414 
0.5 0.44666666666666666 0.98 456 456 
0.5 0.44666666666666666 0.9866666666666667 578 578 
0.5 0.44666666666666666 0.9933333333333333 0 0 
0.5 0.4533333333333333 0.0 0 0 
0.5 0.4533333333333333 0.006666666666666667 545 545 
0.5 0.4533333333333333 0.013333333333333334 484 484 
0.5 0.4533333333333333 0.02 474 474 
0.5 0.4533333333333333 0.02666666666666667 474 474 
0.5 0.4533333333333333 0.03333333333333333 500 500 
0.5 0.4533333333333333 0.04 511 511 
0.5 0.4533333333333333 0.04666666666666667 478 478 
0.5 0.4533333333333333 0.05333333333333334 444 444 
0.5 0.4533333333333333 0.06 480 480 
0.5 0.4533333333333333 0.06666666666666667 456 456 
0.5 0.4533333333333333 0.07333333333333333 419 419 
0.5 0.4533333333333333 0.08 460 460 
0.5 0.4533333333333333 0.08666666666666667 394 394 
0.5 0.4533333333333333 0.09333333333333334 424 424 
0.5 0.4533333333333333 0.1 415 415 
0.5 0.4533333333333333 0.10666666666666667 380 380 
0.5 0.4533333333333333 0.11333333333333333 420 420 
0.5 0.4533333333333333 0.12 450 450 
0.5 0.4533333333333333 0.12666666666666668 454 454 
0.5 0.4533333333333333 0.13333333333333333 442 442 
0.5 0.4533333333333333 0.14 418 418 
0.5 0.4533333333333333 0.14666666666666667 450 450 
0.5 0.4533333333333333 0.15333333333333332 448 448 
0.5 0.4533333333333333 0.16 468 468 
0.5 0.4533333333333333 0.16666666666666666 442 442 
0.5 0.4533333333333333 0.17333333333333334 445 445 
0.5 0.4533333333333333 0.18 443 443 
0.5 0.4533333333333333 0.18666666666666668 455 455 
0.5 0.4533333333333333 0.19333333333333333 473 473 
0.5 0.4533333333333333 0.2 485 485 
0.5 0.4533333333333333 0.20666666666666667 455 455 
0.5 0.4533333333333333 0.21333333333333335 411 411 
0.5 0.4533333333333333 0.22 448 448 
0.5 0.4533333333333333 0.22666666666666666 453 453 
0.5 0.4533333333333333 0.23333333333333334 448 448 
0.5 0.4533333333333333 0.24 457 457 
0.5 0.4533333333333333 0.24666666666666667 445 445 
0.5 0.4533333333333333 0.25333333333333335 447 447 
0.5 0.4533333333333333 0.26 421 421 
0.5 0.4533333333333333 0.26666666666666666 461 461 
0.5 0.4533333333333333 0.2733333333333333 477 477 
0.5 0.4533333333333333 0.28 485 485 
0.5 0.4533333333333333 0.2866666666666667 428 428 
0.5 0.4533333333333333 0.29333333333333333 457 457 
0.5 0.4533333333333333 0.3 459 459 
0.5 0.4533333333333333 0.30666666666666664 418 418 
0.5 0.4533333333333333 0.31333333333333335 460 460 
0.5 0.4533333333333333 0.32 436 436 
0.5 0.4533333333333333 0.32666666666666666 423 423 
0.5 0.4533333333333333 0.3333333333333333 469 469 
0.5 0.4533333333333333 0.34 441 441 
0.5 0.4533333333333333 0.3466666666666667 419 419 
0.5 0.4533333333333333 0.35333333333333333 433 433 
0.5 0.4533333333333333 0.36 465 465 
0.5 0.4533333333333333 0.36666666666666664 433 433 
0.5 0.4533333333333333 0.37333333333333335 429 429 
0.5 0.4533333333333333 0.38 409 409 
0.5 0.4533333333333333 0.38666666666666666 478 478 
0.5 0.4533333333333333 0.3933333333333333 470 470 
0.5 0.4533333333333333 0.4 483 483 
0.5 0.4533333333333333 0.4066666666666667 445 445 
0.5 0.4533333333333333 0.41333333333333333 487 487 
0.5 0.4533333333333333 0.42 453 453 
0.5 0.4533333333333333 0.4266666666666667 482 482 
0.5 0.4533333333333333 0.43333333333333335 463 463 
0.5 0.4533333333333333 0.44 469 469 
0.5 0.4533333333333333 0.44666666666666666 460 460 
0.5 0.4533333333333333 0.4533333333333333 435 435 
0.5 0.4533333333333333 0.46 415 415 
0.5 0.4533333333333333 0.4666666666666667 466 466 
0.5 0.4533333333333333 0.47333333333333333 481 481 
0.5 0.4533333333333333 0.48 451 451 
0.5 0.4533333333333333 0.4866666666666667 441 441 
0.5 0.4533333333333333 0.49333333333333335 457 457 
0.5 0.4533333333333333 0.5 508 508 
0.5 0.4533333333333333 0.5066666666666667 460 460 
0.5 0.4533333333333333 0.5133333333333333 448 448 
0.5 0.4533333333333333 0.52 454 454 
0.5 0.4533333333333333 0.5266666666666666 458 458 
0.5 0.4533333333333333 0.5333333333333333 454 454 
0.5 0.4533333333333333 0.54 444 444 
0.5 0.4533333333333333 0.5466666666666666 446 446 
0.5 0.4533333333333333 0.5533333333333333 465 465 
0.5 0.4533333333333333 0.56 442 442 
0.5 0.4533333333333333 0.5666666666666667 442 442 
0.5 0.4533333333333333 0.5733333333333334 417 417 
0.5 0.4533333333333333 0.58 428 428 
0.5 0.4533333333333333 0.5866666666666667 457 457 
0.5 0.4533333333333333 0.5933333333333334 397 397 
0.5 0.4533333333333333 0.6 448 448 
0.5 0.4533333333333333 0.6066666666666667 433 433 
0.5 0.4533333333333333 0.6133333333333333 441 441 
0.5 0.4533333333333333 0.62 428 428 
0.5 0.4533333333333333 0.6266666666666667 431 431 
0.5 0.4533333333333333 0.6333333333333333 409 409 
0.5 0.4533333333333333 0.64 443 443 
0.5 0.4533333333333333 0.6466666666666666 441 441 
0.5 0.4533333333333333 0.6533333333333333 419 419 
0.5 0.4533333333333333 0.66 407 407 
0.5 0.4533333333333333 0.6666666666666666 457 457 
0.5 0.4533333333333333 0.6733333333333333 432 432 
0.5 0.4533333333333333 0.68 427 427 
0.5 0.4533333333333333 0.6866666666666666 421 421 
0.5 0.4533333333333333 0.6933333333333334 448 448 
0.5 0.4533333333333333 0.7 448 448 
0.5 0.4533333333333333 0.7066666666666667 440 440 
0.5 0.4533333333333333 0.7133333333333334 462 462 
0.5 0.4533333333333333 0.72 419 419 
0.5 0.4533333333333333 0.7266666666666667 447 447 
0.5 0.4533333333333333 0.7333333333333333 416 416 
0.5 0.4533333333333333 0.74 449 449 
0.5 0.4533333333333333 0.7466666666666667 434 434 
0.5 0.4533333333333333 0.7533333333333333 431 431 
0.5 0.4533333333333333 0.76 458 458 
0.5 0.4533333333333333 0.7666666666666667 447 447 
0.5 0.4533333333333333 0.7733333333333333 490 490 
0.5 0.4533333333333333 0.78 453 453 
0.5 0.4533333333333333 0.7866666666666666 492 492 
0.5 0.4533333333333333 0.7933333333333333 477 477 
0.5 0.4533333333333333 0.8 451 451 
0.5 0.4533333333333333 0.8066666666666666 428 428 
0.5 0.4533333333333333 0.8133333333333334 405 405 
0.5 0.4533333333333333 0.82 466 466 
0.5 0.4533333333333333 0.8266666666666667 438 438 
0.5 0.4533333333333333 0.8333333333333334 451 451 
0.5 0.4533333333333333 0.84 416 416 
0.5 0.4533333333333333 0.8466666666666667 456 456 
0.5 0.4533333333333333 0.8533333333333334 461 461 
0.5 0.4533333333333333 0.86 426 426 
0.5 0.4533333333333333 0.8666666666666667 456 456 
0.5 0.4533333333333333 0.8733333333333333 429 429 
0.5 0.4533333333333333 0.88 420 420 
0.5 0.4533333333333333 0.8866666666666667 448 448 
0.5 0.4533333333333333 0.8933333333333333 439 439 
0.5 0.4533333333333333 0.9 462 462 
0.5 0.4533333333333333 0.9066666666666666 448 448 
0.5 0.4533333333333333 0.9133333333333333 500 500 
0.5 0.4533333333333333 0.92 405 405 
0.5 0.4533333333333333 0.9266666666666666 443 443 
0.5 0.4533333333333333 0.9333333333333333 441 441 
0.5 0.4533333333333333 0.94 397 397 
0.5 0.4533333333333333 0.9466666666666667 447 447 
0.5 0.4533333333333333 0.9533333333333334 487 487 
0.5 0.4533333333333333 0.96 456 456 
0.5 0.4533333333333333 0.9666666666666667 444 444 
0.5 0.4533333333333333 0.9733333333333334 414 414 
0.5 0.4533333333333333 0.98 463 463 
0.5 0.4533333333333333 0.9866666666666667 586 586 
0.5 0.4533333333333333 0.9933333333333333 0 0 
0.5 0.46 0.0 0 0 
0.5 0.46 0.006666666666666667 554 554 
0.5 0.46 0.013333333333333334 463 463 
0.5 0.46 0.02 480 480 
0.5 0.46 0.02666666666666667 471 471 
0.5 0.46 0.03333333333333333 459 459 
0.5 0.46 0.04 447 447 
0.5 0.46 0.04666666666666667 436 436 
0.5 0.46 0.05333333333333334 470 470 
0.5 0.46 0.06 463 463 
0.5 0.46 0.06666666666666667 456 456 
0.5 0.46 0.07333333333333333 497 497 
0.5 0.46 0.08 448 448 
0.5 0.46 0.08666666666666667 436 436 
0.5 0.46 0.09333333333333334 433 433 
0.5 0.46 0.1 442 442 
0.5 0.46 0.10666666666666667 439 439 
0.5 0.46 0.11333333333333333 452 452 
0.5 0.46 0.12 411 411 
0.5 0.46 0.12666666666666668 443 443 
0.5 0.46 0.13333333333333333 444 444 
0.5 0.46 0.14 441 441 
0.5 0.46 0.14666666666666667 455 455 
0.5 0.46 0.15333333333333332 449 449 
0.5 0.46 0.16 446 446 
0.5 0.46 0.16666666666666666 470 470 
0.5 0.46 0.17333333333333334 435 435 
0.5 0.46 0.18 458 458 
0.5 0.46 0.18666666666666668 464 464 
0.5 0.46 0.19333333333333333 403 403 
0.5 0.46 0.2 441 441 
0.5 0.46 0.20666666666666667 428 428 
0.5 0.46 0.21333333333333335 469 469 
0.5 0.46 0.22 450 450 
0.5 0.46 0.22666666666666666 481 481 
0.5 0.46 0.23333333333333334 456 456 
0.5 0.46 0.24 458 458 
0.5 0.46 0.24666666666666667 490 490 
0.5 0.46 0.25333333333333335 470 470 
0.5 0.46 0.26 437 437 
0.5 0.46 0.26666666666666666 430 430 
0.5 0.46 0.2733333333333333 417 417 
0.5 0.46 0.28 423 423 
0.5 0.46 0.2866666666666667 425 425 
0.5 0.46 0.29333333333333333 416 416 
0.5 0.46 0.3 441 441 
0.5 0.46 0.30666666666666664 442 442 
0.5 0.46 0.31333333333333335 476 476 
0.5 0.46 0.32 478 478 
0.5 0.46 0.32666666666666666 440 440 
0.5 0.46 0.3333333333333333 490 490 
0.5 0.46 0.34 420 420 
0.5 0.46 0.3466666666666667 459 459 
0.5 0.46 0.35333333333333333 472 472 
0.5 0.46 0.36 387 387 
0.5 0.46 0.36666666666666664 480 480 
0.5 0.46 0.37333333333333335 463 463 
0.5 0.46 0.38 432 432 
0.5 0.46 0.38666666666666666 422 422 
0.5 0.46 0.3933333333333333 479 479 
0.5 0.46 0.4 446 446 
0.5 0.46 0.4066666666666667 451 451 
0.5 0.46 0.41333333333333333 479 479 
0.5 0.46 0.42 485 485 
0.5 0.46 0.4266666666666667 448 448 
0.5 0.46 0.43333333333333335 444 444 
0.5 0.46 0.44 458 458 
0.5 0.46 0.44666666666666666 453 453 
0.5 0.46 0.4533333333333333 434 434 
0.5 0.46 0.46 474 474 
0.5 0.46 0.4666666666666667 479 479 
0.5 0.46 0.47333333333333333 494 494 
0.5 0.46 0.48 437 437 
0.5 0.46 0.4866666666666667 500 500 
0.5 0.46 0.49333333333333335 447 447 
0.5 0.46 0.5 421 421 
0.5 0.46 0.5066666666666667 462 462 
0.5 0.46 0.5133333333333333 451 451 
0.5 0.46 0.52 468 468 
0.5 0.46 0.5266666666666666 475 475 
0.5 0.46 0.5333333333333333 413 413 
0.5 0.46 0.54 413 413 
0.5 0.46 0.5466666666666666 440 440 
0.5 0.46 0.5533333333333333 402 402 
0.5 0.46 0.56 437 437 
0.5 0.46 0.5666666666666667 409 409 
0.5 0.46 0.5733333333333334 443 443 
0.5 0.46 0.58 422 422 
0.5 0.46 0.5866666666666667 464 464 
0.5 0.46 0.5933333333333334 513 513 
0.5 0.46 0.6 435 435 
0.5 0.46 0.6066666666666667 438 438 
0.5 0.46 0.6133333333333333 448 448 
0.5 0.46 0.62 434 434 
0.5 0.46 0.6266666666666667 428 428 
0.5 0.46 0.6333333333333333 461 461 
0.5 0.46 0.64 437 437 
0.5 0.46 0.6466666666666666 475 475 
0.5 0.46 0.6533333333333333 458 458 
0.5 0.46 0.66 407 407 
0.5 0.46 0.6666666666666666 449 449 
0.5 0.46 0.6733333333333333 434 434 
0.5 0.46 0.68 452 452 
0.5 0.46 0.6866666666666666 437 437 
0.5 0.46 0.6933333333333334 443 443 
0.5 0.46 0.7 406 406 
0.5 0.46 0.7066666666666667 413 413 
0.5 0.46 0.7133333333333334 413 413 
0.5 0.46 0.72 442 442 
0.5 0.46 0.7266666666666667 436 436 
0.5 0.46 0.7333333333333333 451 451 
0.5 0.46 0.74 435 435 
0.5 0.46 0.7466666666666667 445 445 
0.5 0.46 0.7533333333333333 491 491 
0.5 0.46 0.76 465 465 
0.5 0.46 0.7666666666666667 472 472 
0.5 0.46 0.7733333333333333 433 433 
0.5 0.46 0.78 475 475 
0.5 0.46 0.7866666666666666 479 479 
0.5 0.46 0.7933333333333333 451 451 
0.5 0.46 0.8 427 427 
0.5 0.46 0.8066666666666666 444 444 
0.5 0.46 0.8133333333333334 435 435 
0.5 0.46 0.82 452 452 
0.5 0.46 0.8266666666666667 466 466 
0.5 0.46 0.8333333333333334 438 438 
0.5 0.46 0.84 446 446 
0.5 0.46 0.8466666666666667 426 426 
0.5 0.46 0.8533333333333334 448 448 
0.5 0.46 0.86 435 435 
0.5 0.46 0.8666666666666667 420 420 
0.5 0.46 0.8733333333333333 457 457 
0.5 0.46 0.88 500 500 
0.5 0.46 0.8866666666666667 443 443 
0.5 0.46 0.8933333333333333 410 410 
0.5 0.46 0.9 452 452 
0.5 0.46 0.9066666666666666 445 445 
0.5 0.46 0.9133333333333333 433 433 
0.5 0.46 0.92 428 428 
0.5 0.46 0.9266666666666666 416 416 
0.5 0.46 0.9333333333333333 444 444 
0.5 0.46 0.94 454 454 
0.5 0.46 0.9466666666666667 442 442 
0.5 0.46 0.9533333333333334 453 453 
0.5 0.46 0.96 444 444 
0.5 0.46 0.9666666666666667 458 458 
0.5 0.46 0.9733333333333334 436 436 
0.5 0.46 0.98 433 433 
0.5 0.46 0.9866666666666667 504 504 
0.5 0.46 0.9933333333333333 0 0 
0.5 0.4666666666666667 0.0 0 0 
0.5 0.4666666666666667 0.006666666666666667 587 587 
0.5 0.4666666666666667 0.013333333333333334 502 502 
0.5 0.4666666666666667 0.02 493 493 
0.5 0.4666666666666667 0.02666666666666667 518 518 
0.5 0.4666666666666667 0.03333333333333333 478 478 
0.5 0.4666666666666667 0.04 483 483 
0.5 0.4666666666666667 0.04666666666666667 445 445 
0.5 0.4666666666666667 0.05333333333333334 475 475 
0.5 0.4666666666666667 0.06 469 469 
0.5 0.4666666666666667 0.06666666666666667 499 499 
0.5 0.4666666666666667 0.07333333333333333 455 455 
0.5 0.4666666666666667 0.08 480 480 
0.5 0.4666666666666667 0.08666666666666667 414 414 
0.5 0.4666666666666667 0.09333333333333334 453 453 
0.5 0.4666666666666667 0.1 472 472 
0.5 0.4666666666666667 0.10666666666666667 462 462 
0.5 0.4666666666666667 0.11333333333333333 441 441 
0.5 0.4666666666666667 0.12 442 442 
0.5 0.4666666666666667 0.12666666666666668 438 438 
0.5 0.4666666666666667 0.13333333333333333 427 427 
0.5 0.4666666666666667 0.14 464 464 
0.5 0.4666666666666667 0.14666666666666667 460 460 
0.5 0.4666666666666667 0.15333333333333332 521 521 
0.5 0.4666666666666667 0.16 476 476 
0.5 0.4666666666666667 0.16666666666666666 459 459 
0.5 0.4666666666666667 0.17333333333333334 429 429 
0.5 0.4666666666666667 0.18 375 375 
0.5 0.4666666666666667 0.18666666666666668 467 467 
0.5 0.4666666666666667 0.19333333333333333 436 436 
0.5 0.4666666666666667 0.2 463 463 
0.5 0.4666666666666667 0.20666666666666667 460 460 
0.5 0.4666666666666667 0.21333333333333335 470 470 
0.5 0.4666666666666667 0.22 462 462 
0.5 0.4666666666666667 0.22666666666666666 421 421 
0.5 0.4666666666666667 0.23333333333333334 402 402 
0.5 0.4666666666666667 0.24 429 429 
0.5 0.4666666666666667 0.24666666666666667 439 439 
0.5 0.4666666666666667 0.25333333333333335 429 429 
0.5 0.4666666666666667 0.26 429 429 
0.5 0.4666666666666667 0.26666666666666666 462 462 
0.5 0.4666666666666667 0.2733333333333333 453 453 
0.5 0.4666666666666667 0.28 488 488 
0.5 0.4666666666666667 0.2866666666666667 427 427 
0.5 0.4666666666666667 0.29333333333333333 456 456 
0.5 0.4666666666666667 0.3 462 462 
0.5 0.4666666666666667 0.30666666666666664 456 456 
0.5 0.4666666666666667 0.31333333333333335 443 443 
0.5 0.4666666666666667 0.32 456 456 
0.5 0.4666666666666667 0.32666666666666666 478 478 
0.5 0.4666666666666667 0.3333333333333333 430 430 
0.5 0.4666666666666667 0.34 428 428 
0.5 0.4666666666666667 0.3466666666666667 444 444 
0.5 0.4666666666666667 0.35333333333333333 446 446 
0.5 0.4666666666666667 0.36 472 472 
0.5 0.4666666666666667 0.36666666666666664 394 394 
0.5 0.4666666666666667 0.37333333333333335 448 448 
0.5 0.4666666666666667 0.38 408 408 
0.5 0.4666666666666667 0.38666666666666666 443 443 
0.5 0.4666666666666667 0.3933333333333333 415 415 
0.5 0.4666666666666667 0.4 442 442 
0.5 0.4666666666666667 0.4066666666666667 455 455 
0.5 0.4666666666666667 0.41333333333333333 429 429 
0.5 0.4666666666666667 0.42 398 398 
0.5 0.4666666666666667 0.4266666666666667 437 437 
0.5 0.4666666666666667 0.43333333333333335 469 469 
0.5 0.4666666666666667 0.44 428 428 
0.5 0.4666666666666667 0.44666666666666666 416 416 
0.5 0.4666666666666667 0.4533333333333333 470 470 
0.5 0.4666666666666667 0.46 453 453 
0.5 0.4666666666666667 0.4666666666666667 453 453 
0.5 0.4666666666666667 0.47333333333333333 456 456 
0.5 0.4666666666666667 0.48 470 470 
0.5 0.4666666666666667 0.4866666666666667 484 484 
0.5 0.4666666666666667 0.49333333333333335 444 444 
0.5 0.4666666666666667 0.5 432 432 
0.5 0.4666666666666667 0.5066666666666667 479 479 
0.5 0.4666666666666667 0.5133333333333333 438 438 
0.5 0.4666666666666667 0.52 480 480 
0.5 0.4666666666666667 0.5266666666666666 430 430 
0.5 0.4666666666666667 0.5333333333333333 475 475 
0.5 0.4666666666666667 0.54 468 468 
0.5 0.4666666666666667 0.5466666666666666 458 458 
0.5 0.4666666666666667 0.5533333333333333 477 477 
0.5 0.4666666666666667 0.56 406 406 
0.5 0.4666666666666667 0.5666666666666667 387 387 
0.5 0.4666666666666667 0.5733333333333334 416 416 
0.5 0.4666666666666667 0.58 428 428 
0.5 0.4666666666666667 0.5866666666666667 441 441 
0.5 0.4666666666666667 0.5933333333333334 457 457 
0.5 0.4666666666666667 0.6 449 449 
0.5 0.4666666666666667 0.6066666666666667 452 452 
0.5 0.4666666666666667 0.6133333333333333 456 456 
0.5 0.4666666666666667 0.62 435 435 
0.5 0.4666666666666667 0.6266666666666667 410 410 
0.5 0.4666666666666667 0.6333333333333333 440 440 
0.5 0.4666666666666667 0.64 463 463 
0.5 0.4666666666666667 0.6466666666666666 449 449 
0.5 0.4666666666666667 0.6533333333333333 454 454 
0.5 0.4666666666666667 0.66 479 479 
0.5 0.4666666666666667 0.6666666666666666 486 486 
0.5 0.4666666666666667 0.6733333333333333 454 454 
0.5 0.4666666666666667 0.68 459 459 
0.5 0.4666666666666667 0.6866666666666666 467 467 
0.5 0.4666666666666667 0.6933333333333334 440 440 
0.5 0.4666666666666667 0.7 435 435 
0.5 0.4666666666666667 0.7066666666666667 424 424 
0.5 0.4666666666666667 0.7133333333333334 439 439 
0.5 0.4666666666666667 0.72 438 438 
0.5 0.4666666666666667 0.7266666666666667 415 415 
0.5 0.4666666666666667 0.7333333333333333 448 448 
0.5 0.4666666666666667 0.74 421 421 
0.5 0.4666666666666667 0.7466666666666667 438 438 
0.5 0.4666666666666667 0.7533333333333333 429 429 
0.5 0.4666666666666667 0.76 493 493 
0.5 0.4666666666666667 0.7666666666666667 474 474 
0.5 0.4666666666666667 0.7733333333333333 474 474 
0.5 0.4666666666666667 0.78 490 490 
0.5 0.4666666666666667 0.7866666666666666 461 461 
0.5 0.4666666666666667 0.7933333333333333 459 459 
0.5 0.4666666666666667 0.8 438 438 
0.5 0.4666666666666667 0.8066666666666666 455 455 
0.5 0.4666666666666667 0.8133333333333334 461 461 
0.5 0.4666666666666667 0.82 466 466 
0.5 0.4666666666666667 0.8266666666666667 470 470 
0.5 0.4666666666666667 0.8333333333333334 408 408 
0.5 0.4666666666666667 0.84 432 432 
0.5 0.4666666666666667 0.8466666666666667 430 430 
0.5 0.4666666666666667 0.8533333333333334 439 439 
0.5 0.4666666666666667 0.86 467 467 
0.5 0.4666666666666667 0.8666666666666667 452 452 
0.5 0.4666666666666667 0.8733333333333333 496 496 
0.5 0.4666666666666667 0.88 453 453 
0.5 0.4666666666666667 0.8866666666666667 485 485 
0.5 0.4666666666666667 0.8933333333333333 475 475 
0.5 0.4666666666666667 0.9 461 461 
0.5 0.4666666666666667 0.9066666666666666 438 438 
0.5 0.4666666666666667 0.9133333333333333 448 448 
0.5 0.4666666666666667 0.92 466 466 
0.5 0.4666666666666667 0.9266666666666666 442 442 
0.5 0.4666666666666667 0.9333333333333333 420 420 
0.5 0.4666666666666667 0.94 479 479 
0.5 0.4666666666666667 0.9466666666666667 405 405 
0.5 0.4666666666666667 0.9533333333333334 446 446 
0.5 0.4666666666666667 0.96 456 456 
0.5 0.4666666666666667 0.9666666666666667 428 428 
0.5 0.4666666666666667 0.9733333333333334 440 440 
0.5 0.4666666666666667 0.98 427 427 
0.5 0.4666666666666667 0.9866666666666667 487 487 
0.5 0.4666666666666667 0.9933333333333333 0 0 
0.5 0.47333333333333333 0.0 0 0 
0.5 0.47333333333333333 0.006666666666666667 583 583 
0.5 0.47333333333333333 0.013333333333333334 452 452 
0.5 0.47333333333333333 0.02 441 441 
0.5 0.47333333333333333 0.02666666666666667 454 454 
0.5 0.47333333333333333 0.03333333333333333 477 477 
0.5 0.47333333333333333 0.04 446 446 
0.5 0.47333333333333333 0.04666666666666667 486 486 
0.5 0.47333333333333333 0.05333333333333334 447 447 
0.5 0.47333333333333333 0.06 444 444 
0.5 0.47333333333333333 0.06666666666666667 473 473 
0.5 0.47333333333333333 0.07333333333333333 462 462 
0.5 0.47333333333333333 0.08 454 454 
0.5 0.47333333333333333 0.08666666666666667 404 404 
0.5 0.47333333333333333 0.09333333333333334 484 484 
0.5 0.47333333333333333 0.1 495 495 
0.5 0.47333333333333333 0.10666666666666667 443 443 
0.5 0.47333333333333333 0.11333333333333333 428 428 
0.5 0.47333333333333333 0.12 434 434 
0.5 0.47333333333333333 0.12666666666666668 467 467 
0.5 0.47333333333333333 0.13333333333333333 489 489 
0.5 0.47333333333333333 0.14 471 471 
0.5 0.47333333333333333 0.14666666666666667 484 484 
0.5 0.47333333333333333 0.15333333333333332 468 468 
0.5 0.47333333333333333 0.16 456 456 
0.5 0.47333333333333333 0.16666666666666666 427 427 
0.5 0.47333333333333333 0.17333333333333334 476 476 
0.5 0.47333333333333333 0.18 466 466 
0.5 0.47333333333333333 0.18666666666666668 429 429 
0.5 0.47333333333333333 0.19333333333333333 429 429 
0.5 0.47333333333333333 0.2 450 450 
0.5 0.47333333333333333 0.20666666666666667 441 441 
0.5 0.47333333333333333 0.21333333333333335 485 485 
0.5 0.47333333333333333 0.22 480 480 
0.5 0.47333333333333333 0.22666666666666666 433 433 
0.5 0.47333333333333333 0.23333333333333334 478 478 
0.5 0.47333333333333333 0.24 433 433 
0.5 0.47333333333333333 0.24666666666666667 440 440 
0.5 0.47333333333333333 0.25333333333333335 445 445 
0.5 0.47333333333333333 0.26 518 518 
0.5 0.47333333333333333 0.26666666666666666 474 474 
0.5 0.47333333333333333 0.2733333333333333 480 480 
0.5 0.47333333333333333 0.28 460 460 
0.5 0.47333333333333333 0.2866666666666667 460 460 
0.5 0.47333333333333333 0.29333333333333333 474 474 
0.5 0.47333333333333333 0.3 453 453 
0.5 0.47333333333333333 0.30666666666666664 479 479 
0.5 0.47333333333333333 0.31333333333333335 480 480 
0.5 0.47333333333333333 0.32 434 434 
0.5 0.47333333333333333 0.32666666666666666 464 464 
0.5 0.47333333333333333 0.3333333333333333 453 453 
0.5 0.47333333333333333 0.34 508 508 
0.5 0.47333333333333333 0.3466666666666667 456 456 
0.5 0.47333333333333333 0.35333333333333333 455 455 
0.5 0.47333333333333333 0.36 486 486 
0.5 0.47333333333333333 0.36666666666666664 409 409 
0.5 0.47333333333333333 0.37333333333333335 463 463 
0.5 0.47333333333333333 0.38 446 446 
0.5 0.47333333333333333 0.38666666666666666 436 436 
0.5 0.47333333333333333 0.3933333333333333 434 434 
0.5 0.47333333333333333 0.4 431 431 
0.5 0.47333333333333333 0.4066666666666667 415 415 
0.5 0.47333333333333333 0.41333333333333333 422 422 
0.5 0.47333333333333333 0.42 428 428 
0.5 0.47333333333333333 0.4266666666666667 427 427 
0.5 0.47333333333333333 0.43333333333333335 409 409 
0.5 0.47333333333333333 0.44 410 410 
0.5 0.47333333333333333 0.44666666666666666 447 447 
0.5 0.47333333333333333 0.4533333333333333 405 405 
0.5 0.47333333333333333 0.46 495 495 
0.5 0.47333333333333333 0.4666666666666667 495 495 
0.5 0.47333333333333333 0.47333333333333333 468 468 
0.5 0.47333333333333333 0.48 445 445 
0.5 0.47333333333333333 0.4866666666666667 471 471 
0.5 0.47333333333333333 0.49333333333333335 441 441 
0.5 0.47333333333333333 0.5 447 447 
0.5 0.47333333333333333 0.5066666666666667 435 435 
0.5 0.47333333333333333 0.5133333333333333 452 452 
0.5 0.47333333333333333 0.52 439 439 
0.5 0.47333333333333333 0.5266666666666666 461 461 
0.5 0.47333333333333333 0.5333333333333333 433 433 
0.5 0.47333333333333333 0.54 497 497 
0.5 0.47333333333333333 0.5466666666666666 430 430 
0.5 0.47333333333333333 0.5533333333333333 450 450 
0.5 0.47333333333333333 0.56 442 442 
0.5 0.47333333333333333 0.5666666666666667 442 442 
0.5 0.47333333333333333 0.5733333333333334 462 462 
0.5 0.47333333333333333 0.58 451 451 
0.5 0.47333333333333333 0.5866666666666667 437 437 
0.5 0.47333333333333333 0.5933333333333334 472 472 
0.5 0.47333333333333333 0.6 440 440 
0.5 0.47333333333333333 0.6066666666666667 490 490 
0.5 0.47333333333333333 0.6133333333333333 482 482 
0.5 0.47333333333333333 0.62 428 428 
0.5 0.47333333333333333 0.6266666666666667 402 402 
0.5 0.47333333333333333 0.6333333333333333 430 430 
0.5 0.47333333333333333 0.64 476 476 
0.5 0.47333333333333333 0.6466666666666666 450 450 
0.5 0.47333333333333333 0.6533333333333333 513 513 
0.5 0.47333333333333333 0.66 473 473 
0.5 0.47333333333333333 0.6666666666666666 482 482 
0.5 0.47333333333333333 0.6733333333333333 478 478 
0.5 0.47333333333333333 0.68 449 449 
0.5 0.47333333333333333 0.6866666666666666 437 437 
0.5 0.47333333333333333 0.6933333333333334 430 430 
0.5 0.47333333333333333 0.7 444 444 
0.5 0.47333333333333333 0.7066666666666667 449 449 
0.5 0.47333333333333333 0.7133333333333334 421 421 
0.5 0.47333333333333333 0.72 452 452 
0.5 0.47333333333333333 0.7266666666666667 456 456 
0.5 0.47333333333333333 0.7333333333333333 423 423 
0.5 0.47333333333333333 0.74 450 450 
0.5 0.47333333333333333 0.7466666666666667 454 454 
0.5 0.47333333333333333 0.7533333333333333 425 425 
0.5 0.47333333333333333 0.76 435 435 
0.5 0.47333333333333333 0.7666666666666667 459 459 
0.5 0.47333333333333333 0.7733333333333333 437 437 
0.5 0.47333333333333333 0.78 430 430 
0.5 0.47333333333333333 0.7866666666666666 453 453 
0.5 0.47333333333333333 0.7933333333333333 456 456 
0.5 0.47333333333333333 0.8 455 455 
0.5 0.47333333333333333 0.8066666666666666 463 463 
0.5 0.47333333333333333 0.8133333333333334 463 463 
0.5 0.47333333333333333 0.82 477 477 
0.5 0.47333333333333333 0.8266666666666667 425 425 
0.5 0.47333333333333333 0.8333333333333334 503 503 
0.5 0.47333333333333333 0.84 470 470 
0.5 0.47333333333333333 0.8466666666666667 405 405 
0.5 0.47333333333333333 0.8533333333333334 450 450 
0.5 0.47333333333333333 0.86 443 443 
0.5 0.47333333333333333 0.8666666666666667 496 496 
0.5 0.47333333333333333 0.8733333333333333 497 497 
0.5 0.47333333333333333 0.88 490 490 
0.5 0.47333333333333333 0.8866666666666667 475 475 
0.5 0.47333333333333333 0.8933333333333333 467 467 
0.5 0.47333333333333333 0.9 426 426 
0.5 0.47333333333333333 0.9066666666666666 467 467 
0.5 0.47333333333333333 0.9133333333333333 478 478 
0.5 0.47333333333333333 0.92 450 450 
0.5 0.47333333333333333 0.9266666666666666 455 455 
0.5 0.47333333333333333 0.9333333333333333 433 433 
0.5 0.47333333333333333 0.94 463 463 
0.5 0.47333333333333333 0.9466666666666667 447 447 
0.5 0.47333333333333333 0.9533333333333334 468 468 
0.5 0.47333333333333333 0.96 446 446 
0.5 0.47333333333333333 0.9666666666666667 429 429 
0.5 0.47333333333333333 0.9733333333333334 429 429 
0.5 0.47333333333333333 0.98 461 461 
0.5 0.47333333333333333 0.9866666666666667 543 543 
0.5 0.47333333333333333 0.9933333333333333 0 0 
0.5 0.48 0.0 0 0 
0.5 0.48 0.006666666666666667 578 578 
0.5 0.48 0.013333333333333334 495 495 
0.5 0.48 0.02 450 450 
0.5 0.48 0.02666666666666667 440 440 
0.5 0.48 0.03333333333333333 465 465 
0.5 0.48 0.04 437 437 
0.5 0.48 0.04666666666666667 446 446 
0.5 0.48 0.05333333333333334 442 442 
0.5 0.48 0.06 478 478 
0.5 0.48 0.06666666666666667 461 461 
0.5 0.48 0.07333333333333333 476 476 
0.5 0.48 0.08 494 494 
0.5 0.48 0.08666666666666667 497 497 
0.5 0.48 0.09333333333333334 443 443 
0.5 0.48 0.1 459 459 
0.5 0.48 0.10666666666666667 455 455 
0.5 0.48 0.11333333333333333 485 485 
0.5 0.48 0.12 420 420 
0.5 0.48 0.12666666666666668 467 467 
0.5 0.48 0.13333333333333333 478 478 
0.5 0.48 0.14 477 477 
0.5 0.48 0.14666666666666667 508 508 
0.5 0.48 0.15333333333333332 479 479 
0.5 0.48 0.16 450 450 
0.5 0.48 0.16666666666666666 456 456 
0.5 0.48 0.17333333333333334 473 473 
0.5 0.48 0.18 464 464 
0.5 0.48 0.18666666666666668 473 473 
0.5 0.48 0.19333333333333333 451 451 
0.5 0.48 0.2 438 438 
0.5 0.48 0.20666666666666667 446 446 
0.5 0.48 0.21333333333333335 433 433 
0.5 0.48 0.22 445 445 
0.5 0.48 0.22666666666666666 449 449 
0.5 0.48 0.23333333333333334 470 470 
0.5 0.48 0.24 466 466 
0.5 0.48 0.24666666666666667 475 475 
0.5 0.48 0.25333333333333335 418 418 
0.5 0.48 0.26 459 459 
0.5 0.48 0.26666666666666666 450 450 
0.5 0.48 0.2733333333333333 469 469 
0.5 0.48 0.28 460 460 
0.5 0.48 0.2866666666666667 506 506 
0.5 0.48 0.29333333333333333 436 436 
0.5 0.48 0.3 494 494 
0.5 0.48 0.30666666666666664 490 490 
0.5 0.48 0.31333333333333335 462 462 
0.5 0.48 0.32 445 445 
0.5 0.48 0.32666666666666666 461 461 
0.5 0.48 0.3333333333333333 434 434 
0.5 0.48 0.34 469 469 
0.5 0.48 0.3466666666666667 476 476 
0.5 0.48 0.35333333333333333 465 465 
0.5 0.48 0.36 469 469 
0.5 0.48 0.36666666666666664 477 477 
0.5 0.48 0.37333333333333335 456 456 
0.5 0.48 0.38 445 445 
0.5 0.48 0.38666666666666666 458 458 
0.5 0.48 0.3933333333333333 480 480 
0.5 0.48 0.4 438 438 
0.5 0.48 0.4066666666666667 454 454 
0.5 0.48 0.41333333333333333 425 425 
0.5 0.48 0.42 411 411 
0.5 0.48 0.4266666666666667 401 401 
0.5 0.48 0.43333333333333335 461 461 
0.5 0.48 0.44 441 441 
0.5 0.48 0.44666666666666666 482 482 
0.5 0.48 0.4533333333333333 436 436 
0.5 0.48 0.46 458 458 
0.5 0.48 0.4666666666666667 460 460 
0.5 0.48 0.47333333333333333 430 430 
0.5 0.48 0.48 437 437 
0.5 0.48 0.4866666666666667 458 458 
0.5 0.48 0.49333333333333335 444 444 
0.5 0.48 0.5 435 435 
0.5 0.48 0.5066666666666667 478 478 
0.5 0.48 0.5133333333333333 447 447 
0.5 0.48 0.52 427 427 
0.5 0.48 0.5266666666666666 435 435 
0.5 0.48 0.5333333333333333 430 430 
0.5 0.48 0.54 483 483 
0.5 0.48 0.5466666666666666 409 409 
0.5 0.48 0.5533333333333333 471 471 
0.5 0.48 0.56 417 417 
0.5 0.48 0.5666666666666667 455 455 
0.5 0.48 0.5733333333333334 454 454 
0.5 0.48 0.58 483 483 
0.5 0.48 0.5866666666666667 451 451 
0.5 0.48 0.5933333333333334 471 471 
0.5 0.48 0.6 463 463 
0.5 0.48 0.6066666666666667 454 454 
0.5 0.48 0.6133333333333333 472 472 
0.5 0.48 0.62 486 486 
0.5 0.48 0.6266666666666667 464 464 
0.5 0.48 0.6333333333333333 481 481 
0.5 0.48 0.64 469 469 
0.5 0.48 0.6466666666666666 465 465 
0.5 0.48 0.6533333333333333 468 468 
0.5 0.48 0.66 475 475 
0.5 0.48 0.6666666666666666 512 512 
0.5 0.48 0.6733333333333333 467 467 
0.5 0.48 0.68 457 457 
0.5 0.48 0.6866666666666666 477 477 
0.5 0.48 0.6933333333333334 444 444 
0.5 0.48 0.7 440 440 
0.5 0.48 0.7066666666666667 465 465 
0.5 0.48 0.7133333333333334 467 467 
0.5 0.48 0.72 460 460 
0.5 0.48 0.7266666666666667 478 478 
0.5 0.48 0.7333333333333333 469 469 
0.5 0.48 0.74 461 461 
0.5 0.48 0.7466666666666667 469 469 
0.5 0.48 0.7533333333333333 449 449 
0.5 0.48 0.76 455 455 
0.5 0.48 0.7666666666666667 453 453 
0.5 0.48 0.7733333333333333 453 453 
0.5 0.48 0.78 453 453 
0.5 0.48 0.7866666666666666 392 392 
0.5 0.48 0.7933333333333333 441 441 
0.5 0.48 0.8 447 447 
0.5 0.48 0.8066666666666666 429 429 
0.5 0.48 0.8133333333333334 475 475 
0.5 0.48 0.82 455 455 
0.5 0.48 0.8266666666666667 439 439 
0.5 0.48 0.8333333333333334 470 470 
0.5 0.48 0.84 475 475 
0.5 0.48 0.8466666666666667 417 417 
0.5 0.48 0.8533333333333334 458 458 
0.5 0.48 0.86 485 485 
0.5 0.48 0.8666666666666667 433 433 
0.5 0.48 0.8733333333333333 498 498 
0.5 0.48 0.88 485 485 
0.5 0.48 0.8866666666666667 482 482 
0.5 0.48 0.8933333333333333 474 474 
0.5 0.48 0.9 491 491 
0.5 0.48 0.9066666666666666 460 460 
0.5 0.48 0.9133333333333333 459 459 
0.5 0.48 0.92 497 497 
0.5 0.48 0.9266666666666666 440 440 
0.5 0.48 0.9333333333333333 458 458 
0.5 0.48 0.94 461 461 
0.5 0.48 0.9466666666666667 416 416 
0.5 0.48 0.9533333333333334 453 453 
0.5 0.48 0.96 467 467 
0.5 0.48 0.9666666666666667 432 432 
0.5 0.48 0.9733333333333334 428 428 
0.5 0.48 0.98 459 459 
0.5 0.48 0.9866666666666667 518 518 
0.5 0.48 0.9933333333333333 0 0 
0.5 0.4866666666666667 0.0 0 0 
0.5 0.4866666666666667 0.006666666666666667 507 507 
0.5 0.4866666666666667 0.013333333333333334 406 406 
0.5 0.4866666666666667 0.02 459 459 
0.5 0.4866666666666667 0.02666666666666667 465 465 
0.5 0.4866666666666667 0.03333333333333333 472 472 
0.5 0.4866666666666667 0.04 434 434 
0.5 0.4866666666666667 0.04666666666666667 452 452 
0.5 0.4866666666666667 0.05333333333333334 453 453 
0.5 0.4866666666666667 0.06 431 431 
0.5 0.4866666666666667 0.06666666666666667 446 446 
0.5 0.4866666666666667 0.07333333333333333 476 476 
0.5 0.4866666666666667 0.08 443 443 
0.5 0.4866666666666667 0.08666666666666667 489 489 
0.5 0.4866666666666667 0.09333333333333334 431 431 
0.5 0.4866666666666667 0.1 495 495 
0.5 0.4866666666666667 0.10666666666666667 521 521 
0.5 0.4866666666666667 0.11333333333333333 440 440 
0.5 0.4866666666666667 0.12 423 423 
0.5 0.4866666666666667 0.12666666666666668 426 426 
0.5 0.4866666666666667 0.13333333333333333 462 462 
0.5 0.4866666666666667 0.14 425 425 
0.5 0.4866666666666667 0.14666666666666667 465 465 
0.5 0.4866666666666667 0.15333333333333332 447 447 
0.5 0.4866666666666667 0.16 451 451 
0.5 0.4866666666666667 0.16666666666666666 456 456 
0.5 0.4866666666666667 0.17333333333333334 437 437 
0.5 0.4866666666666667 0.18 437 437 
0.5 0.4866666666666667 0.18666666666666668 481 481 
0.5 0.4866666666666667 0.19333333333333333 444 444 
0.5 0.4866666666666667 0.2 466 466 
0.5 0.4866666666666667 0.20666666666666667 450 450 
0.5 0.4866666666666667 0.21333333333333335 474 474 
0.5 0.4866666666666667 0.22 469 469 
0.5 0.4866666666666667 0.22666666666666666 455 455 
0.5 0.4866666666666667 0.23333333333333334 461 461 
0.5 0.4866666666666667 0.24 451 451 
0.5 0.4866666666666667 0.24666666666666667 450 450 
0.5 0.4866666666666667 0.25333333333333335 444 444 
0.5 0.4866666666666667 0.26 458 458 
0.5 0.4866666666666667 0.26666666666666666 454 454 
0.5 0.4866666666666667 0.2733333333333333 510 510 
0.5 0.4866666666666667 0.28 467 467 
0.5 0.4866666666666667 0.2866666666666667 440 440 
0.5 0.4866666666666667 0.29333333333333333 484 484 
0.5 0.4866666666666667 0.3 512 512 
0.5 0.4866666666666667 0.30666666666666664 480 480 
0.5 0.4866666666666667 0.31333333333333335 470 470 
0.5 0.4866666666666667 0.32 436 436 
0.5 0.4866666666666667 0.32666666666666666 422 422 
0.5 0.4866666666666667 0.3333333333333333 462 462 
0.5 0.4866666666666667 0.34 446 446 
0.5 0.4866666666666667 0.3466666666666667 447 447 
0.5 0.4866666666666667 0.35333333333333333 464 464 
0.5 0.4866666666666667 0.36 499 499 
0.5 0.4866666666666667 0.36666666666666664 454 454 
0.5 0.4866666666666667 0.37333333333333335 477 477 
0.5 0.4866666666666667 0.38 461 461 
0.5 0.4866666666666667 0.38666666666666666 478 478 
0.5 0.4866666666666667 0.3933333333333333 433 433 
0.5 0.4866666666666667 0.4 433 433 
0.5 0.4866666666666667 0.4066666666666667 448 448 
0.5 0.4866666666666667 0.41333333333333333 443 443 
0.5 0.4866666666666667 0.42 443 443 
0.5 0.4866666666666667 0.4266666666666667 416 416 
0.5 0.4866666666666667 0.43333333333333335 455 455 
0.5 0.4866666666666667 0.44 474 474 
0.5 0.4866666666666667 0.44666666666666666 431 431 
0.5 0.4866666666666667 0.4533333333333333 449 449 
0.5 0.4866666666666667 0.46 496 496 
0.5 0.4866666666666667 0.4666666666666667 483 483 
0.5 0.4866666666666667 0.47333333333333333 471 471 
0.5 0.4866666666666667 0.48 498 498 
0.5 0.4866666666666667 0.4866666666666667 444 444 
0.5 0.4866666666666667 0.49333333333333335 467 467 
0.5 0.4866666666666667 0.5 440 440 
0.5 0.4866666666666667 0.5066666666666667 442 442 
0.5 0.4866666666666667 0.5133333333333333 454 454 
0.5 0.4866666666666667 0.52 450 450 
0.5 0.4866666666666667 0.5266666666666666 473 473 
0.5 0.4866666666666667 0.5333333333333333 447 447 
0.5 0.4866666666666667 0.54 470 470 
0.5 0.4866666666666667 0.5466666666666666 497 497 
0.5 0.4866666666666667 0.5533333333333333 452 452 
0.5 0.4866666666666667 0.56 492 492 
0.5 0.4866666666666667 0.5666666666666667 461 461 
0.5 0.4866666666666667 0.5733333333333334 468 468 
0.5 0.4866666666666667 0.58 487 487 
0.5 0.4866666666666667 0.5866666666666667 471 471 
0.5 0.4866666666666667 0.5933333333333334 484 484 
0.5 0.4866666666666667 0.6 465 465 
0.5 0.4866666666666667 0.6066666666666667 470 470 
0.5 0.4866666666666667 0.6133333333333333 479 479 
0.5 0.4866666666666667 0.62 467 467 
0.5 0.4866666666666667 0.6266666666666667 505 505 
0.5 0.4866666666666667 0.6333333333333333 444 444 
0.5 0.4866666666666667 0.64 487 487 
0.5 0.4866666666666667 0.6466666666666666 429 429 
0.5 0.4866666666666667 0.6533333333333333 447 447 
0.5 0.4866666666666667 0.66 437 437 
0.5 0.4866666666666667 0.6666666666666666 454 454 
0.5 0.4866666666666667 0.6733333333333333 472 472 
0.5 0.4866666666666667 0.68 452 452 
0.5 0.4866666666666667 0.6866666666666666 472 472 
0.5 0.4866666666666667 0.6933333333333334 432 432 
0.5 0.4866666666666667 0.7 448 448 
0.5 0.4866666666666667 0.7066666666666667 438 438 
0.5 0.4866666666666667 0.7133333333333334 475 475 
0.5 0.4866666666666667 0.72 451 451 
0.5 0.4866666666666667 0.7266666666666667 510 510 
0.5 0.4866666666666667 0.7333333333333333 464 464 
0.5 0.4866666666666667 0.74 474 474 
0.5 0.4866666666666667 0.7466666666666667 464 464 
0.5 0.4866666666666667 0.7533333333333333 394 394 
0.5 0.4866666666666667 0.76 464 464 
0.5 0.4866666666666667 0.7666666666666667 463 463 
0.5 0.4866666666666667 0.7733333333333333 461 461 
0.5 0.4866666666666667 0.78 409 409 
0.5 0.4866666666666667 0.7866666666666666 408 408 
0.5 0.4866666666666667 0.7933333333333333 440 440 
0.5 0.4866666666666667 0.8 418 418 
0.5 0.4866666666666667 0.8066666666666666 469 469 
0.5 0.4866666666666667 0.8133333333333334 428 428 
0.5 0.4866666666666667 0.82 434 434 
0.5 0.4866666666666667 0.8266666666666667 467 467 
0.5 0.4866666666666667 0.8333333333333334 457 457 
0.5 0.4866666666666667 0.84 452 452 
0.5 0.4866666666666667 0.8466666666666667 452 452 
0.5 0.4866666666666667 0.8533333333333334 427 427 
0.5 0.4866666666666667 0.86 474 474 
0.5 0.4866666666666667 0.8666666666666667 463 463 
0.5 0.4866666666666667 0.8733333333333333 493 493 
0.5 0.4866666666666667 0.88 483 483 
0.5 0.4866666666666667 0.8866666666666667 472 472 
0.5 0.4866666666666667 0.8933333333333333 434 434 
0.5 0.4866666666666667 0.9 432 432 
0.5 0.4866666666666667 0.9066666666666666 467 467 
0.5 0.4866666666666667 0.9133333333333333 437 437 
0.5 0.4866666666666667 0.92 471 471 
0.5 0.4866666666666667 0.9266666666666666 467 467 
0.5 0.4866666666666667 0.9333333333333333 446 446 
0.5 0.4866666666666667 0.94 457 457 
0.5 0.4866666666666667 0.9466666666666667 422 422 
0.5 0.4866666666666667 0.9533333333333334 450 450 
0.5 0.4866666666666667 0.96 463 463 
0.5 0.4866666666666667 0.9666666666666667 468 468 
0.5 0.4866666666666667 0.9733333333333334 466 466 
0.5 0.4866666666666667 0.98 471 471 
0.5 0.4866666666666667 0.9866666666666667 561 561 
0.5 0.4866666666666667 0.9933333333333333 0 0 
0.5 0.49333333333333335 0.0 0 0 
0.5 0.49333333333333335 0.006666666666666667 522 522 
0.5 0.49333333333333335 0.013333333333333334 426 426 
0.5 0.49333333333333335 0.02 399 399 
0.5 0.49333333333333335 0.02666666666666667 449 449 
0.5 0.49333333333333335 0.03333333333333333 439 439 
0.5 0.49333333333333335 0.04 443 443 
0.5 0.49333333333333335 0.04666666666666667 432 432 
0.5 0.49333333333333335 0.05333333333333334 427 427 
0.5 0.49333333333333335 0.06 475 475 
0.5 0.49333333333333335 0.06666666666666667 409 409 
0.5 0.49333333333333335 0.07333333333333333 441 441 
0.5 0.49333333333333335 0.08 466 466 
0.5 0.49333333333333335 0.08666666666666667 479 479 
0.5 0.49333333333333335 0.09333333333333334 468 468 
0.5 0.49333333333333335 0.1 451 451 
0.5 0.49333333333333335 0.10666666666666667 451 451 
0.5 0.49333333333333335 0.11333333333333333 479 479 
0.5 0.49333333333333335 0.12 493 493 
0.5 0.49333333333333335 0.12666666666666668 474 474 
0.5 0.49333333333333335 0.13333333333333333 435 435 
0.5 0.49333333333333335 0.14 431 431 
0.5 0.49333333333333335 0.14666666666666667 436 436 
0.5 0.49333333333333335 0.15333333333333332 478 478 
0.5 0.49333333333333335 0.16 427 427 
0.5 0.49333333333333335 0.16666666666666666 434 434 
0.5 0.49333333333333335 0.17333333333333334 466 466 
0.5 0.49333333333333335 0.18 465 465 
0.5 0.49333333333333335 0.18666666666666668 478 478 
0.5 0.49333333333333335 0.19333333333333333 456 456 
0.5 0.49333333333333335 0.2 479 479 
0.5 0.49333333333333335 0.20666666666666667 434 434 
0.5 0.49333333333333335 0.21333333333333335 466 466 
0.5 0.49333333333333335 0.22 462 462 
0.5 0.49333333333333335 0.22666666666666666 441 441 
0.5 0.49333333333333335 0.23333333333333334 438 438 
0.5 0.49333333333333335 0.24 412 412 
0.5 0.49333333333333335 0.24666666666666667 461 461 
0.5 0.49333333333333335 0.25333333333333335 467 467 
0.5 0.49333333333333335 0.26 446 446 
0.5 0.49333333333333335 0.26666666666666666 454 454 
0.5 0.49333333333333335 0.2733333333333333 465 465 
0.5 0.49333333333333335 0.28 470 470 
0.5 0.49333333333333335 0.2866666666666667 452 452 
0.5 0.49333333333333335 0.29333333333333333 430 430 
0.5 0.49333333333333335 0.3 458 458 
0.5 0.49333333333333335 0.30666666666666664 488 488 
0.5 0.49333333333333335 0.31333333333333335 481 481 
0.5 0.49333333333333335 0.32 476 476 
0.5 0.49333333333333335 0.32666666666666666 431 431 
0.5 0.49333333333333335 0.3333333333333333 417 417 
0.5 0.49333333333333335 0.34 443 443 
0.5 0.49333333333333335 0.3466666666666667 463 463 
0.5 0.49333333333333335 0.35333333333333333 503 503 
0.5 0.49333333333333335 0.36 476 476 
0.5 0.49333333333333335 0.36666666666666664 465 465 
0.5 0.49333333333333335 0.37333333333333335 509 509 
0.5 0.49333333333333335 0.38 481 481 
0.5 0.49333333333333335 0.38666666666666666 465 465 
0.5 0.49333333333333335 0.3933333333333333 466 466 
0.5 0.49333333333333335 0.4 475 475 
0.5 0.49333333333333335 0.4066666666666667 445 445 
0.5 0.49333333333333335 0.41333333333333333 460 460 
0.5 0.49333333333333335 0.42 440 440 
0.5 0.49333333333333335 0.4266666666666667 462 462 
0.5 0.49333333333333335 0.43333333333333335 470 470 
0.5 0.49333333333333335 0.44 448 448 
0.5 0.49333333333333335 0.44666666666666666 449 449 
0.5 0.49333333333333335 0.4533333333333333 439 439 
0.5 0.49333333333333335 0.46 452 452 
0.5 0.49333333333333335 0.4666666666666667 420 420 
0.5 0.49333333333333335 0.47333333333333333 451 451 
0.5 0.49333333333333335 0.48 476 476 
0.5 0.49333333333333335 0.4866666666666667 449 449 
0.5 0.49333333333333335 0.49333333333333335 458 458 
0.5 0.49333333333333335 0.5 435 435 
0.5 0.49333333333333335 0.5066666666666667 474 474 
0.5 0.49333333333333335 0.5133333333333333 452 452 
0.5 0.49333333333333335 0.52 467 467 
0.5 0.49333333333333335 0.5266666666666666 478 478 
0.5 0.49333333333333335 0.5333333333333333 440 440 
0.5 0.49333333333333335 0.54 495 495 
0.5 0.49333333333333335 0.5466666666666666 445 445 
0.5 0.49333333333333335 0.5533333333333333 508 508 
0.5 0.49333333333333335 0.56 486 486 
0.5 0.49333333333333335 0.5666666666666667 466 466 
0.5 0.49333333333333335 0.5733333333333334 492 492 
0.5 0.49333333333333335 0.58 445 445 
0.5 0.49333333333333335 0.5866666666666667 453 453 
0.5 0.49333333333333335 0.5933333333333334 423 423 
0.5 0.49333333333333335 0.6 491 491 
0.5 0.49333333333333335 0.6066666666666667 443 443 
0.5 0.49333333333333335 0.6133333333333333 452 452 
0.5 0.49333333333333335 0.62 446 446 
0.5 0.49333333333333335 0.6266666666666667 459 459 
0.5 0.49333333333333335 0.6333333333333333 467 467 
0.5 0.49333333333333335 0.64 467 467 
0.5 0.49333333333333335 0.6466666666666666 480 480 
0.5 0.49333333333333335 0.6533333333333333 476 476 
0.5 0.49333333333333335 0.66 466 466 
0.5 0.49333333333333335 0.6666666666666666 458 458 
0.5 0.49333333333333335 0.6733333333333333 427 427 
0.5 0.49333333333333335 0.68 450 450 
0.5 0.49333333333333335 0.6866666666666666 448 448 
0.5 0.49333333333333335 0.6933333333333334 441 441 
0.5 0.49333333333333335 0.7 448 448 
0.5 0.49333333333333335 0.7066666666666667 440 440 
0.5 0.49333333333333335 0.7133333333333334 472 472 
0.5 0.49333333333333335 0.72 440 440 
0.5 0.49333333333333335 0.7266666666666667 455 455 
0.5 0.49333333333333335 0.7333333333333333 450 450 
0.5 0.49333333333333335 0.74 434 434 
0.5 0.49333333333333335 0.7466666666666667 481 481 
0.5 0.49333333333333335 0.7533333333333333 432 432 
0.5 0.49333333333333335 0.76 434 434 
0.5 0.49333333333333335 0.7666666666666667 431 431 
0.5 0.49333333333333335 0.7733333333333333 470 470 
0.5 0.49333333333333335 0.78 461 461 
0.5 0.49333333333333335 0.7866666666666666 411 411 
0.5 0.49333333333333335 0.7933333333333333 478 478 
0.5 0.49333333333333335 0.8 449 449 
0.5 0.49333333333333335 0.8066666666666666 441 441 
0.5 0.49333333333333335 0.8133333333333334 452 452 
0.5 0.49333333333333335 0.82 454 454 
0.5 0.49333333333333335 0.8266666666666667 431 431 
0.5 0.49333333333333335 0.8333333333333334 469 469 
0.5 0.49333333333333335 0.84 458 458 
0.5 0.49333333333333335 0.8466666666666667 449 449 
0.5 0.49333333333333335 0.8533333333333334 458 458 
0.5 0.49333333333333335 0.86 463 463 
0.5 0.49333333333333335 0.8666666666666667 444 444 
0.5 0.49333333333333335 0.8733333333333333 435 435 
0.5 0.49333333333333335 0.88 446 446 
0.5 0.49333333333333335 0.8866666666666667 445 445 
0.5 0.49333333333333335 0.8933333333333333 473 473 
0.5 0.49333333333333335 0.9 444 444 
0.5 0.49333333333333335 0.9066666666666666 428 428 
0.5 0.49333333333333335 0.9133333333333333 496 496 
0.5 0.49333333333333335 0.92 475 475 
0.5 0.49333333333333335 0.9266666666666666 477 477 
0.5 0.49333333333333335 0.9333333333333333 445 445 
0.5 0.49333333333333335 0.94 457 457 
0.5 0.49333333333333335 0.9466666666666667 467 467 
0.5 0.49333333333333335 0.9533333333333334 419 419 
0.5 0.49333333333333335 0.96 395 395 
0.5 0.49333333333333335 0.9666666666666667 442 442 
0.5 0.49333333333333335 0.9733333333333334 474 474 
0.5 0.49333333333333335 0.98 464 464 
0.5 0.49333333333333335 0.9866666666666667 535 535 
0.5 0.49333333333333335 0.9933333333333333 0 0 
0.5 0.5 0.0 0 0 
0.5 0.5 0.006666666666666667 527 527 
0.5 0.5 0.013333333333333334 463 463 
0.5 0.5 0.02 425 425 
0.5 0.5 0.02666666666666667 388 388 
0.5 0.5 0.03333333333333333 442 442 
0.5 0.5 0.04 477 477 
0.5 0.5 0.04666666666666667 501 501 
0.5 0.5 0.05333333333333334 469 469 
0.5 0.5 0.06 438 438 
0.5 0.5 0.06666666666666667 450 450 
0.5 0.5 0.07333333333333333 485 485 
0.5 0.5 0.08 446 446 
0.5 0.5 0.08666666666666667 471 471 
0.5 0.5 0.09333333333333334 497 497 
0.5 0.5 0.1 470 470 
0.5 0.5 0.10666666666666667 435 435 
0.5 0.5 0.11333333333333333 509 509 
0.5 0.5 0.12 477 477 
0.5 0.5 0.12666666666666668 461 461 
0.5 0.5 0.13333333333333333 444 444 
0.5 0.5 0.14 465 465 
0.5 0.5 0.14666666666666667 476 476 
0.5 0.5 0.15333333333333332 419 419 
0.5 0.5 0.16 434 434 
0.5 0.5 0.16666666666666666 460 460 
0.5 0.5 0.17333333333333334 454 454 
0.5 0.5 0.18 436 436 
0.5 0.5 0.18666666666666668 446 446 
0.5 0.5 0.19333333333333333 473 473 
0.5 0.5 0.2 475 475 
0.5 0.5 0.20666666666666667 456 456 
0.5 0.5 0.21333333333333335 486 486 
0.5 0.5 0.22 443 443 
0.5 0.5 0.22666666666666666 431 431 
0.5 0.5 0.23333333333333334 483 483 
0.5 0.5 0.24 457 457 
0.5 0.5 0.24666666666666667 418 418 
0.5 0.5 0.25333333333333335 456 456 
0.5 0.5 0.26 422 422 
0.5 0.5 0.26666666666666666 433 433 
0.5 0.5 0.2733333333333333 460 460 
0.5 0.5 0.28 440 440 
0.5 0.5 0.2866666666666667 464 464 
0.5 0.5 0.29333333333333333 455 455 
0.5 0.5 0.3 455 455 
0.5 0.5 0.30666666666666664 443 443 
0.5 0.5 0.31333333333333335 450 450 
0.5 0.5 0.32 488 488 
0.5 0.5 0.32666666666666666 466 466 
0.5 0.5 0.3333333333333333 435 435 
0.5 0.5 0.34 428 428 
0.5 0.5 0.3466666666666667 445 445 
0.5 0.5 0.35333333333333333 408 408 
0.5 0.5 0.36 419 419 
0.5 0.5 0.36666666666666664 487 487 
0.5 0.5 0.37333333333333335 451 451 
0.5 0.5 0.38 471 471 
0.5 0.5 0.38666666666666666 457 457 
0.5 0.5 0.3933333333333333 407 407 
0.5 0.5 0.4 483 483 
0.5 0.5 0.4066666666666667 453 453 
0.5 0.5 0.41333333333333333 460 460 
0.5 0.5 0.42 441 441 
0.5 0.5 0.4266666666666667 444 444 
0.5 0.5 0.43333333333333335 462 462 
0.5 0.5 0.44 438 438 
0.5 0.5 0.44666666666666666 465 465 
0.5 0.5 0.4533333333333333 444 444 
0.5 0.5 0.46 400 400 
0.5 0.5 0.4666666666666667 446 446 
0.5 0.5 0.47333333333333333 431 431 
0.5 0.5 0.48 449 449 
0.5 0.5 0.4866666666666667 421 421 
0.5 0.5 0.49333333333333335 452 452 
0.5 0.5 0.5 442 442 
0.5 0.5 0.5066666666666667 470 470 
0.5 0.5 0.5133333333333333 447 447 
0.5 0.5 0.52 462 462 
0.5 0.5 0.5266666666666666 449 449 
0.5 0.5 0.5333333333333333 434 434 
0.5 0.5 0.54 465 465 
0.5 0.5 0.5466666666666666 499 499 
0.5 0.5 0.5533333333333333 466 466 
0.5 0.5 0.56 511 511 
0.5 0.5 0.5666666666666667 503 503 
0.5 0.5 0.5733333333333334 473 473 
0.5 0.5 0.58 449 449 
0.5 0.5 0.5866666666666667 462 462 
0.5 0.5 0.5933333333333334 456 456 
0.5 0.5 0.6 468 468 
0.5 0.5 0.6066666666666667 458 458 
0.5 0.5 0.6133333333333333 461 461 
0.5 0.5 0.62 446 446 
0.5 0.5 0.6266666666666667 488 488 
0.5 0.5 0.6333333333333333 433 433 
0.5 0.5 0.64 489 489 
0.5 0.5 0.6466666666666666 434 434 
0.5 0.5 0.6533333333333333 449 449 
0.5 0.5 0.66 412 412 
0.5 0.5 0.6666666666666666 438 438 
0.5 0.5 0.6733333333333333 453 453 
0.5 0.5 0.68 443 443 
0.5 0.5 0.6866666666666666 464 464 
0.5 0.5 0.6933333333333334 541 541 
0.5 0.5 0.7 481 481 
0.5 0.5 0.7066666666666667 461 461 
0.5 0.5 0.7133333333333334 488 488 
0.5 0.5 0.72 462 462 
0.5 0.5 0.7266666666666667 449 449 
0.5 0.5 0.7333333333333333 467 467 
0.5 0.5 0.74 465 465 
0.5 0.5 0.7466666666666667 440 440 
0.5 0.5 0.7533333333333333 445 445 
0.5 0.5 0.76 440 440 
0.5 0.5 0.7666666666666667 483 483 
0.5 0.5 0.7733333333333333 451 451 
0.5 0.5 0.78 410 410 
0.5 0.5 0.7866666666666666 440 440 
0.5 0.5 0.7933333333333333 443 443 
0.5 0.5 0.8 460 460 
0.5 0.5 0.8066666666666666 470 470 
0.5 0.5 0.8133333333333334 431 431 
0.5 0.5 0.82 465 465 
0.5 0.5 0.8266666666666667 447 447 
0.5 0.5 0.8333333333333334 463 463 
0.5 0.5 0.84 448 448 
0.5 0.5 0.8466666666666667 479 479 
0.5 0.5 0.8533333333333334 484 484 
0.5 0.5 0.86 450 450 
0.5 0.5 0.8666666666666667 452 452 
0.5 0.5 0.8733333333333333 401 401 
0.5 0.5 0.88 410 410 
0.5 0.5 0.8866666666666667 458 458 
0.5 0.5 0.8933333333333333 421 421 
0.5 0.5 0.9 422 422 
0.5 0.5 0.9066666666666666 438 438 
0.5 0.5 0.9133333333333333 456 456 
0.5 0.5 0.92 431 431 
0.5 0.5 0.9266666666666666 473 473 
0.5 0.5 0.9333333333333333 458 458 
0.5 0.5 0.94 463 463 
0.5 0.5 0.9466666666666667 454 454 
0.5 0.5 0.9533333333333334 421 421 
0.5 0.5 0.96 436 436 
0.5 0.5 0.9666666666666667 449 449 
0.5 0.5 0.9733333333333334 475 475 
0.5 0.5 0.98 513 513 
0.5 0.5 0.9866666666666667 561 561 
0.5 0.5 0.9933333333333333 0 0 
0.5 0.5066666666666667 0.0 0 0 
0.5 0.5066666666666667 0.006666666666666667 539 539 
0.5 0.5066666666666667 0.013333333333333334 444 444 
0.5 0.5066666666666667 0.02 477 477 
0.5 0.5066666666666667 0.02666666666666667 447 447 
0.5 0.5066666666666667 0.03333333333333333 429 429 
0.5 0.5066666666666667 0.04 515 515 
0.5 0.5066666666666667 0.04666666666666667 463 463 
0.5 0.5066666666666667 0.05333333333333334 491 491 
0.5 0.5066666666666667 0.06 453 453 
0.5 0.5066666666666667 0.06666666666666667 432 432 
0.5 0.5066666666666667 0.07333333333333333 439 439 
0.5 0.5066666666666667 0.08 448 448 
0.5 0.5066666666666667 0.08666666666666667 463 463 
0.5 0.5066666666666667 0.09333333333333334 443 443 
0.5 0.5066666666666667 0.1 480 480 
0.5 0.5066666666666667 0.10666666666666667 426 426 
0.5 0.5066666666666667 0.11333333333333333 493 493 
0.5 0.5066666666666667 0.12 469 469 
0.5 0.5066666666666667 0.12666666666666668 481 481 
0.5 0.5066666666666667 0.13333333333333333 481 481 
0.5 0.5066666666666667 0.14 415 415 
0.5 0.5066666666666667 0.14666666666666667 438 438 
0.5 0.5066666666666667 0.15333333333333332 431 431 
0.5 0.5066666666666667 0.16 448 448 
0.5 0.5066666666666667 0.16666666666666666 460 460 
0.5 0.5066666666666667 0.17333333333333334 425 425 
0.5 0.5066666666666667 0.18 427 427 
0.5 0.5066666666666667 0.18666666666666668 489 489 
0.5 0.5066666666666667 0.19333333333333333 445 445 
0.5 0.5066666666666667 0.2 459 459 
0.5 0.5066666666666667 0.20666666666666667 468 468 
0.5 0.5066666666666667 0.21333333333333335 421 421 
0.5 0.5066666666666667 0.22 474 474 
0.5 0.5066666666666667 0.22666666666666666 407 407 
0.5 0.5066666666666667 0.23333333333333334 488 488 
0.5 0.5066666666666667 0.24 430 430 
0.5 0.5066666666666667 0.24666666666666667 465 465 
0.5 0.5066666666666667 0.25333333333333335 403 403 
0.5 0.5066666666666667 0.26 466 466 
0.5 0.5066666666666667 0.26666666666666666 443 443 
0.5 0.5066666666666667 0.2733333333333333 462 462 
0.5 0.5066666666666667 0.28 452 452 
0.5 0.5066666666666667 0.2866666666666667 482 482 
0.5 0.5066666666666667 0.29333333333333333 453 453 
0.5 0.5066666666666667 0.3 468 468 
0.5 0.5066666666666667 0.30666666666666664 438 438 
0.5 0.5066666666666667 0.31333333333333335 443 443 
0.5 0.5066666666666667 0.32 465 465 
0.5 0.5066666666666667 0.32666666666666666 487 487 
0.5 0.5066666666666667 0.3333333333333333 470 470 
0.5 0.5066666666666667 0.34 463 463 
0.5 0.5066666666666667 0.3466666666666667 425 425 
0.5 0.5066666666666667 0.35333333333333333 447 447 
0.5 0.5066666666666667 0.36 431 431 
0.5 0.5066666666666667 0.36666666666666664 417 417 
0.5 0.5066666666666667 0.37333333333333335 445 445 
0.5 0.5066666666666667 0.38 435 435 
0.5 0.5066666666666667 0.38666666666666666 442 442 
0.5 0.5066666666666667 0.3933333333333333 485 485 
0.5 0.5066666666666667 0.4 441 441 
0.5 0.5066666666666667 0.4066666666666667 452 452 
0.5 0.5066666666666667 0.41333333333333333 462 462 
0.5 0.5066666666666667 0.42 493 493 
0.5 0.5066666666666667 0.4266666666666667 512 512 
0.5 0.5066666666666667 0.43333333333333335 447 447 
0.5 0.5066666666666667 0.44 471 471 
0.5 0.5066666666666667 0.44666666666666666 454 454 
0.5 0.5066666666666667 0.4533333333333333 445 445 
0.5 0.5066666666666667 0.46 447 447 
0.5 0.5066666666666667 0.4666666666666667 443 443 
0.5 0.5066666666666667 0.47333333333333333 418 418 
0.5 0.5066666666666667 0.48 446 446 
0.5 0.5066666666666667 0.4866666666666667 426 426 
0.5 0.5066666666666667 0.49333333333333335 413 413 
0.5 0.5066666666666667 0.5 451 451 
0.5 0.5066666666666667 0.5066666666666667 414 414 
0.5 0.5066666666666667 0.5133333333333333 451 451 
0.5 0.5066666666666667 0.52 437 437 
0.5 0.5066666666666667 0.5266666666666666 481 481 
0.5 0.5066666666666667 0.5333333333333333 456 456 
0.5 0.5066666666666667 0.54 488 488 
0.5 0.5066666666666667 0.5466666666666666 446 446 
0.5 0.5066666666666667 0.5533333333333333 439 439 
0.5 0.5066666666666667 0.56 475 475 
0.5 0.5066666666666667 0.5666666666666667 455 455 
0.5 0.5066666666666667 0.5733333333333334 465 465 
0.5 0.5066666666666667 0.58 450 450 
0.5 0.5066666666666667 0.5866666666666667 425 425 
0.5 0.5066666666666667 0.5933333333333334 475 475 
0.5 0.5066666666666667 0.6 446 446 
0.5 0.5066666666666667 0.6066666666666667 457 457 
0.5 0.5066666666666667 0.6133333333333333 464 464 
0.5 0.5066666666666667 0.62 464 464 
0.5 0.5066666666666667 0.6266666666666667 473 473 
0.5 0.5066666666666667 0.6333333333333333 431 431 
0.5 0.5066666666666667 0.64 413 413 
0.5 0.5066666666666667 0.6466666666666666 415 415 
0.5 0.5066666666666667 0.6533333333333333 442 442 
0.5 0.5066666666666667 0.66 451 451 
0.5 0.5066666666666667 0.6666666666666666 452 452 
0.5 0.5066666666666667 0.6733333333333333 446 446 
0.5 0.5066666666666667 0.68 429 429 
0.5 0.5066666666666667 0.6866666666666666 435 435 
0.5 0.5066666666666667 0.6933333333333334 457 457 
0.5 0.5066666666666667 0.7 414 414 
0.5 0.5066666666666667 0.7066666666666667 451 451 
0.5 0.5066666666666667 0.7133333333333334 467 467 
0.5 0.5066666666666667 0.72 423 423 
0.5 0.5066666666666667 0.7266666666666667 451 451 
0.5 0.5066666666666667 0.7333333333333333 479 479 
0.5 0.5066666666666667 0.74 443 443 
0.5 0.5066666666666667 0.7466666666666667 474 474 
0.5 0.5066666666666667 0.7533333333333333 434 434 
0.5 0.5066666666666667 0.76 461 461 
0.5 0.5066666666666667 0.7666666666666667 456 456 
0.5 0.5066666666666667 0.7733333333333333 458 458 
0.5 0.5066666666666667 0.78 433 433 
0.5 0.5066666666666667 0.7866666666666666 478 478 
0.5 0.5066666666666667 0.7933333333333333 474 474 
0.5 0.5066666666666667 0.8 479 479 
0.5 0.5066666666666667 0.8066666666666666 441 441 
0.5 0.5066666666666667 0.8133333333333334 447 447 
0.5 0.5066666666666667 0.82 436 436 
0.5 0.5066666666666667 0.8266666666666667 487 487 
0.5 0.5066666666666667 0.8333333333333334 475 475 
0.5 0.5066666666666667 0.84 475 475 
0.5 0.5066666666666667 0.8466666666666667 455 455 
0.5 0.5066666666666667 0.8533333333333334 462 462 
0.5 0.5066666666666667 0.86 428 428 
0.5 0.5066666666666667 0.8666666666666667 441 441 
0.5 0.5066666666666667 0.8733333333333333 403 403 
0.5 0.5066666666666667 0.88 451 451 
0.5 0.5066666666666667 0.8866666666666667 440 440 
0.5 0.5066666666666667 0.8933333333333333 444 444 
0.5 0.5066666666666667 0.9 448 448 
0.5 0.5066666666666667 0.9066666666666666 463 463 
0.5 0.5066666666666667 0.9133333333333333 458 458 
0.5 0.5066666666666667 0.92 447 447 
0.5 0.5066666666666667 0.9266666666666666 478 478 
0.5 0.5066666666666667 0.9333333333333333 399 399 
0.5 0.5066666666666667 0.94 403 403 
0.5 0.5066666666666667 0.9466666666666667 487 487 
0.5 0.5066666666666667 0.9533333333333334 455 455 
0.5 0.5066666666666667 0.96 457 457 
0.5 0.5066666666666667 0.9666666666666667 468 468 
0.5 0.5066666666666667 0.9733333333333334 428 428 
0.5 0.5066666666666667 0.98 474 474 
0.5 0.5066666666666667 0.9866666666666667 615 615 
0.5 0.5066666666666667 0.9933333333333333 0 0 
0.5 0.5133333333333333 0.0 0 0 
0.5 0.5133333333333333 0.006666666666666667 542 542 
0.5 0.5133333333333333 0.013333333333333334 472 472 
0.5 0.5133333333333333 0.02 473 473 
0.5 0.5133333333333333 0.02666666666666667 486 486 
0.5 0.5133333333333333 0.03333333333333333 454 454 
0.5 0.5133333333333333 0.04 476 476 
0.5 0.5133333333333333 0.04666666666666667 487 487 
0.5 0.5133333333333333 0.05333333333333334 460 460 
0.5 0.5133333333333333 0.06 451 451 
0.5 0.5133333333333333 0.06666666666666667 454 454 
0.5 0.5133333333333333 0.07333333333333333 403 403 
0.5 0.5133333333333333 0.08 447 447 
0.5 0.5133333333333333 0.08666666666666667 459 459 
0.5 0.5133333333333333 0.09333333333333334 461 461 
0.5 0.5133333333333333 0.1 464 464 
0.5 0.5133333333333333 0.10666666666666667 444 444 
0.5 0.5133333333333333 0.11333333333333333 446 446 
0.5 0.5133333333333333 0.12 466 466 
0.5 0.5133333333333333 0.12666666666666668 487 487 
0.5 0.5133333333333333 0.13333333333333333 450 450 
0.5 0.5133333333333333 0.14 411 411 
0.5 0.5133333333333333 0.14666666666666667 448 448 
0.5 0.5133333333333333 0.15333333333333332 433 433 
0.5 0.5133333333333333 0.16 454 454 
0.5 0.5133333333333333 0.16666666666666666 403 403 
0.5 0.5133333333333333 0.17333333333333334 471 471 
0.5 0.5133333333333333 0.18 475 475 
0.5 0.5133333333333333 0.18666666666666668 438 438 
0.5 0.5133333333333333 0.19333333333333333 454 454 
0.5 0.5133333333333333 0.2 448 448 
0.5 0.5133333333333333 0.20666666666666667 429 429 
0.5 0.5133333333333333 0.21333333333333335 449 449 
0.5 0.5133333333333333 0.22 420 420 
0.5 0.5133333333333333 0.22666666666666666 459 459 
0.5 0.5133333333333333 0.23333333333333334 464 464 
0.5 0.5133333333333333 0.24 412 412 
0.5 0.5133333333333333 0.24666666666666667 438 438 
0.5 0.5133333333333333 0.25333333333333335 441 441 
0.5 0.5133333333333333 0.26 503 503 
0.5 0.5133333333333333 0.26666666666666666 422 422 
0.5 0.5133333333333333 0.2733333333333333 433 433 
0.5 0.5133333333333333 0.28 432 432 
0.5 0.5133333333333333 0.2866666666666667 418 418 
0.5 0.5133333333333333 0.29333333333333333 445 445 
0.5 0.5133333333333333 0.3 447 447 
0.5 0.5133333333333333 0.30666666666666664 441 441 
0.5 0.5133333333333333 0.31333333333333335 434 434 
0.5 0.5133333333333333 0.32 468 468 
0.5 0.5133333333333333 0.32666666666666666 477 477 
0.5 0.5133333333333333 0.3333333333333333 447 447 
0.5 0.5133333333333333 0.34 487 487 
0.5 0.5133333333333333 0.3466666666666667 460 460 
0.5 0.5133333333333333 0.35333333333333333 439 439 
0.5 0.5133333333333333 0.36 460 460 
0.5 0.5133333333333333 0.36666666666666664 451 451 
0.5 0.5133333333333333 0.37333333333333335 477 477 
0.5 0.5133333333333333 0.38 508 508 
0.5 0.5133333333333333 0.38666666666666666 449 449 
0.5 0.5133333333333333 0.3933333333333333 462 462 
0.5 0.5133333333333333 0.4 442 442 
0.5 0.5133333333333333 0.4066666666666667 461 461 
0.5 0.5133333333333333 0.41333333333333333 493 493 
0.5 0.5133333333333333 0.42 480 480 
0.5 0.5133333333333333 0.4266666666666667 482 482 
0.5 0.5133333333333333 0.43333333333333335 448 448 
0.5 0.5133333333333333 0.44 480 480 
0.5 0.5133333333333333 0.44666666666666666 499 499 
0.5 0.5133333333333333 0.4533333333333333 454 454 
0.5 0.5133333333333333 0.46 422 422 
0.5 0.5133333333333333 0.4666666666666667 432 432 
0.5 0.5133333333333333 0.47333333333333333 418 418 
0.5 0.5133333333333333 0.48 431 431 
0.5 0.5133333333333333 0.4866666666666667 405 405 
0.5 0.5133333333333333 0.49333333333333335 477 477 
0.5 0.5133333333333333 0.5 445 445 
0.5 0.5133333333333333 0.5066666666666667 449 449 
0.5 0.5133333333333333 0.5133333333333333 424 424 
0.5 0.5133333333333333 0.52 419 419 
0.5 0.5133333333333333 0.5266666666666666 434 434 
0.5 0.5133333333333333 0.5333333333333333 451 451 
0.5 0.5133333333333333 0.54 416 416 
0.5 0.5133333333333333 0.5466666666666666 433 433 
0.5 0.5133333333333333 0.5533333333333333 414 414 
0.5 0.5133333333333333 0.56 436 436 
0.5 0.5133333333333333 0.5666666666666667 432 432 
0.5 0.5133333333333333 0.5733333333333334 453 453 
0.5 0.5133333333333333 0.58 436 436 
0.5 0.5133333333333333 0.5866666666666667 450 450 
0.5 0.5133333333333333 0.5933333333333334 426 426 
0.5 0.5133333333333333 0.6 423 423 
0.5 0.5133333333333333 0.6066666666666667 423 423 
0.5 0.5133333333333333 0.6133333333333333 471 471 
0.5 0.5133333333333333 0.62 393 393 
0.5 0.5133333333333333 0.6266666666666667 427 427 
0.5 0.5133333333333333 0.6333333333333333 428 428 
0.5 0.5133333333333333 0.64 417 417 
0.5 0.5133333333333333 0.6466666666666666 397 397 
0.5 0.5133333333333333 0.6533333333333333 421 421 
0.5 0.5133333333333333 0.66 414 414 
0.5 0.5133333333333333 0.6666666666666666 466 466 
0.5 0.5133333333333333 0.6733333333333333 446 446 
0.5 0.5133333333333333 0.68 462 462 
0.5 0.5133333333333333 0.6866666666666666 427 427 
0.5 0.5133333333333333 0.6933333333333334 457 457 
0.5 0.5133333333333333 0.7 416 416 
0.5 0.5133333333333333 0.7066666666666667 467 467 
0.5 0.5133333333333333 0.7133333333333334 438 438 
0.5 0.5133333333333333 0.72 492 492 
0.5 0.5133333333333333 0.7266666666666667 451 451 
0.5 0.5133333333333333 0.7333333333333333 468 468 
0.5 0.5133333333333333 0.74 420 420 
0.5 0.5133333333333333 0.7466666666666667 436 436 
0.5 0.5133333333333333 0.7533333333333333 464 464 
0.5 0.5133333333333333 0.76 444 444 
0.5 0.5133333333333333 0.7666666666666667 452 452 
0.5 0.5133333333333333 0.7733333333333333 463 463 
0.5 0.5133333333333333 0.78 488 488 
0.5 0.5133333333333333 0.7866666666666666 431 431 
0.5 0.5133333333333333 0.7933333333333333 453 453 
0.5 0.5133333333333333 0.8 478 478 
0.5 0.5133333333333333 0.8066666666666666 449 449 
0.5 0.5133333333333333 0.8133333333333334 480 480 
0.5 0.5133333333333333 0.82 458 458 
0.5 0.5133333333333333 0.8266666666666667 446 446 
0.5 0.5133333333333333 0.8333333333333334 462 462 
0.5 0.5133333333333333 0.84 446 446 
0.5 0.5133333333333333 0.8466666666666667 479 479 
0.5 0.5133333333333333 0.8533333333333334 440 440 
0.5 0.5133333333333333 0.86 433 433 
0.5 0.5133333333333333 0.8666666666666667 406 406 
0.5 0.5133333333333333 0.8733333333333333 467 467 
0.5 0.5133333333333333 0.88 438 438 
0.5 0.5133333333333333 0.8866666666666667 460 460 
0.5 0.5133333333333333 0.8933333333333333 458 458 
0.5 0.5133333333333333 0.9 438 438 
0.5 0.5133333333333333 0.9066666666666666 435 435 
0.5 0.5133333333333333 0.9133333333333333 450 450 
0.5 0.5133333333333333 0.92 416 416 
0.5 0.5133333333333333 0.9266666666666666 443 443 
0.5 0.5133333333333333 0.9333333333333333 440 440 
0.5 0.5133333333333333 0.94 439 439 
0.5 0.5133333333333333 0.9466666666666667 468 468 
0.5 0.5133333333333333 0.9533333333333334 501 501 
0.5 0.5133333333333333 0.96 465 465 
0.5 0.5133333333333333 0.9666666666666667 457 457 
0.5 0.5133333333333333 0.9733333333333334 482 482 
0.5 0.5133333333333333 0.98 509 509 
0.5 0.5133333333333333 0.9866666666666667 575 575 
0.5 0.5133333333333333 0.9933333333333333 0 0 
0.5 0.52 0.0 0 0 
0.5 0.52 0.006666666666666667 567 567 
0.5 0.52 0.013333333333333334 499 499 
0.5 0.52 0.02 534 534 
0.5 0.52 0.02666666666666667 489 489 
0.5 0.52 0.03333333333333333 485 485 
0.5 0.52 0.04 462 462 
0.5 0.52 0.04666666666666667 480 480 
0.5 0.52 0.05333333333333334 496 496 
0.5 0.52 0.06 471 471 
0.5 0.52 0.06666666666666667 467 467 
0.5 0.52 0.07333333333333333 456 456 
0.5 0.52 0.08 440 440 
0.5 0.52 0.08666666666666667 469 469 
0.5 0.52 0.09333333333333334 419 419 
0.5 0.52 0.1 474 474 
0.5 0.52 0.10666666666666667 451 451 
0.5 0.52 0.11333333333333333 400 400 
0.5 0.52 0.12 413 413 
0.5 0.52 0.12666666666666668 403 403 
0.5 0.52 0.13333333333333333 451 451 
0.5 0.52 0.14 414 414 
0.5 0.52 0.14666666666666667 446 446 
0.5 0.52 0.15333333333333332 419 419 
0.5 0.52 0.16 432 432 
0.5 0.52 0.16666666666666666 458 458 
0.5 0.52 0.17333333333333334 439 439 
0.5 0.52 0.18 421 421 
0.5 0.52 0.18666666666666668 438 438 
0.5 0.52 0.19333333333333333 472 472 
0.5 0.52 0.2 439 439 
0.5 0.52 0.20666666666666667 459 459 
0.5 0.52 0.21333333333333335 437 437 
0.5 0.52 0.22 439 439 
0.5 0.52 0.22666666666666666 459 459 
0.5 0.52 0.23333333333333334 454 454 
0.5 0.52 0.24 496 496 
0.5 0.52 0.24666666666666667 480 480 
0.5 0.52 0.25333333333333335 466 466 
0.5 0.52 0.26 422 422 
0.5 0.52 0.26666666666666666 415 415 
0.5 0.52 0.2733333333333333 500 500 
0.5 0.52 0.28 435 435 
0.5 0.52 0.2866666666666667 445 445 
0.5 0.52 0.29333333333333333 442 442 
0.5 0.52 0.3 431 431 
0.5 0.52 0.30666666666666664 438 438 
0.5 0.52 0.31333333333333335 448 448 
0.5 0.52 0.32 479 479 
0.5 0.52 0.32666666666666666 494 494 
0.5 0.52 0.3333333333333333 474 474 
0.5 0.52 0.34 445 445 
0.5 0.52 0.3466666666666667 449 449 
0.5 0.52 0.35333333333333333 444 444 
0.5 0.52 0.36 420 420 
0.5 0.52 0.36666666666666664 473 473 
0.5 0.52 0.37333333333333335 416 416 
0.5 0.52 0.38 445 445 
0.5 0.52 0.38666666666666666 432 432 
0.5 0.52 0.3933333333333333 460 460 
0.5 0.52 0.4 483 483 
0.5 0.52 0.4066666666666667 472 472 
0.5 0.52 0.41333333333333333 480 480 
0.5 0.52 0.42 454 454 
0.5 0.52 0.4266666666666667 466 466 
0.5 0.52 0.43333333333333335 437 437 
0.5 0.52 0.44 462 462 
0.5 0.52 0.44666666666666666 414 414 
0.5 0.52 0.4533333333333333 468 468 
0.5 0.52 0.46 427 427 
0.5 0.52 0.4666666666666667 401 401 
0.5 0.52 0.47333333333333333 468 468 
0.5 0.52 0.48 433 433 
0.5 0.52 0.4866666666666667 457 457 
0.5 0.52 0.49333333333333335 455 455 
0.5 0.52 0.5 467 467 
0.5 0.52 0.5066666666666667 448 448 
0.5 0.52 0.5133333333333333 464 464 
0.5 0.52 0.52 440 440 
0.5 0.52 0.5266666666666666 418 418 
0.5 0.52 0.5333333333333333 412 412 
0.5 0.52 0.54 444 444 
0.5 0.52 0.5466666666666666 428 428 
0.5 0.52 0.5533333333333333 404 404 
0.5 0.52 0.56 425 425 
0.5 0.52 0.5666666666666667 415 415 
0.5 0.52 0.5733333333333334 424 424 
0.5 0.52 0.58 442 442 
0.5 0.52 0.5866666666666667 469 469 
0.5 0.52 0.5933333333333334 457 457 
0.5 0.52 0.6 454 454 
0.5 0.52 0.6066666666666667 425 425 
0.5 0.52 0.6133333333333333 427 427 
0.5 0.52 0.62 434 434 
0.5 0.52 0.6266666666666667 493 493 
0.5 0.52 0.6333333333333333 435 435 
0.5 0.52 0.64 448 448 
0.5 0.52 0.6466666666666666 442 442 
0.5 0.52 0.6533333333333333 429 429 
0.5 0.52 0.66 440 440 
0.5 0.52 0.6666666666666666 443 443 
0.5 0.52 0.6733333333333333 421 421 
0.5 0.52 0.68 420 420 
0.5 0.52 0.6866666666666666 448 448 
0.5 0.52 0.6933333333333334 464 464 
0.5 0.52 0.7 485 485 
0.5 0.52 0.7066666666666667 402 402 
0.5 0.52 0.7133333333333334 398 398 
0.5 0.52 0.72 425 425 
0.5 0.52 0.7266666666666667 452 452 
0.5 0.52 0.7333333333333333 418 418 
0.5 0.52 0.74 442 442 
0.5 0.52 0.7466666666666667 419 419 
0.5 0.52 0.7533333333333333 447 447 
0.5 0.52 0.76 483 483 
0.5 0.52 0.7666666666666667 478 478 
0.5 0.52 0.7733333333333333 451 451 
0.5 0.52 0.78 473 473 
0.5 0.52 0.7866666666666666 499 499 
0.5 0.52 0.7933333333333333 465 465 
0.5 0.52 0.8 467 467 
0.5 0.52 0.8066666666666666 503 503 
0.5 0.52 0.8133333333333334 442 442 
0.5 0.52 0.82 454 454 
0.5 0.52 0.8266666666666667 456 456 
0.5 0.52 0.8333333333333334 467 467 
0.5 0.52 0.84 505 505 
0.5 0.52 0.8466666666666667 472 472 
0.5 0.52 0.8533333333333334 453 453 
0.5 0.52 0.86 460 460 
0.5 0.52 0.8666666666666667 427 427 
0.5 0.52 0.8733333333333333 449 449 
0.5 0.52 0.88 483 483 
0.5 0.52 0.8866666666666667 435 435 
0.5 0.52 0.8933333333333333 428 428 
0.5 0.52 0.9 414 414 
0.5 0.52 0.9066666666666666 440 440 
0.5 0.52 0.9133333333333333 427 427 
0.5 0.52 0.92 422 422 
0.5 0.52 0.9266666666666666 429 429 
0.5 0.52 0.9333333333333333 446 446 
0.5 0.52 0.94 484 484 
0.5 0.52 0.9466666666666667 483 483 
0.5 0.52 0.9533333333333334 507 507 
0.5 0.52 0.96 479 479 
0.5 0.52 0.9666666666666667 464 464 
0.5 0.52 0.9733333333333334 460 460 
0.5 0.52 0.98 519 519 
0.5 0.52 0.9866666666666667 581 581 
0.5 0.52 0.9933333333333333 0 0 
0.5 0.5266666666666666 0.0 0 0 
0.5 0.5266666666666666 0.006666666666666667 637 637 
0.5 0.5266666666666666 0.013333333333333334 499 499 
0.5 0.5266666666666666 0.02 486 486 
0.5 0.5266666666666666 0.02666666666666667 474 474 
0.5 0.5266666666666666 0.03333333333333333 487 487 
0.5 0.5266666666666666 0.04 463 463 
0.5 0.5266666666666666 0.04666666666666667 468 468 
0.5 0.5266666666666666 0.05333333333333334 429 429 
0.5 0.5266666666666666 0.06 432 432 
0.5 0.5266666666666666 0.06666666666666667 452 452 
0.5 0.5266666666666666 0.07333333333333333 454 454 
0.5 0.5266666666666666 0.08 466 466 
0.5 0.5266666666666666 0.08666666666666667 456 456 
0.5 0.5266666666666666 0.09333333333333334 463 463 
0.5 0.5266666666666666 0.1 460 460 
0.5 0.5266666666666666 0.10666666666666667 440 440 
0.5 0.5266666666666666 0.11333333333333333 472 472 
0.5 0.5266666666666666 0.12 453 453 
0.5 0.5266666666666666 0.12666666666666668 470 470 
0.5 0.5266666666666666 0.13333333333333333 459 459 
0.5 0.5266666666666666 0.14 474 474 
0.5 0.5266666666666666 0.14666666666666667 430 430 
0.5 0.5266666666666666 0.15333333333333332 423 423 
0.5 0.5266666666666666 0.16 482 482 
0.5 0.5266666666666666 0.16666666666666666 481 481 
0.5 0.5266666666666666 0.17333333333333334 466 466 
0.5 0.5266666666666666 0.18 435 435 
0.5 0.5266666666666666 0.18666666666666668 437 437 
0.5 0.5266666666666666 0.19333333333333333 455 455 
0.5 0.5266666666666666 0.2 452 452 
0.5 0.5266666666666666 0.20666666666666667 454 454 
0.5 0.5266666666666666 0.21333333333333335 439 439 
0.5 0.5266666666666666 0.22 453 453 
0.5 0.5266666666666666 0.22666666666666666 440 440 
0.5 0.5266666666666666 0.23333333333333334 471 471 
0.5 0.5266666666666666 0.24 437 437 
0.5 0.5266666666666666 0.24666666666666667 460 460 
0.5 0.5266666666666666 0.25333333333333335 426 426 
0.5 0.5266666666666666 0.26 421 421 
0.5 0.5266666666666666 0.26666666666666666 455 455 
0.5 0.5266666666666666 0.2733333333333333 446 446 
0.5 0.5266666666666666 0.28 426 426 
0.5 0.5266666666666666 0.2866666666666667 448 448 
0.5 0.5266666666666666 0.29333333333333333 436 436 
0.5 0.5266666666666666 0.3 436 436 
0.5 0.5266666666666666 0.30666666666666664 455 455 
0.5 0.5266666666666666 0.31333333333333335 434 434 
0.5 0.5266666666666666 0.32 451 451 
0.5 0.5266666666666666 0.32666666666666666 452 452 
0.5 0.5266666666666666 0.3333333333333333 466 466 
0.5 0.5266666666666666 0.34 471 471 
0.5 0.5266666666666666 0.3466666666666667 455 455 
0.5 0.5266666666666666 0.35333333333333333 471 471 
0.5 0.5266666666666666 0.36 444 444 
0.5 0.5266666666666666 0.36666666666666664 442 442 
0.5 0.5266666666666666 0.37333333333333335 463 463 
0.5 0.5266666666666666 0.38 448 448 
0.5 0.5266666666666666 0.38666666666666666 436 436 
0.5 0.5266666666666666 0.3933333333333333 449 449 
0.5 0.5266666666666666 0.4 434 434 
0.5 0.5266666666666666 0.4066666666666667 461 461 
0.5 0.5266666666666666 0.41333333333333333 461 461 
0.5 0.5266666666666666 0.42 432 432 
0.5 0.5266666666666666 0.4266666666666667 426 426 
0.5 0.5266666666666666 0.43333333333333335 485 485 
0.5 0.5266666666666666 0.44 458 458 
0.5 0.5266666666666666 0.44666666666666666 439 439 
0.5 0.5266666666666666 0.4533333333333333 421 421 
0.5 0.5266666666666666 0.46 480 480 
0.5 0.5266666666666666 0.4666666666666667 445 445 
0.5 0.5266666666666666 0.47333333333333333 444 444 
0.5 0.5266666666666666 0.48 452 452 
0.5 0.5266666666666666 0.4866666666666667 451 451 
0.5 0.5266666666666666 0.49333333333333335 444 444 
0.5 0.5266666666666666 0.5 480 480 
0.5 0.5266666666666666 0.5066666666666667 451 451 
0.5 0.5266666666666666 0.5133333333333333 483 483 
0.5 0.5266666666666666 0.52 468 468 
0.5 0.5266666666666666 0.5266666666666666 445 445 
0.5 0.5266666666666666 0.5333333333333333 419 419 
0.5 0.5266666666666666 0.54 437 437 
0.5 0.5266666666666666 0.5466666666666666 394 394 
0.5 0.5266666666666666 0.5533333333333333 424 424 
0.5 0.5266666666666666 0.56 394 394 
0.5 0.5266666666666666 0.5666666666666667 433 433 
0.5 0.5266666666666666 0.5733333333333334 452 452 
0.5 0.5266666666666666 0.58 445 445 
0.5 0.5266666666666666 0.5866666666666667 445 445 
0.5 0.5266666666666666 0.5933333333333334 440 440 
0.5 0.5266666666666666 0.6 446 446 
0.5 0.5266666666666666 0.6066666666666667 405 405 
0.5 0.5266666666666666 0.6133333333333333 417 417 
0.5 0.5266666666666666 0.62 438 438 
0.5 0.5266666666666666 0.6266666666666667 420 420 
0.5 0.5266666666666666 0.6333333333333333 449 449 
0.5 0.5266666666666666 0.64 448 448 
0.5 0.5266666666666666 0.6466666666666666 435 435 
0.5 0.5266666666666666 0.6533333333333333 421 421 
0.5 0.5266666666666666 0.66 446 446 
0.5 0.5266666666666666 0.6666666666666666 403 403 
0.5 0.5266666666666666 0.6733333333333333 401 401 
0.5 0.5266666666666666 0.68 459 459 
0.5 0.5266666666666666 0.6866666666666666 435 435 
0.5 0.5266666666666666 0.6933333333333334 445 445 
0.5 0.5266666666666666 0.7 465 465 
0.5 0.5266666666666666 0.7066666666666667 470 470 
0.5 0.5266666666666666 0.7133333333333334 448 448 
0.5 0.5266666666666666 0.72 438 438 
0.5 0.5266666666666666 0.7266666666666667 397 397 
0.5 0.5266666666666666 0.7333333333333333 436 436 
0.5 0.5266666666666666 0.74 414 414 
0.5 0.5266666666666666 0.7466666666666667 437 437 
0.5 0.5266666666666666 0.7533333333333333 455 455 
0.5 0.5266666666666666 0.76 469 469 
0.5 0.5266666666666666 0.7666666666666667 412 412 
0.5 0.5266666666666666 0.7733333333333333 470 470 
0.5 0.5266666666666666 0.78 515 515 
0.5 0.5266666666666666 0.7866666666666666 439 439 
0.5 0.5266666666666666 0.7933333333333333 465 465 
0.5 0.5266666666666666 0.8 431 431 
0.5 0.5266666666666666 0.8066666666666666 452 452 
0.5 0.5266666666666666 0.8133333333333334 457 457 
0.5 0.5266666666666666 0.82 471 471 
0.5 0.5266666666666666 0.8266666666666667 429 429 
0.5 0.5266666666666666 0.8333333333333334 440 440 
0.5 0.5266666666666666 0.84 466 466 
0.5 0.5266666666666666 0.8466666666666667 474 474 
0.5 0.5266666666666666 0.8533333333333334 440 440 
0.5 0.5266666666666666 0.86 446 446 
0.5 0.5266666666666666 0.8666666666666667 445 445 
0.5 0.5266666666666666 0.8733333333333333 474 474 
0.5 0.5266666666666666 0.88 459 459 
0.5 0.5266666666666666 0.8866666666666667 464 464 
0.5 0.5266666666666666 0.8933333333333333 465 465 
0.5 0.5266666666666666 0.9 424 424 
0.5 0.5266666666666666 0.9066666666666666 484 484 
0.5 0.5266666666666666 0.9133333333333333 459 459 
0.5 0.5266666666666666 0.92 447 447 
0.5 0.5266666666666666 0.9266666666666666 439 439 
0.5 0.5266666666666666 0.9333333333333333 439 439 
0.5 0.5266666666666666 0.94 444 444 
0.5 0.5266666666666666 0.9466666666666667 473 473 
0.5 0.5266666666666666 0.9533333333333334 475 475 
0.5 0.5266666666666666 0.96 455 455 
0.5 0.5266666666666666 0.9666666666666667 461 461 
0.5 0.5266666666666666 0.9733333333333334 431 431 
0.5 0.5266666666666666 0.98 460 460 
0.5 0.5266666666666666 0.9866666666666667 567 567 
0.5 0.5266666666666666 0.9933333333333333 0 0 
0.5 0.5333333333333333 0.0 0 0 
0.5 0.5333333333333333 0.006666666666666667 600 600 
0.5 0.5333333333333333 0.013333333333333334 488 488 
0.5 0.5333333333333333 0.02 496 496 
0.5 0.5333333333333333 0.02666666666666667 490 490 
0.5 0.5333333333333333 0.03333333333333333 464 464 
0.5 0.5333333333333333 0.04 434 434 
0.5 0.5333333333333333 0.04666666666666667 430 430 
0.5 0.5333333333333333 0.05333333333333334 469 469 
0.5 0.5333333333333333 0.06 503 503 
0.5 0.5333333333333333 0.06666666666666667 465 465 
0.5 0.5333333333333333 0.07333333333333333 480 480 
0.5 0.5333333333333333 0.08 490 490 
0.5 0.5333333333333333 0.08666666666666667 445 445 
0.5 0.5333333333333333 0.09333333333333334 432 432 
0.5 0.5333333333333333 0.1 472 472 
0.5 0.5333333333333333 0.10666666666666667 420 420 
0.5 0.5333333333333333 0.11333333333333333 422 422 
0.5 0.5333333333333333 0.12 474 474 
0.5 0.5333333333333333 0.12666666666666668 454 454 
0.5 0.5333333333333333 0.13333333333333333 449 449 
0.5 0.5333333333333333 0.14 457 457 
0.5 0.5333333333333333 0.14666666666666667 485 485 
0.5 0.5333333333333333 0.15333333333333332 438 438 
0.5 0.5333333333333333 0.16 474 474 
0.5 0.5333333333333333 0.16666666666666666 440 440 
0.5 0.5333333333333333 0.17333333333333334 482 482 
0.5 0.5333333333333333 0.18 418 418 
0.5 0.5333333333333333 0.18666666666666668 427 427 
0.5 0.5333333333333333 0.19333333333333333 438 438 
0.5 0.5333333333333333 0.2 478 478 
0.5 0.5333333333333333 0.20666666666666667 469 469 
0.5 0.5333333333333333 0.21333333333333335 462 462 
0.5 0.5333333333333333 0.22 460 460 
0.5 0.5333333333333333 0.22666666666666666 455 455 
0.5 0.5333333333333333 0.23333333333333334 450 450 
0.5 0.5333333333333333 0.24 429 429 
0.5 0.5333333333333333 0.24666666666666667 468 468 
0.5 0.5333333333333333 0.25333333333333335 464 464 
0.5 0.5333333333333333 0.26 448 448 
0.5 0.5333333333333333 0.26666666666666666 485 485 
0.5 0.5333333333333333 0.2733333333333333 445 445 
0.5 0.5333333333333333 0.28 421 421 
0.5 0.5333333333333333 0.2866666666666667 401 401 
0.5 0.5333333333333333 0.29333333333333333 391 391 
0.5 0.5333333333333333 0.3 435 435 
0.5 0.5333333333333333 0.30666666666666664 455 455 
0.5 0.5333333333333333 0.31333333333333335 460 460 
0.5 0.5333333333333333 0.32 455 455 
0.5 0.5333333333333333 0.32666666666666666 466 466 
0.5 0.5333333333333333 0.3333333333333333 476 476 
0.5 0.5333333333333333 0.34 446 446 
0.5 0.5333333333333333 0.3466666666666667 458 458 
0.5 0.5333333333333333 0.35333333333333333 427 427 
0.5 0.5333333333333333 0.36 418 418 
0.5 0.5333333333333333 0.36666666666666664 457 457 
0.5 0.5333333333333333 0.37333333333333335 450 450 
0.5 0.5333333333333333 0.38 445 445 
0.5 0.5333333333333333 0.38666666666666666 481 481 
0.5 0.5333333333333333 0.3933333333333333 451 451 
0.5 0.5333333333333333 0.4 451 451 
0.5 0.5333333333333333 0.4066666666666667 443 443 
0.5 0.5333333333333333 0.41333333333333333 429 429 
0.5 0.5333333333333333 0.42 492 492 
0.5 0.5333333333333333 0.4266666666666667 442 442 
0.5 0.5333333333333333 0.43333333333333335 439 439 
0.5 0.5333333333333333 0.44 470 470 
0.5 0.5333333333333333 0.44666666666666666 456 456 
0.5 0.5333333333333333 0.4533333333333333 448 448 
0.5 0.5333333333333333 0.46 445 445 
0.5 0.5333333333333333 0.4666666666666667 464 464 
0.5 0.5333333333333333 0.47333333333333333 455 455 
0.5 0.5333333333333333 0.48 436 436 
0.5 0.5333333333333333 0.4866666666666667 436 436 
0.5 0.5333333333333333 0.49333333333333335 463 463 
0.5 0.5333333333333333 0.5 434 434 
0.5 0.5333333333333333 0.5066666666666667 457 457 
0.5 0.5333333333333333 0.5133333333333333 482 482 
0.5 0.5333333333333333 0.52 429 429 
0.5 0.5333333333333333 0.5266666666666666 417 417 
0.5 0.5333333333333333 0.5333333333333333 426 426 
0.5 0.5333333333333333 0.54 428 428 
0.5 0.5333333333333333 0.5466666666666666 435 435 
0.5 0.5333333333333333 0.5533333333333333 409 409 
0.5 0.5333333333333333 0.56 424 424 
0.5 0.5333333333333333 0.5666666666666667 410 410 
0.5 0.5333333333333333 0.5733333333333334 438 438 
0.5 0.5333333333333333 0.58 427 427 
0.5 0.5333333333333333 0.5866666666666667 435 435 
0.5 0.5333333333333333 0.5933333333333334 453 453 
0.5 0.5333333333333333 0.6 440 440 
0.5 0.5333333333333333 0.6066666666666667 453 453 
0.5 0.5333333333333333 0.6133333333333333 413 413 
0.5 0.5333333333333333 0.62 419 419 
0.5 0.5333333333333333 0.6266666666666667 443 443 
0.5 0.5333333333333333 0.6333333333333333 491 491 
0.5 0.5333333333333333 0.64 489 489 
0.5 0.5333333333333333 0.6466666666666666 447 447 
0.5 0.5333333333333333 0.6533333333333333 473 473 
0.5 0.5333333333333333 0.66 453 453 
0.5 0.5333333333333333 0.6666666666666666 484 484 
0.5 0.5333333333333333 0.6733333333333333 440 440 
0.5 0.5333333333333333 0.68 438 438 
0.5 0.5333333333333333 0.6866666666666666 477 477 
0.5 0.5333333333333333 0.6933333333333334 476 476 
0.5 0.5333333333333333 0.7 446 446 
0.5 0.5333333333333333 0.7066666666666667 452 452 
0.5 0.5333333333333333 0.7133333333333334 443 443 
0.5 0.5333333333333333 0.72 400 400 
0.5 0.5333333333333333 0.7266666666666667 421 421 
0.5 0.5333333333333333 0.7333333333333333 415 415 
0.5 0.5333333333333333 0.74 452 452 
0.5 0.5333333333333333 0.7466666666666667 440 440 
0.5 0.5333333333333333 0.7533333333333333 442 442 
0.5 0.5333333333333333 0.76 436 436 
0.5 0.5333333333333333 0.7666666666666667 458 458 
0.5 0.5333333333333333 0.7733333333333333 422 422 
0.5 0.5333333333333333 0.78 438 438 
0.5 0.5333333333333333 0.7866666666666666 429 429 
0.5 0.5333333333333333 0.7933333333333333 437 437 
0.5 0.5333333333333333 0.8 430 430 
0.5 0.5333333333333333 0.8066666666666666 482 482 
0.5 0.5333333333333333 0.8133333333333334 440 440 
0.5 0.5333333333333333 0.82 476 476 
0.5 0.5333333333333333 0.8266666666666667 438 438 
0.5 0.5333333333333333 0.8333333333333334 464 464 
0.5 0.5333333333333333 0.84 455 455 
0.5 0.5333333333333333 0.8466666666666667 456 456 
0.5 0.5333333333333333 0.8533333333333334 456 456 
0.5 0.5333333333333333 0.86 504 504 
0.5 0.5333333333333333 0.8666666666666667 485 485 
0.5 0.5333333333333333 0.8733333333333333 458 458 
0.5 0.5333333333333333 0.88 440 440 
0.5 0.5333333333333333 0.8866666666666667 442 442 
0.5 0.5333333333333333 0.8933333333333333 421 421 
0.5 0.5333333333333333 0.9 436 436 
0.5 0.5333333333333333 0.9066666666666666 435 435 
0.5 0.5333333333333333 0.9133333333333333 432 432 
0.5 0.5333333333333333 0.92 418 418 
0.5 0.5333333333333333 0.9266666666666666 471 471 
0.5 0.5333333333333333 0.9333333333333333 473 473 
0.5 0.5333333333333333 0.94 486 486 
0.5 0.5333333333333333 0.9466666666666667 443 443 
0.5 0.5333333333333333 0.9533333333333334 458 458 
0.5 0.5333333333333333 0.96 481 481 
0.5 0.5333333333333333 0.9666666666666667 449 449 
0.5 0.5333333333333333 0.9733333333333334 449 449 
0.5 0.5333333333333333 0.98 493 493 
0.5 0.5333333333333333 0.9866666666666667 543 543 
0.5 0.5333333333333333 0.9933333333333333 0 0 
0.5 0.54 0.0 0 0 
0.5 0.54 0.006666666666666667 574 574 
0.5 0.54 0.013333333333333334 537 537 
0.5 0.54 0.02 473 473 
0.5 0.54 0.02666666666666667 479 479 
0.5 0.54 0.03333333333333333 449 449 
0.5 0.54 0.04 509 509 
0.5 0.54 0.04666666666666667 448 448 
0.5 0.54 0.05333333333333334 470 470 
0.5 0.54 0.06 469 469 
0.5 0.54 0.06666666666666667 452 452 
0.5 0.54 0.07333333333333333 484 484 
0.5 0.54 0.08 472 472 
0.5 0.54 0.08666666666666667 471 471 
0.5 0.54 0.09333333333333334 437 437 
0.5 0.54 0.1 428 428 
0.5 0.54 0.10666666666666667 398 398 
0.5 0.54 0.11333333333333333 476 476 
0.5 0.54 0.12 465 465 
0.5 0.54 0.12666666666666668 448 448 
0.5 0.54 0.13333333333333333 482 482 
0.5 0.54 0.14 479 479 
0.5 0.54 0.14666666666666667 450 450 
0.5 0.54 0.15333333333333332 477 477 
0.5 0.54 0.16 473 473 
0.5 0.54 0.16666666666666666 468 468 
0.5 0.54 0.17333333333333334 484 484 
0.5 0.54 0.18 499 499 
0.5 0.54 0.18666666666666668 441 441 
0.5 0.54 0.19333333333333333 466 466 
0.5 0.54 0.2 434 434 
0.5 0.54 0.20666666666666667 427 427 
0.5 0.54 0.21333333333333335 456 456 
0.5 0.54 0.22 487 487 
0.5 0.54 0.22666666666666666 470 470 
0.5 0.54 0.23333333333333334 421 421 
0.5 0.54 0.24 470 470 
0.5 0.54 0.24666666666666667 441 441 
0.5 0.54 0.25333333333333335 419 419 
0.5 0.54 0.26 485 485 
0.5 0.54 0.26666666666666666 480 480 
0.5 0.54 0.2733333333333333 461 461 
0.5 0.54 0.28 477 477 
0.5 0.54 0.2866666666666667 439 439 
0.5 0.54 0.29333333333333333 442 442 
0.5 0.54 0.3 484 484 
0.5 0.54 0.30666666666666664 414 414 
0.5 0.54 0.31333333333333335 453 453 
0.5 0.54 0.32 436 436 
0.5 0.54 0.32666666666666666 450 450 
0.5 0.54 0.3333333333333333 446 446 
0.5 0.54 0.34 508 508 
0.5 0.54 0.3466666666666667 478 478 
0.5 0.54 0.35333333333333333 463 463 
0.5 0.54 0.36 486 486 
0.5 0.54 0.36666666666666664 466 466 
0.5 0.54 0.37333333333333335 488 488 
0.5 0.54 0.38 466 466 
0.5 0.54 0.38666666666666666 465 465 
0.5 0.54 0.3933333333333333 446 446 
0.5 0.54 0.4 442 442 
0.5 0.54 0.4066666666666667 479 479 
0.5 0.54 0.41333333333333333 430 430 
0.5 0.54 0.42 467 467 
0.5 0.54 0.4266666666666667 446 446 
0.5 0.54 0.43333333333333335 458 458 
0.5 0.54 0.44 453 453 
0.5 0.54 0.44666666666666666 460 460 
0.5 0.54 0.4533333333333333 452 452 
0.5 0.54 0.46 494 494 
0.5 0.54 0.4666666666666667 434 434 
0.5 0.54 0.47333333333333333 467 467 
0.5 0.54 0.48 467 467 
0.5 0.54 0.4866666666666667 445 445 
0.5 0.54 0.49333333333333335 459 459 
0.5 0.54 0.5 440 440 
0.5 0.54 0.5066666666666667 416 416 
0.5 0.54 0.5133333333333333 429 429 
0.5 0.54 0.52 445 445 
0.5 0.54 0.5266666666666666 482 482 
0.5 0.54 0.5333333333333333 446 446 
0.5 0.54 0.54 430 430 
0.5 0.54 0.5466666666666666 413 413 
0.5 0.54 0.5533333333333333 448 448 
0.5 0.54 0.56 422 422 
0.5 0.54 0.5666666666666667 445 445 
0.5 0.54 0.5733333333333334 493 493 
0.5 0.54 0.58 450 450 
0.5 0.54 0.5866666666666667 468 468 
0.5 0.54 0.5933333333333334 468 468 
0.5 0.54 0.6 424 424 
0.5 0.54 0.6066666666666667 481 481 
0.5 0.54 0.6133333333333333 412 412 
0.5 0.54 0.62 435 435 
0.5 0.54 0.6266666666666667 463 463 
0.5 0.54 0.6333333333333333 497 497 
0.5 0.54 0.64 479 479 
0.5 0.54 0.6466666666666666 478 478 
0.5 0.54 0.6533333333333333 449 449 
0.5 0.54 0.66 472 472 
0.5 0.54 0.6666666666666666 476 476 
0.5 0.54 0.6733333333333333 449 449 
0.5 0.54 0.68 443 443 
0.5 0.54 0.6866666666666666 430 430 
0.5 0.54 0.6933333333333334 436 436 
0.5 0.54 0.7 464 464 
0.5 0.54 0.7066666666666667 476 476 
0.5 0.54 0.7133333333333334 430 430 
0.5 0.54 0.72 450 450 
0.5 0.54 0.7266666666666667 478 478 
0.5 0.54 0.7333333333333333 476 476 
0.5 0.54 0.74 463 463 
0.5 0.54 0.7466666666666667 449 449 
0.5 0.54 0.7533333333333333 454 454 
0.5 0.54 0.76 448 448 
0.5 0.54 0.7666666666666667 443 443 
0.5 0.54 0.7733333333333333 473 473 
0.5 0.54 0.78 447 447 
0.5 0.54 0.7866666666666666 450 450 
0.5 0.54 0.7933333333333333 425 425 
0.5 0.54 0.8 441 441 
0.5 0.54 0.8066666666666666 433 433 
0.5 0.54 0.8133333333333334 444 444 
0.5 0.54 0.82 423 423 
0.5 0.54 0.8266666666666667 456 456 
0.5 0.54 0.8333333333333334 487 487 
0.5 0.54 0.84 455 455 
0.5 0.54 0.8466666666666667 425 425 
0.5 0.54 0.8533333333333334 459 459 
0.5 0.54 0.86 459 459 
0.5 0.54 0.8666666666666667 471 471 
0.5 0.54 0.8733333333333333 443 443 
0.5 0.54 0.88 453 453 
0.5 0.54 0.8866666666666667 464 464 
0.5 0.54 0.8933333333333333 448 448 
0.5 0.54 0.9 478 478 
0.5 0.54 0.9066666666666666 434 434 
0.5 0.54 0.9133333333333333 453 453 
0.5 0.54 0.92 448 448 
0.5 0.54 0.9266666666666666 447 447 
0.5 0.54 0.9333333333333333 467 467 
0.5 0.54 0.94 450 450 
0.5 0.54 0.9466666666666667 456 456 
0.5 0.54 0.9533333333333334 478 478 
0.5 0.54 0.96 425 425 
0.5 0.54 0.9666666666666667 455 455 
0.5 0.54 0.9733333333333334 427 427 
0.5 0.54 0.98 478 478 
0.5 0.54 0.9866666666666667 565 565 
0.5 0.54 0.9933333333333333 0 0 
0.5 0.5466666666666666 0.0 0 0 
0.5 0.5466666666666666 0.006666666666666667 582 582 
0.5 0.5466666666666666 0.013333333333333334 491 491 
0.5 0.5466666666666666 0.02 471 471 
0.5 0.5466666666666666 0.02666666666666667 489 489 
0.5 0.5466666666666666 0.03333333333333333 475 475 
0.5 0.5466666666666666 0.04 456 456 
0.5 0.5466666666666666 0.04666666666666667 466 466 
0.5 0.5466666666666666 0.05333333333333334 477 477 
0.5 0.5466666666666666 0.06 461 461 
0.5 0.5466666666666666 0.06666666666666667 501 501 
0.5 0.5466666666666666 0.07333333333333333 506 506 
0.5 0.5466666666666666 0.08 463 463 
0.5 0.5466666666666666 0.08666666666666667 482 482 
0.5 0.5466666666666666 0.09333333333333334 487 487 
0.5 0.5466666666666666 0.1 464 464 
0.5 0.5466666666666666 0.10666666666666667 474 474 
0.5 0.5466666666666666 0.11333333333333333 494 494 
0.5 0.5466666666666666 0.12 436 436 
0.5 0.5466666666666666 0.12666666666666668 466 466 
0.5 0.5466666666666666 0.13333333333333333 491 491 
0.5 0.5466666666666666 0.14 483 483 
0.5 0.5466666666666666 0.14666666666666667 498 498 
0.5 0.5466666666666666 0.15333333333333332 463 463 
0.5 0.5466666666666666 0.16 476 476 
0.5 0.5466666666666666 0.16666666666666666 494 494 
0.5 0.5466666666666666 0.17333333333333334 455 455 
0.5 0.5466666666666666 0.18 448 448 
0.5 0.5466666666666666 0.18666666666666668 480 480 
0.5 0.5466666666666666 0.19333333333333333 451 451 
0.5 0.5466666666666666 0.2 440 440 
0.5 0.5466666666666666 0.20666666666666667 458 458 
0.5 0.5466666666666666 0.21333333333333335 447 447 
0.5 0.5466666666666666 0.22 459 459 
0.5 0.5466666666666666 0.22666666666666666 470 470 
0.5 0.5466666666666666 0.23333333333333334 467 467 
0.5 0.5466666666666666 0.24 429 429 
0.5 0.5466666666666666 0.24666666666666667 471 471 
0.5 0.5466666666666666 0.25333333333333335 486 486 
0.5 0.5466666666666666 0.26 437 437 
0.5 0.5466666666666666 0.26666666666666666 478 478 
0.5 0.5466666666666666 0.2733333333333333 496 496 
0.5 0.5466666666666666 0.28 478 478 
0.5 0.5466666666666666 0.2866666666666667 486 486 
0.5 0.5466666666666666 0.29333333333333333 448 448 
0.5 0.5466666666666666 0.3 435 435 
0.5 0.5466666666666666 0.30666666666666664 444 444 
0.5 0.5466666666666666 0.31333333333333335 466 466 
0.5 0.5466666666666666 0.32 437 437 
0.5 0.5466666666666666 0.32666666666666666 452 452 
0.5 0.5466666666666666 0.3333333333333333 456 456 
0.5 0.5466666666666666 0.34 452 452 
0.5 0.5466666666666666 0.3466666666666667 460 460 
0.5 0.5466666666666666 0.35333333333333333 429 429 
0.5 0.5466666666666666 0.36 466 466 
0.5 0.5466666666666666 0.36666666666666664 481 481 
0.5 0.5466666666666666 0.37333333333333335 427 427 
0.5 0.5466666666666666 0.38 470 470 
0.5 0.5466666666666666 0.38666666666666666 429 429 
0.5 0.5466666666666666 0.3933333333333333 439 439 
0.5 0.5466666666666666 0.4 447 447 
0.5 0.5466666666666666 0.4066666666666667 433 433 
0.5 0.5466666666666666 0.41333333333333333 450 450 
0.5 0.5466666666666666 0.42 459 459 
0.5 0.5466666666666666 0.4266666666666667 466 466 
0.5 0.5466666666666666 0.43333333333333335 406 406 
0.5 0.5466666666666666 0.44 476 476 
0.5 0.5466666666666666 0.44666666666666666 481 481 
0.5 0.5466666666666666 0.4533333333333333 479 479 
0.5 0.5466666666666666 0.46 449 449 
0.5 0.5466666666666666 0.4666666666666667 459 459 
0.5 0.5466666666666666 0.47333333333333333 448 448 
0.5 0.5466666666666666 0.48 466 466 
0.5 0.5466666666666666 0.4866666666666667 464 464 
0.5 0.5466666666666666 0.49333333333333335 435 435 
0.5 0.5466666666666666 0.5 481 481 
0.5 0.5466666666666666 0.5066666666666667 451 451 
0.5 0.5466666666666666 0.5133333333333333 463 463 
0.5 0.5466666666666666 0.52 452 452 
0.5 0.5466666666666666 0.5266666666666666 483 483 
0.5 0.5466666666666666 0.5333333333333333 484 484 
0.5 0.5466666666666666 0.54 447 447 
0.5 0.5466666666666666 0.5466666666666666 474 474 
0.5 0.5466666666666666 0.5533333333333333 426 426 
0.5 0.5466666666666666 0.56 470 470 
0.5 0.5466666666666666 0.5666666666666667 467 467 
0.5 0.5466666666666666 0.5733333333333334 491 491 
0.5 0.5466666666666666 0.58 462 462 
0.5 0.5466666666666666 0.5866666666666667 475 475 
0.5 0.5466666666666666 0.5933333333333334 493 493 
0.5 0.5466666666666666 0.6 468 468 
0.5 0.5466666666666666 0.6066666666666667 451 451 
0.5 0.5466666666666666 0.6133333333333333 453 453 
0.5 0.5466666666666666 0.62 488 488 
0.5 0.5466666666666666 0.6266666666666667 507 507 
0.5 0.5466666666666666 0.6333333333333333 506 506 
0.5 0.5466666666666666 0.64 441 441 
0.5 0.5466666666666666 0.6466666666666666 462 462 
0.5 0.5466666666666666 0.6533333333333333 475 475 
0.5 0.5466666666666666 0.66 480 480 
0.5 0.5466666666666666 0.6666666666666666 462 462 
0.5 0.5466666666666666 0.6733333333333333 412 412 
0.5 0.5466666666666666 0.68 494 494 
0.5 0.5466666666666666 0.6866666666666666 462 462 
0.5 0.5466666666666666 0.6933333333333334 473 473 
0.5 0.5466666666666666 0.7 488 488 
0.5 0.5466666666666666 0.7066666666666667 465 465 
0.5 0.5466666666666666 0.7133333333333334 480 480 
0.5 0.5466666666666666 0.72 499 499 
0.5 0.5466666666666666 0.7266666666666667 493 493 
0.5 0.5466666666666666 0.7333333333333333 448 448 
0.5 0.5466666666666666 0.74 473 473 
0.5 0.5466666666666666 0.7466666666666667 473 473 
0.5 0.5466666666666666 0.7533333333333333 454 454 
0.5 0.5466666666666666 0.76 422 422 
0.5 0.5466666666666666 0.7666666666666667 439 439 
0.5 0.5466666666666666 0.7733333333333333 421 421 
0.5 0.5466666666666666 0.78 448 448 
0.5 0.5466666666666666 0.7866666666666666 441 441 
0.5 0.5466666666666666 0.7933333333333333 448 448 
0.5 0.5466666666666666 0.8 464 464 
0.5 0.5466666666666666 0.8066666666666666 468 468 
0.5 0.5466666666666666 0.8133333333333334 473 473 
0.5 0.5466666666666666 0.82 434 434 
0.5 0.5466666666666666 0.8266666666666667 446 446 
0.5 0.5466666666666666 0.8333333333333334 476 476 
0.5 0.5466666666666666 0.84 452 452 
0.5 0.5466666666666666 0.8466666666666667 433 433 
0.5 0.5466666666666666 0.8533333333333334 424 424 
0.5 0.5466666666666666 0.86 464 464 
0.5 0.5466666666666666 0.8666666666666667 451 451 
0.5 0.5466666666666666 0.8733333333333333 474 474 
0.5 0.5466666666666666 0.88 485 485 
0.5 0.5466666666666666 0.8866666666666667 457 457 
0.5 0.5466666666666666 0.8933333333333333 482 482 
0.5 0.5466666666666666 0.9 443 443 
0.5 0.5466666666666666 0.9066666666666666 462 462 
0.5 0.5466666666666666 0.9133333333333333 484 484 
0.5 0.5466666666666666 0.92 493 493 
0.5 0.5466666666666666 0.9266666666666666 461 461 
0.5 0.5466666666666666 0.9333333333333333 477 477 
0.5 0.5466666666666666 0.94 475 475 
0.5 0.5466666666666666 0.9466666666666667 471 471 
0.5 0.5466666666666666 0.9533333333333334 431 431 
0.5 0.5466666666666666 0.96 444 444 
0.5 0.5466666666666666 0.9666666666666667 423 423 
0.5 0.5466666666666666 0.9733333333333334 480 480 
0.5 0.5466666666666666 0.98 432 432 
0.5 0.5466666666666666 0.9866666666666667 499 499 
0.5 0.5466666666666666 0.9933333333333333 0 0 
0.5 0.5533333333333333 0.0 0 0 
0.5 0.5533333333333333 0.006666666666666667 522 522 
0.5 0.5533333333333333 0.013333333333333334 496 496 
0.5 0.5533333333333333 0.02 441 441 
0.5 0.5533333333333333 0.02666666666666667 436 436 
0.5 0.5533333333333333 0.03333333333333333 507 507 
0.5 0.5533333333333333 0.04 438 438 
0.5 0.5533333333333333 0.04666666666666667 507 507 
0.5 0.5533333333333333 0.05333333333333334 442 442 
0.5 0.5533333333333333 0.06 489 489 
0.5 0.5533333333333333 0.06666666666666667 455 455 
0.5 0.5533333333333333 0.07333333333333333 478 478 
0.5 0.5533333333333333 0.08 472 472 
0.5 0.5533333333333333 0.08666666666666667 460 460 
0.5 0.5533333333333333 0.09333333333333334 471 471 
0.5 0.5533333333333333 0.1 472 472 
0.5 0.5533333333333333 0.10666666666666667 481 481 
0.5 0.5533333333333333 0.11333333333333333 475 475 
0.5 0.5533333333333333 0.12 490 490 
0.5 0.5533333333333333 0.12666666666666668 467 467 
0.5 0.5533333333333333 0.13333333333333333 466 466 
0.5 0.5533333333333333 0.14 488 488 
0.5 0.5533333333333333 0.14666666666666667 446 446 
0.5 0.5533333333333333 0.15333333333333332 510 510 
0.5 0.5533333333333333 0.16 486 486 
0.5 0.5533333333333333 0.16666666666666666 471 471 
0.5 0.5533333333333333 0.17333333333333334 455 455 
0.5 0.5533333333333333 0.18 476 476 
0.5 0.5533333333333333 0.18666666666666668 483 483 
0.5 0.5533333333333333 0.19333333333333333 449 449 
0.5 0.5533333333333333 0.2 463 463 
0.5 0.5533333333333333 0.20666666666666667 455 455 
0.5 0.5533333333333333 0.21333333333333335 441 441 
0.5 0.5533333333333333 0.22 434 434 
0.5 0.5533333333333333 0.22666666666666666 468 468 
0.5 0.5533333333333333 0.23333333333333334 410 410 
0.5 0.5533333333333333 0.24 454 454 
0.5 0.5533333333333333 0.24666666666666667 471 471 
0.5 0.5533333333333333 0.25333333333333335 472 472 
0.5 0.5533333333333333 0.26 497 497 
0.5 0.5533333333333333 0.26666666666666666 464 464 
0.5 0.5533333333333333 0.2733333333333333 475 475 
0.5 0.5533333333333333 0.28 464 464 
0.5 0.5533333333333333 0.2866666666666667 476 476 
0.5 0.5533333333333333 0.29333333333333333 416 416 
0.5 0.5533333333333333 0.3 473 473 
0.5 0.5533333333333333 0.30666666666666664 480 480 
0.5 0.5533333333333333 0.31333333333333335 453 453 
0.5 0.5533333333333333 0.32 444 444 
0.5 0.5533333333333333 0.32666666666666666 414 414 
0.5 0.5533333333333333 0.3333333333333333 502 502 
0.5 0.5533333333333333 0.34 477 477 
0.5 0.5533333333333333 0.3466666666666667 520 520 
0.5 0.5533333333333333 0.35333333333333333 466 466 
0.5 0.5533333333333333 0.36 445 445 
0.5 0.5533333333333333 0.36666666666666664 447 447 
0.5 0.5533333333333333 0.37333333333333335 472 472 
0.5 0.5533333333333333 0.38 468 468 
0.5 0.5533333333333333 0.38666666666666666 459 459 
0.5 0.5533333333333333 0.3933333333333333 470 470 
0.5 0.5533333333333333 0.4 426 426 
0.5 0.5533333333333333 0.4066666666666667 450 450 
0.5 0.5533333333333333 0.41333333333333333 473 473 
0.5 0.5533333333333333 0.42 458 458 
0.5 0.5533333333333333 0.4266666666666667 452 452 
0.5 0.5533333333333333 0.43333333333333335 491 491 
0.5 0.5533333333333333 0.44 475 475 
0.5 0.5533333333333333 0.44666666666666666 436 436 
0.5 0.5533333333333333 0.4533333333333333 433 433 
0.5 0.5533333333333333 0.46 469 469 
0.5 0.5533333333333333 0.4666666666666667 494 494 
0.5 0.5533333333333333 0.47333333333333333 468 468 
0.5 0.5533333333333333 0.48 497 497 
0.5 0.5533333333333333 0.4866666666666667 407 407 
0.5 0.5533333333333333 0.49333333333333335 477 477 
0.5 0.5533333333333333 0.5 459 459 
0.5 0.5533333333333333 0.5066666666666667 462 462 
0.5 0.5533333333333333 0.5133333333333333 484 484 
0.5 0.5533333333333333 0.52 479 479 
0.5 0.5533333333333333 0.5266666666666666 449 449 
0.5 0.5533333333333333 0.5333333333333333 463 463 
0.5 0.5533333333333333 0.54 503 503 
0.5 0.5533333333333333 0.5466666666666666 467 467 
0.5 0.5533333333333333 0.5533333333333333 494 494 
0.5 0.5533333333333333 0.56 498 498 
0.5 0.5533333333333333 0.5666666666666667 467 467 
0.5 0.5533333333333333 0.5733333333333334 459 459 
0.5 0.5533333333333333 0.58 448 448 
0.5 0.5533333333333333 0.5866666666666667 478 478 
0.5 0.5533333333333333 0.5933333333333334 461 461 
0.5 0.5533333333333333 0.6 440 440 
0.5 0.5533333333333333 0.6066666666666667 481 481 
0.5 0.5533333333333333 0.6133333333333333 416 416 
0.5 0.5533333333333333 0.62 502 502 
0.5 0.5533333333333333 0.6266666666666667 509 509 
0.5 0.5533333333333333 0.6333333333333333 480 480 
0.5 0.5533333333333333 0.64 469 469 
0.5 0.5533333333333333 0.6466666666666666 487 487 
0.5 0.5533333333333333 0.6533333333333333 498 498 
0.5 0.5533333333333333 0.66 465 465 
0.5 0.5533333333333333 0.6666666666666666 503 503 
0.5 0.5533333333333333 0.6733333333333333 463 463 
0.5 0.5533333333333333 0.68 442 442 
0.5 0.5533333333333333 0.6866666666666666 428 428 
0.5 0.5533333333333333 0.6933333333333334 456 456 
0.5 0.5533333333333333 0.7 434 434 
0.5 0.5533333333333333 0.7066666666666667 439 439 
0.5 0.5533333333333333 0.7133333333333334 502 502 
0.5 0.5533333333333333 0.72 444 444 
0.5 0.5533333333333333 0.7266666666666667 475 475 
0.5 0.5533333333333333 0.7333333333333333 488 488 
0.5 0.5533333333333333 0.74 461 461 
0.5 0.5533333333333333 0.7466666666666667 468 468 
0.5 0.5533333333333333 0.7533333333333333 456 456 
0.5 0.5533333333333333 0.76 387 387 
0.5 0.5533333333333333 0.7666666666666667 471 471 
0.5 0.5533333333333333 0.7733333333333333 464 464 
0.5 0.5533333333333333 0.78 446 446 
0.5 0.5533333333333333 0.7866666666666666 418 418 
0.5 0.5533333333333333 0.7933333333333333 440 440 
0.5 0.5533333333333333 0.8 432 432 
0.5 0.5533333333333333 0.8066666666666666 483 483 
0.5 0.5533333333333333 0.8133333333333334 455 455 
0.5 0.5533333333333333 0.82 486 486 
0.5 0.5533333333333333 0.8266666666666667 460 460 
0.5 0.5533333333333333 0.8333333333333334 427 427 
0.5 0.5533333333333333 0.84 470 470 
0.5 0.5533333333333333 0.8466666666666667 431 431 
0.5 0.5533333333333333 0.8533333333333334 456 456 
0.5 0.5533333333333333 0.86 474 474 
0.5 0.5533333333333333 0.8666666666666667 481 481 
0.5 0.5533333333333333 0.8733333333333333 461 461 
0.5 0.5533333333333333 0.88 456 456 
0.5 0.5533333333333333 0.8866666666666667 490 490 
0.5 0.5533333333333333 0.8933333333333333 477 477 
0.5 0.5533333333333333 0.9 465 465 
0.5 0.5533333333333333 0.9066666666666666 444 444 
0.5 0.5533333333333333 0.9133333333333333 467 467 
0.5 0.5533333333333333 0.92 480 480 
0.5 0.5533333333333333 0.9266666666666666 440 440 
0.5 0.5533333333333333 0.9333333333333333 445 445 
0.5 0.5533333333333333 0.94 458 458 
0.5 0.5533333333333333 0.9466666666666667 452 452 
0.5 0.5533333333333333 0.9533333333333334 499 499 
0.5 0.5533333333333333 0.96 434 434 
0.5 0.5533333333333333 0.9666666666666667 434 434 
0.5 0.5533333333333333 0.9733333333333334 433 433 
0.5 0.5533333333333333 0.98 468 468 
0.5 0.5533333333333333 0.9866666666666667 528 528 
0.5 0.5533333333333333 0.9933333333333333 0 0 
0.5 0.56 0.0 0 0 
0.5 0.56 0.006666666666666667 520 520 
0.5 0.56 0.013333333333333334 445 445 
0.5 0.56 0.02 431 431 
0.5 0.56 0.02666666666666667 472 472 
0.5 0.56 0.03333333333333333 424 424 
0.5 0.56 0.04 454 454 
0.5 0.56 0.04666666666666667 448 448 
0.5 0.56 0.05333333333333334 472 472 
0.5 0.56 0.06 451 451 
0.5 0.56 0.06666666666666667 449 449 
0.5 0.56 0.07333333333333333 453 453 
0.5 0.56 0.08 465 465 
0.5 0.56 0.08666666666666667 475 475 
0.5 0.56 0.09333333333333334 436 436 
0.5 0.56 0.1 483 483 
0.5 0.56 0.10666666666666667 517 517 
0.5 0.56 0.11333333333333333 449 449 
0.5 0.56 0.12 460 460 
0.5 0.56 0.12666666666666668 487 487 
0.5 0.56 0.13333333333333333 463 463 
0.5 0.56 0.14 474 474 
0.5 0.56 0.14666666666666667 510 510 
0.5 0.56 0.15333333333333332 457 457 
0.5 0.56 0.16 486 486 
0.5 0.56 0.16666666666666666 450 450 
0.5 0.56 0.17333333333333334 495 495 
0.5 0.56 0.18 469 469 
0.5 0.56 0.18666666666666668 475 475 
0.5 0.56 0.19333333333333333 457 457 
0.5 0.56 0.2 463 463 
0.5 0.56 0.20666666666666667 469 469 
0.5 0.56 0.21333333333333335 429 429 
0.5 0.56 0.22 463 463 
0.5 0.56 0.22666666666666666 432 432 
0.5 0.56 0.23333333333333334 438 438 
0.5 0.56 0.24 441 441 
0.5 0.56 0.24666666666666667 443 443 
0.5 0.56 0.25333333333333335 442 442 
0.5 0.56 0.26 446 446 
0.5 0.56 0.26666666666666666 432 432 
0.5 0.56 0.2733333333333333 474 474 
0.5 0.56 0.28 483 483 
0.5 0.56 0.2866666666666667 494 494 
0.5 0.56 0.29333333333333333 463 463 
0.5 0.56 0.3 445 445 
0.5 0.56 0.30666666666666664 453 453 
0.5 0.56 0.31333333333333335 492 492 
0.5 0.56 0.32 449 449 
0.5 0.56 0.32666666666666666 462 462 
0.5 0.56 0.3333333333333333 450 450 
0.5 0.56 0.34 456 456 
0.5 0.56 0.3466666666666667 470 470 
0.5 0.56 0.35333333333333333 472 472 
0.5 0.56 0.36 469 469 
0.5 0.56 0.36666666666666664 502 502 
0.5 0.56 0.37333333333333335 450 450 
0.5 0.56 0.38 430 430 
0.5 0.56 0.38666666666666666 454 454 
0.5 0.56 0.3933333333333333 465 465 
0.5 0.56 0.4 463 463 
0.5 0.56 0.4066666666666667 433 433 
0.5 0.56 0.41333333333333333 454 454 
0.5 0.56 0.42 454 454 
0.5 0.56 0.4266666666666667 457 457 
0.5 0.56 0.43333333333333335 437 437 
0.5 0.56 0.44 477 477 
0.5 0.56 0.44666666666666666 435 435 
0.5 0.56 0.4533333333333333 478 478 
0.5 0.56 0.46 450 450 
0.5 0.56 0.4666666666666667 489 489 
0.5 0.56 0.47333333333333333 462 462 
0.5 0.56 0.48 451 451 
0.5 0.56 0.4866666666666667 468 468 
0.5 0.56 0.49333333333333335 445 445 
0.5 0.56 0.5 461 461 
0.5 0.56 0.5066666666666667 463 463 
0.5 0.56 0.5133333333333333 487 487 
0.5 0.56 0.52 490 490 
0.5 0.56 0.5266666666666666 505 505 
0.5 0.56 0.5333333333333333 465 465 
0.5 0.56 0.54 511 511 
0.5 0.56 0.5466666666666666 498 498 
0.5 0.56 0.5533333333333333 478 478 
0.5 0.56 0.56 462 462 
0.5 0.56 0.5666666666666667 478 478 
0.5 0.56 0.5733333333333334 450 450 
0.5 0.56 0.58 462 462 
0.5 0.56 0.5866666666666667 472 472 
0.5 0.56 0.5933333333333334 441 441 
0.5 0.56 0.6 461 461 
0.5 0.56 0.6066666666666667 484 484 
0.5 0.56 0.6133333333333333 463 463 
0.5 0.56 0.62 467 467 
0.5 0.56 0.6266666666666667 467 467 
0.5 0.56 0.6333333333333333 536 536 
0.5 0.56 0.64 492 492 
0.5 0.56 0.6466666666666666 480 480 
0.5 0.56 0.6533333333333333 489 489 
0.5 0.56 0.66 437 437 
0.5 0.56 0.6666666666666666 466 466 
0.5 0.56 0.6733333333333333 474 474 
0.5 0.56 0.68 457 457 
0.5 0.56 0.6866666666666666 466 466 
0.5 0.56 0.6933333333333334 475 475 
0.5 0.56 0.7 472 472 
0.5 0.56 0.7066666666666667 459 459 
0.5 0.56 0.7133333333333334 497 497 
0.5 0.56 0.72 475 475 
0.5 0.56 0.7266666666666667 465 465 
0.5 0.56 0.7333333333333333 479 479 
0.5 0.56 0.74 497 497 
0.5 0.56 0.7466666666666667 494 494 
0.5 0.56 0.7533333333333333 457 457 
0.5 0.56 0.76 453 453 
0.5 0.56 0.7666666666666667 426 426 
0.5 0.56 0.7733333333333333 442 442 
0.5 0.56 0.78 459 459 
0.5 0.56 0.7866666666666666 397 397 
0.5 0.56 0.7933333333333333 487 487 
0.5 0.56 0.8 507 507 
0.5 0.56 0.8066666666666666 442 442 
0.5 0.56 0.8133333333333334 489 489 
0.5 0.56 0.82 467 467 
0.5 0.56 0.8266666666666667 448 448 
0.5 0.56 0.8333333333333334 426 426 
0.5 0.56 0.84 437 437 
0.5 0.56 0.8466666666666667 456 456 
0.5 0.56 0.8533333333333334 454 454 
0.5 0.56 0.86 445 445 
0.5 0.56 0.8666666666666667 480 480 
0.5 0.56 0.8733333333333333 486 486 
0.5 0.56 0.88 446 446 
0.5 0.56 0.8866666666666667 505 505 
0.5 0.56 0.8933333333333333 487 487 
0.5 0.56 0.9 507 507 
0.5 0.56 0.9066666666666666 467 467 
0.5 0.56 0.9133333333333333 486 486 
0.5 0.56 0.92 512 512 
0.5 0.56 0.9266666666666666 471 471 
0.5 0.56 0.9333333333333333 494 494 
0.5 0.56 0.94 471 471 
0.5 0.56 0.9466666666666667 452 452 
0.5 0.56 0.9533333333333334 461 461 
0.5 0.56 0.96 487 487 
0.5 0.56 0.9666666666666667 465 465 
0.5 0.56 0.9733333333333334 435 435 
0.5 0.56 0.98 491 491 
0.5 0.56 0.9866666666666667 538 538 
0.5 0.56 0.9933333333333333 0 0 
0.5 0.5666666666666667 0.0 0 0 
0.5 0.5666666666666667 0.006666666666666667 557 557 
0.5 0.5666666666666667 0.013333333333333334 460 460 
0.5 0.5666666666666667 0.02 428 428 
0.5 0.5666666666666667 0.02666666666666667 454 454 
0.5 0.5666666666666667 0.03333333333333333 437 437 
0.5 0.5666666666666667 0.04 444 444 
0.5 0.5666666666666667 0.04666666666666667 496 496 
0.5 0.5666666666666667 0.05333333333333334 442 442 
0.5 0.5666666666666667 0.06 463 463 
0.5 0.5666666666666667 0.06666666666666667 456 456 
0.5 0.5666666666666667 0.07333333333333333 460 460 
0.5 0.5666666666666667 0.08 464 464 
0.5 0.5666666666666667 0.08666666666666667 451 451 
0.5 0.5666666666666667 0.09333333333333334 476 476 
0.5 0.5666666666666667 0.1 479 479 
0.5 0.5666666666666667 0.10666666666666667 489 489 
0.5 0.5666666666666667 0.11333333333333333 456 456 
0.5 0.5666666666666667 0.12 477 477 
0.5 0.5666666666666667 0.12666666666666668 459 459 
0.5 0.5666666666666667 0.13333333333333333 481 481 
0.5 0.5666666666666667 0.14 453 453 
0.5 0.5666666666666667 0.14666666666666667 465 465 
0.5 0.5666666666666667 0.15333333333333332 461 461 
0.5 0.5666666666666667 0.16 484 484 
0.5 0.5666666666666667 0.16666666666666666 466 466 
0.5 0.5666666666666667 0.17333333333333334 494 494 
0.5 0.5666666666666667 0.18 456 456 
0.5 0.5666666666666667 0.18666666666666668 489 489 
0.5 0.5666666666666667 0.19333333333333333 483 483 
0.5 0.5666666666666667 0.2 464 464 
0.5 0.5666666666666667 0.20666666666666667 484 484 
0.5 0.5666666666666667 0.21333333333333335 477 477 
0.5 0.5666666666666667 0.22 438 438 
0.5 0.5666666666666667 0.22666666666666666 476 476 
0.5 0.5666666666666667 0.23333333333333334 447 447 
0.5 0.5666666666666667 0.24 482 482 
0.5 0.5666666666666667 0.24666666666666667 457 457 
0.5 0.5666666666666667 0.25333333333333335 490 490 
0.5 0.5666666666666667 0.26 453 453 
0.5 0.5666666666666667 0.26666666666666666 479 479 
0.5 0.5666666666666667 0.2733333333333333 444 444 
0.5 0.5666666666666667 0.28 479 479 
0.5 0.5666666666666667 0.2866666666666667 485 485 
0.5 0.5666666666666667 0.29333333333333333 452 452 
0.5 0.5666666666666667 0.3 494 494 
0.5 0.5666666666666667 0.30666666666666664 446 446 
0.5 0.5666666666666667 0.31333333333333335 425 425 
0.5 0.5666666666666667 0.32 456 456 
0.5 0.5666666666666667 0.32666666666666666 420 420 
0.5 0.5666666666666667 0.3333333333333333 442 442 
0.5 0.5666666666666667 0.34 487 487 
0.5 0.5666666666666667 0.3466666666666667 425 425 
0.5 0.5666666666666667 0.35333333333333333 455 455 
0.5 0.5666666666666667 0.36 498 498 
0.5 0.5666666666666667 0.36666666666666664 445 445 
0.5 0.5666666666666667 0.37333333333333335 458 458 
0.5 0.5666666666666667 0.38 474 474 
0.5 0.5666666666666667 0.38666666666666666 438 438 
0.5 0.5666666666666667 0.3933333333333333 486 486 
0.5 0.5666666666666667 0.4 432 432 
0.5 0.5666666666666667 0.4066666666666667 470 470 
0.5 0.5666666666666667 0.41333333333333333 459 459 
0.5 0.5666666666666667 0.42 480 480 
0.5 0.5666666666666667 0.4266666666666667 456 456 
0.5 0.5666666666666667 0.43333333333333335 468 468 
0.5 0.5666666666666667 0.44 480 480 
0.5 0.5666666666666667 0.44666666666666666 425 425 
0.5 0.5666666666666667 0.4533333333333333 452 452 
0.5 0.5666666666666667 0.46 444 444 
0.5 0.5666666666666667 0.4666666666666667 422 422 
0.5 0.5666666666666667 0.47333333333333333 458 458 
0.5 0.5666666666666667 0.48 451 451 
0.5 0.5666666666666667 0.4866666666666667 462 462 
0.5 0.5666666666666667 0.49333333333333335 449 449 
0.5 0.5666666666666667 0.5 477 477 
0.5 0.5666666666666667 0.5066666666666667 477 477 
0.5 0.5666666666666667 0.5133333333333333 450 450 
0.5 0.5666666666666667 0.52 467 467 
0.5 0.5666666666666667 0.5266666666666666 455 455 
0.5 0.5666666666666667 0.5333333333333333 477 477 
0.5 0.5666666666666667 0.54 452 452 
0.5 0.5666666666666667 0.5466666666666666 518 518 
0.5 0.5666666666666667 0.5533333333333333 499 499 
0.5 0.5666666666666667 0.56 474 474 
0.5 0.5666666666666667 0.5666666666666667 485 485 
0.5 0.5666666666666667 0.5733333333333334 480 480 
0.5 0.5666666666666667 0.58 417 417 
0.5 0.5666666666666667 0.5866666666666667 457 457 
0.5 0.5666666666666667 0.5933333333333334 466 466 
0.5 0.5666666666666667 0.6 488 488 
0.5 0.5666666666666667 0.6066666666666667 486 486 
0.5 0.5666666666666667 0.6133333333333333 474 474 
0.5 0.5666666666666667 0.62 458 458 
0.5 0.5666666666666667 0.6266666666666667 423 423 
0.5 0.5666666666666667 0.6333333333333333 416 416 
0.5 0.5666666666666667 0.64 454 454 
0.5 0.5666666666666667 0.6466666666666666 446 446 
0.5 0.5666666666666667 0.6533333333333333 460 460 
0.5 0.5666666666666667 0.66 442 442 
0.5 0.5666666666666667 0.6666666666666666 479 479 
0.5 0.5666666666666667 0.6733333333333333 447 447 
0.5 0.5666666666666667 0.68 478 478 
0.5 0.5666666666666667 0.6866666666666666 468 468 
0.5 0.5666666666666667 0.6933333333333334 460 460 
0.5 0.5666666666666667 0.7 462 462 
0.5 0.5666666666666667 0.7066666666666667 498 498 
0.5 0.5666666666666667 0.7133333333333334 459 459 
0.5 0.5666666666666667 0.72 453 453 
0.5 0.5666666666666667 0.7266666666666667 487 487 
0.5 0.5666666666666667 0.7333333333333333 509 509 
0.5 0.5666666666666667 0.74 450 450 
0.5 0.5666666666666667 0.7466666666666667 493 493 
0.5 0.5666666666666667 0.7533333333333333 481 481 
0.5 0.5666666666666667 0.76 473 473 
0.5 0.5666666666666667 0.7666666666666667 505 505 
0.5 0.5666666666666667 0.7733333333333333 430 430 
0.5 0.5666666666666667 0.78 470 470 
0.5 0.5666666666666667 0.7866666666666666 443 443 
0.5 0.5666666666666667 0.7933333333333333 455 455 
0.5 0.5666666666666667 0.8 435 435 
0.5 0.5666666666666667 0.8066666666666666 453 453 
0.5 0.5666666666666667 0.8133333333333334 445 445 
0.5 0.5666666666666667 0.82 463 463 
0.5 0.5666666666666667 0.8266666666666667 464 464 
0.5 0.5666666666666667 0.8333333333333334 449 449 
0.5 0.5666666666666667 0.84 445 445 
0.5 0.5666666666666667 0.8466666666666667 443 443 
0.5 0.5666666666666667 0.8533333333333334 432 432 
0.5 0.5666666666666667 0.86 456 456 
0.5 0.5666666666666667 0.8666666666666667 488 488 
0.5 0.5666666666666667 0.8733333333333333 490 490 
0.5 0.5666666666666667 0.88 489 489 
0.5 0.5666666666666667 0.8866666666666667 469 469 
0.5 0.5666666666666667 0.8933333333333333 452 452 
0.5 0.5666666666666667 0.9 484 484 
0.5 0.5666666666666667 0.9066666666666666 485 485 
0.5 0.5666666666666667 0.9133333333333333 509 509 
0.5 0.5666666666666667 0.92 434 434 
0.5 0.5666666666666667 0.9266666666666666 456 456 
0.5 0.5666666666666667 0.9333333333333333 471 471 
0.5 0.5666666666666667 0.94 436 436 
0.5 0.5666666666666667 0.9466666666666667 431 431 
0.5 0.5666666666666667 0.9533333333333334 466 466 
0.5 0.5666666666666667 0.96 497 497 
0.5 0.5666666666666667 0.9666666666666667 448 448 
0.5 0.5666666666666667 0.9733333333333334 498 498 
0.5 0.5666666666666667 0.98 496 496 
0.5 0.5666666666666667 0.9866666666666667 594 594 
0.5 0.5666666666666667 0.9933333333333333 0 0 
0.5 0.5733333333333334 0.0 0 0 
0.5 0.5733333333333334 0.006666666666666667 563 563 
0.5 0.5733333333333334 0.013333333333333334 489 489 
0.5 0.5733333333333334 0.02 446 446 
0.5 0.5733333333333334 0.02666666666666667 492 492 
0.5 0.5733333333333334 0.03333333333333333 475 475 
0.5 0.5733333333333334 0.04 470 470 
0.5 0.5733333333333334 0.04666666666666667 491 491 
0.5 0.5733333333333334 0.05333333333333334 495 495 
0.5 0.5733333333333334 0.06 446 446 
0.5 0.5733333333333334 0.06666666666666667 470 470 
0.5 0.5733333333333334 0.07333333333333333 451 451 
0.5 0.5733333333333334 0.08 472 472 
0.5 0.5733333333333334 0.08666666666666667 433 433 
0.5 0.5733333333333334 0.09333333333333334 439 439 
0.5 0.5733333333333334 0.1 495 495 
0.5 0.5733333333333334 0.10666666666666667 461 461 
0.5 0.5733333333333334 0.11333333333333333 455 455 
0.5 0.5733333333333334 0.12 486 486 
0.5 0.5733333333333334 0.12666666666666668 485 485 
0.5 0.5733333333333334 0.13333333333333333 473 473 
0.5 0.5733333333333334 0.14 470 470 
0.5 0.5733333333333334 0.14666666666666667 482 482 
0.5 0.5733333333333334 0.15333333333333332 467 467 
0.5 0.5733333333333334 0.16 413 413 
0.5 0.5733333333333334 0.16666666666666666 501 501 
0.5 0.5733333333333334 0.17333333333333334 513 513 
0.5 0.5733333333333334 0.18 481 481 
0.5 0.5733333333333334 0.18666666666666668 468 468 
0.5 0.5733333333333334 0.19333333333333333 458 458 
0.5 0.5733333333333334 0.2 476 476 
0.5 0.5733333333333334 0.20666666666666667 473 473 
0.5 0.5733333333333334 0.21333333333333335 459 459 
0.5 0.5733333333333334 0.22 438 438 
0.5 0.5733333333333334 0.22666666666666666 472 472 
0.5 0.5733333333333334 0.23333333333333334 461 461 
0.5 0.5733333333333334 0.24 467 467 
0.5 0.5733333333333334 0.24666666666666667 464 464 
0.5 0.5733333333333334 0.25333333333333335 441 441 
0.5 0.5733333333333334 0.26 446 446 
0.5 0.5733333333333334 0.26666666666666666 459 459 
0.5 0.5733333333333334 0.2733333333333333 460 460 
0.5 0.5733333333333334 0.28 440 440 
0.5 0.5733333333333334 0.2866666666666667 463 463 
0.5 0.5733333333333334 0.29333333333333333 470 470 
0.5 0.5733333333333334 0.3 445 445 
0.5 0.5733333333333334 0.30666666666666664 476 476 
0.5 0.5733333333333334 0.31333333333333335 457 457 
0.5 0.5733333333333334 0.32 480 480 
0.5 0.5733333333333334 0.32666666666666666 434 434 
0.5 0.5733333333333334 0.3333333333333333 437 437 
0.5 0.5733333333333334 0.34 416 416 
0.5 0.5733333333333334 0.3466666666666667 428 428 
0.5 0.5733333333333334 0.35333333333333333 463 463 
0.5 0.5733333333333334 0.36 458 458 
0.5 0.5733333333333334 0.36666666666666664 447 447 
0.5 0.5733333333333334 0.37333333333333335 456 456 
0.5 0.5733333333333334 0.38 501 501 
0.5 0.5733333333333334 0.38666666666666666 427 427 
0.5 0.5733333333333334 0.3933333333333333 474 474 
0.5 0.5733333333333334 0.4 470 470 
0.5 0.5733333333333334 0.4066666666666667 475 475 
0.5 0.5733333333333334 0.41333333333333333 448 448 
0.5 0.5733333333333334 0.42 469 469 
0.5 0.5733333333333334 0.4266666666666667 484 484 
0.5 0.5733333333333334 0.43333333333333335 472 472 
0.5 0.5733333333333334 0.44 462 462 
0.5 0.5733333333333334 0.44666666666666666 476 476 
0.5 0.5733333333333334 0.4533333333333333 484 484 
0.5 0.5733333333333334 0.46 451 451 
0.5 0.5733333333333334 0.4666666666666667 458 458 
0.5 0.5733333333333334 0.47333333333333333 454 454 
0.5 0.5733333333333334 0.48 461 461 
0.5 0.5733333333333334 0.4866666666666667 440 440 
0.5 0.5733333333333334 0.49333333333333335 475 475 
0.5 0.5733333333333334 0.5 441 441 
0.5 0.5733333333333334 0.5066666666666667 450 450 
0.5 0.5733333333333334 0.5133333333333333 494 494 
0.5 0.5733333333333334 0.52 480 480 
0.5 0.5733333333333334 0.5266666666666666 464 464 
0.5 0.5733333333333334 0.5333333333333333 473 473 
0.5 0.5733333333333334 0.54 468 468 
0.5 0.5733333333333334 0.5466666666666666 518 518 
0.5 0.5733333333333334 0.5533333333333333 489 489 
0.5 0.5733333333333334 0.56 449 449 
0.5 0.5733333333333334 0.5666666666666667 432 432 
0.5 0.5733333333333334 0.5733333333333334 445 445 
0.5 0.5733333333333334 0.58 414 414 
0.5 0.5733333333333334 0.5866666666666667 459 459 
0.5 0.5733333333333334 0.5933333333333334 432 432 
0.5 0.5733333333333334 0.6 433 433 
0.5 0.5733333333333334 0.6066666666666667 457 457 
0.5 0.5733333333333334 0.6133333333333333 466 466 
0.5 0.5733333333333334 0.62 451 451 
0.5 0.5733333333333334 0.6266666666666667 443 443 
0.5 0.5733333333333334 0.6333333333333333 447 447 
0.5 0.5733333333333334 0.64 469 469 
0.5 0.5733333333333334 0.6466666666666666 429 429 
0.5 0.5733333333333334 0.6533333333333333 442 442 
0.5 0.5733333333333334 0.66 452 452 
0.5 0.5733333333333334 0.6666666666666666 459 459 
0.5 0.5733333333333334 0.6733333333333333 471 471 
0.5 0.5733333333333334 0.68 473 473 
0.5 0.5733333333333334 0.6866666666666666 447 447 
0.5 0.5733333333333334 0.6933333333333334 450 450 
0.5 0.5733333333333334 0.7 441 441 
0.5 0.5733333333333334 0.7066666666666667 451 451 
0.5 0.5733333333333334 0.7133333333333334 476 476 
0.5 0.5733333333333334 0.72 428 428 
0.5 0.5733333333333334 0.7266666666666667 490 490 
0.5 0.5733333333333334 0.7333333333333333 459 459 
0.5 0.5733333333333334 0.74 484 484 
0.5 0.5733333333333334 0.7466666666666667 496 496 
0.5 0.5733333333333334 0.7533333333333333 494 494 
0.5 0.5733333333333334 0.76 476 476 
0.5 0.5733333333333334 0.7666666666666667 482 482 
0.5 0.5733333333333334 0.7733333333333333 438 438 
0.5 0.5733333333333334 0.78 471 471 
0.5 0.5733333333333334 0.7866666666666666 449 449 
0.5 0.5733333333333334 0.7933333333333333 447 447 
0.5 0.5733333333333334 0.8 477 477 
0.5 0.5733333333333334 0.8066666666666666 464 464 
0.5 0.5733333333333334 0.8133333333333334 454 454 
0.5 0.5733333333333334 0.82 492 492 
0.5 0.5733333333333334 0.8266666666666667 491 491 
0.5 0.5733333333333334 0.8333333333333334 464 464 
0.5 0.5733333333333334 0.84 455 455 
0.5 0.5733333333333334 0.8466666666666667 481 481 
0.5 0.5733333333333334 0.8533333333333334 421 421 
0.5 0.5733333333333334 0.86 485 485 
0.5 0.5733333333333334 0.8666666666666667 450 450 
0.5 0.5733333333333334 0.8733333333333333 518 518 
0.5 0.5733333333333334 0.88 463 463 
0.5 0.5733333333333334 0.8866666666666667 480 480 
0.5 0.5733333333333334 0.8933333333333333 501 501 
0.5 0.5733333333333334 0.9 491 491 
0.5 0.5733333333333334 0.9066666666666666 449 449 
0.5 0.5733333333333334 0.9133333333333333 483 483 
0.5 0.5733333333333334 0.92 461 461 
0.5 0.5733333333333334 0.9266666666666666 505 505 
0.5 0.5733333333333334 0.9333333333333333 444 444 
0.5 0.5733333333333334 0.94 470 470 
0.5 0.5733333333333334 0.9466666666666667 484 484 
0.5 0.5733333333333334 0.9533333333333334 483 483 
0.5 0.5733333333333334 0.96 480 480 
0.5 0.5733333333333334 0.9666666666666667 470 470 
0.5 0.5733333333333334 0.9733333333333334 503 503 
0.5 0.5733333333333334 0.98 458 458 
0.5 0.5733333333333334 0.9866666666666667 567 567 
0.5 0.5733333333333334 0.9933333333333333 0 0 
0.5 0.58 0.0 0 0 
0.5 0.58 0.006666666666666667 522 522 
0.5 0.58 0.013333333333333334 489 489 
0.5 0.58 0.02 444 444 
0.5 0.58 0.02666666666666667 469 469 
0.5 0.58 0.03333333333333333 486 486 
0.5 0.58 0.04 491 491 
0.5 0.58 0.04666666666666667 481 481 
0.5 0.58 0.05333333333333334 456 456 
0.5 0.58 0.06 441 441 
0.5 0.58 0.06666666666666667 479 479 
0.5 0.58 0.07333333333333333 467 467 
0.5 0.58 0.08 453 453 
0.5 0.58 0.08666666666666667 447 447 
0.5 0.58 0.09333333333333334 418 418 
0.5 0.58 0.1 446 446 
0.5 0.58 0.10666666666666667 480 480 
0.5 0.58 0.11333333333333333 450 450 
0.5 0.58 0.12 415 415 
0.5 0.58 0.12666666666666668 428 428 
0.5 0.58 0.13333333333333333 475 475 
0.5 0.58 0.14 441 441 
0.5 0.58 0.14666666666666667 465 465 
0.5 0.58 0.15333333333333332 436 436 
0.5 0.58 0.16 483 483 
0.5 0.58 0.16666666666666666 445 445 
0.5 0.58 0.17333333333333334 449 449 
0.5 0.58 0.18 481 481 
0.5 0.58 0.18666666666666668 480 480 
0.5 0.58 0.19333333333333333 449 449 
0.5 0.58 0.2 457 457 
0.5 0.58 0.20666666666666667 466 466 
0.5 0.58 0.21333333333333335 467 467 
0.5 0.58 0.22 472 472 
0.5 0.58 0.22666666666666666 444 444 
0.5 0.58 0.23333333333333334 455 455 
0.5 0.58 0.24 457 457 
0.5 0.58 0.24666666666666667 477 477 
0.5 0.58 0.25333333333333335 473 473 
0.5 0.58 0.26 442 442 
0.5 0.58 0.26666666666666666 499 499 
0.5 0.58 0.2733333333333333 490 490 
0.5 0.58 0.28 450 450 
0.5 0.58 0.2866666666666667 432 432 
0.5 0.58 0.29333333333333333 463 463 
0.5 0.58 0.3 481 481 
0.5 0.58 0.30666666666666664 462 462 
0.5 0.58 0.31333333333333335 462 462 
0.5 0.58 0.32 487 487 
0.5 0.58 0.32666666666666666 455 455 
0.5 0.58 0.3333333333333333 462 462 
0.5 0.58 0.34 454 454 
0.5 0.58 0.3466666666666667 434 434 
0.5 0.58 0.35333333333333333 445 445 
0.5 0.58 0.36 457 457 
0.5 0.58 0.36666666666666664 447 447 
0.5 0.58 0.37333333333333335 452 452 
0.5 0.58 0.38 447 447 
0.5 0.58 0.38666666666666666 467 467 
0.5 0.58 0.3933333333333333 485 485 
0.5 0.58 0.4 472 472 
0.5 0.58 0.4066666666666667 460 460 
0.5 0.58 0.41333333333333333 460 460 
0.5 0.58 0.42 455 455 
0.5 0.58 0.4266666666666667 465 465 
0.5 0.58 0.43333333333333335 495 495 
0.5 0.58 0.44 471 471 
0.5 0.58 0.44666666666666666 442 442 
0.5 0.58 0.4533333333333333 447 447 
0.5 0.58 0.46 468 468 
0.5 0.58 0.4666666666666667 476 476 
0.5 0.58 0.47333333333333333 438 438 
0.5 0.58 0.48 431 431 
0.5 0.58 0.4866666666666667 442 442 
0.5 0.58 0.49333333333333335 479 479 
0.5 0.58 0.5 447 447 
0.5 0.58 0.5066666666666667 465 465 
0.5 0.58 0.5133333333333333 470 470 
0.5 0.58 0.52 436 436 
0.5 0.58 0.5266666666666666 468 468 
0.5 0.58 0.5333333333333333 439 439 
0.5 0.58 0.54 457 457 
0.5 0.58 0.5466666666666666 460 460 
0.5 0.58 0.5533333333333333 513 513 
0.5 0.58 0.56 447 447 
0.5 0.58 0.5666666666666667 437 437 
0.5 0.58 0.5733333333333334 482 482 
0.5 0.58 0.58 464 464 
0.5 0.58 0.5866666666666667 429 429 
0.5 0.58 0.5933333333333334 480 480 
0.5 0.58 0.6 467 467 
0.5 0.58 0.6066666666666667 475 475 
0.5 0.58 0.6133333333333333 487 487 
0.5 0.58 0.62 455 455 
0.5 0.58 0.6266666666666667 488 488 
0.5 0.58 0.6333333333333333 461 461 
0.5 0.58 0.64 496 496 
0.5 0.58 0.6466666666666666 463 463 
0.5 0.58 0.6533333333333333 459 459 
0.5 0.58 0.66 447 447 
0.5 0.58 0.6666666666666666 457 457 
0.5 0.58 0.6733333333333333 480 480 
0.5 0.58 0.68 479 479 
0.5 0.58 0.6866666666666666 512 512 
0.5 0.58 0.6933333333333334 489 489 
0.5 0.58 0.7 446 446 
0.5 0.58 0.7066666666666667 443 443 
0.5 0.58 0.7133333333333334 457 457 
0.5 0.58 0.72 494 494 
0.5 0.58 0.7266666666666667 442 442 
0.5 0.58 0.7333333333333333 425 425 
0.5 0.58 0.74 468 468 
0.5 0.58 0.7466666666666667 451 451 
0.5 0.58 0.7533333333333333 499 499 
0.5 0.58 0.76 510 510 
0.5 0.58 0.7666666666666667 471 471 
0.5 0.58 0.7733333333333333 507 507 
0.5 0.58 0.78 478 478 
0.5 0.58 0.7866666666666666 501 501 
0.5 0.58 0.7933333333333333 448 448 
0.5 0.58 0.8 421 421 
0.5 0.58 0.8066666666666666 461 461 
0.5 0.58 0.8133333333333334 459 459 
0.5 0.58 0.82 483 483 
0.5 0.58 0.8266666666666667 478 478 
0.5 0.58 0.8333333333333334 470 470 
0.5 0.58 0.84 496 496 
0.5 0.58 0.8466666666666667 488 488 
0.5 0.58 0.8533333333333334 475 475 
0.5 0.58 0.86 455 455 
0.5 0.58 0.8666666666666667 444 444 
0.5 0.58 0.8733333333333333 429 429 
0.5 0.58 0.88 479 479 
0.5 0.58 0.8866666666666667 439 439 
0.5 0.58 0.8933333333333333 432 432 
0.5 0.58 0.9 468 468 
0.5 0.58 0.9066666666666666 503 503 
0.5 0.58 0.9133333333333333 434 434 
0.5 0.58 0.92 475 475 
0.5 0.58 0.9266666666666666 462 462 
0.5 0.58 0.9333333333333333 459 459 
0.5 0.58 0.94 474 474 
0.5 0.58 0.9466666666666667 427 427 
0.5 0.58 0.9533333333333334 509 509 
0.5 0.58 0.96 486 486 
0.5 0.58 0.9666666666666667 471 471 
0.5 0.58 0.9733333333333334 496 496 
0.5 0.58 0.98 552 552 
0.5 0.58 0.9866666666666667 640 640 
0.5 0.58 0.9933333333333333 0 0 
0.5 0.5866666666666667 0.0 0 0 
0.5 0.5866666666666667 0.006666666666666667 572 572 
0.5 0.5866666666666667 0.013333333333333334 477 477 
0.5 0.5866666666666667 0.02 468 468 
0.5 0.5866666666666667 0.02666666666666667 495 495 
0.5 0.5866666666666667 0.03333333333333333 511 511 
0.5 0.5866666666666667 0.04 466 466 
0.5 0.5866666666666667 0.04666666666666667 491 491 
0.5 0.5866666666666667 0.05333333333333334 424 424 
0.5 0.5866666666666667 0.06 446 446 
0.5 0.5866666666666667 0.06666666666666667 442 442 
0.5 0.5866666666666667 0.07333333333333333 481 481 
0.5 0.5866666666666667 0.08 468 468 
0.5 0.5866666666666667 0.08666666666666667 492 492 
0.5 0.5866666666666667 0.09333333333333334 449 449 
0.5 0.5866666666666667 0.1 465 465 
0.5 0.5866666666666667 0.10666666666666667 442 442 
0.5 0.5866666666666667 0.11333333333333333 438 438 
0.5 0.5866666666666667 0.12 458 458 
0.5 0.5866666666666667 0.12666666666666668 454 454 
0.5 0.5866666666666667 0.13333333333333333 483 483 
0.5 0.5866666666666667 0.14 458 458 
0.5 0.5866666666666667 0.14666666666666667 461 461 
0.5 0.5866666666666667 0.15333333333333332 462 462 
0.5 0.5866666666666667 0.16 433 433 
0.5 0.5866666666666667 0.16666666666666666 440 440 
0.5 0.5866666666666667 0.17333333333333334 444 444 
0.5 0.5866666666666667 0.18 477 477 
0.5 0.5866666666666667 0.18666666666666668 447 447 
0.5 0.5866666666666667 0.19333333333333333 473 473 
0.5 0.5866666666666667 0.2 460 460 
0.5 0.5866666666666667 0.20666666666666667 521 521 
0.5 0.5866666666666667 0.21333333333333335 496 496 
0.5 0.5866666666666667 0.22 464 464 
0.5 0.5866666666666667 0.22666666666666666 465 465 
0.5 0.5866666666666667 0.23333333333333334 462 462 
0.5 0.5866666666666667 0.24 493 493 
0.5 0.5866666666666667 0.24666666666666667 474 474 
0.5 0.5866666666666667 0.25333333333333335 457 457 
0.5 0.5866666666666667 0.26 476 476 
0.5 0.5866666666666667 0.26666666666666666 455 455 
0.5 0.5866666666666667 0.2733333333333333 438 438 
0.5 0.5866666666666667 0.28 450 450 
0.5 0.5866666666666667 0.2866666666666667 459 459 
0.5 0.5866666666666667 0.29333333333333333 421 421 
0.5 0.5866666666666667 0.3 422 422 
0.5 0.5866666666666667 0.30666666666666664 456 456 
0.5 0.5866666666666667 0.31333333333333335 449 449 
0.5 0.5866666666666667 0.32 479 479 
0.5 0.5866666666666667 0.32666666666666666 455 455 
0.5 0.5866666666666667 0.3333333333333333 402 402 
0.5 0.5866666666666667 0.34 422 422 
0.5 0.5866666666666667 0.3466666666666667 425 425 
0.5 0.5866666666666667 0.35333333333333333 444 444 
0.5 0.5866666666666667 0.36 458 458 
0.5 0.5866666666666667 0.36666666666666664 487 487 
0.5 0.5866666666666667 0.37333333333333335 441 441 
0.5 0.5866666666666667 0.38 478 478 
0.5 0.5866666666666667 0.38666666666666666 433 433 
0.5 0.5866666666666667 0.3933333333333333 457 457 
0.5 0.5866666666666667 0.4 455 455 
0.5 0.5866666666666667 0.4066666666666667 452 452 
0.5 0.5866666666666667 0.41333333333333333 466 466 
0.5 0.5866666666666667 0.42 455 455 
0.5 0.5866666666666667 0.4266666666666667 467 467 
0.5 0.5866666666666667 0.43333333333333335 458 458 
0.5 0.5866666666666667 0.44 460 460 
0.5 0.5866666666666667 0.44666666666666666 447 447 
0.5 0.5866666666666667 0.4533333333333333 451 451 
0.5 0.5866666666666667 0.46 431 431 
0.5 0.5866666666666667 0.4666666666666667 465 465 
0.5 0.5866666666666667 0.47333333333333333 458 458 
0.5 0.5866666666666667 0.48 461 461 
0.5 0.5866666666666667 0.4866666666666667 482 482 
0.5 0.5866666666666667 0.49333333333333335 466 466 
0.5 0.5866666666666667 0.5 475 475 
0.5 0.5866666666666667 0.5066666666666667 455 455 
0.5 0.5866666666666667 0.5133333333333333 447 447 
0.5 0.5866666666666667 0.52 453 453 
0.5 0.5866666666666667 0.5266666666666666 435 435 
0.5 0.5866666666666667 0.5333333333333333 436 436 
0.5 0.5866666666666667 0.54 456 456 
0.5 0.5866666666666667 0.5466666666666666 504 504 
0.5 0.5866666666666667 0.5533333333333333 450 450 
0.5 0.5866666666666667 0.56 480 480 
0.5 0.5866666666666667 0.5666666666666667 423 423 
0.5 0.5866666666666667 0.5733333333333334 458 458 
0.5 0.5866666666666667 0.58 482 482 
0.5 0.5866666666666667 0.5866666666666667 489 489 
0.5 0.5866666666666667 0.5933333333333334 454 454 
0.5 0.5866666666666667 0.6 449 449 
0.5 0.5866666666666667 0.6066666666666667 420 420 
0.5 0.5866666666666667 0.6133333333333333 447 447 
0.5 0.5866666666666667 0.62 477 477 
0.5 0.5866666666666667 0.6266666666666667 431 431 
0.5 0.5866666666666667 0.6333333333333333 439 439 
0.5 0.5866666666666667 0.64 437 437 
0.5 0.5866666666666667 0.6466666666666666 415 415 
0.5 0.5866666666666667 0.6533333333333333 453 453 
0.5 0.5866666666666667 0.66 463 463 
0.5 0.5866666666666667 0.6666666666666666 475 475 
0.5 0.5866666666666667 0.6733333333333333 465 465 
0.5 0.5866666666666667 0.68 481 481 
0.5 0.5866666666666667 0.6866666666666666 512 512 
0.5 0.5866666666666667 0.6933333333333334 484 484 
0.5 0.5866666666666667 0.7 477 477 
0.5 0.5866666666666667 0.7066666666666667 436 436 
0.5 0.5866666666666667 0.7133333333333334 532 532 
0.5 0.5866666666666667 0.72 476 476 
0.5 0.5866666666666667 0.7266666666666667 456 456 
0.5 0.5866666666666667 0.7333333333333333 457 457 
0.5 0.5866666666666667 0.74 480 480 
0.5 0.5866666666666667 0.7466666666666667 451 451 
0.5 0.5866666666666667 0.7533333333333333 472 472 
0.5 0.5866666666666667 0.76 512 512 
0.5 0.5866666666666667 0.7666666666666667 512 512 
0.5 0.5866666666666667 0.7733333333333333 513 513 
0.5 0.5866666666666667 0.78 491 491 
0.5 0.5866666666666667 0.7866666666666666 495 495 
0.5 0.5866666666666667 0.7933333333333333 475 475 
0.5 0.5866666666666667 0.8 481 481 
0.5 0.5866666666666667 0.8066666666666666 483 483 
0.5 0.5866666666666667 0.8133333333333334 467 467 
0.5 0.5866666666666667 0.82 464 464 
0.5 0.5866666666666667 0.8266666666666667 481 481 
0.5 0.5866666666666667 0.8333333333333334 435 435 
0.5 0.5866666666666667 0.84 474 474 
0.5 0.5866666666666667 0.8466666666666667 511 511 
0.5 0.5866666666666667 0.8533333333333334 457 457 
0.5 0.5866666666666667 0.86 473 473 
0.5 0.5866666666666667 0.8666666666666667 483 483 
0.5 0.5866666666666667 0.8733333333333333 459 459 
0.5 0.5866666666666667 0.88 418 418 
0.5 0.5866666666666667 0.8866666666666667 439 439 
0.5 0.5866666666666667 0.8933333333333333 431 431 
0.5 0.5866666666666667 0.9 482 482 
0.5 0.5866666666666667 0.9066666666666666 467 467 
0.5 0.5866666666666667 0.9133333333333333 467 467 
0.5 0.5866666666666667 0.92 455 455 
0.5 0.5866666666666667 0.9266666666666666 464 464 
0.5 0.5866666666666667 0.9333333333333333 486 486 
0.5 0.5866666666666667 0.94 462 462 
0.5 0.5866666666666667 0.9466666666666667 462 462 
0.5 0.5866666666666667 0.9533333333333334 502 502 
0.5 0.5866666666666667 0.96 476 476 
0.5 0.5866666666666667 0.9666666666666667 512 512 
0.5 0.5866666666666667 0.9733333333333334 462 462 
0.5 0.5866666666666667 0.98 471 471 
0.5 0.5866666666666667 0.9866666666666667 646 646 
0.5 0.5866666666666667 0.9933333333333333 0 0 
0.5 0.5933333333333334 0.0 0 0 
0.5 0.5933333333333334 0.006666666666666667 596 596 
0.5 0.5933333333333334 0.013333333333333334 470 470 
0.5 0.5933333333333334 0.02 490 490 
0.5 0.5933333333333334 0.02666666666666667 475 475 
0.5 0.5933333333333334 0.03333333333333333 487 487 
0.5 0.5933333333333334 0.04 447 447 
0.5 0.5933333333333334 0.04666666666666667 483 483 
0.5 0.5933333333333334 0.05333333333333334 463 463 
0.5 0.5933333333333334 0.06 494 494 
0.5 0.5933333333333334 0.06666666666666667 456 456 
0.5 0.5933333333333334 0.07333333333333333 439 439 
0.5 0.5933333333333334 0.08 439 439 
0.5 0.5933333333333334 0.08666666666666667 494 494 
0.5 0.5933333333333334 0.09333333333333334 474 474 
0.5 0.5933333333333334 0.1 452 452 
0.5 0.5933333333333334 0.10666666666666667 432 432 
0.5 0.5933333333333334 0.11333333333333333 452 452 
0.5 0.5933333333333334 0.12 450 450 
0.5 0.5933333333333334 0.12666666666666668 491 491 
0.5 0.5933333333333334 0.13333333333333333 479 479 
0.5 0.5933333333333334 0.14 465 465 
0.5 0.5933333333333334 0.14666666666666667 450 450 
0.5 0.5933333333333334 0.15333333333333332 460 460 
0.5 0.5933333333333334 0.16 431 431 
0.5 0.5933333333333334 0.16666666666666666 434 434 
0.5 0.5933333333333334 0.17333333333333334 433 433 
0.5 0.5933333333333334 0.18 431 431 
0.5 0.5933333333333334 0.18666666666666668 445 445 
0.5 0.5933333333333334 0.19333333333333333 416 416 
0.5 0.5933333333333334 0.2 449 449 
0.5 0.5933333333333334 0.20666666666666667 494 494 
0.5 0.5933333333333334 0.21333333333333335 483 483 
0.5 0.5933333333333334 0.22 487 487 
0.5 0.5933333333333334 0.22666666666666666 512 512 
0.5 0.5933333333333334 0.23333333333333334 465 465 
0.5 0.5933333333333334 0.24 470 470 
0.5 0.5933333333333334 0.24666666666666667 459 459 
0.5 0.5933333333333334 0.25333333333333335 494 494 
0.5 0.5933333333333334 0.26 455 455 
0.5 0.5933333333333334 0.26666666666666666 471 471 
0.5 0.5933333333333334 0.2733333333333333 505 505 
0.5 0.5933333333333334 0.28 419 419 
0.5 0.5933333333333334 0.2866666666666667 474 474 
0.5 0.5933333333333334 0.29333333333333333 461 461 
0.5 0.5933333333333334 0.3 483 483 
0.5 0.5933333333333334 0.30666666666666664 451 451 
0.5 0.5933333333333334 0.31333333333333335 458 458 
0.5 0.5933333333333334 0.32 459 459 
0.5 0.5933333333333334 0.32666666666666666 467 467 
0.5 0.5933333333333334 0.3333333333333333 479 479 
0.5 0.5933333333333334 0.34 461 461 
0.5 0.5933333333333334 0.3466666666666667 431 431 
0.5 0.5933333333333334 0.35333333333333333 477 477 
0.5 0.5933333333333334 0.36 434 434 
0.5 0.5933333333333334 0.36666666666666664 450 450 
0.5 0.5933333333333334 0.37333333333333335 462 462 
0.5 0.5933333333333334 0.38 433 433 
0.5 0.5933333333333334 0.38666666666666666 487 487 
0.5 0.5933333333333334 0.3933333333333333 484 484 
0.5 0.5933333333333334 0.4 480 480 
0.5 0.5933333333333334 0.4066666666666667 457 457 
0.5 0.5933333333333334 0.41333333333333333 490 490 
0.5 0.5933333333333334 0.42 463 463 
0.5 0.5933333333333334 0.4266666666666667 448 448 
0.5 0.5933333333333334 0.43333333333333335 434 434 
0.5 0.5933333333333334 0.44 466 466 
0.5 0.5933333333333334 0.44666666666666666 457 457 
0.5 0.5933333333333334 0.4533333333333333 471 471 
0.5 0.5933333333333334 0.46 466 466 
0.5 0.5933333333333334 0.4666666666666667 458 458 
0.5 0.5933333333333334 0.47333333333333333 439 439 
0.5 0.5933333333333334 0.48 465 465 
0.5 0.5933333333333334 0.4866666666666667 505 505 
0.5 0.5933333333333334 0.49333333333333335 448 448 
0.5 0.5933333333333334 0.5 438 438 
0.5 0.5933333333333334 0.5066666666666667 433 433 
0.5 0.5933333333333334 0.5133333333333333 440 440 
0.5 0.5933333333333334 0.52 413 413 
0.5 0.5933333333333334 0.5266666666666666 431 431 
0.5 0.5933333333333334 0.5333333333333333 446 446 
0.5 0.5933333333333334 0.54 402 402 
0.5 0.5933333333333334 0.5466666666666666 429 429 
0.5 0.5933333333333334 0.5533333333333333 458 458 
0.5 0.5933333333333334 0.56 434 434 
0.5 0.5933333333333334 0.5666666666666667 451 451 
0.5 0.5933333333333334 0.5733333333333334 411 411 
0.5 0.5933333333333334 0.58 420 420 
0.5 0.5933333333333334 0.5866666666666667 465 465 
0.5 0.5933333333333334 0.5933333333333334 420 420 
0.5 0.5933333333333334 0.6 399 399 
0.5 0.5933333333333334 0.6066666666666667 468 468 
0.5 0.5933333333333334 0.6133333333333333 458 458 
0.5 0.5933333333333334 0.62 456 456 
0.5 0.5933333333333334 0.6266666666666667 424 424 
0.5 0.5933333333333334 0.6333333333333333 420 420 
0.5 0.5933333333333334 0.64 430 430 
0.5 0.5933333333333334 0.6466666666666666 480 480 
0.5 0.5933333333333334 0.6533333333333333 473 473 
0.5 0.5933333333333334 0.66 429 429 
0.5 0.5933333333333334 0.6666666666666666 449 449 
0.5 0.5933333333333334 0.6733333333333333 461 461 
0.5 0.5933333333333334 0.68 444 444 
0.5 0.5933333333333334 0.6866666666666666 470 470 
0.5 0.5933333333333334 0.6933333333333334 444 444 
0.5 0.5933333333333334 0.7 457 457 
0.5 0.5933333333333334 0.7066666666666667 489 489 
0.5 0.5933333333333334 0.7133333333333334 401 401 
0.5 0.5933333333333334 0.72 449 449 
0.5 0.5933333333333334 0.7266666666666667 456 456 
0.5 0.5933333333333334 0.7333333333333333 444 444 
0.5 0.5933333333333334 0.74 416 416 
0.5 0.5933333333333334 0.7466666666666667 469 469 
0.5 0.5933333333333334 0.7533333333333333 456 456 
0.5 0.5933333333333334 0.76 474 474 
0.5 0.5933333333333334 0.7666666666666667 466 466 
0.5 0.5933333333333334 0.7733333333333333 484 484 
0.5 0.5933333333333334 0.78 454 454 
0.5 0.5933333333333334 0.7866666666666666 508 508 
0.5 0.5933333333333334 0.7933333333333333 451 451 
0.5 0.5933333333333334 0.8 455 455 
0.5 0.5933333333333334 0.8066666666666666 500 500 
0.5 0.5933333333333334 0.8133333333333334 428 428 
0.5 0.5933333333333334 0.82 498 498 
0.5 0.5933333333333334 0.8266666666666667 448 448 
0.5 0.5933333333333334 0.8333333333333334 504 504 
0.5 0.5933333333333334 0.84 487 487 
0.5 0.5933333333333334 0.8466666666666667 469 469 
0.5 0.5933333333333334 0.8533333333333334 468 468 
0.5 0.5933333333333334 0.86 503 503 
0.5 0.5933333333333334 0.8666666666666667 454 454 
0.5 0.5933333333333334 0.8733333333333333 468 468 
0.5 0.5933333333333334 0.88 440 440 
0.5 0.5933333333333334 0.8866666666666667 413 413 
0.5 0.5933333333333334 0.8933333333333333 467 467 
0.5 0.5933333333333334 0.9 431 431 
0.5 0.5933333333333334 0.9066666666666666 476 476 
0.5 0.5933333333333334 0.9133333333333333 443 443 
0.5 0.5933333333333334 0.92 467 467 
0.5 0.5933333333333334 0.9266666666666666 471 471 
0.5 0.5933333333333334 0.9333333333333333 449 449 
0.5 0.5933333333333334 0.94 485 485 
0.5 0.5933333333333334 0.9466666666666667 454 454 
0.5 0.5933333333333334 0.9533333333333334 457 457 
0.5 0.5933333333333334 0.96 485 485 
0.5 0.5933333333333334 0.9666666666666667 502 502 
0.5 0.5933333333333334 0.9733333333333334 492 492 
0.5 0.5933333333333334 0.98 479 479 
0.5 0.5933333333333334 0.9866666666666667 596 596 
0.5 0.5933333333333334 0.9933333333333333 0 0 
0.5 0.6 0.0 0 0 
0.5 0.6 0.006666666666666667 587 587 
0.5 0.6 0.013333333333333334 515 515 
0.5 0.6 0.02 480 480 
0.5 0.6 0.02666666666666667 457 457 
0.5 0.6 0.03333333333333333 459 459 
0.5 0.6 0.04 493 493 
0.5 0.6 0.04666666666666667 464 464 
0.5 0.6 0.05333333333333334 488 488 
0.5 0.6 0.06 486 486 
0.5 0.6 0.06666666666666667 478 478 
0.5 0.6 0.07333333333333333 493 493 
0.5 0.6 0.08 453 453 
0.5 0.6 0.08666666666666667 446 446 
0.5 0.6 0.09333333333333334 469 469 
0.5 0.6 0.1 451 451 
0.5 0.6 0.10666666666666667 421 421 
0.5 0.6 0.11333333333333333 443 443 
0.5 0.6 0.12 464 464 
0.5 0.6 0.12666666666666668 455 455 
0.5 0.6 0.13333333333333333 472 472 
0.5 0.6 0.14 485 485 
0.5 0.6 0.14666666666666667 391 391 
0.5 0.6 0.15333333333333332 474 474 
0.5 0.6 0.16 461 461 
0.5 0.6 0.16666666666666666 499 499 
0.5 0.6 0.17333333333333334 457 457 
0.5 0.6 0.18 460 460 
0.5 0.6 0.18666666666666668 433 433 
0.5 0.6 0.19333333333333333 465 465 
0.5 0.6 0.2 484 484 
0.5 0.6 0.20666666666666667 463 463 
0.5 0.6 0.21333333333333335 437 437 
0.5 0.6 0.22 474 474 
0.5 0.6 0.22666666666666666 493 493 
0.5 0.6 0.23333333333333334 468 468 
0.5 0.6 0.24 457 457 
0.5 0.6 0.24666666666666667 494 494 
0.5 0.6 0.25333333333333335 488 488 
0.5 0.6 0.26 463 463 
0.5 0.6 0.26666666666666666 416 416 
0.5 0.6 0.2733333333333333 487 487 
0.5 0.6 0.28 458 458 
0.5 0.6 0.2866666666666667 480 480 
0.5 0.6 0.29333333333333333 451 451 
0.5 0.6 0.3 436 436 
0.5 0.6 0.30666666666666664 434 434 
0.5 0.6 0.31333333333333335 441 441 
0.5 0.6 0.32 454 454 
0.5 0.6 0.32666666666666666 488 488 
0.5 0.6 0.3333333333333333 476 476 
0.5 0.6 0.34 454 454 
0.5 0.6 0.3466666666666667 464 464 
0.5 0.6 0.35333333333333333 458 458 
0.5 0.6 0.36 447 447 
0.5 0.6 0.36666666666666664 517 517 
0.5 0.6 0.37333333333333335 465 465 
0.5 0.6 0.38 456 456 
0.5 0.6 0.38666666666666666 448 448 
0.5 0.6 0.3933333333333333 471 471 
0.5 0.6 0.4 494 494 
0.5 0.6 0.4066666666666667 454 454 
0.5 0.6 0.41333333333333333 444 444 
0.5 0.6 0.42 492 492 
0.5 0.6 0.4266666666666667 462 462 
0.5 0.6 0.43333333333333335 482 482 
0.5 0.6 0.44 481 481 
0.5 0.6 0.44666666666666666 520 520 
0.5 0.6 0.4533333333333333 488 488 
0.5 0.6 0.46 415 415 
0.5 0.6 0.4666666666666667 484 484 
0.5 0.6 0.47333333333333333 465 465 
0.5 0.6 0.48 471 471 
0.5 0.6 0.4866666666666667 435 435 
0.5 0.6 0.49333333333333335 496 496 
0.5 0.6 0.5 457 457 
0.5 0.6 0.5066666666666667 454 454 
0.5 0.6 0.5133333333333333 418 418 
0.5 0.6 0.52 415 415 
0.5 0.6 0.5266666666666666 437 437 
0.5 0.6 0.5333333333333333 451 451 
0.5 0.6 0.54 465 465 
0.5 0.6 0.5466666666666666 452 452 
0.5 0.6 0.5533333333333333 463 463 
0.5 0.6 0.56 409 409 
0.5 0.6 0.5666666666666667 419 419 
0.5 0.6 0.5733333333333334 486 486 
0.5 0.6 0.58 467 467 
0.5 0.6 0.5866666666666667 467 467 
0.5 0.6 0.5933333333333334 468 468 
0.5 0.6 0.6 478 478 
0.5 0.6 0.6066666666666667 449 449 
0.5 0.6 0.6133333333333333 447 447 
0.5 0.6 0.62 454 454 
0.5 0.6 0.6266666666666667 443 443 
0.5 0.6 0.6333333333333333 471 471 
0.5 0.6 0.64 449 449 
0.5 0.6 0.6466666666666666 446 446 
0.5 0.6 0.6533333333333333 461 461 
0.5 0.6 0.66 493 493 
0.5 0.6 0.6666666666666666 411 411 
0.5 0.6 0.6733333333333333 454 454 
0.5 0.6 0.68 473 473 
0.5 0.6 0.6866666666666666 450 450 
0.5 0.6 0.6933333333333334 482 482 
0.5 0.6 0.7 458 458 
0.5 0.6 0.7066666666666667 439 439 
0.5 0.6 0.7133333333333334 448 448 
0.5 0.6 0.72 484 484 
0.5 0.6 0.7266666666666667 438 438 
0.5 0.6 0.7333333333333333 508 508 
0.5 0.6 0.74 419 419 
0.5 0.6 0.7466666666666667 446 446 
0.5 0.6 0.7533333333333333 460 460 
0.5 0.6 0.76 462 462 
0.5 0.6 0.7666666666666667 499 499 
0.5 0.6 0.7733333333333333 506 506 
0.5 0.6 0.78 455 455 
0.5 0.6 0.7866666666666666 493 493 
0.5 0.6 0.7933333333333333 464 464 
0.5 0.6 0.8 460 460 
0.5 0.6 0.8066666666666666 432 432 
0.5 0.6 0.8133333333333334 505 505 
0.5 0.6 0.82 429 429 
0.5 0.6 0.8266666666666667 474 474 
0.5 0.6 0.8333333333333334 486 486 
0.5 0.6 0.84 447 447 
0.5 0.6 0.8466666666666667 487 487 
0.5 0.6 0.8533333333333334 440 440 
0.5 0.6 0.86 471 471 
0.5 0.6 0.8666666666666667 474 474 
0.5 0.6 0.8733333333333333 482 482 
0.5 0.6 0.88 462 462 
0.5 0.6 0.8866666666666667 429 429 
0.5 0.6 0.8933333333333333 407 407 
0.5 0.6 0.9 426 426 
0.5 0.6 0.9066666666666666 471 471 
0.5 0.6 0.9133333333333333 421 421 
0.5 0.6 0.92 422 422 
0.5 0.6 0.9266666666666666 467 467 
0.5 0.6 0.9333333333333333 468 468 
0.5 0.6 0.94 470 470 
0.5 0.6 0.9466666666666667 481 481 
0.5 0.6 0.9533333333333334 468 468 
0.5 0.6 0.96 459 459 
0.5 0.6 0.9666666666666667 502 502 
0.5 0.6 0.9733333333333334 503 503 
0.5 0.6 0.98 490 490 
0.5 0.6 0.9866666666666667 570 570 
0.5 0.6 0.9933333333333333 0 0 
0.5 0.6066666666666667 0.0 0 0 
0.5 0.6066666666666667 0.006666666666666667 594 594 
0.5 0.6066666666666667 0.013333333333333334 486 486 
0.5 0.6066666666666667 0.02 513 513 
0.5 0.6066666666666667 0.02666666666666667 440 440 
0.5 0.6066666666666667 0.03333333333333333 454 454 
0.5 0.6066666666666667 0.04 487 487 
0.5 0.6066666666666667 0.04666666666666667 464 464 
0.5 0.6066666666666667 0.05333333333333334 446 446 
0.5 0.6066666666666667 0.06 448 448 
0.5 0.6066666666666667 0.06666666666666667 429 429 
0.5 0.6066666666666667 0.07333333333333333 449 449 
0.5 0.6066666666666667 0.08 432 432 
0.5 0.6066666666666667 0.08666666666666667 492 492 
0.5 0.6066666666666667 0.09333333333333334 510 510 
0.5 0.6066666666666667 0.1 490 490 
0.5 0.6066666666666667 0.10666666666666667 487 487 
0.5 0.6066666666666667 0.11333333333333333 457 457 
0.5 0.6066666666666667 0.12 445 445 
0.5 0.6066666666666667 0.12666666666666668 455 455 
0.5 0.6066666666666667 0.13333333333333333 435 435 
0.5 0.6066666666666667 0.14 448 448 
0.5 0.6066666666666667 0.14666666666666667 472 472 
0.5 0.6066666666666667 0.15333333333333332 451 451 
0.5 0.6066666666666667 0.16 451 451 
0.5 0.6066666666666667 0.16666666666666666 449 449 
0.5 0.6066666666666667 0.17333333333333334 461 461 
0.5 0.6066666666666667 0.18 466 466 
0.5 0.6066666666666667 0.18666666666666668 467 467 
0.5 0.6066666666666667 0.19333333333333333 481 481 
0.5 0.6066666666666667 0.2 447 447 
0.5 0.6066666666666667 0.20666666666666667 476 476 
0.5 0.6066666666666667 0.21333333333333335 462 462 
0.5 0.6066666666666667 0.22 457 457 
0.5 0.6066666666666667 0.22666666666666666 507 507 
0.5 0.6066666666666667 0.23333333333333334 509 509 
0.5 0.6066666666666667 0.24 428 428 
0.5 0.6066666666666667 0.24666666666666667 453 453 
0.5 0.6066666666666667 0.25333333333333335 458 458 
0.5 0.6066666666666667 0.26 444 444 
0.5 0.6066666666666667 0.26666666666666666 394 394 
0.5 0.6066666666666667 0.2733333333333333 447 447 
0.5 0.6066666666666667 0.28 469 469 
0.5 0.6066666666666667 0.2866666666666667 459 459 
0.5 0.6066666666666667 0.29333333333333333 433 433 
0.5 0.6066666666666667 0.3 477 477 
0.5 0.6066666666666667 0.30666666666666664 423 423 
0.5 0.6066666666666667 0.31333333333333335 451 451 
0.5 0.6066666666666667 0.32 430 430 
0.5 0.6066666666666667 0.32666666666666666 465 465 
0.5 0.6066666666666667 0.3333333333333333 468 468 
0.5 0.6066666666666667 0.34 448 448 
0.5 0.6066666666666667 0.3466666666666667 448 448 
0.5 0.6066666666666667 0.35333333333333333 450 450 
0.5 0.6066666666666667 0.36 447 447 
0.5 0.6066666666666667 0.36666666666666664 441 441 
0.5 0.6066666666666667 0.37333333333333335 420 420 
0.5 0.6066666666666667 0.38 449 449 
0.5 0.6066666666666667 0.38666666666666666 437 437 
0.5 0.6066666666666667 0.3933333333333333 495 495 
0.5 0.6066666666666667 0.4 444 444 
0.5 0.6066666666666667 0.4066666666666667 458 458 
0.5 0.6066666666666667 0.41333333333333333 455 455 
0.5 0.6066666666666667 0.42 428 428 
0.5 0.6066666666666667 0.4266666666666667 433 433 
0.5 0.6066666666666667 0.43333333333333335 443 443 
0.5 0.6066666666666667 0.44 505 505 
0.5 0.6066666666666667 0.44666666666666666 460 460 
0.5 0.6066666666666667 0.4533333333333333 482 482 
0.5 0.6066666666666667 0.46 473 473 
0.5 0.6066666666666667 0.4666666666666667 498 498 
0.5 0.6066666666666667 0.47333333333333333 525 525 
0.5 0.6066666666666667 0.48 487 487 
0.5 0.6066666666666667 0.4866666666666667 521 521 
0.5 0.6066666666666667 0.49333333333333335 501 501 
0.5 0.6066666666666667 0.5 478 478 
0.5 0.6066666666666667 0.5066666666666667 483 483 
0.5 0.6066666666666667 0.5133333333333333 442 442 
0.5 0.6066666666666667 0.52 459 459 
0.5 0.6066666666666667 0.5266666666666666 441 441 
0.5 0.6066666666666667 0.5333333333333333 459 459 
0.5 0.6066666666666667 0.54 439 439 
0.5 0.6066666666666667 0.5466666666666666 412 412 
0.5 0.6066666666666667 0.5533333333333333 415 415 
0.5 0.6066666666666667 0.56 461 461 
0.5 0.6066666666666667 0.5666666666666667 487 487 
0.5 0.6066666666666667 0.5733333333333334 465 465 
0.5 0.6066666666666667 0.58 488 488 
0.5 0.6066666666666667 0.5866666666666667 463 463 
0.5 0.6066666666666667 0.5933333333333334 473 473 
0.5 0.6066666666666667 0.6 455 455 
0.5 0.6066666666666667 0.6066666666666667 430 430 
0.5 0.6066666666666667 0.6133333333333333 461 461 
0.5 0.6066666666666667 0.62 454 454 
0.5 0.6066666666666667 0.6266666666666667 489 489 
0.5 0.6066666666666667 0.6333333333333333 438 438 
0.5 0.6066666666666667 0.64 471 471 
0.5 0.6066666666666667 0.6466666666666666 496 496 
0.5 0.6066666666666667 0.6533333333333333 486 486 
0.5 0.6066666666666667 0.66 484 484 
0.5 0.6066666666666667 0.6666666666666666 491 491 
0.5 0.6066666666666667 0.6733333333333333 447 447 
0.5 0.6066666666666667 0.68 440 440 
0.5 0.6066666666666667 0.6866666666666666 415 415 
0.5 0.6066666666666667 0.6933333333333334 457 457 
0.5 0.6066666666666667 0.7 489 489 
0.5 0.6066666666666667 0.7066666666666667 484 484 
0.5 0.6066666666666667 0.7133333333333334 450 450 
0.5 0.6066666666666667 0.72 458 458 
0.5 0.6066666666666667 0.7266666666666667 434 434 
0.5 0.6066666666666667 0.7333333333333333 446 446 
0.5 0.6066666666666667 0.74 424 424 
0.5 0.6066666666666667 0.7466666666666667 490 490 
0.5 0.6066666666666667 0.7533333333333333 418 418 
0.5 0.6066666666666667 0.76 452 452 
0.5 0.6066666666666667 0.7666666666666667 474 474 
0.5 0.6066666666666667 0.7733333333333333 441 441 
0.5 0.6066666666666667 0.78 455 455 
0.5 0.6066666666666667 0.7866666666666666 462 462 
0.5 0.6066666666666667 0.7933333333333333 454 454 
0.5 0.6066666666666667 0.8 519 519 
0.5 0.6066666666666667 0.8066666666666666 448 448 
0.5 0.6066666666666667 0.8133333333333334 445 445 
0.5 0.6066666666666667 0.82 466 466 
0.5 0.6066666666666667 0.8266666666666667 456 456 
0.5 0.6066666666666667 0.8333333333333334 468 468 
0.5 0.6066666666666667 0.84 461 461 
0.5 0.6066666666666667 0.8466666666666667 471 471 
0.5 0.6066666666666667 0.8533333333333334 490 490 
0.5 0.6066666666666667 0.86 432 432 
0.5 0.6066666666666667 0.8666666666666667 446 446 
0.5 0.6066666666666667 0.8733333333333333 446 446 
0.5 0.6066666666666667 0.88 426 426 
0.5 0.6066666666666667 0.8866666666666667 444 444 
0.5 0.6066666666666667 0.8933333333333333 392 392 
0.5 0.6066666666666667 0.9 405 405 
0.5 0.6066666666666667 0.9066666666666666 469 469 
0.5 0.6066666666666667 0.9133333333333333 451 451 
0.5 0.6066666666666667 0.92 514 514 
0.5 0.6066666666666667 0.9266666666666666 474 474 
0.5 0.6066666666666667 0.9333333333333333 456 456 
0.5 0.6066666666666667 0.94 480 480 
0.5 0.6066666666666667 0.9466666666666667 472 472 
0.5 0.6066666666666667 0.9533333333333334 468 468 
0.5 0.6066666666666667 0.96 482 482 
0.5 0.6066666666666667 0.9666666666666667 464 464 
0.5 0.6066666666666667 0.9733333333333334 423 423 
0.5 0.6066666666666667 0.98 474 474 
0.5 0.6066666666666667 0.9866666666666667 557 557 
0.5 0.6066666666666667 0.9933333333333333 0 0 
0.5 0.6133333333333333 0.0 0 0 
0.5 0.6133333333333333 0.006666666666666667 596 596 
0.5 0.6133333333333333 0.013333333333333334 519 519 
0.5 0.6133333333333333 0.02 467 467 
0.5 0.6133333333333333 0.02666666666666667 496 496 
0.5 0.6133333333333333 0.03333333333333333 469 469 
0.5 0.6133333333333333 0.04 420 420 
0.5 0.6133333333333333 0.04666666666666667 455 455 
0.5 0.6133333333333333 0.05333333333333334 440 440 
0.5 0.6133333333333333 0.06 432 432 
0.5 0.6133333333333333 0.06666666666666667 454 454 
0.5 0.6133333333333333 0.07333333333333333 458 458 
0.5 0.6133333333333333 0.08 503 503 
0.5 0.6133333333333333 0.08666666666666667 448 448 
0.5 0.6133333333333333 0.09333333333333334 461 461 
0.5 0.6133333333333333 0.1 481 481 
0.5 0.6133333333333333 0.10666666666666667 460 460 
0.5 0.6133333333333333 0.11333333333333333 436 436 
0.5 0.6133333333333333 0.12 498 498 
0.5 0.6133333333333333 0.12666666666666668 468 468 
0.5 0.6133333333333333 0.13333333333333333 491 491 
0.5 0.6133333333333333 0.14 436 436 
0.5 0.6133333333333333 0.14666666666666667 421 421 
0.5 0.6133333333333333 0.15333333333333332 476 476 
0.5 0.6133333333333333 0.16 447 447 
0.5 0.6133333333333333 0.16666666666666666 471 471 
0.5 0.6133333333333333 0.17333333333333334 456 456 
0.5 0.6133333333333333 0.18 491 491 
0.5 0.6133333333333333 0.18666666666666668 506 506 
0.5 0.6133333333333333 0.19333333333333333 466 466 
0.5 0.6133333333333333 0.2 460 460 
0.5 0.6133333333333333 0.20666666666666667 449 449 
0.5 0.6133333333333333 0.21333333333333335 474 474 
0.5 0.6133333333333333 0.22 454 454 
0.5 0.6133333333333333 0.22666666666666666 453 453 
0.5 0.6133333333333333 0.23333333333333334 453 453 
0.5 0.6133333333333333 0.24 490 490 
0.5 0.6133333333333333 0.24666666666666667 481 481 
0.5 0.6133333333333333 0.25333333333333335 477 477 
0.5 0.6133333333333333 0.26 444 444 
0.5 0.6133333333333333 0.26666666666666666 453 453 
0.5 0.6133333333333333 0.2733333333333333 438 438 
0.5 0.6133333333333333 0.28 462 462 
0.5 0.6133333333333333 0.2866666666666667 499 499 
0.5 0.6133333333333333 0.29333333333333333 497 497 
0.5 0.6133333333333333 0.3 488 488 
0.5 0.6133333333333333 0.30666666666666664 494 494 
0.5 0.6133333333333333 0.31333333333333335 459 459 
0.5 0.6133333333333333 0.32 482 482 
0.5 0.6133333333333333 0.32666666666666666 470 470 
0.5 0.6133333333333333 0.3333333333333333 441 441 
0.5 0.6133333333333333 0.34 466 466 
0.5 0.6133333333333333 0.3466666666666667 480 480 
0.5 0.6133333333333333 0.35333333333333333 428 428 
0.5 0.6133333333333333 0.36 468 468 
0.5 0.6133333333333333 0.36666666666666664 449 449 
0.5 0.6133333333333333 0.37333333333333335 467 467 
0.5 0.6133333333333333 0.38 477 477 
0.5 0.6133333333333333 0.38666666666666666 464 464 
0.5 0.6133333333333333 0.3933333333333333 449 449 
0.5 0.6133333333333333 0.4 452 452 
0.5 0.6133333333333333 0.4066666666666667 462 462 
0.5 0.6133333333333333 0.41333333333333333 440 440 
0.5 0.6133333333333333 0.42 436 436 
0.5 0.6133333333333333 0.4266666666666667 447 447 
0.5 0.6133333333333333 0.43333333333333335 489 489 
0.5 0.6133333333333333 0.44 472 472 
0.5 0.6133333333333333 0.44666666666666666 477 477 
0.5 0.6133333333333333 0.4533333333333333 487 487 
0.5 0.6133333333333333 0.46 478 478 
0.5 0.6133333333333333 0.4666666666666667 481 481 
0.5 0.6133333333333333 0.47333333333333333 458 458 
0.5 0.6133333333333333 0.48 467 467 
0.5 0.6133333333333333 0.4866666666666667 439 439 
0.5 0.6133333333333333 0.49333333333333335 465 465 
0.5 0.6133333333333333 0.5 462 462 
0.5 0.6133333333333333 0.5066666666666667 461 461 
0.5 0.6133333333333333 0.5133333333333333 466 466 
0.5 0.6133333333333333 0.52 438 438 
0.5 0.6133333333333333 0.5266666666666666 423 423 
0.5 0.6133333333333333 0.5333333333333333 409 409 
0.5 0.6133333333333333 0.54 406 406 
0.5 0.6133333333333333 0.5466666666666666 442 442 
0.5 0.6133333333333333 0.5533333333333333 433 433 
0.5 0.6133333333333333 0.56 468 468 
0.5 0.6133333333333333 0.5666666666666667 463 463 
0.5 0.6133333333333333 0.5733333333333334 466 466 
0.5 0.6133333333333333 0.58 498 498 
0.5 0.6133333333333333 0.5866666666666667 443 443 
0.5 0.6133333333333333 0.5933333333333334 424 424 
0.5 0.6133333333333333 0.6 450 450 
0.5 0.6133333333333333 0.6066666666666667 499 499 
0.5 0.6133333333333333 0.6133333333333333 494 494 
0.5 0.6133333333333333 0.62 493 493 
0.5 0.6133333333333333 0.6266666666666667 454 454 
0.5 0.6133333333333333 0.6333333333333333 481 481 
0.5 0.6133333333333333 0.64 497 497 
0.5 0.6133333333333333 0.6466666666666666 477 477 
0.5 0.6133333333333333 0.6533333333333333 477 477 
0.5 0.6133333333333333 0.66 485 485 
0.5 0.6133333333333333 0.6666666666666666 463 463 
0.5 0.6133333333333333 0.6733333333333333 448 448 
0.5 0.6133333333333333 0.68 456 456 
0.5 0.6133333333333333 0.6866666666666666 467 467 
0.5 0.6133333333333333 0.6933333333333334 468 468 
0.5 0.6133333333333333 0.7 436 436 
0.5 0.6133333333333333 0.7066666666666667 445 445 
0.5 0.6133333333333333 0.7133333333333334 487 487 
0.5 0.6133333333333333 0.72 488 488 
0.5 0.6133333333333333 0.7266666666666667 464 464 
0.5 0.6133333333333333 0.7333333333333333 473 473 
0.5 0.6133333333333333 0.74 480 480 
0.5 0.6133333333333333 0.7466666666666667 443 443 
0.5 0.6133333333333333 0.7533333333333333 434 434 
0.5 0.6133333333333333 0.76 465 465 
0.5 0.6133333333333333 0.7666666666666667 427 427 
0.5 0.6133333333333333 0.7733333333333333 458 458 
0.5 0.6133333333333333 0.78 437 437 
0.5 0.6133333333333333 0.7866666666666666 461 461 
0.5 0.6133333333333333 0.7933333333333333 463 463 
0.5 0.6133333333333333 0.8 463 463 
0.5 0.6133333333333333 0.8066666666666666 461 461 
0.5 0.6133333333333333 0.8133333333333334 491 491 
0.5 0.6133333333333333 0.82 450 450 
0.5 0.6133333333333333 0.8266666666666667 467 467 
0.5 0.6133333333333333 0.8333333333333334 467 467 
0.5 0.6133333333333333 0.84 456 456 
0.5 0.6133333333333333 0.8466666666666667 475 475 
0.5 0.6133333333333333 0.8533333333333334 477 477 
0.5 0.6133333333333333 0.86 468 468 
0.5 0.6133333333333333 0.8666666666666667 438 438 
0.5 0.6133333333333333 0.8733333333333333 429 429 
0.5 0.6133333333333333 0.88 467 467 
0.5 0.6133333333333333 0.8866666666666667 453 453 
0.5 0.6133333333333333 0.8933333333333333 459 459 
0.5 0.6133333333333333 0.9 461 461 
0.5 0.6133333333333333 0.9066666666666666 449 449 
0.5 0.6133333333333333 0.9133333333333333 469 469 
0.5 0.6133333333333333 0.92 486 486 
0.5 0.6133333333333333 0.9266666666666666 450 450 
0.5 0.6133333333333333 0.9333333333333333 470 470 
0.5 0.6133333333333333 0.94 447 447 
0.5 0.6133333333333333 0.9466666666666667 477 477 
0.5 0.6133333333333333 0.9533333333333334 457 457 
0.5 0.6133333333333333 0.96 469 469 
0.5 0.6133333333333333 0.9666666666666667 459 459 
0.5 0.6133333333333333 0.9733333333333334 506 506 
0.5 0.6133333333333333 0.98 456 456 
0.5 0.6133333333333333 0.9866666666666667 568 568 
0.5 0.6133333333333333 0.9933333333333333 0 0 
0.5 0.62 0.0 0 0 
0.5 0.62 0.006666666666666667 562 562 
0.5 0.62 0.013333333333333334 482 482 
0.5 0.62 0.02 439 439 
0.5 0.62 0.02666666666666667 430 430 
0.5 0.62 0.03333333333333333 452 452 
0.5 0.62 0.04 452 452 
0.5 0.62 0.04666666666666667 450 450 
0.5 0.62 0.05333333333333334 458 458 
0.5 0.62 0.06 473 473 
0.5 0.62 0.06666666666666667 467 467 
0.5 0.62 0.07333333333333333 498 498 
0.5 0.62 0.08 458 458 
0.5 0.62 0.08666666666666667 456 456 
0.5 0.62 0.09333333333333334 483 483 
0.5 0.62 0.1 428 428 
0.5 0.62 0.10666666666666667 469 469 
0.5 0.62 0.11333333333333333 461 461 
0.5 0.62 0.12 430 430 
0.5 0.62 0.12666666666666668 470 470 
0.5 0.62 0.13333333333333333 475 475 
0.5 0.62 0.14 446 446 
0.5 0.62 0.14666666666666667 475 475 
0.5 0.62 0.15333333333333332 478 478 
0.5 0.62 0.16 442 442 
0.5 0.62 0.16666666666666666 474 474 
0.5 0.62 0.17333333333333334 471 471 
0.5 0.62 0.18 470 470 
0.5 0.62 0.18666666666666668 471 471 
0.5 0.62 0.19333333333333333 487 487 
0.5 0.62 0.2 434 434 
0.5 0.62 0.20666666666666667 451 451 
0.5 0.62 0.21333333333333335 451 451 
0.5 0.62 0.22 457 457 
0.5 0.62 0.22666666666666666 417 417 
0.5 0.62 0.23333333333333334 445 445 
0.5 0.62 0.24 451 451 
0.5 0.62 0.24666666666666667 495 495 
0.5 0.62 0.25333333333333335 460 460 
0.5 0.62 0.26 484 484 
0.5 0.62 0.26666666666666666 433 433 
0.5 0.62 0.2733333333333333 473 473 
0.5 0.62 0.28 440 440 
0.5 0.62 0.2866666666666667 501 501 
0.5 0.62 0.29333333333333333 478 478 
0.5 0.62 0.3 476 476 
0.5 0.62 0.30666666666666664 425 425 
0.5 0.62 0.31333333333333335 474 474 
0.5 0.62 0.32 434 434 
0.5 0.62 0.32666666666666666 452 452 
0.5 0.62 0.3333333333333333 500 500 
0.5 0.62 0.34 464 464 
0.5 0.62 0.3466666666666667 463 463 
0.5 0.62 0.35333333333333333 463 463 
0.5 0.62 0.36 434 434 
0.5 0.62 0.36666666666666664 442 442 
0.5 0.62 0.37333333333333335 448 448 
0.5 0.62 0.38 445 445 
0.5 0.62 0.38666666666666666 458 458 
0.5 0.62 0.3933333333333333 462 462 
0.5 0.62 0.4 429 429 
0.5 0.62 0.4066666666666667 452 452 
0.5 0.62 0.41333333333333333 465 465 
0.5 0.62 0.42 450 450 
0.5 0.62 0.4266666666666667 427 427 
0.5 0.62 0.43333333333333335 436 436 
0.5 0.62 0.44 494 494 
0.5 0.62 0.44666666666666666 475 475 
0.5 0.62 0.4533333333333333 457 457 
0.5 0.62 0.46 488 488 
0.5 0.62 0.4666666666666667 491 491 
0.5 0.62 0.47333333333333333 491 491 
0.5 0.62 0.48 469 469 
0.5 0.62 0.4866666666666667 502 502 
0.5 0.62 0.49333333333333335 473 473 
0.5 0.62 0.5 480 480 
0.5 0.62 0.5066666666666667 465 465 
0.5 0.62 0.5133333333333333 477 477 
0.5 0.62 0.52 504 504 
0.5 0.62 0.5266666666666666 466 466 
0.5 0.62 0.5333333333333333 460 460 
0.5 0.62 0.54 485 485 
0.5 0.62 0.5466666666666666 476 476 
0.5 0.62 0.5533333333333333 421 421 
0.5 0.62 0.56 441 441 
0.5 0.62 0.5666666666666667 476 476 
0.5 0.62 0.5733333333333334 496 496 
0.5 0.62 0.58 465 465 
0.5 0.62 0.5866666666666667 463 463 
0.5 0.62 0.5933333333333334 504 504 
0.5 0.62 0.6 475 475 
0.5 0.62 0.6066666666666667 429 429 
0.5 0.62 0.6133333333333333 469 469 
0.5 0.62 0.62 408 408 
0.5 0.62 0.6266666666666667 485 485 
0.5 0.62 0.6333333333333333 493 493 
0.5 0.62 0.64 475 475 
0.5 0.62 0.6466666666666666 475 475 
0.5 0.62 0.6533333333333333 449 449 
0.5 0.62 0.66 484 484 
0.5 0.62 0.6666666666666666 484 484 
0.5 0.62 0.6733333333333333 489 489 
0.5 0.62 0.68 419 419 
0.5 0.62 0.6866666666666666 488 488 
0.5 0.62 0.6933333333333334 456 456 
0.5 0.62 0.7 511 511 
0.5 0.62 0.7066666666666667 468 468 
0.5 0.62 0.7133333333333334 461 461 
0.5 0.62 0.72 479 479 
0.5 0.62 0.7266666666666667 468 468 
0.5 0.62 0.7333333333333333 438 438 
0.5 0.62 0.74 413 413 
0.5 0.62 0.7466666666666667 447 447 
0.5 0.62 0.7533333333333333 446 446 
0.5 0.62 0.76 427 427 
0.5 0.62 0.7666666666666667 422 422 
0.5 0.62 0.7733333333333333 440 440 
0.5 0.62 0.78 445 445 
0.5 0.62 0.7866666666666666 480 480 
0.5 0.62 0.7933333333333333 477 477 
0.5 0.62 0.8 490 490 
0.5 0.62 0.8066666666666666 483 483 
0.5 0.62 0.8133333333333334 446 446 
0.5 0.62 0.82 452 452 
0.5 0.62 0.8266666666666667 478 478 
0.5 0.62 0.8333333333333334 463 463 
0.5 0.62 0.84 456 456 
0.5 0.62 0.8466666666666667 439 439 
0.5 0.62 0.8533333333333334 460 460 
0.5 0.62 0.86 467 467 
0.5 0.62 0.8666666666666667 456 456 
0.5 0.62 0.8733333333333333 450 450 
0.5 0.62 0.88 532 532 
0.5 0.62 0.8866666666666667 511 511 
0.5 0.62 0.8933333333333333 449 449 
0.5 0.62 0.9 461 461 
0.5 0.62 0.9066666666666666 471 471 
0.5 0.62 0.9133333333333333 459 459 
0.5 0.62 0.92 467 467 
0.5 0.62 0.9266666666666666 443 443 
0.5 0.62 0.9333333333333333 466 466 
0.5 0.62 0.94 454 454 
0.5 0.62 0.9466666666666667 454 454 
0.5 0.62 0.9533333333333334 483 483 
0.5 0.62 0.96 461 461 
0.5 0.62 0.9666666666666667 453 453 
0.5 0.62 0.9733333333333334 458 458 
0.5 0.62 0.98 482 482 
0.5 0.62 0.9866666666666667 513 513 
0.5 0.62 0.9933333333333333 0 0 
0.5 0.6266666666666667 0.0 0 0 
0.5 0.6266666666666667 0.006666666666666667 570 570 
0.5 0.6266666666666667 0.013333333333333334 467 467 
0.5 0.6266666666666667 0.02 434 434 
0.5 0.6266666666666667 0.02666666666666667 455 455 
0.5 0.6266666666666667 0.03333333333333333 461 461 
0.5 0.6266666666666667 0.04 427 427 
0.5 0.6266666666666667 0.04666666666666667 434 434 
0.5 0.6266666666666667 0.05333333333333334 442 442 
0.5 0.6266666666666667 0.06 434 434 
0.5 0.6266666666666667 0.06666666666666667 412 412 
0.5 0.6266666666666667 0.07333333333333333 439 439 
0.5 0.6266666666666667 0.08 446 446 
0.5 0.6266666666666667 0.08666666666666667 451 451 
0.5 0.6266666666666667 0.09333333333333334 453 453 
0.5 0.6266666666666667 0.1 475 475 
0.5 0.6266666666666667 0.10666666666666667 489 489 
0.5 0.6266666666666667 0.11333333333333333 472 472 
0.5 0.6266666666666667 0.12 484 484 
0.5 0.6266666666666667 0.12666666666666668 468 468 
0.5 0.6266666666666667 0.13333333333333333 478 478 
0.5 0.6266666666666667 0.14 482 482 
0.5 0.6266666666666667 0.14666666666666667 493 493 
0.5 0.6266666666666667 0.15333333333333332 444 444 
0.5 0.6266666666666667 0.16 440 440 
0.5 0.6266666666666667 0.16666666666666666 455 455 
0.5 0.6266666666666667 0.17333333333333334 444 444 
0.5 0.6266666666666667 0.18 469 469 
0.5 0.6266666666666667 0.18666666666666668 458 458 
0.5 0.6266666666666667 0.19333333333333333 488 488 
0.5 0.6266666666666667 0.2 444 444 
0.5 0.6266666666666667 0.20666666666666667 454 454 
0.5 0.6266666666666667 0.21333333333333335 462 462 
0.5 0.6266666666666667 0.22 464 464 
0.5 0.6266666666666667 0.22666666666666666 440 440 
0.5 0.6266666666666667 0.23333333333333334 444 444 
0.5 0.6266666666666667 0.24 468 468 
0.5 0.6266666666666667 0.24666666666666667 443 443 
0.5 0.6266666666666667 0.25333333333333335 458 458 
0.5 0.6266666666666667 0.26 430 430 
0.5 0.6266666666666667 0.26666666666666666 466 466 
0.5 0.6266666666666667 0.2733333333333333 467 467 
0.5 0.6266666666666667 0.28 466 466 
0.5 0.6266666666666667 0.2866666666666667 489 489 
0.5 0.6266666666666667 0.29333333333333333 498 498 
0.5 0.6266666666666667 0.3 455 455 
0.5 0.6266666666666667 0.30666666666666664 452 452 
0.5 0.6266666666666667 0.31333333333333335 443 443 
0.5 0.6266666666666667 0.32 471 471 
0.5 0.6266666666666667 0.32666666666666666 501 501 
0.5 0.6266666666666667 0.3333333333333333 460 460 
0.5 0.6266666666666667 0.34 465 465 
0.5 0.6266666666666667 0.3466666666666667 489 489 
0.5 0.6266666666666667 0.35333333333333333 498 498 
0.5 0.6266666666666667 0.36 485 485 
0.5 0.6266666666666667 0.36666666666666664 448 448 
0.5 0.6266666666666667 0.37333333333333335 425 425 
0.5 0.6266666666666667 0.38 463 463 
0.5 0.6266666666666667 0.38666666666666666 485 485 
0.5 0.6266666666666667 0.3933333333333333 456 456 
0.5 0.6266666666666667 0.4 484 484 
0.5 0.6266666666666667 0.4066666666666667 454 454 
0.5 0.6266666666666667 0.41333333333333333 451 451 
0.5 0.6266666666666667 0.42 458 458 
0.5 0.6266666666666667 0.4266666666666667 449 449 
0.5 0.6266666666666667 0.43333333333333335 453 453 
0.5 0.6266666666666667 0.44 476 476 
0.5 0.6266666666666667 0.44666666666666666 503 503 
0.5 0.6266666666666667 0.4533333333333333 449 449 
0.5 0.6266666666666667 0.46 495 495 
0.5 0.6266666666666667 0.4666666666666667 429 429 
0.5 0.6266666666666667 0.47333333333333333 482 482 
0.5 0.6266666666666667 0.48 484 484 
0.5 0.6266666666666667 0.4866666666666667 432 432 
0.5 0.6266666666666667 0.49333333333333335 447 447 
0.5 0.6266666666666667 0.5 474 474 
0.5 0.6266666666666667 0.5066666666666667 469 469 
0.5 0.6266666666666667 0.5133333333333333 452 452 
0.5 0.6266666666666667 0.52 487 487 
0.5 0.6266666666666667 0.5266666666666666 452 452 
0.5 0.6266666666666667 0.5333333333333333 472 472 
0.5 0.6266666666666667 0.54 467 467 
0.5 0.6266666666666667 0.5466666666666666 450 450 
0.5 0.6266666666666667 0.5533333333333333 449 449 
0.5 0.6266666666666667 0.56 452 452 
0.5 0.6266666666666667 0.5666666666666667 449 449 
0.5 0.6266666666666667 0.5733333333333334 485 485 
0.5 0.6266666666666667 0.58 454 454 
0.5 0.6266666666666667 0.5866666666666667 451 451 
0.5 0.6266666666666667 0.5933333333333334 465 465 
0.5 0.6266666666666667 0.6 514 514 
0.5 0.6266666666666667 0.6066666666666667 478 478 
0.5 0.6266666666666667 0.6133333333333333 463 463 
0.5 0.6266666666666667 0.62 515 515 
0.5 0.6266666666666667 0.6266666666666667 501 501 
0.5 0.6266666666666667 0.6333333333333333 488 488 
0.5 0.6266666666666667 0.64 482 482 
0.5 0.6266666666666667 0.6466666666666666 461 461 
0.5 0.6266666666666667 0.6533333333333333 480 480 
0.5 0.6266666666666667 0.66 473 473 
0.5 0.6266666666666667 0.6666666666666666 467 467 
0.5 0.6266666666666667 0.6733333333333333 454 454 
0.5 0.6266666666666667 0.68 452 452 
0.5 0.6266666666666667 0.6866666666666666 463 463 
0.5 0.6266666666666667 0.6933333333333334 438 438 
0.5 0.6266666666666667 0.7 476 476 
0.5 0.6266666666666667 0.7066666666666667 480 480 
0.5 0.6266666666666667 0.7133333333333334 456 456 
0.5 0.6266666666666667 0.72 508 508 
0.5 0.6266666666666667 0.7266666666666667 495 495 
0.5 0.6266666666666667 0.7333333333333333 472 472 
0.5 0.6266666666666667 0.74 465 465 
0.5 0.6266666666666667 0.7466666666666667 456 456 
0.5 0.6266666666666667 0.7533333333333333 396 396 
0.5 0.6266666666666667 0.76 416 416 
0.5 0.6266666666666667 0.7666666666666667 427 427 
0.5 0.6266666666666667 0.7733333333333333 454 454 
0.5 0.6266666666666667 0.78 415 415 
0.5 0.6266666666666667 0.7866666666666666 450 450 
0.5 0.6266666666666667 0.7933333333333333 452 452 
0.5 0.6266666666666667 0.8 456 456 
0.5 0.6266666666666667 0.8066666666666666 406 406 
0.5 0.6266666666666667 0.8133333333333334 462 462 
0.5 0.6266666666666667 0.82 450 450 
0.5 0.6266666666666667 0.8266666666666667 481 481 
0.5 0.6266666666666667 0.8333333333333334 442 442 
0.5 0.6266666666666667 0.84 430 430 
0.5 0.6266666666666667 0.8466666666666667 454 454 
0.5 0.6266666666666667 0.8533333333333334 454 454 
0.5 0.6266666666666667 0.86 416 416 
0.5 0.6266666666666667 0.8666666666666667 478 478 
0.5 0.6266666666666667 0.8733333333333333 451 451 
0.5 0.6266666666666667 0.88 464 464 
0.5 0.6266666666666667 0.8866666666666667 479 479 
0.5 0.6266666666666667 0.8933333333333333 475 475 
0.5 0.6266666666666667 0.9 464 464 
0.5 0.6266666666666667 0.9066666666666666 452 452 
0.5 0.6266666666666667 0.9133333333333333 480 480 
0.5 0.6266666666666667 0.92 428 428 
0.5 0.6266666666666667 0.9266666666666666 435 435 
0.5 0.6266666666666667 0.9333333333333333 465 465 
0.5 0.6266666666666667 0.94 477 477 
0.5 0.6266666666666667 0.9466666666666667 428 428 
0.5 0.6266666666666667 0.9533333333333334 469 469 
0.5 0.6266666666666667 0.96 471 471 
0.5 0.6266666666666667 0.9666666666666667 464 464 
0.5 0.6266666666666667 0.9733333333333334 431 431 
0.5 0.6266666666666667 0.98 473 473 
0.5 0.6266666666666667 0.9866666666666667 561 561 
0.5 0.6266666666666667 0.9933333333333333 0 0 
0.5 0.6333333333333333 0.0 0 0 
0.5 0.6333333333333333 0.006666666666666667 548 548 
0.5 0.6333333333333333 0.013333333333333334 469 469 
0.5 0.6333333333333333 0.02 454 454 
0.5 0.6333333333333333 0.02666666666666667 432 432 
0.5 0.6333333333333333 0.03333333333333333 432 432 
0.5 0.6333333333333333 0.04 467 467 
0.5 0.6333333333333333 0.04666666666666667 424 424 
0.5 0.6333333333333333 0.05333333333333334 435 435 
0.5 0.6333333333333333 0.06 454 454 
0.5 0.6333333333333333 0.06666666666666667 426 426 
0.5 0.6333333333333333 0.07333333333333333 429 429 
0.5 0.6333333333333333 0.08 455 455 
0.5 0.6333333333333333 0.08666666666666667 452 452 
0.5 0.6333333333333333 0.09333333333333334 409 409 
0.5 0.6333333333333333 0.1 477 477 
0.5 0.6333333333333333 0.10666666666666667 457 457 
0.5 0.6333333333333333 0.11333333333333333 452 452 
0.5 0.6333333333333333 0.12 437 437 
0.5 0.6333333333333333 0.12666666666666668 470 470 
0.5 0.6333333333333333 0.13333333333333333 499 499 
0.5 0.6333333333333333 0.14 478 478 
0.5 0.6333333333333333 0.14666666666666667 512 512 
0.5 0.6333333333333333 0.15333333333333332 471 471 
0.5 0.6333333333333333 0.16 509 509 
0.5 0.6333333333333333 0.16666666666666666 479 479 
0.5 0.6333333333333333 0.17333333333333334 448 448 
0.5 0.6333333333333333 0.18 479 479 
0.5 0.6333333333333333 0.18666666666666668 477 477 
0.5 0.6333333333333333 0.19333333333333333 487 487 
0.5 0.6333333333333333 0.2 440 440 
0.5 0.6333333333333333 0.20666666666666667 449 449 
0.5 0.6333333333333333 0.21333333333333335 467 467 
0.5 0.6333333333333333 0.22 479 479 
0.5 0.6333333333333333 0.22666666666666666 424 424 
0.5 0.6333333333333333 0.23333333333333334 494 494 
0.5 0.6333333333333333 0.24 458 458 
0.5 0.6333333333333333 0.24666666666666667 472 472 
0.5 0.6333333333333333 0.25333333333333335 453 453 
0.5 0.6333333333333333 0.26 491 491 
0.5 0.6333333333333333 0.26666666666666666 456 456 
0.5 0.6333333333333333 0.2733333333333333 470 470 
0.5 0.6333333333333333 0.28 449 449 
0.5 0.6333333333333333 0.2866666666666667 410 410 
0.5 0.6333333333333333 0.29333333333333333 490 490 
0.5 0.6333333333333333 0.3 455 455 
0.5 0.6333333333333333 0.30666666666666664 472 472 
0.5 0.6333333333333333 0.31333333333333335 506 506 
0.5 0.6333333333333333 0.32 442 442 
0.5 0.6333333333333333 0.32666666666666666 447 447 
0.5 0.6333333333333333 0.3333333333333333 491 491 
0.5 0.6333333333333333 0.34 475 475 
0.5 0.6333333333333333 0.3466666666666667 463 463 
0.5 0.6333333333333333 0.35333333333333333 469 469 
0.5 0.6333333333333333 0.36 508 508 
0.5 0.6333333333333333 0.36666666666666664 445 445 
0.5 0.6333333333333333 0.37333333333333335 448 448 
0.5 0.6333333333333333 0.38 439 439 
0.5 0.6333333333333333 0.38666666666666666 492 492 
0.5 0.6333333333333333 0.3933333333333333 437 437 
0.5 0.6333333333333333 0.4 480 480 
0.5 0.6333333333333333 0.4066666666666667 447 447 
0.5 0.6333333333333333 0.41333333333333333 441 441 
0.5 0.6333333333333333 0.42 456 456 
0.5 0.6333333333333333 0.4266666666666667 478 478 
0.5 0.6333333333333333 0.43333333333333335 453 453 
0.5 0.6333333333333333 0.44 457 457 
0.5 0.6333333333333333 0.44666666666666666 451 451 
0.5 0.6333333333333333 0.4533333333333333 467 467 
0.5 0.6333333333333333 0.46 462 462 
0.5 0.6333333333333333 0.4666666666666667 436 436 
0.5 0.6333333333333333 0.47333333333333333 459 459 
0.5 0.6333333333333333 0.48 441 441 
0.5 0.6333333333333333 0.4866666666666667 469 469 
0.5 0.6333333333333333 0.49333333333333335 431 431 
0.5 0.6333333333333333 0.5 482 482 
0.5 0.6333333333333333 0.5066666666666667 503 503 
0.5 0.6333333333333333 0.5133333333333333 507 507 
0.5 0.6333333333333333 0.52 494 494 
0.5 0.6333333333333333 0.5266666666666666 475 475 
0.5 0.6333333333333333 0.5333333333333333 509 509 
0.5 0.6333333333333333 0.54 512 512 
0.5 0.6333333333333333 0.5466666666666666 530 530 
0.5 0.6333333333333333 0.5533333333333333 468 468 
0.5 0.6333333333333333 0.56 460 460 
0.5 0.6333333333333333 0.5666666666666667 479 479 
0.5 0.6333333333333333 0.5733333333333334 495 495 
0.5 0.6333333333333333 0.58 472 472 
0.5 0.6333333333333333 0.5866666666666667 477 477 
0.5 0.6333333333333333 0.5933333333333334 461 461 
0.5 0.6333333333333333 0.6 466 466 
0.5 0.6333333333333333 0.6066666666666667 455 455 
0.5 0.6333333333333333 0.6133333333333333 482 482 
0.5 0.6333333333333333 0.62 478 478 
0.5 0.6333333333333333 0.6266666666666667 458 458 
0.5 0.6333333333333333 0.6333333333333333 467 467 
0.5 0.6333333333333333 0.64 425 425 
0.5 0.6333333333333333 0.6466666666666666 480 480 
0.5 0.6333333333333333 0.6533333333333333 450 450 
0.5 0.6333333333333333 0.66 478 478 
0.5 0.6333333333333333 0.6666666666666666 468 468 
0.5 0.6333333333333333 0.6733333333333333 468 468 
0.5 0.6333333333333333 0.68 462 462 
0.5 0.6333333333333333 0.6866666666666666 489 489 
0.5 0.6333333333333333 0.6933333333333334 502 502 
0.5 0.6333333333333333 0.7 408 408 
0.5 0.6333333333333333 0.7066666666666667 488 488 
0.5 0.6333333333333333 0.7133333333333334 451 451 
0.5 0.6333333333333333 0.72 466 466 
0.5 0.6333333333333333 0.7266666666666667 443 443 
0.5 0.6333333333333333 0.7333333333333333 452 452 
0.5 0.6333333333333333 0.74 451 451 
0.5 0.6333333333333333 0.7466666666666667 495 495 
0.5 0.6333333333333333 0.7533333333333333 506 506 
0.5 0.6333333333333333 0.76 473 473 
0.5 0.6333333333333333 0.7666666666666667 480 480 
0.5 0.6333333333333333 0.7733333333333333 457 457 
0.5 0.6333333333333333 0.78 431 431 
0.5 0.6333333333333333 0.7866666666666666 456 456 
0.5 0.6333333333333333 0.7933333333333333 461 461 
0.5 0.6333333333333333 0.8 460 460 
0.5 0.6333333333333333 0.8066666666666666 452 452 
0.5 0.6333333333333333 0.8133333333333334 467 467 
0.5 0.6333333333333333 0.82 436 436 
0.5 0.6333333333333333 0.8266666666666667 478 478 
0.5 0.6333333333333333 0.8333333333333334 470 470 
0.5 0.6333333333333333 0.84 441 441 
0.5 0.6333333333333333 0.8466666666666667 429 429 
0.5 0.6333333333333333 0.8533333333333334 453 453 
0.5 0.6333333333333333 0.86 468 468 
0.5 0.6333333333333333 0.8666666666666667 531 531 
0.5 0.6333333333333333 0.8733333333333333 497 497 
0.5 0.6333333333333333 0.88 451 451 
0.5 0.6333333333333333 0.8866666666666667 484 484 
0.5 0.6333333333333333 0.8933333333333333 487 487 
0.5 0.6333333333333333 0.9 493 493 
0.5 0.6333333333333333 0.9066666666666666 429 429 
0.5 0.6333333333333333 0.9133333333333333 449 449 
0.5 0.6333333333333333 0.92 444 444 
0.5 0.6333333333333333 0.9266666666666666 475 475 
0.5 0.6333333333333333 0.9333333333333333 472 472 
0.5 0.6333333333333333 0.94 454 454 
0.5 0.6333333333333333 0.9466666666666667 481 481 
0.5 0.6333333333333333 0.9533333333333334 435 435 
0.5 0.6333333333333333 0.96 485 485 
0.5 0.6333333333333333 0.9666666666666667 492 492 
0.5 0.6333333333333333 0.9733333333333334 437 437 
0.5 0.6333333333333333 0.98 495 495 
0.5 0.6333333333333333 0.9866666666666667 516 516 
0.5 0.6333333333333333 0.9933333333333333 0 0 
0.5 0.64 0.0 0 0 
0.5 0.64 0.006666666666666667 558 558 
0.5 0.64 0.013333333333333334 446 446 
0.5 0.64 0.02 460 460 
0.5 0.64 0.02666666666666667 449 449 
0.5 0.64 0.03333333333333333 441 441 
0.5 0.64 0.04 435 435 
0.5 0.64 0.04666666666666667 476 476 
0.5 0.64 0.05333333333333334 437 437 
0.5 0.64 0.06 469 469 
0.5 0.64 0.06666666666666667 473 473 
0.5 0.64 0.07333333333333333 438 438 
0.5 0.64 0.08 440 440 
0.5 0.64 0.08666666666666667 468 468 
0.5 0.64 0.09333333333333334 432 432 
0.5 0.64 0.1 439 439 
0.5 0.64 0.10666666666666667 473 473 
0.5 0.64 0.11333333333333333 424 424 
0.5 0.64 0.12 484 484 
0.5 0.64 0.12666666666666668 463 463 
0.5 0.64 0.13333333333333333 477 477 
0.5 0.64 0.14 470 470 
0.5 0.64 0.14666666666666667 482 482 
0.5 0.64 0.15333333333333332 467 467 
0.5 0.64 0.16 467 467 
0.5 0.64 0.16666666666666666 467 467 
0.5 0.64 0.17333333333333334 427 427 
0.5 0.64 0.18 472 472 
0.5 0.64 0.18666666666666668 452 452 
0.5 0.64 0.19333333333333333 484 484 
0.5 0.64 0.2 481 481 
0.5 0.64 0.20666666666666667 449 449 
0.5 0.64 0.21333333333333335 481 481 
0.5 0.64 0.22 470 470 
0.5 0.64 0.22666666666666666 431 431 
0.5 0.64 0.23333333333333334 434 434 
0.5 0.64 0.24 444 444 
0.5 0.64 0.24666666666666667 467 467 
0.5 0.64 0.25333333333333335 482 482 
0.5 0.64 0.26 474 474 
0.5 0.64 0.26666666666666666 451 451 
0.5 0.64 0.2733333333333333 454 454 
0.5 0.64 0.28 487 487 
0.5 0.64 0.2866666666666667 492 492 
0.5 0.64 0.29333333333333333 485 485 
0.5 0.64 0.3 442 442 
0.5 0.64 0.30666666666666664 460 460 
0.5 0.64 0.31333333333333335 444 444 
0.5 0.64 0.32 489 489 
0.5 0.64 0.32666666666666666 448 448 
0.5 0.64 0.3333333333333333 474 474 
0.5 0.64 0.34 455 455 
0.5 0.64 0.3466666666666667 462 462 
0.5 0.64 0.35333333333333333 461 461 
0.5 0.64 0.36 453 453 
0.5 0.64 0.36666666666666664 472 472 
0.5 0.64 0.37333333333333335 472 472 
0.5 0.64 0.38 449 449 
0.5 0.64 0.38666666666666666 486 486 
0.5 0.64 0.3933333333333333 468 468 
0.5 0.64 0.4 466 466 
0.5 0.64 0.4066666666666667 444 444 
0.5 0.64 0.41333333333333333 443 443 
0.5 0.64 0.42 444 444 
0.5 0.64 0.4266666666666667 450 450 
0.5 0.64 0.43333333333333335 414 414 
0.5 0.64 0.44 486 486 
0.5 0.64 0.44666666666666666 450 450 
0.5 0.64 0.4533333333333333 441 441 
0.5 0.64 0.46 443 443 
0.5 0.64 0.4666666666666667 420 420 
0.5 0.64 0.47333333333333333 454 454 
0.5 0.64 0.48 460 460 
0.5 0.64 0.4866666666666667 468 468 
0.5 0.64 0.49333333333333335 479 479 
0.5 0.64 0.5 464 464 
0.5 0.64 0.5066666666666667 441 441 
0.5 0.64 0.5133333333333333 505 505 
0.5 0.64 0.52 512 512 
0.5 0.64 0.5266666666666666 459 459 
0.5 0.64 0.5333333333333333 463 463 
0.5 0.64 0.54 426 426 
0.5 0.64 0.5466666666666666 502 502 
0.5 0.64 0.5533333333333333 439 439 
0.5 0.64 0.56 479 479 
0.5 0.64 0.5666666666666667 456 456 
0.5 0.64 0.5733333333333334 441 441 
0.5 0.64 0.58 474 474 
0.5 0.64 0.5866666666666667 466 466 
0.5 0.64 0.5933333333333334 456 456 
0.5 0.64 0.6 407 407 
0.5 0.64 0.6066666666666667 472 472 
0.5 0.64 0.6133333333333333 475 475 
0.5 0.64 0.62 462 462 
0.5 0.64 0.6266666666666667 476 476 
0.5 0.64 0.6333333333333333 472 472 
0.5 0.64 0.64 521 521 
0.5 0.64 0.6466666666666666 454 454 
0.5 0.64 0.6533333333333333 417 417 
0.5 0.64 0.66 457 457 
0.5 0.64 0.6666666666666666 470 470 
0.5 0.64 0.6733333333333333 478 478 
0.5 0.64 0.68 461 461 
0.5 0.64 0.6866666666666666 483 483 
0.5 0.64 0.6933333333333334 470 470 
0.5 0.64 0.7 502 502 
0.5 0.64 0.7066666666666667 469 469 
0.5 0.64 0.7133333333333334 506 506 
0.5 0.64 0.72 437 437 
0.5 0.64 0.7266666666666667 466 466 
0.5 0.64 0.7333333333333333 481 481 
0.5 0.64 0.74 428 428 
0.5 0.64 0.7466666666666667 477 477 
0.5 0.64 0.7533333333333333 431 431 
0.5 0.64 0.76 467 467 
0.5 0.64 0.7666666666666667 491 491 
0.5 0.64 0.7733333333333333 431 431 
0.5 0.64 0.78 436 436 
0.5 0.64 0.7866666666666666 416 416 
0.5 0.64 0.7933333333333333 444 444 
0.5 0.64 0.8 458 458 
0.5 0.64 0.8066666666666666 462 462 
0.5 0.64 0.8133333333333334 490 490 
0.5 0.64 0.82 480 480 
0.5 0.64 0.8266666666666667 454 454 
0.5 0.64 0.8333333333333334 460 460 
0.5 0.64 0.84 437 437 
0.5 0.64 0.8466666666666667 435 435 
0.5 0.64 0.8533333333333334 434 434 
0.5 0.64 0.86 445 445 
0.5 0.64 0.8666666666666667 452 452 
0.5 0.64 0.8733333333333333 493 493 
0.5 0.64 0.88 521 521 
0.5 0.64 0.8866666666666667 476 476 
0.5 0.64 0.8933333333333333 493 493 
0.5 0.64 0.9 467 467 
0.5 0.64 0.9066666666666666 448 448 
0.5 0.64 0.9133333333333333 450 450 
0.5 0.64 0.92 463 463 
0.5 0.64 0.9266666666666666 466 466 
0.5 0.64 0.9333333333333333 464 464 
0.5 0.64 0.94 491 491 
0.5 0.64 0.9466666666666667 478 478 
0.5 0.64 0.9533333333333334 483 483 
0.5 0.64 0.96 448 448 
0.5 0.64 0.9666666666666667 486 486 
0.5 0.64 0.9733333333333334 502 502 
0.5 0.64 0.98 462 462 
0.5 0.64 0.9866666666666667 579 579 
0.5 0.64 0.9933333333333333 0 0 
0.5 0.6466666666666666 0.0 0 0 
0.5 0.6466666666666666 0.006666666666666667 525 525 
0.5 0.6466666666666666 0.013333333333333334 417 417 
0.5 0.6466666666666666 0.02 493 493 
0.5 0.6466666666666666 0.02666666666666667 439 439 
0.5 0.6466666666666666 0.03333333333333333 455 455 
0.5 0.6466666666666666 0.04 465 465 
0.5 0.6466666666666666 0.04666666666666667 464 464 
0.5 0.6466666666666666 0.05333333333333334 420 420 
0.5 0.6466666666666666 0.06 443 443 
0.5 0.6466666666666666 0.06666666666666667 439 439 
0.5 0.6466666666666666 0.07333333333333333 412 412 
0.5 0.6466666666666666 0.08 410 410 
0.5 0.6466666666666666 0.08666666666666667 446 446 
0.5 0.6466666666666666 0.09333333333333334 469 469 
0.5 0.6466666666666666 0.1 460 460 
0.5 0.6466666666666666 0.10666666666666667 471 471 
0.5 0.6466666666666666 0.11333333333333333 480 480 
0.5 0.6466666666666666 0.12 450 450 
0.5 0.6466666666666666 0.12666666666666668 423 423 
0.5 0.6466666666666666 0.13333333333333333 469 469 
0.5 0.6466666666666666 0.14 466 466 
0.5 0.6466666666666666 0.14666666666666667 449 449 
0.5 0.6466666666666666 0.15333333333333332 477 477 
0.5 0.6466666666666666 0.16 442 442 
0.5 0.6466666666666666 0.16666666666666666 448 448 
0.5 0.6466666666666666 0.17333333333333334 454 454 
0.5 0.6466666666666666 0.18 485 485 
0.5 0.6466666666666666 0.18666666666666668 457 457 
0.5 0.6466666666666666 0.19333333333333333 420 420 
0.5 0.6466666666666666 0.2 423 423 
0.5 0.6466666666666666 0.20666666666666667 465 465 
0.5 0.6466666666666666 0.21333333333333335 459 459 
0.5 0.6466666666666666 0.22 462 462 
0.5 0.6466666666666666 0.22666666666666666 456 456 
0.5 0.6466666666666666 0.23333333333333334 446 446 
0.5 0.6466666666666666 0.24 417 417 
0.5 0.6466666666666666 0.24666666666666667 442 442 
0.5 0.6466666666666666 0.25333333333333335 446 446 
0.5 0.6466666666666666 0.26 476 476 
0.5 0.6466666666666666 0.26666666666666666 465 465 
0.5 0.6466666666666666 0.2733333333333333 452 452 
0.5 0.6466666666666666 0.28 425 425 
0.5 0.6466666666666666 0.2866666666666667 450 450 
0.5 0.6466666666666666 0.29333333333333333 456 456 
0.5 0.6466666666666666 0.3 501 501 
0.5 0.6466666666666666 0.30666666666666664 457 457 
0.5 0.6466666666666666 0.31333333333333335 453 453 
0.5 0.6466666666666666 0.32 483 483 
0.5 0.6466666666666666 0.32666666666666666 458 458 
0.5 0.6466666666666666 0.3333333333333333 452 452 
0.5 0.6466666666666666 0.34 463 463 
0.5 0.6466666666666666 0.3466666666666667 453 453 
0.5 0.6466666666666666 0.35333333333333333 459 459 
0.5 0.6466666666666666 0.36 411 411 
0.5 0.6466666666666666 0.36666666666666664 480 480 
0.5 0.6466666666666666 0.37333333333333335 449 449 
0.5 0.6466666666666666 0.38 440 440 
0.5 0.6466666666666666 0.38666666666666666 434 434 
0.5 0.6466666666666666 0.3933333333333333 462 462 
0.5 0.6466666666666666 0.4 432 432 
0.5 0.6466666666666666 0.4066666666666667 504 504 
0.5 0.6466666666666666 0.41333333333333333 479 479 
0.5 0.6466666666666666 0.42 454 454 
0.5 0.6466666666666666 0.4266666666666667 481 481 
0.5 0.6466666666666666 0.43333333333333335 449 449 
0.5 0.6466666666666666 0.44 440 440 
0.5 0.6466666666666666 0.44666666666666666 456 456 
0.5 0.6466666666666666 0.4533333333333333 425 425 
0.5 0.6466666666666666 0.46 437 437 
0.5 0.6466666666666666 0.4666666666666667 452 452 
0.5 0.6466666666666666 0.47333333333333333 423 423 
0.5 0.6466666666666666 0.48 414 414 
0.5 0.6466666666666666 0.4866666666666667 463 463 
0.5 0.6466666666666666 0.49333333333333335 435 435 
0.5 0.6466666666666666 0.5 450 450 
0.5 0.6466666666666666 0.5066666666666667 450 450 
0.5 0.6466666666666666 0.5133333333333333 489 489 
0.5 0.6466666666666666 0.52 459 459 
0.5 0.6466666666666666 0.5266666666666666 485 485 
0.5 0.6466666666666666 0.5333333333333333 445 445 
0.5 0.6466666666666666 0.54 461 461 
0.5 0.6466666666666666 0.5466666666666666 470 470 
0.5 0.6466666666666666 0.5533333333333333 438 438 
0.5 0.6466666666666666 0.56 473 473 
0.5 0.6466666666666666 0.5666666666666667 456 456 
0.5 0.6466666666666666 0.5733333333333334 435 435 
0.5 0.6466666666666666 0.58 442 442 
0.5 0.6466666666666666 0.5866666666666667 449 449 
0.5 0.6466666666666666 0.5933333333333334 446 446 
0.5 0.6466666666666666 0.6 467 467 
0.5 0.6466666666666666 0.6066666666666667 455 455 
0.5 0.6466666666666666 0.6133333333333333 497 497 
0.5 0.6466666666666666 0.62 458 458 
0.5 0.6466666666666666 0.6266666666666667 453 453 
0.5 0.6466666666666666 0.6333333333333333 431 431 
0.5 0.6466666666666666 0.64 457 457 
0.5 0.6466666666666666 0.6466666666666666 451 451 
0.5 0.6466666666666666 0.6533333333333333 451 451 
0.5 0.6466666666666666 0.66 441 441 
0.5 0.6466666666666666 0.6666666666666666 428 428 
0.5 0.6466666666666666 0.6733333333333333 453 453 
0.5 0.6466666666666666 0.68 468 468 
0.5 0.6466666666666666 0.6866666666666666 476 476 
0.5 0.6466666666666666 0.6933333333333334 502 502 
0.5 0.6466666666666666 0.7 469 469 
0.5 0.6466666666666666 0.7066666666666667 459 459 
0.5 0.6466666666666666 0.7133333333333334 443 443 
0.5 0.6466666666666666 0.72 446 446 
0.5 0.6466666666666666 0.7266666666666667 521 521 
0.5 0.6466666666666666 0.7333333333333333 507 507 
0.5 0.6466666666666666 0.74 470 470 
0.5 0.6466666666666666 0.7466666666666667 507 507 
0.5 0.6466666666666666 0.7533333333333333 489 489 
0.5 0.6466666666666666 0.76 456 456 
0.5 0.6466666666666666 0.7666666666666667 459 459 
0.5 0.6466666666666666 0.7733333333333333 480 480 
0.5 0.6466666666666666 0.78 446 446 
0.5 0.6466666666666666 0.7866666666666666 435 435 
0.5 0.6466666666666666 0.7933333333333333 445 445 
0.5 0.6466666666666666 0.8 429 429 
0.5 0.6466666666666666 0.8066666666666666 424 424 
0.5 0.6466666666666666 0.8133333333333334 488 488 
0.5 0.6466666666666666 0.82 418 418 
0.5 0.6466666666666666 0.8266666666666667 431 431 
0.5 0.6466666666666666 0.8333333333333334 429 429 
0.5 0.6466666666666666 0.84 428 428 
0.5 0.6466666666666666 0.8466666666666667 458 458 
0.5 0.6466666666666666 0.8533333333333334 482 482 
0.5 0.6466666666666666 0.86 459 459 
0.5 0.6466666666666666 0.8666666666666667 482 482 
0.5 0.6466666666666666 0.8733333333333333 435 435 
0.5 0.6466666666666666 0.88 504 504 
0.5 0.6466666666666666 0.8866666666666667 433 433 
0.5 0.6466666666666666 0.8933333333333333 476 476 
0.5 0.6466666666666666 0.9 469 469 
0.5 0.6466666666666666 0.9066666666666666 429 429 
0.5 0.6466666666666666 0.9133333333333333 484 484 
0.5 0.6466666666666666 0.92 466 466 
0.5 0.6466666666666666 0.9266666666666666 463 463 
0.5 0.6466666666666666 0.9333333333333333 482 482 
0.5 0.6466666666666666 0.94 436 436 
0.5 0.6466666666666666 0.9466666666666667 435 435 
0.5 0.6466666666666666 0.9533333333333334 439 439 
0.5 0.6466666666666666 0.96 462 462 
0.5 0.6466666666666666 0.9666666666666667 472 472 
0.5 0.6466666666666666 0.9733333333333334 461 461 
0.5 0.6466666666666666 0.98 500 500 
0.5 0.6466666666666666 0.9866666666666667 586 586 
0.5 0.6466666666666666 0.9933333333333333 0 0 
0.5 0.6533333333333333 0.0 0 0 
0.5 0.6533333333333333 0.006666666666666667 551 551 
0.5 0.6533333333333333 0.013333333333333334 440 440 
0.5 0.6533333333333333 0.02 487 487 
0.5 0.6533333333333333 0.02666666666666667 463 463 
0.5 0.6533333333333333 0.03333333333333333 457 457 
0.5 0.6533333333333333 0.04 447 447 
0.5 0.6533333333333333 0.04666666666666667 464 464 
0.5 0.6533333333333333 0.05333333333333334 430 430 
0.5 0.6533333333333333 0.06 430 430 
0.5 0.6533333333333333 0.06666666666666667 452 452 
0.5 0.6533333333333333 0.07333333333333333 458 458 
0.5 0.6533333333333333 0.08 455 455 
0.5 0.6533333333333333 0.08666666666666667 437 437 
0.5 0.6533333333333333 0.09333333333333334 478 478 
0.5 0.6533333333333333 0.1 456 456 
0.5 0.6533333333333333 0.10666666666666667 456 456 
0.5 0.6533333333333333 0.11333333333333333 441 441 
0.5 0.6533333333333333 0.12 416 416 
0.5 0.6533333333333333 0.12666666666666668 425 425 
0.5 0.6533333333333333 0.13333333333333333 431 431 
0.5 0.6533333333333333 0.14 447 447 
0.5 0.6533333333333333 0.14666666666666667 471 471 
0.5 0.6533333333333333 0.15333333333333332 458 458 
0.5 0.6533333333333333 0.16 407 407 
0.5 0.6533333333333333 0.16666666666666666 452 452 
0.5 0.6533333333333333 0.17333333333333334 460 460 
0.5 0.6533333333333333 0.18 467 467 
0.5 0.6533333333333333 0.18666666666666668 454 454 
0.5 0.6533333333333333 0.19333333333333333 412 412 
0.5 0.6533333333333333 0.2 447 447 
0.5 0.6533333333333333 0.20666666666666667 462 462 
0.5 0.6533333333333333 0.21333333333333335 490 490 
0.5 0.6533333333333333 0.22 474 474 
0.5 0.6533333333333333 0.22666666666666666 450 450 
0.5 0.6533333333333333 0.23333333333333334 484 484 
0.5 0.6533333333333333 0.24 420 420 
0.5 0.6533333333333333 0.24666666666666667 441 441 
0.5 0.6533333333333333 0.25333333333333335 474 474 
0.5 0.6533333333333333 0.26 492 492 
0.5 0.6533333333333333 0.26666666666666666 483 483 
0.5 0.6533333333333333 0.2733333333333333 474 474 
0.5 0.6533333333333333 0.28 469 469 
0.5 0.6533333333333333 0.2866666666666667 439 439 
0.5 0.6533333333333333 0.29333333333333333 421 421 
0.5 0.6533333333333333 0.3 470 470 
0.5 0.6533333333333333 0.30666666666666664 482 482 
0.5 0.6533333333333333 0.31333333333333335 469 469 
0.5 0.6533333333333333 0.32 456 456 
0.5 0.6533333333333333 0.32666666666666666 450 450 
0.5 0.6533333333333333 0.3333333333333333 464 464 
0.5 0.6533333333333333 0.34 426 426 
0.5 0.6533333333333333 0.3466666666666667 434 434 
0.5 0.6533333333333333 0.35333333333333333 415 415 
0.5 0.6533333333333333 0.36 485 485 
0.5 0.6533333333333333 0.36666666666666664 427 427 
0.5 0.6533333333333333 0.37333333333333335 445 445 
0.5 0.6533333333333333 0.38 449 449 
0.5 0.6533333333333333 0.38666666666666666 441 441 
0.5 0.6533333333333333 0.3933333333333333 444 444 
0.5 0.6533333333333333 0.4 414 414 
0.5 0.6533333333333333 0.4066666666666667 502 502 
0.5 0.6533333333333333 0.41333333333333333 426 426 
0.5 0.6533333333333333 0.42 481 481 
0.5 0.6533333333333333 0.4266666666666667 491 491 
0.5 0.6533333333333333 0.43333333333333335 442 442 
0.5 0.6533333333333333 0.44 443 443 
0.5 0.6533333333333333 0.44666666666666666 468 468 
0.5 0.6533333333333333 0.4533333333333333 440 440 
0.5 0.6533333333333333 0.46 441 441 
0.5 0.6533333333333333 0.4666666666666667 422 422 
0.5 0.6533333333333333 0.47333333333333333 440 440 
0.5 0.6533333333333333 0.48 421 421 
0.5 0.6533333333333333 0.4866666666666667 469 469 
0.5 0.6533333333333333 0.49333333333333335 459 459 
0.5 0.6533333333333333 0.5 436 436 
0.5 0.6533333333333333 0.5066666666666667 446 446 
0.5 0.6533333333333333 0.5133333333333333 428 428 
0.5 0.6533333333333333 0.52 471 471 
0.5 0.6533333333333333 0.5266666666666666 482 482 
0.5 0.6533333333333333 0.5333333333333333 475 475 
0.5 0.6533333333333333 0.54 472 472 
0.5 0.6533333333333333 0.5466666666666666 454 454 
0.5 0.6533333333333333 0.5533333333333333 472 472 
0.5 0.6533333333333333 0.56 440 440 
0.5 0.6533333333333333 0.5666666666666667 477 477 
0.5 0.6533333333333333 0.5733333333333334 445 445 
0.5 0.6533333333333333 0.58 435 435 
0.5 0.6533333333333333 0.5866666666666667 432 432 
0.5 0.6533333333333333 0.5933333333333334 448 448 
0.5 0.6533333333333333 0.6 440 440 
0.5 0.6533333333333333 0.6066666666666667 441 441 
0.5 0.6533333333333333 0.6133333333333333 455 455 
0.5 0.6533333333333333 0.62 430 430 
0.5 0.6533333333333333 0.6266666666666667 442 442 
0.5 0.6533333333333333 0.6333333333333333 447 447 
0.5 0.6533333333333333 0.64 436 436 
0.5 0.6533333333333333 0.6466666666666666 444 444 
0.5 0.6533333333333333 0.6533333333333333 463 463 
0.5 0.6533333333333333 0.66 473 473 
0.5 0.6533333333333333 0.6666666666666666 502 502 
0.5 0.6533333333333333 0.6733333333333333 424 424 
0.5 0.6533333333333333 0.68 479 479 
0.5 0.6533333333333333 0.6866666666666666 482 482 
0.5 0.6533333333333333 0.6933333333333334 443 443 
0.5 0.6533333333333333 0.7 477 477 
0.5 0.6533333333333333 0.7066666666666667 464 464 
0.5 0.6533333333333333 0.7133333333333334 432 432 
0.5 0.6533333333333333 0.72 441 441 
0.5 0.6533333333333333 0.7266666666666667 479 479 
0.5 0.6533333333333333 0.7333333333333333 462 462 
0.5 0.6533333333333333 0.74 467 467 
0.5 0.6533333333333333 0.7466666666666667 479 479 
0.5 0.6533333333333333 0.7533333333333333 474 474 
0.5 0.6533333333333333 0.76 454 454 
0.5 0.6533333333333333 0.7666666666666667 487 487 
0.5 0.6533333333333333 0.7733333333333333 503 503 
0.5 0.6533333333333333 0.78 509 509 
0.5 0.6533333333333333 0.7866666666666666 465 465 
0.5 0.6533333333333333 0.7933333333333333 473 473 
0.5 0.6533333333333333 0.8 463 463 
0.5 0.6533333333333333 0.8066666666666666 485 485 
0.5 0.6533333333333333 0.8133333333333334 444 444 
0.5 0.6533333333333333 0.82 477 477 
0.5 0.6533333333333333 0.8266666666666667 429 429 
0.5 0.6533333333333333 0.8333333333333334 493 493 
0.5 0.6533333333333333 0.84 482 482 
0.5 0.6533333333333333 0.8466666666666667 481 481 
0.5 0.6533333333333333 0.8533333333333334 419 419 
0.5 0.6533333333333333 0.86 444 444 
0.5 0.6533333333333333 0.8666666666666667 434 434 
0.5 0.6533333333333333 0.8733333333333333 491 491 
0.5 0.6533333333333333 0.88 439 439 
0.5 0.6533333333333333 0.8866666666666667 443 443 
0.5 0.6533333333333333 0.8933333333333333 440 440 
0.5 0.6533333333333333 0.9 494 494 
0.5 0.6533333333333333 0.9066666666666666 460 460 
0.5 0.6533333333333333 0.9133333333333333 474 474 
0.5 0.6533333333333333 0.92 453 453 
0.5 0.6533333333333333 0.9266666666666666 482 482 
0.5 0.6533333333333333 0.9333333333333333 441 441 
0.5 0.6533333333333333 0.94 455 455 
0.5 0.6533333333333333 0.9466666666666667 478 478 
0.5 0.6533333333333333 0.9533333333333334 461 461 
0.5 0.6533333333333333 0.96 476 476 
0.5 0.6533333333333333 0.9666666666666667 445 445 
0.5 0.6533333333333333 0.9733333333333334 502 502 
0.5 0.6533333333333333 0.98 479 479 
0.5 0.6533333333333333 0.9866666666666667 550 550 
0.5 0.6533333333333333 0.9933333333333333 0 0 
0.5 0.66 0.0 0 0 
0.5 0.66 0.006666666666666667 556 556 
0.5 0.66 0.013333333333333334 452 452 
0.5 0.66 0.02 421 421 
0.5 0.66 0.02666666666666667 486 486 
0.5 0.66 0.03333333333333333 456 456 
0.5 0.66 0.04 466 466 
0.5 0.66 0.04666666666666667 465 465 
0.5 0.66 0.05333333333333334 495 495 
0.5 0.66 0.06 472 472 
0.5 0.66 0.06666666666666667 463 463 
0.5 0.66 0.07333333333333333 474 474 
0.5 0.66 0.08 470 470 
0.5 0.66 0.08666666666666667 440 440 
0.5 0.66 0.09333333333333334 401 401 
0.5 0.66 0.1 454 454 
0.5 0.66 0.10666666666666667 440 440 
0.5 0.66 0.11333333333333333 481 481 
0.5 0.66 0.12 443 443 
0.5 0.66 0.12666666666666668 438 438 
0.5 0.66 0.13333333333333333 438 438 
0.5 0.66 0.14 432 432 
0.5 0.66 0.14666666666666667 437 437 
0.5 0.66 0.15333333333333332 464 464 
0.5 0.66 0.16 460 460 
0.5 0.66 0.16666666666666666 430 430 
0.5 0.66 0.17333333333333334 453 453 
0.5 0.66 0.18 425 425 
0.5 0.66 0.18666666666666668 463 463 
0.5 0.66 0.19333333333333333 466 466 
0.5 0.66 0.2 473 473 
0.5 0.66 0.20666666666666667 446 446 
0.5 0.66 0.21333333333333335 463 463 
0.5 0.66 0.22 477 477 
0.5 0.66 0.22666666666666666 480 480 
0.5 0.66 0.23333333333333334 429 429 
0.5 0.66 0.24 482 482 
0.5 0.66 0.24666666666666667 452 452 
0.5 0.66 0.25333333333333335 465 465 
0.5 0.66 0.26 451 451 
0.5 0.66 0.26666666666666666 452 452 
0.5 0.66 0.2733333333333333 477 477 
0.5 0.66 0.28 438 438 
0.5 0.66 0.2866666666666667 484 484 
0.5 0.66 0.29333333333333333 474 474 
0.5 0.66 0.3 473 473 
0.5 0.66 0.30666666666666664 486 486 
0.5 0.66 0.31333333333333335 474 474 
0.5 0.66 0.32 441 441 
0.5 0.66 0.32666666666666666 459 459 
0.5 0.66 0.3333333333333333 470 470 
0.5 0.66 0.34 395 395 
0.5 0.66 0.3466666666666667 439 439 
0.5 0.66 0.35333333333333333 458 458 
0.5 0.66 0.36 481 481 
0.5 0.66 0.36666666666666664 465 465 
0.5 0.66 0.37333333333333335 472 472 
0.5 0.66 0.38 459 459 
0.5 0.66 0.38666666666666666 439 439 
0.5 0.66 0.3933333333333333 472 472 
0.5 0.66 0.4 450 450 
0.5 0.66 0.4066666666666667 483 483 
0.5 0.66 0.41333333333333333 476 476 
0.5 0.66 0.42 456 456 
0.5 0.66 0.4266666666666667 469 469 
0.5 0.66 0.43333333333333335 457 457 
0.5 0.66 0.44 422 422 
0.5 0.66 0.44666666666666666 468 468 
0.5 0.66 0.4533333333333333 460 460 
0.5 0.66 0.46 485 485 
0.5 0.66 0.4666666666666667 421 421 
0.5 0.66 0.47333333333333333 421 421 
0.5 0.66 0.48 441 441 
0.5 0.66 0.4866666666666667 425 425 
0.5 0.66 0.49333333333333335 407 407 
0.5 0.66 0.5 463 463 
0.5 0.66 0.5066666666666667 414 414 
0.5 0.66 0.5133333333333333 412 412 
0.5 0.66 0.52 448 448 
0.5 0.66 0.5266666666666666 434 434 
0.5 0.66 0.5333333333333333 426 426 
0.5 0.66 0.54 452 452 
0.5 0.66 0.5466666666666666 447 447 
0.5 0.66 0.5533333333333333 478 478 
0.5 0.66 0.56 470 470 
0.5 0.66 0.5666666666666667 428 428 
0.5 0.66 0.5733333333333334 455 455 
0.5 0.66 0.58 466 466 
0.5 0.66 0.5866666666666667 450 450 
0.5 0.66 0.5933333333333334 429 429 
0.5 0.66 0.6 468 468 
0.5 0.66 0.6066666666666667 446 446 
0.5 0.66 0.6133333333333333 463 463 
0.5 0.66 0.62 424 424 
0.5 0.66 0.6266666666666667 423 423 
0.5 0.66 0.6333333333333333 413 413 
0.5 0.66 0.64 466 466 
0.5 0.66 0.6466666666666666 474 474 
0.5 0.66 0.6533333333333333 470 470 
0.5 0.66 0.66 484 484 
0.5 0.66 0.6666666666666666 462 462 
0.5 0.66 0.6733333333333333 422 422 
0.5 0.66 0.68 445 445 
0.5 0.66 0.6866666666666666 437 437 
0.5 0.66 0.6933333333333334 458 458 
0.5 0.66 0.7 458 458 
0.5 0.66 0.7066666666666667 460 460 
0.5 0.66 0.7133333333333334 441 441 
0.5 0.66 0.72 393 393 
0.5 0.66 0.7266666666666667 423 423 
0.5 0.66 0.7333333333333333 447 447 
0.5 0.66 0.74 454 454 
0.5 0.66 0.7466666666666667 492 492 
0.5 0.66 0.7533333333333333 488 488 
0.5 0.66 0.76 476 476 
0.5 0.66 0.7666666666666667 449 449 
0.5 0.66 0.7733333333333333 455 455 
0.5 0.66 0.78 427 427 
0.5 0.66 0.7866666666666666 487 487 
0.5 0.66 0.7933333333333333 470 470 
0.5 0.66 0.8 461 461 
0.5 0.66 0.8066666666666666 485 485 
0.5 0.66 0.8133333333333334 441 441 
0.5 0.66 0.82 454 454 
0.5 0.66 0.8266666666666667 445 445 
0.5 0.66 0.8333333333333334 471 471 
0.5 0.66 0.84 475 475 
0.5 0.66 0.8466666666666667 438 438 
0.5 0.66 0.8533333333333334 461 461 
0.5 0.66 0.86 470 470 
0.5 0.66 0.8666666666666667 466 466 
0.5 0.66 0.8733333333333333 470 470 
0.5 0.66 0.88 453 453 
0.5 0.66 0.8866666666666667 468 468 
0.5 0.66 0.8933333333333333 470 470 
0.5 0.66 0.9 455 455 
0.5 0.66 0.9066666666666666 504 504 
0.5 0.66 0.9133333333333333 440 440 
0.5 0.66 0.92 437 437 
0.5 0.66 0.9266666666666666 471 471 
0.5 0.66 0.9333333333333333 460 460 
0.5 0.66 0.94 468 468 
0.5 0.66 0.9466666666666667 456 456 
0.5 0.66 0.9533333333333334 455 455 
0.5 0.66 0.96 457 457 
0.5 0.66 0.9666666666666667 479 479 
0.5 0.66 0.9733333333333334 455 455 
0.5 0.66 0.98 478 478 
0.5 0.66 0.9866666666666667 563 563 
0.5 0.66 0.9933333333333333 0 0 
0.5 0.6666666666666666 0.0 0 0 
0.5 0.6666666666666666 0.006666666666666667 567 567 
0.5 0.6666666666666666 0.013333333333333334 483 483 
0.5 0.6666666666666666 0.02 466 466 
0.5 0.6666666666666666 0.02666666666666667 462 462 
0.5 0.6666666666666666 0.03333333333333333 509 509 
0.5 0.6666666666666666 0.04 469 469 
0.5 0.6666666666666666 0.04666666666666667 466 466 
0.5 0.6666666666666666 0.05333333333333334 494 494 
0.5 0.6666666666666666 0.06 487 487 
0.5 0.6666666666666666 0.06666666666666667 459 459 
0.5 0.6666666666666666 0.07333333333333333 452 452 
0.5 0.6666666666666666 0.08 474 474 
0.5 0.6666666666666666 0.08666666666666667 449 449 
0.5 0.6666666666666666 0.09333333333333334 409 409 
0.5 0.6666666666666666 0.1 471 471 
0.5 0.6666666666666666 0.10666666666666667 441 441 
0.5 0.6666666666666666 0.11333333333333333 433 433 
0.5 0.6666666666666666 0.12 450 450 
0.5 0.6666666666666666 0.12666666666666668 454 454 
0.5 0.6666666666666666 0.13333333333333333 447 447 
0.5 0.6666666666666666 0.14 447 447 
0.5 0.6666666666666666 0.14666666666666667 439 439 
0.5 0.6666666666666666 0.15333333333333332 459 459 
0.5 0.6666666666666666 0.16 425 425 
0.5 0.6666666666666666 0.16666666666666666 478 478 
0.5 0.6666666666666666 0.17333333333333334 456 456 
0.5 0.6666666666666666 0.18 456 456 
0.5 0.6666666666666666 0.18666666666666668 440 440 
0.5 0.6666666666666666 0.19333333333333333 456 456 
0.5 0.6666666666666666 0.2 462 462 
0.5 0.6666666666666666 0.20666666666666667 486 486 
0.5 0.6666666666666666 0.21333333333333335 487 487 
0.5 0.6666666666666666 0.22 444 444 
0.5 0.6666666666666666 0.22666666666666666 462 462 
0.5 0.6666666666666666 0.23333333333333334 453 453 
0.5 0.6666666666666666 0.24 433 433 
0.5 0.6666666666666666 0.24666666666666667 445 445 
0.5 0.6666666666666666 0.25333333333333335 429 429 
0.5 0.6666666666666666 0.26 463 463 
0.5 0.6666666666666666 0.26666666666666666 475 475 
0.5 0.6666666666666666 0.2733333333333333 486 486 
0.5 0.6666666666666666 0.28 477 477 
0.5 0.6666666666666666 0.2866666666666667 453 453 
0.5 0.6666666666666666 0.29333333333333333 461 461 
0.5 0.6666666666666666 0.3 460 460 
0.5 0.6666666666666666 0.30666666666666664 481 481 
0.5 0.6666666666666666 0.31333333333333335 481 481 
0.5 0.6666666666666666 0.32 450 450 
0.5 0.6666666666666666 0.32666666666666666 463 463 
0.5 0.6666666666666666 0.3333333333333333 429 429 
0.5 0.6666666666666666 0.34 447 447 
0.5 0.6666666666666666 0.3466666666666667 482 482 
0.5 0.6666666666666666 0.35333333333333333 410 410 
0.5 0.6666666666666666 0.36 479 479 
0.5 0.6666666666666666 0.36666666666666664 471 471 
0.5 0.6666666666666666 0.37333333333333335 435 435 
0.5 0.6666666666666666 0.38 410 410 
0.5 0.6666666666666666 0.38666666666666666 448 448 
0.5 0.6666666666666666 0.3933333333333333 449 449 
0.5 0.6666666666666666 0.4 484 484 
0.5 0.6666666666666666 0.4066666666666667 510 510 
0.5 0.6666666666666666 0.41333333333333333 476 476 
0.5 0.6666666666666666 0.42 470 470 
0.5 0.6666666666666666 0.4266666666666667 483 483 
0.5 0.6666666666666666 0.43333333333333335 521 521 
0.5 0.6666666666666666 0.44 447 447 
0.5 0.6666666666666666 0.44666666666666666 457 457 
0.5 0.6666666666666666 0.4533333333333333 466 466 
0.5 0.6666666666666666 0.46 487 487 
0.5 0.6666666666666666 0.4666666666666667 447 447 
0.5 0.6666666666666666 0.47333333333333333 457 457 
0.5 0.6666666666666666 0.48 457 457 
0.5 0.6666666666666666 0.4866666666666667 421 421 
0.5 0.6666666666666666 0.49333333333333335 462 462 
0.5 0.6666666666666666 0.5 450 450 
0.5 0.6666666666666666 0.5066666666666667 428 428 
0.5 0.6666666666666666 0.5133333333333333 461 461 
0.5 0.6666666666666666 0.52 447 447 
0.5 0.6666666666666666 0.5266666666666666 406 406 
0.5 0.6666666666666666 0.5333333333333333 415 415 
0.5 0.6666666666666666 0.54 438 438 
0.5 0.6666666666666666 0.5466666666666666 481 481 
0.5 0.6666666666666666 0.5533333333333333 443 443 
0.5 0.6666666666666666 0.56 452 452 
0.5 0.6666666666666666 0.5666666666666667 437 437 
0.5 0.6666666666666666 0.5733333333333334 451 451 
0.5 0.6666666666666666 0.58 389 389 
0.5 0.6666666666666666 0.5866666666666667 496 496 
0.5 0.6666666666666666 0.5933333333333334 431 431 
0.5 0.6666666666666666 0.6 449 449 
0.5 0.6666666666666666 0.6066666666666667 439 439 
0.5 0.6666666666666666 0.6133333333333333 461 461 
0.5 0.6666666666666666 0.62 461 461 
0.5 0.6666666666666666 0.6266666666666667 426 426 
0.5 0.6666666666666666 0.6333333333333333 411 411 
0.5 0.6666666666666666 0.64 423 423 
0.5 0.6666666666666666 0.6466666666666666 456 456 
0.5 0.6666666666666666 0.6533333333333333 425 425 
0.5 0.6666666666666666 0.66 464 464 
0.5 0.6666666666666666 0.6666666666666666 455 455 
0.5 0.6666666666666666 0.6733333333333333 448 448 
0.5 0.6666666666666666 0.68 456 456 
0.5 0.6666666666666666 0.6866666666666666 448 448 
0.5 0.6666666666666666 0.6933333333333334 402 402 
0.5 0.6666666666666666 0.7 435 435 
0.5 0.6666666666666666 0.7066666666666667 452 452 
0.5 0.6666666666666666 0.7133333333333334 448 448 
0.5 0.6666666666666666 0.72 418 418 
0.5 0.6666666666666666 0.7266666666666667 471 471 
0.5 0.6666666666666666 0.7333333333333333 418 418 
0.5 0.6666666666666666 0.74 470 470 
0.5 0.6666666666666666 0.7466666666666667 508 508 
0.5 0.6666666666666666 0.7533333333333333 454 454 
0.5 0.6666666666666666 0.76 472 472 
0.5 0.6666666666666666 0.7666666666666667 439 439 
0.5 0.6666666666666666 0.7733333333333333 458 458 
0.5 0.6666666666666666 0.78 480 480 
0.5 0.6666666666666666 0.7866666666666666 495 495 
0.5 0.6666666666666666 0.7933333333333333 493 493 
0.5 0.6666666666666666 0.8 458 458 
0.5 0.6666666666666666 0.8066666666666666 456 456 
0.5 0.6666666666666666 0.8133333333333334 451 451 
0.5 0.6666666666666666 0.82 439 439 
0.5 0.6666666666666666 0.8266666666666667 492 492 
0.5 0.6666666666666666 0.8333333333333334 455 455 
0.5 0.6666666666666666 0.84 446 446 
0.5 0.6666666666666666 0.8466666666666667 466 466 
0.5 0.6666666666666666 0.8533333333333334 481 481 
0.5 0.6666666666666666 0.86 421 421 
0.5 0.6666666666666666 0.8666666666666667 461 461 
0.5 0.6666666666666666 0.8733333333333333 424 424 
0.5 0.6666666666666666 0.88 484 484 
0.5 0.6666666666666666 0.8866666666666667 453 453 
0.5 0.6666666666666666 0.8933333333333333 448 448 
0.5 0.6666666666666666 0.9 468 468 
0.5 0.6666666666666666 0.9066666666666666 477 477 
0.5 0.6666666666666666 0.9133333333333333 462 462 
0.5 0.6666666666666666 0.92 463 463 
0.5 0.6666666666666666 0.9266666666666666 421 421 
0.5 0.6666666666666666 0.9333333333333333 488 488 
0.5 0.6666666666666666 0.94 434 434 
0.5 0.6666666666666666 0.9466666666666667 411 411 
0.5 0.6666666666666666 0.9533333333333334 453 453 
0.5 0.6666666666666666 0.96 440 440 
0.5 0.6666666666666666 0.9666666666666667 424 424 
0.5 0.6666666666666666 0.9733333333333334 457 457 
0.5 0.6666666666666666 0.98 443 443 
0.5 0.6666666666666666 0.9866666666666667 556 556 
0.5 0.6666666666666666 0.9933333333333333 0 0 
0.5 0.6733333333333333 0.0 0 0 
0.5 0.6733333333333333 0.006666666666666667 566 566 
0.5 0.6733333333333333 0.013333333333333334 436 436 
0.5 0.6733333333333333 0.02 479 479 
0.5 0.6733333333333333 0.02666666666666667 423 423 
0.5 0.6733333333333333 0.03333333333333333 438 438 
0.5 0.6733333333333333 0.04 488 488 
0.5 0.6733333333333333 0.04666666666666667 447 447 
0.5 0.6733333333333333 0.05333333333333334 445 445 
0.5 0.6733333333333333 0.06 467 467 
0.5 0.6733333333333333 0.06666666666666667 474 474 
0.5 0.6733333333333333 0.07333333333333333 467 467 
0.5 0.6733333333333333 0.08 466 466 
0.5 0.6733333333333333 0.08666666666666667 432 432 
0.5 0.6733333333333333 0.09333333333333334 448 448 
0.5 0.6733333333333333 0.1 445 445 
0.5 0.6733333333333333 0.10666666666666667 469 469 
0.5 0.6733333333333333 0.11333333333333333 445 445 
0.5 0.6733333333333333 0.12 441 441 
0.5 0.6733333333333333 0.12666666666666668 425 425 
0.5 0.6733333333333333 0.13333333333333333 412 412 
0.5 0.6733333333333333 0.14 433 433 
0.5 0.6733333333333333 0.14666666666666667 426 426 
0.5 0.6733333333333333 0.15333333333333332 415 415 
0.5 0.6733333333333333 0.16 497 497 
0.5 0.6733333333333333 0.16666666666666666 447 447 
0.5 0.6733333333333333 0.17333333333333334 424 424 
0.5 0.6733333333333333 0.18 440 440 
0.5 0.6733333333333333 0.18666666666666668 478 478 
0.5 0.6733333333333333 0.19333333333333333 454 454 
0.5 0.6733333333333333 0.2 484 484 
0.5 0.6733333333333333 0.20666666666666667 491 491 
0.5 0.6733333333333333 0.21333333333333335 451 451 
0.5 0.6733333333333333 0.22 460 460 
0.5 0.6733333333333333 0.22666666666666666 483 483 
0.5 0.6733333333333333 0.23333333333333334 460 460 
0.5 0.6733333333333333 0.24 431 431 
0.5 0.6733333333333333 0.24666666666666667 460 460 
0.5 0.6733333333333333 0.25333333333333335 466 466 
0.5 0.6733333333333333 0.26 423 423 
0.5 0.6733333333333333 0.26666666666666666 449 449 
0.5 0.6733333333333333 0.2733333333333333 460 460 
0.5 0.6733333333333333 0.28 466 466 
0.5 0.6733333333333333 0.2866666666666667 418 418 
0.5 0.6733333333333333 0.29333333333333333 452 452 
0.5 0.6733333333333333 0.3 435 435 
0.5 0.6733333333333333 0.30666666666666664 448 448 
0.5 0.6733333333333333 0.31333333333333335 419 419 
0.5 0.6733333333333333 0.32 487 487 
0.5 0.6733333333333333 0.32666666666666666 478 478 
0.5 0.6733333333333333 0.3333333333333333 446 446 
0.5 0.6733333333333333 0.34 445 445 
0.5 0.6733333333333333 0.3466666666666667 443 443 
0.5 0.6733333333333333 0.35333333333333333 469 469 
0.5 0.6733333333333333 0.36 452 452 
0.5 0.6733333333333333 0.36666666666666664 451 451 
0.5 0.6733333333333333 0.37333333333333335 499 499 
0.5 0.6733333333333333 0.38 451 451 
0.5 0.6733333333333333 0.38666666666666666 463 463 
0.5 0.6733333333333333 0.3933333333333333 491 491 
0.5 0.6733333333333333 0.4 445 445 
0.5 0.6733333333333333 0.4066666666666667 436 436 
0.5 0.6733333333333333 0.41333333333333333 489 489 
0.5 0.6733333333333333 0.42 459 459 
0.5 0.6733333333333333 0.4266666666666667 474 474 
0.5 0.6733333333333333 0.43333333333333335 450 450 
0.5 0.6733333333333333 0.44 449 449 
0.5 0.6733333333333333 0.44666666666666666 465 465 
0.5 0.6733333333333333 0.4533333333333333 480 480 
0.5 0.6733333333333333 0.46 479 479 
0.5 0.6733333333333333 0.4666666666666667 487 487 
0.5 0.6733333333333333 0.47333333333333333 476 476 
0.5 0.6733333333333333 0.48 463 463 
0.5 0.6733333333333333 0.4866666666666667 474 474 
0.5 0.6733333333333333 0.49333333333333335 414 414 
0.5 0.6733333333333333 0.5 438 438 
0.5 0.6733333333333333 0.5066666666666667 480 480 
0.5 0.6733333333333333 0.5133333333333333 442 442 
0.5 0.6733333333333333 0.52 454 454 
0.5 0.6733333333333333 0.5266666666666666 412 412 
0.5 0.6733333333333333 0.5333333333333333 490 490 
0.5 0.6733333333333333 0.54 436 436 
0.5 0.6733333333333333 0.5466666666666666 476 476 
0.5 0.6733333333333333 0.5533333333333333 459 459 
0.5 0.6733333333333333 0.56 418 418 
0.5 0.6733333333333333 0.5666666666666667 492 492 
0.5 0.6733333333333333 0.5733333333333334 456 456 
0.5 0.6733333333333333 0.58 478 478 
0.5 0.6733333333333333 0.5866666666666667 473 473 
0.5 0.6733333333333333 0.5933333333333334 438 438 
0.5 0.6733333333333333 0.6 463 463 
0.5 0.6733333333333333 0.6066666666666667 439 439 
0.5 0.6733333333333333 0.6133333333333333 438 438 
0.5 0.6733333333333333 0.62 445 445 
0.5 0.6733333333333333 0.6266666666666667 412 412 
0.5 0.6733333333333333 0.6333333333333333 433 433 
0.5 0.6733333333333333 0.64 497 497 
0.5 0.6733333333333333 0.6466666666666666 473 473 
0.5 0.6733333333333333 0.6533333333333333 428 428 
0.5 0.6733333333333333 0.66 438 438 
0.5 0.6733333333333333 0.6666666666666666 458 458 
0.5 0.6733333333333333 0.6733333333333333 411 411 
0.5 0.6733333333333333 0.68 444 444 
0.5 0.6733333333333333 0.6866666666666666 440 440 
0.5 0.6733333333333333 0.6933333333333334 464 464 
0.5 0.6733333333333333 0.7 458 458 
0.5 0.6733333333333333 0.7066666666666667 475 475 
0.5 0.6733333333333333 0.7133333333333334 431 431 
0.5 0.6733333333333333 0.72 418 418 
0.5 0.6733333333333333 0.7266666666666667 452 452 
0.5 0.6733333333333333 0.7333333333333333 474 474 
0.5 0.6733333333333333 0.74 440 440 
0.5 0.6733333333333333 0.7466666666666667 449 449 
0.5 0.6733333333333333 0.7533333333333333 472 472 
0.5 0.6733333333333333 0.76 505 505 
0.5 0.6733333333333333 0.7666666666666667 448 448 
0.5 0.6733333333333333 0.7733333333333333 484 484 
0.5 0.6733333333333333 0.78 399 399 
0.5 0.6733333333333333 0.7866666666666666 395 395 
0.5 0.6733333333333333 0.7933333333333333 451 451 
0.5 0.6733333333333333 0.8 437 437 
0.5 0.6733333333333333 0.8066666666666666 470 470 
0.5 0.6733333333333333 0.8133333333333334 467 467 
0.5 0.6733333333333333 0.82 456 456 
0.5 0.6733333333333333 0.8266666666666667 444 444 
0.5 0.6733333333333333 0.8333333333333334 437 437 
0.5 0.6733333333333333 0.84 474 474 
0.5 0.6733333333333333 0.8466666666666667 490 490 
0.5 0.6733333333333333 0.8533333333333334 414 414 
0.5 0.6733333333333333 0.86 444 444 
0.5 0.6733333333333333 0.8666666666666667 425 425 
0.5 0.6733333333333333 0.8733333333333333 464 464 
0.5 0.6733333333333333 0.88 435 435 
0.5 0.6733333333333333 0.8866666666666667 435 435 
0.5 0.6733333333333333 0.8933333333333333 480 480 
0.5 0.6733333333333333 0.9 425 425 
0.5 0.6733333333333333 0.9066666666666666 440 440 
0.5 0.6733333333333333 0.9133333333333333 429 429 
0.5 0.6733333333333333 0.92 494 494 
0.5 0.6733333333333333 0.9266666666666666 483 483 
0.5 0.6733333333333333 0.9333333333333333 436 436 
0.5 0.6733333333333333 0.94 458 458 
0.5 0.6733333333333333 0.9466666666666667 419 419 
0.5 0.6733333333333333 0.9533333333333334 440 440 
0.5 0.6733333333333333 0.96 457 457 
0.5 0.6733333333333333 0.9666666666666667 436 436 
0.5 0.6733333333333333 0.9733333333333334 452 452 
0.5 0.6733333333333333 0.98 474 474 
0.5 0.6733333333333333 0.9866666666666667 534 534 
0.5 0.6733333333333333 0.9933333333333333 0 0 
0.5 0.68 0.0 0 0 
0.5 0.68 0.006666666666666667 553 553 
0.5 0.68 0.013333333333333334 429 429 
0.5 0.68 0.02 452 452 
0.5 0.68 0.02666666666666667 434 434 
0.5 0.68 0.03333333333333333 448 448 
0.5 0.68 0.04 478 478 
0.5 0.68 0.04666666666666667 445 445 
0.5 0.68 0.05333333333333334 417 417 
0.5 0.68 0.06 482 482 
0.5 0.68 0.06666666666666667 478 478 
0.5 0.68 0.07333333333333333 457 457 
0.5 0.68 0.08 456 456 
0.5 0.68 0.08666666666666667 439 439 
0.5 0.68 0.09333333333333334 430 430 
0.5 0.68 0.1 459 459 
0.5 0.68 0.10666666666666667 436 436 
0.5 0.68 0.11333333333333333 442 442 
0.5 0.68 0.12 405 405 
0.5 0.68 0.12666666666666668 442 442 
0.5 0.68 0.13333333333333333 442 442 
0.5 0.68 0.14 454 454 
0.5 0.68 0.14666666666666667 433 433 
0.5 0.68 0.15333333333333332 455 455 
0.5 0.68 0.16 443 443 
0.5 0.68 0.16666666666666666 459 459 
0.5 0.68 0.17333333333333334 448 448 
0.5 0.68 0.18 428 428 
0.5 0.68 0.18666666666666668 446 446 
0.5 0.68 0.19333333333333333 463 463 
0.5 0.68 0.2 449 449 
0.5 0.68 0.20666666666666667 436 436 
0.5 0.68 0.21333333333333335 469 469 
0.5 0.68 0.22 460 460 
0.5 0.68 0.22666666666666666 456 456 
0.5 0.68 0.23333333333333334 469 469 
0.5 0.68 0.24 482 482 
0.5 0.68 0.24666666666666667 461 461 
0.5 0.68 0.25333333333333335 466 466 
0.5 0.68 0.26 452 452 
0.5 0.68 0.26666666666666666 475 475 
0.5 0.68 0.2733333333333333 468 468 
0.5 0.68 0.28 474 474 
0.5 0.68 0.2866666666666667 478 478 
0.5 0.68 0.29333333333333333 470 470 
0.5 0.68 0.3 473 473 
0.5 0.68 0.30666666666666664 481 481 
0.5 0.68 0.31333333333333335 419 419 
0.5 0.68 0.32 496 496 
0.5 0.68 0.32666666666666666 463 463 
0.5 0.68 0.3333333333333333 474 474 
0.5 0.68 0.34 431 431 
0.5 0.68 0.3466666666666667 465 465 
0.5 0.68 0.35333333333333333 476 476 
0.5 0.68 0.36 466 466 
0.5 0.68 0.36666666666666664 443 443 
0.5 0.68 0.37333333333333335 434 434 
0.5 0.68 0.38 437 437 
0.5 0.68 0.38666666666666666 485 485 
0.5 0.68 0.3933333333333333 461 461 
0.5 0.68 0.4 419 419 
0.5 0.68 0.4066666666666667 463 463 
0.5 0.68 0.41333333333333333 431 431 
0.5 0.68 0.42 488 488 
0.5 0.68 0.4266666666666667 461 461 
0.5 0.68 0.43333333333333335 446 446 
0.5 0.68 0.44 437 437 
0.5 0.68 0.44666666666666666 439 439 
0.5 0.68 0.4533333333333333 481 481 
0.5 0.68 0.46 451 451 
0.5 0.68 0.4666666666666667 462 462 
0.5 0.68 0.47333333333333333 451 451 
0.5 0.68 0.48 487 487 
0.5 0.68 0.4866666666666667 458 458 
0.5 0.68 0.49333333333333335 511 511 
0.5 0.68 0.5 465 465 
0.5 0.68 0.5066666666666667 469 469 
0.5 0.68 0.5133333333333333 403 403 
0.5 0.68 0.52 438 438 
0.5 0.68 0.5266666666666666 432 432 
0.5 0.68 0.5333333333333333 414 414 
0.5 0.68 0.54 430 430 
0.5 0.68 0.5466666666666666 472 472 
0.5 0.68 0.5533333333333333 434 434 
0.5 0.68 0.56 459 459 
0.5 0.68 0.5666666666666667 445 445 
0.5 0.68 0.5733333333333334 455 455 
0.5 0.68 0.58 472 472 
0.5 0.68 0.5866666666666667 440 440 
0.5 0.68 0.5933333333333334 465 465 
0.5 0.68 0.6 457 457 
0.5 0.68 0.6066666666666667 443 443 
0.5 0.68 0.6133333333333333 469 469 
0.5 0.68 0.62 458 458 
0.5 0.68 0.6266666666666667 436 436 
0.5 0.68 0.6333333333333333 431 431 
0.5 0.68 0.64 367 367 
0.5 0.68 0.6466666666666666 430 430 
0.5 0.68 0.6533333333333333 471 471 
0.5 0.68 0.66 446 446 
0.5 0.68 0.6666666666666666 477 477 
0.5 0.68 0.6733333333333333 407 407 
0.5 0.68 0.68 460 460 
0.5 0.68 0.6866666666666666 421 421 
0.5 0.68 0.6933333333333334 411 411 
0.5 0.68 0.7 451 451 
0.5 0.68 0.7066666666666667 462 462 
0.5 0.68 0.7133333333333334 440 440 
0.5 0.68 0.72 488 488 
0.5 0.68 0.7266666666666667 459 459 
0.5 0.68 0.7333333333333333 456 456 
0.5 0.68 0.74 413 413 
0.5 0.68 0.7466666666666667 475 475 
0.5 0.68 0.7533333333333333 430 430 
0.5 0.68 0.76 424 424 
0.5 0.68 0.7666666666666667 467 467 
0.5 0.68 0.7733333333333333 458 458 
0.5 0.68 0.78 454 454 
0.5 0.68 0.7866666666666666 461 461 
0.5 0.68 0.7933333333333333 492 492 
0.5 0.68 0.8 461 461 
0.5 0.68 0.8066666666666666 456 456 
0.5 0.68 0.8133333333333334 429 429 
0.5 0.68 0.82 480 480 
0.5 0.68 0.8266666666666667 451 451 
0.5 0.68 0.8333333333333334 420 420 
0.5 0.68 0.84 421 421 
0.5 0.68 0.8466666666666667 440 440 
0.5 0.68 0.8533333333333334 458 458 
0.5 0.68 0.86 480 480 
0.5 0.68 0.8666666666666667 435 435 
0.5 0.68 0.8733333333333333 427 427 
0.5 0.68 0.88 403 403 
0.5 0.68 0.8866666666666667 438 438 
0.5 0.68 0.8933333333333333 413 413 
0.5 0.68 0.9 460 460 
0.5 0.68 0.9066666666666666 436 436 
0.5 0.68 0.9133333333333333 433 433 
0.5 0.68 0.92 429 429 
0.5 0.68 0.9266666666666666 438 438 
0.5 0.68 0.9333333333333333 466 466 
0.5 0.68 0.94 476 476 
0.5 0.68 0.9466666666666667 467 467 
0.5 0.68 0.9533333333333334 438 438 
0.5 0.68 0.96 455 455 
0.5 0.68 0.9666666666666667 436 436 
0.5 0.68 0.9733333333333334 431 431 
0.5 0.68 0.98 446 446 
0.5 0.68 0.9866666666666667 521 521 
0.5 0.68 0.9933333333333333 0 0 
0.5 0.6866666666666666 0.0 0 0 
0.5 0.6866666666666666 0.006666666666666667 539 539 
0.5 0.6866666666666666 0.013333333333333334 466 466 
0.5 0.6866666666666666 0.02 459 459 
0.5 0.6866666666666666 0.02666666666666667 432 432 
0.5 0.6866666666666666 0.03333333333333333 442 442 
0.5 0.6866666666666666 0.04 413 413 
0.5 0.6866666666666666 0.04666666666666667 417 417 
0.5 0.6866666666666666 0.05333333333333334 435 435 
0.5 0.6866666666666666 0.06 440 440 
0.5 0.6866666666666666 0.06666666666666667 456 456 
0.5 0.6866666666666666 0.07333333333333333 486 486 
0.5 0.6866666666666666 0.08 487 487 
0.5 0.6866666666666666 0.08666666666666667 478 478 
0.5 0.6866666666666666 0.09333333333333334 418 418 
0.5 0.6866666666666666 0.1 442 442 
0.5 0.6866666666666666 0.10666666666666667 447 447 
0.5 0.6866666666666666 0.11333333333333333 467 467 
0.5 0.6866666666666666 0.12 458 458 
0.5 0.6866666666666666 0.12666666666666668 510 510 
0.5 0.6866666666666666 0.13333333333333333 469 469 
0.5 0.6866666666666666 0.14 451 451 
0.5 0.6866666666666666 0.14666666666666667 472 472 
0.5 0.6866666666666666 0.15333333333333332 446 446 
0.5 0.6866666666666666 0.16 455 455 
0.5 0.6866666666666666 0.16666666666666666 486 486 
0.5 0.6866666666666666 0.17333333333333334 470 470 
0.5 0.6866666666666666 0.18 475 475 
0.5 0.6866666666666666 0.18666666666666668 407 407 
0.5 0.6866666666666666 0.19333333333333333 438 438 
0.5 0.6866666666666666 0.2 450 450 
0.5 0.6866666666666666 0.20666666666666667 444 444 
0.5 0.6866666666666666 0.21333333333333335 461 461 
0.5 0.6866666666666666 0.22 484 484 
0.5 0.6866666666666666 0.22666666666666666 480 480 
0.5 0.6866666666666666 0.23333333333333334 470 470 
0.5 0.6866666666666666 0.24 462 462 
0.5 0.6866666666666666 0.24666666666666667 475 475 
0.5 0.6866666666666666 0.25333333333333335 465 465 
0.5 0.6866666666666666 0.26 452 452 
0.5 0.6866666666666666 0.26666666666666666 440 440 
0.5 0.6866666666666666 0.2733333333333333 443 443 
0.5 0.6866666666666666 0.28 461 461 
0.5 0.6866666666666666 0.2866666666666667 461 461 
0.5 0.6866666666666666 0.29333333333333333 470 470 
0.5 0.6866666666666666 0.3 429 429 
0.5 0.6866666666666666 0.30666666666666664 437 437 
0.5 0.6866666666666666 0.31333333333333335 465 465 
0.5 0.6866666666666666 0.32 449 449 
0.5 0.6866666666666666 0.32666666666666666 473 473 
0.5 0.6866666666666666 0.3333333333333333 447 447 
0.5 0.6866666666666666 0.34 460 460 
0.5 0.6866666666666666 0.3466666666666667 459 459 
0.5 0.6866666666666666 0.35333333333333333 472 472 
0.5 0.6866666666666666 0.36 463 463 
0.5 0.6866666666666666 0.36666666666666664 429 429 
0.5 0.6866666666666666 0.37333333333333335 417 417 
0.5 0.6866666666666666 0.38 456 456 
0.5 0.6866666666666666 0.38666666666666666 411 411 
0.5 0.6866666666666666 0.3933333333333333 433 433 
0.5 0.6866666666666666 0.4 425 425 
0.5 0.6866666666666666 0.4066666666666667 421 421 
0.5 0.6866666666666666 0.41333333333333333 453 453 
0.5 0.6866666666666666 0.42 474 474 
0.5 0.6866666666666666 0.4266666666666667 426 426 
0.5 0.6866666666666666 0.43333333333333335 457 457 
0.5 0.6866666666666666 0.44 456 456 
0.5 0.6866666666666666 0.44666666666666666 474 474 
0.5 0.6866666666666666 0.4533333333333333 454 454 
0.5 0.6866666666666666 0.46 474 474 
0.5 0.6866666666666666 0.4666666666666667 483 483 
0.5 0.6866666666666666 0.47333333333333333 439 439 
0.5 0.6866666666666666 0.48 450 450 
0.5 0.6866666666666666 0.4866666666666667 425 425 
0.5 0.6866666666666666 0.49333333333333335 429 429 
0.5 0.6866666666666666 0.5 419 419 
0.5 0.6866666666666666 0.5066666666666667 470 470 
0.5 0.6866666666666666 0.5133333333333333 459 459 
0.5 0.6866666666666666 0.52 486 486 
0.5 0.6866666666666666 0.5266666666666666 463 463 
0.5 0.6866666666666666 0.5333333333333333 437 437 
0.5 0.6866666666666666 0.54 437 437 
0.5 0.6866666666666666 0.5466666666666666 432 432 
0.5 0.6866666666666666 0.5533333333333333 443 443 
0.5 0.6866666666666666 0.56 446 446 
0.5 0.6866666666666666 0.5666666666666667 473 473 
0.5 0.6866666666666666 0.5733333333333334 460 460 
0.5 0.6866666666666666 0.58 492 492 
0.5 0.6866666666666666 0.5866666666666667 472 472 
0.5 0.6866666666666666 0.5933333333333334 483 483 
0.5 0.6866666666666666 0.6 437 437 
0.5 0.6866666666666666 0.6066666666666667 475 475 
0.5 0.6866666666666666 0.6133333333333333 490 490 
0.5 0.6866666666666666 0.62 431 431 
0.5 0.6866666666666666 0.6266666666666667 426 426 
0.5 0.6866666666666666 0.6333333333333333 469 469 
0.5 0.6866666666666666 0.64 461 461 
0.5 0.6866666666666666 0.6466666666666666 435 435 
0.5 0.6866666666666666 0.6533333333333333 467 467 
0.5 0.6866666666666666 0.66 455 455 
0.5 0.6866666666666666 0.6666666666666666 438 438 
0.5 0.6866666666666666 0.6733333333333333 422 422 
0.5 0.6866666666666666 0.68 407 407 
0.5 0.6866666666666666 0.6866666666666666 472 472 
0.5 0.6866666666666666 0.6933333333333334 436 436 
0.5 0.6866666666666666 0.7 442 442 
0.5 0.6866666666666666 0.7066666666666667 473 473 
0.5 0.6866666666666666 0.7133333333333334 443 443 
0.5 0.6866666666666666 0.72 511 511 
0.5 0.6866666666666666 0.7266666666666667 453 453 
0.5 0.6866666666666666 0.7333333333333333 444 444 
0.5 0.6866666666666666 0.74 425 425 
0.5 0.6866666666666666 0.7466666666666667 425 425 
0.5 0.6866666666666666 0.7533333333333333 401 401 
0.5 0.6866666666666666 0.76 477 477 
0.5 0.6866666666666666 0.7666666666666667 445 445 
0.5 0.6866666666666666 0.7733333333333333 427 427 
0.5 0.6866666666666666 0.78 444 444 
0.5 0.6866666666666666 0.7866666666666666 414 414 
0.5 0.6866666666666666 0.7933333333333333 431 431 
0.5 0.6866666666666666 0.8 490 490 
0.5 0.6866666666666666 0.8066666666666666 433 433 
0.5 0.6866666666666666 0.8133333333333334 447 447 
0.5 0.6866666666666666 0.82 450 450 
0.5 0.6866666666666666 0.8266666666666667 442 442 
0.5 0.6866666666666666 0.8333333333333334 465 465 
0.5 0.6866666666666666 0.84 424 424 
0.5 0.6866666666666666 0.8466666666666667 471 471 
0.5 0.6866666666666666 0.8533333333333334 441 441 
0.5 0.6866666666666666 0.86 442 442 
0.5 0.6866666666666666 0.8666666666666667 476 476 
0.5 0.6866666666666666 0.8733333333333333 423 423 
0.5 0.6866666666666666 0.88 434 434 
0.5 0.6866666666666666 0.8866666666666667 459 459 
0.5 0.6866666666666666 0.8933333333333333 446 446 
0.5 0.6866666666666666 0.9 463 463 
0.5 0.6866666666666666 0.9066666666666666 444 444 
0.5 0.6866666666666666 0.9133333333333333 457 457 
0.5 0.6866666666666666 0.92 458 458 
0.5 0.6866666666666666 0.9266666666666666 459 459 
0.5 0.6866666666666666 0.9333333333333333 436 436 
0.5 0.6866666666666666 0.94 431 431 
0.5 0.6866666666666666 0.9466666666666667 466 466 
0.5 0.6866666666666666 0.9533333333333334 428 428 
0.5 0.6866666666666666 0.96 457 457 
0.5 0.6866666666666666 0.9666666666666667 467 467 
0.5 0.6866666666666666 0.9733333333333334 457 457 
0.5 0.6866666666666666 0.98 476 476 
0.5 0.6866666666666666 0.9866666666666667 587 587 
0.5 0.6866666666666666 0.9933333333333333 0 0 
0.5 0.6933333333333334 0.0 0 0 
0.5 0.6933333333333334 0.006666666666666667 539 539 
0.5 0.6933333333333334 0.013333333333333334 476 476 
0.5 0.6933333333333334 0.02 439 439 
0.5 0.6933333333333334 0.02666666666666667 429 429 
0.5 0.6933333333333334 0.03333333333333333 453 453 
0.5 0.6933333333333334 0.04 397 397 
0.5 0.6933333333333334 0.04666666666666667 441 441 
0.5 0.6933333333333334 0.05333333333333334 481 481 
0.5 0.6933333333333334 0.06 424 424 
0.5 0.6933333333333334 0.06666666666666667 450 450 
0.5 0.6933333333333334 0.07333333333333333 439 439 
0.5 0.6933333333333334 0.08 454 454 
0.5 0.6933333333333334 0.08666666666666667 458 458 
0.5 0.6933333333333334 0.09333333333333334 458 458 
0.5 0.6933333333333334 0.1 454 454 
0.5 0.6933333333333334 0.10666666666666667 503 503 
0.5 0.6933333333333334 0.11333333333333333 435 435 
0.5 0.6933333333333334 0.12 440 440 
0.5 0.6933333333333334 0.12666666666666668 502 502 
0.5 0.6933333333333334 0.13333333333333333 427 427 
0.5 0.6933333333333334 0.14 431 431 
0.5 0.6933333333333334 0.14666666666666667 421 421 
0.5 0.6933333333333334 0.15333333333333332 476 476 
0.5 0.6933333333333334 0.16 447 447 
0.5 0.6933333333333334 0.16666666666666666 420 420 
0.5 0.6933333333333334 0.17333333333333334 458 458 
0.5 0.6933333333333334 0.18 428 428 
0.5 0.6933333333333334 0.18666666666666668 480 480 
0.5 0.6933333333333334 0.19333333333333333 432 432 
0.5 0.6933333333333334 0.2 437 437 
0.5 0.6933333333333334 0.20666666666666667 446 446 
0.5 0.6933333333333334 0.21333333333333335 486 486 
0.5 0.6933333333333334 0.22 451 451 
0.5 0.6933333333333334 0.22666666666666666 413 413 
0.5 0.6933333333333334 0.23333333333333334 449 449 
0.5 0.6933333333333334 0.24 460 460 
0.5 0.6933333333333334 0.24666666666666667 445 445 
0.5 0.6933333333333334 0.25333333333333335 422 422 
0.5 0.6933333333333334 0.26 419 419 
0.5 0.6933333333333334 0.26666666666666666 427 427 
0.5 0.6933333333333334 0.2733333333333333 444 444 
0.5 0.6933333333333334 0.28 424 424 
0.5 0.6933333333333334 0.2866666666666667 442 442 
0.5 0.6933333333333334 0.29333333333333333 425 425 
0.5 0.6933333333333334 0.3 440 440 
0.5 0.6933333333333334 0.30666666666666664 451 451 
0.5 0.6933333333333334 0.31333333333333335 466 466 
0.5 0.6933333333333334 0.32 436 436 
0.5 0.6933333333333334 0.32666666666666666 416 416 
0.5 0.6933333333333334 0.3333333333333333 460 460 
0.5 0.6933333333333334 0.34 477 477 
0.5 0.6933333333333334 0.3466666666666667 453 453 
0.5 0.6933333333333334 0.35333333333333333 452 452 
0.5 0.6933333333333334 0.36 484 484 
0.5 0.6933333333333334 0.36666666666666664 440 440 
0.5 0.6933333333333334 0.37333333333333335 467 467 
0.5 0.6933333333333334 0.38 506 506 
0.5 0.6933333333333334 0.38666666666666666 461 461 
0.5 0.6933333333333334 0.3933333333333333 433 433 
0.5 0.6933333333333334 0.4 432 432 
0.5 0.6933333333333334 0.4066666666666667 433 433 
0.5 0.6933333333333334 0.41333333333333333 432 432 
0.5 0.6933333333333334 0.42 418 418 
0.5 0.6933333333333334 0.4266666666666667 463 463 
0.5 0.6933333333333334 0.43333333333333335 460 460 
0.5 0.6933333333333334 0.44 497 497 
0.5 0.6933333333333334 0.44666666666666666 433 433 
0.5 0.6933333333333334 0.4533333333333333 438 438 
0.5 0.6933333333333334 0.46 424 424 
0.5 0.6933333333333334 0.4666666666666667 474 474 
0.5 0.6933333333333334 0.47333333333333333 449 449 
0.5 0.6933333333333334 0.48 458 458 
0.5 0.6933333333333334 0.4866666666666667 438 438 
0.5 0.6933333333333334 0.49333333333333335 473 473 
0.5 0.6933333333333334 0.5 480 480 
0.5 0.6933333333333334 0.5066666666666667 458 458 
0.5 0.6933333333333334 0.5133333333333333 435 435 
0.5 0.6933333333333334 0.52 489 489 
0.5 0.6933333333333334 0.5266666666666666 432 432 
0.5 0.6933333333333334 0.5333333333333333 445 445 
0.5 0.6933333333333334 0.54 462 462 
0.5 0.6933333333333334 0.5466666666666666 487 487 
0.5 0.6933333333333334 0.5533333333333333 406 406 
0.5 0.6933333333333334 0.56 457 457 
0.5 0.6933333333333334 0.5666666666666667 452 452 
0.5 0.6933333333333334 0.5733333333333334 447 447 
0.5 0.6933333333333334 0.58 472 472 
0.5 0.6933333333333334 0.5866666666666667 498 498 
0.5 0.6933333333333334 0.5933333333333334 480 480 
0.5 0.6933333333333334 0.6 461 461 
0.5 0.6933333333333334 0.6066666666666667 460 460 
0.5 0.6933333333333334 0.6133333333333333 459 459 
0.5 0.6933333333333334 0.62 483 483 
0.5 0.6933333333333334 0.6266666666666667 456 456 
0.5 0.6933333333333334 0.6333333333333333 470 470 
0.5 0.6933333333333334 0.64 475 475 
0.5 0.6933333333333334 0.6466666666666666 452 452 
0.5 0.6933333333333334 0.6533333333333333 426 426 
0.5 0.6933333333333334 0.66 465 465 
0.5 0.6933333333333334 0.6666666666666666 441 441 
0.5 0.6933333333333334 0.6733333333333333 489 489 
0.5 0.6933333333333334 0.68 479 479 
0.5 0.6933333333333334 0.6866666666666666 447 447 
0.5 0.6933333333333334 0.6933333333333334 487 487 
0.5 0.6933333333333334 0.7 423 423 
0.5 0.6933333333333334 0.7066666666666667 411 411 
0.5 0.6933333333333334 0.7133333333333334 480 480 
0.5 0.6933333333333334 0.72 498 498 
0.5 0.6933333333333334 0.7266666666666667 487 487 
0.5 0.6933333333333334 0.7333333333333333 460 460 
0.5 0.6933333333333334 0.74 388 388 
0.5 0.6933333333333334 0.7466666666666667 399 399 
0.5 0.6933333333333334 0.7533333333333333 419 419 
0.5 0.6933333333333334 0.76 384 384 
0.5 0.6933333333333334 0.7666666666666667 434 434 
0.5 0.6933333333333334 0.7733333333333333 436 436 
0.5 0.6933333333333334 0.78 483 483 
0.5 0.6933333333333334 0.7866666666666666 427 427 
0.5 0.6933333333333334 0.7933333333333333 412 412 
0.5 0.6933333333333334 0.8 405 405 
0.5 0.6933333333333334 0.8066666666666666 448 448 
0.5 0.6933333333333334 0.8133333333333334 438 438 
0.5 0.6933333333333334 0.82 434 434 
0.5 0.6933333333333334 0.8266666666666667 427 427 
0.5 0.6933333333333334 0.8333333333333334 428 428 
0.5 0.6933333333333334 0.84 448 448 
0.5 0.6933333333333334 0.8466666666666667 407 407 
0.5 0.6933333333333334 0.8533333333333334 481 481 
0.5 0.6933333333333334 0.86 423 423 
0.5 0.6933333333333334 0.8666666666666667 432 432 
0.5 0.6933333333333334 0.8733333333333333 450 450 
0.5 0.6933333333333334 0.88 484 484 
0.5 0.6933333333333334 0.8866666666666667 421 421 
0.5 0.6933333333333334 0.8933333333333333 441 441 
0.5 0.6933333333333334 0.9 424 424 
0.5 0.6933333333333334 0.9066666666666666 437 437 
0.5 0.6933333333333334 0.9133333333333333 487 487 
0.5 0.6933333333333334 0.92 458 458 
0.5 0.6933333333333334 0.9266666666666666 442 442 
0.5 0.6933333333333334 0.9333333333333333 411 411 
0.5 0.6933333333333334 0.94 455 455 
0.5 0.6933333333333334 0.9466666666666667 426 426 
0.5 0.6933333333333334 0.9533333333333334 465 465 
0.5 0.6933333333333334 0.96 474 474 
0.5 0.6933333333333334 0.9666666666666667 465 465 
0.5 0.6933333333333334 0.9733333333333334 428 428 
0.5 0.6933333333333334 0.98 476 476 
0.5 0.6933333333333334 0.9866666666666667 539 539 
0.5 0.6933333333333334 0.9933333333333333 0 0 
0.5 0.7 0.0 0 0 
0.5 0.7 0.006666666666666667 561 561 
0.5 0.7 0.013333333333333334 472 472 
0.5 0.7 0.02 474 474 
0.5 0.7 0.02666666666666667 478 478 
0.5 0.7 0.03333333333333333 454 454 
0.5 0.7 0.04 418 418 
0.5 0.7 0.04666666666666667 424 424 
0.5 0.7 0.05333333333333334 395 395 
0.5 0.7 0.06 420 420 
0.5 0.7 0.06666666666666667 460 460 
0.5 0.7 0.07333333333333333 452 452 
0.5 0.7 0.08 462 462 
0.5 0.7 0.08666666666666667 436 436 
0.5 0.7 0.09333333333333334 449 449 
0.5 0.7 0.1 427 427 
0.5 0.7 0.10666666666666667 482 482 
0.5 0.7 0.11333333333333333 441 441 
0.5 0.7 0.12 482 482 
0.5 0.7 0.12666666666666668 469 469 
0.5 0.7 0.13333333333333333 470 470 
0.5 0.7 0.14 446 446 
0.5 0.7 0.14666666666666667 447 447 
0.5 0.7 0.15333333333333332 452 452 
0.5 0.7 0.16 422 422 
0.5 0.7 0.16666666666666666 473 473 
0.5 0.7 0.17333333333333334 436 436 
0.5 0.7 0.18 461 461 
0.5 0.7 0.18666666666666668 463 463 
0.5 0.7 0.19333333333333333 395 395 
0.5 0.7 0.2 407 407 
0.5 0.7 0.20666666666666667 434 434 
0.5 0.7 0.21333333333333335 435 435 
0.5 0.7 0.22 432 432 
0.5 0.7 0.22666666666666666 428 428 
0.5 0.7 0.23333333333333334 445 445 
0.5 0.7 0.24 430 430 
0.5 0.7 0.24666666666666667 496 496 
0.5 0.7 0.25333333333333335 500 500 
0.5 0.7 0.26 421 421 
0.5 0.7 0.26666666666666666 420 420 
0.5 0.7 0.2733333333333333 413 413 
0.5 0.7 0.28 413 413 
0.5 0.7 0.2866666666666667 437 437 
0.5 0.7 0.29333333333333333 443 443 
0.5 0.7 0.3 473 473 
0.5 0.7 0.30666666666666664 468 468 
0.5 0.7 0.31333333333333335 430 430 
0.5 0.7 0.32 453 453 
0.5 0.7 0.32666666666666666 481 481 
0.5 0.7 0.3333333333333333 456 456 
0.5 0.7 0.34 450 450 
0.5 0.7 0.3466666666666667 476 476 
0.5 0.7 0.35333333333333333 480 480 
0.5 0.7 0.36 461 461 
0.5 0.7 0.36666666666666664 445 445 
0.5 0.7 0.37333333333333335 464 464 
0.5 0.7 0.38 485 485 
0.5 0.7 0.38666666666666666 463 463 
0.5 0.7 0.3933333333333333 437 437 
0.5 0.7 0.4 422 422 
0.5 0.7 0.4066666666666667 416 416 
0.5 0.7 0.41333333333333333 451 451 
0.5 0.7 0.42 438 438 
0.5 0.7 0.4266666666666667 437 437 
0.5 0.7 0.43333333333333335 473 473 
0.5 0.7 0.44 422 422 
0.5 0.7 0.44666666666666666 474 474 
0.5 0.7 0.4533333333333333 460 460 
0.5 0.7 0.46 435 435 
0.5 0.7 0.4666666666666667 431 431 
0.5 0.7 0.47333333333333333 424 424 
0.5 0.7 0.48 421 421 
0.5 0.7 0.4866666666666667 465 465 
0.5 0.7 0.49333333333333335 433 433 
0.5 0.7 0.5 463 463 
0.5 0.7 0.5066666666666667 470 470 
0.5 0.7 0.5133333333333333 407 407 
0.5 0.7 0.52 453 453 
0.5 0.7 0.5266666666666666 502 502 
0.5 0.7 0.5333333333333333 478 478 
0.5 0.7 0.54 481 481 
0.5 0.7 0.5466666666666666 455 455 
0.5 0.7 0.5533333333333333 458 458 
0.5 0.7 0.56 432 432 
0.5 0.7 0.5666666666666667 463 463 
0.5 0.7 0.5733333333333334 491 491 
0.5 0.7 0.58 441 441 
0.5 0.7 0.5866666666666667 498 498 
0.5 0.7 0.5933333333333334 460 460 
0.5 0.7 0.6 496 496 
0.5 0.7 0.6066666666666667 488 488 
0.5 0.7 0.6133333333333333 471 471 
0.5 0.7 0.62 518 518 
0.5 0.7 0.6266666666666667 476 476 
0.5 0.7 0.6333333333333333 444 444 
0.5 0.7 0.64 471 471 
0.5 0.7 0.6466666666666666 477 477 
0.5 0.7 0.6533333333333333 442 442 
0.5 0.7 0.66 463 463 
0.5 0.7 0.6666666666666666 450 450 
0.5 0.7 0.6733333333333333 446 446 
0.5 0.7 0.68 458 458 
0.5 0.7 0.6866666666666666 438 438 
0.5 0.7 0.6933333333333334 454 454 
0.5 0.7 0.7 465 465 
0.5 0.7 0.7066666666666667 431 431 
0.5 0.7 0.7133333333333334 463 463 
0.5 0.7 0.72 415 415 
0.5 0.7 0.7266666666666667 460 460 
0.5 0.7 0.7333333333333333 425 425 
0.5 0.7 0.74 403 403 
0.5 0.7 0.7466666666666667 431 431 
0.5 0.7 0.7533333333333333 467 467 
0.5 0.7 0.76 446 446 
0.5 0.7 0.7666666666666667 464 464 
0.5 0.7 0.7733333333333333 451 451 
0.5 0.7 0.78 456 456 
0.5 0.7 0.7866666666666666 426 426 
0.5 0.7 0.7933333333333333 418 418 
0.5 0.7 0.8 448 448 
0.5 0.7 0.8066666666666666 440 440 
0.5 0.7 0.8133333333333334 453 453 
0.5 0.7 0.82 433 433 
0.5 0.7 0.8266666666666667 471 471 
0.5 0.7 0.8333333333333334 468 468 
0.5 0.7 0.84 426 426 
0.5 0.7 0.8466666666666667 410 410 
0.5 0.7 0.8533333333333334 430 430 
0.5 0.7 0.86 438 438 
0.5 0.7 0.8666666666666667 481 481 
0.5 0.7 0.8733333333333333 411 411 
0.5 0.7 0.88 432 432 
0.5 0.7 0.8866666666666667 456 456 
0.5 0.7 0.8933333333333333 481 481 
0.5 0.7 0.9 436 436 
0.5 0.7 0.9066666666666666 466 466 
0.5 0.7 0.9133333333333333 465 465 
0.5 0.7 0.92 478 478 
0.5 0.7 0.9266666666666666 428 428 
0.5 0.7 0.9333333333333333 446 446 
0.5 0.7 0.94 466 466 
0.5 0.7 0.9466666666666667 467 467 
0.5 0.7 0.9533333333333334 434 434 
0.5 0.7 0.96 422 422 
0.5 0.7 0.9666666666666667 467 467 
0.5 0.7 0.9733333333333334 451 451 
0.5 0.7 0.98 467 467 
0.5 0.7 0.9866666666666667 565 565 
0.5 0.7 0.9933333333333333 0 0 
0.5 0.7066666666666667 0.0 0 0 
0.5 0.7066666666666667 0.006666666666666667 547 547 
0.5 0.7066666666666667 0.013333333333333334 468 468 
0.5 0.7066666666666667 0.02 454 454 
0.5 0.7066666666666667 0.02666666666666667 470 470 
0.5 0.7066666666666667 0.03333333333333333 432 432 
0.5 0.7066666666666667 0.04 421 421 
0.5 0.7066666666666667 0.04666666666666667 403 403 
0.5 0.7066666666666667 0.05333333333333334 446 446 
0.5 0.7066666666666667 0.06 429 429 
0.5 0.7066666666666667 0.06666666666666667 448 448 
0.5 0.7066666666666667 0.07333333333333333 438 438 
0.5 0.7066666666666667 0.08 477 477 
0.5 0.7066666666666667 0.08666666666666667 443 443 
0.5 0.7066666666666667 0.09333333333333334 479 479 
0.5 0.7066666666666667 0.1 471 471 
0.5 0.7066666666666667 0.10666666666666667 463 463 
0.5 0.7066666666666667 0.11333333333333333 458 458 
0.5 0.7066666666666667 0.12 496 496 
0.5 0.7066666666666667 0.12666666666666668 435 435 
0.5 0.7066666666666667 0.13333333333333333 453 453 
0.5 0.7066666666666667 0.14 457 457 
0.5 0.7066666666666667 0.14666666666666667 436 436 
0.5 0.7066666666666667 0.15333333333333332 455 455 
0.5 0.7066666666666667 0.16 452 452 
0.5 0.7066666666666667 0.16666666666666666 462 462 
0.5 0.7066666666666667 0.17333333333333334 441 441 
0.5 0.7066666666666667 0.18 450 450 
0.5 0.7066666666666667 0.18666666666666668 417 417 
0.5 0.7066666666666667 0.19333333333333333 426 426 
0.5 0.7066666666666667 0.2 432 432 
0.5 0.7066666666666667 0.20666666666666667 458 458 
0.5 0.7066666666666667 0.21333333333333335 430 430 
0.5 0.7066666666666667 0.22 457 457 
0.5 0.7066666666666667 0.22666666666666666 418 418 
0.5 0.7066666666666667 0.23333333333333334 424 424 
0.5 0.7066666666666667 0.24 458 458 
0.5 0.7066666666666667 0.24666666666666667 472 472 
0.5 0.7066666666666667 0.25333333333333335 418 418 
0.5 0.7066666666666667 0.26 462 462 
0.5 0.7066666666666667 0.26666666666666666 448 448 
0.5 0.7066666666666667 0.2733333333333333 431 431 
0.5 0.7066666666666667 0.28 403 403 
0.5 0.7066666666666667 0.2866666666666667 404 404 
0.5 0.7066666666666667 0.29333333333333333 442 442 
0.5 0.7066666666666667 0.3 438 438 
0.5 0.7066666666666667 0.30666666666666664 466 466 
0.5 0.7066666666666667 0.31333333333333335 431 431 
0.5 0.7066666666666667 0.32 457 457 
0.5 0.7066666666666667 0.32666666666666666 433 433 
0.5 0.7066666666666667 0.3333333333333333 414 414 
0.5 0.7066666666666667 0.34 433 433 
0.5 0.7066666666666667 0.3466666666666667 434 434 
0.5 0.7066666666666667 0.35333333333333333 472 472 
0.5 0.7066666666666667 0.36 448 448 
0.5 0.7066666666666667 0.36666666666666664 448 448 
0.5 0.7066666666666667 0.37333333333333335 445 445 
0.5 0.7066666666666667 0.38 425 425 
0.5 0.7066666666666667 0.38666666666666666 449 449 
0.5 0.7066666666666667 0.3933333333333333 456 456 
0.5 0.7066666666666667 0.4 438 438 
0.5 0.7066666666666667 0.4066666666666667 437 437 
0.5 0.7066666666666667 0.41333333333333333 452 452 
0.5 0.7066666666666667 0.42 460 460 
0.5 0.7066666666666667 0.4266666666666667 428 428 
0.5 0.7066666666666667 0.43333333333333335 461 461 
0.5 0.7066666666666667 0.44 405 405 
0.5 0.7066666666666667 0.44666666666666666 434 434 
0.5 0.7066666666666667 0.4533333333333333 451 451 
0.5 0.7066666666666667 0.46 425 425 
0.5 0.7066666666666667 0.4666666666666667 437 437 
0.5 0.7066666666666667 0.47333333333333333 421 421 
0.5 0.7066666666666667 0.48 470 470 
0.5 0.7066666666666667 0.4866666666666667 455 455 
0.5 0.7066666666666667 0.49333333333333335 500 500 
0.5 0.7066666666666667 0.5 425 425 
0.5 0.7066666666666667 0.5066666666666667 432 432 
0.5 0.7066666666666667 0.5133333333333333 467 467 
0.5 0.7066666666666667 0.52 502 502 
0.5 0.7066666666666667 0.5266666666666666 491 491 
0.5 0.7066666666666667 0.5333333333333333 474 474 
0.5 0.7066666666666667 0.54 482 482 
0.5 0.7066666666666667 0.5466666666666666 438 438 
0.5 0.7066666666666667 0.5533333333333333 446 446 
0.5 0.7066666666666667 0.56 433 433 
0.5 0.7066666666666667 0.5666666666666667 474 474 
0.5 0.7066666666666667 0.5733333333333334 461 461 
0.5 0.7066666666666667 0.58 456 456 
0.5 0.7066666666666667 0.5866666666666667 464 464 
0.5 0.7066666666666667 0.5933333333333334 450 450 
0.5 0.7066666666666667 0.6 472 472 
0.5 0.7066666666666667 0.6066666666666667 445 445 
0.5 0.7066666666666667 0.6133333333333333 492 492 
0.5 0.7066666666666667 0.62 501 501 
0.5 0.7066666666666667 0.6266666666666667 504 504 
0.5 0.7066666666666667 0.6333333333333333 475 475 
0.5 0.7066666666666667 0.64 445 445 
0.5 0.7066666666666667 0.6466666666666666 464 464 
0.5 0.7066666666666667 0.6533333333333333 435 435 
0.5 0.7066666666666667 0.66 508 508 
0.5 0.7066666666666667 0.6666666666666666 453 453 
0.5 0.7066666666666667 0.6733333333333333 444 444 
0.5 0.7066666666666667 0.68 479 479 
0.5 0.7066666666666667 0.6866666666666666 446 446 
0.5 0.7066666666666667 0.6933333333333334 482 482 
0.5 0.7066666666666667 0.7 474 474 
0.5 0.7066666666666667 0.7066666666666667 494 494 
0.5 0.7066666666666667 0.7133333333333334 477 477 
0.5 0.7066666666666667 0.72 456 456 
0.5 0.7066666666666667 0.7266666666666667 454 454 
0.5 0.7066666666666667 0.7333333333333333 475 475 
0.5 0.7066666666666667 0.74 469 469 
0.5 0.7066666666666667 0.7466666666666667 472 472 
0.5 0.7066666666666667 0.7533333333333333 448 448 
0.5 0.7066666666666667 0.76 438 438 
0.5 0.7066666666666667 0.7666666666666667 469 469 
0.5 0.7066666666666667 0.7733333333333333 433 433 
0.5 0.7066666666666667 0.78 476 476 
0.5 0.7066666666666667 0.7866666666666666 444 444 
0.5 0.7066666666666667 0.7933333333333333 428 428 
0.5 0.7066666666666667 0.8 415 415 
0.5 0.7066666666666667 0.8066666666666666 442 442 
0.5 0.7066666666666667 0.8133333333333334 407 407 
0.5 0.7066666666666667 0.82 411 411 
0.5 0.7066666666666667 0.8266666666666667 461 461 
0.5 0.7066666666666667 0.8333333333333334 409 409 
0.5 0.7066666666666667 0.84 404 404 
0.5 0.7066666666666667 0.8466666666666667 443 443 
0.5 0.7066666666666667 0.8533333333333334 460 460 
0.5 0.7066666666666667 0.86 488 488 
0.5 0.7066666666666667 0.8666666666666667 431 431 
0.5 0.7066666666666667 0.8733333333333333 450 450 
0.5 0.7066666666666667 0.88 456 456 
0.5 0.7066666666666667 0.8866666666666667 434 434 
0.5 0.7066666666666667 0.8933333333333333 454 454 
0.5 0.7066666666666667 0.9 427 427 
0.5 0.7066666666666667 0.9066666666666666 450 450 
0.5 0.7066666666666667 0.9133333333333333 448 448 
0.5 0.7066666666666667 0.92 423 423 
0.5 0.7066666666666667 0.9266666666666666 441 441 
0.5 0.7066666666666667 0.9333333333333333 449 449 
0.5 0.7066666666666667 0.94 460 460 
0.5 0.7066666666666667 0.9466666666666667 453 453 
0.5 0.7066666666666667 0.9533333333333334 468 468 
0.5 0.7066666666666667 0.96 470 470 
0.5 0.7066666666666667 0.9666666666666667 484 484 
0.5 0.7066666666666667 0.9733333333333334 422 422 
0.5 0.7066666666666667 0.98 448 448 
0.5 0.7066666666666667 0.9866666666666667 556 556 
0.5 0.7066666666666667 0.9933333333333333 0 0 
0.5 0.7133333333333334 0.0 0 0 
0.5 0.7133333333333334 0.006666666666666667 588 588 
0.5 0.7133333333333334 0.013333333333333334 477 477 
0.5 0.7133333333333334 0.02 459 459 
0.5 0.7133333333333334 0.02666666666666667 454 454 
0.5 0.7133333333333334 0.03333333333333333 462 462 
0.5 0.7133333333333334 0.04 446 446 
0.5 0.7133333333333334 0.04666666666666667 453 453 
0.5 0.7133333333333334 0.05333333333333334 421 421 
0.5 0.7133333333333334 0.06 410 410 
0.5 0.7133333333333334 0.06666666666666667 467 467 
0.5 0.7133333333333334 0.07333333333333333 484 484 
0.5 0.7133333333333334 0.08 459 459 
0.5 0.7133333333333334 0.08666666666666667 480 480 
0.5 0.7133333333333334 0.09333333333333334 447 447 
0.5 0.7133333333333334 0.1 474 474 
0.5 0.7133333333333334 0.10666666666666667 479 479 
0.5 0.7133333333333334 0.11333333333333333 474 474 
0.5 0.7133333333333334 0.12 479 479 
0.5 0.7133333333333334 0.12666666666666668 476 476 
0.5 0.7133333333333334 0.13333333333333333 447 447 
0.5 0.7133333333333334 0.14 449 449 
0.5 0.7133333333333334 0.14666666666666667 477 477 
0.5 0.7133333333333334 0.15333333333333332 469 469 
0.5 0.7133333333333334 0.16 467 467 
0.5 0.7133333333333334 0.16666666666666666 459 459 
0.5 0.7133333333333334 0.17333333333333334 422 422 
0.5 0.7133333333333334 0.18 447 447 
0.5 0.7133333333333334 0.18666666666666668 458 458 
0.5 0.7133333333333334 0.19333333333333333 462 462 
0.5 0.7133333333333334 0.2 395 395 
0.5 0.7133333333333334 0.20666666666666667 409 409 
0.5 0.7133333333333334 0.21333333333333335 427 427 
0.5 0.7133333333333334 0.22 451 451 
0.5 0.7133333333333334 0.22666666666666666 431 431 
0.5 0.7133333333333334 0.23333333333333334 440 440 
0.5 0.7133333333333334 0.24 456 456 
0.5 0.7133333333333334 0.24666666666666667 447 447 
0.5 0.7133333333333334 0.25333333333333335 493 493 
0.5 0.7133333333333334 0.26 453 453 
0.5 0.7133333333333334 0.26666666666666666 451 451 
0.5 0.7133333333333334 0.2733333333333333 441 441 
0.5 0.7133333333333334 0.28 426 426 
0.5 0.7133333333333334 0.2866666666666667 445 445 
0.5 0.7133333333333334 0.29333333333333333 461 461 
0.5 0.7133333333333334 0.3 496 496 
0.5 0.7133333333333334 0.30666666666666664 420 420 
0.5 0.7133333333333334 0.31333333333333335 465 465 
0.5 0.7133333333333334 0.32 432 432 
0.5 0.7133333333333334 0.32666666666666666 433 433 
0.5 0.7133333333333334 0.3333333333333333 431 431 
0.5 0.7133333333333334 0.34 453 453 
0.5 0.7133333333333334 0.3466666666666667 497 497 
0.5 0.7133333333333334 0.35333333333333333 455 455 
0.5 0.7133333333333334 0.36 478 478 
0.5 0.7133333333333334 0.36666666666666664 451 451 
0.5 0.7133333333333334 0.37333333333333335 467 467 
0.5 0.7133333333333334 0.38 404 404 
0.5 0.7133333333333334 0.38666666666666666 446 446 
0.5 0.7133333333333334 0.3933333333333333 479 479 
0.5 0.7133333333333334 0.4 440 440 
0.5 0.7133333333333334 0.4066666666666667 455 455 
0.5 0.7133333333333334 0.41333333333333333 487 487 
0.5 0.7133333333333334 0.42 434 434 
0.5 0.7133333333333334 0.4266666666666667 446 446 
0.5 0.7133333333333334 0.43333333333333335 395 395 
0.5 0.7133333333333334 0.44 427 427 
0.5 0.7133333333333334 0.44666666666666666 409 409 
0.5 0.7133333333333334 0.4533333333333333 430 430 
0.5 0.7133333333333334 0.46 476 476 
0.5 0.7133333333333334 0.4666666666666667 429 429 
0.5 0.7133333333333334 0.47333333333333333 472 472 
0.5 0.7133333333333334 0.48 446 446 
0.5 0.7133333333333334 0.4866666666666667 465 465 
0.5 0.7133333333333334 0.49333333333333335 440 440 
0.5 0.7133333333333334 0.5 446 446 
0.5 0.7133333333333334 0.5066666666666667 450 450 
0.5 0.7133333333333334 0.5133333333333333 412 412 
0.5 0.7133333333333334 0.52 479 479 
0.5 0.7133333333333334 0.5266666666666666 496 496 
0.5 0.7133333333333334 0.5333333333333333 414 414 
0.5 0.7133333333333334 0.54 445 445 
0.5 0.7133333333333334 0.5466666666666666 448 448 
0.5 0.7133333333333334 0.5533333333333333 485 485 
0.5 0.7133333333333334 0.56 410 410 
0.5 0.7133333333333334 0.5666666666666667 412 412 
0.5 0.7133333333333334 0.5733333333333334 454 454 
0.5 0.7133333333333334 0.58 454 454 
0.5 0.7133333333333334 0.5866666666666667 419 419 
0.5 0.7133333333333334 0.5933333333333334 471 471 
0.5 0.7133333333333334 0.6 404 404 
0.5 0.7133333333333334 0.6066666666666667 425 425 
0.5 0.7133333333333334 0.6133333333333333 424 424 
0.5 0.7133333333333334 0.62 486 486 
0.5 0.7133333333333334 0.6266666666666667 453 453 
0.5 0.7133333333333334 0.6333333333333333 453 453 
0.5 0.7133333333333334 0.64 443 443 
0.5 0.7133333333333334 0.6466666666666666 420 420 
0.5 0.7133333333333334 0.6533333333333333 446 446 
0.5 0.7133333333333334 0.66 462 462 
0.5 0.7133333333333334 0.6666666666666666 474 474 
0.5 0.7133333333333334 0.6733333333333333 471 471 
0.5 0.7133333333333334 0.68 432 432 
0.5 0.7133333333333334 0.6866666666666666 457 457 
0.5 0.7133333333333334 0.6933333333333334 461 461 
0.5 0.7133333333333334 0.7 460 460 
0.5 0.7133333333333334 0.7066666666666667 468 468 
0.5 0.7133333333333334 0.7133333333333334 472 472 
0.5 0.7133333333333334 0.72 461 461 
0.5 0.7133333333333334 0.7266666666666667 472 472 
0.5 0.7133333333333334 0.7333333333333333 457 457 
0.5 0.7133333333333334 0.74 426 426 
0.5 0.7133333333333334 0.7466666666666667 474 474 
0.5 0.7133333333333334 0.7533333333333333 472 472 
0.5 0.7133333333333334 0.76 413 413 
0.5 0.7133333333333334 0.7666666666666667 451 451 
0.5 0.7133333333333334 0.7733333333333333 442 442 
0.5 0.7133333333333334 0.78 467 467 
0.5 0.7133333333333334 0.7866666666666666 456 456 
0.5 0.7133333333333334 0.7933333333333333 424 424 
0.5 0.7133333333333334 0.8 428 428 
0.5 0.7133333333333334 0.8066666666666666 456 456 
0.5 0.7133333333333334 0.8133333333333334 496 496 
0.5 0.7133333333333334 0.82 450 450 
0.5 0.7133333333333334 0.8266666666666667 439 439 
0.5 0.7133333333333334 0.8333333333333334 451 451 
0.5 0.7133333333333334 0.84 444 444 
0.5 0.7133333333333334 0.8466666666666667 438 438 
0.5 0.7133333333333334 0.8533333333333334 460 460 
0.5 0.7133333333333334 0.86 434 434 
0.5 0.7133333333333334 0.8666666666666667 459 459 
0.5 0.7133333333333334 0.8733333333333333 489 489 
0.5 0.7133333333333334 0.88 466 466 
0.5 0.7133333333333334 0.8866666666666667 472 472 
0.5 0.7133333333333334 0.8933333333333333 465 465 
0.5 0.7133333333333334 0.9 483 483 
0.5 0.7133333333333334 0.9066666666666666 456 456 
0.5 0.7133333333333334 0.9133333333333333 465 465 
0.5 0.7133333333333334 0.92 456 456 
0.5 0.7133333333333334 0.9266666666666666 429 429 
0.5 0.7133333333333334 0.9333333333333333 447 447 
0.5 0.7133333333333334 0.94 452 452 
0.5 0.7133333333333334 0.9466666666666667 449 449 
0.5 0.7133333333333334 0.9533333333333334 470 470 
0.5 0.7133333333333334 0.96 463 463 
0.5 0.7133333333333334 0.9666666666666667 447 447 
0.5 0.7133333333333334 0.9733333333333334 439 439 
0.5 0.7133333333333334 0.98 459 459 
0.5 0.7133333333333334 0.9866666666666667 537 537 
0.5 0.7133333333333334 0.9933333333333333 0 0 
0.5 0.72 0.0 0 0 
0.5 0.72 0.006666666666666667 511 511 
0.5 0.72 0.013333333333333334 441 441 
0.5 0.72 0.02 430 430 
0.5 0.72 0.02666666666666667 452 452 
0.5 0.72 0.03333333333333333 469 469 
0.5 0.72 0.04 450 450 
0.5 0.72 0.04666666666666667 465 465 
0.5 0.72 0.05333333333333334 502 502 
0.5 0.72 0.06 478 478 
0.5 0.72 0.06666666666666667 445 445 
0.5 0.72 0.07333333333333333 428 428 
0.5 0.72 0.08 468 468 
0.5 0.72 0.08666666666666667 465 465 
0.5 0.72 0.09333333333333334 456 456 
0.5 0.72 0.1 432 432 
0.5 0.72 0.10666666666666667 492 492 
0.5 0.72 0.11333333333333333 470 470 
0.5 0.72 0.12 450 450 
0.5 0.72 0.12666666666666668 473 473 
0.5 0.72 0.13333333333333333 478 478 
0.5 0.72 0.14 442 442 
0.5 0.72 0.14666666666666667 438 438 
0.5 0.72 0.15333333333333332 449 449 
0.5 0.72 0.16 444 444 
0.5 0.72 0.16666666666666666 416 416 
0.5 0.72 0.17333333333333334 420 420 
0.5 0.72 0.18 439 439 
0.5 0.72 0.18666666666666668 438 438 
0.5 0.72 0.19333333333333333 438 438 
0.5 0.72 0.2 461 461 
0.5 0.72 0.20666666666666667 425 425 
0.5 0.72 0.21333333333333335 412 412 
0.5 0.72 0.22 426 426 
0.5 0.72 0.22666666666666666 433 433 
0.5 0.72 0.23333333333333334 433 433 
0.5 0.72 0.24 478 478 
0.5 0.72 0.24666666666666667 442 442 
0.5 0.72 0.25333333333333335 460 460 
0.5 0.72 0.26 438 438 
0.5 0.72 0.26666666666666666 465 465 
0.5 0.72 0.2733333333333333 440 440 
0.5 0.72 0.28 438 438 
0.5 0.72 0.2866666666666667 455 455 
0.5 0.72 0.29333333333333333 493 493 
0.5 0.72 0.3 462 462 
0.5 0.72 0.30666666666666664 436 436 
0.5 0.72 0.31333333333333335 430 430 
0.5 0.72 0.32 447 447 
0.5 0.72 0.32666666666666666 412 412 
0.5 0.72 0.3333333333333333 438 438 
0.5 0.72 0.34 418 418 
0.5 0.72 0.3466666666666667 413 413 
0.5 0.72 0.35333333333333333 433 433 
0.5 0.72 0.36 429 429 
0.5 0.72 0.36666666666666664 426 426 
0.5 0.72 0.37333333333333335 472 472 
0.5 0.72 0.38 440 440 
0.5 0.72 0.38666666666666666 442 442 
0.5 0.72 0.3933333333333333 481 481 
0.5 0.72 0.4 460 460 
0.5 0.72 0.4066666666666667 432 432 
0.5 0.72 0.41333333333333333 477 477 
0.5 0.72 0.42 488 488 
0.5 0.72 0.4266666666666667 464 464 
0.5 0.72 0.43333333333333335 442 442 
0.5 0.72 0.44 446 446 
0.5 0.72 0.44666666666666666 489 489 
0.5 0.72 0.4533333333333333 452 452 
0.5 0.72 0.46 442 442 
0.5 0.72 0.4666666666666667 435 435 
0.5 0.72 0.47333333333333333 448 448 
0.5 0.72 0.48 461 461 
0.5 0.72 0.4866666666666667 440 440 
0.5 0.72 0.49333333333333335 457 457 
0.5 0.72 0.5 448 448 
0.5 0.72 0.5066666666666667 445 445 
0.5 0.72 0.5133333333333333 431 431 
0.5 0.72 0.52 481 481 
0.5 0.72 0.5266666666666666 462 462 
0.5 0.72 0.5333333333333333 439 439 
0.5 0.72 0.54 444 444 
0.5 0.72 0.5466666666666666 453 453 
0.5 0.72 0.5533333333333333 456 456 
0.5 0.72 0.56 461 461 
0.5 0.72 0.5666666666666667 460 460 
0.5 0.72 0.5733333333333334 440 440 
0.5 0.72 0.58 473 473 
0.5 0.72 0.5866666666666667 437 437 
0.5 0.72 0.5933333333333334 458 458 
0.5 0.72 0.6 440 440 
0.5 0.72 0.6066666666666667 432 432 
0.5 0.72 0.6133333333333333 452 452 
0.5 0.72 0.62 477 477 
0.5 0.72 0.6266666666666667 451 451 
0.5 0.72 0.6333333333333333 444 444 
0.5 0.72 0.64 483 483 
0.5 0.72 0.6466666666666666 477 477 
0.5 0.72 0.6533333333333333 455 455 
0.5 0.72 0.66 445 445 
0.5 0.72 0.6666666666666666 487 487 
0.5 0.72 0.6733333333333333 454 454 
0.5 0.72 0.68 459 459 
0.5 0.72 0.6866666666666666 466 466 
0.5 0.72 0.6933333333333334 441 441 
0.5 0.72 0.7 490 490 
0.5 0.72 0.7066666666666667 458 458 
0.5 0.72 0.7133333333333334 469 469 
0.5 0.72 0.72 430 430 
0.5 0.72 0.7266666666666667 449 449 
0.5 0.72 0.7333333333333333 449 449 
0.5 0.72 0.74 466 466 
0.5 0.72 0.7466666666666667 431 431 
0.5 0.72 0.7533333333333333 445 445 
0.5 0.72 0.76 456 456 
0.5 0.72 0.7666666666666667 478 478 
0.5 0.72 0.7733333333333333 479 479 
0.5 0.72 0.78 456 456 
0.5 0.72 0.7866666666666666 465 465 
0.5 0.72 0.7933333333333333 472 472 
0.5 0.72 0.8 492 492 
0.5 0.72 0.8066666666666666 475 475 
0.5 0.72 0.8133333333333334 443 443 
0.5 0.72 0.82 483 483 
0.5 0.72 0.8266666666666667 464 464 
0.5 0.72 0.8333333333333334 407 407 
0.5 0.72 0.84 450 450 
0.5 0.72 0.8466666666666667 485 485 
0.5 0.72 0.8533333333333334 405 405 
0.5 0.72 0.86 460 460 
0.5 0.72 0.8666666666666667 441 441 
0.5 0.72 0.8733333333333333 456 456 
0.5 0.72 0.88 461 461 
0.5 0.72 0.8866666666666667 455 455 
0.5 0.72 0.8933333333333333 466 466 
0.5 0.72 0.9 487 487 
0.5 0.72 0.9066666666666666 453 453 
0.5 0.72 0.9133333333333333 469 469 
0.5 0.72 0.92 431 431 
0.5 0.72 0.9266666666666666 416 416 
0.5 0.72 0.9333333333333333 426 426 
0.5 0.72 0.94 467 467 
0.5 0.72 0.9466666666666667 449 449 
0.5 0.72 0.9533333333333334 422 422 
0.5 0.72 0.96 459 459 
0.5 0.72 0.9666666666666667 450 450 
0.5 0.72 0.9733333333333334 450 450 
0.5 0.72 0.98 425 425 
0.5 0.72 0.9866666666666667 517 517 
0.5 0.72 0.9933333333333333 0 0 
0.5 0.7266666666666667 0.0 0 0 
0.5 0.7266666666666667 0.006666666666666667 554 554 
0.5 0.7266666666666667 0.013333333333333334 510 510 
0.5 0.7266666666666667 0.02 454 454 
0.5 0.7266666666666667 0.02666666666666667 433 433 
0.5 0.7266666666666667 0.03333333333333333 537 537 
0.5 0.7266666666666667 0.04 476 476 
0.5 0.7266666666666667 0.04666666666666667 509 509 
0.5 0.7266666666666667 0.05333333333333334 492 492 
0.5 0.7266666666666667 0.06 424 424 
0.5 0.7266666666666667 0.06666666666666667 454 454 
0.5 0.7266666666666667 0.07333333333333333 477 477 
0.5 0.7266666666666667 0.08 493 493 
0.5 0.7266666666666667 0.08666666666666667 449 449 
0.5 0.7266666666666667 0.09333333333333334 483 483 
0.5 0.7266666666666667 0.1 446 446 
0.5 0.7266666666666667 0.10666666666666667 432 432 
0.5 0.7266666666666667 0.11333333333333333 439 439 
0.5 0.7266666666666667 0.12 423 423 
0.5 0.7266666666666667 0.12666666666666668 438 438 
0.5 0.7266666666666667 0.13333333333333333 433 433 
0.5 0.7266666666666667 0.14 429 429 
0.5 0.7266666666666667 0.14666666666666667 452 452 
0.5 0.7266666666666667 0.15333333333333332 447 447 
0.5 0.7266666666666667 0.16 460 460 
0.5 0.7266666666666667 0.16666666666666666 442 442 
0.5 0.7266666666666667 0.17333333333333334 440 440 
0.5 0.7266666666666667 0.18 475 475 
0.5 0.7266666666666667 0.18666666666666668 462 462 
0.5 0.7266666666666667 0.19333333333333333 435 435 
0.5 0.7266666666666667 0.2 434 434 
0.5 0.7266666666666667 0.20666666666666667 422 422 
0.5 0.7266666666666667 0.21333333333333335 431 431 
0.5 0.7266666666666667 0.22 469 469 
0.5 0.7266666666666667 0.22666666666666666 421 421 
0.5 0.7266666666666667 0.23333333333333334 409 409 
0.5 0.7266666666666667 0.24 424 424 
0.5 0.7266666666666667 0.24666666666666667 424 424 
0.5 0.7266666666666667 0.25333333333333335 454 454 
0.5 0.7266666666666667 0.26 489 489 
0.5 0.7266666666666667 0.26666666666666666 432 432 
0.5 0.7266666666666667 0.2733333333333333 449 449 
0.5 0.7266666666666667 0.28 496 496 
0.5 0.7266666666666667 0.2866666666666667 454 454 
0.5 0.7266666666666667 0.29333333333333333 453 453 
0.5 0.7266666666666667 0.3 466 466 
0.5 0.7266666666666667 0.30666666666666664 440 440 
0.5 0.7266666666666667 0.31333333333333335 451 451 
0.5 0.7266666666666667 0.32 453 453 
0.5 0.7266666666666667 0.32666666666666666 435 435 
0.5 0.7266666666666667 0.3333333333333333 451 451 
0.5 0.7266666666666667 0.34 462 462 
0.5 0.7266666666666667 0.3466666666666667 438 438 
0.5 0.7266666666666667 0.35333333333333333 435 435 
0.5 0.7266666666666667 0.36 411 411 
0.5 0.7266666666666667 0.36666666666666664 417 417 
0.5 0.7266666666666667 0.37333333333333335 456 456 
0.5 0.7266666666666667 0.38 423 423 
0.5 0.7266666666666667 0.38666666666666666 439 439 
0.5 0.7266666666666667 0.3933333333333333 467 467 
0.5 0.7266666666666667 0.4 483 483 
0.5 0.7266666666666667 0.4066666666666667 473 473 
0.5 0.7266666666666667 0.41333333333333333 443 443 
0.5 0.7266666666666667 0.42 474 474 
0.5 0.7266666666666667 0.4266666666666667 469 469 
0.5 0.7266666666666667 0.43333333333333335 446 446 
0.5 0.7266666666666667 0.44 467 467 
0.5 0.7266666666666667 0.44666666666666666 443 443 
0.5 0.7266666666666667 0.4533333333333333 460 460 
0.5 0.7266666666666667 0.46 431 431 
0.5 0.7266666666666667 0.4666666666666667 464 464 
0.5 0.7266666666666667 0.47333333333333333 451 451 
0.5 0.7266666666666667 0.48 435 435 
0.5 0.7266666666666667 0.4866666666666667 489 489 
0.5 0.7266666666666667 0.49333333333333335 459 459 
0.5 0.7266666666666667 0.5 445 445 
0.5 0.7266666666666667 0.5066666666666667 462 462 
0.5 0.7266666666666667 0.5133333333333333 476 476 
0.5 0.7266666666666667 0.52 405 405 
0.5 0.7266666666666667 0.5266666666666666 427 427 
0.5 0.7266666666666667 0.5333333333333333 470 470 
0.5 0.7266666666666667 0.54 457 457 
0.5 0.7266666666666667 0.5466666666666666 480 480 
0.5 0.7266666666666667 0.5533333333333333 443 443 
0.5 0.7266666666666667 0.56 471 471 
0.5 0.7266666666666667 0.5666666666666667 456 456 
0.5 0.7266666666666667 0.5733333333333334 474 474 
0.5 0.7266666666666667 0.58 402 402 
0.5 0.7266666666666667 0.5866666666666667 403 403 
0.5 0.7266666666666667 0.5933333333333334 435 435 
0.5 0.7266666666666667 0.6 456 456 
0.5 0.7266666666666667 0.6066666666666667 417 417 
0.5 0.7266666666666667 0.6133333333333333 457 457 
0.5 0.7266666666666667 0.62 445 445 
0.5 0.7266666666666667 0.6266666666666667 426 426 
0.5 0.7266666666666667 0.6333333333333333 413 413 
0.5 0.7266666666666667 0.64 427 427 
0.5 0.7266666666666667 0.6466666666666666 434 434 
0.5 0.7266666666666667 0.6533333333333333 463 463 
0.5 0.7266666666666667 0.66 477 477 
0.5 0.7266666666666667 0.6666666666666666 437 437 
0.5 0.7266666666666667 0.6733333333333333 483 483 
0.5 0.7266666666666667 0.68 465 465 
0.5 0.7266666666666667 0.6866666666666666 441 441 
0.5 0.7266666666666667 0.6933333333333334 429 429 
0.5 0.7266666666666667 0.7 433 433 
0.5 0.7266666666666667 0.7066666666666667 449 449 
0.5 0.7266666666666667 0.7133333333333334 433 433 
0.5 0.7266666666666667 0.72 402 402 
0.5 0.7266666666666667 0.7266666666666667 467 467 
0.5 0.7266666666666667 0.7333333333333333 445 445 
0.5 0.7266666666666667 0.74 447 447 
0.5 0.7266666666666667 0.7466666666666667 453 453 
0.5 0.7266666666666667 0.7533333333333333 465 465 
0.5 0.7266666666666667 0.76 412 412 
0.5 0.7266666666666667 0.7666666666666667 407 407 
0.5 0.7266666666666667 0.7733333333333333 456 456 
0.5 0.7266666666666667 0.78 477 477 
0.5 0.7266666666666667 0.7866666666666666 464 464 
0.5 0.7266666666666667 0.7933333333333333 472 472 
0.5 0.7266666666666667 0.8 456 456 
0.5 0.7266666666666667 0.8066666666666666 511 511 
0.5 0.7266666666666667 0.8133333333333334 505 505 
0.5 0.7266666666666667 0.82 471 471 
0.5 0.7266666666666667 0.8266666666666667 469 469 
0.5 0.7266666666666667 0.8333333333333334 526 526 
0.5 0.7266666666666667 0.84 460 460 
0.5 0.7266666666666667 0.8466666666666667 458 458 
0.5 0.7266666666666667 0.8533333333333334 431 431 
0.5 0.7266666666666667 0.86 432 432 
0.5 0.7266666666666667 0.8666666666666667 464 464 
0.5 0.7266666666666667 0.8733333333333333 453 453 
0.5 0.7266666666666667 0.88 441 441 
0.5 0.7266666666666667 0.8866666666666667 412 412 
0.5 0.7266666666666667 0.8933333333333333 432 432 
0.5 0.7266666666666667 0.9 441 441 
0.5 0.7266666666666667 0.9066666666666666 390 390 
0.5 0.7266666666666667 0.9133333333333333 442 442 
0.5 0.7266666666666667 0.92 429 429 
0.5 0.7266666666666667 0.9266666666666666 404 404 
0.5 0.7266666666666667 0.9333333333333333 443 443 
0.5 0.7266666666666667 0.94 453 453 
0.5 0.7266666666666667 0.9466666666666667 418 418 
0.5 0.7266666666666667 0.9533333333333334 466 466 
0.5 0.7266666666666667 0.96 414 414 
0.5 0.7266666666666667 0.9666666666666667 448 448 
0.5 0.7266666666666667 0.9733333333333334 471 471 
0.5 0.7266666666666667 0.98 432 432 
0.5 0.7266666666666667 0.9866666666666667 517 517 
0.5 0.7266666666666667 0.9933333333333333 0 0 
0.5 0.7333333333333333 0.0 0 0 
0.5 0.7333333333333333 0.006666666666666667 571 571 
0.5 0.7333333333333333 0.013333333333333334 485 485 
0.5 0.7333333333333333 0.02 442 442 
0.5 0.7333333333333333 0.02666666666666667 484 484 
0.5 0.7333333333333333 0.03333333333333333 500 500 
0.5 0.7333333333333333 0.04 499 499 
0.5 0.7333333333333333 0.04666666666666667 492 492 
0.5 0.7333333333333333 0.05333333333333334 469 469 
0.5 0.7333333333333333 0.06 449 449 
0.5 0.7333333333333333 0.06666666666666667 506 506 
0.5 0.7333333333333333 0.07333333333333333 464 464 
0.5 0.7333333333333333 0.08 477 477 
0.5 0.7333333333333333 0.08666666666666667 458 458 
0.5 0.7333333333333333 0.09333333333333334 461 461 
0.5 0.7333333333333333 0.1 414 414 
0.5 0.7333333333333333 0.10666666666666667 454 454 
0.5 0.7333333333333333 0.11333333333333333 469 469 
0.5 0.7333333333333333 0.12 429 429 
0.5 0.7333333333333333 0.12666666666666668 411 411 
0.5 0.7333333333333333 0.13333333333333333 440 440 
0.5 0.7333333333333333 0.14 440 440 
0.5 0.7333333333333333 0.14666666666666667 439 439 
0.5 0.7333333333333333 0.15333333333333332 450 450 
0.5 0.7333333333333333 0.16 464 464 
0.5 0.7333333333333333 0.16666666666666666 471 471 
0.5 0.7333333333333333 0.17333333333333334 475 475 
0.5 0.7333333333333333 0.18 452 452 
0.5 0.7333333333333333 0.18666666666666668 484 484 
0.5 0.7333333333333333 0.19333333333333333 494 494 
0.5 0.7333333333333333 0.2 466 466 
0.5 0.7333333333333333 0.20666666666666667 473 473 
0.5 0.7333333333333333 0.21333333333333335 445 445 
0.5 0.7333333333333333 0.22 453 453 
0.5 0.7333333333333333 0.22666666666666666 464 464 
0.5 0.7333333333333333 0.23333333333333334 422 422 
0.5 0.7333333333333333 0.24 444 444 
0.5 0.7333333333333333 0.24666666666666667 403 403 
0.5 0.7333333333333333 0.25333333333333335 457 457 
0.5 0.7333333333333333 0.26 472 472 
0.5 0.7333333333333333 0.26666666666666666 440 440 
0.5 0.7333333333333333 0.2733333333333333 417 417 
0.5 0.7333333333333333 0.28 454 454 
0.5 0.7333333333333333 0.2866666666666667 452 452 
0.5 0.7333333333333333 0.29333333333333333 450 450 
0.5 0.7333333333333333 0.3 470 470 
0.5 0.7333333333333333 0.30666666666666664 437 437 
0.5 0.7333333333333333 0.31333333333333335 463 463 
0.5 0.7333333333333333 0.32 470 470 
0.5 0.7333333333333333 0.32666666666666666 457 457 
0.5 0.7333333333333333 0.3333333333333333 451 451 
0.5 0.7333333333333333 0.34 441 441 
0.5 0.7333333333333333 0.3466666666666667 467 467 
0.5 0.7333333333333333 0.35333333333333333 449 449 
0.5 0.7333333333333333 0.36 468 468 
0.5 0.7333333333333333 0.36666666666666664 467 467 
0.5 0.7333333333333333 0.37333333333333335 460 460 
0.5 0.7333333333333333 0.38 418 418 
0.5 0.7333333333333333 0.38666666666666666 473 473 
0.5 0.7333333333333333 0.3933333333333333 479 479 
0.5 0.7333333333333333 0.4 435 435 
0.5 0.7333333333333333 0.4066666666666667 441 441 
0.5 0.7333333333333333 0.41333333333333333 479 479 
0.5 0.7333333333333333 0.42 472 472 
0.5 0.7333333333333333 0.4266666666666667 460 460 
0.5 0.7333333333333333 0.43333333333333335 453 453 
0.5 0.7333333333333333 0.44 461 461 
0.5 0.7333333333333333 0.44666666666666666 444 444 
0.5 0.7333333333333333 0.4533333333333333 442 442 
0.5 0.7333333333333333 0.46 481 481 
0.5 0.7333333333333333 0.4666666666666667 426 426 
0.5 0.7333333333333333 0.47333333333333333 449 449 
0.5 0.7333333333333333 0.48 474 474 
0.5 0.7333333333333333 0.4866666666666667 473 473 
0.5 0.7333333333333333 0.49333333333333335 452 452 
0.5 0.7333333333333333 0.5 452 452 
0.5 0.7333333333333333 0.5066666666666667 422 422 
0.5 0.7333333333333333 0.5133333333333333 452 452 
0.5 0.7333333333333333 0.52 421 421 
0.5 0.7333333333333333 0.5266666666666666 445 445 
0.5 0.7333333333333333 0.5333333333333333 427 427 
0.5 0.7333333333333333 0.54 426 426 
0.5 0.7333333333333333 0.5466666666666666 439 439 
0.5 0.7333333333333333 0.5533333333333333 443 443 
0.5 0.7333333333333333 0.56 466 466 
0.5 0.7333333333333333 0.5666666666666667 442 442 
0.5 0.7333333333333333 0.5733333333333334 434 434 
0.5 0.7333333333333333 0.58 479 479 
0.5 0.7333333333333333 0.5866666666666667 434 434 
0.5 0.7333333333333333 0.5933333333333334 438 438 
0.5 0.7333333333333333 0.6 443 443 
0.5 0.7333333333333333 0.6066666666666667 405 405 
0.5 0.7333333333333333 0.6133333333333333 451 451 
0.5 0.7333333333333333 0.62 399 399 
0.5 0.7333333333333333 0.6266666666666667 424 424 
0.5 0.7333333333333333 0.6333333333333333 447 447 
0.5 0.7333333333333333 0.64 413 413 
0.5 0.7333333333333333 0.6466666666666666 447 447 
0.5 0.7333333333333333 0.6533333333333333 451 451 
0.5 0.7333333333333333 0.66 436 436 
0.5 0.7333333333333333 0.6666666666666666 416 416 
0.5 0.7333333333333333 0.6733333333333333 452 452 
0.5 0.7333333333333333 0.68 426 426 
0.5 0.7333333333333333 0.6866666666666666 479 479 
0.5 0.7333333333333333 0.6933333333333334 409 409 
0.5 0.7333333333333333 0.7 443 443 
0.5 0.7333333333333333 0.7066666666666667 413 413 
0.5 0.7333333333333333 0.7133333333333334 444 444 
0.5 0.7333333333333333 0.72 463 463 
0.5 0.7333333333333333 0.7266666666666667 432 432 
0.5 0.7333333333333333 0.7333333333333333 440 440 
0.5 0.7333333333333333 0.74 498 498 
0.5 0.7333333333333333 0.7466666666666667 480 480 
0.5 0.7333333333333333 0.7533333333333333 489 489 
0.5 0.7333333333333333 0.76 445 445 
0.5 0.7333333333333333 0.7666666666666667 467 467 
0.5 0.7333333333333333 0.7733333333333333 451 451 
0.5 0.7333333333333333 0.78 424 424 
0.5 0.7333333333333333 0.7866666666666666 474 474 
0.5 0.7333333333333333 0.7933333333333333 452 452 
0.5 0.7333333333333333 0.8 459 459 
0.5 0.7333333333333333 0.8066666666666666 420 420 
0.5 0.7333333333333333 0.8133333333333334 464 464 
0.5 0.7333333333333333 0.82 455 455 
0.5 0.7333333333333333 0.8266666666666667 443 443 
0.5 0.7333333333333333 0.8333333333333334 492 492 
0.5 0.7333333333333333 0.84 492 492 
0.5 0.7333333333333333 0.8466666666666667 471 471 
0.5 0.7333333333333333 0.8533333333333334 472 472 
0.5 0.7333333333333333 0.86 455 455 
0.5 0.7333333333333333 0.8666666666666667 490 490 
0.5 0.7333333333333333 0.8733333333333333 433 433 
0.5 0.7333333333333333 0.88 463 463 
0.5 0.7333333333333333 0.8866666666666667 453 453 
0.5 0.7333333333333333 0.8933333333333333 443 443 
0.5 0.7333333333333333 0.9 470 470 
0.5 0.7333333333333333 0.9066666666666666 419 419 
0.5 0.7333333333333333 0.9133333333333333 451 451 
0.5 0.7333333333333333 0.92 378 378 
0.5 0.7333333333333333 0.9266666666666666 461 461 
0.5 0.7333333333333333 0.9333333333333333 456 456 
0.5 0.7333333333333333 0.94 467 467 
0.5 0.7333333333333333 0.9466666666666667 442 442 
0.5 0.7333333333333333 0.9533333333333334 457 457 
0.5 0.7333333333333333 0.96 434 434 
0.5 0.7333333333333333 0.9666666666666667 445 445 
0.5 0.7333333333333333 0.9733333333333334 462 462 
0.5 0.7333333333333333 0.98 456 456 
0.5 0.7333333333333333 0.9866666666666667 541 541 
0.5 0.7333333333333333 0.9933333333333333 0 0 
0.5 0.74 0.0 0 0 
0.5 0.74 0.006666666666666667 560 560 
0.5 0.74 0.013333333333333334 468 468 
0.5 0.74 0.02 459 459 
0.5 0.74 0.02666666666666667 447 447 
0.5 0.74 0.03333333333333333 500 500 
0.5 0.74 0.04 478 478 
0.5 0.74 0.04666666666666667 485 485 
0.5 0.74 0.05333333333333334 464 464 
0.5 0.74 0.06 474 474 
0.5 0.74 0.06666666666666667 475 475 
0.5 0.74 0.07333333333333333 430 430 
0.5 0.74 0.08 417 417 
0.5 0.74 0.08666666666666667 448 448 
0.5 0.74 0.09333333333333334 440 440 
0.5 0.74 0.1 406 406 
0.5 0.74 0.10666666666666667 452 452 
0.5 0.74 0.11333333333333333 441 441 
0.5 0.74 0.12 436 436 
0.5 0.74 0.12666666666666668 451 451 
0.5 0.74 0.13333333333333333 465 465 
0.5 0.74 0.14 437 437 
0.5 0.74 0.14666666666666667 454 454 
0.5 0.74 0.15333333333333332 435 435 
0.5 0.74 0.16 459 459 
0.5 0.74 0.16666666666666666 465 465 
0.5 0.74 0.17333333333333334 464 464 
0.5 0.74 0.18 451 451 
0.5 0.74 0.18666666666666668 489 489 
0.5 0.74 0.19333333333333333 510 510 
0.5 0.74 0.2 490 490 
0.5 0.74 0.20666666666666667 508 508 
0.5 0.74 0.21333333333333335 483 483 
0.5 0.74 0.22 461 461 
0.5 0.74 0.22666666666666666 449 449 
0.5 0.74 0.23333333333333334 454 454 
0.5 0.74 0.24 421 421 
0.5 0.74 0.24666666666666667 432 432 
0.5 0.74 0.25333333333333335 439 439 
0.5 0.74 0.26 425 425 
0.5 0.74 0.26666666666666666 457 457 
0.5 0.74 0.2733333333333333 469 469 
0.5 0.74 0.28 475 475 
0.5 0.74 0.2866666666666667 432 432 
0.5 0.74 0.29333333333333333 447 447 
0.5 0.74 0.3 442 442 
0.5 0.74 0.30666666666666664 455 455 
0.5 0.74 0.31333333333333335 429 429 
0.5 0.74 0.32 431 431 
0.5 0.74 0.32666666666666666 415 415 
0.5 0.74 0.3333333333333333 454 454 
0.5 0.74 0.34 492 492 
0.5 0.74 0.3466666666666667 464 464 
0.5 0.74 0.35333333333333333 451 451 
0.5 0.74 0.36 460 460 
0.5 0.74 0.36666666666666664 437 437 
0.5 0.74 0.37333333333333335 481 481 
0.5 0.74 0.38 452 452 
0.5 0.74 0.38666666666666666 467 467 
0.5 0.74 0.3933333333333333 444 444 
0.5 0.74 0.4 470 470 
0.5 0.74 0.4066666666666667 423 423 
0.5 0.74 0.41333333333333333 460 460 
0.5 0.74 0.42 443 443 
0.5 0.74 0.4266666666666667 446 446 
0.5 0.74 0.43333333333333335 496 496 
0.5 0.74 0.44 453 453 
0.5 0.74 0.44666666666666666 450 450 
0.5 0.74 0.4533333333333333 472 472 
0.5 0.74 0.46 483 483 
0.5 0.74 0.4666666666666667 451 451 
0.5 0.74 0.47333333333333333 446 446 
0.5 0.74 0.48 474 474 
0.5 0.74 0.4866666666666667 428 428 
0.5 0.74 0.49333333333333335 422 422 
0.5 0.74 0.5 464 464 
0.5 0.74 0.5066666666666667 451 451 
0.5 0.74 0.5133333333333333 457 457 
0.5 0.74 0.52 437 437 
0.5 0.74 0.5266666666666666 458 458 
0.5 0.74 0.5333333333333333 446 446 
0.5 0.74 0.54 456 456 
0.5 0.74 0.5466666666666666 435 435 
0.5 0.74 0.5533333333333333 472 472 
0.5 0.74 0.56 460 460 
0.5 0.74 0.5666666666666667 468 468 
0.5 0.74 0.5733333333333334 433 433 
0.5 0.74 0.58 458 458 
0.5 0.74 0.5866666666666667 447 447 
0.5 0.74 0.5933333333333334 427 427 
0.5 0.74 0.6 438 438 
0.5 0.74 0.6066666666666667 404 404 
0.5 0.74 0.6133333333333333 425 425 
0.5 0.74 0.62 384 384 
0.5 0.74 0.6266666666666667 454 454 
0.5 0.74 0.6333333333333333 451 451 
0.5 0.74 0.64 467 467 
0.5 0.74 0.6466666666666666 441 441 
0.5 0.74 0.6533333333333333 443 443 
0.5 0.74 0.66 452 452 
0.5 0.74 0.6666666666666666 434 434 
0.5 0.74 0.6733333333333333 454 454 
0.5 0.74 0.68 440 440 
0.5 0.74 0.6866666666666666 452 452 
0.5 0.74 0.6933333333333334 438 438 
0.5 0.74 0.7 421 421 
0.5 0.74 0.7066666666666667 442 442 
0.5 0.74 0.7133333333333334 452 452 
0.5 0.74 0.72 459 459 
0.5 0.74 0.7266666666666667 458 458 
0.5 0.74 0.7333333333333333 455 455 
0.5 0.74 0.74 452 452 
0.5 0.74 0.7466666666666667 466 466 
0.5 0.74 0.7533333333333333 454 454 
0.5 0.74 0.76 465 465 
0.5 0.74 0.7666666666666667 471 471 
0.5 0.74 0.7733333333333333 458 458 
0.5 0.74 0.78 450 450 
0.5 0.74 0.7866666666666666 447 447 
0.5 0.74 0.7933333333333333 461 461 
0.5 0.74 0.8 429 429 
0.5 0.74 0.8066666666666666 426 426 
0.5 0.74 0.8133333333333334 453 453 
0.5 0.74 0.82 446 446 
0.5 0.74 0.8266666666666667 458 458 
0.5 0.74 0.8333333333333334 483 483 
0.5 0.74 0.84 473 473 
0.5 0.74 0.8466666666666667 466 466 
0.5 0.74 0.8533333333333334 497 497 
0.5 0.74 0.86 445 445 
0.5 0.74 0.8666666666666667 424 424 
0.5 0.74 0.8733333333333333 462 462 
0.5 0.74 0.88 423 423 
0.5 0.74 0.8866666666666667 424 424 
0.5 0.74 0.8933333333333333 454 454 
0.5 0.74 0.9 407 407 
0.5 0.74 0.9066666666666666 439 439 
0.5 0.74 0.9133333333333333 425 425 
0.5 0.74 0.92 458 458 
0.5 0.74 0.9266666666666666 434 434 
0.5 0.74 0.9333333333333333 433 433 
0.5 0.74 0.94 483 483 
0.5 0.74 0.9466666666666667 447 447 
0.5 0.74 0.9533333333333334 479 479 
0.5 0.74 0.96 445 445 
0.5 0.74 0.9666666666666667 426 426 
0.5 0.74 0.9733333333333334 440 440 
0.5 0.74 0.98 481 481 
0.5 0.74 0.9866666666666667 594 594 
0.5 0.74 0.9933333333333333 0 0 
0.5 0.7466666666666667 0.0 0 0 
0.5 0.7466666666666667 0.006666666666666667 542 542 
0.5 0.7466666666666667 0.013333333333333334 521 521 
0.5 0.7466666666666667 0.02 486 486 
0.5 0.7466666666666667 0.02666666666666667 473 473 
0.5 0.7466666666666667 0.03333333333333333 458 458 
0.5 0.7466666666666667 0.04 499 499 
0.5 0.7466666666666667 0.04666666666666667 491 491 
0.5 0.7466666666666667 0.05333333333333334 491 491 
0.5 0.7466666666666667 0.06 450 450 
0.5 0.7466666666666667 0.06666666666666667 490 490 
0.5 0.7466666666666667 0.07333333333333333 463 463 
0.5 0.7466666666666667 0.08 470 470 
0.5 0.7466666666666667 0.08666666666666667 433 433 
0.5 0.7466666666666667 0.09333333333333334 432 432 
0.5 0.7466666666666667 0.1 444 444 
0.5 0.7466666666666667 0.10666666666666667 423 423 
0.5 0.7466666666666667 0.11333333333333333 440 440 
0.5 0.7466666666666667 0.12 438 438 
0.5 0.7466666666666667 0.12666666666666668 452 452 
0.5 0.7466666666666667 0.13333333333333333 436 436 
0.5 0.7466666666666667 0.14 444 444 
0.5 0.7466666666666667 0.14666666666666667 467 467 
0.5 0.7466666666666667 0.15333333333333332 425 425 
0.5 0.7466666666666667 0.16 435 435 
0.5 0.7466666666666667 0.16666666666666666 475 475 
0.5 0.7466666666666667 0.17333333333333334 487 487 
0.5 0.7466666666666667 0.18 484 484 
0.5 0.7466666666666667 0.18666666666666668 497 497 
0.5 0.7466666666666667 0.19333333333333333 465 465 
0.5 0.7466666666666667 0.2 459 459 
0.5 0.7466666666666667 0.20666666666666667 455 455 
0.5 0.7466666666666667 0.21333333333333335 461 461 
0.5 0.7466666666666667 0.22 481 481 
0.5 0.7466666666666667 0.22666666666666666 437 437 
0.5 0.7466666666666667 0.23333333333333334 447 447 
0.5 0.7466666666666667 0.24 437 437 
0.5 0.7466666666666667 0.24666666666666667 459 459 
0.5 0.7466666666666667 0.25333333333333335 462 462 
0.5 0.7466666666666667 0.26 497 497 
0.5 0.7466666666666667 0.26666666666666666 444 444 
0.5 0.7466666666666667 0.2733333333333333 475 475 
0.5 0.7466666666666667 0.28 452 452 
0.5 0.7466666666666667 0.2866666666666667 475 475 
0.5 0.7466666666666667 0.29333333333333333 454 454 
0.5 0.7466666666666667 0.3 452 452 
0.5 0.7466666666666667 0.30666666666666664 470 470 
0.5 0.7466666666666667 0.31333333333333335 465 465 
0.5 0.7466666666666667 0.32 458 458 
0.5 0.7466666666666667 0.32666666666666666 486 486 
0.5 0.7466666666666667 0.3333333333333333 494 494 
0.5 0.7466666666666667 0.34 477 477 
0.5 0.7466666666666667 0.3466666666666667 448 448 
0.5 0.7466666666666667 0.35333333333333333 455 455 
0.5 0.7466666666666667 0.36 485 485 
0.5 0.7466666666666667 0.36666666666666664 456 456 
0.5 0.7466666666666667 0.37333333333333335 459 459 
0.5 0.7466666666666667 0.38 462 462 
0.5 0.7466666666666667 0.38666666666666666 464 464 
0.5 0.7466666666666667 0.3933333333333333 477 477 
0.5 0.7466666666666667 0.4 428 428 
0.5 0.7466666666666667 0.4066666666666667 437 437 
0.5 0.7466666666666667 0.41333333333333333 427 427 
0.5 0.7466666666666667 0.42 445 445 
0.5 0.7466666666666667 0.4266666666666667 496 496 
0.5 0.7466666666666667 0.43333333333333335 402 402 
0.5 0.7466666666666667 0.44 453 453 
0.5 0.7466666666666667 0.44666666666666666 493 493 
0.5 0.7466666666666667 0.4533333333333333 481 481 
0.5 0.7466666666666667 0.46 454 454 
0.5 0.7466666666666667 0.4666666666666667 478 478 
0.5 0.7466666666666667 0.47333333333333333 486 486 
0.5 0.7466666666666667 0.48 491 491 
0.5 0.7466666666666667 0.4866666666666667 470 470 
0.5 0.7466666666666667 0.49333333333333335 498 498 
0.5 0.7466666666666667 0.5 450 450 
0.5 0.7466666666666667 0.5066666666666667 431 431 
0.5 0.7466666666666667 0.5133333333333333 457 457 
0.5 0.7466666666666667 0.52 436 436 
0.5 0.7466666666666667 0.5266666666666666 398 398 
0.5 0.7466666666666667 0.5333333333333333 461 461 
0.5 0.7466666666666667 0.54 455 455 
0.5 0.7466666666666667 0.5466666666666666 425 425 
0.5 0.7466666666666667 0.5533333333333333 462 462 
0.5 0.7466666666666667 0.56 454 454 
0.5 0.7466666666666667 0.5666666666666667 439 439 
0.5 0.7466666666666667 0.5733333333333334 459 459 
0.5 0.7466666666666667 0.58 448 448 
0.5 0.7466666666666667 0.5866666666666667 452 452 
0.5 0.7466666666666667 0.5933333333333334 465 465 
0.5 0.7466666666666667 0.6 417 417 
0.5 0.7466666666666667 0.6066666666666667 440 440 
0.5 0.7466666666666667 0.6133333333333333 417 417 
0.5 0.7466666666666667 0.62 462 462 
0.5 0.7466666666666667 0.6266666666666667 434 434 
0.5 0.7466666666666667 0.6333333333333333 421 421 
0.5 0.7466666666666667 0.64 442 442 
0.5 0.7466666666666667 0.6466666666666666 426 426 
0.5 0.7466666666666667 0.6533333333333333 442 442 
0.5 0.7466666666666667 0.66 453 453 
0.5 0.7466666666666667 0.6666666666666666 413 413 
0.5 0.7466666666666667 0.6733333333333333 463 463 
0.5 0.7466666666666667 0.68 440 440 
0.5 0.7466666666666667 0.6866666666666666 438 438 
0.5 0.7466666666666667 0.6933333333333334 481 481 
0.5 0.7466666666666667 0.7 439 439 
0.5 0.7466666666666667 0.7066666666666667 456 456 
0.5 0.7466666666666667 0.7133333333333334 452 452 
0.5 0.7466666666666667 0.72 420 420 
0.5 0.7466666666666667 0.7266666666666667 433 433 
0.5 0.7466666666666667 0.7333333333333333 449 449 
0.5 0.7466666666666667 0.74 453 453 
0.5 0.7466666666666667 0.7466666666666667 425 425 
0.5 0.7466666666666667 0.7533333333333333 423 423 
0.5 0.7466666666666667 0.76 419 419 
0.5 0.7466666666666667 0.7666666666666667 430 430 
0.5 0.7466666666666667 0.7733333333333333 443 443 
0.5 0.7466666666666667 0.78 457 457 
0.5 0.7466666666666667 0.7866666666666666 455 455 
0.5 0.7466666666666667 0.7933333333333333 408 408 
0.5 0.7466666666666667 0.8 503 503 
0.5 0.7466666666666667 0.8066666666666666 447 447 
0.5 0.7466666666666667 0.8133333333333334 435 435 
0.5 0.7466666666666667 0.82 429 429 
0.5 0.7466666666666667 0.8266666666666667 488 488 
0.5 0.7466666666666667 0.8333333333333334 440 440 
0.5 0.7466666666666667 0.84 441 441 
0.5 0.7466666666666667 0.8466666666666667 456 456 
0.5 0.7466666666666667 0.8533333333333334 391 391 
0.5 0.7466666666666667 0.86 446 446 
0.5 0.7466666666666667 0.8666666666666667 465 465 
0.5 0.7466666666666667 0.8733333333333333 406 406 
0.5 0.7466666666666667 0.88 408 408 
0.5 0.7466666666666667 0.8866666666666667 455 455 
0.5 0.7466666666666667 0.8933333333333333 408 408 
0.5 0.7466666666666667 0.9 426 426 
0.5 0.7466666666666667 0.9066666666666666 435 435 
0.5 0.7466666666666667 0.9133333333333333 450 450 
0.5 0.7466666666666667 0.92 456 456 
0.5 0.7466666666666667 0.9266666666666666 484 484 
0.5 0.7466666666666667 0.9333333333333333 469 469 
0.5 0.7466666666666667 0.94 456 456 
0.5 0.7466666666666667 0.9466666666666667 475 475 
0.5 0.7466666666666667 0.9533333333333334 497 497 
0.5 0.7466666666666667 0.96 460 460 
0.5 0.7466666666666667 0.9666666666666667 473 473 
0.5 0.7466666666666667 0.9733333333333334 430 430 
0.5 0.7466666666666667 0.98 472 472 
0.5 0.7466666666666667 0.9866666666666667 577 577 
0.5 0.7466666666666667 0.9933333333333333 0 0 
0.5 0.7533333333333333 0.0 0 0 
0.5 0.7533333333333333 0.006666666666666667 584 584 
0.5 0.7533333333333333 0.013333333333333334 461 461 
0.5 0.7533333333333333 0.02 447 447 
0.5 0.7533333333333333 0.02666666666666667 466 466 
0.5 0.7533333333333333 0.03333333333333333 443 443 
0.5 0.7533333333333333 0.04 461 461 
0.5 0.7533333333333333 0.04666666666666667 469 469 
0.5 0.7533333333333333 0.05333333333333334 442 442 
0.5 0.7533333333333333 0.06 443 443 
0.5 0.7533333333333333 0.06666666666666667 447 447 
0.5 0.7533333333333333 0.07333333333333333 410 410 
0.5 0.7533333333333333 0.08 437 437 
0.5 0.7533333333333333 0.08666666666666667 455 455 
0.5 0.7533333333333333 0.09333333333333334 406 406 
0.5 0.7533333333333333 0.1 450 450 
0.5 0.7533333333333333 0.10666666666666667 481 481 
0.5 0.7533333333333333 0.11333333333333333 414 414 
0.5 0.7533333333333333 0.12 473 473 
0.5 0.7533333333333333 0.12666666666666668 443 443 
0.5 0.7533333333333333 0.13333333333333333 477 477 
0.5 0.7533333333333333 0.14 509 509 
0.5 0.7533333333333333 0.14666666666666667 438 438 
0.5 0.7533333333333333 0.15333333333333332 499 499 
0.5 0.7533333333333333 0.16 462 462 
0.5 0.7533333333333333 0.16666666666666666 456 456 
0.5 0.7533333333333333 0.17333333333333334 472 472 
0.5 0.7533333333333333 0.18 485 485 
0.5 0.7533333333333333 0.18666666666666668 463 463 
0.5 0.7533333333333333 0.19333333333333333 466 466 
0.5 0.7533333333333333 0.2 459 459 
0.5 0.7533333333333333 0.20666666666666667 497 497 
0.5 0.7533333333333333 0.21333333333333335 463 463 
0.5 0.7533333333333333 0.22 492 492 
0.5 0.7533333333333333 0.22666666666666666 470 470 
0.5 0.7533333333333333 0.23333333333333334 447 447 
0.5 0.7533333333333333 0.24 469 469 
0.5 0.7533333333333333 0.24666666666666667 416 416 
0.5 0.7533333333333333 0.25333333333333335 426 426 
0.5 0.7533333333333333 0.26 463 463 
0.5 0.7533333333333333 0.26666666666666666 481 481 
0.5 0.7533333333333333 0.2733333333333333 408 408 
0.5 0.7533333333333333 0.28 433 433 
0.5 0.7533333333333333 0.2866666666666667 458 458 
0.5 0.7533333333333333 0.29333333333333333 435 435 
0.5 0.7533333333333333 0.3 384 384 
0.5 0.7533333333333333 0.30666666666666664 432 432 
0.5 0.7533333333333333 0.31333333333333335 481 481 
0.5 0.7533333333333333 0.32 458 458 
0.5 0.7533333333333333 0.32666666666666666 484 484 
0.5 0.7533333333333333 0.3333333333333333 429 429 
0.5 0.7533333333333333 0.34 446 446 
0.5 0.7533333333333333 0.3466666666666667 466 466 
0.5 0.7533333333333333 0.35333333333333333 509 509 
0.5 0.7533333333333333 0.36 468 468 
0.5 0.7533333333333333 0.36666666666666664 457 457 
0.5 0.7533333333333333 0.37333333333333335 471 471 
0.5 0.7533333333333333 0.38 441 441 
0.5 0.7533333333333333 0.38666666666666666 465 465 
0.5 0.7533333333333333 0.3933333333333333 464 464 
0.5 0.7533333333333333 0.4 443 443 
0.5 0.7533333333333333 0.4066666666666667 419 419 
0.5 0.7533333333333333 0.41333333333333333 447 447 
0.5 0.7533333333333333 0.42 451 451 
0.5 0.7533333333333333 0.4266666666666667 412 412 
0.5 0.7533333333333333 0.43333333333333335 433 433 
0.5 0.7533333333333333 0.44 455 455 
0.5 0.7533333333333333 0.44666666666666666 463 463 
0.5 0.7533333333333333 0.4533333333333333 463 463 
0.5 0.7533333333333333 0.46 490 490 
0.5 0.7533333333333333 0.4666666666666667 434 434 
0.5 0.7533333333333333 0.47333333333333333 428 428 
0.5 0.7533333333333333 0.48 459 459 
0.5 0.7533333333333333 0.4866666666666667 449 449 
0.5 0.7533333333333333 0.49333333333333335 450 450 
0.5 0.7533333333333333 0.5 432 432 
0.5 0.7533333333333333 0.5066666666666667 449 449 
0.5 0.7533333333333333 0.5133333333333333 478 478 
0.5 0.7533333333333333 0.52 453 453 
0.5 0.7533333333333333 0.5266666666666666 472 472 
0.5 0.7533333333333333 0.5333333333333333 438 438 
0.5 0.7533333333333333 0.54 482 482 
0.5 0.7533333333333333 0.5466666666666666 459 459 
0.5 0.7533333333333333 0.5533333333333333 444 444 
0.5 0.7533333333333333 0.56 457 457 
0.5 0.7533333333333333 0.5666666666666667 463 463 
0.5 0.7533333333333333 0.5733333333333334 463 463 
0.5 0.7533333333333333 0.58 442 442 
0.5 0.7533333333333333 0.5866666666666667 435 435 
0.5 0.7533333333333333 0.5933333333333334 473 473 
0.5 0.7533333333333333 0.6 472 472 
0.5 0.7533333333333333 0.6066666666666667 443 443 
0.5 0.7533333333333333 0.6133333333333333 455 455 
0.5 0.7533333333333333 0.62 458 458 
0.5 0.7533333333333333 0.6266666666666667 466 466 
0.5 0.7533333333333333 0.6333333333333333 462 462 
0.5 0.7533333333333333 0.64 452 452 
0.5 0.7533333333333333 0.6466666666666666 479 479 
0.5 0.7533333333333333 0.6533333333333333 443 443 
0.5 0.7533333333333333 0.66 429 429 
0.5 0.7533333333333333 0.6666666666666666 420 420 
0.5 0.7533333333333333 0.6733333333333333 470 470 
0.5 0.7533333333333333 0.68 473 473 
0.5 0.7533333333333333 0.6866666666666666 462 462 
0.5 0.7533333333333333 0.6933333333333334 431 431 
0.5 0.7533333333333333 0.7 428 428 
0.5 0.7533333333333333 0.7066666666666667 433 433 
0.5 0.7533333333333333 0.7133333333333334 442 442 
0.5 0.7533333333333333 0.72 447 447 
0.5 0.7533333333333333 0.7266666666666667 444 444 
0.5 0.7533333333333333 0.7333333333333333 417 417 
0.5 0.7533333333333333 0.74 426 426 
0.5 0.7533333333333333 0.7466666666666667 442 442 
0.5 0.7533333333333333 0.7533333333333333 460 460 
0.5 0.7533333333333333 0.76 436 436 
0.5 0.7533333333333333 0.7666666666666667 461 461 
0.5 0.7533333333333333 0.7733333333333333 434 434 
0.5 0.7533333333333333 0.78 473 473 
0.5 0.7533333333333333 0.7866666666666666 418 418 
0.5 0.7533333333333333 0.7933333333333333 409 409 
0.5 0.7533333333333333 0.8 466 466 
0.5 0.7533333333333333 0.8066666666666666 427 427 
0.5 0.7533333333333333 0.8133333333333334 426 426 
0.5 0.7533333333333333 0.82 439 439 
0.5 0.7533333333333333 0.8266666666666667 447 447 
0.5 0.7533333333333333 0.8333333333333334 419 419 
0.5 0.7533333333333333 0.84 453 453 
0.5 0.7533333333333333 0.8466666666666667 466 466 
0.5 0.7533333333333333 0.8533333333333334 419 419 
0.5 0.7533333333333333 0.86 436 436 
0.5 0.7533333333333333 0.8666666666666667 419 419 
0.5 0.7533333333333333 0.8733333333333333 426 426 
0.5 0.7533333333333333 0.88 470 470 
0.5 0.7533333333333333 0.8866666666666667 468 468 
0.5 0.7533333333333333 0.8933333333333333 426 426 
0.5 0.7533333333333333 0.9 475 475 
0.5 0.7533333333333333 0.9066666666666666 451 451 
0.5 0.7533333333333333 0.9133333333333333 480 480 
0.5 0.7533333333333333 0.92 469 469 
0.5 0.7533333333333333 0.9266666666666666 456 456 
0.5 0.7533333333333333 0.9333333333333333 501 501 
0.5 0.7533333333333333 0.94 430 430 
0.5 0.7533333333333333 0.9466666666666667 454 454 
0.5 0.7533333333333333 0.9533333333333334 446 446 
0.5 0.7533333333333333 0.96 434 434 
0.5 0.7533333333333333 0.9666666666666667 480 480 
0.5 0.7533333333333333 0.9733333333333334 410 410 
0.5 0.7533333333333333 0.98 440 440 
0.5 0.7533333333333333 0.9866666666666667 563 563 
0.5 0.7533333333333333 0.9933333333333333 0 0 
0.5 0.76 0.0 0 0 
0.5 0.76 0.006666666666666667 604 604 
0.5 0.76 0.013333333333333334 500 500 
0.5 0.76 0.02 457 457 
0.5 0.76 0.02666666666666667 436 436 
0.5 0.76 0.03333333333333333 473 473 
0.5 0.76 0.04 458 458 
0.5 0.76 0.04666666666666667 432 432 
0.5 0.76 0.05333333333333334 413 413 
0.5 0.76 0.06 479 479 
0.5 0.76 0.06666666666666667 462 462 
0.5 0.76 0.07333333333333333 451 451 
0.5 0.76 0.08 458 458 
0.5 0.76 0.08666666666666667 431 431 
0.5 0.76 0.09333333333333334 479 479 
0.5 0.76 0.1 441 441 
0.5 0.76 0.10666666666666667 458 458 
0.5 0.76 0.11333333333333333 420 420 
0.5 0.76 0.12 435 435 
0.5 0.76 0.12666666666666668 472 472 
0.5 0.76 0.13333333333333333 489 489 
0.5 0.76 0.14 438 438 
0.5 0.76 0.14666666666666667 467 467 
0.5 0.76 0.15333333333333332 473 473 
0.5 0.76 0.16 463 463 
0.5 0.76 0.16666666666666666 453 453 
0.5 0.76 0.17333333333333334 446 446 
0.5 0.76 0.18 445 445 
0.5 0.76 0.18666666666666668 447 447 
0.5 0.76 0.19333333333333333 489 489 
0.5 0.76 0.2 491 491 
0.5 0.76 0.20666666666666667 457 457 
0.5 0.76 0.21333333333333335 494 494 
0.5 0.76 0.22 527 527 
0.5 0.76 0.22666666666666666 446 446 
0.5 0.76 0.23333333333333334 479 479 
0.5 0.76 0.24 494 494 
0.5 0.76 0.24666666666666667 462 462 
0.5 0.76 0.25333333333333335 463 463 
0.5 0.76 0.26 454 454 
0.5 0.76 0.26666666666666666 400 400 
0.5 0.76 0.2733333333333333 460 460 
0.5 0.76 0.28 437 437 
0.5 0.76 0.2866666666666667 443 443 
0.5 0.76 0.29333333333333333 438 438 
0.5 0.76 0.3 458 458 
0.5 0.76 0.30666666666666664 447 447 
0.5 0.76 0.31333333333333335 478 478 
0.5 0.76 0.32 473 473 
0.5 0.76 0.32666666666666666 458 458 
0.5 0.76 0.3333333333333333 484 484 
0.5 0.76 0.34 444 444 
0.5 0.76 0.3466666666666667 455 455 
0.5 0.76 0.35333333333333333 462 462 
0.5 0.76 0.36 474 474 
0.5 0.76 0.36666666666666664 459 459 
0.5 0.76 0.37333333333333335 460 460 
0.5 0.76 0.38 458 458 
0.5 0.76 0.38666666666666666 429 429 
0.5 0.76 0.3933333333333333 430 430 
0.5 0.76 0.4 438 438 
0.5 0.76 0.4066666666666667 416 416 
0.5 0.76 0.41333333333333333 435 435 
0.5 0.76 0.42 418 418 
0.5 0.76 0.4266666666666667 433 433 
0.5 0.76 0.43333333333333335 452 452 
0.5 0.76 0.44 495 495 
0.5 0.76 0.44666666666666666 421 421 
0.5 0.76 0.4533333333333333 436 436 
0.5 0.76 0.46 459 459 
0.5 0.76 0.4666666666666667 444 444 
0.5 0.76 0.47333333333333333 475 475 
0.5 0.76 0.48 434 434 
0.5 0.76 0.4866666666666667 468 468 
0.5 0.76 0.49333333333333335 462 462 
0.5 0.76 0.5 478 478 
0.5 0.76 0.5066666666666667 493 493 
0.5 0.76 0.5133333333333333 452 452 
0.5 0.76 0.52 479 479 
0.5 0.76 0.5266666666666666 494 494 
0.5 0.76 0.5333333333333333 464 464 
0.5 0.76 0.54 466 466 
0.5 0.76 0.5466666666666666 410 410 
0.5 0.76 0.5533333333333333 447 447 
0.5 0.76 0.56 451 451 
0.5 0.76 0.5666666666666667 423 423 
0.5 0.76 0.5733333333333334 485 485 
0.5 0.76 0.58 454 454 
0.5 0.76 0.5866666666666667 500 500 
0.5 0.76 0.5933333333333334 468 468 
0.5 0.76 0.6 451 451 
0.5 0.76 0.6066666666666667 461 461 
0.5 0.76 0.6133333333333333 432 432 
0.5 0.76 0.62 440 440 
0.5 0.76 0.6266666666666667 501 501 
0.5 0.76 0.6333333333333333 452 452 
0.5 0.76 0.64 452 452 
0.5 0.76 0.6466666666666666 458 458 
0.5 0.76 0.6533333333333333 464 464 
0.5 0.76 0.66 441 441 
0.5 0.76 0.6666666666666666 450 450 
0.5 0.76 0.6733333333333333 453 453 
0.5 0.76 0.68 440 440 
0.5 0.76 0.6866666666666666 457 457 
0.5 0.76 0.6933333333333334 447 447 
0.5 0.76 0.7 477 477 
0.5 0.76 0.7066666666666667 456 456 
0.5 0.76 0.7133333333333334 476 476 
0.5 0.76 0.72 476 476 
0.5 0.76 0.7266666666666667 447 447 
0.5 0.76 0.7333333333333333 433 433 
0.5 0.76 0.74 432 432 
0.5 0.76 0.7466666666666667 478 478 
0.5 0.76 0.7533333333333333 478 478 
0.5 0.76 0.76 443 443 
0.5 0.76 0.7666666666666667 465 465 
0.5 0.76 0.7733333333333333 464 464 
0.5 0.76 0.78 405 405 
0.5 0.76 0.7866666666666666 429 429 
0.5 0.76 0.7933333333333333 469 469 
0.5 0.76 0.8 444 444 
0.5 0.76 0.8066666666666666 482 482 
0.5 0.76 0.8133333333333334 406 406 
0.5 0.76 0.82 450 450 
0.5 0.76 0.8266666666666667 422 422 
0.5 0.76 0.8333333333333334 435 435 
0.5 0.76 0.84 428 428 
0.5 0.76 0.8466666666666667 434 434 
0.5 0.76 0.8533333333333334 425 425 
0.5 0.76 0.86 500 500 
0.5 0.76 0.8666666666666667 470 470 
0.5 0.76 0.8733333333333333 437 437 
0.5 0.76 0.88 455 455 
0.5 0.76 0.8866666666666667 460 460 
0.5 0.76 0.8933333333333333 485 485 
0.5 0.76 0.9 476 476 
0.5 0.76 0.9066666666666666 453 453 
0.5 0.76 0.9133333333333333 469 469 
0.5 0.76 0.92 473 473 
0.5 0.76 0.9266666666666666 473 473 
0.5 0.76 0.9333333333333333 438 438 
0.5 0.76 0.94 447 447 
0.5 0.76 0.9466666666666667 418 418 
0.5 0.76 0.9533333333333334 451 451 
0.5 0.76 0.96 481 481 
0.5 0.76 0.9666666666666667 453 453 
0.5 0.76 0.9733333333333334 424 424 
0.5 0.76 0.98 490 490 
0.5 0.76 0.9866666666666667 552 552 
0.5 0.76 0.9933333333333333 0 0 
0.5 0.7666666666666667 0.0 0 0 
0.5 0.7666666666666667 0.006666666666666667 594 594 
0.5 0.7666666666666667 0.013333333333333334 485 485 
0.5 0.7666666666666667 0.02 463 463 
0.5 0.7666666666666667 0.02666666666666667 446 446 
0.5 0.7666666666666667 0.03333333333333333 459 459 
0.5 0.7666666666666667 0.04 444 444 
0.5 0.7666666666666667 0.04666666666666667 446 446 
0.5 0.7666666666666667 0.05333333333333334 481 481 
0.5 0.7666666666666667 0.06 474 474 
0.5 0.7666666666666667 0.06666666666666667 471 471 
0.5 0.7666666666666667 0.07333333333333333 468 468 
0.5 0.7666666666666667 0.08 436 436 
0.5 0.7666666666666667 0.08666666666666667 458 458 
0.5 0.7666666666666667 0.09333333333333334 467 467 
0.5 0.7666666666666667 0.1 462 462 
0.5 0.7666666666666667 0.10666666666666667 437 437 
0.5 0.7666666666666667 0.11333333333333333 485 485 
0.5 0.7666666666666667 0.12 475 475 
0.5 0.7666666666666667 0.12666666666666668 476 476 
0.5 0.7666666666666667 0.13333333333333333 512 512 
0.5 0.7666666666666667 0.14 447 447 
0.5 0.7666666666666667 0.14666666666666667 466 466 
0.5 0.7666666666666667 0.15333333333333332 458 458 
0.5 0.7666666666666667 0.16 455 455 
0.5 0.7666666666666667 0.16666666666666666 454 454 
0.5 0.7666666666666667 0.17333333333333334 444 444 
0.5 0.7666666666666667 0.18 441 441 
0.5 0.7666666666666667 0.18666666666666668 409 409 
0.5 0.7666666666666667 0.19333333333333333 450 450 
0.5 0.7666666666666667 0.2 462 462 
0.5 0.7666666666666667 0.20666666666666667 469 469 
0.5 0.7666666666666667 0.21333333333333335 440 440 
0.5 0.7666666666666667 0.22 463 463 
0.5 0.7666666666666667 0.22666666666666666 464 464 
0.5 0.7666666666666667 0.23333333333333334 486 486 
0.5 0.7666666666666667 0.24 478 478 
0.5 0.7666666666666667 0.24666666666666667 439 439 
0.5 0.7666666666666667 0.25333333333333335 470 470 
0.5 0.7666666666666667 0.26 448 448 
0.5 0.7666666666666667 0.26666666666666666 440 440 
0.5 0.7666666666666667 0.2733333333333333 441 441 
0.5 0.7666666666666667 0.28 418 418 
0.5 0.7666666666666667 0.2866666666666667 462 462 
0.5 0.7666666666666667 0.29333333333333333 427 427 
0.5 0.7666666666666667 0.3 445 445 
0.5 0.7666666666666667 0.30666666666666664 438 438 
0.5 0.7666666666666667 0.31333333333333335 435 435 
0.5 0.7666666666666667 0.32 428 428 
0.5 0.7666666666666667 0.32666666666666666 449 449 
0.5 0.7666666666666667 0.3333333333333333 466 466 
0.5 0.7666666666666667 0.34 486 486 
0.5 0.7666666666666667 0.3466666666666667 489 489 
0.5 0.7666666666666667 0.35333333333333333 451 451 
0.5 0.7666666666666667 0.36 437 437 
0.5 0.7666666666666667 0.36666666666666664 480 480 
0.5 0.7666666666666667 0.37333333333333335 428 428 
0.5 0.7666666666666667 0.38 416 416 
0.5 0.7666666666666667 0.38666666666666666 466 466 
0.5 0.7666666666666667 0.3933333333333333 484 484 
0.5 0.7666666666666667 0.4 456 456 
0.5 0.7666666666666667 0.4066666666666667 444 444 
0.5 0.7666666666666667 0.41333333333333333 454 454 
0.5 0.7666666666666667 0.42 433 433 
0.5 0.7666666666666667 0.4266666666666667 433 433 
0.5 0.7666666666666667 0.43333333333333335 435 435 
0.5 0.7666666666666667 0.44 415 415 
0.5 0.7666666666666667 0.44666666666666666 459 459 
0.5 0.7666666666666667 0.4533333333333333 472 472 
0.5 0.7666666666666667 0.46 467 467 
0.5 0.7666666666666667 0.4666666666666667 456 456 
0.5 0.7666666666666667 0.47333333333333333 413 413 
0.5 0.7666666666666667 0.48 418 418 
0.5 0.7666666666666667 0.4866666666666667 399 399 
0.5 0.7666666666666667 0.49333333333333335 467 467 
0.5 0.7666666666666667 0.5 459 459 
0.5 0.7666666666666667 0.5066666666666667 492 492 
0.5 0.7666666666666667 0.5133333333333333 480 480 
0.5 0.7666666666666667 0.52 452 452 
0.5 0.7666666666666667 0.5266666666666666 483 483 
0.5 0.7666666666666667 0.5333333333333333 438 438 
0.5 0.7666666666666667 0.54 489 489 
0.5 0.7666666666666667 0.5466666666666666 474 474 
0.5 0.7666666666666667 0.5533333333333333 469 469 
0.5 0.7666666666666667 0.56 452 452 
0.5 0.7666666666666667 0.5666666666666667 460 460 
0.5 0.7666666666666667 0.5733333333333334 469 469 
0.5 0.7666666666666667 0.58 450 450 
0.5 0.7666666666666667 0.5866666666666667 445 445 
0.5 0.7666666666666667 0.5933333333333334 517 517 
0.5 0.7666666666666667 0.6 500 500 
0.5 0.7666666666666667 0.6066666666666667 511 511 
0.5 0.7666666666666667 0.6133333333333333 475 475 
0.5 0.7666666666666667 0.62 477 477 
0.5 0.7666666666666667 0.6266666666666667 475 475 
0.5 0.7666666666666667 0.6333333333333333 507 507 
0.5 0.7666666666666667 0.64 493 493 
0.5 0.7666666666666667 0.6466666666666666 473 473 
0.5 0.7666666666666667 0.6533333333333333 459 459 
0.5 0.7666666666666667 0.66 478 478 
0.5 0.7666666666666667 0.6666666666666666 472 472 
0.5 0.7666666666666667 0.6733333333333333 497 497 
0.5 0.7666666666666667 0.68 485 485 
0.5 0.7666666666666667 0.6866666666666666 491 491 
0.5 0.7666666666666667 0.6933333333333334 465 465 
0.5 0.7666666666666667 0.7 465 465 
0.5 0.7666666666666667 0.7066666666666667 459 459 
0.5 0.7666666666666667 0.7133333333333334 484 484 
0.5 0.7666666666666667 0.72 460 460 
0.5 0.7666666666666667 0.7266666666666667 467 467 
0.5 0.7666666666666667 0.7333333333333333 439 439 
0.5 0.7666666666666667 0.74 456 456 
0.5 0.7666666666666667 0.7466666666666667 448 448 
0.5 0.7666666666666667 0.7533333333333333 458 458 
0.5 0.7666666666666667 0.76 495 495 
0.5 0.7666666666666667 0.7666666666666667 449 449 
0.5 0.7666666666666667 0.7733333333333333 480 480 
0.5 0.7666666666666667 0.78 473 473 
0.5 0.7666666666666667 0.7866666666666666 437 437 
0.5 0.7666666666666667 0.7933333333333333 437 437 
0.5 0.7666666666666667 0.8 439 439 
0.5 0.7666666666666667 0.8066666666666666 431 431 
0.5 0.7666666666666667 0.8133333333333334 447 447 
0.5 0.7666666666666667 0.82 456 456 
0.5 0.7666666666666667 0.8266666666666667 431 431 
0.5 0.7666666666666667 0.8333333333333334 408 408 
0.5 0.7666666666666667 0.84 410 410 
0.5 0.7666666666666667 0.8466666666666667 426 426 
0.5 0.7666666666666667 0.8533333333333334 501 501 
0.5 0.7666666666666667 0.86 450 450 
0.5 0.7666666666666667 0.8666666666666667 462 462 
0.5 0.7666666666666667 0.8733333333333333 421 421 
0.5 0.7666666666666667 0.88 497 497 
0.5 0.7666666666666667 0.8866666666666667 463 463 
0.5 0.7666666666666667 0.8933333333333333 453 453 
0.5 0.7666666666666667 0.9 473 473 
0.5 0.7666666666666667 0.9066666666666666 470 470 
0.5 0.7666666666666667 0.9133333333333333 489 489 
0.5 0.7666666666666667 0.92 468 468 
0.5 0.7666666666666667 0.9266666666666666 448 448 
0.5 0.7666666666666667 0.9333333333333333 497 497 
0.5 0.7666666666666667 0.94 478 478 
0.5 0.7666666666666667 0.9466666666666667 478 478 
0.5 0.7666666666666667 0.9533333333333334 479 479 
0.5 0.7666666666666667 0.96 488 488 
0.5 0.7666666666666667 0.9666666666666667 443 443 
0.5 0.7666666666666667 0.9733333333333334 485 485 
0.5 0.7666666666666667 0.98 487 487 
0.5 0.7666666666666667 0.9866666666666667 548 548 
0.5 0.7666666666666667 0.9933333333333333 0 0 
0.5 0.7733333333333333 0.0 0 0 
0.5 0.7733333333333333 0.006666666666666667 612 612 
0.5 0.7733333333333333 0.013333333333333334 451 451 
0.5 0.7733333333333333 0.02 450 450 
0.5 0.7733333333333333 0.02666666666666667 505 505 
0.5 0.7733333333333333 0.03333333333333333 463 463 
0.5 0.7733333333333333 0.04 425 425 
0.5 0.7733333333333333 0.04666666666666667 460 460 
0.5 0.7733333333333333 0.05333333333333334 469 469 
0.5 0.7733333333333333 0.06 469 469 
0.5 0.7733333333333333 0.06666666666666667 445 445 
0.5 0.7733333333333333 0.07333333333333333 439 439 
0.5 0.7733333333333333 0.08 495 495 
0.5 0.7733333333333333 0.08666666666666667 494 494 
0.5 0.7733333333333333 0.09333333333333334 487 487 
0.5 0.7733333333333333 0.1 466 466 
0.5 0.7733333333333333 0.10666666666666667 449 449 
0.5 0.7733333333333333 0.11333333333333333 446 446 
0.5 0.7733333333333333 0.12 486 486 
0.5 0.7733333333333333 0.12666666666666668 510 510 
0.5 0.7733333333333333 0.13333333333333333 457 457 
0.5 0.7733333333333333 0.14 499 499 
0.5 0.7733333333333333 0.14666666666666667 452 452 
0.5 0.7733333333333333 0.15333333333333332 433 433 
0.5 0.7733333333333333 0.16 478 478 
0.5 0.7733333333333333 0.16666666666666666 470 470 
0.5 0.7733333333333333 0.17333333333333334 414 414 
0.5 0.7733333333333333 0.18 451 451 
0.5 0.7733333333333333 0.18666666666666668 457 457 
0.5 0.7733333333333333 0.19333333333333333 439 439 
0.5 0.7733333333333333 0.2 454 454 
0.5 0.7733333333333333 0.20666666666666667 474 474 
0.5 0.7733333333333333 0.21333333333333335 430 430 
0.5 0.7733333333333333 0.22 450 450 
0.5 0.7733333333333333 0.22666666666666666 487 487 
0.5 0.7733333333333333 0.23333333333333334 458 458 
0.5 0.7733333333333333 0.24 468 468 
0.5 0.7733333333333333 0.24666666666666667 483 483 
0.5 0.7733333333333333 0.25333333333333335 467 467 
0.5 0.7733333333333333 0.26 481 481 
0.5 0.7733333333333333 0.26666666666666666 470 470 
0.5 0.7733333333333333 0.2733333333333333 402 402 
0.5 0.7733333333333333 0.28 463 463 
0.5 0.7733333333333333 0.2866666666666667 450 450 
0.5 0.7733333333333333 0.29333333333333333 427 427 
0.5 0.7733333333333333 0.3 441 441 
0.5 0.7733333333333333 0.30666666666666664 468 468 
0.5 0.7733333333333333 0.31333333333333335 429 429 
0.5 0.7733333333333333 0.32 457 457 
0.5 0.7733333333333333 0.32666666666666666 445 445 
0.5 0.7733333333333333 0.3333333333333333 431 431 
0.5 0.7733333333333333 0.34 454 454 
0.5 0.7733333333333333 0.3466666666666667 460 460 
0.5 0.7733333333333333 0.35333333333333333 450 450 
0.5 0.7733333333333333 0.36 456 456 
0.5 0.7733333333333333 0.36666666666666664 425 425 
0.5 0.7733333333333333 0.37333333333333335 433 433 
0.5 0.7733333333333333 0.38 468 468 
0.5 0.7733333333333333 0.38666666666666666 438 438 
0.5 0.7733333333333333 0.3933333333333333 430 430 
0.5 0.7733333333333333 0.4 466 466 
0.5 0.7733333333333333 0.4066666666666667 438 438 
0.5 0.7733333333333333 0.41333333333333333 500 500 
0.5 0.7733333333333333 0.42 460 460 
0.5 0.7733333333333333 0.4266666666666667 471 471 
0.5 0.7733333333333333 0.43333333333333335 475 475 
0.5 0.7733333333333333 0.44 477 477 
0.5 0.7733333333333333 0.44666666666666666 420 420 
0.5 0.7733333333333333 0.4533333333333333 431 431 
0.5 0.7733333333333333 0.46 431 431 
0.5 0.7733333333333333 0.4666666666666667 469 469 
0.5 0.7733333333333333 0.47333333333333333 450 450 
0.5 0.7733333333333333 0.48 444 444 
0.5 0.7733333333333333 0.4866666666666667 453 453 
0.5 0.7733333333333333 0.49333333333333335 464 464 
0.5 0.7733333333333333 0.5 479 479 
0.5 0.7733333333333333 0.5066666666666667 472 472 
0.5 0.7733333333333333 0.5133333333333333 454 454 
0.5 0.7733333333333333 0.52 494 494 
0.5 0.7733333333333333 0.5266666666666666 458 458 
0.5 0.7733333333333333 0.5333333333333333 443 443 
0.5 0.7733333333333333 0.54 475 475 
0.5 0.7733333333333333 0.5466666666666666 445 445 
0.5 0.7733333333333333 0.5533333333333333 506 506 
0.5 0.7733333333333333 0.56 481 481 
0.5 0.7733333333333333 0.5666666666666667 474 474 
0.5 0.7733333333333333 0.5733333333333334 489 489 
0.5 0.7733333333333333 0.58 486 486 
0.5 0.7733333333333333 0.5866666666666667 461 461 
0.5 0.7733333333333333 0.5933333333333334 473 473 
0.5 0.7733333333333333 0.6 485 485 
0.5 0.7733333333333333 0.6066666666666667 468 468 
0.5 0.7733333333333333 0.6133333333333333 513 513 
0.5 0.7733333333333333 0.62 484 484 
0.5 0.7733333333333333 0.6266666666666667 473 473 
0.5 0.7733333333333333 0.6333333333333333 463 463 
0.5 0.7733333333333333 0.64 473 473 
0.5 0.7733333333333333 0.6466666666666666 402 402 
0.5 0.7733333333333333 0.6533333333333333 445 445 
0.5 0.7733333333333333 0.66 476 476 
0.5 0.7733333333333333 0.6666666666666666 467 467 
0.5 0.7733333333333333 0.6733333333333333 428 428 
0.5 0.7733333333333333 0.68 436 436 
0.5 0.7733333333333333 0.6866666666666666 467 467 
0.5 0.7733333333333333 0.6933333333333334 503 503 
0.5 0.7733333333333333 0.7 466 466 
0.5 0.7733333333333333 0.7066666666666667 506 506 
0.5 0.7733333333333333 0.7133333333333334 464 464 
0.5 0.7733333333333333 0.72 457 457 
0.5 0.7733333333333333 0.7266666666666667 502 502 
0.5 0.7733333333333333 0.7333333333333333 396 396 
0.5 0.7733333333333333 0.74 429 429 
0.5 0.7733333333333333 0.7466666666666667 452 452 
0.5 0.7733333333333333 0.7533333333333333 448 448 
0.5 0.7733333333333333 0.76 412 412 
0.5 0.7733333333333333 0.7666666666666667 457 457 
0.5 0.7733333333333333 0.7733333333333333 428 428 
0.5 0.7733333333333333 0.78 476 476 
0.5 0.7733333333333333 0.7866666666666666 483 483 
0.5 0.7733333333333333 0.7933333333333333 410 410 
0.5 0.7733333333333333 0.8 442 442 
0.5 0.7733333333333333 0.8066666666666666 425 425 
0.5 0.7733333333333333 0.8133333333333334 444 444 
0.5 0.7733333333333333 0.82 436 436 
0.5 0.7733333333333333 0.8266666666666667 424 424 
0.5 0.7733333333333333 0.8333333333333334 432 432 
0.5 0.7733333333333333 0.84 443 443 
0.5 0.7733333333333333 0.8466666666666667 451 451 
0.5 0.7733333333333333 0.8533333333333334 445 445 
0.5 0.7733333333333333 0.86 499 499 
0.5 0.7733333333333333 0.8666666666666667 466 466 
0.5 0.7733333333333333 0.8733333333333333 487 487 
0.5 0.7733333333333333 0.88 486 486 
0.5 0.7733333333333333 0.8866666666666667 465 465 
0.5 0.7733333333333333 0.8933333333333333 489 489 
0.5 0.7733333333333333 0.9 466 466 
0.5 0.7733333333333333 0.9066666666666666 464 464 
0.5 0.7733333333333333 0.9133333333333333 468 468 
0.5 0.7733333333333333 0.92 456 456 
0.5 0.7733333333333333 0.9266666666666666 447 447 
0.5 0.7733333333333333 0.9333333333333333 456 456 
0.5 0.7733333333333333 0.94 448 448 
0.5 0.7733333333333333 0.9466666666666667 494 494 
0.5 0.7733333333333333 0.9533333333333334 464 464 
0.5 0.7733333333333333 0.96 462 462 
0.5 0.7733333333333333 0.9666666666666667 467 467 
0.5 0.7733333333333333 0.9733333333333334 497 497 
0.5 0.7733333333333333 0.98 460 460 
0.5 0.7733333333333333 0.9866666666666667 559 559 
0.5 0.7733333333333333 0.9933333333333333 0 0 
0.5 0.78 0.0 0 0 
0.5 0.78 0.006666666666666667 564 564 
0.5 0.78 0.013333333333333334 518 518 
0.5 0.78 0.02 469 469 
0.5 0.78 0.02666666666666667 452 452 
0.5 0.78 0.03333333333333333 458 458 
0.5 0.78 0.04 497 497 
0.5 0.78 0.04666666666666667 480 480 
0.5 0.78 0.05333333333333334 456 456 
0.5 0.78 0.06 488 488 
0.5 0.78 0.06666666666666667 462 462 
0.5 0.78 0.07333333333333333 475 475 
0.5 0.78 0.08 463 463 
0.5 0.78 0.08666666666666667 480 480 
0.5 0.78 0.09333333333333334 471 471 
0.5 0.78 0.1 447 447 
0.5 0.78 0.10666666666666667 483 483 
0.5 0.78 0.11333333333333333 495 495 
0.5 0.78 0.12 461 461 
0.5 0.78 0.12666666666666668 454 454 
0.5 0.78 0.13333333333333333 473 473 
0.5 0.78 0.14 448 448 
0.5 0.78 0.14666666666666667 454 454 
0.5 0.78 0.15333333333333332 473 473 
0.5 0.78 0.16 446 446 
0.5 0.78 0.16666666666666666 419 419 
0.5 0.78 0.17333333333333334 448 448 
0.5 0.78 0.18 418 418 
0.5 0.78 0.18666666666666668 394 394 
0.5 0.78 0.19333333333333333 475 475 
0.5 0.78 0.2 420 420 
0.5 0.78 0.20666666666666667 456 456 
0.5 0.78 0.21333333333333335 474 474 
0.5 0.78 0.22 459 459 
0.5 0.78 0.22666666666666666 458 458 
0.5 0.78 0.23333333333333334 473 473 
0.5 0.78 0.24 471 471 
0.5 0.78 0.24666666666666667 479 479 
0.5 0.78 0.25333333333333335 476 476 
0.5 0.78 0.26 435 435 
0.5 0.78 0.26666666666666666 418 418 
0.5 0.78 0.2733333333333333 459 459 
0.5 0.78 0.28 440 440 
0.5 0.78 0.2866666666666667 442 442 
0.5 0.78 0.29333333333333333 428 428 
0.5 0.78 0.3 441 441 
0.5 0.78 0.30666666666666664 426 426 
0.5 0.78 0.31333333333333335 453 453 
0.5 0.78 0.32 419 419 
0.5 0.78 0.32666666666666666 445 445 
0.5 0.78 0.3333333333333333 430 430 
0.5 0.78 0.34 444 444 
0.5 0.78 0.3466666666666667 421 421 
0.5 0.78 0.35333333333333333 438 438 
0.5 0.78 0.36 455 455 
0.5 0.78 0.36666666666666664 457 457 
0.5 0.78 0.37333333333333335 445 445 
0.5 0.78 0.38 415 415 
0.5 0.78 0.38666666666666666 447 447 
0.5 0.78 0.3933333333333333 440 440 
0.5 0.78 0.4 469 469 
0.5 0.78 0.4066666666666667 448 448 
0.5 0.78 0.41333333333333333 437 437 
0.5 0.78 0.42 450 450 
0.5 0.78 0.4266666666666667 472 472 
0.5 0.78 0.43333333333333335 509 509 
0.5 0.78 0.44 452 452 
0.5 0.78 0.44666666666666666 461 461 
0.5 0.78 0.4533333333333333 439 439 
0.5 0.78 0.46 436 436 
0.5 0.78 0.4666666666666667 433 433 
0.5 0.78 0.47333333333333333 430 430 
0.5 0.78 0.48 491 491 
0.5 0.78 0.4866666666666667 432 432 
0.5 0.78 0.49333333333333335 427 427 
0.5 0.78 0.5 470 470 
0.5 0.78 0.5066666666666667 476 476 
0.5 0.78 0.5133333333333333 452 452 
0.5 0.78 0.52 474 474 
0.5 0.78 0.5266666666666666 498 498 
0.5 0.78 0.5333333333333333 424 424 
0.5 0.78 0.54 483 483 
0.5 0.78 0.5466666666666666 443 443 
0.5 0.78 0.5533333333333333 422 422 
0.5 0.78 0.56 457 457 
0.5 0.78 0.5666666666666667 488 488 
0.5 0.78 0.5733333333333334 492 492 
0.5 0.78 0.58 526 526 
0.5 0.78 0.5866666666666667 442 442 
0.5 0.78 0.5933333333333334 426 426 
0.5 0.78 0.6 487 487 
0.5 0.78 0.6066666666666667 463 463 
0.5 0.78 0.6133333333333333 490 490 
0.5 0.78 0.62 521 521 
0.5 0.78 0.6266666666666667 489 489 
0.5 0.78 0.6333333333333333 491 491 
0.5 0.78 0.64 475 475 
0.5 0.78 0.6466666666666666 468 468 
0.5 0.78 0.6533333333333333 464 464 
0.5 0.78 0.66 475 475 
0.5 0.78 0.6666666666666666 454 454 
0.5 0.78 0.6733333333333333 528 528 
0.5 0.78 0.68 484 484 
0.5 0.78 0.6866666666666666 477 477 
0.5 0.78 0.6933333333333334 464 464 
0.5 0.78 0.7 502 502 
0.5 0.78 0.7066666666666667 479 479 
0.5 0.78 0.7133333333333334 425 425 
0.5 0.78 0.72 442 442 
0.5 0.78 0.7266666666666667 466 466 
0.5 0.78 0.7333333333333333 504 504 
0.5 0.78 0.74 453 453 
0.5 0.78 0.7466666666666667 468 468 
0.5 0.78 0.7533333333333333 445 445 
0.5 0.78 0.76 508 508 
0.5 0.78 0.7666666666666667 466 466 
0.5 0.78 0.7733333333333333 460 460 
0.5 0.78 0.78 453 453 
0.5 0.78 0.7866666666666666 460 460 
0.5 0.78 0.7933333333333333 476 476 
0.5 0.78 0.8 497 497 
0.5 0.78 0.8066666666666666 461 461 
0.5 0.78 0.8133333333333334 469 469 
0.5 0.78 0.82 486 486 
0.5 0.78 0.8266666666666667 473 473 
0.5 0.78 0.8333333333333334 456 456 
0.5 0.78 0.84 458 458 
0.5 0.78 0.8466666666666667 452 452 
0.5 0.78 0.8533333333333334 508 508 
0.5 0.78 0.86 474 474 
0.5 0.78 0.8666666666666667 482 482 
0.5 0.78 0.8733333333333333 502 502 
0.5 0.78 0.88 462 462 
0.5 0.78 0.8866666666666667 452 452 
0.5 0.78 0.8933333333333333 478 478 
0.5 0.78 0.9 449 449 
0.5 0.78 0.9066666666666666 480 480 
0.5 0.78 0.9133333333333333 477 477 
0.5 0.78 0.92 443 443 
0.5 0.78 0.9266666666666666 481 481 
0.5 0.78 0.9333333333333333 461 461 
0.5 0.78 0.94 472 472 
0.5 0.78 0.9466666666666667 455 455 
0.5 0.78 0.9533333333333334 502 502 
0.5 0.78 0.96 482 482 
0.5 0.78 0.9666666666666667 484 484 
0.5 0.78 0.9733333333333334 465 465 
0.5 0.78 0.98 490 490 
0.5 0.78 0.9866666666666667 569 569 
0.5 0.78 0.9933333333333333 0 0 
0.5 0.7866666666666666 0.0 0 0 
0.5 0.7866666666666666 0.006666666666666667 557 557 
0.5 0.7866666666666666 0.013333333333333334 481 481 
0.5 0.7866666666666666 0.02 494 494 
0.5 0.7866666666666666 0.02666666666666667 526 526 
0.5 0.7866666666666666 0.03333333333333333 467 467 
0.5 0.7866666666666666 0.04 480 480 
0.5 0.7866666666666666 0.04666666666666667 463 463 
0.5 0.7866666666666666 0.05333333333333334 466 466 
0.5 0.7866666666666666 0.06 465 465 
0.5 0.7866666666666666 0.06666666666666667 479 479 
0.5 0.7866666666666666 0.07333333333333333 458 458 
0.5 0.7866666666666666 0.08 494 494 
0.5 0.7866666666666666 0.08666666666666667 496 496 
0.5 0.7866666666666666 0.09333333333333334 427 427 
0.5 0.7866666666666666 0.1 483 483 
0.5 0.7866666666666666 0.10666666666666667 513 513 
0.5 0.7866666666666666 0.11333333333333333 487 487 
0.5 0.7866666666666666 0.12 439 439 
0.5 0.7866666666666666 0.12666666666666668 496 496 
0.5 0.7866666666666666 0.13333333333333333 477 477 
0.5 0.7866666666666666 0.14 465 465 
0.5 0.7866666666666666 0.14666666666666667 476 476 
0.5 0.7866666666666666 0.15333333333333332 448 448 
0.5 0.7866666666666666 0.16 484 484 
0.5 0.7866666666666666 0.16666666666666666 432 432 
0.5 0.7866666666666666 0.17333333333333334 420 420 
0.5 0.7866666666666666 0.18 432 432 
0.5 0.7866666666666666 0.18666666666666668 472 472 
0.5 0.7866666666666666 0.19333333333333333 436 436 
0.5 0.7866666666666666 0.2 437 437 
0.5 0.7866666666666666 0.20666666666666667 449 449 
0.5 0.7866666666666666 0.21333333333333335 433 433 
0.5 0.7866666666666666 0.22 467 467 
0.5 0.7866666666666666 0.22666666666666666 414 414 
0.5 0.7866666666666666 0.23333333333333334 405 405 
0.5 0.7866666666666666 0.24 457 457 
0.5 0.7866666666666666 0.24666666666666667 455 455 
0.5 0.7866666666666666 0.25333333333333335 461 461 
0.5 0.7866666666666666 0.26 422 422 
0.5 0.7866666666666666 0.26666666666666666 467 467 
0.5 0.7866666666666666 0.2733333333333333 495 495 
0.5 0.7866666666666666 0.28 469 469 
0.5 0.7866666666666666 0.2866666666666667 483 483 
0.5 0.7866666666666666 0.29333333333333333 466 466 
0.5 0.7866666666666666 0.3 451 451 
0.5 0.7866666666666666 0.30666666666666664 456 456 
0.5 0.7866666666666666 0.31333333333333335 485 485 
0.5 0.7866666666666666 0.32 438 438 
0.5 0.7866666666666666 0.32666666666666666 433 433 
0.5 0.7866666666666666 0.3333333333333333 473 473 
0.5 0.7866666666666666 0.34 416 416 
0.5 0.7866666666666666 0.3466666666666667 413 413 
0.5 0.7866666666666666 0.35333333333333333 446 446 
0.5 0.7866666666666666 0.36 438 438 
0.5 0.7866666666666666 0.36666666666666664 426 426 
0.5 0.7866666666666666 0.37333333333333335 441 441 
0.5 0.7866666666666666 0.38 418 418 
0.5 0.7866666666666666 0.38666666666666666 436 436 
0.5 0.7866666666666666 0.3933333333333333 488 488 
0.5 0.7866666666666666 0.4 503 503 
0.5 0.7866666666666666 0.4066666666666667 472 472 
0.5 0.7866666666666666 0.41333333333333333 484 484 
0.5 0.7866666666666666 0.42 476 476 
0.5 0.7866666666666666 0.4266666666666667 442 442 
0.5 0.7866666666666666 0.43333333333333335 464 464 
0.5 0.7866666666666666 0.44 463 463 
0.5 0.7866666666666666 0.44666666666666666 458 458 
0.5 0.7866666666666666 0.4533333333333333 458 458 
0.5 0.7866666666666666 0.46 432 432 
0.5 0.7866666666666666 0.4666666666666667 453 453 
0.5 0.7866666666666666 0.47333333333333333 446 446 
0.5 0.7866666666666666 0.48 480 480 
0.5 0.7866666666666666 0.4866666666666667 449 449 
0.5 0.7866666666666666 0.49333333333333335 465 465 
0.5 0.7866666666666666 0.5 457 457 
0.5 0.7866666666666666 0.5066666666666667 452 452 
0.5 0.7866666666666666 0.5133333333333333 441 441 
0.5 0.7866666666666666 0.52 422 422 
0.5 0.7866666666666666 0.5266666666666666 468 468 
0.5 0.7866666666666666 0.5333333333333333 438 438 
0.5 0.7866666666666666 0.54 451 451 
0.5 0.7866666666666666 0.5466666666666666 458 458 
0.5 0.7866666666666666 0.5533333333333333 461 461 
0.5 0.7866666666666666 0.56 446 446 
0.5 0.7866666666666666 0.5666666666666667 459 459 
0.5 0.7866666666666666 0.5733333333333334 481 481 
0.5 0.7866666666666666 0.58 443 443 
0.5 0.7866666666666666 0.5866666666666667 456 456 
0.5 0.7866666666666666 0.5933333333333334 476 476 
0.5 0.7866666666666666 0.6 448 448 
0.5 0.7866666666666666 0.6066666666666667 456 456 
0.5 0.7866666666666666 0.6133333333333333 474 474 
0.5 0.7866666666666666 0.62 462 462 
0.5 0.7866666666666666 0.6266666666666667 473 473 
0.5 0.7866666666666666 0.6333333333333333 503 503 
0.5 0.7866666666666666 0.64 482 482 
0.5 0.7866666666666666 0.6466666666666666 447 447 
0.5 0.7866666666666666 0.6533333333333333 472 472 
0.5 0.7866666666666666 0.66 460 460 
0.5 0.7866666666666666 0.6666666666666666 471 471 
0.5 0.7866666666666666 0.6733333333333333 465 465 
0.5 0.7866666666666666 0.68 437 437 
0.5 0.7866666666666666 0.6866666666666666 458 458 
0.5 0.7866666666666666 0.6933333333333334 449 449 
0.5 0.7866666666666666 0.7 468 468 
0.5 0.7866666666666666 0.7066666666666667 476 476 
0.5 0.7866666666666666 0.7133333333333334 496 496 
0.5 0.7866666666666666 0.72 452 452 
0.5 0.7866666666666666 0.7266666666666667 442 442 
0.5 0.7866666666666666 0.7333333333333333 457 457 
0.5 0.7866666666666666 0.74 441 441 
0.5 0.7866666666666666 0.7466666666666667 513 513 
0.5 0.7866666666666666 0.7533333333333333 456 456 
0.5 0.7866666666666666 0.76 500 500 
0.5 0.7866666666666666 0.7666666666666667 462 462 
0.5 0.7866666666666666 0.7733333333333333 452 452 
0.5 0.7866666666666666 0.78 460 460 
0.5 0.7866666666666666 0.7866666666666666 465 465 
0.5 0.7866666666666666 0.7933333333333333 498 498 
0.5 0.7866666666666666 0.8 523 523 
0.5 0.7866666666666666 0.8066666666666666 494 494 
0.5 0.7866666666666666 0.8133333333333334 465 465 
0.5 0.7866666666666666 0.82 480 480 
0.5 0.7866666666666666 0.8266666666666667 482 482 
0.5 0.7866666666666666 0.8333333333333334 479 479 
0.5 0.7866666666666666 0.84 469 469 
0.5 0.7866666666666666 0.8466666666666667 475 475 
0.5 0.7866666666666666 0.8533333333333334 460 460 
0.5 0.7866666666666666 0.86 474 474 
0.5 0.7866666666666666 0.8666666666666667 469 469 
0.5 0.7866666666666666 0.8733333333333333 493 493 
0.5 0.7866666666666666 0.88 498 498 
0.5 0.7866666666666666 0.8866666666666667 514 514 
0.5 0.7866666666666666 0.8933333333333333 502 502 
0.5 0.7866666666666666 0.9 482 482 
0.5 0.7866666666666666 0.9066666666666666 453 453 
0.5 0.7866666666666666 0.9133333333333333 447 447 
0.5 0.7866666666666666 0.92 439 439 
0.5 0.7866666666666666 0.9266666666666666 447 447 
0.5 0.7866666666666666 0.9333333333333333 478 478 
0.5 0.7866666666666666 0.94 487 487 
0.5 0.7866666666666666 0.9466666666666667 502 502 
0.5 0.7866666666666666 0.9533333333333334 484 484 
0.5 0.7866666666666666 0.96 480 480 
0.5 0.7866666666666666 0.9666666666666667 473 473 
0.5 0.7866666666666666 0.9733333333333334 483 483 
0.5 0.7866666666666666 0.98 500 500 
0.5 0.7866666666666666 0.9866666666666667 565 565 
0.5 0.7866666666666666 0.9933333333333333 0 0 
0.5 0.7933333333333333 0.0 0 0 
0.5 0.7933333333333333 0.006666666666666667 583 583 
0.5 0.7933333333333333 0.013333333333333334 518 518 
0.5 0.7933333333333333 0.02 473 473 
0.5 0.7933333333333333 0.02666666666666667 434 434 
0.5 0.7933333333333333 0.03333333333333333 500 500 
0.5 0.7933333333333333 0.04 455 455 
0.5 0.7933333333333333 0.04666666666666667 476 476 
0.5 0.7933333333333333 0.05333333333333334 461 461 
0.5 0.7933333333333333 0.06 447 447 
0.5 0.7933333333333333 0.06666666666666667 447 447 
0.5 0.7933333333333333 0.07333333333333333 490 490 
0.5 0.7933333333333333 0.08 464 464 
0.5 0.7933333333333333 0.08666666666666667 468 468 
0.5 0.7933333333333333 0.09333333333333334 491 491 
0.5 0.7933333333333333 0.1 430 430 
0.5 0.7933333333333333 0.10666666666666667 477 477 
0.5 0.7933333333333333 0.11333333333333333 492 492 
0.5 0.7933333333333333 0.12 498 498 
0.5 0.7933333333333333 0.12666666666666668 446 446 
0.5 0.7933333333333333 0.13333333333333333 444 444 
0.5 0.7933333333333333 0.14 464 464 
0.5 0.7933333333333333 0.14666666666666667 450 450 
0.5 0.7933333333333333 0.15333333333333332 466 466 
0.5 0.7933333333333333 0.16 445 445 
0.5 0.7933333333333333 0.16666666666666666 493 493 
0.5 0.7933333333333333 0.17333333333333334 444 444 
0.5 0.7933333333333333 0.18 426 426 
0.5 0.7933333333333333 0.18666666666666668 478 478 
0.5 0.7933333333333333 0.19333333333333333 416 416 
0.5 0.7933333333333333 0.2 423 423 
0.5 0.7933333333333333 0.20666666666666667 431 431 
0.5 0.7933333333333333 0.21333333333333335 427 427 
0.5 0.7933333333333333 0.22 451 451 
0.5 0.7933333333333333 0.22666666666666666 458 458 
0.5 0.7933333333333333 0.23333333333333334 459 459 
0.5 0.7933333333333333 0.24 415 415 
0.5 0.7933333333333333 0.24666666666666667 433 433 
0.5 0.7933333333333333 0.25333333333333335 396 396 
0.5 0.7933333333333333 0.26 422 422 
0.5 0.7933333333333333 0.26666666666666666 416 416 
0.5 0.7933333333333333 0.2733333333333333 485 485 
0.5 0.7933333333333333 0.28 421 421 
0.5 0.7933333333333333 0.2866666666666667 443 443 
0.5 0.7933333333333333 0.29333333333333333 461 461 
0.5 0.7933333333333333 0.3 462 462 
0.5 0.7933333333333333 0.30666666666666664 445 445 
0.5 0.7933333333333333 0.31333333333333335 502 502 
0.5 0.7933333333333333 0.32 415 415 
0.5 0.7933333333333333 0.32666666666666666 481 481 
0.5 0.7933333333333333 0.3333333333333333 412 412 
0.5 0.7933333333333333 0.34 454 454 
0.5 0.7933333333333333 0.3466666666666667 474 474 
0.5 0.7933333333333333 0.35333333333333333 457 457 
0.5 0.7933333333333333 0.36 467 467 
0.5 0.7933333333333333 0.36666666666666664 444 444 
0.5 0.7933333333333333 0.37333333333333335 475 475 
0.5 0.7933333333333333 0.38 453 453 
0.5 0.7933333333333333 0.38666666666666666 502 502 
0.5 0.7933333333333333 0.3933333333333333 495 495 
0.5 0.7933333333333333 0.4 469 469 
0.5 0.7933333333333333 0.4066666666666667 449 449 
0.5 0.7933333333333333 0.41333333333333333 450 450 
0.5 0.7933333333333333 0.42 438 438 
0.5 0.7933333333333333 0.4266666666666667 483 483 
0.5 0.7933333333333333 0.43333333333333335 509 509 
0.5 0.7933333333333333 0.44 497 497 
0.5 0.7933333333333333 0.44666666666666666 471 471 
0.5 0.7933333333333333 0.4533333333333333 471 471 
0.5 0.7933333333333333 0.46 422 422 
0.5 0.7933333333333333 0.4666666666666667 491 491 
0.5 0.7933333333333333 0.47333333333333333 475 475 
0.5 0.7933333333333333 0.48 457 457 
0.5 0.7933333333333333 0.4866666666666667 467 467 
0.5 0.7933333333333333 0.49333333333333335 477 477 
0.5 0.7933333333333333 0.5 469 469 
0.5 0.7933333333333333 0.5066666666666667 478 478 
0.5 0.7933333333333333 0.5133333333333333 451 451 
0.5 0.7933333333333333 0.52 455 455 
0.5 0.7933333333333333 0.5266666666666666 463 463 
0.5 0.7933333333333333 0.5333333333333333 456 456 
0.5 0.7933333333333333 0.54 449 449 
0.5 0.7933333333333333 0.5466666666666666 443 443 
0.5 0.7933333333333333 0.5533333333333333 441 441 
0.5 0.7933333333333333 0.56 436 436 
0.5 0.7933333333333333 0.5666666666666667 448 448 
0.5 0.7933333333333333 0.5733333333333334 456 456 
0.5 0.7933333333333333 0.58 459 459 
0.5 0.7933333333333333 0.5866666666666667 469 469 
0.5 0.7933333333333333 0.5933333333333334 478 478 
0.5 0.7933333333333333 0.6 415 415 
0.5 0.7933333333333333 0.6066666666666667 379 379 
0.5 0.7933333333333333 0.6133333333333333 465 465 
0.5 0.7933333333333333 0.62 450 450 
0.5 0.7933333333333333 0.6266666666666667 498 498 
0.5 0.7933333333333333 0.6333333333333333 481 481 
0.5 0.7933333333333333 0.64 466 466 
0.5 0.7933333333333333 0.6466666666666666 475 475 
0.5 0.7933333333333333 0.6533333333333333 484 484 
0.5 0.7933333333333333 0.66 510 510 
0.5 0.7933333333333333 0.6666666666666666 456 456 
0.5 0.7933333333333333 0.6733333333333333 457 457 
0.5 0.7933333333333333 0.68 481 481 
0.5 0.7933333333333333 0.6866666666666666 438 438 
0.5 0.7933333333333333 0.6933333333333334 445 445 
0.5 0.7933333333333333 0.7 471 471 
0.5 0.7933333333333333 0.7066666666666667 411 411 
0.5 0.7933333333333333 0.7133333333333334 415 415 
0.5 0.7933333333333333 0.72 467 467 
0.5 0.7933333333333333 0.7266666666666667 446 446 
0.5 0.7933333333333333 0.7333333333333333 433 433 
0.5 0.7933333333333333 0.74 449 449 
0.5 0.7933333333333333 0.7466666666666667 447 447 
0.5 0.7933333333333333 0.7533333333333333 483 483 
0.5 0.7933333333333333 0.76 487 487 
0.5 0.7933333333333333 0.7666666666666667 477 477 
0.5 0.7933333333333333 0.7733333333333333 493 493 
0.5 0.7933333333333333 0.78 452 452 
0.5 0.7933333333333333 0.7866666666666666 477 477 
0.5 0.7933333333333333 0.7933333333333333 466 466 
0.5 0.7933333333333333 0.8 505 505 
0.5 0.7933333333333333 0.8066666666666666 503 503 
0.5 0.7933333333333333 0.8133333333333334 482 482 
0.5 0.7933333333333333 0.82 484 484 
0.5 0.7933333333333333 0.8266666666666667 485 485 
0.5 0.7933333333333333 0.8333333333333334 494 494 
0.5 0.7933333333333333 0.84 521 521 
0.5 0.7933333333333333 0.8466666666666667 509 509 
0.5 0.7933333333333333 0.8533333333333334 490 490 
0.5 0.7933333333333333 0.86 494 494 
0.5 0.7933333333333333 0.8666666666666667 458 458 
0.5 0.7933333333333333 0.8733333333333333 467 467 
0.5 0.7933333333333333 0.88 432 432 
0.5 0.7933333333333333 0.8866666666666667 487 487 
0.5 0.7933333333333333 0.8933333333333333 434 434 
0.5 0.7933333333333333 0.9 406 406 
0.5 0.7933333333333333 0.9066666666666666 435 435 
0.5 0.7933333333333333 0.9133333333333333 454 454 
0.5 0.7933333333333333 0.92 462 462 
0.5 0.7933333333333333 0.9266666666666666 443 443 
0.5 0.7933333333333333 0.9333333333333333 472 472 
0.5 0.7933333333333333 0.94 485 485 
0.5 0.7933333333333333 0.9466666666666667 521 521 
0.5 0.7933333333333333 0.9533333333333334 444 444 
0.5 0.7933333333333333 0.96 460 460 
0.5 0.7933333333333333 0.9666666666666667 485 485 
0.5 0.7933333333333333 0.9733333333333334 496 496 
0.5 0.7933333333333333 0.98 481 481 
0.5 0.7933333333333333 0.9866666666666667 555 555 
0.5 0.7933333333333333 0.9933333333333333 0 0 
0.5 0.8 0.0 0 0 
0.5 0.8 0.006666666666666667 582 582 
0.5 0.8 0.013333333333333334 495 495 
0.5 0.8 0.02 493 493 
0.5 0.8 0.02666666666666667 500 500 
0.5 0.8 0.03333333333333333 485 485 
0.5 0.8 0.04 440 440 
0.5 0.8 0.04666666666666667 458 458 
0.5 0.8 0.05333333333333334 449 449 
0.5 0.8 0.06 504 504 
0.5 0.8 0.06666666666666667 473 473 
0.5 0.8 0.07333333333333333 455 455 
0.5 0.8 0.08 435 435 
0.5 0.8 0.08666666666666667 481 481 
0.5 0.8 0.09333333333333334 484 484 
0.5 0.8 0.1 473 473 
0.5 0.8 0.10666666666666667 488 488 
0.5 0.8 0.11333333333333333 487 487 
0.5 0.8 0.12 470 470 
0.5 0.8 0.12666666666666668 459 459 
0.5 0.8 0.13333333333333333 467 467 
0.5 0.8 0.14 453 453 
0.5 0.8 0.14666666666666667 474 474 
0.5 0.8 0.15333333333333332 447 447 
0.5 0.8 0.16 483 483 
0.5 0.8 0.16666666666666666 434 434 
0.5 0.8 0.17333333333333334 463 463 
0.5 0.8 0.18 479 479 
0.5 0.8 0.18666666666666668 488 488 
0.5 0.8 0.19333333333333333 458 458 
0.5 0.8 0.2 434 434 
0.5 0.8 0.20666666666666667 450 450 
0.5 0.8 0.21333333333333335 440 440 
0.5 0.8 0.22 454 454 
0.5 0.8 0.22666666666666666 432 432 
0.5 0.8 0.23333333333333334 449 449 
0.5 0.8 0.24 432 432 
0.5 0.8 0.24666666666666667 438 438 
0.5 0.8 0.25333333333333335 439 439 
0.5 0.8 0.26 418 418 
0.5 0.8 0.26666666666666666 449 449 
0.5 0.8 0.2733333333333333 440 440 
0.5 0.8 0.28 472 472 
0.5 0.8 0.2866666666666667 499 499 
0.5 0.8 0.29333333333333333 467 467 
0.5 0.8 0.3 439 439 
0.5 0.8 0.30666666666666664 499 499 
0.5 0.8 0.31333333333333335 461 461 
0.5 0.8 0.32 470 470 
0.5 0.8 0.32666666666666666 488 488 
0.5 0.8 0.3333333333333333 476 476 
0.5 0.8 0.34 451 451 
0.5 0.8 0.3466666666666667 451 451 
0.5 0.8 0.35333333333333333 480 480 
0.5 0.8 0.36 461 461 
0.5 0.8 0.36666666666666664 451 451 
0.5 0.8 0.37333333333333335 480 480 
0.5 0.8 0.38 469 469 
0.5 0.8 0.38666666666666666 465 465 
0.5 0.8 0.3933333333333333 466 466 
0.5 0.8 0.4 438 438 
0.5 0.8 0.4066666666666667 510 510 
0.5 0.8 0.41333333333333333 475 475 
0.5 0.8 0.42 478 478 
0.5 0.8 0.4266666666666667 455 455 
0.5 0.8 0.43333333333333335 485 485 
0.5 0.8 0.44 434 434 
0.5 0.8 0.44666666666666666 450 450 
0.5 0.8 0.4533333333333333 488 488 
0.5 0.8 0.46 482 482 
0.5 0.8 0.4666666666666667 467 467 
0.5 0.8 0.47333333333333333 441 441 
0.5 0.8 0.48 469 469 
0.5 0.8 0.4866666666666667 464 464 
0.5 0.8 0.49333333333333335 465 465 
0.5 0.8 0.5 475 475 
0.5 0.8 0.5066666666666667 446 446 
0.5 0.8 0.5133333333333333 452 452 
0.5 0.8 0.52 484 484 
0.5 0.8 0.5266666666666666 501 501 
0.5 0.8 0.5333333333333333 432 432 
0.5 0.8 0.54 488 488 
0.5 0.8 0.5466666666666666 427 427 
0.5 0.8 0.5533333333333333 420 420 
0.5 0.8 0.56 433 433 
0.5 0.8 0.5666666666666667 475 475 
0.5 0.8 0.5733333333333334 451 451 
0.5 0.8 0.58 493 493 
0.5 0.8 0.5866666666666667 478 478 
0.5 0.8 0.5933333333333334 450 450 
0.5 0.8 0.6 422 422 
0.5 0.8 0.6066666666666667 469 469 
0.5 0.8 0.6133333333333333 440 440 
0.5 0.8 0.62 464 464 
0.5 0.8 0.6266666666666667 433 433 
0.5 0.8 0.6333333333333333 412 412 
0.5 0.8 0.64 490 490 
0.5 0.8 0.6466666666666666 439 439 
0.5 0.8 0.6533333333333333 482 482 
0.5 0.8 0.66 456 456 
0.5 0.8 0.6666666666666666 430 430 
0.5 0.8 0.6733333333333333 502 502 
0.5 0.8 0.68 439 439 
0.5 0.8 0.6866666666666666 494 494 
0.5 0.8 0.6933333333333334 433 433 
0.5 0.8 0.7 452 452 
0.5 0.8 0.7066666666666667 426 426 
0.5 0.8 0.7133333333333334 460 460 
0.5 0.8 0.72 433 433 
0.5 0.8 0.7266666666666667 418 418 
0.5 0.8 0.7333333333333333 499 499 
0.5 0.8 0.74 459 459 
0.5 0.8 0.7466666666666667 427 427 
0.5 0.8 0.7533333333333333 472 472 
0.5 0.8 0.76 507 507 
0.5 0.8 0.7666666666666667 465 465 
0.5 0.8 0.7733333333333333 439 439 
0.5 0.8 0.78 521 521 
0.5 0.8 0.7866666666666666 463 463 
0.5 0.8 0.7933333333333333 460 460 
0.5 0.8 0.8 482 482 
0.5 0.8 0.8066666666666666 458 458 
0.5 0.8 0.8133333333333334 492 492 
0.5 0.8 0.82 497 497 
0.5 0.8 0.8266666666666667 493 493 
0.5 0.8 0.8333333333333334 503 503 
0.5 0.8 0.84 461 461 
0.5 0.8 0.8466666666666667 507 507 
0.5 0.8 0.8533333333333334 480 480 
0.5 0.8 0.86 465 465 
0.5 0.8 0.8666666666666667 487 487 
0.5 0.8 0.8733333333333333 452 452 
0.5 0.8 0.88 476 476 
0.5 0.8 0.8866666666666667 451 451 
0.5 0.8 0.8933333333333333 432 432 
0.5 0.8 0.9 460 460 
0.5 0.8 0.9066666666666666 493 493 
0.5 0.8 0.9133333333333333 472 472 
0.5 0.8 0.92 463 463 
0.5 0.8 0.9266666666666666 500 500 
0.5 0.8 0.9333333333333333 500 500 
0.5 0.8 0.94 516 516 
0.5 0.8 0.9466666666666667 458 458 
0.5 0.8 0.9533333333333334 474 474 
0.5 0.8 0.96 488 488 
0.5 0.8 0.9666666666666667 492 492 
0.5 0.8 0.9733333333333334 483 483 
0.5 0.8 0.98 488 488 
0.5 0.8 0.9866666666666667 539 539 
0.5 0.8 0.9933333333333333 0 0 
0.5 0.8066666666666666 0.0 0 0 
0.5 0.8066666666666666 0.006666666666666667 561 561 
0.5 0.8066666666666666 0.013333333333333334 488 488 
0.5 0.8066666666666666 0.02 462 462 
0.5 0.8066666666666666 0.02666666666666667 527 527 
0.5 0.8066666666666666 0.03333333333333333 468 468 
0.5 0.8066666666666666 0.04 483 483 
0.5 0.8066666666666666 0.04666666666666667 478 478 
0.5 0.8066666666666666 0.05333333333333334 472 472 
0.5 0.8066666666666666 0.06 441 441 
0.5 0.8066666666666666 0.06666666666666667 473 473 
0.5 0.8066666666666666 0.07333333333333333 406 406 
0.5 0.8066666666666666 0.08 480 480 
0.5 0.8066666666666666 0.08666666666666667 452 452 
0.5 0.8066666666666666 0.09333333333333334 460 460 
0.5 0.8066666666666666 0.1 491 491 
0.5 0.8066666666666666 0.10666666666666667 436 436 
0.5 0.8066666666666666 0.11333333333333333 474 474 
0.5 0.8066666666666666 0.12 420 420 
0.5 0.8066666666666666 0.12666666666666668 443 443 
0.5 0.8066666666666666 0.13333333333333333 472 472 
0.5 0.8066666666666666 0.14 468 468 
0.5 0.8066666666666666 0.14666666666666667 452 452 
0.5 0.8066666666666666 0.15333333333333332 490 490 
0.5 0.8066666666666666 0.16 471 471 
0.5 0.8066666666666666 0.16666666666666666 470 470 
0.5 0.8066666666666666 0.17333333333333334 496 496 
0.5 0.8066666666666666 0.18 437 437 
0.5 0.8066666666666666 0.18666666666666668 449 449 
0.5 0.8066666666666666 0.19333333333333333 474 474 
0.5 0.8066666666666666 0.2 446 446 
0.5 0.8066666666666666 0.20666666666666667 465 465 
0.5 0.8066666666666666 0.21333333333333335 418 418 
0.5 0.8066666666666666 0.22 436 436 
0.5 0.8066666666666666 0.22666666666666666 440 440 
0.5 0.8066666666666666 0.23333333333333334 450 450 
0.5 0.8066666666666666 0.24 465 465 
0.5 0.8066666666666666 0.24666666666666667 443 443 
0.5 0.8066666666666666 0.25333333333333335 404 404 
0.5 0.8066666666666666 0.26 458 458 
0.5 0.8066666666666666 0.26666666666666666 450 450 
0.5 0.8066666666666666 0.2733333333333333 488 488 
0.5 0.8066666666666666 0.28 464 464 
0.5 0.8066666666666666 0.2866666666666667 445 445 
0.5 0.8066666666666666 0.29333333333333333 480 480 
0.5 0.8066666666666666 0.3 456 456 
0.5 0.8066666666666666 0.30666666666666664 443 443 
0.5 0.8066666666666666 0.31333333333333335 494 494 
0.5 0.8066666666666666 0.32 462 462 
0.5 0.8066666666666666 0.32666666666666666 456 456 
0.5 0.8066666666666666 0.3333333333333333 484 484 
0.5 0.8066666666666666 0.34 475 475 
0.5 0.8066666666666666 0.3466666666666667 457 457 
0.5 0.8066666666666666 0.35333333333333333 469 469 
0.5 0.8066666666666666 0.36 460 460 
0.5 0.8066666666666666 0.36666666666666664 462 462 
0.5 0.8066666666666666 0.37333333333333335 481 481 
0.5 0.8066666666666666 0.38 468 468 
0.5 0.8066666666666666 0.38666666666666666 458 458 
0.5 0.8066666666666666 0.3933333333333333 473 473 
0.5 0.8066666666666666 0.4 475 475 
0.5 0.8066666666666666 0.4066666666666667 474 474 
0.5 0.8066666666666666 0.41333333333333333 477 477 
0.5 0.8066666666666666 0.42 451 451 
0.5 0.8066666666666666 0.4266666666666667 429 429 
0.5 0.8066666666666666 0.43333333333333335 425 425 
0.5 0.8066666666666666 0.44 486 486 
0.5 0.8066666666666666 0.44666666666666666 425 425 
0.5 0.8066666666666666 0.4533333333333333 464 464 
0.5 0.8066666666666666 0.46 450 450 
0.5 0.8066666666666666 0.4666666666666667 479 479 
0.5 0.8066666666666666 0.47333333333333333 458 458 
0.5 0.8066666666666666 0.48 423 423 
0.5 0.8066666666666666 0.4866666666666667 504 504 
0.5 0.8066666666666666 0.49333333333333335 483 483 
0.5 0.8066666666666666 0.5 422 422 
0.5 0.8066666666666666 0.5066666666666667 439 439 
0.5 0.8066666666666666 0.5133333333333333 419 419 
0.5 0.8066666666666666 0.52 409 409 
0.5 0.8066666666666666 0.5266666666666666 409 409 
0.5 0.8066666666666666 0.5333333333333333 418 418 
0.5 0.8066666666666666 0.54 457 457 
0.5 0.8066666666666666 0.5466666666666666 448 448 
0.5 0.8066666666666666 0.5533333333333333 484 484 
0.5 0.8066666666666666 0.56 447 447 
0.5 0.8066666666666666 0.5666666666666667 464 464 
0.5 0.8066666666666666 0.5733333333333334 491 491 
0.5 0.8066666666666666 0.58 393 393 
0.5 0.8066666666666666 0.5866666666666667 467 467 
0.5 0.8066666666666666 0.5933333333333334 438 438 
0.5 0.8066666666666666 0.6 415 415 
0.5 0.8066666666666666 0.6066666666666667 410 410 
0.5 0.8066666666666666 0.6133333333333333 451 451 
0.5 0.8066666666666666 0.62 481 481 
0.5 0.8066666666666666 0.6266666666666667 451 451 
0.5 0.8066666666666666 0.6333333333333333 444 444 
0.5 0.8066666666666666 0.64 419 419 
0.5 0.8066666666666666 0.6466666666666666 462 462 
0.5 0.8066666666666666 0.6533333333333333 442 442 
0.5 0.8066666666666666 0.66 433 433 
0.5 0.8066666666666666 0.6666666666666666 452 452 
0.5 0.8066666666666666 0.6733333333333333 435 435 
0.5 0.8066666666666666 0.68 453 453 
0.5 0.8066666666666666 0.6866666666666666 434 434 
0.5 0.8066666666666666 0.6933333333333334 445 445 
0.5 0.8066666666666666 0.7 462 462 
0.5 0.8066666666666666 0.7066666666666667 467 467 
0.5 0.8066666666666666 0.7133333333333334 436 436 
0.5 0.8066666666666666 0.72 470 470 
0.5 0.8066666666666666 0.7266666666666667 429 429 
0.5 0.8066666666666666 0.7333333333333333 478 478 
0.5 0.8066666666666666 0.74 469 469 
0.5 0.8066666666666666 0.7466666666666667 455 455 
0.5 0.8066666666666666 0.7533333333333333 494 494 
0.5 0.8066666666666666 0.76 487 487 
0.5 0.8066666666666666 0.7666666666666667 458 458 
0.5 0.8066666666666666 0.7733333333333333 435 435 
0.5 0.8066666666666666 0.78 448 448 
0.5 0.8066666666666666 0.7866666666666666 454 454 
0.5 0.8066666666666666 0.7933333333333333 484 484 
0.5 0.8066666666666666 0.8 464 464 
0.5 0.8066666666666666 0.8066666666666666 477 477 
0.5 0.8066666666666666 0.8133333333333334 478 478 
0.5 0.8066666666666666 0.82 498 498 
0.5 0.8066666666666666 0.8266666666666667 467 467 
0.5 0.8066666666666666 0.8333333333333334 510 510 
0.5 0.8066666666666666 0.84 510 510 
0.5 0.8066666666666666 0.8466666666666667 489 489 
0.5 0.8066666666666666 0.8533333333333334 453 453 
0.5 0.8066666666666666 0.86 435 435 
0.5 0.8066666666666666 0.8666666666666667 470 470 
0.5 0.8066666666666666 0.8733333333333333 468 468 
0.5 0.8066666666666666 0.88 445 445 
0.5 0.8066666666666666 0.8866666666666667 478 478 
0.5 0.8066666666666666 0.8933333333333333 435 435 
0.5 0.8066666666666666 0.9 422 422 
0.5 0.8066666666666666 0.9066666666666666 444 444 
0.5 0.8066666666666666 0.9133333333333333 467 467 
0.5 0.8066666666666666 0.92 456 456 
0.5 0.8066666666666666 0.9266666666666666 476 476 
0.5 0.8066666666666666 0.9333333333333333 480 480 
0.5 0.8066666666666666 0.94 466 466 
0.5 0.8066666666666666 0.9466666666666667 495 495 
0.5 0.8066666666666666 0.9533333333333334 468 468 
0.5 0.8066666666666666 0.96 481 481 
0.5 0.8066666666666666 0.9666666666666667 479 479 
0.5 0.8066666666666666 0.9733333333333334 467 467 
0.5 0.8066666666666666 0.98 492 492 
0.5 0.8066666666666666 0.9866666666666667 599 599 
0.5 0.8066666666666666 0.9933333333333333 0 0 
0.5 0.8133333333333334 0.0 0 0 
0.5 0.8133333333333334 0.006666666666666667 546 546 
0.5 0.8133333333333334 0.013333333333333334 455 455 
0.5 0.8133333333333334 0.02 480 480 
0.5 0.8133333333333334 0.02666666666666667 428 428 
0.5 0.8133333333333334 0.03333333333333333 490 490 
0.5 0.8133333333333334 0.04 473 473 
0.5 0.8133333333333334 0.04666666666666667 468 468 
0.5 0.8133333333333334 0.05333333333333334 459 459 
0.5 0.8133333333333334 0.06 472 472 
0.5 0.8133333333333334 0.06666666666666667 442 442 
0.5 0.8133333333333334 0.07333333333333333 436 436 
0.5 0.8133333333333334 0.08 444 444 
0.5 0.8133333333333334 0.08666666666666667 462 462 
0.5 0.8133333333333334 0.09333333333333334 481 481 
0.5 0.8133333333333334 0.1 461 461 
0.5 0.8133333333333334 0.10666666666666667 501 501 
0.5 0.8133333333333334 0.11333333333333333 426 426 
0.5 0.8133333333333334 0.12 440 440 
0.5 0.8133333333333334 0.12666666666666668 474 474 
0.5 0.8133333333333334 0.13333333333333333 442 442 
0.5 0.8133333333333334 0.14 472 472 
0.5 0.8133333333333334 0.14666666666666667 490 490 
0.5 0.8133333333333334 0.15333333333333332 459 459 
0.5 0.8133333333333334 0.16 447 447 
0.5 0.8133333333333334 0.16666666666666666 454 454 
0.5 0.8133333333333334 0.17333333333333334 465 465 
0.5 0.8133333333333334 0.18 477 477 
0.5 0.8133333333333334 0.18666666666666668 450 450 
0.5 0.8133333333333334 0.19333333333333333 493 493 
0.5 0.8133333333333334 0.2 496 496 
0.5 0.8133333333333334 0.20666666666666667 458 458 
0.5 0.8133333333333334 0.21333333333333335 464 464 
0.5 0.8133333333333334 0.22 484 484 
0.5 0.8133333333333334 0.22666666666666666 457 457 
0.5 0.8133333333333334 0.23333333333333334 465 465 
0.5 0.8133333333333334 0.24 467 467 
0.5 0.8133333333333334 0.24666666666666667 488 488 
0.5 0.8133333333333334 0.25333333333333335 464 464 
0.5 0.8133333333333334 0.26 446 446 
0.5 0.8133333333333334 0.26666666666666666 489 489 
0.5 0.8133333333333334 0.2733333333333333 474 474 
0.5 0.8133333333333334 0.28 464 464 
0.5 0.8133333333333334 0.2866666666666667 490 490 
0.5 0.8133333333333334 0.29333333333333333 488 488 
0.5 0.8133333333333334 0.3 449 449 
0.5 0.8133333333333334 0.30666666666666664 425 425 
0.5 0.8133333333333334 0.31333333333333335 457 457 
0.5 0.8133333333333334 0.32 487 487 
0.5 0.8133333333333334 0.32666666666666666 450 450 
0.5 0.8133333333333334 0.3333333333333333 433 433 
0.5 0.8133333333333334 0.34 465 465 
0.5 0.8133333333333334 0.3466666666666667 439 439 
0.5 0.8133333333333334 0.35333333333333333 450 450 
0.5 0.8133333333333334 0.36 446 446 
0.5 0.8133333333333334 0.36666666666666664 460 460 
0.5 0.8133333333333334 0.37333333333333335 502 502 
0.5 0.8133333333333334 0.38 417 417 
0.5 0.8133333333333334 0.38666666666666666 473 473 
0.5 0.8133333333333334 0.3933333333333333 513 513 
0.5 0.8133333333333334 0.4 477 477 
0.5 0.8133333333333334 0.4066666666666667 471 471 
0.5 0.8133333333333334 0.41333333333333333 452 452 
0.5 0.8133333333333334 0.42 431 431 
0.5 0.8133333333333334 0.4266666666666667 444 444 
0.5 0.8133333333333334 0.43333333333333335 460 460 
0.5 0.8133333333333334 0.44 469 469 
0.5 0.8133333333333334 0.44666666666666666 479 479 
0.5 0.8133333333333334 0.4533333333333333 466 466 
0.5 0.8133333333333334 0.46 505 505 
0.5 0.8133333333333334 0.4666666666666667 448 448 
0.5 0.8133333333333334 0.47333333333333333 493 493 
0.5 0.8133333333333334 0.48 426 426 
0.5 0.8133333333333334 0.4866666666666667 457 457 
0.5 0.8133333333333334 0.49333333333333335 449 449 
0.5 0.8133333333333334 0.5 475 475 
0.5 0.8133333333333334 0.5066666666666667 430 430 
0.5 0.8133333333333334 0.5133333333333333 439 439 
0.5 0.8133333333333334 0.52 450 450 
0.5 0.8133333333333334 0.5266666666666666 435 435 
0.5 0.8133333333333334 0.5333333333333333 487 487 
0.5 0.8133333333333334 0.54 469 469 
0.5 0.8133333333333334 0.5466666666666666 476 476 
0.5 0.8133333333333334 0.5533333333333333 476 476 
0.5 0.8133333333333334 0.56 469 469 
0.5 0.8133333333333334 0.5666666666666667 481 481 
0.5 0.8133333333333334 0.5733333333333334 465 465 
0.5 0.8133333333333334 0.58 472 472 
0.5 0.8133333333333334 0.5866666666666667 418 418 
0.5 0.8133333333333334 0.5933333333333334 464 464 
0.5 0.8133333333333334 0.6 485 485 
0.5 0.8133333333333334 0.6066666666666667 448 448 
0.5 0.8133333333333334 0.6133333333333333 492 492 
0.5 0.8133333333333334 0.62 477 477 
0.5 0.8133333333333334 0.6266666666666667 422 422 
0.5 0.8133333333333334 0.6333333333333333 451 451 
0.5 0.8133333333333334 0.64 459 459 
0.5 0.8133333333333334 0.6466666666666666 410 410 
0.5 0.8133333333333334 0.6533333333333333 423 423 
0.5 0.8133333333333334 0.66 457 457 
0.5 0.8133333333333334 0.6666666666666666 439 439 
0.5 0.8133333333333334 0.6733333333333333 432 432 
0.5 0.8133333333333334 0.68 440 440 
0.5 0.8133333333333334 0.6866666666666666 450 450 
0.5 0.8133333333333334 0.6933333333333334 464 464 
0.5 0.8133333333333334 0.7 444 444 
0.5 0.8133333333333334 0.7066666666666667 464 464 
0.5 0.8133333333333334 0.7133333333333334 448 448 
0.5 0.8133333333333334 0.72 428 428 
0.5 0.8133333333333334 0.7266666666666667 455 455 
0.5 0.8133333333333334 0.7333333333333333 467 467 
0.5 0.8133333333333334 0.74 490 490 
0.5 0.8133333333333334 0.7466666666666667 488 488 
0.5 0.8133333333333334 0.7533333333333333 438 438 
0.5 0.8133333333333334 0.76 447 447 
0.5 0.8133333333333334 0.7666666666666667 459 459 
0.5 0.8133333333333334 0.7733333333333333 495 495 
0.5 0.8133333333333334 0.78 515 515 
0.5 0.8133333333333334 0.7866666666666666 439 439 
0.5 0.8133333333333334 0.7933333333333333 450 450 
0.5 0.8133333333333334 0.8 482 482 
0.5 0.8133333333333334 0.8066666666666666 475 475 
0.5 0.8133333333333334 0.8133333333333334 479 479 
0.5 0.8133333333333334 0.82 461 461 
0.5 0.8133333333333334 0.8266666666666667 455 455 
0.5 0.8133333333333334 0.8333333333333334 457 457 
0.5 0.8133333333333334 0.84 487 487 
0.5 0.8133333333333334 0.8466666666666667 441 441 
0.5 0.8133333333333334 0.8533333333333334 495 495 
0.5 0.8133333333333334 0.86 453 453 
0.5 0.8133333333333334 0.8666666666666667 456 456 
0.5 0.8133333333333334 0.8733333333333333 441 441 
0.5 0.8133333333333334 0.88 441 441 
0.5 0.8133333333333334 0.8866666666666667 418 418 
0.5 0.8133333333333334 0.8933333333333333 433 433 
0.5 0.8133333333333334 0.9 471 471 
0.5 0.8133333333333334 0.9066666666666666 448 448 
0.5 0.8133333333333334 0.9133333333333333 468 468 
0.5 0.8133333333333334 0.92 477 477 
0.5 0.8133333333333334 0.9266666666666666 472 472 
0.5 0.8133333333333334 0.9333333333333333 470 470 
0.5 0.8133333333333334 0.94 442 442 
0.5 0.8133333333333334 0.9466666666666667 451 451 
0.5 0.8133333333333334 0.9533333333333334 442 442 
0.5 0.8133333333333334 0.96 444 444 
0.5 0.8133333333333334 0.9666666666666667 490 490 
0.5 0.8133333333333334 0.9733333333333334 458 458 
0.5 0.8133333333333334 0.98 510 510 
0.5 0.8133333333333334 0.9866666666666667 626 626 
0.5 0.8133333333333334 0.9933333333333333 0 0 
0.5 0.82 0.0 0 0 
0.5 0.82 0.006666666666666667 560 560 
0.5 0.82 0.013333333333333334 453 453 
0.5 0.82 0.02 462 462 
0.5 0.82 0.02666666666666667 469 469 
0.5 0.82 0.03333333333333333 501 501 
0.5 0.82 0.04 456 456 
0.5 0.82 0.04666666666666667 465 465 
0.5 0.82 0.05333333333333334 522 522 
0.5 0.82 0.06 505 505 
0.5 0.82 0.06666666666666667 420 420 
0.5 0.82 0.07333333333333333 430 430 
0.5 0.82 0.08 465 465 
0.5 0.82 0.08666666666666667 445 445 
0.5 0.82 0.09333333333333334 413 413 
0.5 0.82 0.1 458 458 
0.5 0.82 0.10666666666666667 465 465 
0.5 0.82 0.11333333333333333 454 454 
0.5 0.82 0.12 451 451 
0.5 0.82 0.12666666666666668 426 426 
0.5 0.82 0.13333333333333333 477 477 
0.5 0.82 0.14 444 444 
0.5 0.82 0.14666666666666667 449 449 
0.5 0.82 0.15333333333333332 489 489 
0.5 0.82 0.16 469 469 
0.5 0.82 0.16666666666666666 510 510 
0.5 0.82 0.17333333333333334 478 478 
0.5 0.82 0.18 473 473 
0.5 0.82 0.18666666666666668 481 481 
0.5 0.82 0.19333333333333333 488 488 
0.5 0.82 0.2 443 443 
0.5 0.82 0.20666666666666667 464 464 
0.5 0.82 0.21333333333333335 469 469 
0.5 0.82 0.22 434 434 
0.5 0.82 0.22666666666666666 516 516 
0.5 0.82 0.23333333333333334 471 471 
0.5 0.82 0.24 496 496 
0.5 0.82 0.24666666666666667 474 474 
0.5 0.82 0.25333333333333335 488 488 
0.5 0.82 0.26 472 472 
0.5 0.82 0.26666666666666666 488 488 
0.5 0.82 0.2733333333333333 472 472 
0.5 0.82 0.28 453 453 
0.5 0.82 0.2866666666666667 477 477 
0.5 0.82 0.29333333333333333 473 473 
0.5 0.82 0.3 465 465 
0.5 0.82 0.30666666666666664 459 459 
0.5 0.82 0.31333333333333335 458 458 
0.5 0.82 0.32 450 450 
0.5 0.82 0.32666666666666666 446 446 
0.5 0.82 0.3333333333333333 496 496 
0.5 0.82 0.34 429 429 
0.5 0.82 0.3466666666666667 494 494 
0.5 0.82 0.35333333333333333 436 436 
0.5 0.82 0.36 492 492 
0.5 0.82 0.36666666666666664 504 504 
0.5 0.82 0.37333333333333335 536 536 
0.5 0.82 0.38 464 464 
0.5 0.82 0.38666666666666666 462 462 
0.5 0.82 0.3933333333333333 483 483 
0.5 0.82 0.4 457 457 
0.5 0.82 0.4066666666666667 471 471 
0.5 0.82 0.41333333333333333 418 418 
0.5 0.82 0.42 438 438 
0.5 0.82 0.4266666666666667 445 445 
0.5 0.82 0.43333333333333335 446 446 
0.5 0.82 0.44 444 444 
0.5 0.82 0.44666666666666666 481 481 
0.5 0.82 0.4533333333333333 497 497 
0.5 0.82 0.46 428 428 
0.5 0.82 0.4666666666666667 467 467 
0.5 0.82 0.47333333333333333 500 500 
0.5 0.82 0.48 431 431 
0.5 0.82 0.4866666666666667 477 477 
0.5 0.82 0.49333333333333335 439 439 
0.5 0.82 0.5 424 424 
0.5 0.82 0.5066666666666667 462 462 
0.5 0.82 0.5133333333333333 476 476 
0.5 0.82 0.52 437 437 
0.5 0.82 0.5266666666666666 443 443 
0.5 0.82 0.5333333333333333 453 453 
0.5 0.82 0.54 442 442 
0.5 0.82 0.5466666666666666 460 460 
0.5 0.82 0.5533333333333333 458 458 
0.5 0.82 0.56 472 472 
0.5 0.82 0.5666666666666667 470 470 
0.5 0.82 0.5733333333333334 447 447 
0.5 0.82 0.58 455 455 
0.5 0.82 0.5866666666666667 429 429 
0.5 0.82 0.5933333333333334 407 407 
0.5 0.82 0.6 446 446 
0.5 0.82 0.6066666666666667 439 439 
0.5 0.82 0.6133333333333333 455 455 
0.5 0.82 0.62 435 435 
0.5 0.82 0.6266666666666667 486 486 
0.5 0.82 0.6333333333333333 439 439 
0.5 0.82 0.64 416 416 
0.5 0.82 0.6466666666666666 436 436 
0.5 0.82 0.6533333333333333 450 450 
0.5 0.82 0.66 468 468 
0.5 0.82 0.6666666666666666 441 441 
0.5 0.82 0.6733333333333333 445 445 
0.5 0.82 0.68 452 452 
0.5 0.82 0.6866666666666666 404 404 
0.5 0.82 0.6933333333333334 467 467 
0.5 0.82 0.7 432 432 
0.5 0.82 0.7066666666666667 421 421 
0.5 0.82 0.7133333333333334 495 495 
0.5 0.82 0.72 466 466 
0.5 0.82 0.7266666666666667 486 486 
0.5 0.82 0.7333333333333333 429 429 
0.5 0.82 0.74 468 468 
0.5 0.82 0.7466666666666667 478 478 
0.5 0.82 0.7533333333333333 470 470 
0.5 0.82 0.76 442 442 
0.5 0.82 0.7666666666666667 446 446 
0.5 0.82 0.7733333333333333 437 437 
0.5 0.82 0.78 471 471 
0.5 0.82 0.7866666666666666 442 442 
0.5 0.82 0.7933333333333333 428 428 
0.5 0.82 0.8 457 457 
0.5 0.82 0.8066666666666666 478 478 
0.5 0.82 0.8133333333333334 435 435 
0.5 0.82 0.82 490 490 
0.5 0.82 0.8266666666666667 493 493 
0.5 0.82 0.8333333333333334 468 468 
0.5 0.82 0.84 475 475 
0.5 0.82 0.8466666666666667 457 457 
0.5 0.82 0.8533333333333334 432 432 
0.5 0.82 0.86 422 422 
0.5 0.82 0.8666666666666667 472 472 
0.5 0.82 0.8733333333333333 434 434 
0.5 0.82 0.88 494 494 
0.5 0.82 0.8866666666666667 432 432 
0.5 0.82 0.8933333333333333 421 421 
0.5 0.82 0.9 445 445 
0.5 0.82 0.9066666666666666 481 481 
0.5 0.82 0.9133333333333333 479 479 
0.5 0.82 0.92 466 466 
0.5 0.82 0.9266666666666666 473 473 
0.5 0.82 0.9333333333333333 427 427 
0.5 0.82 0.94 415 415 
0.5 0.82 0.9466666666666667 430 430 
0.5 0.82 0.9533333333333334 488 488 
0.5 0.82 0.96 450 450 
0.5 0.82 0.9666666666666667 446 446 
0.5 0.82 0.9733333333333334 443 443 
0.5 0.82 0.98 450 450 
0.5 0.82 0.9866666666666667 622 622 
0.5 0.82 0.9933333333333333 0 0 
0.5 0.8266666666666667 0.0 0 0 
0.5 0.8266666666666667 0.006666666666666667 568 568 
0.5 0.8266666666666667 0.013333333333333334 439 439 
0.5 0.8266666666666667 0.02 442 442 
0.5 0.8266666666666667 0.02666666666666667 422 422 
0.5 0.8266666666666667 0.03333333333333333 470 470 
0.5 0.8266666666666667 0.04 521 521 
0.5 0.8266666666666667 0.04666666666666667 473 473 
0.5 0.8266666666666667 0.05333333333333334 459 459 
0.5 0.8266666666666667 0.06 453 453 
0.5 0.8266666666666667 0.06666666666666667 434 434 
0.5 0.8266666666666667 0.07333333333333333 462 462 
0.5 0.8266666666666667 0.08 452 452 
0.5 0.8266666666666667 0.08666666666666667 458 458 
0.5 0.8266666666666667 0.09333333333333334 437 437 
0.5 0.8266666666666667 0.1 428 428 
0.5 0.8266666666666667 0.10666666666666667 426 426 
0.5 0.8266666666666667 0.11333333333333333 446 446 
0.5 0.8266666666666667 0.12 478 478 
0.5 0.8266666666666667 0.12666666666666668 429 429 
0.5 0.8266666666666667 0.13333333333333333 453 453 
0.5 0.8266666666666667 0.14 468 468 
0.5 0.8266666666666667 0.14666666666666667 443 443 
0.5 0.8266666666666667 0.15333333333333332 481 481 
0.5 0.8266666666666667 0.16 444 444 
0.5 0.8266666666666667 0.16666666666666666 471 471 
0.5 0.8266666666666667 0.17333333333333334 489 489 
0.5 0.8266666666666667 0.18 523 523 
0.5 0.8266666666666667 0.18666666666666668 488 488 
0.5 0.8266666666666667 0.19333333333333333 428 428 
0.5 0.8266666666666667 0.2 498 498 
0.5 0.8266666666666667 0.20666666666666667 472 472 
0.5 0.8266666666666667 0.21333333333333335 491 491 
0.5 0.8266666666666667 0.22 460 460 
0.5 0.8266666666666667 0.22666666666666666 453 453 
0.5 0.8266666666666667 0.23333333333333334 490 490 
0.5 0.8266666666666667 0.24 438 438 
0.5 0.8266666666666667 0.24666666666666667 461 461 
0.5 0.8266666666666667 0.25333333333333335 511 511 
0.5 0.8266666666666667 0.26 501 501 
0.5 0.8266666666666667 0.26666666666666666 477 477 
0.5 0.8266666666666667 0.2733333333333333 463 463 
0.5 0.8266666666666667 0.28 456 456 
0.5 0.8266666666666667 0.2866666666666667 437 437 
0.5 0.8266666666666667 0.29333333333333333 434 434 
0.5 0.8266666666666667 0.3 452 452 
0.5 0.8266666666666667 0.30666666666666664 441 441 
0.5 0.8266666666666667 0.31333333333333335 454 454 
0.5 0.8266666666666667 0.32 483 483 
0.5 0.8266666666666667 0.32666666666666666 442 442 
0.5 0.8266666666666667 0.3333333333333333 445 445 
0.5 0.8266666666666667 0.34 407 407 
0.5 0.8266666666666667 0.3466666666666667 420 420 
0.5 0.8266666666666667 0.35333333333333333 491 491 
0.5 0.8266666666666667 0.36 458 458 
0.5 0.8266666666666667 0.36666666666666664 460 460 
0.5 0.8266666666666667 0.37333333333333335 467 467 
0.5 0.8266666666666667 0.38 430 430 
0.5 0.8266666666666667 0.38666666666666666 475 475 
0.5 0.8266666666666667 0.3933333333333333 498 498 
0.5 0.8266666666666667 0.4 471 471 
0.5 0.8266666666666667 0.4066666666666667 445 445 
0.5 0.8266666666666667 0.41333333333333333 430 430 
0.5 0.8266666666666667 0.42 471 471 
0.5 0.8266666666666667 0.4266666666666667 440 440 
0.5 0.8266666666666667 0.43333333333333335 482 482 
0.5 0.8266666666666667 0.44 466 466 
0.5 0.8266666666666667 0.44666666666666666 463 463 
0.5 0.8266666666666667 0.4533333333333333 483 483 
0.5 0.8266666666666667 0.46 452 452 
0.5 0.8266666666666667 0.4666666666666667 468 468 
0.5 0.8266666666666667 0.47333333333333333 459 459 
0.5 0.8266666666666667 0.48 469 469 
0.5 0.8266666666666667 0.4866666666666667 483 483 
0.5 0.8266666666666667 0.49333333333333335 447 447 
0.5 0.8266666666666667 0.5 452 452 
0.5 0.8266666666666667 0.5066666666666667 474 474 
0.5 0.8266666666666667 0.5133333333333333 502 502 
0.5 0.8266666666666667 0.52 481 481 
0.5 0.8266666666666667 0.5266666666666666 458 458 
0.5 0.8266666666666667 0.5333333333333333 486 486 
0.5 0.8266666666666667 0.54 466 466 
0.5 0.8266666666666667 0.5466666666666666 456 456 
0.5 0.8266666666666667 0.5533333333333333 470 470 
0.5 0.8266666666666667 0.56 517 517 
0.5 0.8266666666666667 0.5666666666666667 495 495 
0.5 0.8266666666666667 0.5733333333333334 484 484 
0.5 0.8266666666666667 0.58 480 480 
0.5 0.8266666666666667 0.5866666666666667 469 469 
0.5 0.8266666666666667 0.5933333333333334 413 413 
0.5 0.8266666666666667 0.6 440 440 
0.5 0.8266666666666667 0.6066666666666667 458 458 
0.5 0.8266666666666667 0.6133333333333333 459 459 
0.5 0.8266666666666667 0.62 442 442 
0.5 0.8266666666666667 0.6266666666666667 477 477 
0.5 0.8266666666666667 0.6333333333333333 439 439 
0.5 0.8266666666666667 0.64 445 445 
0.5 0.8266666666666667 0.6466666666666666 401 401 
0.5 0.8266666666666667 0.6533333333333333 450 450 
0.5 0.8266666666666667 0.66 441 441 
0.5 0.8266666666666667 0.6666666666666666 483 483 
0.5 0.8266666666666667 0.6733333333333333 449 449 
0.5 0.8266666666666667 0.68 450 450 
0.5 0.8266666666666667 0.6866666666666666 465 465 
0.5 0.8266666666666667 0.6933333333333334 454 454 
0.5 0.8266666666666667 0.7 412 412 
0.5 0.8266666666666667 0.7066666666666667 460 460 
0.5 0.8266666666666667 0.7133333333333334 482 482 
0.5 0.8266666666666667 0.72 479 479 
0.5 0.8266666666666667 0.7266666666666667 495 495 
0.5 0.8266666666666667 0.7333333333333333 452 452 
0.5 0.8266666666666667 0.74 467 467 
0.5 0.8266666666666667 0.7466666666666667 463 463 
0.5 0.8266666666666667 0.7533333333333333 470 470 
0.5 0.8266666666666667 0.76 442 442 
0.5 0.8266666666666667 0.7666666666666667 448 448 
0.5 0.8266666666666667 0.7733333333333333 464 464 
0.5 0.8266666666666667 0.78 457 457 
0.5 0.8266666666666667 0.7866666666666666 456 456 
0.5 0.8266666666666667 0.7933333333333333 464 464 
0.5 0.8266666666666667 0.8 460 460 
0.5 0.8266666666666667 0.8066666666666666 461 461 
0.5 0.8266666666666667 0.8133333333333334 441 441 
0.5 0.8266666666666667 0.82 435 435 
0.5 0.8266666666666667 0.8266666666666667 455 455 
0.5 0.8266666666666667 0.8333333333333334 415 415 
0.5 0.8266666666666667 0.84 473 473 
0.5 0.8266666666666667 0.8466666666666667 474 474 
0.5 0.8266666666666667 0.8533333333333334 447 447 
0.5 0.8266666666666667 0.86 444 444 
0.5 0.8266666666666667 0.8666666666666667 412 412 
0.5 0.8266666666666667 0.8733333333333333 442 442 
0.5 0.8266666666666667 0.88 452 452 
0.5 0.8266666666666667 0.8866666666666667 433 433 
0.5 0.8266666666666667 0.8933333333333333 476 476 
0.5 0.8266666666666667 0.9 472 472 
0.5 0.8266666666666667 0.9066666666666666 469 469 
0.5 0.8266666666666667 0.9133333333333333 477 477 
0.5 0.8266666666666667 0.92 491 491 
0.5 0.8266666666666667 0.9266666666666666 465 465 
0.5 0.8266666666666667 0.9333333333333333 425 425 
0.5 0.8266666666666667 0.94 458 458 
0.5 0.8266666666666667 0.9466666666666667 465 465 
0.5 0.8266666666666667 0.9533333333333334 426 426 
0.5 0.8266666666666667 0.96 439 439 
0.5 0.8266666666666667 0.9666666666666667 506 506 
0.5 0.8266666666666667 0.9733333333333334 448 448 
0.5 0.8266666666666667 0.98 490 490 
0.5 0.8266666666666667 0.9866666666666667 629 629 
0.5 0.8266666666666667 0.9933333333333333 0 0 
0.5 0.8333333333333334 0.0 0 0 
0.5 0.8333333333333334 0.006666666666666667 526 526 
0.5 0.8333333333333334 0.013333333333333334 472 472 
0.5 0.8333333333333334 0.02 447 447 
0.5 0.8333333333333334 0.02666666666666667 416 416 
0.5 0.8333333333333334 0.03333333333333333 428 428 
0.5 0.8333333333333334 0.04 430 430 
0.5 0.8333333333333334 0.04666666666666667 479 479 
0.5 0.8333333333333334 0.05333333333333334 466 466 
0.5 0.8333333333333334 0.06 476 476 
0.5 0.8333333333333334 0.06666666666666667 454 454 
0.5 0.8333333333333334 0.07333333333333333 435 435 
0.5 0.8333333333333334 0.08 474 474 
0.5 0.8333333333333334 0.08666666666666667 448 448 
0.5 0.8333333333333334 0.09333333333333334 444 444 
0.5 0.8333333333333334 0.1 483 483 
0.5 0.8333333333333334 0.10666666666666667 479 479 
0.5 0.8333333333333334 0.11333333333333333 461 461 
0.5 0.8333333333333334 0.12 452 452 
0.5 0.8333333333333334 0.12666666666666668 465 465 
0.5 0.8333333333333334 0.13333333333333333 446 446 
0.5 0.8333333333333334 0.14 442 442 
0.5 0.8333333333333334 0.14666666666666667 449 449 
0.5 0.8333333333333334 0.15333333333333332 462 462 
0.5 0.8333333333333334 0.16 467 467 
0.5 0.8333333333333334 0.16666666666666666 480 480 
0.5 0.8333333333333334 0.17333333333333334 476 476 
0.5 0.8333333333333334 0.18 465 465 
0.5 0.8333333333333334 0.18666666666666668 468 468 
0.5 0.8333333333333334 0.19333333333333333 485 485 
0.5 0.8333333333333334 0.2 497 497 
0.5 0.8333333333333334 0.20666666666666667 518 518 
0.5 0.8333333333333334 0.21333333333333335 489 489 
0.5 0.8333333333333334 0.22 505 505 
0.5 0.8333333333333334 0.22666666666666666 460 460 
0.5 0.8333333333333334 0.23333333333333334 505 505 
0.5 0.8333333333333334 0.24 472 472 
0.5 0.8333333333333334 0.24666666666666667 486 486 
0.5 0.8333333333333334 0.25333333333333335 508 508 
0.5 0.8333333333333334 0.26 512 512 
0.5 0.8333333333333334 0.26666666666666666 447 447 
0.5 0.8333333333333334 0.2733333333333333 431 431 
0.5 0.8333333333333334 0.28 482 482 
0.5 0.8333333333333334 0.2866666666666667 444 444 
0.5 0.8333333333333334 0.29333333333333333 449 449 
0.5 0.8333333333333334 0.3 430 430 
0.5 0.8333333333333334 0.30666666666666664 464 464 
0.5 0.8333333333333334 0.31333333333333335 460 460 
0.5 0.8333333333333334 0.32 455 455 
0.5 0.8333333333333334 0.32666666666666666 480 480 
0.5 0.8333333333333334 0.3333333333333333 444 444 
0.5 0.8333333333333334 0.34 475 475 
0.5 0.8333333333333334 0.3466666666666667 480 480 
0.5 0.8333333333333334 0.35333333333333333 495 495 
0.5 0.8333333333333334 0.36 439 439 
0.5 0.8333333333333334 0.36666666666666664 429 429 
0.5 0.8333333333333334 0.37333333333333335 508 508 
0.5 0.8333333333333334 0.38 459 459 
0.5 0.8333333333333334 0.38666666666666666 465 465 
0.5 0.8333333333333334 0.3933333333333333 420 420 
0.5 0.8333333333333334 0.4 462 462 
0.5 0.8333333333333334 0.4066666666666667 431 431 
0.5 0.8333333333333334 0.41333333333333333 466 466 
0.5 0.8333333333333334 0.42 463 463 
0.5 0.8333333333333334 0.4266666666666667 467 467 
0.5 0.8333333333333334 0.43333333333333335 429 429 
0.5 0.8333333333333334 0.44 461 461 
0.5 0.8333333333333334 0.44666666666666666 408 408 
0.5 0.8333333333333334 0.4533333333333333 419 419 
0.5 0.8333333333333334 0.46 468 468 
0.5 0.8333333333333334 0.4666666666666667 478 478 
0.5 0.8333333333333334 0.47333333333333333 472 472 
0.5 0.8333333333333334 0.48 460 460 
0.5 0.8333333333333334 0.4866666666666667 439 439 
0.5 0.8333333333333334 0.49333333333333335 462 462 
0.5 0.8333333333333334 0.5 462 462 
0.5 0.8333333333333334 0.5066666666666667 460 460 
0.5 0.8333333333333334 0.5133333333333333 450 450 
0.5 0.8333333333333334 0.52 446 446 
0.5 0.8333333333333334 0.5266666666666666 483 483 
0.5 0.8333333333333334 0.5333333333333333 474 474 
0.5 0.8333333333333334 0.54 499 499 
0.5 0.8333333333333334 0.5466666666666666 443 443 
0.5 0.8333333333333334 0.5533333333333333 415 415 
0.5 0.8333333333333334 0.56 474 474 
0.5 0.8333333333333334 0.5666666666666667 462 462 
0.5 0.8333333333333334 0.5733333333333334 470 470 
0.5 0.8333333333333334 0.58 463 463 
0.5 0.8333333333333334 0.5866666666666667 491 491 
0.5 0.8333333333333334 0.5933333333333334 456 456 
0.5 0.8333333333333334 0.6 448 448 
0.5 0.8333333333333334 0.6066666666666667 472 472 
0.5 0.8333333333333334 0.6133333333333333 489 489 
0.5 0.8333333333333334 0.62 453 453 
0.5 0.8333333333333334 0.6266666666666667 471 471 
0.5 0.8333333333333334 0.6333333333333333 465 465 
0.5 0.8333333333333334 0.64 455 455 
0.5 0.8333333333333334 0.6466666666666666 469 469 
0.5 0.8333333333333334 0.6533333333333333 506 506 
0.5 0.8333333333333334 0.66 441 441 
0.5 0.8333333333333334 0.6666666666666666 474 474 
0.5 0.8333333333333334 0.6733333333333333 485 485 
0.5 0.8333333333333334 0.68 480 480 
0.5 0.8333333333333334 0.6866666666666666 467 467 
0.5 0.8333333333333334 0.6933333333333334 473 473 
0.5 0.8333333333333334 0.7 431 431 
0.5 0.8333333333333334 0.7066666666666667 470 470 
0.5 0.8333333333333334 0.7133333333333334 455 455 
0.5 0.8333333333333334 0.72 480 480 
0.5 0.8333333333333334 0.7266666666666667 493 493 
0.5 0.8333333333333334 0.7333333333333333 490 490 
0.5 0.8333333333333334 0.74 477 477 
0.5 0.8333333333333334 0.7466666666666667 453 453 
0.5 0.8333333333333334 0.7533333333333333 456 456 
0.5 0.8333333333333334 0.76 475 475 
0.5 0.8333333333333334 0.7666666666666667 487 487 
0.5 0.8333333333333334 0.7733333333333333 448 448 
0.5 0.8333333333333334 0.78 454 454 
0.5 0.8333333333333334 0.7866666666666666 496 496 
0.5 0.8333333333333334 0.7933333333333333 443 443 
0.5 0.8333333333333334 0.8 415 415 
0.5 0.8333333333333334 0.8066666666666666 453 453 
0.5 0.8333333333333334 0.8133333333333334 462 462 
0.5 0.8333333333333334 0.82 438 438 
0.5 0.8333333333333334 0.8266666666666667 457 457 
0.5 0.8333333333333334 0.8333333333333334 480 480 
0.5 0.8333333333333334 0.84 401 401 
0.5 0.8333333333333334 0.8466666666666667 462 462 
0.5 0.8333333333333334 0.8533333333333334 434 434 
0.5 0.8333333333333334 0.86 445 445 
0.5 0.8333333333333334 0.8666666666666667 473 473 
0.5 0.8333333333333334 0.8733333333333333 468 468 
0.5 0.8333333333333334 0.88 475 475 
0.5 0.8333333333333334 0.8866666666666667 465 465 
0.5 0.8333333333333334 0.8933333333333333 473 473 
0.5 0.8333333333333334 0.9 436 436 
0.5 0.8333333333333334 0.9066666666666666 506 506 
0.5 0.8333333333333334 0.9133333333333333 528 528 
0.5 0.8333333333333334 0.92 475 475 
0.5 0.8333333333333334 0.9266666666666666 472 472 
0.5 0.8333333333333334 0.9333333333333333 458 458 
0.5 0.8333333333333334 0.94 443 443 
0.5 0.8333333333333334 0.9466666666666667 456 456 
0.5 0.8333333333333334 0.9533333333333334 453 453 
0.5 0.8333333333333334 0.96 488 488 
0.5 0.8333333333333334 0.9666666666666667 495 495 
0.5 0.8333333333333334 0.9733333333333334 492 492 
0.5 0.8333333333333334 0.98 488 488 
0.5 0.8333333333333334 0.9866666666666667 586 586 
0.5 0.8333333333333334 0.9933333333333333 0 0 
0.5 0.84 0.0 0 0 
0.5 0.84 0.006666666666666667 552 552 
0.5 0.84 0.013333333333333334 489 489 
0.5 0.84 0.02 471 471 
0.5 0.84 0.02666666666666667 453 453 
0.5 0.84 0.03333333333333333 465 465 
0.5 0.84 0.04 465 465 
0.5 0.84 0.04666666666666667 468 468 
0.5 0.84 0.05333333333333334 478 478 
0.5 0.84 0.06 402 402 
0.5 0.84 0.06666666666666667 479 479 
0.5 0.84 0.07333333333333333 454 454 
0.5 0.84 0.08 487 487 
0.5 0.84 0.08666666666666667 460 460 
0.5 0.84 0.09333333333333334 518 518 
0.5 0.84 0.1 435 435 
0.5 0.84 0.10666666666666667 448 448 
0.5 0.84 0.11333333333333333 476 476 
0.5 0.84 0.12 456 456 
0.5 0.84 0.12666666666666668 478 478 
0.5 0.84 0.13333333333333333 475 475 
0.5 0.84 0.14 457 457 
0.5 0.84 0.14666666666666667 477 477 
0.5 0.84 0.15333333333333332 445 445 
0.5 0.84 0.16 470 470 
0.5 0.84 0.16666666666666666 484 484 
0.5 0.84 0.17333333333333334 473 473 
0.5 0.84 0.18 470 470 
0.5 0.84 0.18666666666666668 457 457 
0.5 0.84 0.19333333333333333 489 489 
0.5 0.84 0.2 463 463 
0.5 0.84 0.20666666666666667 465 465 
0.5 0.84 0.21333333333333335 497 497 
0.5 0.84 0.22 465 465 
0.5 0.84 0.22666666666666666 480 480 
0.5 0.84 0.23333333333333334 468 468 
0.5 0.84 0.24 493 493 
0.5 0.84 0.24666666666666667 476 476 
0.5 0.84 0.25333333333333335 458 458 
0.5 0.84 0.26 482 482 
0.5 0.84 0.26666666666666666 485 485 
0.5 0.84 0.2733333333333333 479 479 
0.5 0.84 0.28 461 461 
0.5 0.84 0.2866666666666667 459 459 
0.5 0.84 0.29333333333333333 461 461 
0.5 0.84 0.3 445 445 
0.5 0.84 0.30666666666666664 449 449 
0.5 0.84 0.31333333333333335 465 465 
0.5 0.84 0.32 485 485 
0.5 0.84 0.32666666666666666 459 459 
0.5 0.84 0.3333333333333333 434 434 
0.5 0.84 0.34 476 476 
0.5 0.84 0.3466666666666667 478 478 
0.5 0.84 0.35333333333333333 452 452 
0.5 0.84 0.36 463 463 
0.5 0.84 0.36666666666666664 502 502 
0.5 0.84 0.37333333333333335 449 449 
0.5 0.84 0.38 460 460 
0.5 0.84 0.38666666666666666 469 469 
0.5 0.84 0.3933333333333333 431 431 
0.5 0.84 0.4 452 452 
0.5 0.84 0.4066666666666667 476 476 
0.5 0.84 0.41333333333333333 474 474 
0.5 0.84 0.42 445 445 
0.5 0.84 0.4266666666666667 465 465 
0.5 0.84 0.43333333333333335 453 453 
0.5 0.84 0.44 467 467 
0.5 0.84 0.44666666666666666 498 498 
0.5 0.84 0.4533333333333333 455 455 
0.5 0.84 0.46 442 442 
0.5 0.84 0.4666666666666667 480 480 
0.5 0.84 0.47333333333333333 479 479 
0.5 0.84 0.48 481 481 
0.5 0.84 0.4866666666666667 484 484 
0.5 0.84 0.49333333333333335 434 434 
0.5 0.84 0.5 473 473 
0.5 0.84 0.5066666666666667 443 443 
0.5 0.84 0.5133333333333333 494 494 
0.5 0.84 0.52 481 481 
0.5 0.84 0.5266666666666666 468 468 
0.5 0.84 0.5333333333333333 505 505 
0.5 0.84 0.54 466 466 
0.5 0.84 0.5466666666666666 463 463 
0.5 0.84 0.5533333333333333 418 418 
0.5 0.84 0.56 499 499 
0.5 0.84 0.5666666666666667 478 478 
0.5 0.84 0.5733333333333334 429 429 
0.5 0.84 0.58 501 501 
0.5 0.84 0.5866666666666667 472 472 
0.5 0.84 0.5933333333333334 476 476 
0.5 0.84 0.6 493 493 
0.5 0.84 0.6066666666666667 469 469 
0.5 0.84 0.6133333333333333 491 491 
0.5 0.84 0.62 476 476 
0.5 0.84 0.6266666666666667 470 470 
0.5 0.84 0.6333333333333333 434 434 
0.5 0.84 0.64 468 468 
0.5 0.84 0.6466666666666666 511 511 
0.5 0.84 0.6533333333333333 442 442 
0.5 0.84 0.66 459 459 
0.5 0.84 0.6666666666666666 412 412 
0.5 0.84 0.6733333333333333 465 465 
0.5 0.84 0.68 455 455 
0.5 0.84 0.6866666666666666 511 511 
0.5 0.84 0.6933333333333334 424 424 
0.5 0.84 0.7 430 430 
0.5 0.84 0.7066666666666667 465 465 
0.5 0.84 0.7133333333333334 456 456 
0.5 0.84 0.72 484 484 
0.5 0.84 0.7266666666666667 486 486 
0.5 0.84 0.7333333333333333 470 470 
0.5 0.84 0.74 495 495 
0.5 0.84 0.7466666666666667 467 467 
0.5 0.84 0.7533333333333333 440 440 
0.5 0.84 0.76 459 459 
0.5 0.84 0.7666666666666667 428 428 
0.5 0.84 0.7733333333333333 446 446 
0.5 0.84 0.78 447 447 
0.5 0.84 0.7866666666666666 461 461 
0.5 0.84 0.7933333333333333 463 463 
0.5 0.84 0.8 456 456 
0.5 0.84 0.8066666666666666 428 428 
0.5 0.84 0.8133333333333334 443 443 
0.5 0.84 0.82 432 432 
0.5 0.84 0.8266666666666667 434 434 
0.5 0.84 0.8333333333333334 429 429 
0.5 0.84 0.84 442 442 
0.5 0.84 0.8466666666666667 435 435 
0.5 0.84 0.8533333333333334 438 438 
0.5 0.84 0.86 452 452 
0.5 0.84 0.8666666666666667 461 461 
0.5 0.84 0.8733333333333333 454 454 
0.5 0.84 0.88 475 475 
0.5 0.84 0.8866666666666667 473 473 
0.5 0.84 0.8933333333333333 487 487 
0.5 0.84 0.9 498 498 
0.5 0.84 0.9066666666666666 476 476 
0.5 0.84 0.9133333333333333 510 510 
0.5 0.84 0.92 458 458 
0.5 0.84 0.9266666666666666 451 451 
0.5 0.84 0.9333333333333333 476 476 
0.5 0.84 0.94 445 445 
0.5 0.84 0.9466666666666667 460 460 
0.5 0.84 0.9533333333333334 477 477 
0.5 0.84 0.96 451 451 
0.5 0.84 0.9666666666666667 453 453 
0.5 0.84 0.9733333333333334 452 452 
0.5 0.84 0.98 484 484 
0.5 0.84 0.9866666666666667 579 579 
0.5 0.84 0.9933333333333333 0 0 
0.5 0.8466666666666667 0.0 0 0 
0.5 0.8466666666666667 0.006666666666666667 560 560 
0.5 0.8466666666666667 0.013333333333333334 439 439 
0.5 0.8466666666666667 0.02 449 449 
0.5 0.8466666666666667 0.02666666666666667 456 456 
0.5 0.8466666666666667 0.03333333333333333 456 456 
0.5 0.8466666666666667 0.04 447 447 
0.5 0.8466666666666667 0.04666666666666667 451 451 
0.5 0.8466666666666667 0.05333333333333334 461 461 
0.5 0.8466666666666667 0.06 440 440 
0.5 0.8466666666666667 0.06666666666666667 427 427 
0.5 0.8466666666666667 0.07333333333333333 468 468 
0.5 0.8466666666666667 0.08 500 500 
0.5 0.8466666666666667 0.08666666666666667 468 468 
0.5 0.8466666666666667 0.09333333333333334 446 446 
0.5 0.8466666666666667 0.1 494 494 
0.5 0.8466666666666667 0.10666666666666667 468 468 
0.5 0.8466666666666667 0.11333333333333333 459 459 
0.5 0.8466666666666667 0.12 479 479 
0.5 0.8466666666666667 0.12666666666666668 478 478 
0.5 0.8466666666666667 0.13333333333333333 454 454 
0.5 0.8466666666666667 0.14 453 453 
0.5 0.8466666666666667 0.14666666666666667 456 456 
0.5 0.8466666666666667 0.15333333333333332 402 402 
0.5 0.8466666666666667 0.16 460 460 
0.5 0.8466666666666667 0.16666666666666666 487 487 
0.5 0.8466666666666667 0.17333333333333334 445 445 
0.5 0.8466666666666667 0.18 436 436 
0.5 0.8466666666666667 0.18666666666666668 450 450 
0.5 0.8466666666666667 0.19333333333333333 439 439 
0.5 0.8466666666666667 0.2 451 451 
0.5 0.8466666666666667 0.20666666666666667 500 500 
0.5 0.8466666666666667 0.21333333333333335 463 463 
0.5 0.8466666666666667 0.22 473 473 
0.5 0.8466666666666667 0.22666666666666666 478 478 
0.5 0.8466666666666667 0.23333333333333334 454 454 
0.5 0.8466666666666667 0.24 439 439 
0.5 0.8466666666666667 0.24666666666666667 445 445 
0.5 0.8466666666666667 0.25333333333333335 493 493 
0.5 0.8466666666666667 0.26 480 480 
0.5 0.8466666666666667 0.26666666666666666 454 454 
0.5 0.8466666666666667 0.2733333333333333 492 492 
0.5 0.8466666666666667 0.28 461 461 
0.5 0.8466666666666667 0.2866666666666667 450 450 
0.5 0.8466666666666667 0.29333333333333333 444 444 
0.5 0.8466666666666667 0.3 470 470 
0.5 0.8466666666666667 0.30666666666666664 455 455 
0.5 0.8466666666666667 0.31333333333333335 490 490 
0.5 0.8466666666666667 0.32 458 458 
0.5 0.8466666666666667 0.32666666666666666 463 463 
0.5 0.8466666666666667 0.3333333333333333 456 456 
0.5 0.8466666666666667 0.34 499 499 
0.5 0.8466666666666667 0.3466666666666667 478 478 
0.5 0.8466666666666667 0.35333333333333333 472 472 
0.5 0.8466666666666667 0.36 460 460 
0.5 0.8466666666666667 0.36666666666666664 483 483 
0.5 0.8466666666666667 0.37333333333333335 452 452 
0.5 0.8466666666666667 0.38 476 476 
0.5 0.8466666666666667 0.38666666666666666 455 455 
0.5 0.8466666666666667 0.3933333333333333 466 466 
0.5 0.8466666666666667 0.4 482 482 
0.5 0.8466666666666667 0.4066666666666667 459 459 
0.5 0.8466666666666667 0.41333333333333333 471 471 
0.5 0.8466666666666667 0.42 457 457 
0.5 0.8466666666666667 0.4266666666666667 502 502 
0.5 0.8466666666666667 0.43333333333333335 476 476 
0.5 0.8466666666666667 0.44 479 479 
0.5 0.8466666666666667 0.44666666666666666 475 475 
0.5 0.8466666666666667 0.4533333333333333 465 465 
0.5 0.8466666666666667 0.46 482 482 
0.5 0.8466666666666667 0.4666666666666667 455 455 
0.5 0.8466666666666667 0.47333333333333333 463 463 
0.5 0.8466666666666667 0.48 425 425 
0.5 0.8466666666666667 0.4866666666666667 432 432 
0.5 0.8466666666666667 0.49333333333333335 437 437 
0.5 0.8466666666666667 0.5 446 446 
0.5 0.8466666666666667 0.5066666666666667 502 502 
0.5 0.8466666666666667 0.5133333333333333 431 431 
0.5 0.8466666666666667 0.52 485 485 
0.5 0.8466666666666667 0.5266666666666666 474 474 
0.5 0.8466666666666667 0.5333333333333333 490 490 
0.5 0.8466666666666667 0.54 480 480 
0.5 0.8466666666666667 0.5466666666666666 457 457 
0.5 0.8466666666666667 0.5533333333333333 461 461 
0.5 0.8466666666666667 0.56 482 482 
0.5 0.8466666666666667 0.5666666666666667 495 495 
0.5 0.8466666666666667 0.5733333333333334 432 432 
0.5 0.8466666666666667 0.58 434 434 
0.5 0.8466666666666667 0.5866666666666667 447 447 
0.5 0.8466666666666667 0.5933333333333334 491 491 
0.5 0.8466666666666667 0.6 472 472 
0.5 0.8466666666666667 0.6066666666666667 490 490 
0.5 0.8466666666666667 0.6133333333333333 471 471 
0.5 0.8466666666666667 0.62 497 497 
0.5 0.8466666666666667 0.6266666666666667 497 497 
0.5 0.8466666666666667 0.6333333333333333 473 473 
0.5 0.8466666666666667 0.64 490 490 
0.5 0.8466666666666667 0.6466666666666666 483 483 
0.5 0.8466666666666667 0.6533333333333333 480 480 
0.5 0.8466666666666667 0.66 442 442 
0.5 0.8466666666666667 0.6666666666666666 496 496 
0.5 0.8466666666666667 0.6733333333333333 453 453 
0.5 0.8466666666666667 0.68 491 491 
0.5 0.8466666666666667 0.6866666666666666 455 455 
0.5 0.8466666666666667 0.6933333333333334 472 472 
0.5 0.8466666666666667 0.7 489 489 
0.5 0.8466666666666667 0.7066666666666667 457 457 
0.5 0.8466666666666667 0.7133333333333334 484 484 
0.5 0.8466666666666667 0.72 546 546 
0.5 0.8466666666666667 0.7266666666666667 494 494 
0.5 0.8466666666666667 0.7333333333333333 468 468 
0.5 0.8466666666666667 0.74 464 464 
0.5 0.8466666666666667 0.7466666666666667 453 453 
0.5 0.8466666666666667 0.7533333333333333 403 403 
0.5 0.8466666666666667 0.76 479 479 
0.5 0.8466666666666667 0.7666666666666667 461 461 
0.5 0.8466666666666667 0.7733333333333333 487 487 
0.5 0.8466666666666667 0.78 459 459 
0.5 0.8466666666666667 0.7866666666666666 484 484 
0.5 0.8466666666666667 0.7933333333333333 452 452 
0.5 0.8466666666666667 0.8 489 489 
0.5 0.8466666666666667 0.8066666666666666 470 470 
0.5 0.8466666666666667 0.8133333333333334 465 465 
0.5 0.8466666666666667 0.82 453 453 
0.5 0.8466666666666667 0.8266666666666667 444 444 
0.5 0.8466666666666667 0.8333333333333334 409 409 
0.5 0.8466666666666667 0.84 448 448 
0.5 0.8466666666666667 0.8466666666666667 427 427 
0.5 0.8466666666666667 0.8533333333333334 458 458 
0.5 0.8466666666666667 0.86 481 481 
0.5 0.8466666666666667 0.8666666666666667 475 475 
0.5 0.8466666666666667 0.8733333333333333 492 492 
0.5 0.8466666666666667 0.88 501 501 
0.5 0.8466666666666667 0.8866666666666667 453 453 
0.5 0.8466666666666667 0.8933333333333333 464 464 
0.5 0.8466666666666667 0.9 496 496 
0.5 0.8466666666666667 0.9066666666666666 444 444 
0.5 0.8466666666666667 0.9133333333333333 486 486 
0.5 0.8466666666666667 0.92 445 445 
0.5 0.8466666666666667 0.9266666666666666 467 467 
0.5 0.8466666666666667 0.9333333333333333 464 464 
0.5 0.8466666666666667 0.94 494 494 
0.5 0.8466666666666667 0.9466666666666667 483 483 
0.5 0.8466666666666667 0.9533333333333334 475 475 
0.5 0.8466666666666667 0.96 500 500 
0.5 0.8466666666666667 0.9666666666666667 469 469 
0.5 0.8466666666666667 0.9733333333333334 474 474 
0.5 0.8466666666666667 0.98 475 475 
0.5 0.8466666666666667 0.9866666666666667 569 569 
0.5 0.8466666666666667 0.9933333333333333 0 0 
0.5 0.8533333333333334 0.0 0 0 
0.5 0.8533333333333334 0.006666666666666667 556 556 
0.5 0.8533333333333334 0.013333333333333334 425 425 
0.5 0.8533333333333334 0.02 438 438 
0.5 0.8533333333333334 0.02666666666666667 452 452 
0.5 0.8533333333333334 0.03333333333333333 480 480 
0.5 0.8533333333333334 0.04 480 480 
0.5 0.8533333333333334 0.04666666666666667 464 464 
0.5 0.8533333333333334 0.05333333333333334 462 462 
0.5 0.8533333333333334 0.06 452 452 
0.5 0.8533333333333334 0.06666666666666667 470 470 
0.5 0.8533333333333334 0.07333333333333333 504 504 
0.5 0.8533333333333334 0.08 436 436 
0.5 0.8533333333333334 0.08666666666666667 477 477 
0.5 0.8533333333333334 0.09333333333333334 422 422 
0.5 0.8533333333333334 0.1 469 469 
0.5 0.8533333333333334 0.10666666666666667 485 485 
0.5 0.8533333333333334 0.11333333333333333 533 533 
0.5 0.8533333333333334 0.12 500 500 
0.5 0.8533333333333334 0.12666666666666668 489 489 
0.5 0.8533333333333334 0.13333333333333333 419 419 
0.5 0.8533333333333334 0.14 456 456 
0.5 0.8533333333333334 0.14666666666666667 471 471 
0.5 0.8533333333333334 0.15333333333333332 450 450 
0.5 0.8533333333333334 0.16 446 446 
0.5 0.8533333333333334 0.16666666666666666 434 434 
0.5 0.8533333333333334 0.17333333333333334 464 464 
0.5 0.8533333333333334 0.18 435 435 
0.5 0.8533333333333334 0.18666666666666668 455 455 
0.5 0.8533333333333334 0.19333333333333333 482 482 
0.5 0.8533333333333334 0.2 487 487 
0.5 0.8533333333333334 0.20666666666666667 458 458 
0.5 0.8533333333333334 0.21333333333333335 444 444 
0.5 0.8533333333333334 0.22 473 473 
0.5 0.8533333333333334 0.22666666666666666 463 463 
0.5 0.8533333333333334 0.23333333333333334 432 432 
0.5 0.8533333333333334 0.24 452 452 
0.5 0.8533333333333334 0.24666666666666667 463 463 
0.5 0.8533333333333334 0.25333333333333335 474 474 
0.5 0.8533333333333334 0.26 443 443 
0.5 0.8533333333333334 0.26666666666666666 484 484 
0.5 0.8533333333333334 0.2733333333333333 464 464 
0.5 0.8533333333333334 0.28 469 469 
0.5 0.8533333333333334 0.2866666666666667 464 464 
0.5 0.8533333333333334 0.29333333333333333 490 490 
0.5 0.8533333333333334 0.3 475 475 
0.5 0.8533333333333334 0.30666666666666664 477 477 
0.5 0.8533333333333334 0.31333333333333335 477 477 
0.5 0.8533333333333334 0.32 489 489 
0.5 0.8533333333333334 0.32666666666666666 483 483 
0.5 0.8533333333333334 0.3333333333333333 481 481 
0.5 0.8533333333333334 0.34 468 468 
0.5 0.8533333333333334 0.3466666666666667 469 469 
0.5 0.8533333333333334 0.35333333333333333 508 508 
0.5 0.8533333333333334 0.36 473 473 
0.5 0.8533333333333334 0.36666666666666664 456 456 
0.5 0.8533333333333334 0.37333333333333335 401 401 
0.5 0.8533333333333334 0.38 453 453 
0.5 0.8533333333333334 0.38666666666666666 455 455 
0.5 0.8533333333333334 0.3933333333333333 458 458 
0.5 0.8533333333333334 0.4 440 440 
0.5 0.8533333333333334 0.4066666666666667 475 475 
0.5 0.8533333333333334 0.41333333333333333 451 451 
0.5 0.8533333333333334 0.42 472 472 
0.5 0.8533333333333334 0.4266666666666667 478 478 
0.5 0.8533333333333334 0.43333333333333335 501 501 
0.5 0.8533333333333334 0.44 419 419 
0.5 0.8533333333333334 0.44666666666666666 437 437 
0.5 0.8533333333333334 0.4533333333333333 464 464 
0.5 0.8533333333333334 0.46 470 470 
0.5 0.8533333333333334 0.4666666666666667 468 468 
0.5 0.8533333333333334 0.47333333333333333 450 450 
0.5 0.8533333333333334 0.48 491 491 
0.5 0.8533333333333334 0.4866666666666667 469 469 
0.5 0.8533333333333334 0.49333333333333335 474 474 
0.5 0.8533333333333334 0.5 445 445 
0.5 0.8533333333333334 0.5066666666666667 439 439 
0.5 0.8533333333333334 0.5133333333333333 425 425 
0.5 0.8533333333333334 0.52 471 471 
0.5 0.8533333333333334 0.5266666666666666 484 484 
0.5 0.8533333333333334 0.5333333333333333 436 436 
0.5 0.8533333333333334 0.54 451 451 
0.5 0.8533333333333334 0.5466666666666666 488 488 
0.5 0.8533333333333334 0.5533333333333333 457 457 
0.5 0.8533333333333334 0.56 452 452 
0.5 0.8533333333333334 0.5666666666666667 440 440 
0.5 0.8533333333333334 0.5733333333333334 495 495 
0.5 0.8533333333333334 0.58 485 485 
0.5 0.8533333333333334 0.5866666666666667 460 460 
0.5 0.8533333333333334 0.5933333333333334 466 466 
0.5 0.8533333333333334 0.6 503 503 
0.5 0.8533333333333334 0.6066666666666667 489 489 
0.5 0.8533333333333334 0.6133333333333333 504 504 
0.5 0.8533333333333334 0.62 490 490 
0.5 0.8533333333333334 0.6266666666666667 476 476 
0.5 0.8533333333333334 0.6333333333333333 495 495 
0.5 0.8533333333333334 0.64 450 450 
0.5 0.8533333333333334 0.6466666666666666 494 494 
0.5 0.8533333333333334 0.6533333333333333 499 499 
0.5 0.8533333333333334 0.66 458 458 
0.5 0.8533333333333334 0.6666666666666666 492 492 
0.5 0.8533333333333334 0.6733333333333333 486 486 
0.5 0.8533333333333334 0.68 461 461 
0.5 0.8533333333333334 0.6866666666666666 480 480 
0.5 0.8533333333333334 0.6933333333333334 454 454 
0.5 0.8533333333333334 0.7 454 454 
0.5 0.8533333333333334 0.7066666666666667 470 470 
0.5 0.8533333333333334 0.7133333333333334 459 459 
0.5 0.8533333333333334 0.72 453 453 
0.5 0.8533333333333334 0.7266666666666667 489 489 
0.5 0.8533333333333334 0.7333333333333333 501 501 
0.5 0.8533333333333334 0.74 442 442 
0.5 0.8533333333333334 0.7466666666666667 440 440 
0.5 0.8533333333333334 0.7533333333333333 469 469 
0.5 0.8533333333333334 0.76 464 464 
0.5 0.8533333333333334 0.7666666666666667 446 446 
0.5 0.8533333333333334 0.7733333333333333 467 467 
0.5 0.8533333333333334 0.78 468 468 
0.5 0.8533333333333334 0.7866666666666666 493 493 
0.5 0.8533333333333334 0.7933333333333333 471 471 
0.5 0.8533333333333334 0.8 461 461 
0.5 0.8533333333333334 0.8066666666666666 478 478 
0.5 0.8533333333333334 0.8133333333333334 431 431 
0.5 0.8533333333333334 0.82 483 483 
0.5 0.8533333333333334 0.8266666666666667 461 461 
0.5 0.8533333333333334 0.8333333333333334 460 460 
0.5 0.8533333333333334 0.84 463 463 
0.5 0.8533333333333334 0.8466666666666667 464 464 
0.5 0.8533333333333334 0.8533333333333334 441 441 
0.5 0.8533333333333334 0.86 494 494 
0.5 0.8533333333333334 0.8666666666666667 510 510 
0.5 0.8533333333333334 0.8733333333333333 481 481 
0.5 0.8533333333333334 0.88 497 497 
0.5 0.8533333333333334 0.8866666666666667 503 503 
0.5 0.8533333333333334 0.8933333333333333 478 478 
0.5 0.8533333333333334 0.9 465 465 
0.5 0.8533333333333334 0.9066666666666666 490 490 
0.5 0.8533333333333334 0.9133333333333333 471 471 
0.5 0.8533333333333334 0.92 461 461 
0.5 0.8533333333333334 0.9266666666666666 465 465 
0.5 0.8533333333333334 0.9333333333333333 453 453 
0.5 0.8533333333333334 0.94 469 469 
0.5 0.8533333333333334 0.9466666666666667 483 483 
0.5 0.8533333333333334 0.9533333333333334 467 467 
0.5 0.8533333333333334 0.96 498 498 
0.5 0.8533333333333334 0.9666666666666667 473 473 
0.5 0.8533333333333334 0.9733333333333334 503 503 
0.5 0.8533333333333334 0.98 484 484 
0.5 0.8533333333333334 0.9866666666666667 555 555 
0.5 0.8533333333333334 0.9933333333333333 0 0 
0.5 0.86 0.0 0 0 
0.5 0.86 0.006666666666666667 553 553 
0.5 0.86 0.013333333333333334 493 493 
0.5 0.86 0.02 484 484 
0.5 0.86 0.02666666666666667 477 477 
0.5 0.86 0.03333333333333333 440 440 
0.5 0.86 0.04 438 438 
0.5 0.86 0.04666666666666667 420 420 
0.5 0.86 0.05333333333333334 474 474 
0.5 0.86 0.06 450 450 
0.5 0.86 0.06666666666666667 479 479 
0.5 0.86 0.07333333333333333 475 475 
0.5 0.86 0.08 488 488 
0.5 0.86 0.08666666666666667 484 484 
0.5 0.86 0.09333333333333334 525 525 
0.5 0.86 0.1 487 487 
0.5 0.86 0.10666666666666667 516 516 
0.5 0.86 0.11333333333333333 429 429 
0.5 0.86 0.12 485 485 
0.5 0.86 0.12666666666666668 484 484 
0.5 0.86 0.13333333333333333 408 408 
0.5 0.86 0.14 428 428 
0.5 0.86 0.14666666666666667 472 472 
0.5 0.86 0.15333333333333332 464 464 
0.5 0.86 0.16 475 475 
0.5 0.86 0.16666666666666666 430 430 
0.5 0.86 0.17333333333333334 439 439 
0.5 0.86 0.18 411 411 
0.5 0.86 0.18666666666666668 461 461 
0.5 0.86 0.19333333333333333 434 434 
0.5 0.86 0.2 466 466 
0.5 0.86 0.20666666666666667 452 452 
0.5 0.86 0.21333333333333335 443 443 
0.5 0.86 0.22 470 470 
0.5 0.86 0.22666666666666666 471 471 
0.5 0.86 0.23333333333333334 419 419 
0.5 0.86 0.24 458 458 
0.5 0.86 0.24666666666666667 421 421 
0.5 0.86 0.25333333333333335 464 464 
0.5 0.86 0.26 485 485 
0.5 0.86 0.26666666666666666 420 420 
0.5 0.86 0.2733333333333333 440 440 
0.5 0.86 0.28 454 454 
0.5 0.86 0.2866666666666667 478 478 
0.5 0.86 0.29333333333333333 473 473 
0.5 0.86 0.3 507 507 
0.5 0.86 0.30666666666666664 494 494 
0.5 0.86 0.31333333333333335 463 463 
0.5 0.86 0.32 458 458 
0.5 0.86 0.32666666666666666 506 506 
0.5 0.86 0.3333333333333333 455 455 
0.5 0.86 0.34 475 475 
0.5 0.86 0.3466666666666667 478 478 
0.5 0.86 0.35333333333333333 472 472 
0.5 0.86 0.36 481 481 
0.5 0.86 0.36666666666666664 454 454 
0.5 0.86 0.37333333333333335 459 459 
0.5 0.86 0.38 491 491 
0.5 0.86 0.38666666666666666 468 468 
0.5 0.86 0.3933333333333333 463 463 
0.5 0.86 0.4 450 450 
0.5 0.86 0.4066666666666667 470 470 
0.5 0.86 0.41333333333333333 480 480 
0.5 0.86 0.42 469 469 
0.5 0.86 0.4266666666666667 482 482 
0.5 0.86 0.43333333333333335 473 473 
0.5 0.86 0.44 432 432 
0.5 0.86 0.44666666666666666 477 477 
0.5 0.86 0.4533333333333333 466 466 
0.5 0.86 0.46 473 473 
0.5 0.86 0.4666666666666667 481 481 
0.5 0.86 0.47333333333333333 478 478 
0.5 0.86 0.48 438 438 
0.5 0.86 0.4866666666666667 460 460 
0.5 0.86 0.49333333333333335 437 437 
0.5 0.86 0.5 440 440 
0.5 0.86 0.5066666666666667 485 485 
0.5 0.86 0.5133333333333333 471 471 
0.5 0.86 0.52 495 495 
0.5 0.86 0.5266666666666666 490 490 
0.5 0.86 0.5333333333333333 431 431 
0.5 0.86 0.54 450 450 
0.5 0.86 0.5466666666666666 464 464 
0.5 0.86 0.5533333333333333 454 454 
0.5 0.86 0.56 453 453 
0.5 0.86 0.5666666666666667 415 415 
0.5 0.86 0.5733333333333334 440 440 
0.5 0.86 0.58 437 437 
0.5 0.86 0.5866666666666667 480 480 
0.5 0.86 0.5933333333333334 481 481 
0.5 0.86 0.6 419 419 
0.5 0.86 0.6066666666666667 476 476 
0.5 0.86 0.6133333333333333 440 440 
0.5 0.86 0.62 444 444 
0.5 0.86 0.6266666666666667 453 453 
0.5 0.86 0.6333333333333333 499 499 
0.5 0.86 0.64 462 462 
0.5 0.86 0.6466666666666666 481 481 
0.5 0.86 0.6533333333333333 462 462 
0.5 0.86 0.66 444 444 
0.5 0.86 0.6666666666666666 536 536 
0.5 0.86 0.6733333333333333 504 504 
0.5 0.86 0.68 477 477 
0.5 0.86 0.6866666666666666 447 447 
0.5 0.86 0.6933333333333334 487 487 
0.5 0.86 0.7 435 435 
0.5 0.86 0.7066666666666667 485 485 
0.5 0.86 0.7133333333333334 456 456 
0.5 0.86 0.72 499 499 
0.5 0.86 0.7266666666666667 437 437 
0.5 0.86 0.7333333333333333 446 446 
0.5 0.86 0.74 442 442 
0.5 0.86 0.7466666666666667 463 463 
0.5 0.86 0.7533333333333333 432 432 
0.5 0.86 0.76 491 491 
0.5 0.86 0.7666666666666667 469 469 
0.5 0.86 0.7733333333333333 492 492 
0.5 0.86 0.78 512 512 
0.5 0.86 0.7866666666666666 464 464 
0.5 0.86 0.7933333333333333 456 456 
0.5 0.86 0.8 491 491 
0.5 0.86 0.8066666666666666 438 438 
0.5 0.86 0.8133333333333334 476 476 
0.5 0.86 0.82 486 486 
0.5 0.86 0.8266666666666667 454 454 
0.5 0.86 0.8333333333333334 462 462 
0.5 0.86 0.84 453 453 
0.5 0.86 0.8466666666666667 489 489 
0.5 0.86 0.8533333333333334 483 483 
0.5 0.86 0.86 447 447 
0.5 0.86 0.8666666666666667 483 483 
0.5 0.86 0.8733333333333333 493 493 
0.5 0.86 0.88 506 506 
0.5 0.86 0.8866666666666667 459 459 
0.5 0.86 0.8933333333333333 472 472 
0.5 0.86 0.9 464 464 
0.5 0.86 0.9066666666666666 504 504 
0.5 0.86 0.9133333333333333 434 434 
0.5 0.86 0.92 460 460 
0.5 0.86 0.9266666666666666 449 449 
0.5 0.86 0.9333333333333333 489 489 
0.5 0.86 0.94 506 506 
0.5 0.86 0.9466666666666667 469 469 
0.5 0.86 0.9533333333333334 505 505 
0.5 0.86 0.96 485 485 
0.5 0.86 0.9666666666666667 474 474 
0.5 0.86 0.9733333333333334 484 484 
0.5 0.86 0.98 515 515 
0.5 0.86 0.9866666666666667 562 562 
0.5 0.86 0.9933333333333333 0 0 
0.5 0.8666666666666667 0.0 0 0 
0.5 0.8666666666666667 0.006666666666666667 585 585 
0.5 0.8666666666666667 0.013333333333333334 463 463 
0.5 0.8666666666666667 0.02 413 413 
0.5 0.8666666666666667 0.02666666666666667 457 457 
0.5 0.8666666666666667 0.03333333333333333 442 442 
0.5 0.8666666666666667 0.04 459 459 
0.5 0.8666666666666667 0.04666666666666667 446 446 
0.5 0.8666666666666667 0.05333333333333334 454 454 
0.5 0.8666666666666667 0.06 482 482 
0.5 0.8666666666666667 0.06666666666666667 456 456 
0.5 0.8666666666666667 0.07333333333333333 483 483 
0.5 0.8666666666666667 0.08 503 503 
0.5 0.8666666666666667 0.08666666666666667 467 467 
0.5 0.8666666666666667 0.09333333333333334 459 459 
0.5 0.8666666666666667 0.1 438 438 
0.5 0.8666666666666667 0.10666666666666667 450 450 
0.5 0.8666666666666667 0.11333333333333333 438 438 
0.5 0.8666666666666667 0.12 439 439 
0.5 0.8666666666666667 0.12666666666666668 466 466 
0.5 0.8666666666666667 0.13333333333333333 482 482 
0.5 0.8666666666666667 0.14 443 443 
0.5 0.8666666666666667 0.14666666666666667 466 466 
0.5 0.8666666666666667 0.15333333333333332 447 447 
0.5 0.8666666666666667 0.16 489 489 
0.5 0.8666666666666667 0.16666666666666666 455 455 
0.5 0.8666666666666667 0.17333333333333334 427 427 
0.5 0.8666666666666667 0.18 467 467 
0.5 0.8666666666666667 0.18666666666666668 437 437 
0.5 0.8666666666666667 0.19333333333333333 435 435 
0.5 0.8666666666666667 0.2 453 453 
0.5 0.8666666666666667 0.20666666666666667 434 434 
0.5 0.8666666666666667 0.21333333333333335 427 427 
0.5 0.8666666666666667 0.22 462 462 
0.5 0.8666666666666667 0.22666666666666666 467 467 
0.5 0.8666666666666667 0.23333333333333334 451 451 
0.5 0.8666666666666667 0.24 478 478 
0.5 0.8666666666666667 0.24666666666666667 442 442 
0.5 0.8666666666666667 0.25333333333333335 442 442 
0.5 0.8666666666666667 0.26 433 433 
0.5 0.8666666666666667 0.26666666666666666 449 449 
0.5 0.8666666666666667 0.2733333333333333 419 419 
0.5 0.8666666666666667 0.28 444 444 
0.5 0.8666666666666667 0.2866666666666667 457 457 
0.5 0.8666666666666667 0.29333333333333333 473 473 
0.5 0.8666666666666667 0.3 485 485 
0.5 0.8666666666666667 0.30666666666666664 521 521 
0.5 0.8666666666666667 0.31333333333333335 459 459 
0.5 0.8666666666666667 0.32 489 489 
0.5 0.8666666666666667 0.32666666666666666 445 445 
0.5 0.8666666666666667 0.3333333333333333 465 465 
0.5 0.8666666666666667 0.34 477 477 
0.5 0.8666666666666667 0.3466666666666667 433 433 
0.5 0.8666666666666667 0.35333333333333333 466 466 
0.5 0.8666666666666667 0.36 471 471 
0.5 0.8666666666666667 0.36666666666666664 456 456 
0.5 0.8666666666666667 0.37333333333333335 470 470 
0.5 0.8666666666666667 0.38 451 451 
0.5 0.8666666666666667 0.38666666666666666 440 440 
0.5 0.8666666666666667 0.3933333333333333 497 497 
0.5 0.8666666666666667 0.4 465 465 
0.5 0.8666666666666667 0.4066666666666667 444 444 
0.5 0.8666666666666667 0.41333333333333333 446 446 
0.5 0.8666666666666667 0.42 483 483 
0.5 0.8666666666666667 0.4266666666666667 466 466 
0.5 0.8666666666666667 0.43333333333333335 489 489 
0.5 0.8666666666666667 0.44 467 467 
0.5 0.8666666666666667 0.44666666666666666 445 445 
0.5 0.8666666666666667 0.4533333333333333 434 434 
0.5 0.8666666666666667 0.46 467 467 
0.5 0.8666666666666667 0.4666666666666667 421 421 
0.5 0.8666666666666667 0.47333333333333333 406 406 
0.5 0.8666666666666667 0.48 468 468 
0.5 0.8666666666666667 0.4866666666666667 450 450 
0.5 0.8666666666666667 0.49333333333333335 446 446 
0.5 0.8666666666666667 0.5 469 469 
0.5 0.8666666666666667 0.5066666666666667 434 434 
0.5 0.8666666666666667 0.5133333333333333 473 473 
0.5 0.8666666666666667 0.52 446 446 
0.5 0.8666666666666667 0.5266666666666666 456 456 
0.5 0.8666666666666667 0.5333333333333333 477 477 
0.5 0.8666666666666667 0.54 456 456 
0.5 0.8666666666666667 0.5466666666666666 475 475 
0.5 0.8666666666666667 0.5533333333333333 435 435 
0.5 0.8666666666666667 0.56 417 417 
0.5 0.8666666666666667 0.5666666666666667 482 482 
0.5 0.8666666666666667 0.5733333333333334 438 438 
0.5 0.8666666666666667 0.58 442 442 
0.5 0.8666666666666667 0.5866666666666667 456 456 
0.5 0.8666666666666667 0.5933333333333334 439 439 
0.5 0.8666666666666667 0.6 456 456 
0.5 0.8666666666666667 0.6066666666666667 451 451 
0.5 0.8666666666666667 0.6133333333333333 488 488 
0.5 0.8666666666666667 0.62 410 410 
0.5 0.8666666666666667 0.6266666666666667 465 465 
0.5 0.8666666666666667 0.6333333333333333 462 462 
0.5 0.8666666666666667 0.64 468 468 
0.5 0.8666666666666667 0.6466666666666666 463 463 
0.5 0.8666666666666667 0.6533333333333333 488 488 
0.5 0.8666666666666667 0.66 508 508 
0.5 0.8666666666666667 0.6666666666666666 478 478 
0.5 0.8666666666666667 0.6733333333333333 466 466 
0.5 0.8666666666666667 0.68 454 454 
0.5 0.8666666666666667 0.6866666666666666 470 470 
0.5 0.8666666666666667 0.6933333333333334 440 440 
0.5 0.8666666666666667 0.7 445 445 
0.5 0.8666666666666667 0.7066666666666667 489 489 
0.5 0.8666666666666667 0.7133333333333334 418 418 
0.5 0.8666666666666667 0.72 433 433 
0.5 0.8666666666666667 0.7266666666666667 418 418 
0.5 0.8666666666666667 0.7333333333333333 453 453 
0.5 0.8666666666666667 0.74 454 454 
0.5 0.8666666666666667 0.7466666666666667 468 468 
0.5 0.8666666666666667 0.7533333333333333 455 455 
0.5 0.8666666666666667 0.76 464 464 
0.5 0.8666666666666667 0.7666666666666667 501 501 
0.5 0.8666666666666667 0.7733333333333333 452 452 
0.5 0.8666666666666667 0.78 467 467 
0.5 0.8666666666666667 0.7866666666666666 498 498 
0.5 0.8666666666666667 0.7933333333333333 421 421 
0.5 0.8666666666666667 0.8 465 465 
0.5 0.8666666666666667 0.8066666666666666 469 469 
0.5 0.8666666666666667 0.8133333333333334 475 475 
0.5 0.8666666666666667 0.82 484 484 
0.5 0.8666666666666667 0.8266666666666667 477 477 
0.5 0.8666666666666667 0.8333333333333334 507 507 
0.5 0.8666666666666667 0.84 400 400 
0.5 0.8666666666666667 0.8466666666666667 481 481 
0.5 0.8666666666666667 0.8533333333333334 500 500 
0.5 0.8666666666666667 0.86 496 496 
0.5 0.8666666666666667 0.8666666666666667 497 497 
0.5 0.8666666666666667 0.8733333333333333 465 465 
0.5 0.8666666666666667 0.88 444 444 
0.5 0.8666666666666667 0.8866666666666667 470 470 
0.5 0.8666666666666667 0.8933333333333333 467 467 
0.5 0.8666666666666667 0.9 435 435 
0.5 0.8666666666666667 0.9066666666666666 461 461 
0.5 0.8666666666666667 0.9133333333333333 448 448 
0.5 0.8666666666666667 0.92 502 502 
0.5 0.8666666666666667 0.9266666666666666 468 468 
0.5 0.8666666666666667 0.9333333333333333 468 468 
0.5 0.8666666666666667 0.94 464 464 
0.5 0.8666666666666667 0.9466666666666667 461 461 
0.5 0.8666666666666667 0.9533333333333334 486 486 
0.5 0.8666666666666667 0.96 459 459 
0.5 0.8666666666666667 0.9666666666666667 474 474 
0.5 0.8666666666666667 0.9733333333333334 450 450 
0.5 0.8666666666666667 0.98 428 428 
0.5 0.8666666666666667 0.9866666666666667 551 551 
0.5 0.8666666666666667 0.9933333333333333 0 0 
0.5 0.8733333333333333 0.0 0 0 
0.5 0.8733333333333333 0.006666666666666667 532 532 
0.5 0.8733333333333333 0.013333333333333334 496 496 
0.5 0.8733333333333333 0.02 440 440 
0.5 0.8733333333333333 0.02666666666666667 490 490 
0.5 0.8733333333333333 0.03333333333333333 442 442 
0.5 0.8733333333333333 0.04 450 450 
0.5 0.8733333333333333 0.04666666666666667 468 468 
0.5 0.8733333333333333 0.05333333333333334 419 419 
0.5 0.8733333333333333 0.06 453 453 
0.5 0.8733333333333333 0.06666666666666667 475 475 
0.5 0.8733333333333333 0.07333333333333333 479 479 
0.5 0.8733333333333333 0.08 463 463 
0.5 0.8733333333333333 0.08666666666666667 424 424 
0.5 0.8733333333333333 0.09333333333333334 456 456 
0.5 0.8733333333333333 0.1 465 465 
0.5 0.8733333333333333 0.10666666666666667 465 465 
0.5 0.8733333333333333 0.11333333333333333 453 453 
0.5 0.8733333333333333 0.12 466 466 
0.5 0.8733333333333333 0.12666666666666668 461 461 
0.5 0.8733333333333333 0.13333333333333333 459 459 
0.5 0.8733333333333333 0.14 455 455 
0.5 0.8733333333333333 0.14666666666666667 460 460 
0.5 0.8733333333333333 0.15333333333333332 472 472 
0.5 0.8733333333333333 0.16 432 432 
0.5 0.8733333333333333 0.16666666666666666 404 404 
0.5 0.8733333333333333 0.17333333333333334 491 491 
0.5 0.8733333333333333 0.18 452 452 
0.5 0.8733333333333333 0.18666666666666668 455 455 
0.5 0.8733333333333333 0.19333333333333333 431 431 
0.5 0.8733333333333333 0.2 440 440 
0.5 0.8733333333333333 0.20666666666666667 458 458 
0.5 0.8733333333333333 0.21333333333333335 470 470 
0.5 0.8733333333333333 0.22 435 435 
0.5 0.8733333333333333 0.22666666666666666 424 424 
0.5 0.8733333333333333 0.23333333333333334 428 428 
0.5 0.8733333333333333 0.24 469 469 
0.5 0.8733333333333333 0.24666666666666667 450 450 
0.5 0.8733333333333333 0.25333333333333335 431 431 
0.5 0.8733333333333333 0.26 435 435 
0.5 0.8733333333333333 0.26666666666666666 447 447 
0.5 0.8733333333333333 0.2733333333333333 441 441 
0.5 0.8733333333333333 0.28 464 464 
0.5 0.8733333333333333 0.2866666666666667 469 469 
0.5 0.8733333333333333 0.29333333333333333 461 461 
0.5 0.8733333333333333 0.3 485 485 
0.5 0.8733333333333333 0.30666666666666664 477 477 
0.5 0.8733333333333333 0.31333333333333335 478 478 
0.5 0.8733333333333333 0.32 460 460 
0.5 0.8733333333333333 0.32666666666666666 465 465 
0.5 0.8733333333333333 0.3333333333333333 457 457 
0.5 0.8733333333333333 0.34 485 485 
0.5 0.8733333333333333 0.3466666666666667 490 490 
0.5 0.8733333333333333 0.35333333333333333 465 465 
0.5 0.8733333333333333 0.36 495 495 
0.5 0.8733333333333333 0.36666666666666664 474 474 
0.5 0.8733333333333333 0.37333333333333335 455 455 
0.5 0.8733333333333333 0.38 489 489 
0.5 0.8733333333333333 0.38666666666666666 453 453 
0.5 0.8733333333333333 0.3933333333333333 475 475 
0.5 0.8733333333333333 0.4 472 472 
0.5 0.8733333333333333 0.4066666666666667 468 468 
0.5 0.8733333333333333 0.41333333333333333 479 479 
0.5 0.8733333333333333 0.42 476 476 
0.5 0.8733333333333333 0.4266666666666667 493 493 
0.5 0.8733333333333333 0.43333333333333335 452 452 
0.5 0.8733333333333333 0.44 450 450 
0.5 0.8733333333333333 0.44666666666666666 458 458 
0.5 0.8733333333333333 0.4533333333333333 469 469 
0.5 0.8733333333333333 0.46 444 444 
0.5 0.8733333333333333 0.4666666666666667 440 440 
0.5 0.8733333333333333 0.47333333333333333 444 444 
0.5 0.8733333333333333 0.48 477 477 
0.5 0.8733333333333333 0.4866666666666667 515 515 
0.5 0.8733333333333333 0.49333333333333335 457 457 
0.5 0.8733333333333333 0.5 472 472 
0.5 0.8733333333333333 0.5066666666666667 452 452 
0.5 0.8733333333333333 0.5133333333333333 419 419 
0.5 0.8733333333333333 0.52 449 449 
0.5 0.8733333333333333 0.5266666666666666 448 448 
0.5 0.8733333333333333 0.5333333333333333 422 422 
0.5 0.8733333333333333 0.54 428 428 
0.5 0.8733333333333333 0.5466666666666666 429 429 
0.5 0.8733333333333333 0.5533333333333333 443 443 
0.5 0.8733333333333333 0.56 452 452 
0.5 0.8733333333333333 0.5666666666666667 478 478 
0.5 0.8733333333333333 0.5733333333333334 440 440 
0.5 0.8733333333333333 0.58 442 442 
0.5 0.8733333333333333 0.5866666666666667 452 452 
0.5 0.8733333333333333 0.5933333333333334 469 469 
0.5 0.8733333333333333 0.6 441 441 
0.5 0.8733333333333333 0.6066666666666667 455 455 
0.5 0.8733333333333333 0.6133333333333333 479 479 
0.5 0.8733333333333333 0.62 393 393 
0.5 0.8733333333333333 0.6266666666666667 441 441 
0.5 0.8733333333333333 0.6333333333333333 429 429 
0.5 0.8733333333333333 0.64 436 436 
0.5 0.8733333333333333 0.6466666666666666 448 448 
0.5 0.8733333333333333 0.6533333333333333 495 495 
0.5 0.8733333333333333 0.66 461 461 
0.5 0.8733333333333333 0.6666666666666666 440 440 
0.5 0.8733333333333333 0.6733333333333333 453 453 
0.5 0.8733333333333333 0.68 458 458 
0.5 0.8733333333333333 0.6866666666666666 445 445 
0.5 0.8733333333333333 0.6933333333333334 432 432 
0.5 0.8733333333333333 0.7 482 482 
0.5 0.8733333333333333 0.7066666666666667 469 469 
0.5 0.8733333333333333 0.7133333333333334 438 438 
0.5 0.8733333333333333 0.72 462 462 
0.5 0.8733333333333333 0.7266666666666667 435 435 
0.5 0.8733333333333333 0.7333333333333333 428 428 
0.5 0.8733333333333333 0.74 451 451 
0.5 0.8733333333333333 0.7466666666666667 464 464 
0.5 0.8733333333333333 0.7533333333333333 447 447 
0.5 0.8733333333333333 0.76 494 494 
0.5 0.8733333333333333 0.7666666666666667 482 482 
0.5 0.8733333333333333 0.7733333333333333 516 516 
0.5 0.8733333333333333 0.78 471 471 
0.5 0.8733333333333333 0.7866666666666666 494 494 
0.5 0.8733333333333333 0.7933333333333333 456 456 
0.5 0.8733333333333333 0.8 478 478 
0.5 0.8733333333333333 0.8066666666666666 510 510 
0.5 0.8733333333333333 0.8133333333333334 469 469 
0.5 0.8733333333333333 0.82 493 493 
0.5 0.8733333333333333 0.8266666666666667 490 490 
0.5 0.8733333333333333 0.8333333333333334 463 463 
0.5 0.8733333333333333 0.84 461 461 
0.5 0.8733333333333333 0.8466666666666667 516 516 
0.5 0.8733333333333333 0.8533333333333334 451 451 
0.5 0.8733333333333333 0.86 456 456 
0.5 0.8733333333333333 0.8666666666666667 471 471 
0.5 0.8733333333333333 0.8733333333333333 446 446 
0.5 0.8733333333333333 0.88 460 460 
0.5 0.8733333333333333 0.8866666666666667 447 447 
0.5 0.8733333333333333 0.8933333333333333 453 453 
0.5 0.8733333333333333 0.9 454 454 
0.5 0.8733333333333333 0.9066666666666666 448 448 
0.5 0.8733333333333333 0.9133333333333333 484 484 
0.5 0.8733333333333333 0.92 470 470 
0.5 0.8733333333333333 0.9266666666666666 487 487 
0.5 0.8733333333333333 0.9333333333333333 440 440 
0.5 0.8733333333333333 0.94 435 435 
0.5 0.8733333333333333 0.9466666666666667 476 476 
0.5 0.8733333333333333 0.9533333333333334 463 463 
0.5 0.8733333333333333 0.96 485 485 
0.5 0.8733333333333333 0.9666666666666667 475 475 
0.5 0.8733333333333333 0.9733333333333334 457 457 
0.5 0.8733333333333333 0.98 497 497 
0.5 0.8733333333333333 0.9866666666666667 566 566 
0.5 0.8733333333333333 0.9933333333333333 0 0 
0.5 0.88 0.0 0 0 
0.5 0.88 0.006666666666666667 560 560 
0.5 0.88 0.013333333333333334 474 474 
0.5 0.88 0.02 517 517 
0.5 0.88 0.02666666666666667 459 459 
0.5 0.88 0.03333333333333333 405 405 
0.5 0.88 0.04 479 479 
0.5 0.88 0.04666666666666667 437 437 
0.5 0.88 0.05333333333333334 471 471 
0.5 0.88 0.06 432 432 
0.5 0.88 0.06666666666666667 443 443 
0.5 0.88 0.07333333333333333 467 467 
0.5 0.88 0.08 453 453 
0.5 0.88 0.08666666666666667 400 400 
0.5 0.88 0.09333333333333334 474 474 
0.5 0.88 0.1 425 425 
0.5 0.88 0.10666666666666667 417 417 
0.5 0.88 0.11333333333333333 457 457 
0.5 0.88 0.12 427 427 
0.5 0.88 0.12666666666666668 446 446 
0.5 0.88 0.13333333333333333 454 454 
0.5 0.88 0.14 463 463 
0.5 0.88 0.14666666666666667 436 436 
0.5 0.88 0.15333333333333332 491 491 
0.5 0.88 0.16 442 442 
0.5 0.88 0.16666666666666666 441 441 
0.5 0.88 0.17333333333333334 420 420 
0.5 0.88 0.18 495 495 
0.5 0.88 0.18666666666666668 457 457 
0.5 0.88 0.19333333333333333 428 428 
0.5 0.88 0.2 440 440 
0.5 0.88 0.20666666666666667 428 428 
0.5 0.88 0.21333333333333335 472 472 
0.5 0.88 0.22 428 428 
0.5 0.88 0.22666666666666666 445 445 
0.5 0.88 0.23333333333333334 460 460 
0.5 0.88 0.24 469 469 
0.5 0.88 0.24666666666666667 470 470 
0.5 0.88 0.25333333333333335 449 449 
0.5 0.88 0.26 462 462 
0.5 0.88 0.26666666666666666 464 464 
0.5 0.88 0.2733333333333333 441 441 
0.5 0.88 0.28 505 505 
0.5 0.88 0.2866666666666667 490 490 
0.5 0.88 0.29333333333333333 475 475 
0.5 0.88 0.3 489 489 
0.5 0.88 0.30666666666666664 495 495 
0.5 0.88 0.31333333333333335 443 443 
0.5 0.88 0.32 455 455 
0.5 0.88 0.32666666666666666 384 384 
0.5 0.88 0.3333333333333333 452 452 
0.5 0.88 0.34 463 463 
0.5 0.88 0.3466666666666667 481 481 
0.5 0.88 0.35333333333333333 496 496 
0.5 0.88 0.36 449 449 
0.5 0.88 0.36666666666666664 488 488 
0.5 0.88 0.37333333333333335 439 439 
0.5 0.88 0.38 461 461 
0.5 0.88 0.38666666666666666 469 469 
0.5 0.88 0.3933333333333333 491 491 
0.5 0.88 0.4 461 461 
0.5 0.88 0.4066666666666667 443 443 
0.5 0.88 0.41333333333333333 476 476 
0.5 0.88 0.42 458 458 
0.5 0.88 0.4266666666666667 433 433 
0.5 0.88 0.43333333333333335 467 467 
0.5 0.88 0.44 453 453 
0.5 0.88 0.44666666666666666 421 421 
0.5 0.88 0.4533333333333333 452 452 
0.5 0.88 0.46 454 454 
0.5 0.88 0.4666666666666667 478 478 
0.5 0.88 0.47333333333333333 434 434 
0.5 0.88 0.48 498 498 
0.5 0.88 0.4866666666666667 478 478 
0.5 0.88 0.49333333333333335 457 457 
0.5 0.88 0.5 469 469 
0.5 0.88 0.5066666666666667 442 442 
0.5 0.88 0.5133333333333333 455 455 
0.5 0.88 0.52 469 469 
0.5 0.88 0.5266666666666666 476 476 
0.5 0.88 0.5333333333333333 459 459 
0.5 0.88 0.54 467 467 
0.5 0.88 0.5466666666666666 433 433 
0.5 0.88 0.5533333333333333 425 425 
0.5 0.88 0.56 513 513 
0.5 0.88 0.5666666666666667 458 458 
0.5 0.88 0.5733333333333334 479 479 
0.5 0.88 0.58 465 465 
0.5 0.88 0.5866666666666667 448 448 
0.5 0.88 0.5933333333333334 506 506 
0.5 0.88 0.6 441 441 
0.5 0.88 0.6066666666666667 446 446 
0.5 0.88 0.6133333333333333 449 449 
0.5 0.88 0.62 456 456 
0.5 0.88 0.6266666666666667 393 393 
0.5 0.88 0.6333333333333333 402 402 
0.5 0.88 0.64 393 393 
0.5 0.88 0.6466666666666666 449 449 
0.5 0.88 0.6533333333333333 452 452 
0.5 0.88 0.66 466 466 
0.5 0.88 0.6666666666666666 446 446 
0.5 0.88 0.6733333333333333 435 435 
0.5 0.88 0.68 483 483 
0.5 0.88 0.6866666666666666 475 475 
0.5 0.88 0.6933333333333334 475 475 
0.5 0.88 0.7 458 458 
0.5 0.88 0.7066666666666667 466 466 
0.5 0.88 0.7133333333333334 439 439 
0.5 0.88 0.72 457 457 
0.5 0.88 0.7266666666666667 440 440 
0.5 0.88 0.7333333333333333 390 390 
0.5 0.88 0.74 423 423 
0.5 0.88 0.7466666666666667 483 483 
0.5 0.88 0.7533333333333333 485 485 
0.5 0.88 0.76 457 457 
0.5 0.88 0.7666666666666667 495 495 
0.5 0.88 0.7733333333333333 460 460 
0.5 0.88 0.78 447 447 
0.5 0.88 0.7866666666666666 469 469 
0.5 0.88 0.7933333333333333 471 471 
0.5 0.88 0.8 461 461 
0.5 0.88 0.8066666666666666 435 435 
0.5 0.88 0.8133333333333334 447 447 
0.5 0.88 0.82 463 463 
0.5 0.88 0.8266666666666667 467 467 
0.5 0.88 0.8333333333333334 456 456 
0.5 0.88 0.84 459 459 
0.5 0.88 0.8466666666666667 464 464 
0.5 0.88 0.8533333333333334 477 477 
0.5 0.88 0.86 440 440 
0.5 0.88 0.8666666666666667 426 426 
0.5 0.88 0.8733333333333333 496 496 
0.5 0.88 0.88 450 450 
0.5 0.88 0.8866666666666667 412 412 
0.5 0.88 0.8933333333333333 450 450 
0.5 0.88 0.9 468 468 
0.5 0.88 0.9066666666666666 435 435 
0.5 0.88 0.9133333333333333 461 461 
0.5 0.88 0.92 470 470 
0.5 0.88 0.9266666666666666 409 409 
0.5 0.88 0.9333333333333333 455 455 
0.5 0.88 0.94 449 449 
0.5 0.88 0.9466666666666667 451 451 
0.5 0.88 0.9533333333333334 434 434 
0.5 0.88 0.96 457 457 
0.5 0.88 0.9666666666666667 464 464 
0.5 0.88 0.9733333333333334 430 430 
0.5 0.88 0.98 466 466 
0.5 0.88 0.9866666666666667 552 552 
0.5 0.88 0.9933333333333333 0 0 
0.5 0.8866666666666667 0.0 0 0 
0.5 0.8866666666666667 0.006666666666666667 553 553 
0.5 0.8866666666666667 0.013333333333333334 461 461 
0.5 0.8866666666666667 0.02 457 457 
0.5 0.8866666666666667 0.02666666666666667 455 455 
0.5 0.8866666666666667 0.03333333333333333 437 437 
0.5 0.8866666666666667 0.04 447 447 
0.5 0.8866666666666667 0.04666666666666667 458 458 
0.5 0.8866666666666667 0.05333333333333334 441 441 
0.5 0.8866666666666667 0.06 440 440 
0.5 0.8866666666666667 0.06666666666666667 438 438 
0.5 0.8866666666666667 0.07333333333333333 445 445 
0.5 0.8866666666666667 0.08 454 454 
0.5 0.8866666666666667 0.08666666666666667 434 434 
0.5 0.8866666666666667 0.09333333333333334 429 429 
0.5 0.8866666666666667 0.1 411 411 
0.5 0.8866666666666667 0.10666666666666667 416 416 
0.5 0.8866666666666667 0.11333333333333333 421 421 
0.5 0.8866666666666667 0.12 455 455 
0.5 0.8866666666666667 0.12666666666666668 437 437 
0.5 0.8866666666666667 0.13333333333333333 471 471 
0.5 0.8866666666666667 0.14 454 454 
0.5 0.8866666666666667 0.14666666666666667 463 463 
0.5 0.8866666666666667 0.15333333333333332 446 446 
0.5 0.8866666666666667 0.16 433 433 
0.5 0.8866666666666667 0.16666666666666666 467 467 
0.5 0.8866666666666667 0.17333333333333334 443 443 
0.5 0.8866666666666667 0.18 451 451 
0.5 0.8866666666666667 0.18666666666666668 476 476 
0.5 0.8866666666666667 0.19333333333333333 497 497 
0.5 0.8866666666666667 0.2 459 459 
0.5 0.8866666666666667 0.20666666666666667 436 436 
0.5 0.8866666666666667 0.21333333333333335 477 477 
0.5 0.8866666666666667 0.22 466 466 
0.5 0.8866666666666667 0.22666666666666666 459 459 
0.5 0.8866666666666667 0.23333333333333334 430 430 
0.5 0.8866666666666667 0.24 467 467 
0.5 0.8866666666666667 0.24666666666666667 455 455 
0.5 0.8866666666666667 0.25333333333333335 494 494 
0.5 0.8866666666666667 0.26 473 473 
0.5 0.8866666666666667 0.26666666666666666 439 439 
0.5 0.8866666666666667 0.2733333333333333 460 460 
0.5 0.8866666666666667 0.28 425 425 
0.5 0.8866666666666667 0.2866666666666667 420 420 
0.5 0.8866666666666667 0.29333333333333333 499 499 
0.5 0.8866666666666667 0.3 506 506 
0.5 0.8866666666666667 0.30666666666666664 464 464 
0.5 0.8866666666666667 0.31333333333333335 437 437 
0.5 0.8866666666666667 0.32 454 454 
0.5 0.8866666666666667 0.32666666666666666 463 463 
0.5 0.8866666666666667 0.3333333333333333 449 449 
0.5 0.8866666666666667 0.34 456 456 
0.5 0.8866666666666667 0.3466666666666667 432 432 
0.5 0.8866666666666667 0.35333333333333333 480 480 
0.5 0.8866666666666667 0.36 453 453 
0.5 0.8866666666666667 0.36666666666666664 467 467 
0.5 0.8866666666666667 0.37333333333333335 502 502 
0.5 0.8866666666666667 0.38 459 459 
0.5 0.8866666666666667 0.38666666666666666 477 477 
0.5 0.8866666666666667 0.3933333333333333 456 456 
0.5 0.8866666666666667 0.4 449 449 
0.5 0.8866666666666667 0.4066666666666667 455 455 
0.5 0.8866666666666667 0.41333333333333333 458 458 
0.5 0.8866666666666667 0.42 447 447 
0.5 0.8866666666666667 0.4266666666666667 475 475 
0.5 0.8866666666666667 0.43333333333333335 421 421 
0.5 0.8866666666666667 0.44 415 415 
0.5 0.8866666666666667 0.44666666666666666 462 462 
0.5 0.8866666666666667 0.4533333333333333 454 454 
0.5 0.8866666666666667 0.46 463 463 
0.5 0.8866666666666667 0.4666666666666667 426 426 
0.5 0.8866666666666667 0.47333333333333333 445 445 
0.5 0.8866666666666667 0.48 450 450 
0.5 0.8866666666666667 0.4866666666666667 463 463 
0.5 0.8866666666666667 0.49333333333333335 466 466 
0.5 0.8866666666666667 0.5 467 467 
0.5 0.8866666666666667 0.5066666666666667 503 503 
0.5 0.8866666666666667 0.5133333333333333 466 466 
0.5 0.8866666666666667 0.52 444 444 
0.5 0.8866666666666667 0.5266666666666666 470 470 
0.5 0.8866666666666667 0.5333333333333333 494 494 
0.5 0.8866666666666667 0.54 450 450 
0.5 0.8866666666666667 0.5466666666666666 422 422 
0.5 0.8866666666666667 0.5533333333333333 491 491 
0.5 0.8866666666666667 0.56 467 467 
0.5 0.8866666666666667 0.5666666666666667 469 469 
0.5 0.8866666666666667 0.5733333333333334 494 494 
0.5 0.8866666666666667 0.58 466 466 
0.5 0.8866666666666667 0.5866666666666667 470 470 
0.5 0.8866666666666667 0.5933333333333334 437 437 
0.5 0.8866666666666667 0.6 420 420 
0.5 0.8866666666666667 0.6066666666666667 421 421 
0.5 0.8866666666666667 0.6133333333333333 463 463 
0.5 0.8866666666666667 0.62 417 417 
0.5 0.8866666666666667 0.6266666666666667 480 480 
0.5 0.8866666666666667 0.6333333333333333 446 446 
0.5 0.8866666666666667 0.64 439 439 
0.5 0.8866666666666667 0.6466666666666666 469 469 
0.5 0.8866666666666667 0.6533333333333333 420 420 
0.5 0.8866666666666667 0.66 431 431 
0.5 0.8866666666666667 0.6666666666666666 468 468 
0.5 0.8866666666666667 0.6733333333333333 434 434 
0.5 0.8866666666666667 0.68 426 426 
0.5 0.8866666666666667 0.6866666666666666 467 467 
0.5 0.8866666666666667 0.6933333333333334 471 471 
0.5 0.8866666666666667 0.7 452 452 
0.5 0.8866666666666667 0.7066666666666667 452 452 
0.5 0.8866666666666667 0.7133333333333334 445 445 
0.5 0.8866666666666667 0.72 447 447 
0.5 0.8866666666666667 0.7266666666666667 483 483 
0.5 0.8866666666666667 0.7333333333333333 450 450 
0.5 0.8866666666666667 0.74 471 471 
0.5 0.8866666666666667 0.7466666666666667 464 464 
0.5 0.8866666666666667 0.7533333333333333 485 485 
0.5 0.8866666666666667 0.76 478 478 
0.5 0.8866666666666667 0.7666666666666667 484 484 
0.5 0.8866666666666667 0.7733333333333333 487 487 
0.5 0.8866666666666667 0.78 472 472 
0.5 0.8866666666666667 0.7866666666666666 466 466 
0.5 0.8866666666666667 0.7933333333333333 456 456 
0.5 0.8866666666666667 0.8 462 462 
0.5 0.8866666666666667 0.8066666666666666 449 449 
0.5 0.8866666666666667 0.8133333333333334 426 426 
0.5 0.8866666666666667 0.82 444 444 
0.5 0.8866666666666667 0.8266666666666667 490 490 
0.5 0.8866666666666667 0.8333333333333334 449 449 
0.5 0.8866666666666667 0.84 423 423 
0.5 0.8866666666666667 0.8466666666666667 452 452 
0.5 0.8866666666666667 0.8533333333333334 475 475 
0.5 0.8866666666666667 0.86 436 436 
0.5 0.8866666666666667 0.8666666666666667 410 410 
0.5 0.8866666666666667 0.8733333333333333 404 404 
0.5 0.8866666666666667 0.88 487 487 
0.5 0.8866666666666667 0.8866666666666667 465 465 
0.5 0.8866666666666667 0.8933333333333333 438 438 
0.5 0.8866666666666667 0.9 467 467 
0.5 0.8866666666666667 0.9066666666666666 451 451 
0.5 0.8866666666666667 0.9133333333333333 426 426 
0.5 0.8866666666666667 0.92 424 424 
0.5 0.8866666666666667 0.9266666666666666 443 443 
0.5 0.8866666666666667 0.9333333333333333 423 423 
0.5 0.8866666666666667 0.94 475 475 
0.5 0.8866666666666667 0.9466666666666667 440 440 
0.5 0.8866666666666667 0.9533333333333334 427 427 
0.5 0.8866666666666667 0.96 482 482 
0.5 0.8866666666666667 0.9666666666666667 445 445 
0.5 0.8866666666666667 0.9733333333333334 406 406 
0.5 0.8866666666666667 0.98 504 504 
0.5 0.8866666666666667 0.9866666666666667 582 582 
0.5 0.8866666666666667 0.9933333333333333 0 0 
0.5 0.8933333333333333 0.0 0 0 
0.5 0.8933333333333333 0.006666666666666667 567 567 
0.5 0.8933333333333333 0.013333333333333334 477 477 
0.5 0.8933333333333333 0.02 470 470 
0.5 0.8933333333333333 0.02666666666666667 463 463 
0.5 0.8933333333333333 0.03333333333333333 483 483 
0.5 0.8933333333333333 0.04 466 466 
0.5 0.8933333333333333 0.04666666666666667 496 496 
0.5 0.8933333333333333 0.05333333333333334 437 437 
0.5 0.8933333333333333 0.06 443 443 
0.5 0.8933333333333333 0.06666666666666667 432 432 
0.5 0.8933333333333333 0.07333333333333333 437 437 
0.5 0.8933333333333333 0.08 448 448 
0.5 0.8933333333333333 0.08666666666666667 455 455 
0.5 0.8933333333333333 0.09333333333333334 404 404 
0.5 0.8933333333333333 0.1 466 466 
0.5 0.8933333333333333 0.10666666666666667 433 433 
0.5 0.8933333333333333 0.11333333333333333 421 421 
0.5 0.8933333333333333 0.12 450 450 
0.5 0.8933333333333333 0.12666666666666668 451 451 
0.5 0.8933333333333333 0.13333333333333333 451 451 
0.5 0.8933333333333333 0.14 470 470 
0.5 0.8933333333333333 0.14666666666666667 448 448 
0.5 0.8933333333333333 0.15333333333333332 449 449 
0.5 0.8933333333333333 0.16 459 459 
0.5 0.8933333333333333 0.16666666666666666 489 489 
0.5 0.8933333333333333 0.17333333333333334 462 462 
0.5 0.8933333333333333 0.18 480 480 
0.5 0.8933333333333333 0.18666666666666668 427 427 
0.5 0.8933333333333333 0.19333333333333333 493 493 
0.5 0.8933333333333333 0.2 470 470 
0.5 0.8933333333333333 0.20666666666666667 461 461 
0.5 0.8933333333333333 0.21333333333333335 478 478 
0.5 0.8933333333333333 0.22 461 461 
0.5 0.8933333333333333 0.22666666666666666 479 479 
0.5 0.8933333333333333 0.23333333333333334 484 484 
0.5 0.8933333333333333 0.24 410 410 
0.5 0.8933333333333333 0.24666666666666667 466 466 
0.5 0.8933333333333333 0.25333333333333335 502 502 
0.5 0.8933333333333333 0.26 525 525 
0.5 0.8933333333333333 0.26666666666666666 446 446 
0.5 0.8933333333333333 0.2733333333333333 436 436 
0.5 0.8933333333333333 0.28 419 419 
0.5 0.8933333333333333 0.2866666666666667 464 464 
0.5 0.8933333333333333 0.29333333333333333 464 464 
0.5 0.8933333333333333 0.3 425 425 
0.5 0.8933333333333333 0.30666666666666664 458 458 
0.5 0.8933333333333333 0.31333333333333335 489 489 
0.5 0.8933333333333333 0.32 418 418 
0.5 0.8933333333333333 0.32666666666666666 440 440 
0.5 0.8933333333333333 0.3333333333333333 450 450 
0.5 0.8933333333333333 0.34 439 439 
0.5 0.8933333333333333 0.3466666666666667 496 496 
0.5 0.8933333333333333 0.35333333333333333 451 451 
0.5 0.8933333333333333 0.36 424 424 
0.5 0.8933333333333333 0.36666666666666664 473 473 
0.5 0.8933333333333333 0.37333333333333335 487 487 
0.5 0.8933333333333333 0.38 463 463 
0.5 0.8933333333333333 0.38666666666666666 450 450 
0.5 0.8933333333333333 0.3933333333333333 457 457 
0.5 0.8933333333333333 0.4 437 437 
0.5 0.8933333333333333 0.4066666666666667 442 442 
0.5 0.8933333333333333 0.41333333333333333 442 442 
0.5 0.8933333333333333 0.42 414 414 
0.5 0.8933333333333333 0.4266666666666667 480 480 
0.5 0.8933333333333333 0.43333333333333335 435 435 
0.5 0.8933333333333333 0.44 469 469 
0.5 0.8933333333333333 0.44666666666666666 438 438 
0.5 0.8933333333333333 0.4533333333333333 453 453 
0.5 0.8933333333333333 0.46 467 467 
0.5 0.8933333333333333 0.4666666666666667 439 439 
0.5 0.8933333333333333 0.47333333333333333 467 467 
0.5 0.8933333333333333 0.48 460 460 
0.5 0.8933333333333333 0.4866666666666667 477 477 
0.5 0.8933333333333333 0.49333333333333335 497 497 
0.5 0.8933333333333333 0.5 486 486 
0.5 0.8933333333333333 0.5066666666666667 469 469 
0.5 0.8933333333333333 0.5133333333333333 475 475 
0.5 0.8933333333333333 0.52 498 498 
0.5 0.8933333333333333 0.5266666666666666 401 401 
0.5 0.8933333333333333 0.5333333333333333 482 482 
0.5 0.8933333333333333 0.54 490 490 
0.5 0.8933333333333333 0.5466666666666666 478 478 
0.5 0.8933333333333333 0.5533333333333333 440 440 
0.5 0.8933333333333333 0.56 475 475 
0.5 0.8933333333333333 0.5666666666666667 448 448 
0.5 0.8933333333333333 0.5733333333333334 457 457 
0.5 0.8933333333333333 0.58 470 470 
0.5 0.8933333333333333 0.5866666666666667 455 455 
0.5 0.8933333333333333 0.5933333333333334 433 433 
0.5 0.8933333333333333 0.6 491 491 
0.5 0.8933333333333333 0.6066666666666667 438 438 
0.5 0.8933333333333333 0.6133333333333333 430 430 
0.5 0.8933333333333333 0.62 432 432 
0.5 0.8933333333333333 0.6266666666666667 457 457 
0.5 0.8933333333333333 0.6333333333333333 480 480 
0.5 0.8933333333333333 0.64 487 487 
0.5 0.8933333333333333 0.6466666666666666 418 418 
0.5 0.8933333333333333 0.6533333333333333 437 437 
0.5 0.8933333333333333 0.66 394 394 
0.5 0.8933333333333333 0.6666666666666666 424 424 
0.5 0.8933333333333333 0.6733333333333333 431 431 
0.5 0.8933333333333333 0.68 430 430 
0.5 0.8933333333333333 0.6866666666666666 434 434 
0.5 0.8933333333333333 0.6933333333333334 451 451 
0.5 0.8933333333333333 0.7 467 467 
0.5 0.8933333333333333 0.7066666666666667 469 469 
0.5 0.8933333333333333 0.7133333333333334 472 472 
0.5 0.8933333333333333 0.72 435 435 
0.5 0.8933333333333333 0.7266666666666667 434 434 
0.5 0.8933333333333333 0.7333333333333333 443 443 
0.5 0.8933333333333333 0.74 430 430 
0.5 0.8933333333333333 0.7466666666666667 445 445 
0.5 0.8933333333333333 0.7533333333333333 498 498 
0.5 0.8933333333333333 0.76 482 482 
0.5 0.8933333333333333 0.7666666666666667 430 430 
0.5 0.8933333333333333 0.7733333333333333 417 417 
0.5 0.8933333333333333 0.78 431 431 
0.5 0.8933333333333333 0.7866666666666666 455 455 
0.5 0.8933333333333333 0.7933333333333333 444 444 
0.5 0.8933333333333333 0.8 422 422 
0.5 0.8933333333333333 0.8066666666666666 418 418 
0.5 0.8933333333333333 0.8133333333333334 466 466 
0.5 0.8933333333333333 0.82 489 489 
0.5 0.8933333333333333 0.8266666666666667 454 454 
0.5 0.8933333333333333 0.8333333333333334 445 445 
0.5 0.8933333333333333 0.84 469 469 
0.5 0.8933333333333333 0.8466666666666667 463 463 
0.5 0.8933333333333333 0.8533333333333334 421 421 
0.5 0.8933333333333333 0.86 440 440 
0.5 0.8933333333333333 0.8666666666666667 473 473 
0.5 0.8933333333333333 0.8733333333333333 400 400 
0.5 0.8933333333333333 0.88 458 458 
0.5 0.8933333333333333 0.8866666666666667 448 448 
0.5 0.8933333333333333 0.8933333333333333 458 458 
0.5 0.8933333333333333 0.9 449 449 
0.5 0.8933333333333333 0.9066666666666666 430 430 
0.5 0.8933333333333333 0.9133333333333333 407 407 
0.5 0.8933333333333333 0.92 470 470 
0.5 0.8933333333333333 0.9266666666666666 455 455 
0.5 0.8933333333333333 0.9333333333333333 442 442 
0.5 0.8933333333333333 0.94 468 468 
0.5 0.8933333333333333 0.9466666666666667 478 478 
0.5 0.8933333333333333 0.9533333333333334 472 472 
0.5 0.8933333333333333 0.96 433 433 
0.5 0.8933333333333333 0.9666666666666667 418 418 
0.5 0.8933333333333333 0.9733333333333334 448 448 
0.5 0.8933333333333333 0.98 478 478 
0.5 0.8933333333333333 0.9866666666666667 578 578 
0.5 0.8933333333333333 0.9933333333333333 0 0 
0.5 0.9 0.0 0 0 
0.5 0.9 0.006666666666666667 553 553 
0.5 0.9 0.013333333333333334 451 451 
0.5 0.9 0.02 449 449 
0.5 0.9 0.02666666666666667 414 414 
0.5 0.9 0.03333333333333333 458 458 
0.5 0.9 0.04 453 453 
0.5 0.9 0.04666666666666667 484 484 
0.5 0.9 0.05333333333333334 457 457 
0.5 0.9 0.06 455 455 
0.5 0.9 0.06666666666666667 422 422 
0.5 0.9 0.07333333333333333 446 446 
0.5 0.9 0.08 461 461 
0.5 0.9 0.08666666666666667 455 455 
0.5 0.9 0.09333333333333334 434 434 
0.5 0.9 0.1 443 443 
0.5 0.9 0.10666666666666667 437 437 
0.5 0.9 0.11333333333333333 444 444 
0.5 0.9 0.12 411 411 
0.5 0.9 0.12666666666666668 449 449 
0.5 0.9 0.13333333333333333 481 481 
0.5 0.9 0.14 466 466 
0.5 0.9 0.14666666666666667 430 430 
0.5 0.9 0.15333333333333332 479 479 
0.5 0.9 0.16 480 480 
0.5 0.9 0.16666666666666666 432 432 
0.5 0.9 0.17333333333333334 447 447 
0.5 0.9 0.18 469 469 
0.5 0.9 0.18666666666666668 482 482 
0.5 0.9 0.19333333333333333 474 474 
0.5 0.9 0.2 432 432 
0.5 0.9 0.20666666666666667 451 451 
0.5 0.9 0.21333333333333335 467 467 
0.5 0.9 0.22 448 448 
0.5 0.9 0.22666666666666666 446 446 
0.5 0.9 0.23333333333333334 477 477 
0.5 0.9 0.24 457 457 
0.5 0.9 0.24666666666666667 467 467 
0.5 0.9 0.25333333333333335 471 471 
0.5 0.9 0.26 492 492 
0.5 0.9 0.26666666666666666 498 498 
0.5 0.9 0.2733333333333333 479 479 
0.5 0.9 0.28 487 487 
0.5 0.9 0.2866666666666667 424 424 
0.5 0.9 0.29333333333333333 481 481 
0.5 0.9 0.3 472 472 
0.5 0.9 0.30666666666666664 414 414 
0.5 0.9 0.31333333333333335 481 481 
0.5 0.9 0.32 409 409 
0.5 0.9 0.32666666666666666 462 462 
0.5 0.9 0.3333333333333333 424 424 
0.5 0.9 0.34 451 451 
0.5 0.9 0.3466666666666667 463 463 
0.5 0.9 0.35333333333333333 460 460 
0.5 0.9 0.36 429 429 
0.5 0.9 0.36666666666666664 419 419 
0.5 0.9 0.37333333333333335 444 444 
0.5 0.9 0.38 440 440 
0.5 0.9 0.38666666666666666 448 448 
0.5 0.9 0.3933333333333333 464 464 
0.5 0.9 0.4 466 466 
0.5 0.9 0.4066666666666667 452 452 
0.5 0.9 0.41333333333333333 493 493 
0.5 0.9 0.42 461 461 
0.5 0.9 0.4266666666666667 455 455 
0.5 0.9 0.43333333333333335 431 431 
0.5 0.9 0.44 478 478 
0.5 0.9 0.44666666666666666 470 470 
0.5 0.9 0.4533333333333333 452 452 
0.5 0.9 0.46 430 430 
0.5 0.9 0.4666666666666667 461 461 
0.5 0.9 0.47333333333333333 469 469 
0.5 0.9 0.48 464 464 
0.5 0.9 0.4866666666666667 459 459 
0.5 0.9 0.49333333333333335 505 505 
0.5 0.9 0.5 424 424 
0.5 0.9 0.5066666666666667 491 491 
0.5 0.9 0.5133333333333333 470 470 
0.5 0.9 0.52 465 465 
0.5 0.9 0.5266666666666666 471 471 
0.5 0.9 0.5333333333333333 456 456 
0.5 0.9 0.54 454 454 
0.5 0.9 0.5466666666666666 448 448 
0.5 0.9 0.5533333333333333 472 472 
0.5 0.9 0.56 413 413 
0.5 0.9 0.5666666666666667 454 454 
0.5 0.9 0.5733333333333334 451 451 
0.5 0.9 0.58 446 446 
0.5 0.9 0.5866666666666667 440 440 
0.5 0.9 0.5933333333333334 465 465 
0.5 0.9 0.6 441 441 
0.5 0.9 0.6066666666666667 448 448 
0.5 0.9 0.6133333333333333 462 462 
0.5 0.9 0.62 475 475 
0.5 0.9 0.6266666666666667 437 437 
0.5 0.9 0.6333333333333333 468 468 
0.5 0.9 0.64 402 402 
0.5 0.9 0.6466666666666666 459 459 
0.5 0.9 0.6533333333333333 443 443 
0.5 0.9 0.66 424 424 
0.5 0.9 0.6666666666666666 425 425 
0.5 0.9 0.6733333333333333 457 457 
0.5 0.9 0.68 445 445 
0.5 0.9 0.6866666666666666 425 425 
0.5 0.9 0.6933333333333334 450 450 
0.5 0.9 0.7 439 439 
0.5 0.9 0.7066666666666667 427 427 
0.5 0.9 0.7133333333333334 490 490 
0.5 0.9 0.72 467 467 
0.5 0.9 0.7266666666666667 488 488 
0.5 0.9 0.7333333333333333 482 482 
0.5 0.9 0.74 461 461 
0.5 0.9 0.7466666666666667 472 472 
0.5 0.9 0.7533333333333333 445 445 
0.5 0.9 0.76 459 459 
0.5 0.9 0.7666666666666667 473 473 
0.5 0.9 0.7733333333333333 461 461 
0.5 0.9 0.78 415 415 
0.5 0.9 0.7866666666666666 422 422 
0.5 0.9 0.7933333333333333 430 430 
0.5 0.9 0.8 449 449 
0.5 0.9 0.8066666666666666 420 420 
0.5 0.9 0.8133333333333334 433 433 
0.5 0.9 0.82 414 414 
0.5 0.9 0.8266666666666667 418 418 
0.5 0.9 0.8333333333333334 473 473 
0.5 0.9 0.84 459 459 
0.5 0.9 0.8466666666666667 415 415 
0.5 0.9 0.8533333333333334 461 461 
0.5 0.9 0.86 438 438 
0.5 0.9 0.8666666666666667 488 488 
0.5 0.9 0.8733333333333333 445 445 
0.5 0.9 0.88 443 443 
0.5 0.9 0.8866666666666667 457 457 
0.5 0.9 0.8933333333333333 448 448 
0.5 0.9 0.9 455 455 
0.5 0.9 0.9066666666666666 456 456 
0.5 0.9 0.9133333333333333 411 411 
0.5 0.9 0.92 484 484 
0.5 0.9 0.9266666666666666 478 478 
0.5 0.9 0.9333333333333333 462 462 
0.5 0.9 0.94 451 451 
0.5 0.9 0.9466666666666667 450 450 
0.5 0.9 0.9533333333333334 479 479 
0.5 0.9 0.96 453 453 
0.5 0.9 0.9666666666666667 461 461 
0.5 0.9 0.9733333333333334 452 452 
0.5 0.9 0.98 440 440 
0.5 0.9 0.9866666666666667 525 525 
0.5 0.9 0.9933333333333333 0 0 
0.5 0.9066666666666666 0.0 0 0 
0.5 0.9066666666666666 0.006666666666666667 577 577 
0.5 0.9066666666666666 0.013333333333333334 496 496 
0.5 0.9066666666666666 0.02 455 455 
0.5 0.9066666666666666 0.02666666666666667 425 425 
0.5 0.9066666666666666 0.03333333333333333 474 474 
0.5 0.9066666666666666 0.04 455 455 
0.5 0.9066666666666666 0.04666666666666667 429 429 
0.5 0.9066666666666666 0.05333333333333334 438 438 
0.5 0.9066666666666666 0.06 495 495 
0.5 0.9066666666666666 0.06666666666666667 446 446 
0.5 0.9066666666666666 0.07333333333333333 429 429 
0.5 0.9066666666666666 0.08 464 464 
0.5 0.9066666666666666 0.08666666666666667 473 473 
0.5 0.9066666666666666 0.09333333333333334 465 465 
0.5 0.9066666666666666 0.1 490 490 
0.5 0.9066666666666666 0.10666666666666667 488 488 
0.5 0.9066666666666666 0.11333333333333333 421 421 
0.5 0.9066666666666666 0.12 484 484 
0.5 0.9066666666666666 0.12666666666666668 448 448 
0.5 0.9066666666666666 0.13333333333333333 463 463 
0.5 0.9066666666666666 0.14 444 444 
0.5 0.9066666666666666 0.14666666666666667 475 475 
0.5 0.9066666666666666 0.15333333333333332 458 458 
0.5 0.9066666666666666 0.16 485 485 
0.5 0.9066666666666666 0.16666666666666666 443 443 
0.5 0.9066666666666666 0.17333333333333334 423 423 
0.5 0.9066666666666666 0.18 440 440 
0.5 0.9066666666666666 0.18666666666666668 453 453 
0.5 0.9066666666666666 0.19333333333333333 443 443 
0.5 0.9066666666666666 0.2 454 454 
0.5 0.9066666666666666 0.20666666666666667 458 458 
0.5 0.9066666666666666 0.21333333333333335 445 445 
0.5 0.9066666666666666 0.22 452 452 
0.5 0.9066666666666666 0.22666666666666666 480 480 
0.5 0.9066666666666666 0.23333333333333334 489 489 
0.5 0.9066666666666666 0.24 475 475 
0.5 0.9066666666666666 0.24666666666666667 471 471 
0.5 0.9066666666666666 0.25333333333333335 447 447 
0.5 0.9066666666666666 0.26 458 458 
0.5 0.9066666666666666 0.26666666666666666 480 480 
0.5 0.9066666666666666 0.2733333333333333 472 472 
0.5 0.9066666666666666 0.28 454 454 
0.5 0.9066666666666666 0.2866666666666667 450 450 
0.5 0.9066666666666666 0.29333333333333333 450 450 
0.5 0.9066666666666666 0.3 413 413 
0.5 0.9066666666666666 0.30666666666666664 438 438 
0.5 0.9066666666666666 0.31333333333333335 418 418 
0.5 0.9066666666666666 0.32 461 461 
0.5 0.9066666666666666 0.32666666666666666 487 487 
0.5 0.9066666666666666 0.3333333333333333 490 490 
0.5 0.9066666666666666 0.34 477 477 
0.5 0.9066666666666666 0.3466666666666667 440 440 
0.5 0.9066666666666666 0.35333333333333333 451 451 
0.5 0.9066666666666666 0.36 485 485 
0.5 0.9066666666666666 0.36666666666666664 442 442 
0.5 0.9066666666666666 0.37333333333333335 449 449 
0.5 0.9066666666666666 0.38 462 462 
0.5 0.9066666666666666 0.38666666666666666 445 445 
0.5 0.9066666666666666 0.3933333333333333 435 435 
0.5 0.9066666666666666 0.4 472 472 
0.5 0.9066666666666666 0.4066666666666667 439 439 
0.5 0.9066666666666666 0.41333333333333333 475 475 
0.5 0.9066666666666666 0.42 421 421 
0.5 0.9066666666666666 0.4266666666666667 441 441 
0.5 0.9066666666666666 0.43333333333333335 444 444 
0.5 0.9066666666666666 0.44 420 420 
0.5 0.9066666666666666 0.44666666666666666 501 501 
0.5 0.9066666666666666 0.4533333333333333 469 469 
0.5 0.9066666666666666 0.46 456 456 
0.5 0.9066666666666666 0.4666666666666667 493 493 
0.5 0.9066666666666666 0.47333333333333333 440 440 
0.5 0.9066666666666666 0.48 455 455 
0.5 0.9066666666666666 0.4866666666666667 434 434 
0.5 0.9066666666666666 0.49333333333333335 460 460 
0.5 0.9066666666666666 0.5 409 409 
0.5 0.9066666666666666 0.5066666666666667 483 483 
0.5 0.9066666666666666 0.5133333333333333 453 453 
0.5 0.9066666666666666 0.52 446 446 
0.5 0.9066666666666666 0.5266666666666666 452 452 
0.5 0.9066666666666666 0.5333333333333333 475 475 
0.5 0.9066666666666666 0.54 457 457 
0.5 0.9066666666666666 0.5466666666666666 456 456 
0.5 0.9066666666666666 0.5533333333333333 486 486 
0.5 0.9066666666666666 0.56 465 465 
0.5 0.9066666666666666 0.5666666666666667 467 467 
0.5 0.9066666666666666 0.5733333333333334 443 443 
0.5 0.9066666666666666 0.58 462 462 
0.5 0.9066666666666666 0.5866666666666667 432 432 
0.5 0.9066666666666666 0.5933333333333334 481 481 
0.5 0.9066666666666666 0.6 485 485 
0.5 0.9066666666666666 0.6066666666666667 466 466 
0.5 0.9066666666666666 0.6133333333333333 430 430 
0.5 0.9066666666666666 0.62 523 523 
0.5 0.9066666666666666 0.6266666666666667 459 459 
0.5 0.9066666666666666 0.6333333333333333 502 502 
0.5 0.9066666666666666 0.64 474 474 
0.5 0.9066666666666666 0.6466666666666666 480 480 
0.5 0.9066666666666666 0.6533333333333333 448 448 
0.5 0.9066666666666666 0.66 429 429 
0.5 0.9066666666666666 0.6666666666666666 428 428 
0.5 0.9066666666666666 0.6733333333333333 395 395 
0.5 0.9066666666666666 0.68 438 438 
0.5 0.9066666666666666 0.6866666666666666 455 455 
0.5 0.9066666666666666 0.6933333333333334 418 418 
0.5 0.9066666666666666 0.7 464 464 
0.5 0.9066666666666666 0.7066666666666667 445 445 
0.5 0.9066666666666666 0.7133333333333334 465 465 
0.5 0.9066666666666666 0.72 477 477 
0.5 0.9066666666666666 0.7266666666666667 486 486 
0.5 0.9066666666666666 0.7333333333333333 472 472 
0.5 0.9066666666666666 0.74 448 448 
0.5 0.9066666666666666 0.7466666666666667 461 461 
0.5 0.9066666666666666 0.7533333333333333 495 495 
0.5 0.9066666666666666 0.76 415 415 
0.5 0.9066666666666666 0.7666666666666667 441 441 
0.5 0.9066666666666666 0.7733333333333333 419 419 
0.5 0.9066666666666666 0.78 406 406 
0.5 0.9066666666666666 0.7866666666666666 451 451 
0.5 0.9066666666666666 0.7933333333333333 456 456 
0.5 0.9066666666666666 0.8 436 436 
0.5 0.9066666666666666 0.8066666666666666 465 465 
0.5 0.9066666666666666 0.8133333333333334 500 500 
0.5 0.9066666666666666 0.82 451 451 
0.5 0.9066666666666666 0.8266666666666667 445 445 
0.5 0.9066666666666666 0.8333333333333334 465 465 
0.5 0.9066666666666666 0.84 388 388 
0.5 0.9066666666666666 0.8466666666666667 450 450 
0.5 0.9066666666666666 0.8533333333333334 416 416 
0.5 0.9066666666666666 0.86 428 428 
0.5 0.9066666666666666 0.8666666666666667 435 435 
0.5 0.9066666666666666 0.8733333333333333 432 432 
0.5 0.9066666666666666 0.88 454 454 
0.5 0.9066666666666666 0.8866666666666667 470 470 
0.5 0.9066666666666666 0.8933333333333333 482 482 
0.5 0.9066666666666666 0.9 472 472 
0.5 0.9066666666666666 0.9066666666666666 454 454 
0.5 0.9066666666666666 0.9133333333333333 491 491 
0.5 0.9066666666666666 0.92 458 458 
0.5 0.9066666666666666 0.9266666666666666 457 457 
0.5 0.9066666666666666 0.9333333333333333 446 446 
0.5 0.9066666666666666 0.94 467 467 
0.5 0.9066666666666666 0.9466666666666667 436 436 
0.5 0.9066666666666666 0.9533333333333334 470 470 
0.5 0.9066666666666666 0.96 427 427 
0.5 0.9066666666666666 0.9666666666666667 450 450 
0.5 0.9066666666666666 0.9733333333333334 413 413 
0.5 0.9066666666666666 0.98 483 483 
0.5 0.9066666666666666 0.9866666666666667 513 513 
0.5 0.9066666666666666 0.9933333333333333 0 0 
0.5 0.9133333333333333 0.0 0 0 
0.5 0.9133333333333333 0.006666666666666667 508 508 
0.5 0.9133333333333333 0.013333333333333334 459 459 
0.5 0.9133333333333333 0.02 426 426 
0.5 0.9133333333333333 0.02666666666666667 495 495 
0.5 0.9133333333333333 0.03333333333333333 502 502 
0.5 0.9133333333333333 0.04 453 453 
0.5 0.9133333333333333 0.04666666666666667 472 472 
0.5 0.9133333333333333 0.05333333333333334 427 427 
0.5 0.9133333333333333 0.06 452 452 
0.5 0.9133333333333333 0.06666666666666667 453 453 
0.5 0.9133333333333333 0.07333333333333333 502 502 
0.5 0.9133333333333333 0.08 445 445 
0.5 0.9133333333333333 0.08666666666666667 486 486 
0.5 0.9133333333333333 0.09333333333333334 449 449 
0.5 0.9133333333333333 0.1 457 457 
0.5 0.9133333333333333 0.10666666666666667 449 449 
0.5 0.9133333333333333 0.11333333333333333 445 445 
0.5 0.9133333333333333 0.12 449 449 
0.5 0.9133333333333333 0.12666666666666668 455 455 
0.5 0.9133333333333333 0.13333333333333333 447 447 
0.5 0.9133333333333333 0.14 513 513 
0.5 0.9133333333333333 0.14666666666666667 422 422 
0.5 0.9133333333333333 0.15333333333333332 469 469 
0.5 0.9133333333333333 0.16 442 442 
0.5 0.9133333333333333 0.16666666666666666 451 451 
0.5 0.9133333333333333 0.17333333333333334 428 428 
0.5 0.9133333333333333 0.18 482 482 
0.5 0.9133333333333333 0.18666666666666668 486 486 
0.5 0.9133333333333333 0.19333333333333333 464 464 
0.5 0.9133333333333333 0.2 478 478 
0.5 0.9133333333333333 0.20666666666666667 480 480 
0.5 0.9133333333333333 0.21333333333333335 446 446 
0.5 0.9133333333333333 0.22 451 451 
0.5 0.9133333333333333 0.22666666666666666 503 503 
0.5 0.9133333333333333 0.23333333333333334 453 453 
0.5 0.9133333333333333 0.24 474 474 
0.5 0.9133333333333333 0.24666666666666667 448 448 
0.5 0.9133333333333333 0.25333333333333335 450 450 
0.5 0.9133333333333333 0.26 457 457 
0.5 0.9133333333333333 0.26666666666666666 462 462 
0.5 0.9133333333333333 0.2733333333333333 451 451 
0.5 0.9133333333333333 0.28 477 477 
0.5 0.9133333333333333 0.2866666666666667 422 422 
0.5 0.9133333333333333 0.29333333333333333 422 422 
0.5 0.9133333333333333 0.3 439 439 
0.5 0.9133333333333333 0.30666666666666664 442 442 
0.5 0.9133333333333333 0.31333333333333335 451 451 
0.5 0.9133333333333333 0.32 466 466 
0.5 0.9133333333333333 0.32666666666666666 471 471 
0.5 0.9133333333333333 0.3333333333333333 453 453 
0.5 0.9133333333333333 0.34 502 502 
0.5 0.9133333333333333 0.3466666666666667 436 436 
0.5 0.9133333333333333 0.35333333333333333 474 474 
0.5 0.9133333333333333 0.36 442 442 
0.5 0.9133333333333333 0.36666666666666664 455 455 
0.5 0.9133333333333333 0.37333333333333335 459 459 
0.5 0.9133333333333333 0.38 484 484 
0.5 0.9133333333333333 0.38666666666666666 461 461 
0.5 0.9133333333333333 0.3933333333333333 437 437 
0.5 0.9133333333333333 0.4 453 453 
0.5 0.9133333333333333 0.4066666666666667 466 466 
0.5 0.9133333333333333 0.41333333333333333 471 471 
0.5 0.9133333333333333 0.42 470 470 
0.5 0.9133333333333333 0.4266666666666667 435 435 
0.5 0.9133333333333333 0.43333333333333335 475 475 
0.5 0.9133333333333333 0.44 448 448 
0.5 0.9133333333333333 0.44666666666666666 480 480 
0.5 0.9133333333333333 0.4533333333333333 468 468 
0.5 0.9133333333333333 0.46 484 484 
0.5 0.9133333333333333 0.4666666666666667 445 445 
0.5 0.9133333333333333 0.47333333333333333 450 450 
0.5 0.9133333333333333 0.48 468 468 
0.5 0.9133333333333333 0.4866666666666667 463 463 
0.5 0.9133333333333333 0.49333333333333335 472 472 
0.5 0.9133333333333333 0.5 476 476 
0.5 0.9133333333333333 0.5066666666666667 477 477 
0.5 0.9133333333333333 0.5133333333333333 463 463 
0.5 0.9133333333333333 0.52 474 474 
0.5 0.9133333333333333 0.5266666666666666 473 473 
0.5 0.9133333333333333 0.5333333333333333 457 457 
0.5 0.9133333333333333 0.54 449 449 
0.5 0.9133333333333333 0.5466666666666666 464 464 
0.5 0.9133333333333333 0.5533333333333333 458 458 
0.5 0.9133333333333333 0.56 438 438 
0.5 0.9133333333333333 0.5666666666666667 452 452 
0.5 0.9133333333333333 0.5733333333333334 458 458 
0.5 0.9133333333333333 0.58 434 434 
0.5 0.9133333333333333 0.5866666666666667 432 432 
0.5 0.9133333333333333 0.5933333333333334 451 451 
0.5 0.9133333333333333 0.6 487 487 
0.5 0.9133333333333333 0.6066666666666667 437 437 
0.5 0.9133333333333333 0.6133333333333333 480 480 
0.5 0.9133333333333333 0.62 457 457 
0.5 0.9133333333333333 0.6266666666666667 503 503 
0.5 0.9133333333333333 0.6333333333333333 471 471 
0.5 0.9133333333333333 0.64 461 461 
0.5 0.9133333333333333 0.6466666666666666 483 483 
0.5 0.9133333333333333 0.6533333333333333 453 453 
0.5 0.9133333333333333 0.66 452 452 
0.5 0.9133333333333333 0.6666666666666666 442 442 
0.5 0.9133333333333333 0.6733333333333333 430 430 
0.5 0.9133333333333333 0.68 483 483 
0.5 0.9133333333333333 0.6866666666666666 434 434 
0.5 0.9133333333333333 0.6933333333333334 498 498 
0.5 0.9133333333333333 0.7 453 453 
0.5 0.9133333333333333 0.7066666666666667 479 479 
0.5 0.9133333333333333 0.7133333333333334 466 466 
0.5 0.9133333333333333 0.72 487 487 
0.5 0.9133333333333333 0.7266666666666667 492 492 
0.5 0.9133333333333333 0.7333333333333333 492 492 
0.5 0.9133333333333333 0.74 441 441 
0.5 0.9133333333333333 0.7466666666666667 485 485 
0.5 0.9133333333333333 0.7533333333333333 459 459 
0.5 0.9133333333333333 0.76 448 448 
0.5 0.9133333333333333 0.7666666666666667 432 432 
0.5 0.9133333333333333 0.7733333333333333 439 439 
0.5 0.9133333333333333 0.78 439 439 
0.5 0.9133333333333333 0.7866666666666666 420 420 
0.5 0.9133333333333333 0.7933333333333333 460 460 
0.5 0.9133333333333333 0.8 438 438 
0.5 0.9133333333333333 0.8066666666666666 453 453 
0.5 0.9133333333333333 0.8133333333333334 455 455 
0.5 0.9133333333333333 0.82 448 448 
0.5 0.9133333333333333 0.8266666666666667 436 436 
0.5 0.9133333333333333 0.8333333333333334 451 451 
0.5 0.9133333333333333 0.84 408 408 
0.5 0.9133333333333333 0.8466666666666667 451 451 
0.5 0.9133333333333333 0.8533333333333334 437 437 
0.5 0.9133333333333333 0.86 462 462 
0.5 0.9133333333333333 0.8666666666666667 432 432 
0.5 0.9133333333333333 0.8733333333333333 426 426 
0.5 0.9133333333333333 0.88 466 466 
0.5 0.9133333333333333 0.8866666666666667 440 440 
0.5 0.9133333333333333 0.8933333333333333 477 477 
0.5 0.9133333333333333 0.9 444 444 
0.5 0.9133333333333333 0.9066666666666666 455 455 
0.5 0.9133333333333333 0.9133333333333333 428 428 
0.5 0.9133333333333333 0.92 458 458 
0.5 0.9133333333333333 0.9266666666666666 430 430 
0.5 0.9133333333333333 0.9333333333333333 461 461 
0.5 0.9133333333333333 0.94 463 463 
0.5 0.9133333333333333 0.9466666666666667 452 452 
0.5 0.9133333333333333 0.9533333333333334 472 472 
0.5 0.9133333333333333 0.96 488 488 
0.5 0.9133333333333333 0.9666666666666667 446 446 
0.5 0.9133333333333333 0.9733333333333334 436 436 
0.5 0.9133333333333333 0.98 456 456 
0.5 0.9133333333333333 0.9866666666666667 512 512 
0.5 0.9133333333333333 0.9933333333333333 0 0 
0.5 0.92 0.0 0 0 
0.5 0.92 0.006666666666666667 544 544 
0.5 0.92 0.013333333333333334 425 425 
0.5 0.92 0.02 459 459 
0.5 0.92 0.02666666666666667 463 463 
0.5 0.92 0.03333333333333333 482 482 
0.5 0.92 0.04 447 447 
0.5 0.92 0.04666666666666667 429 429 
0.5 0.92 0.05333333333333334 488 488 
0.5 0.92 0.06 461 461 
0.5 0.92 0.06666666666666667 439 439 
0.5 0.92 0.07333333333333333 457 457 
0.5 0.92 0.08 491 491 
0.5 0.92 0.08666666666666667 461 461 
0.5 0.92 0.09333333333333334 458 458 
0.5 0.92 0.1 492 492 
0.5 0.92 0.10666666666666667 430 430 
0.5 0.92 0.11333333333333333 472 472 
0.5 0.92 0.12 440 440 
0.5 0.92 0.12666666666666668 471 471 
0.5 0.92 0.13333333333333333 444 444 
0.5 0.92 0.14 439 439 
0.5 0.92 0.14666666666666667 440 440 
0.5 0.92 0.15333333333333332 435 435 
0.5 0.92 0.16 453 453 
0.5 0.92 0.16666666666666666 432 432 
0.5 0.92 0.17333333333333334 457 457 
0.5 0.92 0.18 505 505 
0.5 0.92 0.18666666666666668 431 431 
0.5 0.92 0.19333333333333333 451 451 
0.5 0.92 0.2 435 435 
0.5 0.92 0.20666666666666667 477 477 
0.5 0.92 0.21333333333333335 424 424 
0.5 0.92 0.22 455 455 
0.5 0.92 0.22666666666666666 454 454 
0.5 0.92 0.23333333333333334 446 446 
0.5 0.92 0.24 472 472 
0.5 0.92 0.24666666666666667 466 466 
0.5 0.92 0.25333333333333335 388 388 
0.5 0.92 0.26 467 467 
0.5 0.92 0.26666666666666666 468 468 
0.5 0.92 0.2733333333333333 406 406 
0.5 0.92 0.28 470 470 
0.5 0.92 0.2866666666666667 499 499 
0.5 0.92 0.29333333333333333 459 459 
0.5 0.92 0.3 452 452 
0.5 0.92 0.30666666666666664 443 443 
0.5 0.92 0.31333333333333335 422 422 
0.5 0.92 0.32 477 477 
0.5 0.92 0.32666666666666666 453 453 
0.5 0.92 0.3333333333333333 490 490 
0.5 0.92 0.34 444 444 
0.5 0.92 0.3466666666666667 464 464 
0.5 0.92 0.35333333333333333 452 452 
0.5 0.92 0.36 437 437 
0.5 0.92 0.36666666666666664 471 471 
0.5 0.92 0.37333333333333335 466 466 
0.5 0.92 0.38 434 434 
0.5 0.92 0.38666666666666666 431 431 
0.5 0.92 0.3933333333333333 426 426 
0.5 0.92 0.4 440 440 
0.5 0.92 0.4066666666666667 452 452 
0.5 0.92 0.41333333333333333 451 451 
0.5 0.92 0.42 460 460 
0.5 0.92 0.4266666666666667 413 413 
0.5 0.92 0.43333333333333335 470 470 
0.5 0.92 0.44 479 479 
0.5 0.92 0.44666666666666666 460 460 
0.5 0.92 0.4533333333333333 465 465 
0.5 0.92 0.46 465 465 
0.5 0.92 0.4666666666666667 500 500 
0.5 0.92 0.47333333333333333 476 476 
0.5 0.92 0.48 466 466 
0.5 0.92 0.4866666666666667 435 435 
0.5 0.92 0.49333333333333335 478 478 
0.5 0.92 0.5 496 496 
0.5 0.92 0.5066666666666667 434 434 
0.5 0.92 0.5133333333333333 467 467 
0.5 0.92 0.52 476 476 
0.5 0.92 0.5266666666666666 434 434 
0.5 0.92 0.5333333333333333 449 449 
0.5 0.92 0.54 434 434 
0.5 0.92 0.5466666666666666 421 421 
0.5 0.92 0.5533333333333333 446 446 
0.5 0.92 0.56 464 464 
0.5 0.92 0.5666666666666667 453 453 
0.5 0.92 0.5733333333333334 476 476 
0.5 0.92 0.58 450 450 
0.5 0.92 0.5866666666666667 443 443 
0.5 0.92 0.5933333333333334 448 448 
0.5 0.92 0.6 439 439 
0.5 0.92 0.6066666666666667 418 418 
0.5 0.92 0.6133333333333333 473 473 
0.5 0.92 0.62 434 434 
0.5 0.92 0.6266666666666667 483 483 
0.5 0.92 0.6333333333333333 476 476 
0.5 0.92 0.64 452 452 
0.5 0.92 0.6466666666666666 471 471 
0.5 0.92 0.6533333333333333 425 425 
0.5 0.92 0.66 490 490 
0.5 0.92 0.6666666666666666 463 463 
0.5 0.92 0.6733333333333333 458 458 
0.5 0.92 0.68 464 464 
0.5 0.92 0.6866666666666666 458 458 
0.5 0.92 0.6933333333333334 473 473 
0.5 0.92 0.7 429 429 
0.5 0.92 0.7066666666666667 417 417 
0.5 0.92 0.7133333333333334 439 439 
0.5 0.92 0.72 420 420 
0.5 0.92 0.7266666666666667 514 514 
0.5 0.92 0.7333333333333333 436 436 
0.5 0.92 0.74 472 472 
0.5 0.92 0.7466666666666667 428 428 
0.5 0.92 0.7533333333333333 459 459 
0.5 0.92 0.76 482 482 
0.5 0.92 0.7666666666666667 457 457 
0.5 0.92 0.7733333333333333 442 442 
0.5 0.92 0.78 390 390 
0.5 0.92 0.7866666666666666 452 452 
0.5 0.92 0.7933333333333333 462 462 
0.5 0.92 0.8 456 456 
0.5 0.92 0.8066666666666666 495 495 
0.5 0.92 0.8133333333333334 502 502 
0.5 0.92 0.82 465 465 
0.5 0.92 0.8266666666666667 462 462 
0.5 0.92 0.8333333333333334 449 449 
0.5 0.92 0.84 430 430 
0.5 0.92 0.8466666666666667 459 459 
0.5 0.92 0.8533333333333334 496 496 
0.5 0.92 0.86 452 452 
0.5 0.92 0.8666666666666667 489 489 
0.5 0.92 0.8733333333333333 433 433 
0.5 0.92 0.88 438 438 
0.5 0.92 0.8866666666666667 470 470 
0.5 0.92 0.8933333333333333 472 472 
0.5 0.92 0.9 451 451 
0.5 0.92 0.9066666666666666 447 447 
0.5 0.92 0.9133333333333333 447 447 
0.5 0.92 0.92 466 466 
0.5 0.92 0.9266666666666666 441 441 
0.5 0.92 0.9333333333333333 436 436 
0.5 0.92 0.94 478 478 
0.5 0.92 0.9466666666666667 466 466 
0.5 0.92 0.9533333333333334 475 475 
0.5 0.92 0.96 439 439 
0.5 0.92 0.9666666666666667 459 459 
0.5 0.92 0.9733333333333334 474 474 
0.5 0.92 0.98 436 436 
0.5 0.92 0.9866666666666667 543 543 
0.5 0.92 0.9933333333333333 0 0 
0.5 0.9266666666666666 0.0 0 0 
0.5 0.9266666666666666 0.006666666666666667 536 536 
0.5 0.9266666666666666 0.013333333333333334 416 416 
0.5 0.9266666666666666 0.02 426 426 
0.5 0.9266666666666666 0.02666666666666667 440 440 
0.5 0.9266666666666666 0.03333333333333333 445 445 
0.5 0.9266666666666666 0.04 465 465 
0.5 0.9266666666666666 0.04666666666666667 456 456 
0.5 0.9266666666666666 0.05333333333333334 450 450 
0.5 0.9266666666666666 0.06 428 428 
0.5 0.9266666666666666 0.06666666666666667 469 469 
0.5 0.9266666666666666 0.07333333333333333 464 464 
0.5 0.9266666666666666 0.08 459 459 
0.5 0.9266666666666666 0.08666666666666667 464 464 
0.5 0.9266666666666666 0.09333333333333334 456 456 
0.5 0.9266666666666666 0.1 472 472 
0.5 0.9266666666666666 0.10666666666666667 460 460 
0.5 0.9266666666666666 0.11333333333333333 469 469 
0.5 0.9266666666666666 0.12 485 485 
0.5 0.9266666666666666 0.12666666666666668 476 476 
0.5 0.9266666666666666 0.13333333333333333 431 431 
0.5 0.9266666666666666 0.14 456 456 
0.5 0.9266666666666666 0.14666666666666667 456 456 
0.5 0.9266666666666666 0.15333333333333332 457 457 
0.5 0.9266666666666666 0.16 431 431 
0.5 0.9266666666666666 0.16666666666666666 431 431 
0.5 0.9266666666666666 0.17333333333333334 461 461 
0.5 0.9266666666666666 0.18 472 472 
0.5 0.9266666666666666 0.18666666666666668 443 443 
0.5 0.9266666666666666 0.19333333333333333 435 435 
0.5 0.9266666666666666 0.2 481 481 
0.5 0.9266666666666666 0.20666666666666667 462 462 
0.5 0.9266666666666666 0.21333333333333335 458 458 
0.5 0.9266666666666666 0.22 423 423 
0.5 0.9266666666666666 0.22666666666666666 443 443 
0.5 0.9266666666666666 0.23333333333333334 464 464 
0.5 0.9266666666666666 0.24 472 472 
0.5 0.9266666666666666 0.24666666666666667 460 460 
0.5 0.9266666666666666 0.25333333333333335 463 463 
0.5 0.9266666666666666 0.26 446 446 
0.5 0.9266666666666666 0.26666666666666666 437 437 
0.5 0.9266666666666666 0.2733333333333333 453 453 
0.5 0.9266666666666666 0.28 468 468 
0.5 0.9266666666666666 0.2866666666666667 456 456 
0.5 0.9266666666666666 0.29333333333333333 455 455 
0.5 0.9266666666666666 0.3 475 475 
0.5 0.9266666666666666 0.30666666666666664 474 474 
0.5 0.9266666666666666 0.31333333333333335 465 465 
0.5 0.9266666666666666 0.32 487 487 
0.5 0.9266666666666666 0.32666666666666666 451 451 
0.5 0.9266666666666666 0.3333333333333333 509 509 
0.5 0.9266666666666666 0.34 458 458 
0.5 0.9266666666666666 0.3466666666666667 418 418 
0.5 0.9266666666666666 0.35333333333333333 461 461 
0.5 0.9266666666666666 0.36 443 443 
0.5 0.9266666666666666 0.36666666666666664 448 448 
0.5 0.9266666666666666 0.37333333333333335 451 451 
0.5 0.9266666666666666 0.38 452 452 
0.5 0.9266666666666666 0.38666666666666666 408 408 
0.5 0.9266666666666666 0.3933333333333333 441 441 
0.5 0.9266666666666666 0.4 489 489 
0.5 0.9266666666666666 0.4066666666666667 451 451 
0.5 0.9266666666666666 0.41333333333333333 440 440 
0.5 0.9266666666666666 0.42 460 460 
0.5 0.9266666666666666 0.4266666666666667 454 454 
0.5 0.9266666666666666 0.43333333333333335 480 480 
0.5 0.9266666666666666 0.44 493 493 
0.5 0.9266666666666666 0.44666666666666666 479 479 
0.5 0.9266666666666666 0.4533333333333333 473 473 
0.5 0.9266666666666666 0.46 433 433 
0.5 0.9266666666666666 0.4666666666666667 468 468 
0.5 0.9266666666666666 0.47333333333333333 450 450 
0.5 0.9266666666666666 0.48 435 435 
0.5 0.9266666666666666 0.4866666666666667 437 437 
0.5 0.9266666666666666 0.49333333333333335 456 456 
0.5 0.9266666666666666 0.5 443 443 
0.5 0.9266666666666666 0.5066666666666667 424 424 
0.5 0.9266666666666666 0.5133333333333333 468 468 
0.5 0.9266666666666666 0.52 453 453 
0.5 0.9266666666666666 0.5266666666666666 439 439 
0.5 0.9266666666666666 0.5333333333333333 431 431 
0.5 0.9266666666666666 0.54 463 463 
0.5 0.9266666666666666 0.5466666666666666 449 449 
0.5 0.9266666666666666 0.5533333333333333 430 430 
0.5 0.9266666666666666 0.56 457 457 
0.5 0.9266666666666666 0.5666666666666667 459 459 
0.5 0.9266666666666666 0.5733333333333334 423 423 
0.5 0.9266666666666666 0.58 470 470 
0.5 0.9266666666666666 0.5866666666666667 473 473 
0.5 0.9266666666666666 0.5933333333333334 505 505 
0.5 0.9266666666666666 0.6 474 474 
0.5 0.9266666666666666 0.6066666666666667 434 434 
0.5 0.9266666666666666 0.6133333333333333 466 466 
0.5 0.9266666666666666 0.62 485 485 
0.5 0.9266666666666666 0.6266666666666667 457 457 
0.5 0.9266666666666666 0.6333333333333333 493 493 
0.5 0.9266666666666666 0.64 455 455 
0.5 0.9266666666666666 0.6466666666666666 433 433 
0.5 0.9266666666666666 0.6533333333333333 435 435 
0.5 0.9266666666666666 0.66 504 504 
0.5 0.9266666666666666 0.6666666666666666 476 476 
0.5 0.9266666666666666 0.6733333333333333 491 491 
0.5 0.9266666666666666 0.68 483 483 
0.5 0.9266666666666666 0.6866666666666666 501 501 
0.5 0.9266666666666666 0.6933333333333334 409 409 
0.5 0.9266666666666666 0.7 465 465 
0.5 0.9266666666666666 0.7066666666666667 438 438 
0.5 0.9266666666666666 0.7133333333333334 468 468 
0.5 0.9266666666666666 0.72 472 472 
0.5 0.9266666666666666 0.7266666666666667 430 430 
0.5 0.9266666666666666 0.7333333333333333 445 445 
0.5 0.9266666666666666 0.74 445 445 
0.5 0.9266666666666666 0.7466666666666667 452 452 
0.5 0.9266666666666666 0.7533333333333333 441 441 
0.5 0.9266666666666666 0.76 424 424 
0.5 0.9266666666666666 0.7666666666666667 393 393 
0.5 0.9266666666666666 0.7733333333333333 447 447 
0.5 0.9266666666666666 0.78 490 490 
0.5 0.9266666666666666 0.7866666666666666 466 466 
0.5 0.9266666666666666 0.7933333333333333 459 459 
0.5 0.9266666666666666 0.8 492 492 
0.5 0.9266666666666666 0.8066666666666666 446 446 
0.5 0.9266666666666666 0.8133333333333334 468 468 
0.5 0.9266666666666666 0.82 456 456 
0.5 0.9266666666666666 0.8266666666666667 449 449 
0.5 0.9266666666666666 0.8333333333333334 473 473 
0.5 0.9266666666666666 0.84 463 463 
0.5 0.9266666666666666 0.8466666666666667 486 486 
0.5 0.9266666666666666 0.8533333333333334 469 469 
0.5 0.9266666666666666 0.86 466 466 
0.5 0.9266666666666666 0.8666666666666667 432 432 
0.5 0.9266666666666666 0.8733333333333333 441 441 
0.5 0.9266666666666666 0.88 439 439 
0.5 0.9266666666666666 0.8866666666666667 464 464 
0.5 0.9266666666666666 0.8933333333333333 444 444 
0.5 0.9266666666666666 0.9 438 438 
0.5 0.9266666666666666 0.9066666666666666 435 435 
0.5 0.9266666666666666 0.9133333333333333 423 423 
0.5 0.9266666666666666 0.92 447 447 
0.5 0.9266666666666666 0.9266666666666666 484 484 
0.5 0.9266666666666666 0.9333333333333333 423 423 
0.5 0.9266666666666666 0.94 456 456 
0.5 0.9266666666666666 0.9466666666666667 419 419 
0.5 0.9266666666666666 0.9533333333333334 469 469 
0.5 0.9266666666666666 0.96 430 430 
0.5 0.9266666666666666 0.9666666666666667 423 423 
0.5 0.9266666666666666 0.9733333333333334 470 470 
0.5 0.9266666666666666 0.98 438 438 
0.5 0.9266666666666666 0.9866666666666667 515 515 
0.5 0.9266666666666666 0.9933333333333333 0 0 
0.5 0.9333333333333333 0.0 0 0 
0.5 0.9333333333333333 0.006666666666666667 551 551 
0.5 0.9333333333333333 0.013333333333333334 490 490 
0.5 0.9333333333333333 0.02 458 458 
0.5 0.9333333333333333 0.02666666666666667 443 443 
0.5 0.9333333333333333 0.03333333333333333 504 504 
0.5 0.9333333333333333 0.04 470 470 
0.5 0.9333333333333333 0.04666666666666667 418 418 
0.5 0.9333333333333333 0.05333333333333334 457 457 
0.5 0.9333333333333333 0.06 424 424 
0.5 0.9333333333333333 0.06666666666666667 406 406 
0.5 0.9333333333333333 0.07333333333333333 445 445 
0.5 0.9333333333333333 0.08 434 434 
0.5 0.9333333333333333 0.08666666666666667 453 453 
0.5 0.9333333333333333 0.09333333333333334 470 470 
0.5 0.9333333333333333 0.1 431 431 
0.5 0.9333333333333333 0.10666666666666667 463 463 
0.5 0.9333333333333333 0.11333333333333333 458 458 
0.5 0.9333333333333333 0.12 496 496 
0.5 0.9333333333333333 0.12666666666666668 473 473 
0.5 0.9333333333333333 0.13333333333333333 471 471 
0.5 0.9333333333333333 0.14 426 426 
0.5 0.9333333333333333 0.14666666666666667 437 437 
0.5 0.9333333333333333 0.15333333333333332 425 425 
0.5 0.9333333333333333 0.16 458 458 
0.5 0.9333333333333333 0.16666666666666666 436 436 
0.5 0.9333333333333333 0.17333333333333334 442 442 
0.5 0.9333333333333333 0.18 470 470 
0.5 0.9333333333333333 0.18666666666666668 453 453 
0.5 0.9333333333333333 0.19333333333333333 442 442 
0.5 0.9333333333333333 0.2 437 437 
0.5 0.9333333333333333 0.20666666666666667 410 410 
0.5 0.9333333333333333 0.21333333333333335 471 471 
0.5 0.9333333333333333 0.22 472 472 
0.5 0.9333333333333333 0.22666666666666666 433 433 
0.5 0.9333333333333333 0.23333333333333334 483 483 
0.5 0.9333333333333333 0.24 451 451 
0.5 0.9333333333333333 0.24666666666666667 444 444 
0.5 0.9333333333333333 0.25333333333333335 435 435 
0.5 0.9333333333333333 0.26 421 421 
0.5 0.9333333333333333 0.26666666666666666 487 487 
0.5 0.9333333333333333 0.2733333333333333 451 451 
0.5 0.9333333333333333 0.28 438 438 
0.5 0.9333333333333333 0.2866666666666667 461 461 
0.5 0.9333333333333333 0.29333333333333333 453 453 
0.5 0.9333333333333333 0.3 482 482 
0.5 0.9333333333333333 0.30666666666666664 454 454 
0.5 0.9333333333333333 0.31333333333333335 476 476 
0.5 0.9333333333333333 0.32 477 477 
0.5 0.9333333333333333 0.32666666666666666 460 460 
0.5 0.9333333333333333 0.3333333333333333 474 474 
0.5 0.9333333333333333 0.34 470 470 
0.5 0.9333333333333333 0.3466666666666667 464 464 
0.5 0.9333333333333333 0.35333333333333333 432 432 
0.5 0.9333333333333333 0.36 447 447 
0.5 0.9333333333333333 0.36666666666666664 460 460 
0.5 0.9333333333333333 0.37333333333333335 468 468 
0.5 0.9333333333333333 0.38 435 435 
0.5 0.9333333333333333 0.38666666666666666 448 448 
0.5 0.9333333333333333 0.3933333333333333 454 454 
0.5 0.9333333333333333 0.4 474 474 
0.5 0.9333333333333333 0.4066666666666667 455 455 
0.5 0.9333333333333333 0.41333333333333333 461 461 
0.5 0.9333333333333333 0.42 440 440 
0.5 0.9333333333333333 0.4266666666666667 454 454 
0.5 0.9333333333333333 0.43333333333333335 455 455 
0.5 0.9333333333333333 0.44 430 430 
0.5 0.9333333333333333 0.44666666666666666 470 470 
0.5 0.9333333333333333 0.4533333333333333 430 430 
0.5 0.9333333333333333 0.46 446 446 
0.5 0.9333333333333333 0.4666666666666667 457 457 
0.5 0.9333333333333333 0.47333333333333333 479 479 
0.5 0.9333333333333333 0.48 471 471 
0.5 0.9333333333333333 0.4866666666666667 476 476 
0.5 0.9333333333333333 0.49333333333333335 461 461 
0.5 0.9333333333333333 0.5 419 419 
0.5 0.9333333333333333 0.5066666666666667 424 424 
0.5 0.9333333333333333 0.5133333333333333 448 448 
0.5 0.9333333333333333 0.52 420 420 
0.5 0.9333333333333333 0.5266666666666666 409 409 
0.5 0.9333333333333333 0.5333333333333333 459 459 
0.5 0.9333333333333333 0.54 448 448 
0.5 0.9333333333333333 0.5466666666666666 449 449 
0.5 0.9333333333333333 0.5533333333333333 452 452 
0.5 0.9333333333333333 0.56 467 467 
0.5 0.9333333333333333 0.5666666666666667 467 467 
0.5 0.9333333333333333 0.5733333333333334 457 457 
0.5 0.9333333333333333 0.58 471 471 
0.5 0.9333333333333333 0.5866666666666667 468 468 
0.5 0.9333333333333333 0.5933333333333334 436 436 
0.5 0.9333333333333333 0.6 433 433 
0.5 0.9333333333333333 0.6066666666666667 431 431 
0.5 0.9333333333333333 0.6133333333333333 475 475 
0.5 0.9333333333333333 0.62 445 445 
0.5 0.9333333333333333 0.6266666666666667 446 446 
0.5 0.9333333333333333 0.6333333333333333 431 431 
0.5 0.9333333333333333 0.64 428 428 
0.5 0.9333333333333333 0.6466666666666666 425 425 
0.5 0.9333333333333333 0.6533333333333333 459 459 
0.5 0.9333333333333333 0.66 458 458 
0.5 0.9333333333333333 0.6666666666666666 432 432 
0.5 0.9333333333333333 0.6733333333333333 462 462 
0.5 0.9333333333333333 0.68 499 499 
0.5 0.9333333333333333 0.6866666666666666 456 456 
0.5 0.9333333333333333 0.6933333333333334 469 469 
0.5 0.9333333333333333 0.7 451 451 
0.5 0.9333333333333333 0.7066666666666667 466 466 
0.5 0.9333333333333333 0.7133333333333334 502 502 
0.5 0.9333333333333333 0.72 474 474 
0.5 0.9333333333333333 0.7266666666666667 401 401 
0.5 0.9333333333333333 0.7333333333333333 478 478 
0.5 0.9333333333333333 0.74 460 460 
0.5 0.9333333333333333 0.7466666666666667 436 436 
0.5 0.9333333333333333 0.7533333333333333 483 483 
0.5 0.9333333333333333 0.76 472 472 
0.5 0.9333333333333333 0.7666666666666667 433 433 
0.5 0.9333333333333333 0.7733333333333333 457 457 
0.5 0.9333333333333333 0.78 441 441 
0.5 0.9333333333333333 0.7866666666666666 491 491 
0.5 0.9333333333333333 0.7933333333333333 463 463 
0.5 0.9333333333333333 0.8 444 444 
0.5 0.9333333333333333 0.8066666666666666 472 472 
0.5 0.9333333333333333 0.8133333333333334 451 451 
0.5 0.9333333333333333 0.82 428 428 
0.5 0.9333333333333333 0.8266666666666667 493 493 
0.5 0.9333333333333333 0.8333333333333334 484 484 
0.5 0.9333333333333333 0.84 453 453 
0.5 0.9333333333333333 0.8466666666666667 479 479 
0.5 0.9333333333333333 0.8533333333333334 465 465 
0.5 0.9333333333333333 0.86 486 486 
0.5 0.9333333333333333 0.8666666666666667 454 454 
0.5 0.9333333333333333 0.8733333333333333 469 469 
0.5 0.9333333333333333 0.88 419 419 
0.5 0.9333333333333333 0.8866666666666667 414 414 
0.5 0.9333333333333333 0.8933333333333333 428 428 
0.5 0.9333333333333333 0.9 419 419 
0.5 0.9333333333333333 0.9066666666666666 416 416 
0.5 0.9333333333333333 0.9133333333333333 457 457 
0.5 0.9333333333333333 0.92 415 415 
0.5 0.9333333333333333 0.9266666666666666 450 450 
0.5 0.9333333333333333 0.9333333333333333 454 454 
0.5 0.9333333333333333 0.94 453 453 
0.5 0.9333333333333333 0.9466666666666667 425 425 
0.5 0.9333333333333333 0.9533333333333334 451 451 
0.5 0.9333333333333333 0.96 465 465 
0.5 0.9333333333333333 0.9666666666666667 480 480 
0.5 0.9333333333333333 0.9733333333333334 457 457 
0.5 0.9333333333333333 0.98 482 482 
0.5 0.9333333333333333 0.9866666666666667 616 616 
0.5 0.9333333333333333 0.9933333333333333 0 0 
0.5 0.94 0.0 0 0 
0.5 0.94 0.006666666666666667 565 565 
0.5 0.94 0.013333333333333334 487 487 
0.5 0.94 0.02 465 465 
0.5 0.94 0.02666666666666667 494 494 
0.5 0.94 0.03333333333333333 438 438 
0.5 0.94 0.04 459 459 
0.5 0.94 0.04666666666666667 490 490 
0.5 0.94 0.05333333333333334 440 440 
0.5 0.94 0.06 458 458 
0.5 0.94 0.06666666666666667 433 433 
0.5 0.94 0.07333333333333333 452 452 
0.5 0.94 0.08 426 426 
0.5 0.94 0.08666666666666667 429 429 
0.5 0.94 0.09333333333333334 470 470 
0.5 0.94 0.1 453 453 
0.5 0.94 0.10666666666666667 452 452 
0.5 0.94 0.11333333333333333 482 482 
0.5 0.94 0.12 455 455 
0.5 0.94 0.12666666666666668 443 443 
0.5 0.94 0.13333333333333333 453 453 
0.5 0.94 0.14 468 468 
0.5 0.94 0.14666666666666667 486 486 
0.5 0.94 0.15333333333333332 465 465 
0.5 0.94 0.16 455 455 
0.5 0.94 0.16666666666666666 452 452 
0.5 0.94 0.17333333333333334 430 430 
0.5 0.94 0.18 477 477 
0.5 0.94 0.18666666666666668 457 457 
0.5 0.94 0.19333333333333333 431 431 
0.5 0.94 0.2 405 405 
0.5 0.94 0.20666666666666667 444 444 
0.5 0.94 0.21333333333333335 475 475 
0.5 0.94 0.22 438 438 
0.5 0.94 0.22666666666666666 470 470 
0.5 0.94 0.23333333333333334 475 475 
0.5 0.94 0.24 457 457 
0.5 0.94 0.24666666666666667 423 423 
0.5 0.94 0.25333333333333335 455 455 
0.5 0.94 0.26 453 453 
0.5 0.94 0.26666666666666666 417 417 
0.5 0.94 0.2733333333333333 448 448 
0.5 0.94 0.28 466 466 
0.5 0.94 0.2866666666666667 428 428 
0.5 0.94 0.29333333333333333 479 479 
0.5 0.94 0.3 442 442 
0.5 0.94 0.30666666666666664 451 451 
0.5 0.94 0.31333333333333335 487 487 
0.5 0.94 0.32 447 447 
0.5 0.94 0.32666666666666666 477 477 
0.5 0.94 0.3333333333333333 460 460 
0.5 0.94 0.34 436 436 
0.5 0.94 0.3466666666666667 438 438 
0.5 0.94 0.35333333333333333 416 416 
0.5 0.94 0.36 454 454 
0.5 0.94 0.36666666666666664 435 435 
0.5 0.94 0.37333333333333335 442 442 
0.5 0.94 0.38 434 434 
0.5 0.94 0.38666666666666666 472 472 
0.5 0.94 0.3933333333333333 438 438 
0.5 0.94 0.4 456 456 
0.5 0.94 0.4066666666666667 434 434 
0.5 0.94 0.41333333333333333 472 472 
0.5 0.94 0.42 458 458 
0.5 0.94 0.4266666666666667 442 442 
0.5 0.94 0.43333333333333335 439 439 
0.5 0.94 0.44 489 489 
0.5 0.94 0.44666666666666666 444 444 
0.5 0.94 0.4533333333333333 417 417 
0.5 0.94 0.46 435 435 
0.5 0.94 0.4666666666666667 420 420 
0.5 0.94 0.47333333333333333 443 443 
0.5 0.94 0.48 470 470 
0.5 0.94 0.4866666666666667 437 437 
0.5 0.94 0.49333333333333335 430 430 
0.5 0.94 0.5 412 412 
0.5 0.94 0.5066666666666667 423 423 
0.5 0.94 0.5133333333333333 426 426 
0.5 0.94 0.52 409 409 
0.5 0.94 0.5266666666666666 456 456 
0.5 0.94 0.5333333333333333 449 449 
0.5 0.94 0.54 433 433 
0.5 0.94 0.5466666666666666 480 480 
0.5 0.94 0.5533333333333333 467 467 
0.5 0.94 0.56 460 460 
0.5 0.94 0.5666666666666667 475 475 
0.5 0.94 0.5733333333333334 477 477 
0.5 0.94 0.58 463 463 
0.5 0.94 0.5866666666666667 400 400 
0.5 0.94 0.5933333333333334 437 437 
0.5 0.94 0.6 459 459 
0.5 0.94 0.6066666666666667 451 451 
0.5 0.94 0.6133333333333333 415 415 
0.5 0.94 0.62 433 433 
0.5 0.94 0.6266666666666667 442 442 
0.5 0.94 0.6333333333333333 435 435 
0.5 0.94 0.64 474 474 
0.5 0.94 0.6466666666666666 476 476 
0.5 0.94 0.6533333333333333 459 459 
0.5 0.94 0.66 446 446 
0.5 0.94 0.6666666666666666 497 497 
0.5 0.94 0.6733333333333333 489 489 
0.5 0.94 0.68 498 498 
0.5 0.94 0.6866666666666666 496 496 
0.5 0.94 0.6933333333333334 457 457 
0.5 0.94 0.7 448 448 
0.5 0.94 0.7066666666666667 472 472 
0.5 0.94 0.7133333333333334 471 471 
0.5 0.94 0.72 418 418 
0.5 0.94 0.7266666666666667 433 433 
0.5 0.94 0.7333333333333333 445 445 
0.5 0.94 0.74 441 441 
0.5 0.94 0.7466666666666667 458 458 
0.5 0.94 0.7533333333333333 427 427 
0.5 0.94 0.76 455 455 
0.5 0.94 0.7666666666666667 442 442 
0.5 0.94 0.7733333333333333 421 421 
0.5 0.94 0.78 433 433 
0.5 0.94 0.7866666666666666 458 458 
0.5 0.94 0.7933333333333333 419 419 
0.5 0.94 0.8 438 438 
0.5 0.94 0.8066666666666666 414 414 
0.5 0.94 0.8133333333333334 392 392 
0.5 0.94 0.82 444 444 
0.5 0.94 0.8266666666666667 475 475 
0.5 0.94 0.8333333333333334 454 454 
0.5 0.94 0.84 448 448 
0.5 0.94 0.8466666666666667 452 452 
0.5 0.94 0.8533333333333334 498 498 
0.5 0.94 0.86 495 495 
0.5 0.94 0.8666666666666667 486 486 
0.5 0.94 0.8733333333333333 494 494 
0.5 0.94 0.88 430 430 
0.5 0.94 0.8866666666666667 413 413 
0.5 0.94 0.8933333333333333 419 419 
0.5 0.94 0.9 471 471 
0.5 0.94 0.9066666666666666 469 469 
0.5 0.94 0.9133333333333333 425 425 
0.5 0.94 0.92 468 468 
0.5 0.94 0.9266666666666666 426 426 
0.5 0.94 0.9333333333333333 444 444 
0.5 0.94 0.94 443 443 
0.5 0.94 0.9466666666666667 425 425 
0.5 0.94 0.9533333333333334 439 439 
0.5 0.94 0.96 427 427 
0.5 0.94 0.9666666666666667 431 431 
0.5 0.94 0.9733333333333334 456 456 
0.5 0.94 0.98 456 456 
0.5 0.94 0.9866666666666667 560 560 
0.5 0.94 0.9933333333333333 0 0 
0.5 0.9466666666666667 0.0 0 0 
0.5 0.9466666666666667 0.006666666666666667 535 535 
0.5 0.9466666666666667 0.013333333333333334 504 504 
0.5 0.9466666666666667 0.02 501 501 
0.5 0.9466666666666667 0.02666666666666667 463 463 
0.5 0.9466666666666667 0.03333333333333333 496 496 
0.5 0.9466666666666667 0.04 480 480 
0.5 0.9466666666666667 0.04666666666666667 457 457 
0.5 0.9466666666666667 0.05333333333333334 435 435 
0.5 0.9466666666666667 0.06 471 471 
0.5 0.9466666666666667 0.06666666666666667 442 442 
0.5 0.9466666666666667 0.07333333333333333 439 439 
0.5 0.9466666666666667 0.08 410 410 
0.5 0.9466666666666667 0.08666666666666667 442 442 
0.5 0.9466666666666667 0.09333333333333334 442 442 
0.5 0.9466666666666667 0.1 459 459 
0.5 0.9466666666666667 0.10666666666666667 458 458 
0.5 0.9466666666666667 0.11333333333333333 438 438 
0.5 0.9466666666666667 0.12 483 483 
0.5 0.9466666666666667 0.12666666666666668 452 452 
0.5 0.9466666666666667 0.13333333333333333 437 437 
0.5 0.9466666666666667 0.14 452 452 
0.5 0.9466666666666667 0.14666666666666667 434 434 
0.5 0.9466666666666667 0.15333333333333332 443 443 
0.5 0.9466666666666667 0.16 460 460 
0.5 0.9466666666666667 0.16666666666666666 439 439 
0.5 0.9466666666666667 0.17333333333333334 429 429 
0.5 0.9466666666666667 0.18 476 476 
0.5 0.9466666666666667 0.18666666666666668 442 442 
0.5 0.9466666666666667 0.19333333333333333 450 450 
0.5 0.9466666666666667 0.2 451 451 
0.5 0.9466666666666667 0.20666666666666667 441 441 
0.5 0.9466666666666667 0.21333333333333335 453 453 
0.5 0.9466666666666667 0.22 444 444 
0.5 0.9466666666666667 0.22666666666666666 442 442 
0.5 0.9466666666666667 0.23333333333333334 465 465 
0.5 0.9466666666666667 0.24 460 460 
0.5 0.9466666666666667 0.24666666666666667 441 441 
0.5 0.9466666666666667 0.25333333333333335 440 440 
0.5 0.9466666666666667 0.26 475 475 
0.5 0.9466666666666667 0.26666666666666666 470 470 
0.5 0.9466666666666667 0.2733333333333333 456 456 
0.5 0.9466666666666667 0.28 496 496 
0.5 0.9466666666666667 0.2866666666666667 454 454 
0.5 0.9466666666666667 0.29333333333333333 470 470 
0.5 0.9466666666666667 0.3 436 436 
0.5 0.9466666666666667 0.30666666666666664 476 476 
0.5 0.9466666666666667 0.31333333333333335 422 422 
0.5 0.9466666666666667 0.32 474 474 
0.5 0.9466666666666667 0.32666666666666666 445 445 
0.5 0.9466666666666667 0.3333333333333333 457 457 
0.5 0.9466666666666667 0.34 426 426 
0.5 0.9466666666666667 0.3466666666666667 478 478 
0.5 0.9466666666666667 0.35333333333333333 469 469 
0.5 0.9466666666666667 0.36 408 408 
0.5 0.9466666666666667 0.36666666666666664 460 460 
0.5 0.9466666666666667 0.37333333333333335 463 463 
0.5 0.9466666666666667 0.38 476 476 
0.5 0.9466666666666667 0.38666666666666666 409 409 
0.5 0.9466666666666667 0.3933333333333333 421 421 
0.5 0.9466666666666667 0.4 467 467 
0.5 0.9466666666666667 0.4066666666666667 496 496 
0.5 0.9466666666666667 0.41333333333333333 462 462 
0.5 0.9466666666666667 0.42 433 433 
0.5 0.9466666666666667 0.4266666666666667 412 412 
0.5 0.9466666666666667 0.43333333333333335 441 441 
0.5 0.9466666666666667 0.44 459 459 
0.5 0.9466666666666667 0.44666666666666666 428 428 
0.5 0.9466666666666667 0.4533333333333333 446 446 
0.5 0.9466666666666667 0.46 457 457 
0.5 0.9466666666666667 0.4666666666666667 455 455 
0.5 0.9466666666666667 0.47333333333333333 440 440 
0.5 0.9466666666666667 0.48 446 446 
0.5 0.9466666666666667 0.4866666666666667 469 469 
0.5 0.9466666666666667 0.49333333333333335 400 400 
0.5 0.9466666666666667 0.5 452 452 
0.5 0.9466666666666667 0.5066666666666667 442 442 
0.5 0.9466666666666667 0.5133333333333333 444 444 
0.5 0.9466666666666667 0.52 429 429 
0.5 0.9466666666666667 0.5266666666666666 424 424 
0.5 0.9466666666666667 0.5333333333333333 442 442 
0.5 0.9466666666666667 0.54 456 456 
0.5 0.9466666666666667 0.5466666666666666 466 466 
0.5 0.9466666666666667 0.5533333333333333 468 468 
0.5 0.9466666666666667 0.56 440 440 
0.5 0.9466666666666667 0.5666666666666667 460 460 
0.5 0.9466666666666667 0.5733333333333334 448 448 
0.5 0.9466666666666667 0.58 421 421 
0.5 0.9466666666666667 0.5866666666666667 449 449 
0.5 0.9466666666666667 0.5933333333333334 452 452 
0.5 0.9466666666666667 0.6 450 450 
0.5 0.9466666666666667 0.6066666666666667 436 436 
0.5 0.9466666666666667 0.6133333333333333 412 412 
0.5 0.9466666666666667 0.62 452 452 
0.5 0.9466666666666667 0.6266666666666667 437 437 
0.5 0.9466666666666667 0.6333333333333333 419 419 
0.5 0.9466666666666667 0.64 452 452 
0.5 0.9466666666666667 0.6466666666666666 477 477 
0.5 0.9466666666666667 0.6533333333333333 462 462 
0.5 0.9466666666666667 0.66 446 446 
0.5 0.9466666666666667 0.6666666666666666 472 472 
0.5 0.9466666666666667 0.6733333333333333 449 449 
0.5 0.9466666666666667 0.68 467 467 
0.5 0.9466666666666667 0.6866666666666666 459 459 
0.5 0.9466666666666667 0.6933333333333334 503 503 
0.5 0.9466666666666667 0.7 478 478 
0.5 0.9466666666666667 0.7066666666666667 427 427 
0.5 0.9466666666666667 0.7133333333333334 454 454 
0.5 0.9466666666666667 0.72 421 421 
0.5 0.9466666666666667 0.7266666666666667 429 429 
0.5 0.9466666666666667 0.7333333333333333 471 471 
0.5 0.9466666666666667 0.74 453 453 
0.5 0.9466666666666667 0.7466666666666667 414 414 
0.5 0.9466666666666667 0.7533333333333333 444 444 
0.5 0.9466666666666667 0.76 467 467 
0.5 0.9466666666666667 0.7666666666666667 432 432 
0.5 0.9466666666666667 0.7733333333333333 469 469 
0.5 0.9466666666666667 0.78 438 438 
0.5 0.9466666666666667 0.7866666666666666 498 498 
0.5 0.9466666666666667 0.7933333333333333 472 472 
0.5 0.9466666666666667 0.8 469 469 
0.5 0.9466666666666667 0.8066666666666666 470 470 
0.5 0.9466666666666667 0.8133333333333334 411 411 
0.5 0.9466666666666667 0.82 399 399 
0.5 0.9466666666666667 0.8266666666666667 414 414 
0.5 0.9466666666666667 0.8333333333333334 406 406 
0.5 0.9466666666666667 0.84 443 443 
0.5 0.9466666666666667 0.8466666666666667 440 440 
0.5 0.9466666666666667 0.8533333333333334 426 426 
0.5 0.9466666666666667 0.86 489 489 
0.5 0.9466666666666667 0.8666666666666667 444 444 
0.5 0.9466666666666667 0.8733333333333333 439 439 
0.5 0.9466666666666667 0.88 464 464 
0.5 0.9466666666666667 0.8866666666666667 439 439 
0.5 0.9466666666666667 0.8933333333333333 418 418 
0.5 0.9466666666666667 0.9 432 432 
0.5 0.9466666666666667 0.9066666666666666 455 455 
0.5 0.9466666666666667 0.9133333333333333 438 438 
0.5 0.9466666666666667 0.92 496 496 
0.5 0.9466666666666667 0.9266666666666666 427 427 
0.5 0.9466666666666667 0.9333333333333333 426 426 
0.5 0.9466666666666667 0.94 411 411 
0.5 0.9466666666666667 0.9466666666666667 422 422 
0.5 0.9466666666666667 0.9533333333333334 431 431 
0.5 0.9466666666666667 0.96 461 461 
0.5 0.9466666666666667 0.9666666666666667 438 438 
0.5 0.9466666666666667 0.9733333333333334 468 468 
0.5 0.9466666666666667 0.98 544 544 
0.5 0.9466666666666667 0.9866666666666667 569 569 
0.5 0.9466666666666667 0.9933333333333333 0 0 
0.5 0.9533333333333334 0.0 0 0 
0.5 0.9533333333333334 0.006666666666666667 583 583 
0.5 0.9533333333333334 0.013333333333333334 494 494 
0.5 0.9533333333333334 0.02 516 516 
0.5 0.9533333333333334 0.02666666666666667 470 470 
0.5 0.9533333333333334 0.03333333333333333 485 485 
0.5 0.9533333333333334 0.04 469 469 
0.5 0.9533333333333334 0.04666666666666667 464 464 
0.5 0.9533333333333334 0.05333333333333334 485 485 
0.5 0.9533333333333334 0.06 444 444 
0.5 0.9533333333333334 0.06666666666666667 468 468 
0.5 0.9533333333333334 0.07333333333333333 445 445 
0.5 0.9533333333333334 0.08 449 449 
0.5 0.9533333333333334 0.08666666666666667 438 438 
0.5 0.9533333333333334 0.09333333333333334 425 425 
0.5 0.9533333333333334 0.1 431 431 
0.5 0.9533333333333334 0.10666666666666667 456 456 
0.5 0.9533333333333334 0.11333333333333333 427 427 
0.5 0.9533333333333334 0.12 408 408 
0.5 0.9533333333333334 0.12666666666666668 451 451 
0.5 0.9533333333333334 0.13333333333333333 444 444 
0.5 0.9533333333333334 0.14 460 460 
0.5 0.9533333333333334 0.14666666666666667 450 450 
0.5 0.9533333333333334 0.15333333333333332 471 471 
0.5 0.9533333333333334 0.16 454 454 
0.5 0.9533333333333334 0.16666666666666666 467 467 
0.5 0.9533333333333334 0.17333333333333334 478 478 
0.5 0.9533333333333334 0.18 455 455 
0.5 0.9533333333333334 0.18666666666666668 445 445 
0.5 0.9533333333333334 0.19333333333333333 462 462 
0.5 0.9533333333333334 0.2 440 440 
0.5 0.9533333333333334 0.20666666666666667 463 463 
0.5 0.9533333333333334 0.21333333333333335 476 476 
0.5 0.9533333333333334 0.22 426 426 
0.5 0.9533333333333334 0.22666666666666666 460 460 
0.5 0.9533333333333334 0.23333333333333334 425 425 
0.5 0.9533333333333334 0.24 461 461 
0.5 0.9533333333333334 0.24666666666666667 460 460 
0.5 0.9533333333333334 0.25333333333333335 449 449 
0.5 0.9533333333333334 0.26 453 453 
0.5 0.9533333333333334 0.26666666666666666 444 444 
0.5 0.9533333333333334 0.2733333333333333 384 384 
0.5 0.9533333333333334 0.28 469 469 
0.5 0.9533333333333334 0.2866666666666667 452 452 
0.5 0.9533333333333334 0.29333333333333333 456 456 
0.5 0.9533333333333334 0.3 483 483 
0.5 0.9533333333333334 0.30666666666666664 434 434 
0.5 0.9533333333333334 0.31333333333333335 452 452 
0.5 0.9533333333333334 0.32 449 449 
0.5 0.9533333333333334 0.32666666666666666 445 445 
0.5 0.9533333333333334 0.3333333333333333 457 457 
0.5 0.9533333333333334 0.34 436 436 
0.5 0.9533333333333334 0.3466666666666667 408 408 
0.5 0.9533333333333334 0.35333333333333333 448 448 
0.5 0.9533333333333334 0.36 429 429 
0.5 0.9533333333333334 0.36666666666666664 435 435 
0.5 0.9533333333333334 0.37333333333333335 445 445 
0.5 0.9533333333333334 0.38 454 454 
0.5 0.9533333333333334 0.38666666666666666 468 468 
0.5 0.9533333333333334 0.3933333333333333 448 448 
0.5 0.9533333333333334 0.4 477 477 
0.5 0.9533333333333334 0.4066666666666667 440 440 
0.5 0.9533333333333334 0.41333333333333333 497 497 
0.5 0.9533333333333334 0.42 457 457 
0.5 0.9533333333333334 0.4266666666666667 466 466 
0.5 0.9533333333333334 0.43333333333333335 427 427 
0.5 0.9533333333333334 0.44 409 409 
0.5 0.9533333333333334 0.44666666666666666 501 501 
0.5 0.9533333333333334 0.4533333333333333 428 428 
0.5 0.9533333333333334 0.46 436 436 
0.5 0.9533333333333334 0.4666666666666667 456 456 
0.5 0.9533333333333334 0.47333333333333333 449 449 
0.5 0.9533333333333334 0.48 453 453 
0.5 0.9533333333333334 0.4866666666666667 418 418 
0.5 0.9533333333333334 0.49333333333333335 454 454 
0.5 0.9533333333333334 0.5 408 408 
0.5 0.9533333333333334 0.5066666666666667 437 437 
0.5 0.9533333333333334 0.5133333333333333 463 463 
0.5 0.9533333333333334 0.52 437 437 
0.5 0.9533333333333334 0.5266666666666666 413 413 
0.5 0.9533333333333334 0.5333333333333333 449 449 
0.5 0.9533333333333334 0.54 496 496 
0.5 0.9533333333333334 0.5466666666666666 465 465 
0.5 0.9533333333333334 0.5533333333333333 476 476 
0.5 0.9533333333333334 0.56 452 452 
0.5 0.9533333333333334 0.5666666666666667 445 445 
0.5 0.9533333333333334 0.5733333333333334 448 448 
0.5 0.9533333333333334 0.58 434 434 
0.5 0.9533333333333334 0.5866666666666667 440 440 
0.5 0.9533333333333334 0.5933333333333334 443 443 
0.5 0.9533333333333334 0.6 413 413 
0.5 0.9533333333333334 0.6066666666666667 465 465 
0.5 0.9533333333333334 0.6133333333333333 457 457 
0.5 0.9533333333333334 0.62 415 415 
0.5 0.9533333333333334 0.6266666666666667 415 415 
0.5 0.9533333333333334 0.6333333333333333 456 456 
0.5 0.9533333333333334 0.64 435 435 
0.5 0.9533333333333334 0.6466666666666666 430 430 
0.5 0.9533333333333334 0.6533333333333333 446 446 
0.5 0.9533333333333334 0.66 448 448 
0.5 0.9533333333333334 0.6666666666666666 479 479 
0.5 0.9533333333333334 0.6733333333333333 471 471 
0.5 0.9533333333333334 0.68 447 447 
0.5 0.9533333333333334 0.6866666666666666 439 439 
0.5 0.9533333333333334 0.6933333333333334 449 449 
0.5 0.9533333333333334 0.7 413 413 
0.5 0.9533333333333334 0.7066666666666667 448 448 
0.5 0.9533333333333334 0.7133333333333334 402 402 
0.5 0.9533333333333334 0.72 450 450 
0.5 0.9533333333333334 0.7266666666666667 457 457 
0.5 0.9533333333333334 0.7333333333333333 440 440 
0.5 0.9533333333333334 0.74 445 445 
0.5 0.9533333333333334 0.7466666666666667 432 432 
0.5 0.9533333333333334 0.7533333333333333 451 451 
0.5 0.9533333333333334 0.76 435 435 
0.5 0.9533333333333334 0.7666666666666667 440 440 
0.5 0.9533333333333334 0.7733333333333333 438 438 
0.5 0.9533333333333334 0.78 443 443 
0.5 0.9533333333333334 0.7866666666666666 491 491 
0.5 0.9533333333333334 0.7933333333333333 426 426 
0.5 0.9533333333333334 0.8 449 449 
0.5 0.9533333333333334 0.8066666666666666 459 459 
0.5 0.9533333333333334 0.8133333333333334 435 435 
0.5 0.9533333333333334 0.82 453 453 
0.5 0.9533333333333334 0.8266666666666667 431 431 
0.5 0.9533333333333334 0.8333333333333334 442 442 
0.5 0.9533333333333334 0.84 459 459 
0.5 0.9533333333333334 0.8466666666666667 406 406 
0.5 0.9533333333333334 0.8533333333333334 460 460 
0.5 0.9533333333333334 0.86 385 385 
0.5 0.9533333333333334 0.8666666666666667 442 442 
0.5 0.9533333333333334 0.8733333333333333 435 435 
0.5 0.9533333333333334 0.88 474 474 
0.5 0.9533333333333334 0.8866666666666667 455 455 
0.5 0.9533333333333334 0.8933333333333333 463 463 
0.5 0.9533333333333334 0.9 425 425 
0.5 0.9533333333333334 0.9066666666666666 469 469 
0.5 0.9533333333333334 0.9133333333333333 453 453 
0.5 0.9533333333333334 0.92 445 445 
0.5 0.9533333333333334 0.9266666666666666 433 433 
0.5 0.9533333333333334 0.9333333333333333 448 448 
0.5 0.9533333333333334 0.94 436 436 
0.5 0.9533333333333334 0.9466666666666667 456 456 
0.5 0.9533333333333334 0.9533333333333334 462 462 
0.5 0.9533333333333334 0.96 456 456 
0.5 0.9533333333333334 0.9666666666666667 466 466 
0.5 0.9533333333333334 0.9733333333333334 453 453 
0.5 0.9533333333333334 0.98 457 457 
0.5 0.9533333333333334 0.9866666666666667 600 600 
0.5 0.9533333333333334 0.9933333333333333 0 0 
0.5 0.96 0.0 0 0 
0.5 0.96 0.006666666666666667 571 571 
0.5 0.96 0.013333333333333334 489 489 
0.5 0.96 0.02 459 459 
0.5 0.96 0.02666666666666667 435 435 
0.5 0.96 0.03333333333333333 456 456 
0.5 0.96 0.04 466 466 
0.5 0.96 0.04666666666666667 478 478 
0.5 0.96 0.05333333333333334 486 486 
0.5 0.96 0.06 446 446 
0.5 0.96 0.06666666666666667 443 443 
0.5 0.96 0.07333333333333333 470 470 
0.5 0.96 0.08 451 451 
0.5 0.96 0.08666666666666667 431 431 
0.5 0.96 0.09333333333333334 455 455 
0.5 0.96 0.1 439 439 
0.5 0.96 0.10666666666666667 444 444 
0.5 0.96 0.11333333333333333 455 455 
0.5 0.96 0.12 438 438 
0.5 0.96 0.12666666666666668 449 449 
0.5 0.96 0.13333333333333333 465 465 
0.5 0.96 0.14 440 440 
0.5 0.96 0.14666666666666667 471 471 
0.5 0.96 0.15333333333333332 446 446 
0.5 0.96 0.16 447 447 
0.5 0.96 0.16666666666666666 449 449 
0.5 0.96 0.17333333333333334 445 445 
0.5 0.96 0.18 438 438 
0.5 0.96 0.18666666666666668 455 455 
0.5 0.96 0.19333333333333333 496 496 
0.5 0.96 0.2 447 447 
0.5 0.96 0.20666666666666667 478 478 
0.5 0.96 0.21333333333333335 436 436 
0.5 0.96 0.22 448 448 
0.5 0.96 0.22666666666666666 389 389 
0.5 0.96 0.23333333333333334 469 469 
0.5 0.96 0.24 445 445 
0.5 0.96 0.24666666666666667 438 438 
0.5 0.96 0.25333333333333335 475 475 
0.5 0.96 0.26 422 422 
0.5 0.96 0.26666666666666666 464 464 
0.5 0.96 0.2733333333333333 462 462 
0.5 0.96 0.28 475 475 
0.5 0.96 0.2866666666666667 443 443 
0.5 0.96 0.29333333333333333 442 442 
0.5 0.96 0.3 439 439 
0.5 0.96 0.30666666666666664 437 437 
0.5 0.96 0.31333333333333335 447 447 
0.5 0.96 0.32 447 447 
0.5 0.96 0.32666666666666666 420 420 
0.5 0.96 0.3333333333333333 402 402 
0.5 0.96 0.34 437 437 
0.5 0.96 0.3466666666666667 462 462 
0.5 0.96 0.35333333333333333 449 449 
0.5 0.96 0.36 444 444 
0.5 0.96 0.36666666666666664 486 486 
0.5 0.96 0.37333333333333335 464 464 
0.5 0.96 0.38 438 438 
0.5 0.96 0.38666666666666666 485 485 
0.5 0.96 0.3933333333333333 447 447 
0.5 0.96 0.4 421 421 
0.5 0.96 0.4066666666666667 474 474 
0.5 0.96 0.41333333333333333 476 476 
0.5 0.96 0.42 434 434 
0.5 0.96 0.4266666666666667 454 454 
0.5 0.96 0.43333333333333335 444 444 
0.5 0.96 0.44 466 466 
0.5 0.96 0.44666666666666666 447 447 
0.5 0.96 0.4533333333333333 465 465 
0.5 0.96 0.46 452 452 
0.5 0.96 0.4666666666666667 473 473 
0.5 0.96 0.47333333333333333 418 418 
0.5 0.96 0.48 462 462 
0.5 0.96 0.4866666666666667 451 451 
0.5 0.96 0.49333333333333335 456 456 
0.5 0.96 0.5 475 475 
0.5 0.96 0.5066666666666667 459 459 
0.5 0.96 0.5133333333333333 463 463 
0.5 0.96 0.52 472 472 
0.5 0.96 0.5266666666666666 511 511 
0.5 0.96 0.5333333333333333 441 441 
0.5 0.96 0.54 499 499 
0.5 0.96 0.5466666666666666 480 480 
0.5 0.96 0.5533333333333333 442 442 
0.5 0.96 0.56 458 458 
0.5 0.96 0.5666666666666667 481 481 
0.5 0.96 0.5733333333333334 440 440 
0.5 0.96 0.58 402 402 
0.5 0.96 0.5866666666666667 431 431 
0.5 0.96 0.5933333333333334 444 444 
0.5 0.96 0.6 460 460 
0.5 0.96 0.6066666666666667 469 469 
0.5 0.96 0.6133333333333333 475 475 
0.5 0.96 0.62 461 461 
0.5 0.96 0.6266666666666667 447 447 
0.5 0.96 0.6333333333333333 422 422 
0.5 0.96 0.64 423 423 
0.5 0.96 0.6466666666666666 423 423 
0.5 0.96 0.6533333333333333 408 408 
0.5 0.96 0.66 469 469 
0.5 0.96 0.6666666666666666 475 475 
0.5 0.96 0.6733333333333333 463 463 
0.5 0.96 0.68 459 459 
0.5 0.96 0.6866666666666666 442 442 
0.5 0.96 0.6933333333333334 437 437 
0.5 0.96 0.7 430 430 
0.5 0.96 0.7066666666666667 500 500 
0.5 0.96 0.7133333333333334 471 471 
0.5 0.96 0.72 456 456 
0.5 0.96 0.7266666666666667 423 423 
0.5 0.96 0.7333333333333333 441 441 
0.5 0.96 0.74 420 420 
0.5 0.96 0.7466666666666667 437 437 
0.5 0.96 0.7533333333333333 440 440 
0.5 0.96 0.76 451 451 
0.5 0.96 0.7666666666666667 458 458 
0.5 0.96 0.7733333333333333 486 486 
0.5 0.96 0.78 420 420 
0.5 0.96 0.7866666666666666 466 466 
0.5 0.96 0.7933333333333333 421 421 
0.5 0.96 0.8 446 446 
0.5 0.96 0.8066666666666666 423 423 
0.5 0.96 0.8133333333333334 425 425 
0.5 0.96 0.82 431 431 
0.5 0.96 0.8266666666666667 425 425 
0.5 0.96 0.8333333333333334 423 423 
0.5 0.96 0.84 452 452 
0.5 0.96 0.8466666666666667 469 469 
0.5 0.96 0.8533333333333334 444 444 
0.5 0.96 0.86 422 422 
0.5 0.96 0.8666666666666667 430 430 
0.5 0.96 0.8733333333333333 450 450 
0.5 0.96 0.88 450 450 
0.5 0.96 0.8866666666666667 467 467 
0.5 0.96 0.8933333333333333 440 440 
0.5 0.96 0.9 441 441 
0.5 0.96 0.9066666666666666 444 444 
0.5 0.96 0.9133333333333333 461 461 
0.5 0.96 0.92 425 425 
0.5 0.96 0.9266666666666666 464 464 
0.5 0.96 0.9333333333333333 468 468 
0.5 0.96 0.94 446 446 
0.5 0.96 0.9466666666666667 467 467 
0.5 0.96 0.9533333333333334 471 471 
0.5 0.96 0.96 439 439 
0.5 0.96 0.9666666666666667 476 476 
0.5 0.96 0.9733333333333334 456 456 
0.5 0.96 0.98 454 454 
0.5 0.96 0.9866666666666667 551 551 
0.5 0.96 0.9933333333333333 0 0 
0.5 0.9666666666666667 0.0 0 0 
0.5 0.9666666666666667 0.006666666666666667 589 589 
0.5 0.9666666666666667 0.013333333333333334 484 484 
0.5 0.9666666666666667 0.02 422 422 
0.5 0.9666666666666667 0.02666666666666667 447 447 
0.5 0.9666666666666667 0.03333333333333333 476 476 
0.5 0.9666666666666667 0.04 428 428 
0.5 0.9666666666666667 0.04666666666666667 469 469 
0.5 0.9666666666666667 0.05333333333333334 434 434 
0.5 0.9666666666666667 0.06 455 455 
0.5 0.9666666666666667 0.06666666666666667 467 467 
0.5 0.9666666666666667 0.07333333333333333 440 440 
0.5 0.9666666666666667 0.08 502 502 
0.5 0.9666666666666667 0.08666666666666667 457 457 
0.5 0.9666666666666667 0.09333333333333334 447 447 
0.5 0.9666666666666667 0.1 411 411 
0.5 0.9666666666666667 0.10666666666666667 420 420 
0.5 0.9666666666666667 0.11333333333333333 415 415 
0.5 0.9666666666666667 0.12 436 436 
0.5 0.9666666666666667 0.12666666666666668 459 459 
0.5 0.9666666666666667 0.13333333333333333 433 433 
0.5 0.9666666666666667 0.14 426 426 
0.5 0.9666666666666667 0.14666666666666667 407 407 
0.5 0.9666666666666667 0.15333333333333332 430 430 
0.5 0.9666666666666667 0.16 438 438 
0.5 0.9666666666666667 0.16666666666666666 463 463 
0.5 0.9666666666666667 0.17333333333333334 448 448 
0.5 0.9666666666666667 0.18 459 459 
0.5 0.9666666666666667 0.18666666666666668 434 434 
0.5 0.9666666666666667 0.19333333333333333 465 465 
0.5 0.9666666666666667 0.2 487 487 
0.5 0.9666666666666667 0.20666666666666667 446 446 
0.5 0.9666666666666667 0.21333333333333335 471 471 
0.5 0.9666666666666667 0.22 432 432 
0.5 0.9666666666666667 0.22666666666666666 508 508 
0.5 0.9666666666666667 0.23333333333333334 443 443 
0.5 0.9666666666666667 0.24 415 415 
0.5 0.9666666666666667 0.24666666666666667 473 473 
0.5 0.9666666666666667 0.25333333333333335 416 416 
0.5 0.9666666666666667 0.26 462 462 
0.5 0.9666666666666667 0.26666666666666666 454 454 
0.5 0.9666666666666667 0.2733333333333333 437 437 
0.5 0.9666666666666667 0.28 472 472 
0.5 0.9666666666666667 0.2866666666666667 458 458 
0.5 0.9666666666666667 0.29333333333333333 424 424 
0.5 0.9666666666666667 0.3 467 467 
0.5 0.9666666666666667 0.30666666666666664 447 447 
0.5 0.9666666666666667 0.31333333333333335 463 463 
0.5 0.9666666666666667 0.32 405 405 
0.5 0.9666666666666667 0.32666666666666666 435 435 
0.5 0.9666666666666667 0.3333333333333333 446 446 
0.5 0.9666666666666667 0.34 441 441 
0.5 0.9666666666666667 0.3466666666666667 449 449 
0.5 0.9666666666666667 0.35333333333333333 452 452 
0.5 0.9666666666666667 0.36 459 459 
0.5 0.9666666666666667 0.36666666666666664 452 452 
0.5 0.9666666666666667 0.37333333333333335 448 448 
0.5 0.9666666666666667 0.38 465 465 
0.5 0.9666666666666667 0.38666666666666666 472 472 
0.5 0.9666666666666667 0.3933333333333333 476 476 
0.5 0.9666666666666667 0.4 453 453 
0.5 0.9666666666666667 0.4066666666666667 460 460 
0.5 0.9666666666666667 0.41333333333333333 436 436 
0.5 0.9666666666666667 0.42 441 441 
0.5 0.9666666666666667 0.4266666666666667 450 450 
0.5 0.9666666666666667 0.43333333333333335 452 452 
0.5 0.9666666666666667 0.44 524 524 
0.5 0.9666666666666667 0.44666666666666666 429 429 
0.5 0.9666666666666667 0.4533333333333333 495 495 
0.5 0.9666666666666667 0.46 451 451 
0.5 0.9666666666666667 0.4666666666666667 447 447 
0.5 0.9666666666666667 0.47333333333333333 486 486 
0.5 0.9666666666666667 0.48 462 462 
0.5 0.9666666666666667 0.4866666666666667 442 442 
0.5 0.9666666666666667 0.49333333333333335 468 468 
0.5 0.9666666666666667 0.5 443 443 
0.5 0.9666666666666667 0.5066666666666667 481 481 
0.5 0.9666666666666667 0.5133333333333333 473 473 
0.5 0.9666666666666667 0.52 442 442 
0.5 0.9666666666666667 0.5266666666666666 465 465 
0.5 0.9666666666666667 0.5333333333333333 471 471 
0.5 0.9666666666666667 0.54 466 466 
0.5 0.9666666666666667 0.5466666666666666 407 407 
0.5 0.9666666666666667 0.5533333333333333 445 445 
0.5 0.9666666666666667 0.56 486 486 
0.5 0.9666666666666667 0.5666666666666667 448 448 
0.5 0.9666666666666667 0.5733333333333334 496 496 
0.5 0.9666666666666667 0.58 464 464 
0.5 0.9666666666666667 0.5866666666666667 497 497 
0.5 0.9666666666666667 0.5933333333333334 460 460 
0.5 0.9666666666666667 0.6 412 412 
0.5 0.9666666666666667 0.6066666666666667 476 476 
0.5 0.9666666666666667 0.6133333333333333 410 410 
0.5 0.9666666666666667 0.62 474 474 
0.5 0.9666666666666667 0.6266666666666667 423 423 
0.5 0.9666666666666667 0.6333333333333333 444 444 
0.5 0.9666666666666667 0.64 472 472 
0.5 0.9666666666666667 0.6466666666666666 476 476 
0.5 0.9666666666666667 0.6533333333333333 423 423 
0.5 0.9666666666666667 0.66 463 463 
0.5 0.9666666666666667 0.6666666666666666 457 457 
0.5 0.9666666666666667 0.6733333333333333 445 445 
0.5 0.9666666666666667 0.68 432 432 
0.5 0.9666666666666667 0.6866666666666666 449 449 
0.5 0.9666666666666667 0.6933333333333334 469 469 
0.5 0.9666666666666667 0.7 426 426 
0.5 0.9666666666666667 0.7066666666666667 443 443 
0.5 0.9666666666666667 0.7133333333333334 444 444 
0.5 0.9666666666666667 0.72 442 442 
0.5 0.9666666666666667 0.7266666666666667 446 446 
0.5 0.9666666666666667 0.7333333333333333 429 429 
0.5 0.9666666666666667 0.74 427 427 
0.5 0.9666666666666667 0.7466666666666667 479 479 
0.5 0.9666666666666667 0.7533333333333333 473 473 
0.5 0.9666666666666667 0.76 472 472 
0.5 0.9666666666666667 0.7666666666666667 437 437 
0.5 0.9666666666666667 0.7733333333333333 438 438 
0.5 0.9666666666666667 0.78 441 441 
0.5 0.9666666666666667 0.7866666666666666 440 440 
0.5 0.9666666666666667 0.7933333333333333 441 441 
0.5 0.9666666666666667 0.8 446 446 
0.5 0.9666666666666667 0.8066666666666666 404 404 
0.5 0.9666666666666667 0.8133333333333334 434 434 
0.5 0.9666666666666667 0.82 442 442 
0.5 0.9666666666666667 0.8266666666666667 441 441 
0.5 0.9666666666666667 0.8333333333333334 425 425 
0.5 0.9666666666666667 0.84 458 458 
0.5 0.9666666666666667 0.8466666666666667 464 464 
0.5 0.9666666666666667 0.8533333333333334 476 476 
0.5 0.9666666666666667 0.86 424 424 
0.5 0.9666666666666667 0.8666666666666667 421 421 
0.5 0.9666666666666667 0.8733333333333333 411 411 
0.5 0.9666666666666667 0.88 432 432 
0.5 0.9666666666666667 0.8866666666666667 457 457 
0.5 0.9666666666666667 0.8933333333333333 402 402 
0.5 0.9666666666666667 0.9 457 457 
0.5 0.9666666666666667 0.9066666666666666 465 465 
0.5 0.9666666666666667 0.9133333333333333 433 433 
0.5 0.9666666666666667 0.92 438 438 
0.5 0.9666666666666667 0.9266666666666666 431 431 
0.5 0.9666666666666667 0.9333333333333333 473 473 
0.5 0.9666666666666667 0.94 473 473 
0.5 0.9666666666666667 0.9466666666666667 454 454 
0.5 0.9666666666666667 0.9533333333333334 437 437 
0.5 0.9666666666666667 0.96 425 425 
0.5 0.9666666666666667 0.9666666666666667 460 460 
0.5 0.9666666666666667 0.9733333333333334 443 443 
0.5 0.9666666666666667 0.98 455 455 
0.5 0.9666666666666667 0.9866666666666667 535 535 
0.5 0.9666666666666667 0.9933333333333333 0 0 
0.5 0.9733333333333334 0.0 0 0 
0.5 0.9733333333333334 0.006666666666666667 569 569 
0.5 0.9733333333333334 0.013333333333333334 439 439 
0.5 0.9733333333333334 0.02 421 421 
0.5 0.9733333333333334 0.02666666666666667 431 431 
0.5 0.9733333333333334 0.03333333333333333 439 439 
0.5 0.9733333333333334 0.04 462 462 
0.5 0.9733333333333334 0.04666666666666667 424 424 
0.5 0.9733333333333334 0.05333333333333334 464 464 
0.5 0.9733333333333334 0.06 439 439 
0.5 0.9733333333333334 0.06666666666666667 486 486 
0.5 0.9733333333333334 0.07333333333333333 471 471 
0.5 0.9733333333333334 0.08 420 420 
0.5 0.9733333333333334 0.08666666666666667 451 451 
0.5 0.9733333333333334 0.09333333333333334 408 408 
0.5 0.9733333333333334 0.1 452 452 
0.5 0.9733333333333334 0.10666666666666667 474 474 
0.5 0.9733333333333334 0.11333333333333333 409 409 
0.5 0.9733333333333334 0.12 442 442 
0.5 0.9733333333333334 0.12666666666666668 415 415 
0.5 0.9733333333333334 0.13333333333333333 455 455 
0.5 0.9733333333333334 0.14 422 422 
0.5 0.9733333333333334 0.14666666666666667 452 452 
0.5 0.9733333333333334 0.15333333333333332 431 431 
0.5 0.9733333333333334 0.16 423 423 
0.5 0.9733333333333334 0.16666666666666666 447 447 
0.5 0.9733333333333334 0.17333333333333334 461 461 
0.5 0.9733333333333334 0.18 460 460 
0.5 0.9733333333333334 0.18666666666666668 458 458 
0.5 0.9733333333333334 0.19333333333333333 461 461 
0.5 0.9733333333333334 0.2 462 462 
0.5 0.9733333333333334 0.20666666666666667 420 420 
0.5 0.9733333333333334 0.21333333333333335 473 473 
0.5 0.9733333333333334 0.22 447 447 
0.5 0.9733333333333334 0.22666666666666666 423 423 
0.5 0.9733333333333334 0.23333333333333334 412 412 
0.5 0.9733333333333334 0.24 452 452 
0.5 0.9733333333333334 0.24666666666666667 428 428 
0.5 0.9733333333333334 0.25333333333333335 451 451 
0.5 0.9733333333333334 0.26 452 452 
0.5 0.9733333333333334 0.26666666666666666 466 466 
0.5 0.9733333333333334 0.2733333333333333 434 434 
0.5 0.9733333333333334 0.28 463 463 
0.5 0.9733333333333334 0.2866666666666667 460 460 
0.5 0.9733333333333334 0.29333333333333333 455 455 
0.5 0.9733333333333334 0.3 430 430 
0.5 0.9733333333333334 0.30666666666666664 439 439 
0.5 0.9733333333333334 0.31333333333333335 430 430 
0.5 0.9733333333333334 0.32 460 460 
0.5 0.9733333333333334 0.32666666666666666 440 440 
0.5 0.9733333333333334 0.3333333333333333 511 511 
0.5 0.9733333333333334 0.34 431 431 
0.5 0.9733333333333334 0.3466666666666667 443 443 
0.5 0.9733333333333334 0.35333333333333333 444 444 
0.5 0.9733333333333334 0.36 501 501 
0.5 0.9733333333333334 0.36666666666666664 436 436 
0.5 0.9733333333333334 0.37333333333333335 465 465 
0.5 0.9733333333333334 0.38 496 496 
0.5 0.9733333333333334 0.38666666666666666 478 478 
0.5 0.9733333333333334 0.3933333333333333 431 431 
0.5 0.9733333333333334 0.4 463 463 
0.5 0.9733333333333334 0.4066666666666667 388 388 
0.5 0.9733333333333334 0.41333333333333333 454 454 
0.5 0.9733333333333334 0.42 421 421 
0.5 0.9733333333333334 0.4266666666666667 484 484 
0.5 0.9733333333333334 0.43333333333333335 488 488 
0.5 0.9733333333333334 0.44 451 451 
0.5 0.9733333333333334 0.44666666666666666 442 442 
0.5 0.9733333333333334 0.4533333333333333 474 474 
0.5 0.9733333333333334 0.46 472 472 
0.5 0.9733333333333334 0.4666666666666667 485 485 
0.5 0.9733333333333334 0.47333333333333333 444 444 
0.5 0.9733333333333334 0.48 479 479 
0.5 0.9733333333333334 0.4866666666666667 434 434 
0.5 0.9733333333333334 0.49333333333333335 519 519 
0.5 0.9733333333333334 0.5 465 465 
0.5 0.9733333333333334 0.5066666666666667 440 440 
0.5 0.9733333333333334 0.5133333333333333 482 482 
0.5 0.9733333333333334 0.52 466 466 
0.5 0.9733333333333334 0.5266666666666666 469 469 
0.5 0.9733333333333334 0.5333333333333333 438 438 
0.5 0.9733333333333334 0.54 432 432 
0.5 0.9733333333333334 0.5466666666666666 477 477 
0.5 0.9733333333333334 0.5533333333333333 446 446 
0.5 0.9733333333333334 0.56 478 478 
0.5 0.9733333333333334 0.5666666666666667 461 461 
0.5 0.9733333333333334 0.5733333333333334 450 450 
0.5 0.9733333333333334 0.58 503 503 
0.5 0.9733333333333334 0.5866666666666667 439 439 
0.5 0.9733333333333334 0.5933333333333334 427 427 
0.5 0.9733333333333334 0.6 439 439 
0.5 0.9733333333333334 0.6066666666666667 432 432 
0.5 0.9733333333333334 0.6133333333333333 475 475 
0.5 0.9733333333333334 0.62 442 442 
0.5 0.9733333333333334 0.6266666666666667 487 487 
0.5 0.9733333333333334 0.6333333333333333 473 473 
0.5 0.9733333333333334 0.64 445 445 
0.5 0.9733333333333334 0.6466666666666666 475 475 
0.5 0.9733333333333334 0.6533333333333333 482 482 
0.5 0.9733333333333334 0.66 451 451 
0.5 0.9733333333333334 0.6666666666666666 376 376 
0.5 0.9733333333333334 0.6733333333333333 444 444 
0.5 0.9733333333333334 0.68 438 438 
0.5 0.9733333333333334 0.6866666666666666 411 411 
0.5 0.9733333333333334 0.6933333333333334 444 444 
0.5 0.9733333333333334 0.7 405 405 
0.5 0.9733333333333334 0.7066666666666667 428 428 
0.5 0.9733333333333334 0.7133333333333334 424 424 
0.5 0.9733333333333334 0.72 465 465 
0.5 0.9733333333333334 0.7266666666666667 453 453 
0.5 0.9733333333333334 0.7333333333333333 452 452 
0.5 0.9733333333333334 0.74 448 448 
0.5 0.9733333333333334 0.7466666666666667 489 489 
0.5 0.9733333333333334 0.7533333333333333 427 427 
0.5 0.9733333333333334 0.76 468 468 
0.5 0.9733333333333334 0.7666666666666667 422 422 
0.5 0.9733333333333334 0.7733333333333333 439 439 
0.5 0.9733333333333334 0.78 464 464 
0.5 0.9733333333333334 0.7866666666666666 451 451 
0.5 0.9733333333333334 0.7933333333333333 399 399 
0.5 0.9733333333333334 0.8 470 470 
0.5 0.9733333333333334 0.8066666666666666 469 469 
0.5 0.9733333333333334 0.8133333333333334 428 428 
0.5 0.9733333333333334 0.82 484 484 
0.5 0.9733333333333334 0.8266666666666667 460 460 
0.5 0.9733333333333334 0.8333333333333334 495 495 
0.5 0.9733333333333334 0.84 451 451 
0.5 0.9733333333333334 0.8466666666666667 435 435 
0.5 0.9733333333333334 0.8533333333333334 444 444 
0.5 0.9733333333333334 0.86 453 453 
0.5 0.9733333333333334 0.8666666666666667 423 423 
0.5 0.9733333333333334 0.8733333333333333 420 420 
0.5 0.9733333333333334 0.88 454 454 
0.5 0.9733333333333334 0.8866666666666667 443 443 
0.5 0.9733333333333334 0.8933333333333333 449 449 
0.5 0.9733333333333334 0.9 465 465 
0.5 0.9733333333333334 0.9066666666666666 466 466 
0.5 0.9733333333333334 0.9133333333333333 467 467 
0.5 0.9733333333333334 0.92 477 477 
0.5 0.9733333333333334 0.9266666666666666 450 450 
0.5 0.9733333333333334 0.9333333333333333 441 441 
0.5 0.9733333333333334 0.94 413 413 
0.5 0.9733333333333334 0.9466666666666667 429 429 
0.5 0.9733333333333334 0.9533333333333334 533 533 
0.5 0.9733333333333334 0.96 423 423 
0.5 0.9733333333333334 0.9666666666666667 470 470 
0.5 0.9733333333333334 0.9733333333333334 412 412 
0.5 0.9733333333333334 0.98 441 441 
0.5 0.9733333333333334 0.9866666666666667 470 470 
0.5 0.9733333333333334 0.9933333333333333 0 0 
0.5 0.98 0.0 0 0 
0.5 0.98 0.006666666666666667 565 565 
0.5 0.98 0.013333333333333334 455 455 
0.5 0.98 0.02 456 456 
0.5 0.98 0.02666666666666667 461 461 
0.5 0.98 0.03333333333333333 488 488 
0.5 0.98 0.04 425 425 
0.5 0.98 0.04666666666666667 459 459 
0.5 0.98 0.05333333333333334 459 459 
0.5 0.98 0.06 466 466 
0.5 0.98 0.06666666666666667 452 452 
0.5 0.98 0.07333333333333333 492 492 
0.5 0.98 0.08 501 501 
0.5 0.98 0.08666666666666667 451 451 
0.5 0.98 0.09333333333333334 508 508 
0.5 0.98 0.1 450 450 
0.5 0.98 0.10666666666666667 446 446 
0.5 0.98 0.11333333333333333 440 440 
0.5 0.98 0.12 466 466 
0.5 0.98 0.12666666666666668 436 436 
0.5 0.98 0.13333333333333333 442 442 
0.5 0.98 0.14 460 460 
0.5 0.98 0.14666666666666667 467 467 
0.5 0.98 0.15333333333333332 497 497 
0.5 0.98 0.16 425 425 
0.5 0.98 0.16666666666666666 470 470 
0.5 0.98 0.17333333333333334 421 421 
0.5 0.98 0.18 439 439 
0.5 0.98 0.18666666666666668 446 446 
0.5 0.98 0.19333333333333333 461 461 
0.5 0.98 0.2 430 430 
0.5 0.98 0.20666666666666667 432 432 
0.5 0.98 0.21333333333333335 447 447 
0.5 0.98 0.22 477 477 
0.5 0.98 0.22666666666666666 454 454 
0.5 0.98 0.23333333333333334 464 464 
0.5 0.98 0.24 468 468 
0.5 0.98 0.24666666666666667 460 460 
0.5 0.98 0.25333333333333335 437 437 
0.5 0.98 0.26 457 457 
0.5 0.98 0.26666666666666666 476 476 
0.5 0.98 0.2733333333333333 480 480 
0.5 0.98 0.28 461 461 
0.5 0.98 0.2866666666666667 454 454 
0.5 0.98 0.29333333333333333 477 477 
0.5 0.98 0.3 451 451 
0.5 0.98 0.30666666666666664 438 438 
0.5 0.98 0.31333333333333335 446 446 
0.5 0.98 0.32 453 453 
0.5 0.98 0.32666666666666666 435 435 
0.5 0.98 0.3333333333333333 446 446 
0.5 0.98 0.34 476 476 
0.5 0.98 0.3466666666666667 451 451 
0.5 0.98 0.35333333333333333 469 469 
0.5 0.98 0.36 432 432 
0.5 0.98 0.36666666666666664 467 467 
0.5 0.98 0.37333333333333335 416 416 
0.5 0.98 0.38 450 450 
0.5 0.98 0.38666666666666666 463 463 
0.5 0.98 0.3933333333333333 467 467 
0.5 0.98 0.4 415 415 
0.5 0.98 0.4066666666666667 402 402 
0.5 0.98 0.41333333333333333 436 436 
0.5 0.98 0.42 442 442 
0.5 0.98 0.4266666666666667 486 486 
0.5 0.98 0.43333333333333335 462 462 
0.5 0.98 0.44 470 470 
0.5 0.98 0.44666666666666666 472 472 
0.5 0.98 0.4533333333333333 482 482 
0.5 0.98 0.46 444 444 
0.5 0.98 0.4666666666666667 440 440 
0.5 0.98 0.47333333333333333 463 463 
0.5 0.98 0.48 428 428 
0.5 0.98 0.4866666666666667 449 449 
0.5 0.98 0.49333333333333335 428 428 
0.5 0.98 0.5 513 513 
0.5 0.98 0.5066666666666667 466 466 
0.5 0.98 0.5133333333333333 446 446 
0.5 0.98 0.52 465 465 
0.5 0.98 0.5266666666666666 462 462 
0.5 0.98 0.5333333333333333 430 430 
0.5 0.98 0.54 460 460 
0.5 0.98 0.5466666666666666 431 431 
0.5 0.98 0.5533333333333333 407 407 
0.5 0.98 0.56 442 442 
0.5 0.98 0.5666666666666667 456 456 
0.5 0.98 0.5733333333333334 469 469 
0.5 0.98 0.58 459 459 
0.5 0.98 0.5866666666666667 454 454 
0.5 0.98 0.5933333333333334 464 464 
0.5 0.98 0.6 424 424 
0.5 0.98 0.6066666666666667 480 480 
0.5 0.98 0.6133333333333333 485 485 
0.5 0.98 0.62 451 451 
0.5 0.98 0.6266666666666667 493 493 
0.5 0.98 0.6333333333333333 456 456 
0.5 0.98 0.64 447 447 
0.5 0.98 0.6466666666666666 455 455 
0.5 0.98 0.6533333333333333 455 455 
0.5 0.98 0.66 436 436 
0.5 0.98 0.6666666666666666 470 470 
0.5 0.98 0.6733333333333333 429 429 
0.5 0.98 0.68 448 448 
0.5 0.98 0.6866666666666666 424 424 
0.5 0.98 0.6933333333333334 439 439 
0.5 0.98 0.7 456 456 
0.5 0.98 0.7066666666666667 412 412 
0.5 0.98 0.7133333333333334 449 449 
0.5 0.98 0.72 452 452 
0.5 0.98 0.7266666666666667 437 437 
0.5 0.98 0.7333333333333333 445 445 
0.5 0.98 0.74 465 465 
0.5 0.98 0.7466666666666667 457 457 
0.5 0.98 0.7533333333333333 468 468 
0.5 0.98 0.76 449 449 
0.5 0.98 0.7666666666666667 463 463 
0.5 0.98 0.7733333333333333 449 449 
0.5 0.98 0.78 435 435 
0.5 0.98 0.7866666666666666 458 458 
0.5 0.98 0.7933333333333333 445 445 
0.5 0.98 0.8 425 425 
0.5 0.98 0.8066666666666666 438 438 
0.5 0.98 0.8133333333333334 453 453 
0.5 0.98 0.82 482 482 
0.5 0.98 0.8266666666666667 471 471 
0.5 0.98 0.8333333333333334 475 475 
0.5 0.98 0.84 450 450 
0.5 0.98 0.8466666666666667 440 440 
0.5 0.98 0.8533333333333334 422 422 
0.5 0.98 0.86 463 463 
0.5 0.98 0.8666666666666667 408 408 
0.5 0.98 0.8733333333333333 408 408 
0.5 0.98 0.88 453 453 
0.5 0.98 0.8866666666666667 450 450 
0.5 0.98 0.8933333333333333 445 445 
0.5 0.98 0.9 432 432 
0.5 0.98 0.9066666666666666 426 426 
0.5 0.98 0.9133333333333333 437 437 
0.5 0.98 0.92 460 460 
0.5 0.98 0.9266666666666666 415 415 
0.5 0.98 0.9333333333333333 451 451 
0.5 0.98 0.94 423 423 
0.5 0.98 0.9466666666666667 459 459 
0.5 0.98 0.9533333333333334 423 423 
0.5 0.98 0.96 444 444 
0.5 0.98 0.9666666666666667 452 452 
0.5 0.98 0.9733333333333334 440 440 
0.5 0.98 0.98 431 431 
0.5 0.98 0.9866666666666667 529 529 
0.5 0.98 0.9933333333333333 0 0 
0.5 0.9866666666666667 0.0 0 0 
0.5 0.9866666666666667 0.006666666666666667 516 516 
0.5 0.9866666666666667 0.013333333333333334 410 410 
0.5 0.9866666666666667 0.02 450 450 
0.5 0.9866666666666667 0.02666666666666667 464 464 
0.5 0.9866666666666667 0.03333333333333333 433 433 
0.5 0.9866666666666667 0.04 425 425 
0.5 0.9866666666666667 0.04666666666666667 470 470 
0.5 0.9866666666666667 0.05333333333333334 459 459 
0.5 0.9866666666666667 0.06 439 439 
0.5 0.9866666666666667 0.06666666666666667 518 518 
0.5 0.9866666666666667 0.07333333333333333 453 453 
0.5 0.9866666666666667 0.08 436 436 
0.5 0.9866666666666667 0.08666666666666667 479 479 
0.5 0.9866666666666667 0.09333333333333334 499 499 
0.5 0.9866666666666667 0.1 439 439 
0.5 0.9866666666666667 0.10666666666666667 418 418 
0.5 0.9866666666666667 0.11333333333333333 468 468 
0.5 0.9866666666666667 0.12 413 413 
0.5 0.9866666666666667 0.12666666666666668 445 445 
0.5 0.9866666666666667 0.13333333333333333 496 496 
0.5 0.9866666666666667 0.14 477 477 
0.5 0.9866666666666667 0.14666666666666667 473 473 
0.5 0.9866666666666667 0.15333333333333332 473 473 
0.5 0.9866666666666667 0.16 478 478 
0.5 0.9866666666666667 0.16666666666666666 470 470 
0.5 0.9866666666666667 0.17333333333333334 428 428 
0.5 0.9866666666666667 0.18 467 467 
0.5 0.9866666666666667 0.18666666666666668 424 424 
0.5 0.9866666666666667 0.19333333333333333 444 444 
0.5 0.9866666666666667 0.2 419 419 
0.5 0.9866666666666667 0.20666666666666667 455 455 
0.5 0.9866666666666667 0.21333333333333335 399 399 
0.5 0.9866666666666667 0.22 432 432 
0.5 0.9866666666666667 0.22666666666666666 442 442 
0.5 0.9866666666666667 0.23333333333333334 442 442 
0.5 0.9866666666666667 0.24 435 435 
0.5 0.9866666666666667 0.24666666666666667 445 445 
0.5 0.9866666666666667 0.25333333333333335 457 457 
0.5 0.9866666666666667 0.26 442 442 
0.5 0.9866666666666667 0.26666666666666666 447 447 
0.5 0.9866666666666667 0.2733333333333333 479 479 
0.5 0.9866666666666667 0.28 484 484 
0.5 0.9866666666666667 0.2866666666666667 449 449 
0.5 0.9866666666666667 0.29333333333333333 490 490 
0.5 0.9866666666666667 0.3 464 464 
0.5 0.9866666666666667 0.30666666666666664 476 476 
0.5 0.9866666666666667 0.31333333333333335 460 460 
0.5 0.9866666666666667 0.32 413 413 
0.5 0.9866666666666667 0.32666666666666666 445 445 
0.5 0.9866666666666667 0.3333333333333333 426 426 
0.5 0.9866666666666667 0.34 451 451 
0.5 0.9866666666666667 0.3466666666666667 478 478 
0.5 0.9866666666666667 0.35333333333333333 483 483 
0.5 0.9866666666666667 0.36 479 479 
0.5 0.9866666666666667 0.36666666666666664 468 468 
0.5 0.9866666666666667 0.37333333333333335 462 462 
0.5 0.9866666666666667 0.38 404 404 
0.5 0.9866666666666667 0.38666666666666666 426 426 
0.5 0.9866666666666667 0.3933333333333333 417 417 
0.5 0.9866666666666667 0.4 447 447 
0.5 0.9866666666666667 0.4066666666666667 434 434 
0.5 0.9866666666666667 0.41333333333333333 433 433 
0.5 0.9866666666666667 0.42 440 440 
0.5 0.9866666666666667 0.4266666666666667 459 459 
0.5 0.9866666666666667 0.43333333333333335 451 451 
0.5 0.9866666666666667 0.44 452 452 
0.5 0.9866666666666667 0.44666666666666666 433 433 
0.5 0.9866666666666667 0.4533333333333333 441 441 
0.5 0.9866666666666667 0.46 487 487 
0.5 0.9866666666666667 0.4666666666666667 476 476 
0.5 0.9866666666666667 0.47333333333333333 441 441 
0.5 0.9866666666666667 0.48 432 432 
0.5 0.9866666666666667 0.4866666666666667 444 444 
0.5 0.9866666666666667 0.49333333333333335 451 451 
0.5 0.9866666666666667 0.5 461 461 
0.5 0.9866666666666667 0.5066666666666667 502 502 
0.5 0.9866666666666667 0.5133333333333333 465 465 
0.5 0.9866666666666667 0.52 420 420 
0.5 0.9866666666666667 0.5266666666666666 440 440 
0.5 0.9866666666666667 0.5333333333333333 414 414 
0.5 0.9866666666666667 0.54 426 426 
0.5 0.9866666666666667 0.5466666666666666 420 420 
0.5 0.9866666666666667 0.5533333333333333 431 431 
0.5 0.9866666666666667 0.56 428 428 
0.5 0.9866666666666667 0.5666666666666667 422 422 
0.5 0.9866666666666667 0.5733333333333334 449 449 
0.5 0.9866666666666667 0.58 427 427 
0.5 0.9866666666666667 0.5866666666666667 466 466 
0.5 0.9866666666666667 0.5933333333333334 445 445 
0.5 0.9866666666666667 0.6 496 496 
0.5 0.9866666666666667 0.6066666666666667 470 470 
0.5 0.9866666666666667 0.6133333333333333 460 460 
0.5 0.9866666666666667 0.62 469 469 
0.5 0.9866666666666667 0.6266666666666667 457 457 
0.5 0.9866666666666667 0.6333333333333333 466 466 
0.5 0.9866666666666667 0.64 458 458 
0.5 0.9866666666666667 0.6466666666666666 449 449 
0.5 0.9866666666666667 0.6533333333333333 453 453 
0.5 0.9866666666666667 0.66 440 440 
0.5 0.9866666666666667 0.6666666666666666 460 460 
0.5 0.9866666666666667 0.6733333333333333 470 470 
0.5 0.9866666666666667 0.68 438 438 
0.5 0.9866666666666667 0.6866666666666666 424 424 
0.5 0.9866666666666667 0.6933333333333334 440 440 
0.5 0.9866666666666667 0.7 467 467 
0.5 0.9866666666666667 0.7066666666666667 443 443 
0.5 0.9866666666666667 0.7133333333333334 456 456 
0.5 0.9866666666666667 0.72 451 451 
0.5 0.9866666666666667 0.7266666666666667 450 450 
0.5 0.9866666666666667 0.7333333333333333 477 477 
0.5 0.9866666666666667 0.74 451 451 
0.5 0.9866666666666667 0.7466666666666667 465 465 
0.5 0.9866666666666667 0.7533333333333333 443 443 
0.5 0.9866666666666667 0.76 468 468 
0.5 0.9866666666666667 0.7666666666666667 426 426 
0.5 0.9866666666666667 0.7733333333333333 466 466 
0.5 0.9866666666666667 0.78 450 450 
0.5 0.9866666666666667 0.7866666666666666 450 450 
0.5 0.9866666666666667 0.7933333333333333 475 475 
0.5 0.9866666666666667 0.8 430 430 
0.5 0.9866666666666667 0.8066666666666666 451 451 
0.5 0.9866666666666667 0.8133333333333334 452 452 
0.5 0.9866666666666667 0.82 443 443 
0.5 0.9866666666666667 0.8266666666666667 488 488 
0.5 0.9866666666666667 0.8333333333333334 474 474 
0.5 0.9866666666666667 0.84 441 441 
0.5 0.9866666666666667 0.8466666666666667 423 423 
0.5 0.9866666666666667 0.8533333333333334 433 433 
0.5 0.9866666666666667 0.86 453 453 
0.5 0.9866666666666667 0.8666666666666667 460 460 
0.5 0.9866666666666667 0.8733333333333333 428 428 
0.5 0.9866666666666667 0.88 440 440 
0.5 0.9866666666666667 0.8866666666666667 466 466 
0.5 0.9866666666666667 0.8933333333333333 473 473 
0.5 0.9866666666666667 0.9 503 503 
0.5 0.9866666666666667 0.9066666666666666 431 431 
0.5 0.9866666666666667 0.9133333333333333 475 475 
0.5 0.9866666666666667 0.92 450 450 
0.5 0.9866666666666667 0.9266666666666666 452 452 
0.5 0.9866666666666667 0.9333333333333333 443 443 
0.5 0.9866666666666667 0.94 424 424 
0.5 0.9866666666666667 0.9466666666666667 425 425 
0.5 0.9866666666666667 0.9533333333333334 423 423 
0.5 0.9866666666666667 0.96 441 441 
0.5 0.9866666666666667 0.9666666666666667 472 472 
0.5 0.9866666666666667 0.9733333333333334 456 456 
0.5 0.9866666666666667 0.98 425 425 
0.5 0.9866666666666667 0.9866666666666667 537 537 
0.5 0.9866666666666667 0.9933333333333333 0 0 
0.5 0.9933333333333333 0.0 0 0 
0.5 0.9933333333333333 0.006666666666666667 557 557 
0.5 0.9933333333333333 0.013333333333333334 461 461 
0.5 0.9933333333333333 0.02 480 480 
0.5 0.9933333333333333 0.02666666666666667 447 447 
0.5 0.9933333333333333 0.03333333333333333 413 413 
0.5 0.9933333333333333 0.04 406 406 
0.5 0.9933333333333333 0.04666666666666667 453 453 
0.5 0.9933333333333333 0.05333333333333334 439 439 
0.5 0.9933333333333333 0.06 480 480 
0.5 0.9933333333333333 0.06666666666666667 447 447 
0.5 0.9933333333333333 0.07333333333333333 417 417 
0.5 0.9933333333333333 0.08 426 426 
0.5 0.9933333333333333 0.08666666666666667 457 457 
0.5 0.9933333333333333 0.09333333333333334 467 467 
0.5 0.9933333333333333 0.1 479 479 
0.5 0.9933333333333333 0.10666666666666667 470 470 
0.5 0.9933333333333333 0.11333333333333333 467 467 
0.5 0.9933333333333333 0.12 462 462 
0.5 0.9933333333333333 0.12666666666666668 494 494 
0.5 0.9933333333333333 0.13333333333333333 484 484 
0.5 0.9933333333333333 0.14 489 489 
0.5 0.9933333333333333 0.14666666666666667 463 463 
0.5 0.9933333333333333 0.15333333333333332 462 462 
0.5 0.9933333333333333 0.16 500 500 
0.5 0.9933333333333333 0.16666666666666666 498 498 
0.5 0.9933333333333333 0.17333333333333334 477 477 
0.5 0.9933333333333333 0.18 492 492 
0.5 0.9933333333333333 0.18666666666666668 439 439 
0.5 0.9933333333333333 0.19333333333333333 419 419 
0.5 0.9933333333333333 0.2 464 464 
0.5 0.9933333333333333 0.20666666666666667 448 448 
0.5 0.9933333333333333 0.21333333333333335 464 464 
0.5 0.9933333333333333 0.22 438 438 
0.5 0.9933333333333333 0.22666666666666666 500 500 
0.5 0.9933333333333333 0.23333333333333334 447 447 
0.5 0.9933333333333333 0.24 461 461 
0.5 0.9933333333333333 0.24666666666666667 447 447 
0.5 0.9933333333333333 0.25333333333333335 405 405 
0.5 0.9933333333333333 0.26 486 486 
0.5 0.9933333333333333 0.26666666666666666 461 461 
0.5 0.9933333333333333 0.2733333333333333 457 457 
0.5 0.9933333333333333 0.28 441 441 
0.5 0.9933333333333333 0.2866666666666667 453 453 
0.5 0.9933333333333333 0.29333333333333333 434 434 
0.5 0.9933333333333333 0.3 434 434 
0.5 0.9933333333333333 0.30666666666666664 484 484 
0.5 0.9933333333333333 0.31333333333333335 429 429 
0.5 0.9933333333333333 0.32 443 443 
0.5 0.9933333333333333 0.32666666666666666 434 434 
0.5 0.9933333333333333 0.3333333333333333 446 446 
0.5 0.9933333333333333 0.34 462 462 
0.5 0.9933333333333333 0.3466666666666667 466 466 
0.5 0.9933333333333333 0.35333333333333333 426 426 
0.5 0.9933333333333333 0.36 457 457 
0.5 0.9933333333333333 0.36666666666666664 469 469 
0.5 0.9933333333333333 0.37333333333333335 427 427 
0.5 0.9933333333333333 0.38 439 439 
0.5 0.9933333333333333 0.38666666666666666 442 442 
0.5 0.9933333333333333 0.3933333333333333 432 432 
0.5 0.9933333333333333 0.4 457 457 
0.5 0.9933333333333333 0.4066666666666667 463 463 
0.5 0.9933333333333333 0.41333333333333333 481 481 
0.5 0.9933333333333333 0.42 437 437 
0.5 0.9933333333333333 0.4266666666666667 437 437 
0.5 0.9933333333333333 0.43333333333333335 421 421 
0.5 0.9933333333333333 0.44 432 432 
0.5 0.9933333333333333 0.44666666666666666 441 441 
0.5 0.9933333333333333 0.4533333333333333 434 434 
0.5 0.9933333333333333 0.46 464 464 
0.5 0.9933333333333333 0.4666666666666667 469 469 
0.5 0.9933333333333333 0.47333333333333333 435 435 
0.5 0.9933333333333333 0.48 443 443 
0.5 0.9933333333333333 0.4866666666666667 421 421 
0.5 0.9933333333333333 0.49333333333333335 451 451 
0.5 0.9933333333333333 0.5 464 464 
0.5 0.9933333333333333 0.5066666666666667 488 488 
0.5 0.9933333333333333 0.5133333333333333 433 433 
0.5 0.9933333333333333 0.52 455 455 
0.5 0.9933333333333333 0.5266666666666666 477 477 
0.5 0.9933333333333333 0.5333333333333333 444 444 
0.5 0.9933333333333333 0.54 438 438 
0.5 0.9933333333333333 0.5466666666666666 432 432 
0.5 0.9933333333333333 0.5533333333333333 446 446 
0.5 0.9933333333333333 0.56 392 392 
0.5 0.9933333333333333 0.5666666666666667 423 423 
0.5 0.9933333333333333 0.5733333333333334 457 457 
0.5 0.9933333333333333 0.58 442 442 
0.5 0.9933333333333333 0.5866666666666667 474 474 
0.5 0.9933333333333333 0.5933333333333334 453 453 
0.5 0.9933333333333333 0.6 452 452 
0.5 0.9933333333333333 0.6066666666666667 456 456 
0.5 0.9933333333333333 0.6133333333333333 450 450 
0.5 0.9933333333333333 0.62 456 456 
0.5 0.9933333333333333 0.6266666666666667 455 455 
0.5 0.9933333333333333 0.6333333333333333 461 461 
0.5 0.9933333333333333 0.64 455 455 
0.5 0.9933333333333333 0.6466666666666666 443 443 
0.5 0.9933333333333333 0.6533333333333333 461 461 
0.5 0.9933333333333333 0.66 460 460 
0.5 0.9933333333333333 0.6666666666666666 454 454 
0.5 0.9933333333333333 0.6733333333333333 463 463 
0.5 0.9933333333333333 0.68 426 426 
0.5 0.9933333333333333 0.6866666666666666 456 456 
0.5 0.9933333333333333 0.6933333333333334 439 439 
0.5 0.9933333333333333 0.7 488 488 
0.5 0.9933333333333333 0.7066666666666667 433 433 
0.5 0.9933333333333333 0.7133333333333334 462 462 
0.5 0.9933333333333333 0.72 444 444 
0.5 0.9933333333333333 0.7266666666666667 440 440 
0.5 0.9933333333333333 0.7333333333333333 435 435 
0.5 0.9933333333333333 0.74 455 455 
0.5 0.9933333333333333 0.7466666666666667 471 471 
0.5 0.9933333333333333 0.7533333333333333 410 410 
0.5 0.9933333333333333 0.76 471 471 
0.5 0.9933333333333333 0.7666666666666667 412 412 
0.5 0.9933333333333333 0.7733333333333333 425 425 
0.5 0.9933333333333333 0.78 465 465 
0.5 0.9933333333333333 0.7866666666666666 436 436 
0.5 0.9933333333333333 0.7933333333333333 461 461 
0.5 0.9933333333333333 0.8 446 446 
0.5 0.9933333333333333 0.8066666666666666 449 449 
0.5 0.9933333333333333 0.8133333333333334 462 462 
0.5 0.9933333333333333 0.82 426 426 
0.5 0.9933333333333333 0.8266666666666667 467 467 
0.5 0.9933333333333333 0.8333333333333334 476 476 
0.5 0.9933333333333333 0.84 476 476 
0.5 0.9933333333333333 0.8466666666666667 475 475 
0.5 0.9933333333333333 0.8533333333333334 442 442 
0.5 0.9933333333333333 0.86 475 475 
0.5 0.9933333333333333 0.8666666666666667 502 502 
0.5 0.9933333333333333 0.8733333333333333 450 450 
0.5 0.9933333333333333 0.88 453 453 
0.5 0.9933333333333333 0.8866666666666667 470 470 
0.5 0.9933333333333333 0.8933333333333333 391 391 
0.5 0.9933333333333333 0.9 453 453 
0.5 0.9933333333333333 0.9066666666666666 427 427 
0.5 0.9933333333333333 0.9133333333333333 419 419 
0.5 0.9933333333333333 0.92 400 400 
0.5 0.9933333333333333 0.9266666666666666 448 448 
0.5 0.9933333333333333 0.9333333333333333 447 447 
0.5 0.9933333333333333 0.94 443 443 
0.5 0.9933333333333333 0.9466666666666667 439 439 
0.5 0.9933333333333333 0.9533333333333334 442 442 
0.5 0.9933333333333333 0.96 455 455 
0.5 0.9933333333333333 0.9666666666666667 440 440 
0.5 0.9933333333333333 0.9733333333333334 410 410 
0.5 0.9933333333333333 0.98 473 473 
0.5 0.9933333333333333 0.9866666666666667 512 512 
0.5 0.9933333333333333 0.9933333333333333 0 0 
