0 0 52
0 1 49
0 2 46
0 3 53
0 4 46
0 5 48
0 6 45
0 7 58
0 8 50
0 9 45
0 10 54
0 11 51
0 12 41
0 13 53
0 14 39
0 15 50
0 16 50
0 17 46
0 18 50
0 19 46
0 20 49
0 21 50
0 22 50
0 23 51
0 24 59
0 25 51
0 26 61
0 27 52
0 28 50
0 29 52
0 30 48
0 31 46
0 32 39
0 33 46
0 34 49
0 35 38
0 36 51
0 37 44
0 38 50
0 39 50
0 40 41
0 41 39
0 42 61
0 43 42
0 44 43
0 45 51
0 46 38
0 47 49
0 48 34
0 49 33
0 50 35
0 51 42
0 52 61
0 53 45
0 54 42
0 55 56
0 56 39
0 57 47
0 58 51
0 59 40
0 60 48
0 61 43
0 62 52
0 63 49
0 64 42
0 65 42
0 66 53
0 67 57
0 68 52
0 69 44
0 70 45
0 71 53
0 72 42
0 73 43
0 74 43
0 75 56
0 76 44
0 77 46
0 78 42
0 79 66
0 80 54
0 81 55
0 82 44
0 83 43
0 84 66
0 85 57
0 86 54
0 87 55
0 88 47
0 89 56
0 90 52
0 91 53
0 92 39
0 93 46
0 94 54
0 95 56
0 96 49
0 97 50
0 98 53
0 99 43
0 100 47
0 101 44
0 102 54
0 103 43
0 104 47
0 105 50
0 106 57
0 107 43
0 108 60
0 109 48
0 110 56
0 111 44
0 112 53
0 113 46
0 114 37
0 115 62
0 116 58
0 117 35
0 118 38
0 119 45
0 120 42
0 121 61
0 122 43
0 123 43
0 124 43
0 125 45
0 126 60
0 127 49
0 128 48
0 129 47
0 130 64
0 131 55
0 132 45
0 133 40
0 134 42
0 135 60
0 136 46
0 137 43
0 138 49
0 139 47
0 140 48
0 141 45
0 142 54
0 143 57
0 144 55
0 145 46
0 146 52
0 147 33
0 148 55
0 149 43
1 0 55
1 1 47
1 2 51
1 3 57
1 4 53
1 5 49
1 6 44
1 7 51
1 8 51
1 9 66
1 10 46
1 11 64
1 12 62
1 13 38
1 14 58
1 15 38
1 16 43
1 17 38
1 18 48
1 19 46
1 20 45
1 21 44
1 22 47
1 23 41
1 24 53
1 25 31
1 26 51
1 27 46
1 28 58
1 29 48
1 30 37
1 31 47
1 32 48
1 33 55
1 34 51
1 35 54
1 36 48
1 37 49
1 38 57
1 39 51
1 40 50
1 41 44
1 42 41
1 43 43
1 44 48
1 45 60
1 46 56
1 47 57
1 48 43
1 49 50
1 50 53
1 51 42
1 52 43
1 53 44
1 54 52
1 55 45
1 56 44
1 57 61
1 58 44
1 59 49
1 60 58
1 61 36
1 62 47
1 63 47
1 64 63
1 65 54
1 66 58
1 67 57
1 68 43
1 69 60
1 70 58
1 71 50
1 72 42
1 73 46
1 74 67
1 75 48
1 76 45
1 77 50
1 78 49
1 79 49
1 80 51
1 81 45
1 82 53
1 83 41
1 84 48
1 85 56
1 86 53
1 87 50
1 88 54
1 89 48
1 90 43
1 91 42
1 92 56
1 93 60
1 94 47
1 95 50
1 96 44
1 97 49
1 98 46
1 99 43
1 100 50
1 101 60
1 102 46
1 103 58
1 104 43
1 105 53
1 106 58
1 107 47
1 108 48
1 109 60
1 110 43
1 111 55
1 112 52
1 113 45
1 114 57
1 115 53
1 116 46
1 117 41
1 118 52
1 119 46
1 120 47
1 121 48
1 122 38
1 123 66
1 124 51
1 125 53
1 126 53
1 127 46
1 128 51
1 129 52
1 130 58
1 131 46
1 132 50
1 133 45
1 134 42
1 135 40
1 136 53
1 137 44
1 138 58
1 139 44
1 140 60
1 141 43
1 142 55
1 143 54
1 144 51
1 145 56
1 146 50
1 147 41
1 148 41
1 149 56
2 0 35
2 1 60
2 2 45
2 3 51
2 4 59
2 5 58
2 6 47
2 7 51
2 8 54
2 9 58
2 10 45
2 11 48
2 12 49
2 13 56
2 14 54
2 15 68
2 16 47
2 17 44
2 18 42
2 19 45
2 20 48
2 21 49
2 22 53
2 23 51
2 24 39
2 25 53
2 26 49
2 27 46
2 28 60
2 29 45
2 30 46
2 31 51
2 32 55
2 33 42
2 34 44
2 35 45
2 36 42
2 37 40
2 38 42
2 39 46
2 40 52
2 41 55
2 42 46
2 43 37
2 44 40
2 45 57
2 46 33
2 47 46
2 48 47
2 49 38
2 50 39
2 51 37
2 52 38
2 53 42
2 54 38
2 55 51
2 56 54
2 57 39
2 58 45
2 59 50
2 60 55
2 61 51
2 62 42
2 63 39
2 64 37
2 65 36
2 66 50
2 67 55
2 68 55
2 69 39
2 70 53
2 71 58
2 72 48
2 73 61
2 74 40
2 75 42
2 76 40
2 77 48
2 78 59
2 79 56
2 80 52
2 81 47
2 82 45
2 83 52
2 84 59
2 85 42
2 86 54
2 87 49
2 88 45
2 89 43
2 90 47
2 91 45
2 92 37
2 93 43
2 94 35
2 95 54
2 96 57
2 97 49
2 98 48
2 99 35
2 100 56
2 101 48
2 102 50
2 103 57
2 104 53
2 105 42
2 106 48
2 107 47
2 108 46
2 109 50
2 110 65
2 111 56
2 112 61
2 113 51
2 114 55
2 115 66
2 116 47
2 117 51
2 118 50
2 119 51
2 120 49
2 121 53
2 122 59
2 123 58
2 124 51
2 125 55
2 126 43
2 127 55
2 128 59
2 129 55
2 130 57
2 131 37
2 132 46
2 133 49
2 134 51
2 135 52
2 136 49
2 137 51
2 138 51
2 139 46
2 140 53
2 141 66
2 142 74
2 143 45
2 144 52
2 145 53
2 146 43
2 147 51
2 148 54
2 149 60
3 0 47
3 1 55
3 2 53
3 3 47
3 4 50
3 5 48
3 6 47
3 7 43
3 8 45
3 9 42
3 10 54
3 11 48
3 12 47
3 13 45
3 14 55
3 15 41
3 16 43
3 17 58
3 18 51
3 19 57
3 20 53
3 21 50
3 22 52
3 23 43
3 24 37
3 25 60
3 26 43
3 27 48
3 28 47
3 29 51
3 30 48
3 31 40
3 32 58
3 33 47
3 34 58
3 35 30
3 36 48
3 37 37
3 38 29
3 39 42
3 40 43
3 41 53
3 42 43
3 43 42
3 44 49
3 45 36
3 46 35
3 47 40
3 48 53
3 49 51
3 50 33
3 51 43
3 52 42
3 53 53
3 54 39
3 55 51
3 56 48
3 57 45
3 58 51
3 59 56
3 60 51
3 61 47
3 62 51
3 63 37
3 64 37
3 65 57
3 66 51
3 67 65
3 68 45
3 69 52
3 70 49
3 71 48
3 72 59
3 73 53
3 74 44
3 75 43
3 76 52
3 77 46
3 78 49
3 79 51
3 80 54
3 81 48
3 82 48
3 83 50
3 84 56
3 85 50
3 86 49
3 87 49
3 88 51
3 89 45
3 90 50
3 91 62
3 92 76
3 93 57
3 94 48
3 95 52
3 96 66
3 97 41
3 98 56
3 99 56
3 100 59
3 101 64
3 102 56
3 103 52
3 104 52
3 105 54
3 106 41
3 107 44
3 108 50
3 109 51
3 110 42
3 111 51
3 112 53
3 113 43
3 114 55
3 115 51
3 116 39
3 117 45
3 118 36
3 119 56
3 120 55
3 121 53
3 122 47
3 123 45
3 124 54
3 125 53
3 126 47
3 127 47
3 128 46
3 129 56
3 130 49
3 131 44
3 132 46
3 133 39
3 134 53
3 135 46
3 136 41
3 137 55
3 138 50
3 139 44
3 140 48
3 141 49
3 142 45
3 143 58
3 144 56
3 145 41
3 146 34
3 147 56
3 148 52
3 149 49
4 0 47
4 1 51
4 2 56
4 3 49
4 4 39
4 5 45
4 6 47
4 7 37
4 8 48
4 9 43
4 10 51
4 11 39
4 12 53
4 13 55
4 14 46
4 15 55
4 16 50
4 17 44
4 18 55
4 19 36
4 20 49
4 21 55
4 22 56
4 23 40
4 24 71
4 25 56
4 26 56
4 27 55
4 28 44
4 29 52
4 30 50
4 31 55
4 32 42
4 33 36
4 34 43
4 35 53
4 36 49
4 37 47
4 38 54
4 39 38
4 40 38
4 41 37
4 42 43
4 43 50
4 44 33
4 45 45
4 46 48
4 47 51
4 48 46
4 49 37
4 50 40
4 51 46
4 52 42
4 53 55
4 54 52
4 55 47
4 56 36
4 57 42
4 58 47
4 59 58
4 60 40
4 61 50
4 62 53
4 63 43
4 64 54
4 65 47
4 66 56
4 67 50
4 68 54
4 69 45
4 70 42
4 71 61
4 72 46
4 73 47
4 74 54
4 75 48
4 76 53
4 77 45
4 78 51
4 79 37
4 80 47
4 81 59
4 82 45
4 83 45
4 84 56
4 85 46
4 86 51
4 87 38
4 88 45
4 89 51
4 90 44
4 91 41
4 92 43
4 93 49
4 94 52
4 95 38
4 96 45
4 97 50
4 98 55
4 99 37
4 100 63
4 101 46
4 102 53
4 103 52
4 104 51
4 105 61
4 106 38
4 107 46
4 108 55
4 109 47
4 110 48
4 111 48
4 112 46
4 113 43
4 114 42
4 115 55
4 116 48
4 117 50
4 118 49
4 119 60
4 120 50
4 121 50
4 122 46
4 123 43
4 124 53
4 125 40
4 126 52
4 127 43
4 128 51
4 129 39
4 130 50
4 131 60
4 132 63
4 133 58
4 134 41
4 135 48
4 136 45
4 137 39
4 138 51
4 139 50
4 140 52
4 141 50
4 142 50
4 143 52
4 144 48
4 145 54
4 146 56
4 147 55
4 148 48
4 149 49
5 0 51
5 1 42
5 2 63
5 3 44
5 4 56
5 5 50
5 6 39
5 7 46
5 8 45
5 9 52
5 10 45
5 11 44
5 12 36
5 13 52
5 14 33
5 15 38
5 16 56
5 17 50
5 18 59
5 19 41
5 20 52
5 21 48
5 22 46
5 23 51
5 24 50
5 25 57
5 26 51
5 27 42
5 28 46
5 29 47
5 30 41
5 31 51
5 32 40
5 33 43
5 34 46
5 35 49
5 36 39
5 37 45
5 38 41
5 39 57
5 40 40
5 41 46
5 42 63
5 43 43
5 44 49
5 45 35
5 46 42
5 47 47
5 48 54
5 49 43
5 50 43
5 51 46
5 52 32
5 53 51
5 54 47
5 55 60
5 56 53
5 57 40
5 58 44
5 59 64
5 60 44
5 61 49
5 62 60
5 63 66
5 64 54
5 65 51
5 66 30
5 67 37
5 68 43
5 69 51
5 70 57
5 71 52
5 72 49
5 73 56
5 74 45
5 75 43
5 76 45
5 77 46
5 78 63
5 79 46
5 80 49
5 81 46
5 82 48
5 83 44
5 84 41
5 85 45
5 86 48
5 87 60
5 88 43
5 89 48
5 90 63
5 91 38
5 92 55
5 93 50
5 94 51
5 95 45
5 96 44
5 97 44
5 98 50
5 99 56
5 100 54
5 101 55
5 102 45
5 103 49
5 104 40
5 105 45
5 106 50
5 107 50
5 108 52
5 109 47
5 110 57
5 111 48
5 112 50
5 113 57
5 114 49
5 115 39
5 116 49
5 117 45
5 118 58
5 119 49
5 120 42
5 121 48
5 122 48
5 123 44
5 124 34
5 125 50
5 126 52
5 127 51
5 128 64
5 129 52
5 130 58
5 131 42
5 132 39
5 133 45
5 134 43
5 135 47
5 136 49
5 137 45
5 138 41
5 139 52
5 140 57
5 141 52
5 142 48
5 143 35
5 144 53
5 145 44
5 146 44
5 147 51
5 148 65
5 149 61
6 0 56
6 1 53
6 2 52
6 3 62
6 4 57
6 5 51
6 6 60
6 7 51
6 8 49
6 9 43
6 10 56
6 11 38
6 12 54
6 13 53
6 14 50
6 15 54
6 16 55
6 17 48
6 18 59
6 19 49
6 20 44
6 21 54
6 22 36
6 23 55
6 24 56
6 25 45
6 26 41
6 27 49
6 28 46
6 29 48
6 30 42
6 31 55
6 32 56
6 33 52
6 34 45
6 35 50
6 36 31
6 37 55
6 38 52
6 39 38
6 40 45
6 41 38
6 42 50
6 43 39
6 44 48
6 45 54
6 46 53
6 47 41
6 48 47
6 49 46
6 50 55
6 51 51
6 52 51
6 53 47
6 54 54
6 55 45
6 56 51
6 57 53
6 58 37
6 59 48
6 60 41
6 61 43
6 62 45
6 63 50
6 64 48
6 65 53
6 66 60
6 67 48
6 68 65
6 69 50
6 70 36
6 71 61
6 72 57
6 73 40
6 74 45
6 75 42
6 76 37
6 77 49
6 78 40
6 79 50
6 80 50
6 81 52
6 82 48
6 83 48
6 84 48
6 85 46
6 86 52
6 87 53
6 88 44
6 89 57
6 90 49
6 91 57
6 92 58
6 93 44
6 94 44
6 95 51
6 96 58
6 97 53
6 98 57
6 99 43
6 100 60
6 101 52
6 102 60
6 103 44
6 104 47
6 105 34
6 106 53
6 107 56
6 108 55
6 109 49
6 110 53
6 111 46
6 112 44
6 113 39
6 114 53
6 115 50
6 116 34
6 117 43
6 118 52
6 119 38
6 120 39
6 121 48
6 122 44
6 123 56
6 124 45
6 125 49
6 126 41
6 127 56
6 128 51
6 129 49
6 130 52
6 131 39
6 132 44
6 133 37
6 134 55
6 135 52
6 136 50
6 137 60
6 138 52
6 139 53
6 140 45
6 141 51
6 142 54
6 143 54
6 144 56
6 145 52
6 146 44
6 147 51
6 148 42
6 149 47
7 0 53
7 1 48
7 2 51
7 3 54
7 4 56
7 5 44
7 6 49
7 7 46
7 8 40
7 9 56
7 10 54
7 11 62
7 12 50
7 13 57
7 14 46
7 15 64
7 16 45
7 17 51
7 18 58
7 19 55
7 20 32
7 21 44
7 22 48
7 23 42
7 24 48
7 25 40
7 26 53
7 27 47
7 28 51
7 29 53
7 30 60
7 31 47
7 32 40
7 33 47
7 34 52
7 35 51
7 36 42
7 37 54
7 38 53
7 39 41
7 40 49
7 41 42
7 42 39
7 43 50
7 44 41
7 45 44
7 46 51
7 47 51
7 48 54
7 49 37
7 50 36
7 51 45
7 52 48
7 53 53
7 54 41
7 55 47
7 56 49
7 57 48
7 58 56
7 59 53
7 60 54
7 61 56
7 62 48
7 63 50
7 64 37
7 65 45
7 66 53
7 67 51
7 68 52
7 69 46
7 70 51
7 71 42
7 72 54
7 73 44
7 74 46
7 75 47
7 76 54
7 77 51
7 78 44
7 79 53
7 80 68
7 81 49
7 82 42
7 83 66
7 84 43
7 85 42
7 86 56
7 87 57
7 88 58
7 89 56
7 90 46
7 91 60
7 92 41
7 93 45
7 94 59
7 95 50
7 96 52
7 97 48
7 98 56
7 99 53
7 100 60
7 101 43
7 102 46
7 103 65
7 104 45
7 105 46
7 106 48
7 107 60
7 108 57
7 109 58
7 110 51
7 111 37
7 112 47
7 113 47
7 114 59
7 115 46
7 116 49
7 117 53
7 118 56
7 119 45
7 120 53
7 121 55
7 122 58
7 123 45
7 124 47
7 125 50
7 126 47
7 127 54
7 128 44
7 129 50
7 130 52
7 131 57
7 132 45
7 133 56
7 134 51
7 135 55
7 136 49
7 137 40
7 138 59
7 139 60
7 140 48
7 141 45
7 142 50
7 143 42
7 144 53
7 145 48
7 146 49
7 147 54
7 148 50
7 149 43
8 0 46
8 1 47
8 2 55
8 3 56
8 4 36
8 5 44
8 6 57
8 7 47
8 8 52
8 9 46
8 10 46
8 11 53
8 12 42
8 13 53
8 14 50
8 15 45
8 16 64
8 17 52
8 18 42
8 19 50
8 20 47
8 21 57
8 22 53
8 23 38
8 24 38
8 25 52
8 26 35
8 27 44
8 28 51
8 29 55
8 30 55
8 31 62
8 32 42
8 33 43
8 34 45
8 35 50
8 36 50
8 37 54
8 38 50
8 39 39
8 40 68
8 41 42
8 42 36
8 43 46
8 44 46
8 45 43
8 46 56
8 47 51
8 48 42
8 49 46
8 50 50
8 51 34
8 52 56
8 53 54
8 54 45
8 55 51
8 56 58
8 57 55
8 58 48
8 59 65
8 60 44
8 61 44
8 62 51
8 63 51
8 64 49
8 65 50
8 66 51
8 67 57
8 68 58
8 69 51
8 70 53
8 71 50
8 72 60
8 73 59
8 74 65
8 75 53
8 76 48
8 77 58
8 78 53
8 79 69
8 80 47
8 81 53
8 82 52
8 83 39
8 84 56
8 85 53
8 86 52
8 87 48
8 88 42
8 89 60
8 90 42
8 91 43
8 92 41
8 93 55
8 94 48
8 95 42
8 96 43
8 97 51
8 98 39
8 99 45
8 100 52
8 101 44
8 102 52
8 103 46
8 104 44
8 105 42
8 106 52
8 107 48
8 108 53
8 109 51
8 110 46
8 111 55
8 112 49
8 113 56
8 114 63
8 115 60
8 116 49
8 117 47
8 118 44
8 119 40
8 120 48
8 121 59
8 122 58
8 123 52
8 124 47
8 125 72
8 126 49
8 127 43
8 128 44
8 129 45
8 130 45
8 131 40
8 132 40
8 133 66
8 134 46
8 135 55
8 136 57
8 137 53
8 138 43
8 139 47
8 140 60
8 141 44
8 142 55
8 143 63
8 144 52
8 145 61
8 146 52
8 147 51
8 148 41
8 149 38
9 0 58
9 1 43
9 2 44
9 3 43
9 4 65
9 5 47
9 6 57
9 7 46
9 8 47
9 9 45
9 10 46
9 11 55
9 12 53
9 13 56
9 14 41
9 15 56
9 16 59
9 17 50
9 18 49
9 19 41
9 20 51
9 21 38
9 22 41
9 23 45
9 24 43
9 25 52
9 26 48
9 27 47
9 28 47
9 29 44
9 30 50
9 31 63
9 32 34
9 33 51
9 34 53
9 35 47
9 36 37
9 37 60
9 38 59
9 39 53
9 40 43
9 41 45
9 42 58
9 43 60
9 44 39
9 45 43
9 46 44
9 47 64
9 48 46
9 49 39
9 50 54
9 51 59
9 52 38
9 53 49
9 54 53
9 55 39
9 56 50
9 57 36
9 58 55
9 59 51
9 60 63
9 61 47
9 62 57
9 63 53
9 64 46
9 65 52
9 66 48
9 67 56
9 68 38
9 69 49
9 70 52
9 71 57
9 72 47
9 73 34
9 74 41
9 75 46
9 76 47
9 77 44
9 78 42
9 79 50
9 80 51
9 81 42
9 82 54
9 83 56
9 84 57
9 85 40
9 86 43
9 87 48
9 88 43
9 89 41
9 90 44
9 91 33
9 92 46
9 93 46
9 94 44
9 95 43
9 96 47
9 97 50
9 98 49
9 99 49
9 100 57
9 101 51
9 102 44
9 103 48
9 104 47
9 105 58
9 106 56
9 107 60
9 108 53
9 109 51
9 110 41
9 111 47
9 112 49
9 113 39
9 114 56
9 115 44
9 116 44
9 117 53
9 118 49
9 119 62
9 120 39
9 121 47
9 122 58
9 123 52
9 124 62
9 125 51
9 126 57
9 127 55
9 128 46
9 129 42
9 130 46
9 131 43
9 132 47
9 133 50
9 134 45
9 135 41
9 136 60
9 137 49
9 138 50
9 139 49
9 140 60
9 141 38
9 142 44
9 143 46
9 144 40
9 145 51
9 146 42
9 147 55
9 148 52
9 149 46
10 0 49
10 1 50
10 2 64
10 3 55
10 4 45
10 5 42
10 6 49
10 7 60
10 8 46
10 9 44
10 10 41
10 11 60
10 12 44
10 13 51
10 14 52
10 15 54
10 16 49
10 17 43
10 18 56
10 19 45
10 20 35
10 21 45
10 22 59
10 23 46
10 24 47
10 25 42
10 26 55
10 27 38
10 28 53
10 29 50
10 30 47
10 31 54
10 32 55
10 33 62
10 34 53
10 35 45
10 36 41
10 37 32
10 38 45
10 39 58
10 40 59
10 41 60
10 42 45
10 43 71
10 44 51
10 45 62
10 46 40
10 47 53
10 48 60
10 49 46
10 50 38
10 51 52
10 52 65
10 53 55
10 54 48
10 55 54
10 56 50
10 57 47
10 58 43
10 59 54
10 60 39
10 61 44
10 62 55
10 63 49
10 64 56
10 65 45
10 66 33
10 67 54
10 68 46
10 69 52
10 70 49
10 71 48
10 72 59
10 73 49
10 74 50
10 75 48
10 76 53
10 77 45
10 78 57
10 79 55
10 80 51
10 81 50
10 82 39
10 83 50
10 84 43
10 85 45
10 86 60
10 87 53
10 88 54
10 89 49
10 90 51
10 91 45
10 92 61
10 93 50
10 94 43
10 95 60
10 96 52
10 97 55
10 98 39
10 99 59
10 100 53
10 101 44
10 102 47
10 103 55
10 104 47
10 105 40
10 106 43
10 107 51
10 108 58
10 109 50
10 110 56
10 111 52
10 112 60
10 113 44
10 114 60
10 115 61
10 116 35
10 117 61
10 118 32
10 119 39
10 120 49
10 121 45
10 122 53
10 123 36
10 124 45
10 125 54
10 126 46
10 127 43
10 128 48
10 129 54
10 130 46
10 131 44
10 132 48
10 133 45
10 134 54
10 135 63
10 136 46
10 137 31
10 138 53
10 139 50
10 140 46
10 141 49
10 142 40
10 143 51
10 144 44
10 145 49
10 146 54
10 147 44
10 148 48
10 149 46
11 0 41
11 1 53
11 2 48
11 3 45
11 4 43
11 5 50
11 6 57
11 7 56
11 8 58
11 9 57
11 10 59
11 11 51
11 12 55
11 13 63
11 14 53
11 15 57
11 16 49
11 17 51
11 18 41
11 19 38
11 20 44
11 21 49
11 22 56
11 23 57
11 24 52
11 25 53
11 26 57
11 27 51
11 28 60
11 29 55
11 30 38
11 31 55
11 32 44
11 33 53
11 34 43
11 35 46
11 36 45
11 37 54
11 38 46
11 39 44
11 40 54
11 41 58
11 42 49
11 43 43
11 44 57
11 45 49
11 46 50
11 47 37
11 48 42
11 49 48
11 50 47
11 51 50
11 52 36
11 53 45
11 54 51
11 55 58
11 56 40
11 57 54
11 58 62
11 59 52
11 60 41
11 61 48
11 62 55
11 63 56
11 64 60
11 65 54
11 66 51
11 67 59
11 68 51
11 69 35
11 70 42
11 71 53
11 72 54
11 73 51
11 74 40
11 75 47
11 76 40
11 77 54
11 78 41
11 79 51
11 80 57
11 81 48
11 82 41
11 83 56
11 84 51
11 85 46
11 86 54
11 87 46
11 88 50
11 89 51
11 90 46
11 91 64
11 92 58
11 93 54
11 94 55
11 95 49
11 96 50
11 97 48
11 98 47
11 99 39
11 100 51
11 101 57
11 102 44
11 103 48
11 104 61
11 105 54
11 106 48
11 107 49
11 108 64
11 109 36
11 110 55
11 111 50
11 112 41
11 113 47
11 114 48
11 115 53
11 116 48
11 117 55
11 118 39
11 119 53
11 120 52
11 121 50
11 122 54
11 123 55
11 124 58
11 125 41
11 126 43
11 127 46
11 128 55
11 129 52
11 130 46
11 131 45
11 132 45
11 133 48
11 134 57
11 135 57
11 136 39
11 137 44
11 138 51
11 139 44
11 140 53
11 141 41
11 142 50
11 143 35
11 144 60
11 145 54
11 146 53
11 147 51
11 148 54
11 149 44
12 0 55
12 1 42
12 2 39
12 3 41
12 4 46
12 5 57
12 6 53
12 7 43
12 8 48
12 9 47
12 10 55
12 11 48
12 12 63
12 13 41
12 14 45
12 15 63
12 16 61
12 17 44
12 18 36
12 19 59
12 20 49
12 21 56
12 22 48
12 23 38
12 24 52
12 25 35
12 26 48
12 27 51
12 28 50
12 29 45
12 30 62
12 31 40
12 32 51
12 33 43
12 34 43
12 35 45
12 36 51
12 37 47
12 38 47
12 39 55
12 40 61
12 41 48
12 42 50
12 43 54
12 44 67
12 45 66
12 46 43
12 47 61
12 48 46
12 49 53
12 50 55
12 51 43
12 52 32
12 53 50
12 54 57
12 55 43
12 56 58
12 57 66
12 58 41
12 59 44
12 60 57
12 61 42
12 62 44
12 63 46
12 64 57
12 65 54
12 66 52
12 67 52
12 68 45
12 69 48
12 70 58
12 71 47
12 72 44
12 73 52
12 74 46
12 75 48
12 76 58
12 77 63
12 78 39
12 79 56
12 80 32
12 81 57
12 82 56
12 83 47
12 84 49
12 85 43
12 86 44
12 87 52
12 88 46
12 89 52
12 90 46
12 91 56
12 92 51
12 93 45
12 94 64
12 95 50
12 96 59
12 97 58
12 98 40
12 99 58
12 100 48
12 101 57
12 102 49
12 103 48
12 104 37
12 105 43
12 106 47
12 107 58
12 108 57
12 109 44
12 110 46
12 111 41
12 112 48
12 113 56
12 114 56
12 115 48
12 116 44
12 117 39
12 118 39
12 119 43
12 120 55
12 121 45
12 122 61
12 123 62
12 124 49
12 125 42
12 126 51
12 127 46
12 128 47
12 129 56
12 130 50
12 131 49
12 132 46
12 133 52
12 134 49
12 135 47
12 136 54
12 137 52
12 138 43
12 139 50
12 140 55
12 141 43
12 142 51
12 143 49
12 144 53
12 145 51
12 146 54
12 147 53
12 148 51
12 149 44
13 0 59
13 1 39
13 2 44
13 3 42
13 4 49
13 5 56
13 6 45
13 7 52
13 8 53
13 9 46
13 10 58
13 11 52
13 12 69
13 13 59
13 14 48
13 15 44
13 16 51
13 17 33
13 18 49
13 19 40
13 20 53
13 21 51
13 22 45
13 23 48
13 24 42
13 25 54
13 26 39
13 27 41
13 28 57
13 29 50
13 30 45
13 31 45
13 32 40
13 33 60
13 34 56
13 35 49
13 36 45
13 37 42
13 38 70
13 39 38
13 40 57
13 41 57
13 42 60
13 43 42
13 44 46
13 45 47
13 46 45
13 47 55
13 48 57
13 49 64
13 50 62
13 51 58
13 52 68
13 53 50
13 54 54
13 55 40
13 56 52
13 57 61
13 58 42
13 59 44
13 60 44
13 61 55
13 62 63
13 63 59
13 64 40
13 65 44
13 66 39
13 67 49
13 68 43
13 69 57
13 70 59
13 71 56
13 72 56
13 73 54
13 74 64
13 75 52
13 76 58
13 77 55
13 78 60
13 79 40
13 80 41
13 81 42
13 82 45
13 83 57
13 84 49
13 85 42
13 86 52
13 87 34
13 88 34
13 89 54
13 90 41
13 91 32
13 92 58
13 93 38
13 94 51
13 95 54
13 96 40
13 97 48
13 98 44
13 99 44
13 100 55
13 101 61
13 102 62
13 103 52
13 104 47
13 105 51
13 106 38
13 107 50
13 108 43
13 109 42
13 110 60
13 111 58
13 112 51
13 113 54
13 114 55
13 115 37
13 116 50
13 117 41
13 118 48
13 119 61
13 120 66
13 121 46
13 122 50
13 123 58
13 124 47
13 125 45
13 126 43
13 127 53
13 128 53
13 129 37
13 130 51
13 131 60
13 132 56
13 133 49
13 134 48
13 135 36
13 136 34
13 137 62
13 138 50
13 139 44
13 140 50
13 141 44
13 142 35
13 143 49
13 144 45
13 145 58
13 146 42
13 147 47
13 148 44
13 149 51
14 0 49
14 1 41
14 2 49
14 3 54
14 4 45
14 5 45
14 6 56
14 7 52
14 8 61
14 9 49
14 10 39
14 11 61
14 12 52
14 13 52
14 14 47
14 15 54
14 16 55
14 17 44
14 18 61
14 19 46
14 20 53
14 21 42
14 22 45
14 23 45
14 24 53
14 25 47
14 26 50
14 27 39
14 28 67
14 29 65
14 30 39
14 31 47
14 32 39
14 33 51
14 34 54
14 35 57
14 36 54
14 37 44
14 38 60
14 39 44
14 40 52
14 41 49
14 42 49
14 43 51
14 44 45
14 45 54
14 46 63
14 47 49
14 48 52
14 49 67
14 50 52
14 51 53
14 52 55
14 53 63
14 54 48
14 55 47
14 56 47
14 57 52
14 58 54
14 59 49
14 60 40
14 61 51
14 62 55
14 63 58
14 64 50
14 65 58
14 66 62
14 67 45
14 68 53
14 69 47
14 70 53
14 71 56
14 72 38
14 73 54
14 74 60
14 75 52
14 76 46
14 77 56
14 78 50
14 79 53
14 80 49
14 81 39
14 82 45
14 83 43
14 84 32
14 85 51
14 86 49
14 87 56
14 88 52
14 89 52
14 90 49
14 91 52
14 92 42
14 93 62
14 94 37
14 95 46
14 96 37
14 97 60
14 98 45
14 99 58
14 100 47
14 101 43
14 102 39
14 103 51
14 104 53
14 105 44
14 106 62
14 107 46
14 108 44
14 109 42
14 110 42
14 111 56
14 112 47
14 113 50
14 114 51
14 115 58
14 116 47
14 117 45
14 118 50
14 119 43
14 120 55
14 121 42
14 122 45
14 123 45
14 124 45
14 125 54
14 126 52
14 127 53
14 128 40
14 129 40
14 130 56
14 131 49
14 132 41
14 133 40
14 134 43
14 135 42
14 136 53
14 137 41
14 138 51
14 139 52
14 140 50
14 141 46
14 142 59
14 143 46
14 144 53
14 145 44
14 146 47
14 147 54
14 148 51
14 149 53
15 0 52
15 1 46
15 2 52
15 3 56
15 4 41
15 5 53
15 6 43
15 7 70
15 8 46
15 9 45
15 10 56
15 11 60
15 12 58
15 13 41
15 14 46
15 15 56
15 16 59
15 17 67
15 18 61
15 19 36
15 20 57
15 21 53
15 22 33
15 23 45
15 24 54
15 25 33
15 26 55
15 27 55
15 28 44
15 29 55
15 30 43
15 31 40
15 32 52
15 33 49
15 34 51
15 35 57
15 36 55
15 37 58
15 38 53
15 39 59
15 40 40
15 41 37
15 42 45
15 43 46
15 44 60
15 45 58
15 46 47
15 47 51
15 48 44
15 49 55
15 50 44
15 51 49
15 52 38
15 53 49
15 54 47
15 55 51
15 56 58
15 57 29
15 58 56
15 59 72
15 60 52
15 61 59
15 62 53
15 63 56
15 64 47
15 65 53
15 66 44
15 67 66
15 68 46
15 69 50
15 70 47
15 71 49
15 72 50
15 73 51
15 74 47
15 75 51
15 76 56
15 77 45
15 78 54
15 79 51
15 80 52
15 81 60
15 82 44
15 83 41
15 84 51
15 85 57
15 86 58
15 87 58
15 88 52
15 89 44
15 90 45
15 91 50
15 92 54
15 93 41
15 94 41
15 95 54
15 96 59
15 97 45
15 98 46
15 99 42
15 100 45
15 101 49
15 102 38
15 103 49
15 104 34
15 105 52
15 106 53
15 107 45
15 108 38
15 109 44
15 110 57
15 111 56
15 112 52
15 113 53
15 114 51
15 115 46
15 116 61
15 117 66
15 118 48
15 119 66
15 120 43
15 121 52
15 122 36
15 123 43
15 124 44
15 125 56
15 126 46
15 127 46
15 128 57
15 129 49
15 130 56
15 131 45
15 132 43
15 133 48
15 134 65
15 135 47
15 136 56
15 137 39
15 138 49
15 139 45
15 140 53
15 141 50
15 142 51
15 143 58
15 144 60
15 145 51
15 146 46
15 147 54
15 148 54
15 149 45
16 0 63
16 1 28
16 2 49
16 3 50
16 4 46
16 5 57
16 6 46
16 7 53
16 8 50
16 9 39
16 10 49
16 11 51
16 12 44
16 13 50
16 14 46
16 15 62
16 16 59
16 17 53
16 18 45
16 19 58
16 20 47
16 21 50
16 22 50
16 23 47
16 24 50
16 25 51
16 26 49
16 27 54
16 28 55
16 29 55
16 30 51
16 31 45
16 32 55
16 33 42
16 34 47
16 35 44
16 36 55
16 37 49
16 38 61
16 39 50
16 40 64
16 41 58
16 42 52
16 43 58
16 44 41
16 45 44
16 46 45
16 47 52
16 48 47
16 49 38
16 50 46
16 51 59
16 52 52
16 53 40
16 54 46
16 55 56
16 56 51
16 57 45
16 58 56
16 59 71
16 60 51
16 61 58
16 62 48
16 63 54
16 64 60
16 65 62
16 66 55
16 67 62
16 68 54
16 69 48
16 70 56
16 71 42
16 72 46
16 73 57
16 74 57
16 75 56
16 76 49
16 77 64
16 78 44
16 79 44
16 80 60
16 81 43
16 82 55
16 83 49
16 84 34
16 85 44
16 86 48
16 87 35
16 88 53
16 89 38
16 90 48
16 91 47
16 92 49
16 93 43
16 94 60
16 95 56
16 96 52
16 97 49
16 98 42
16 99 49
16 100 57
16 101 41
16 102 56
16 103 44
16 104 42
16 105 47
16 106 50
16 107 56
16 108 40
16 109 51
16 110 44
16 111 44
16 112 50
16 113 60
16 114 63
16 115 52
16 116 58
16 117 52
16 118 53
16 119 51
16 120 50
16 121 44
16 122 41
16 123 42
16 124 44
16 125 50
16 126 45
16 127 53
16 128 48
16 129 47
16 130 48
16 131 46
16 132 50
16 133 51
16 134 53
16 135 53
16 136 48
16 137 42
16 138 46
16 139 62
16 140 50
16 141 40
16 142 56
16 143 38
16 144 54
16 145 51
16 146 52
16 147 36
16 148 55
16 149 54
17 0 56
17 1 58
17 2 47
17 3 49
17 4 50
17 5 55
17 6 52
17 7 61
17 8 42
17 9 58
17 10 45
17 11 50
17 12 49
17 13 38
17 14 50
17 15 58
17 16 44
17 17 52
17 18 51
17 19 54
17 20 63
17 21 55
17 22 52
17 23 41
17 24 54
17 25 33
17 26 45
17 27 52
17 28 50
17 29 57
17 30 52
17 31 66
17 32 40
17 33 58
17 34 59
17 35 57
17 36 57
17 37 48
17 38 54
17 39 42
17 40 41
17 41 58
17 42 43
17 43 52
17 44 36
17 45 64
17 46 51
17 47 44
17 48 49
17 49 63
17 50 61
17 51 42
17 52 54
17 53 56
17 54 55
17 55 36
17 56 59
17 57 50
17 58 54
17 59 61
17 60 46
17 61 53
17 62 59
17 63 51
17 64 54
17 65 63
17 66 50
17 67 47
17 68 57
17 69 56
17 70 57
17 71 50
17 72 47
17 73 48
17 74 39
17 75 49
17 76 65
17 77 58
17 78 51
17 79 53
17 80 47
17 81 47
17 82 48
17 83 53
17 84 56
17 85 52
17 86 50
17 87 51
17 88 39
17 89 50
17 90 44
17 91 58
17 92 55
17 93 48
17 94 46
17 95 46
17 96 54
17 97 60
17 98 47
17 99 41
17 100 49
17 101 49
17 102 51
17 103 57
17 104 59
17 105 54
17 106 45
17 107 34
17 108 52
17 109 49
17 110 51
17 111 49
17 112 50
17 113 51
17 114 41
17 115 68
17 116 46
17 117 38
17 118 54
17 119 56
17 120 52
17 121 58
17 122 52
17 123 51
17 124 50
17 125 50
17 126 51
17 127 49
17 128 43
17 129 49
17 130 43
17 131 46
17 132 47
17 133 44
17 134 37
17 135 43
17 136 42
17 137 56
17 138 43
17 139 54
17 140 39
17 141 55
17 142 49
17 143 43
17 144 52
17 145 55
17 146 42
17 147 55
17 148 59
17 149 56
18 0 41
18 1 56
18 2 47
18 3 43
18 4 38
18 5 54
18 6 58
18 7 55
18 8 52
18 9 36
18 10 49
18 11 56
18 12 53
18 13 49
18 14 49
18 15 42
18 16 51
18 17 39
18 18 46
18 19 58
18 20 52
18 21 51
18 22 65
18 23 55
18 24 44
18 25 46
18 26 45
18 27 53
18 28 57
18 29 47
18 30 37
18 31 49
18 32 58
18 33 49
18 34 52
18 35 50
18 36 47
18 37 58
18 38 44
18 39 57
18 40 47
18 41 45
18 42 52
18 43 51
18 44 64
18 45 63
18 46 44
18 47 51
18 48 63
18 49 38
18 50 56
18 51 62
18 52 49
18 53 49
18 54 37
18 55 51
18 56 43
18 57 57
18 58 45
18 59 35
18 60 54
18 61 59
18 62 51
18 63 47
18 64 51
18 65 58
18 66 37
18 67 35
18 68 45
18 69 58
18 70 54
18 71 57
18 72 54
18 73 39
18 74 48
18 75 44
18 76 53
18 77 50
18 78 45
18 79 43
18 80 59
18 81 47
18 82 56
18 83 49
18 84 58
18 85 60
18 86 49
18 87 33
18 88 51
18 89 42
18 90 51
18 91 62
18 92 48
18 93 50
18 94 41
18 95 61
18 96 53
18 97 58
18 98 29
18 99 64
18 100 52
18 101 61
18 102 53
18 103 45
18 104 45
18 105 57
18 106 33
18 107 50
18 108 45
18 109 43
18 110 46
18 111 44
18 112 55
18 113 54
18 114 50
18 115 53
18 116 37
18 117 55
18 118 55
18 119 47
18 120 45
18 121 56
18 122 38
18 123 47
18 124 46
18 125 49
18 126 50
18 127 48
18 128 64
18 129 50
18 130 44
18 131 50
18 132 52
18 133 44
18 134 45
18 135 48
18 136 44
18 137 59
18 138 57
18 139 50
18 140 52
18 141 51
18 142 47
18 143 54
18 144 37
18 145 43
18 146 60
18 147 51
18 148 40
18 149 42
19 0 37
19 1 35
19 2 41
19 3 46
19 4 55
19 5 57
19 6 45
19 7 55
19 8 56
19 9 43
19 10 52
19 11 46
19 12 49
19 13 47
19 14 40
19 15 51
19 16 43
19 17 54
19 18 37
19 19 43
19 20 47
19 21 46
19 22 60
19 23 64
19 24 54
19 25 57
19 26 45
19 27 51
19 28 47
19 29 52
19 30 53
19 31 53
19 32 48
19 33 51
19 34 44
19 35 45
19 36 55
19 37 59
19 38 46
19 39 59
19 40 46
19 41 70
19 42 49
19 43 49
19 44 48
19 45 56
19 46 56
19 47 51
19 48 57
19 49 52
19 50 58
19 51 45
19 52 51
19 53 53
19 54 51
19 55 52
19 56 44
19 57 50
19 58 53
19 59 53
19 60 61
19 61 61
19 62 53
19 63 62
19 64 45
19 65 52
19 66 46
19 67 47
19 68 66
19 69 55
19 70 49
19 71 55
19 72 51
19 73 53
19 74 54
19 75 38
19 76 38
19 77 49
19 78 58
19 79 62
19 80 62
19 81 46
19 82 35
19 83 38
19 84 52
19 85 48
19 86 44
19 87 48
19 88 46
19 89 47
19 90 50
19 91 39
19 92 50
19 93 43
19 94 47
19 95 54
19 96 37
19 97 47
19 98 52
19 99 34
19 100 48
19 101 49
19 102 56
19 103 59
19 104 53
19 105 37
19 106 48
19 107 55
19 108 48
19 109 47
19 110 51
19 111 51
19 112 46
19 113 38
19 114 43
19 115 56
19 116 56
19 117 46
19 118 46
19 119 40
19 120 53
19 121 39
19 122 52
19 123 39
19 124 40
19 125 53
19 126 48
19 127 35
19 128 53
19 129 38
19 130 51
19 131 49
19 132 44
19 133 48
19 134 47
19 135 45
19 136 44
19 137 51
19 138 44
19 139 51
19 140 53
19 141 47
19 142 51
19 143 52
19 144 48
19 145 46
19 146 40
19 147 38
19 148 45
19 149 43
20 0 54
20 1 48
20 2 56
20 3 41
20 4 55
20 5 41
20 6 58
20 7 56
20 8 49
20 9 51
20 10 59
20 11 61
20 12 58
20 13 77
20 14 49
20 15 64
20 16 63
20 17 50
20 18 50
20 19 46
20 20 59
20 21 57
20 22 44
20 23 57
20 24 53
20 25 41
20 26 56
20 27 71
20 28 56
20 29 43
20 30 47
20 31 58
20 32 42
20 33 47
20 34 56
20 35 40
20 36 60
20 37 55
20 38 62
20 39 52
20 40 60
20 41 66
20 42 52
20 43 56
20 44 57
20 45 56
20 46 51
20 47 54
20 48 50
20 49 49
20 50 43
20 51 61
20 52 52
20 53 49
20 54 51
20 55 49
20 56 50
20 57 51
20 58 46
20 59 56
20 60 50
20 61 48
20 62 53
20 63 58
20 64 52
20 65 42
20 66 63
20 67 44
20 68 49
20 69 59
20 70 45
20 71 54
20 72 48
20 73 41
20 74 56
20 75 56
20 76 43
20 77 52
20 78 50
20 79 60
20 80 55
20 81 58
20 82 43
20 83 41
20 84 45
20 85 44
20 86 60
20 87 48
20 88 55
20 89 41
20 90 52
20 91 49
20 92 43
20 93 45
20 94 44
20 95 50
20 96 44
20 97 55
20 98 49
20 99 40
20 100 54
20 101 61
20 102 51
20 103 40
20 104 67
20 105 43
20 106 49
20 107 64
20 108 52
20 109 50
20 110 39
20 111 56
20 112 55
20 113 57
20 114 56
20 115 60
20 116 51
20 117 50
20 118 38
20 119 63
20 120 38
20 121 42
20 122 48
20 123 47
20 124 42
20 125 54
20 126 56
20 127 42
20 128 45
20 129 46
20 130 43
20 131 51
20 132 40
20 133 46
20 134 50
20 135 47
20 136 54
20 137 43
20 138 38
20 139 53
20 140 48
20 141 54
20 142 43
20 143 47
20 144 59
20 145 48
20 146 59
20 147 52
20 148 45
20 149 51
21 0 51
21 1 39
21 2 56
21 3 59
21 4 54
21 5 45
21 6 54
21 7 41
21 8 64
21 9 61
21 10 64
21 11 47
21 12 44
21 13 45
21 14 46
21 15 53
21 16 48
21 17 51
21 18 57
21 19 43
21 20 59
21 21 61
21 22 68
21 23 50
21 24 49
21 25 46
21 26 51
21 27 68
21 28 42
21 29 34
21 30 51
21 31 47
21 32 63
21 33 51
21 34 60
21 35 45
21 36 54
21 37 55
21 38 54
21 39 54
21 40 38
21 41 67
21 42 53
21 43 68
21 44 59
21 45 60
21 46 60
21 47 43
21 48 53
21 49 55
21 50 59
21 51 50
21 52 54
21 53 49
21 54 68
21 55 51
21 56 41
21 57 48
21 58 50
21 59 51
21 60 54
21 61 49
21 62 55
21 63 48
21 64 62
21 65 56
21 66 60
21 67 47
21 68 55
21 69 42
21 70 44
21 71 48
21 72 41
21 73 45
21 74 46
21 75 45
21 76 53
21 77 38
21 78 53
21 79 45
21 80 40
21 81 44
21 82 53
21 83 49
21 84 53
21 85 56
21 86 38
21 87 57
21 88 42
21 89 33
21 90 42
21 91 58
21 92 46
21 93 38
21 94 51
21 95 49
21 96 41
21 97 48
21 98 53
21 99 63
21 100 41
21 101 54
21 102 53
21 103 61
21 104 55
21 105 49
21 106 48
21 107 59
21 108 57
21 109 66
21 110 47
21 111 52
21 112 57
21 113 55
21 114 44
21 115 35
21 116 48
21 117 46
21 118 48
21 119 39
21 120 47
21 121 49
21 122 58
21 123 56
21 124 34
21 125 54
21 126 39
21 127 52
21 128 44
21 129 52
21 130 47
21 131 65
21 132 50
21 133 50
21 134 53
21 135 54
21 136 49
21 137 55
21 138 64
21 139 55
21 140 44
21 141 50
21 142 37
21 143 40
21 144 56
21 145 44
21 146 47
21 147 39
21 148 47
21 149 55
22 0 37
22 1 51
22 2 41
22 3 47
22 4 44
22 5 39
22 6 51
22 7 50
22 8 40
22 9 50
22 10 48
22 11 58
22 12 43
22 13 38
22 14 51
22 15 44
22 16 50
22 17 47
22 18 45
22 19 43
22 20 64
22 21 37
22 22 64
22 23 54
22 24 49
22 25 42
22 26 58
22 27 43
22 28 45
22 29 65
22 30 50
22 31 51
22 32 46
22 33 55
22 34 53
22 35 48
22 36 49
22 37 51
22 38 64
22 39 62
22 40 50
22 41 55
22 42 48
22 43 61
22 44 48
22 45 54
22 46 45
22 47 60
22 48 56
22 49 55
22 50 47
22 51 49
22 52 66
22 53 56
22 54 62
22 55 57
22 56 58
22 57 57
22 58 41
22 59 56
22 60 59
22 61 40
22 62 52
22 63 50
22 64 45
22 65 38
22 66 39
22 67 47
22 68 49
22 69 60
22 70 50
22 71 47
22 72 46
22 73 43
22 74 56
22 75 73
22 76 50
22 77 65
22 78 47
22 79 49
22 80 40
22 81 36
22 82 55
22 83 44
22 84 52
22 85 41
22 86 45
22 87 55
22 88 51
22 89 64
22 90 43
22 91 47
22 92 40
22 93 39
22 94 54
22 95 57
22 96 57
22 97 46
22 98 47
22 99 41
22 100 49
22 101 44
22 102 46
22 103 61
22 104 49
22 105 60
22 106 46
22 107 48
22 108 63
22 109 46
22 110 50
22 111 54
22 112 45
22 113 51
22 114 49
22 115 53
22 116 49
22 117 45
22 118 42
22 119 50
22 120 58
22 121 42
22 122 50
22 123 37
22 124 57
22 125 48
22 126 30
22 127 66
22 128 55
22 129 60
22 130 40
22 131 38
22 132 50
22 133 47
22 134 49
22 135 50
22 136 47
22 137 39
22 138 38
22 139 44
22 140 49
22 141 50
22 142 56
22 143 54
22 144 47
22 145 55
22 146 57
22 147 60
22 148 50
22 149 40
23 0 54
23 1 56
23 2 37
23 3 54
23 4 60
23 5 39
23 6 32
23 7 52
23 8 61
23 9 60
23 10 49
23 11 35
23 12 56
23 13 48
23 14 61
23 15 35
23 16 44
23 17 63
23 18 51
23 19 47
23 20 53
23 21 44
23 22 49
23 23 42
23 24 45
23 25 45
23 26 48
23 27 42
23 28 52
23 29 56
23 30 68
23 31 59
23 32 45
23 33 46
23 34 52
23 35 55
23 36 53
23 37 57
23 38 53
23 39 47
23 40 53
23 41 51
23 42 57
23 43 40
23 44 49
23 45 48
23 46 60
23 47 54
23 48 59
23 49 59
23 50 46
23 51 57
23 52 44
23 53 63
23 54 58
23 55 69
23 56 55
23 57 37
23 58 59
23 59 49
23 60 47
23 61 61
23 62 41
23 63 54
23 64 59
23 65 48
23 66 51
23 67 43
23 68 47
23 69 44
23 70 48
23 71 36
23 72 56
23 73 56
23 74 43
23 75 54
23 76 44
23 77 57
23 78 50
23 79 43
23 80 43
23 81 59
23 82 46
23 83 57
23 84 47
23 85 48
23 86 49
23 87 57
23 88 52
23 89 44
23 90 51
23 91 37
23 92 53
23 93 45
23 94 55
23 95 48
23 96 65
23 97 65
23 98 56
23 99 51
23 100 51
23 101 51
23 102 46
23 103 40
23 104 48
23 105 55
23 106 54
23 107 53
23 108 49
23 109 50
23 110 57
23 111 48
23 112 56
23 113 54
23 114 54
23 115 52
23 116 54
23 117 46
23 118 49
23 119 56
23 120 38
23 121 48
23 122 40
23 123 68
23 124 43
23 125 41
23 126 57
23 127 53
23 128 68
23 129 38
23 130 41
23 131 48
23 132 55
23 133 45
23 134 50
23 135 45
23 136 44
23 137 52
23 138 47
23 139 49
23 140 64
23 141 54
23 142 47
23 143 45
23 144 28
23 145 54
23 146 43
23 147 38
23 148 54
23 149 38
24 0 52
24 1 45
24 2 39
24 3 47
24 4 39
24 5 54
24 6 53
24 7 52
24 8 45
24 9 46
24 10 55
24 11 50
24 12 32
24 13 53
24 14 57
24 15 52
24 16 49
24 17 46
24 18 38
24 19 35
24 20 50
24 21 42
24 22 49
24 23 54
24 24 41
24 25 37
24 26 47
24 27 39
24 28 48
24 29 55
24 30 38
24 31 47
24 32 60
24 33 55
24 34 56
24 35 35
24 36 48
24 37 61
24 38 46
24 39 66
24 40 50
24 41 44
24 42 37
24 43 60
24 44 48
24 45 42
24 46 40
24 47 64
24 48 64
24 49 58
24 50 44
24 51 51
24 52 58
24 53 56
24 54 52
24 55 56
24 56 49
24 57 54
24 58 44
24 59 58
24 60 43
24 61 43
24 62 42
24 63 55
24 64 50
24 65 52
24 66 42
24 67 45
24 68 48
24 69 44
24 70 48
24 71 45
24 72 38
24 73 49
24 74 46
24 75 49
24 76 46
24 77 47
24 78 43
24 79 52
24 80 42
24 81 46
24 82 48
24 83 57
24 84 52
24 85 51
24 86 47
24 87 49
24 88 43
24 89 56
24 90 45
24 91 51
24 92 51
24 93 46
24 94 70
24 95 42
24 96 56
24 97 46
24 98 40
24 99 59
24 100 54
24 101 55
24 102 37
24 103 45
24 104 52
24 105 46
24 106 49
24 107 48
24 108 37
24 109 48
24 110 48
24 111 50
24 112 58
24 113 54
24 114 64
24 115 48
24 116 48
24 117 47
24 118 51
24 119 53
24 120 57
24 121 39
24 122 55
24 123 44
24 124 40
24 125 60
24 126 36
24 127 44
24 128 52
24 129 43
24 130 58
24 131 49
24 132 45
24 133 47
24 134 45
24 135 50
24 136 62
24 137 44
24 138 63
24 139 53
24 140 43
24 141 52
24 142 57
24 143 50
24 144 54
24 145 54
24 146 58
24 147 53
24 148 54
24 149 55
25 0 46
25 1 48
25 2 59
25 3 44
25 4 45
25 5 55
25 6 53
25 7 44
25 8 48
25 9 48
25 10 54
25 11 45
25 12 46
25 13 67
25 14 61
25 15 60
25 16 47
25 17 50
25 18 69
25 19 45
25 20 57
25 21 51
25 22 40
25 23 43
25 24 52
25 25 44
25 26 41
25 27 54
25 28 57
25 29 48
25 30 53
25 31 40
25 32 48
25 33 48
25 34 72
25 35 58
25 36 52
25 37 55
25 38 50
25 39 57
25 40 48
25 41 36
25 42 57
25 43 53
25 44 65
25 45 53
25 46 55
25 47 55
25 48 60
25 49 51
25 50 46
25 51 48
25 52 48
25 53 61
25 54 56
25 55 45
25 56 48
25 57 60
25 58 57
25 59 46
25 60 54
25 61 52
25 62 56
25 63 55
25 64 57
25 65 53
25 66 36
25 67 37
25 68 49
25 69 29
25 70 58
25 71 51
25 72 51
25 73 63
25 74 60
25 75 62
25 76 58
25 77 45
25 78 60
25 79 57
25 80 37
25 81 46
25 82 43
25 83 56
25 84 51
25 85 66
25 86 53
25 87 58
25 88 49
25 89 46
25 90 42
25 91 49
25 92 54
25 93 56
25 94 37
25 95 47
25 96 38
25 97 45
25 98 58
25 99 50
25 100 42
25 101 47
25 102 43
25 103 56
25 104 46
25 105 52
25 106 57
25 107 38
25 108 43
25 109 45
25 110 39
25 111 43
25 112 47
25 113 41
25 114 43
25 115 60
25 116 50
25 117 63
25 118 71
25 119 68
25 120 54
25 121 45
25 122 57
25 123 54
25 124 44
25 125 44
25 126 45
25 127 53
25 128 50
25 129 43
25 130 45
25 131 55
25 132 53
25 133 47
25 134 44
25 135 57
25 136 49
25 137 63
25 138 50
25 139 55
25 140 49
25 141 51
25 142 52
25 143 42
25 144 54
25 145 53
25 146 49
25 147 54
25 148 42
25 149 48
26 0 52
26 1 44
26 2 56
26 3 42
26 4 50
26 5 50
26 6 49
26 7 51
26 8 58
26 9 49
26 10 57
26 11 50
26 12 35
26 13 54
26 14 51
26 15 39
26 16 60
26 17 51
26 18 44
26 19 53
26 20 47
26 21 50
26 22 59
26 23 49
26 24 48
26 25 44
26 26 61
26 27 51
26 28 50
26 29 43
26 30 55
26 31 48
26 32 49
26 33 62
26 34 43
26 35 39
26 36 54
26 37 51
26 38 55
26 39 51
26 40 57
26 41 47
26 42 46
26 43 48
26 44 64
26 45 55
26 46 59
26 47 51
26 48 47
26 49 49
26 50 46
26 51 51
26 52 44
26 53 48
26 54 41
26 55 54
26 56 61
26 57 64
26 58 46
26 59 48
26 60 58
26 61 46
26 62 40
26 63 31
26 64 57
26 65 56
26 66 60
26 67 69
26 68 46
26 69 39
26 70 59
26 71 47
26 72 56
26 73 31
26 74 48
26 75 43
26 76 51
26 77 48
26 78 42
26 79 59
26 80 37
26 81 45
26 82 51
26 83 41
26 84 55
26 85 55
26 86 51
26 87 51
26 88 57
26 89 46
26 90 51
26 91 37
26 92 42
26 93 56
26 94 53
26 95 41
26 96 58
26 97 56
26 98 50
26 99 53
26 100 45
26 101 45
26 102 60
26 103 47
26 104 43
26 105 63
26 106 47
26 107 43
26 108 38
26 109 44
26 110 43
26 111 48
26 112 42
26 113 49
26 114 44
26 115 56
26 116 46
26 117 49
26 118 47
26 119 50
26 120 42
26 121 45
26 122 65
26 123 43
26 124 52
26 125 46
26 126 44
26 127 50
26 128 47
26 129 53
26 130 43
26 131 40
26 132 52
26 133 61
26 134 50
26 135 42
26 136 52
26 137 55
26 138 59
26 139 50
26 140 53
26 141 44
26 142 48
26 143 44
26 144 44
26 145 42
26 146 58
26 147 49
26 148 55
26 149 42
27 0 48
27 1 46
27 2 48
27 3 50
27 4 55
27 5 49
27 6 47
27 7 52
27 8 41
27 9 68
27 10 57
27 11 55
27 12 53
27 13 58
27 14 52
27 15 47
27 16 42
27 17 64
27 18 56
27 19 43
27 20 54
27 21 51
27 22 55
27 23 38
27 24 60
27 25 54
27 26 43
27 27 50
27 28 60
27 29 50
27 30 64
27 31 45
27 32 50
27 33 59
27 34 54
27 35 62
27 36 61
27 37 57
27 38 49
27 39 56
27 40 43
27 41 58
27 42 51
27 43 60
27 44 53
27 45 55
27 46 55
27 47 38
27 48 50
27 49 45
27 50 53
27 51 61
27 52 43
27 53 41
27 54 62
27 55 43
27 56 55
27 57 61
27 58 47
27 59 61
27 60 57
27 61 59
27 62 47
27 63 52
27 64 49
27 65 43
27 66 52
27 67 53
27 68 49
27 69 54
27 70 46
27 71 58
27 72 50
27 73 55
27 74 58
27 75 51
27 76 47
27 77 56
27 78 49
27 79 53
27 80 64
27 81 48
27 82 51
27 83 44
27 84 38
27 85 46
27 86 50
27 87 43
27 88 47
27 89 53
27 90 47
27 91 58
27 92 59
27 93 50
27 94 54
27 95 58
27 96 58
27 97 53
27 98 53
27 99 61
27 100 49
27 101 34
27 102 58
27 103 56
27 104 53
27 105 49
27 106 42
27 107 58
27 108 35
27 109 54
27 110 52
27 111 57
27 112 52
27 113 53
27 114 50
27 115 54
27 116 41
27 117 43
27 118 44
27 119 43
27 120 57
27 121 52
27 122 57
27 123 47
27 124 54
27 125 48
27 126 48
27 127 41
27 128 46
27 129 54
27 130 47
27 131 37
27 132 43
27 133 47
27 134 45
27 135 58
27 136 48
27 137 53
27 138 52
27 139 34
27 140 54
27 141 45
27 142 47
27 143 58
27 144 55
27 145 41
27 146 41
27 147 49
27 148 51
27 149 52
28 0 52
28 1 52
28 2 55
28 3 57
28 4 46
28 5 48
28 6 48
28 7 48
28 8 41
28 9 44
28 10 34
28 11 44
28 12 51
28 13 56
28 14 34
28 15 48
28 16 47
28 17 53
28 18 47
28 19 46
28 20 49
28 21 57
28 22 56
28 23 46
28 24 50
28 25 44
28 26 47
28 27 37
28 28 55
28 29 58
28 30 34
28 31 51
28 32 47
28 33 58
28 34 46
28 35 49
28 36 57
28 37 50
28 38 63
28 39 47
28 40 52
28 41 50
28 42 55
28 43 57
28 44 45
28 45 40
28 46 54
28 47 39
28 48 56
28 49 51
28 50 50
28 51 54
28 52 39
28 53 56
28 54 57
28 55 59
28 56 60
28 57 51
28 58 61
28 59 45
28 60 46
28 61 62
28 62 50
28 63 54
28 64 54
28 65 46
28 66 51
28 67 39
28 68 52
28 69 51
28 70 44
28 71 45
28 72 45
28 73 42
28 74 48
28 75 49
28 76 44
28 77 39
28 78 40
28 79 63
28 80 38
28 81 66
28 82 51
28 83 54
28 84 57
28 85 54
28 86 66
28 87 42
28 88 46
28 89 42
28 90 55
28 91 41
28 92 51
28 93 49
28 94 60
28 95 48
28 96 58
28 97 51
28 98 52
28 99 42
28 100 50
28 101 56
28 102 52
28 103 50
28 104 50
28 105 36
28 106 50
28 107 50
28 108 51
28 109 57
28 110 39
28 111 54
28 112 45
28 113 55
28 114 48
28 115 43
28 116 44
28 117 44
28 118 52
28 119 45
28 120 43
28 121 57
28 122 45
28 123 56
28 124 50
28 125 46
28 126 48
28 127 46
28 128 51
28 129 65
28 130 41
28 131 51
28 132 52
28 133 44
28 134 48
28 135 69
28 136 55
28 137 41
28 138 54
28 139 48
28 140 65
28 141 59
28 142 44
28 143 51
28 144 51
28 145 44
28 146 51
28 147 49
28 148 51
28 149 55
29 0 42
29 1 41
29 2 44
29 3 43
29 4 51
29 5 38
29 6 52
29 7 57
29 8 46
29 9 56
29 10 57
29 11 57
29 12 56
29 13 44
29 14 52
29 15 46
29 16 55
29 17 57
29 18 57
29 19 59
29 20 49
29 21 53
29 22 49
29 23 45
29 24 64
29 25 57
29 26 37
29 27 52
29 28 50
29 29 52
29 30 43
29 31 54
29 32 47
29 33 44
29 34 50
29 35 42
29 36 49
29 37 47
29 38 43
29 39 43
29 40 43
29 41 35
29 42 51
29 43 48
29 44 48
29 45 48
29 46 48
29 47 43
29 48 46
29 49 45
29 50 49
29 51 60
29 52 56
29 53 59
29 54 53
29 55 42
29 56 45
29 57 49
29 58 50
29 59 48
29 60 40
29 61 52
29 62 43
29 63 60
29 64 54
29 65 50
29 66 52
29 67 57
29 68 46
29 69 47
29 70 62
29 71 62
29 72 57
29 73 45
29 74 55
29 75 45
29 76 61
29 77 58
29 78 53
29 79 43
29 80 57
29 81 39
29 82 50
29 83 59
29 84 41
29 85 52
29 86 49
29 87 40
29 88 46
29 89 48
29 90 48
29 91 30
29 92 50
29 93 49
29 94 46
29 95 42
29 96 50
29 97 50
29 98 45
29 99 49
29 100 54
29 101 46
29 102 40
29 103 33
29 104 37
29 105 59
29 106 45
29 107 53
29 108 60
29 109 43
29 110 60
29 111 45
29 112 36
29 113 42
29 114 38
29 115 47
29 116 51
29 117 56
29 118 55
29 119 50
29 120 47
29 121 48
29 122 52
29 123 55
29 124 49
29 125 54
29 126 45
29 127 37
29 128 52
29 129 47
29 130 50
29 131 52
29 132 54
29 133 57
29 134 53
29 135 52
29 136 52
29 137 41
29 138 65
29 139 54
29 140 44
29 141 52
29 142 41
29 143 50
29 144 50
29 145 32
29 146 47
29 147 47
29 148 43
29 149 48
30 0 53
30 1 54
30 2 50
30 3 43
30 4 62
30 5 56
30 6 43
30 7 53
30 8 50
30 9 41
30 10 39
30 11 49
30 12 58
30 13 42
30 14 39
30 15 41
30 16 49
30 17 55
30 18 48
30 19 42
30 20 66
30 21 42
30 22 53
30 23 43
30 24 54
30 25 42
30 26 60
30 27 39
30 28 48
30 29 46
30 30 56
30 31 45
30 32 57
30 33 53
30 34 48
30 35 58
30 36 46
30 37 33
30 38 62
30 39 47
30 40 44
30 41 51
30 42 44
30 43 46
30 44 46
30 45 51
30 46 59
30 47 55
30 48 55
30 49 45
30 50 51
30 51 44
30 52 38
30 53 48
30 54 52
30 55 46
30 56 42
30 57 51
30 58 40
30 59 46
30 60 50
30 61 51
30 62 44
30 63 49
30 64 57
30 65 45
30 66 32
30 67 71
30 68 50
30 69 40
30 70 49
30 71 44
30 72 53
30 73 50
30 74 49
30 75 52
30 76 47
30 77 44
30 78 41
30 79 44
30 80 42
30 81 65
30 82 51
30 83 37
30 84 43
30 85 52
30 86 51
30 87 43
30 88 52
30 89 52
30 90 37
30 91 56
30 92 56
30 93 43
30 94 61
30 95 46
30 96 44
30 97 46
30 98 50
30 99 50
30 100 43
30 101 48
30 102 58
30 103 43
30 104 47
30 105 52
30 106 63
30 107 51
30 108 41
30 109 56
30 110 52
30 111 57
30 112 56
30 113 54
30 114 41
30 115 55
30 116 71
30 117 44
30 118 51
30 119 47
30 120 38
30 121 50
30 122 47
30 123 52
30 124 62
30 125 37
30 126 48
30 127 52
30 128 38
30 129 50
30 130 63
30 131 52
30 132 69
30 133 41
30 134 44
30 135 47
30 136 58
30 137 55
30 138 60
30 139 48
30 140 51
30 141 60
30 142 38
30 143 61
30 144 50
30 145 39
30 146 40
30 147 58
30 148 46
30 149 42
31 0 62
31 1 46
31 2 34
31 3 51
31 4 57
31 5 63
31 6 46
31 7 47
31 8 52
31 9 56
31 10 50
31 11 47
31 12 46
31 13 58
31 14 49
31 15 49
31 16 51
31 17 58
31 18 42
31 19 57
31 20 51
31 21 46
31 22 46
31 23 49
31 24 49
31 25 47
31 26 39
31 27 45
31 28 31
31 29 44
31 30 52
31 31 44
31 32 56
31 33 37
31 34 47
31 35 59
31 36 50
31 37 41
31 38 63
31 39 45
31 40 41
31 41 46
31 42 59
31 43 55
31 44 52
31 45 49
31 46 44
31 47 47
31 48 54
31 49 44
31 50 47
31 51 42
31 52 44
31 53 46
31 54 41
31 55 53
31 56 55
31 57 56
31 58 52
31 59 43
31 60 53
31 61 49
31 62 50
31 63 42
31 64 47
31 65 50
31 66 37
31 67 42
31 68 46
31 69 58
31 70 42
31 71 48
31 72 59
31 73 53
31 74 45
31 75 49
31 76 37
31 77 51
31 78 53
31 79 49
31 80 58
31 81 48
31 82 50
31 83 51
31 84 49
31 85 54
31 86 42
31 87 48
31 88 51
31 89 58
31 90 54
31 91 59
31 92 51
31 93 56
31 94 58
31 95 56
31 96 56
31 97 65
31 98 40
31 99 39
31 100 49
31 101 58
31 102 56
31 103 56
31 104 50
31 105 55
31 106 44
31 107 46
31 108 32
31 109 43
31 110 56
31 111 59
31 112 50
31 113 51
31 114 51
31 115 46
31 116 48
31 117 42
31 118 43
31 119 47
31 120 58
31 121 45
31 122 52
31 123 52
31 124 50
31 125 53
31 126 66
31 127 57
31 128 51
31 129 48
31 130 50
31 131 43
31 132 40
31 133 47
31 134 47
31 135 47
31 136 38
31 137 58
31 138 49
31 139 43
31 140 38
31 141 57
31 142 56
31 143 53
31 144 45
31 145 55
31 146 52
31 147 47
31 148 43
31 149 46
32 0 48
32 1 54
32 2 49
32 3 59
32 4 39
32 5 43
32 6 48
32 7 36
32 8 64
32 9 45
32 10 46
32 11 53
32 12 51
32 13 47
32 14 50
32 15 51
32 16 49
32 17 46
32 18 38
32 19 46
32 20 52
32 21 62
32 22 44
32 23 59
32 24 43
32 25 52
32 26 44
32 27 51
32 28 42
32 29 42
32 30 42
32 31 42
32 32 41
32 33 51
32 34 41
32 35 37
32 36 48
32 37 47
32 38 58
32 39 61
32 40 34
32 41 42
32 42 50
32 43 57
32 44 40
32 45 49
32 46 48
32 47 61
32 48 43
32 49 48
32 50 53
32 51 40
32 52 45
32 53 63
32 54 51
32 55 47
32 56 52
32 57 49
32 58 44
32 59 50
32 60 50
32 61 54
32 62 49
32 63 39
32 64 45
32 65 36
32 66 38
32 67 62
32 68 38
32 69 46
32 70 52
32 71 40
32 72 49
32 73 47
32 74 57
32 75 53
32 76 44
32 77 43
32 78 59
32 79 49
32 80 40
32 81 51
32 82 49
32 83 43
32 84 47
32 85 43
32 86 59
32 87 58
32 88 46
32 89 47
32 90 39
32 91 37
32 92 48
32 93 44
32 94 55
32 95 44
32 96 53
32 97 45
32 98 53
32 99 47
32 100 46
32 101 59
32 102 43
32 103 47
32 104 41
32 105 44
32 106 49
32 107 39
32 108 45
32 109 50
32 110 45
32 111 53
32 112 51
32 113 60
32 114 49
32 115 60
32 116 47
32 117 44
32 118 48
32 119 47
32 120 65
32 121 41
32 122 57
32 123 58
32 124 43
32 125 55
32 126 60
32 127 56
32 128 55
32 129 55
32 130 52
32 131 67
32 132 55
32 133 50
32 134 50
32 135 63
32 136 43
32 137 64
32 138 52
32 139 66
32 140 39
32 141 49
32 142 48
32 143 59
32 144 47
32 145 51
32 146 51
32 147 50
32 148 46
32 149 43
33 0 48
33 1 56
33 2 40
33 3 49
33 4 68
33 5 49
33 6 54
33 7 50
33 8 39
33 9 44
33 10 45
33 11 40
33 12 48
33 13 47
33 14 42
33 15 46
33 16 41
33 17 55
33 18 51
33 19 53
33 20 47
33 21 62
33 22 63
33 23 42
33 24 42
33 25 41
33 26 38
33 27 39
33 28 35
33 29 46
33 30 48
33 31 56
33 32 39
33 33 45
33 34 49
33 35 48
33 36 42
33 37 54
33 38 50
33 39 50
33 40 47
33 41 45
33 42 50
33 43 45
33 44 51
33 45 53
33 46 42
33 47 54
33 48 60
33 49 65
33 50 37
33 51 50
33 52 60
33 53 54
33 54 41
33 55 49
33 56 51
33 57 39
33 58 45
33 59 48
33 60 45
33 61 60
33 62 64
33 63 41
33 64 40
33 65 61
33 66 60
33 67 45
33 68 47
33 69 61
33 70 49
33 71 57
33 72 50
33 73 42
33 74 59
33 75 49
33 76 43
33 77 47
33 78 57
33 79 42
33 80 45
33 81 49
33 82 50
33 83 51
33 84 40
33 85 57
33 86 58
33 87 44
33 88 55
33 89 55
33 90 67
33 91 47
33 92 51
33 93 42
33 94 52
33 95 46
33 96 62
33 97 51
33 98 49
33 99 54
33 100 51
33 101 43
33 102 48
33 103 64
33 104 40
33 105 50
33 106 45
33 107 44
33 108 51
33 109 58
33 110 47
33 111 51
33 112 46
33 113 48
33 114 55
33 115 36
33 116 50
33 117 53
33 118 59
33 119 43
33 120 47
33 121 55
33 122 45
33 123 42
33 124 55
33 125 47
33 126 55
33 127 51
33 128 44
33 129 55
33 130 54
33 131 46
33 132 52
33 133 51
33 134 60
33 135 54
33 136 49
33 137 44
33 138 51
33 139 49
33 140 52
33 141 66
33 142 60
33 143 46
33 144 63
33 145 41
33 146 49
33 147 43
33 148 59
33 149 54
34 0 58
34 1 42
34 2 45
34 3 65
34 4 54
34 5 49
34 6 47
34 7 45
34 8 47
34 9 50
34 10 52
34 11 40
34 12 37
34 13 51
34 14 51
34 15 59
34 16 48
34 17 39
34 18 66
34 19 48
34 20 63
34 21 38
34 22 44
34 23 43
34 24 38
34 25 40
34 26 42
34 27 39
34 28 44
34 29 62
34 30 48
34 31 51
34 32 57
34 33 44
34 34 33
34 35 38
34 36 40
34 37 56
34 38 52
34 39 53
34 40 48
34 41 47
34 42 51
34 43 48
34 44 48
34 45 50
34 46 50
34 47 36
34 48 39
34 49 58
34 50 45
34 51 37
34 52 47
34 53 47
34 54 59
34 55 47
34 56 28
34 57 41
34 58 59
34 59 50
34 60 50
34 61 59
34 62 42
34 63 45
34 64 45
34 65 34
34 66 42
34 67 39
34 68 52
34 69 41
34 70 35
34 71 49
34 72 44
34 73 53
34 74 50
34 75 47
34 76 52
34 77 47
34 78 44
34 79 45
34 80 52
34 81 47
34 82 55
34 83 45
34 84 59
34 85 52
34 86 46
34 87 59
34 88 38
34 89 54
34 90 53
34 91 51
34 92 50
34 93 48
34 94 53
34 95 44
34 96 56
34 97 38
34 98 68
34 99 50
34 100 48
34 101 54
34 102 54
34 103 47
34 104 51
34 105 52
34 106 49
34 107 42
34 108 46
34 109 43
34 110 61
34 111 55
34 112 49
34 113 48
34 114 43
34 115 53
34 116 49
34 117 50
34 118 49
34 119 44
34 120 49
34 121 53
34 122 55
34 123 52
34 124 54
34 125 53
34 126 51
34 127 50
34 128 49
34 129 45
34 130 65
34 131 63
34 132 49
34 133 56
34 134 60
34 135 43
34 136 43
34 137 46
34 138 42
34 139 66
34 140 47
34 141 39
34 142 50
34 143 44
34 144 52
34 145 44
34 146 44
34 147 41
34 148 35
34 149 42
35 0 54
35 1 44
35 2 58
35 3 48
35 4 47
35 5 49
35 6 51
35 7 50
35 8 52
35 9 54
35 10 49
35 11 48
35 12 46
35 13 49
35 14 43
35 15 50
35 16 44
35 17 41
35 18 40
35 19 51
35 20 42
35 21 54
35 22 52
35 23 52
35 24 51
35 25 62
35 26 56
35 27 48
35 28 36
35 29 51
35 30 50
35 31 46
35 32 37
35 33 38
35 34 47
35 35 47
35 36 43
35 37 46
35 38 42
35 39 38
35 40 57
35 41 35
35 42 47
35 43 51
35 44 50
35 45 50
35 46 53
35 47 54
35 48 46
35 49 37
35 50 53
35 51 43
35 52 54
35 53 49
35 54 56
35 55 51
35 56 47
35 57 48
35 58 49
35 59 53
35 60 36
35 61 39
35 62 53
35 63 45
35 64 44
35 65 53
35 66 37
35 67 42
35 68 42
35 69 48
35 70 58
35 71 41
35 72 53
35 73 50
35 74 48
35 75 51
35 76 37
35 77 53
35 78 38
35 79 42
35 80 52
35 81 51
35 82 64
35 83 43
35 84 51
35 85 59
35 86 48
35 87 56
35 88 38
35 89 60
35 90 54
35 91 48
35 92 51
35 93 49
35 94 62
35 95 45
35 96 54
35 97 53
35 98 50
35 99 51
35 100 50
35 101 54
35 102 36
35 103 53
35 104 52
35 105 50
35 106 59
35 107 50
35 108 53
35 109 55
35 110 51
35 111 44
35 112 53
35 113 56
35 114 36
35 115 44
35 116 35
35 117 59
35 118 48
35 119 45
35 120 49
35 121 44
35 122 48
35 123 47
35 124 47
35 125 51
35 126 47
35 127 60
35 128 49
35 129 46
35 130 46
35 131 47
35 132 55
35 133 50
35 134 42
35 135 46
35 136 58
35 137 46
35 138 48
35 139 44
35 140 46
35 141 59
35 142 43
35 143 39
35 144 60
35 145 43
35 146 46
35 147 45
35 148 56
35 149 52
36 0 44
36 1 44
36 2 50
36 3 43
36 4 58
36 5 43
36 6 62
36 7 38
36 8 40
36 9 48
36 10 65
36 11 49
36 12 47
36 13 49
36 14 45
36 15 61
36 16 47
36 17 45
36 18 52
36 19 41
36 20 39
36 21 47
36 22 50
36 23 44
36 24 48
36 25 52
36 26 43
36 27 38
36 28 51
36 29 50
36 30 36
36 31 40
36 32 44
36 33 42
36 34 59
36 35 56
36 36 53
36 37 33
36 38 51
36 39 38
36 40 41
36 41 52
36 42 40
36 43 36
36 44 60
36 45 43
36 46 39
36 47 47
36 48 52
36 49 37
36 50 43
36 51 41
36 52 47
36 53 51
36 54 35
36 55 50
36 56 45
36 57 39
36 58 34
36 59 59
36 60 49
36 61 48
36 62 43
36 63 39
36 64 52
36 65 47
36 66 46
36 67 54
36 68 40
36 69 51
36 70 54
36 71 52
36 72 56
36 73 46
36 74 42
36 75 44
36 76 46
36 77 55
36 78 41
36 79 52
36 80 47
36 81 50
36 82 47
36 83 47
36 84 53
36 85 51
36 86 41
36 87 54
36 88 39
36 89 47
36 90 42
36 91 43
36 92 44
36 93 42
36 94 52
36 95 45
36 96 62
36 97 59
36 98 45
36 99 51
36 100 49
36 101 57
36 102 41
36 103 61
36 104 48
36 105 47
36 106 50
36 107 60
36 108 40
36 109 52
36 110 62
36 111 45
36 112 37
36 113 50
36 114 59
36 115 39
36 116 54
36 117 42
36 118 53
36 119 59
36 120 48
36 121 45
36 122 52
36 123 37
36 124 51
36 125 47
36 126 50
36 127 54
36 128 48
36 129 55
36 130 38
36 131 56
36 132 51
36 133 61
36 134 44
36 135 62
36 136 57
36 137 53
36 138 38
36 139 75
36 140 54
36 141 53
36 142 47
36 143 48
36 144 46
36 145 51
36 146 47
36 147 42
36 148 38
36 149 53
37 0 55
37 1 36
37 2 48
37 3 36
37 4 50
37 5 40
37 6 56
37 7 43
37 8 53
37 9 56
37 10 53
37 11 37
37 12 48
37 13 45
37 14 48
37 15 50
37 16 45
37 17 50
37 18 57
37 19 46
37 20 60
37 21 33
37 22 50
37 23 33
37 24 48
37 25 50
37 26 42
37 27 49
37 28 54
37 29 53
37 30 46
37 31 41
37 32 46
37 33 60
37 34 37
37 35 51
37 36 51
37 37 44
37 38 51
37 39 49
37 40 48
37 41 62
37 42 44
37 43 52
37 44 51
37 45 37
37 46 40
37 47 42
37 48 54
37 49 48
37 50 50
37 51 35
37 52 35
37 53 51
37 54 36
37 55 39
37 56 39
37 57 44
37 58 56
37 59 41
37 60 36
37 61 35
37 62 33
37 63 40
37 64 48
37 65 41
37 66 50
37 67 32
37 68 35
37 69 48
37 70 47
37 71 50
37 72 39
37 73 41
37 74 46
37 75 45
37 76 56
37 77 38
37 78 42
37 79 34
37 80 48
37 81 41
37 82 49
37 83 41
37 84 38
37 85 42
37 86 55
37 87 53
37 88 38
37 89 59
37 90 58
37 91 47
37 92 52
37 93 52
37 94 52
37 95 64
37 96 48
37 97 41
37 98 45
37 99 59
37 100 37
37 101 59
37 102 55
37 103 54
37 104 55
37 105 47
37 106 45
37 107 48
37 108 50
37 109 47
37 110 60
37 111 55
37 112 46
37 113 52
37 114 52
37 115 52
37 116 43
37 117 46
37 118 58
37 119 53
37 120 67
37 121 43
37 122 39
37 123 55
37 124 64
37 125 53
37 126 46
37 127 36
37 128 52
37 129 44
37 130 50
37 131 50
37 132 71
37 133 51
37 134 63
37 135 52
37 136 49
37 137 48
37 138 52
37 139 36
37 140 50
37 141 43
37 142 50
37 143 36
37 144 54
37 145 39
37 146 48
37 147 48
37 148 60
37 149 47
38 0 42
38 1 46
38 2 49
38 3 55
38 4 61
38 5 50
38 6 55
38 7 63
38 8 37
38 9 43
38 10 45
38 11 42
38 12 50
38 13 43
38 14 39
38 15 52
38 16 44
38 17 46
38 18 50
38 19 51
38 20 36
38 21 36
38 22 42
38 23 35
38 24 46
38 25 33
38 26 56
38 27 51
38 28 49
38 29 49
38 30 53
38 31 47
38 32 48
38 33 51
38 34 35
38 35 51
38 36 52
38 37 57
38 38 57
38 39 46
38 40 54
38 41 56
38 42 42
38 43 39
38 44 40
38 45 38
38 46 56
38 47 56
38 48 51
38 49 44
38 50 37
38 51 46
38 52 36
38 53 39
38 54 52
38 55 39
38 56 34
38 57 47
38 58 44
38 59 50
38 60 32
38 61 55
38 62 44
38 63 37
38 64 61
38 65 64
38 66 54
38 67 42
38 68 49
38 69 50
38 70 49
38 71 33
38 72 52
38 73 52
38 74 50
38 75 44
38 76 62
38 77 49
38 78 51
38 79 33
38 80 39
38 81 54
38 82 49
38 83 54
38 84 64
38 85 50
38 86 55
38 87 48
38 88 55
38 89 61
38 90 57
38 91 52
38 92 52
38 93 54
38 94 43
38 95 56
38 96 45
38 97 60
38 98 46
38 99 56
38 100 45
38 101 41
38 102 51
38 103 42
38 104 49
38 105 41
38 106 50
38 107 56
38 108 57
38 109 50
38 110 62
38 111 46
38 112 53
38 113 44
38 114 45
38 115 45
38 116 59
38 117 42
38 118 52
38 119 50
38 120 55
38 121 42
38 122 41
38 123 50
38 124 59
38 125 54
38 126 50
38 127 48
38 128 39
38 129 43
38 130 43
38 131 55
38 132 45
38 133 61
38 134 62
38 135 49
38 136 56
38 137 44
38 138 58
38 139 49
38 140 52
38 141 47
38 142 47
38 143 40
38 144 51
38 145 54
38 146 46
38 147 54
38 148 50
38 149 37
39 0 40
39 1 73
39 2 56
39 3 41
39 4 39
39 5 39
39 6 44
39 7 48
39 8 52
39 9 44
39 10 52
39 11 59
39 12 51
39 13 64
39 14 52
39 15 42
39 16 45
39 17 49
39 18 57
39 19 51
39 20 54
39 21 46
39 22 48
39 23 49
39 24 48
39 25 40
39 26 45
39 27 49
39 28 53
39 29 42
39 30 46
39 31 46
39 32 47
39 33 54
39 34 45
39 35 36
39 36 57
39 37 49
39 38 47
39 39 46
39 40 55
39 41 41
39 42 33
39 43 46
39 44 55
39 45 41
39 46 43
39 47 46
39 48 45
39 49 48
39 50 55
39 51 46
39 52 45
39 53 45
39 54 38
39 55 49
39 56 47
39 57 40
39 58 49
39 59 49
39 60 42
39 61 53
39 62 32
39 63 47
39 64 42
39 65 39
39 66 36
39 67 46
39 68 40
39 69 50
39 70 41
39 71 32
39 72 31
39 73 37
39 74 45
39 75 37
39 76 49
39 77 38
39 78 48
39 79 46
39 80 40
39 81 46
39 82 58
39 83 43
39 84 57
39 85 46
39 86 49
39 87 43
39 88 35
39 89 46
39 90 41
39 91 49
39 92 50
39 93 43
39 94 58
39 95 48
39 96 45
39 97 56
39 98 54
39 99 46
39 100 48
39 101 56
39 102 49
39 103 49
39 104 53
39 105 43
39 106 51
39 107 38
39 108 55
39 109 47
39 110 53
39 111 42
39 112 57
39 113 56
39 114 40
39 115 45
39 116 46
39 117 34
39 118 49
39 119 53
39 120 44
39 121 60
39 122 54
39 123 50
39 124 53
39 125 44
39 126 47
39 127 51
39 128 45
39 129 54
39 130 48
39 131 44
39 132 36
39 133 55
39 134 47
39 135 47
39 136 40
39 137 57
39 138 48
39 139 55
39 140 43
39 141 55
39 142 54
39 143 42
39 144 54
39 145 49
39 146 42
39 147 44
39 148 40
39 149 41
40 0 63
40 1 57
40 2 52
40 3 44
40 4 63
40 5 39
40 6 62
40 7 39
40 8 62
40 9 44
40 10 40
40 11 41
40 12 54
40 13 50
40 14 53
40 15 49
40 16 53
40 17 31
40 18 45
40 19 44
40 20 45
40 21 47
40 22 44
40 23 37
40 24 54
40 25 47
40 26 32
40 27 42
40 28 42
40 29 49
40 30 38
40 31 49
40 32 50
40 33 43
40 34 47
40 35 45
40 36 52
40 37 37
40 38 47
40 39 48
40 40 47
40 41 38
40 42 42
40 43 50
40 44 38
40 45 44
40 46 45
40 47 39
40 48 49
40 49 47
40 50 44
40 51 48
40 52 45
40 53 47
40 54 41
40 55 53
40 56 48
40 57 51
40 58 45
40 59 44
40 60 48
40 61 44
40 62 54
40 63 38
40 64 47
40 65 44
40 66 43
40 67 60
40 68 50
40 69 50
40 70 43
40 71 55
40 72 37
40 73 36
40 74 51
40 75 37
40 76 48
40 77 58
40 78 49
40 79 47
40 80 54
40 81 42
40 82 48
40 83 50
40 84 52
40 85 48
40 86 46
40 87 30
40 88 53
40 89 50
40 90 54
40 91 50
40 92 53
40 93 65
40 94 41
40 95 43
40 96 44
40 97 58
40 98 46
40 99 45
40 100 49
40 101 50
40 102 66
40 103 47
40 104 46
40 105 45
40 106 54
40 107 45
40 108 46
40 109 35
40 110 61
40 111 48
40 112 64
40 113 36
40 114 45
40 115 46
40 116 45
40 117 45
40 118 58
40 119 41
40 120 43
40 121 40
40 122 47
40 123 38
40 124 41
40 125 51
40 126 49
40 127 46
40 128 52
40 129 51
40 130 42
40 131 51
40 132 60
40 133 46
40 134 48
40 135 37
40 136 46
40 137 47
40 138 59
40 139 53
40 140 55
40 141 62
40 142 47
40 143 40
40 144 43
40 145 47
40 146 62
40 147 53
40 148 46
40 149 56
41 0 53
41 1 45
41 2 49
41 3 54
41 4 46
41 5 55
41 6 46
41 7 44
41 8 48
41 9 58
41 10 40
41 11 49
41 12 57
41 13 57
41 14 34
41 15 55
41 16 37
41 17 50
41 18 37
41 19 62
41 20 51
41 21 36
41 22 38
41 23 36
41 24 41
41 25 43
41 26 43
41 27 47
41 28 33
41 29 52
41 30 44
41 31 48
41 32 55
41 33 37
41 34 43
41 35 38
41 36 41
41 37 42
41 38 55
41 39 38
41 40 48
41 41 58
41 42 46
41 43 48
41 44 43
41 45 48
41 46 37
41 47 41
41 48 44
41 49 54
41 50 52
41 51 48
41 52 47
41 53 36
41 54 48
41 55 53
41 56 56
41 57 37
41 58 51
41 59 46
41 60 41
41 61 50
41 62 53
41 63 50
41 64 53
41 65 48
41 66 49
41 67 63
41 68 51
41 69 45
41 70 49
41 71 57
41 72 47
41 73 44
41 74 42
41 75 41
41 76 47
41 77 40
41 78 41
41 79 42
41 80 39
41 81 42
41 82 45
41 83 57
41 84 43
41 85 43
41 86 43
41 87 41
41 88 45
41 89 44
41 90 41
41 91 45
41 92 39
41 93 44
41 94 50
41 95 46
41 96 54
41 97 41
41 98 51
41 99 50
41 100 46
41 101 37
41 102 43
41 103 45
41 104 50
41 105 40
41 106 46
41 107 52
41 108 56
41 109 41
41 110 45
41 111 55
41 112 46
41 113 56
41 114 46
41 115 35
41 116 43
41 117 49
41 118 38
41 119 56
41 120 43
41 121 42
41 122 51
41 123 58
41 124 50
41 125 56
41 126 39
41 127 38
41 128 53
41 129 41
41 130 42
41 131 54
41 132 46
41 133 41
41 134 47
41 135 61
41 136 47
41 137 45
41 138 55
41 139 57
41 140 45
41 141 41
41 142 56
41 143 42
41 144 43
41 145 47
41 146 52
41 147 48
41 148 39
41 149 42
42 0 51
42 1 42
42 2 42
42 3 51
42 4 49
42 5 52
42 6 51
42 7 52
42 8 45
42 9 54
42 10 46
42 11 40
42 12 62
42 13 43
42 14 57
42 15 55
42 16 51
42 17 44
42 18 48
42 19 48
42 20 46
42 21 45
42 22 44
42 23 45
42 24 45
42 25 50
42 26 53
42 27 47
42 28 39
42 29 55
42 30 56
42 31 38
42 32 55
42 33 49
42 34 54
42 35 50
42 36 56
42 37 55
42 38 51
42 39 48
42 40 53
42 41 41
42 42 35
42 43 40
42 44 52
42 45 59
42 46 48
42 47 43
42 48 35
42 49 49
42 50 42
42 51 45
42 52 44
42 53 61
42 54 44
42 55 51
42 56 44
42 57 53
42 58 60
42 59 48
42 60 47
42 61 28
42 62 35
42 63 58
42 64 47
42 65 38
42 66 39
42 67 47
42 68 38
42 69 52
42 70 43
42 71 47
42 72 47
42 73 50
42 74 53
42 75 53
42 76 48
42 77 41
42 78 50
42 79 50
42 80 50
42 81 55
42 82 40
42 83 35
42 84 44
42 85 57
42 86 41
42 87 45
42 88 42
42 89 41
42 90 51
42 91 57
42 92 51
42 93 42
42 94 52
42 95 41
42 96 56
42 97 56
42 98 49
42 99 55
42 100 42
42 101 51
42 102 49
42 103 50
42 104 44
42 105 47
42 106 59
42 107 52
42 108 44
42 109 47
42 110 60
42 111 44
42 112 59
42 113 44
42 114 39
42 115 45
42 116 35
42 117 47
42 118 46
42 119 46
42 120 58
42 121 46
42 122 39
42 123 46
42 124 43
42 125 49
42 126 37
42 127 49
42 128 33
42 129 70
42 130 46
42 131 48
42 132 46
42 133 53
42 134 49
42 135 61
42 136 36
42 137 49
42 138 38
42 139 56
42 140 54
42 141 56
42 142 47
42 143 44
42 144 43
42 145 59
42 146 47
42 147 47
42 148 45
42 149 57
43 0 45
43 1 44
43 2 44
43 3 45
43 4 47
43 5 30
43 6 52
43 7 50
43 8 39
43 9 49
43 10 43
43 11 48
43 12 52
43 13 61
43 14 57
43 15 58
43 16 48
43 17 51
43 18 52
43 19 52
43 20 43
43 21 36
43 22 43
43 23 41
43 24 56
43 25 37
43 26 34
43 27 42
43 28 57
43 29 42
43 30 42
43 31 53
43 32 41
43 33 42
43 34 38
43 35 36
43 36 57
43 37 43
43 38 50
43 39 53
43 40 38
43 41 37
43 42 46
43 43 40
43 44 49
43 45 50
43 46 50
43 47 27
43 48 33
43 49 44
43 50 51
43 51 45
43 52 49
43 53 55
43 54 47
43 55 41
43 56 50
43 57 46
43 58 55
43 59 56
43 60 39
43 61 55
43 62 47
43 63 41
43 64 47
43 65 37
43 66 49
43 67 51
43 68 57
43 69 48
43 70 44
43 71 38
43 72 53
43 73 51
43 74 40
43 75 45
43 76 52
43 77 38
43 78 39
43 79 45
43 80 34
43 81 49
43 82 28
43 83 43
43 84 47
43 85 40
43 86 51
43 87 45
43 88 47
43 89 57
43 90 47
43 91 49
43 92 48
43 93 33
43 94 45
43 95 60
43 96 54
43 97 41
43 98 48
43 99 44
43 100 58
43 101 44
43 102 49
43 103 49
43 104 61
43 105 46
43 106 39
43 107 68
43 108 45
43 109 50
43 110 53
43 111 41
43 112 45
43 113 52
43 114 37
43 115 53
43 116 53
43 117 43
43 118 53
43 119 40
43 120 57
43 121 42
43 122 43
43 123 46
43 124 50
43 125 39
43 126 50
43 127 37
43 128 50
43 129 53
43 130 52
43 131 38
43 132 55
43 133 49
43 134 52
43 135 44
43 136 49
43 137 38
43 138 44
43 139 45
43 140 47
43 141 47
43 142 54
43 143 54
43 144 46
43 145 53
43 146 45
43 147 47
43 148 54
43 149 48
44 0 47
44 1 33
44 2 47
44 3 48
44 4 47
44 5 52
44 6 43
44 7 38
44 8 38
44 9 34
44 10 52
44 11 43
44 12 57
44 13 50
44 14 51
44 15 38
44 16 38
44 17 52
44 18 61
44 19 39
44 20 39
44 21 53
44 22 54
44 23 39
44 24 41
44 25 48
44 26 44
44 27 38
44 28 46
44 29 46
44 30 38
44 31 33
44 32 42
44 33 45
44 34 32
44 35 32
44 36 38
44 37 44
44 38 48
44 39 56
44 40 43
44 41 54
44 42 62
44 43 61
44 44 44
44 45 45
44 46 48
44 47 48
44 48 29
44 49 43
44 50 48
44 51 55
44 52 29
44 53 51
44 54 48
44 55 48
44 56 36
44 57 46
44 58 52
44 59 45
44 60 55
44 61 37
44 62 41
44 63 59
44 64 34
44 65 38
44 66 47
44 67 55
44 68 40
44 69 42
44 70 64
44 71 40
44 72 36
44 73 58
44 74 50
44 75 38
44 76 56
44 77 58
44 78 53
44 79 46
44 80 57
44 81 45
44 82 43
44 83 56
44 84 47
44 85 45
44 86 41
44 87 46
44 88 43
44 89 46
44 90 40
44 91 37
44 92 67
44 93 49
44 94 47
44 95 46
44 96 42
44 97 44
44 98 44
44 99 47
44 100 49
44 101 49
44 102 51
44 103 39
44 104 51
44 105 48
44 106 42
44 107 52
44 108 42
44 109 54
44 110 57
44 111 44
44 112 50
44 113 51
44 114 48
44 115 43
44 116 52
44 117 40
44 118 41
44 119 47
44 120 43
44 121 45
44 122 51
44 123 50
44 124 45
44 125 47
44 126 44
44 127 41
44 128 51
44 129 61
44 130 57
44 131 57
44 132 49
44 133 60
44 134 54
44 135 45
44 136 41
44 137 43
44 138 49
44 139 63
44 140 41
44 141 44
44 142 47
44 143 54
44 144 50
44 145 48
44 146 55
44 147 49
44 148 50
44 149 42
45 0 43
45 1 37
45 2 41
45 3 45
45 4 42
45 5 62
45 6 44
45 7 46
45 8 35
45 9 32
45 10 46
45 11 44
45 12 64
45 13 52
45 14 63
45 15 38
45 16 58
45 17 43
45 18 58
45 19 39
45 20 45
45 21 58
45 22 49
45 23 53
45 24 45
45 25 48
45 26 40
45 27 38
45 28 45
45 29 41
45 30 56
45 31 44
45 32 59
45 33 57
45 34 64
45 35 58
45 36 38
45 37 57
45 38 48
45 39 49
45 40 62
45 41 44
45 42 40
45 43 40
45 44 46
45 45 41
45 46 50
45 47 60
45 48 40
45 49 52
45 50 41
45 51 42
45 52 46
45 53 40
45 54 61
45 55 46
45 56 54
45 57 46
45 58 51
45 59 46
45 60 41
45 61 57
45 62 39
45 63 40
45 64 52
45 65 57
45 66 43
45 67 51
45 68 57
45 69 55
45 70 61
45 71 49
45 72 69
45 73 47
45 74 54
45 75 44
45 76 55
45 77 55
45 78 51
45 79 45
45 80 51
45 81 47
45 82 47
45 83 43
45 84 45
45 85 46
45 86 52
45 87 53
45 88 49
45 89 48
45 90 50
45 91 58
45 92 41
45 93 50
45 94 51
45 95 47
45 96 60
45 97 38
45 98 48
45 99 52
45 100 48
45 101 56
45 102 39
45 103 50
45 104 41
45 105 35
45 106 43
45 107 51
45 108 38
45 109 41
45 110 53
45 111 42
45 112 41
45 113 47
45 114 37
45 115 44
45 116 51
45 117 53
45 118 56
45 119 36
45 120 42
45 121 44
45 122 43
45 123 47
45 124 47
45 125 45
45 126 43
45 127 42
45 128 50
45 129 47
45 130 46
45 131 46
45 132 48
45 133 44
45 134 45
45 135 49
45 136 47
45 137 55
45 138 46
45 139 60
45 140 45
45 141 43
45 142 65
45 143 50
45 144 46
45 145 37
45 146 48
45 147 48
45 148 53
45 149 46
46 0 35
46 1 41
46 2 52
46 3 38
46 4 34
46 5 48
46 6 51
46 7 36
46 8 40
46 9 48
46 10 54
46 11 40
46 12 47
46 13 48
46 14 51
46 15 43
46 16 42
46 17 40
46 18 49
46 19 55
46 20 50
46 21 56
46 22 47
46 23 43
46 24 46
46 25 40
46 26 44
46 27 42
46 28 52
46 29 52
46 30 48
46 31 44
46 32 45
46 33 62
46 34 47
46 35 58
46 36 44
46 37 52
46 38 40
46 39 51
46 40 33
46 41 36
46 42 39
46 43 46
46 44 59
46 45 47
46 46 45
46 47 47
46 48 51
46 49 52
46 50 56
46 51 43
46 52 54
46 53 44
46 54 38
46 55 46
46 56 53
46 57 56
46 58 55
46 59 40
46 60 45
46 61 36
46 62 46
46 63 46
46 64 52
46 65 41
46 66 61
46 67 62
46 68 50
46 69 33
46 70 48
46 71 50
46 72 50
46 73 39
46 74 42
46 75 43
46 76 34
46 77 59
46 78 50
46 79 38
46 80 47
46 81 54
46 82 49
46 83 54
46 84 52
46 85 46
46 86 49
46 87 41
46 88 53
46 89 48
46 90 51
46 91 49
46 92 39
46 93 52
46 94 53
46 95 55
46 96 54
46 97 49
46 98 56
46 99 42
46 100 40
46 101 52
46 102 56
46 103 52
46 104 42
46 105 41
46 106 45
46 107 38
46 108 51
46 109 44
46 110 48
46 111 40
46 112 52
46 113 48
46 114 59
46 115 45
46 116 33
46 117 37
46 118 46
46 119 58
46 120 37
46 121 48
46 122 41
46 123 52
46 124 51
46 125 51
46 126 46
46 127 61
46 128 58
46 129 56
46 130 48
46 131 51
46 132 57
46 133 46
46 134 48
46 135 42
46 136 41
46 137 49
46 138 44
46 139 43
46 140 53
46 141 47
46 142 55
46 143 53
46 144 46
46 145 42
46 146 51
46 147 46
46 148 50
46 149 39
47 0 38
47 1 49
47 2 42
47 3 58
47 4 46
47 5 39
47 6 38
47 7 55
47 8 38
47 9 38
47 10 47
47 11 52
47 12 33
47 13 61
47 14 40
47 15 56
47 16 43
47 17 42
47 18 48
47 19 42
47 20 43
47 21 41
47 22 42
47 23 48
47 24 51
47 25 50
47 26 35
47 27 53
47 28 64
47 29 60
47 30 48
47 31 45
47 32 54
47 33 40
47 34 45
47 35 50
47 36 48
47 37 43
47 38 45
47 39 39
47 40 43
47 41 55
47 42 53
47 43 41
47 44 43
47 45 34
47 46 51
47 47 50
47 48 46
47 49 35
47 50 52
47 51 50
47 52 43
47 53 57
47 54 36
47 55 42
47 56 44
47 57 42
47 58 47
47 59 39
47 60 50
47 61 40
47 62 51
47 63 47
47 64 46
47 65 44
47 66 43
47 67 59
47 68 41
47 69 45
47 70 43
47 71 53
47 72 55
47 73 46
47 74 48
47 75 57
47 76 49
47 77 50
47 78 47
47 79 52
47 80 38
47 81 49
47 82 42
47 83 58
47 84 39
47 85 46
47 86 43
47 87 50
47 88 47
47 89 50
47 90 47
47 91 40
47 92 48
47 93 56
47 94 44
47 95 55
47 96 46
47 97 39
47 98 46
47 99 45
47 100 40
47 101 55
47 102 57
47 103 47
47 104 51
47 105 48
47 106 46
47 107 45
47 108 44
47 109 47
47 110 55
47 111 51
47 112 46
47 113 45
47 114 40
47 115 51
47 116 40
47 117 45
47 118 47
47 119 48
47 120 49
47 121 44
47 122 57
47 123 37
47 124 54
47 125 46
47 126 50
47 127 45
47 128 36
47 129 43
47 130 55
47 131 48
47 132 45
47 133 40
47 134 48
47 135 45
47 136 40
47 137 36
47 138 52
47 139 51
47 140 37
47 141 46
47 142 44
47 143 45
47 144 37
47 145 42
47 146 54
47 147 41
47 148 41
47 149 39
48 0 44
48 1 43
48 2 47
48 3 39
48 4 60
48 5 56
48 6 50
48 7 51
48 8 52
48 9 48
48 10 61
48 11 58
48 12 52
48 13 48
48 14 47
48 15 37
48 16 52
48 17 48
48 18 49
48 19 50
48 20 40
48 21 50
48 22 62
48 23 51
48 24 42
48 25 53
48 26 51
48 27 41
48 28 54
48 29 43
48 30 48
48 31 46
48 32 40
48 33 45
48 34 50
48 35 54
48 36 52
48 37 48
48 38 47
48 39 36
48 40 52
48 41 33
48 42 46
48 43 43
48 44 38
48 45 43
48 46 45
48 47 40
48 48 50
48 49 42
48 50 52
48 51 48
48 52 35
48 53 52
48 54 36
48 55 51
48 56 42
48 57 48
48 58 38
48 59 48
48 60 52
48 61 59
48 62 50
48 63 50
48 64 45
48 65 54
48 66 48
48 67 52
48 68 41
48 69 49
48 70 38
48 71 54
48 72 39
48 73 50
48 74 45
48 75 43
48 76 45
48 77 48
48 78 55
48 79 46
48 80 52
48 81 48
48 82 47
48 83 44
48 84 33
48 85 36
48 86 53
48 87 60
48 88 48
48 89 40
48 90 44
48 91 44
48 92 55
48 93 41
48 94 41
48 95 42
48 96 38
48 97 45
48 98 49
48 99 41
48 100 57
48 101 38
48 102 40
48 103 47
48 104 42
48 105 55
48 106 47
48 107 49
48 108 46
48 109 54
48 110 46
48 111 54
48 112 38
48 113 49
48 114 35
48 115 51
48 116 36
48 117 42
48 118 55
48 119 37
48 120 24
48 121 55
48 122 45
48 123 48
48 124 46
48 125 43
48 126 53
48 127 53
48 128 40
48 129 45
48 130 36
48 131 53
48 132 61
48 133 45
48 134 48
48 135 56
48 136 48
48 137 47
48 138 46
48 139 45
48 140 51
48 141 46
48 142 43
48 143 56
48 144 50
48 145 41
48 146 32
48 147 41
48 148 44
48 149 37
49 0 46
49 1 43
49 2 34
49 3 39
49 4 43
49 5 39
49 6 64
49 7 51
49 8 43
49 9 49
49 10 47
49 11 56
49 12 62
49 13 58
49 14 41
49 15 39
49 16 52
49 17 49
49 18 48
49 19 46
49 20 47
49 21 43
49 22 58
49 23 44
49 24 60
49 25 44
49 26 55
49 27 40
49 28 46
49 29 38
49 30 51
49 31 61
49 32 35
49 33 45
49 34 39
49 35 63
49 36 53
49 37 55
49 38 40
49 39 50
49 40 46
49 41 53
49 42 43
49 43 50
49 44 56
49 45 47
49 46 36
49 47 64
49 48 51
49 49 47
49 50 44
49 51 43
49 52 47
49 53 40
49 54 43
49 55 46
49 56 35
49 57 45
49 58 37
49 59 42
49 60 41
49 61 62
49 62 47
49 63 51
49 64 43
49 65 47
49 66 46
49 67 44
49 68 48
49 69 36
49 70 54
49 71 46
49 72 52
49 73 42
49 74 42
49 75 43
49 76 52
49 77 53
49 78 49
49 79 50
49 80 49
49 81 41
49 82 52
49 83 58
49 84 45
49 85 49
49 86 50
49 87 44
49 88 54
49 89 48
49 90 49
49 91 39
49 92 53
49 93 55
49 94 53
49 95 50
49 96 50
49 97 41
49 98 54
49 99 49
49 100 42
49 101 44
49 102 47
49 103 48
49 104 43
49 105 51
49 106 65
49 107 34
49 108 55
49 109 51
49 110 43
49 111 52
49 112 43
49 113 44
49 114 46
49 115 59
49 116 47
49 117 56
49 118 35
49 119 31
49 120 43
49 121 48
49 122 45
49 123 52
49 124 48
49 125 52
49 126 50
49 127 44
49 128 51
49 129 52
49 130 55
49 131 49
49 132 43
49 133 39
49 134 51
49 135 46
49 136 47
49 137 60
49 138 40
49 139 35
49 140 41
49 141 42
49 142 37
49 143 53
49 144 59
49 145 46
49 146 42
49 147 55
49 148 61
49 149 49
50 0 57
50 1 53
50 2 46
50 3 53
50 4 62
50 5 48
50 6 45
50 7 53
50 8 50
50 9 33
50 10 44
50 11 49
50 12 48
50 13 41
50 14 48
50 15 49
50 16 40
50 17 58
50 18 49
50 19 40
50 20 46
50 21 38
50 22 45
50 23 50
50 24 42
50 25 45
50 26 38
50 27 46
50 28 46
50 29 46
50 30 38
50 31 43
50 32 50
50 33 38
50 34 45
50 35 35
50 36 50
50 37 35
50 38 41
50 39 52
50 40 46
50 41 49
50 42 50
50 43 38
50 44 40
50 45 49
50 46 47
50 47 48
50 48 56
50 49 54
50 50 36
50 51 45
50 52 57
50 53 53
50 54 48
50 55 53
50 56 45
50 57 49
50 58 59
50 59 66
50 60 48
50 61 49
50 62 45
50 63 40
50 64 48
50 65 52
50 66 45
50 67 57
50 68 41
50 69 53
50 70 46
50 71 54
50 72 34
50 73 43
50 74 67
50 75 35
50 76 56
50 77 46
50 78 44
50 79 37
50 80 48
50 81 51
50 82 56
50 83 55
50 84 41
50 85 56
50 86 48
50 87 45
50 88 61
50 89 42
50 90 42
50 91 45
50 92 53
50 93 46
50 94 49
50 95 40
50 96 43
50 97 46
50 98 29
50 99 38
50 100 36
50 101 57
50 102 55
50 103 54
50 104 34
50 105 38
50 106 52
50 107 43
50 108 34
50 109 38
50 110 54
50 111 46
50 112 43
50 113 39
50 114 50
50 115 35
50 116 52
50 117 45
50 118 49
50 119 46
50 120 47
50 121 48
50 122 48
50 123 40
50 124 37
50 125 41
50 126 53
50 127 55
50 128 44
50 129 35
50 130 48
50 131 46
50 132 49
50 133 38
50 134 55
50 135 41
50 136 53
50 137 56
50 138 48
50 139 43
50 140 46
50 141 42
50 142 30
50 143 43
50 144 45
50 145 41
50 146 44
50 147 39
50 148 33
50 149 53
51 0 41
51 1 64
51 2 47
51 3 46
51 4 61
51 5 47
51 6 47
51 7 56
51 8 33
51 9 51
51 10 46
51 11 48
51 12 47
51 13 52
51 14 54
51 15 56
51 16 67
51 17 49
51 18 40
51 19 38
51 20 41
51 21 30
51 22 58
51 23 42
51 24 51
51 25 56
51 26 48
51 27 47
51 28 64
51 29 45
51 30 54
51 31 54
51 32 52
51 33 50
51 34 55
51 35 51
51 36 42
51 37 39
51 38 48
51 39 40
51 40 44
51 41 44
51 42 37
51 43 55
51 44 44
51 45 42
51 46 55
51 47 48
51 48 47
51 49 42
51 50 59
51 51 48
51 52 54
51 53 57
51 54 39
51 55 49
51 56 54
51 57 49
51 58 48
51 59 50
51 60 42
51 61 43
51 62 42
51 63 38
51 64 37
51 65 62
51 66 40
51 67 43
51 68 53
51 69 33
51 70 49
51 71 50
51 72 39
51 73 55
51 74 54
51 75 55
51 76 37
51 77 51
51 78 51
51 79 52
51 80 46
51 81 34
51 82 53
51 83 51
51 84 53
51 85 53
51 86 37
51 87 45
51 88 44
51 89 49
51 90 43
51 91 47
51 92 39
51 93 45
51 94 42
51 95 41
51 96 45
51 97 38
51 98 48
51 99 50
51 100 48
51 101 40
51 102 49
51 103 38
51 104 36
51 105 31
51 106 42
51 107 44
51 108 48
51 109 51
51 110 40
51 111 48
51 112 44
51 113 36
51 114 42
51 115 41
51 116 51
51 117 41
51 118 46
51 119 35
51 120 44
51 121 39
51 122 44
51 123 50
51 124 33
51 125 43
51 126 67
51 127 53
51 128 59
51 129 43
51 130 48
51 131 44
51 132 43
51 133 45
51 134 36
51 135 40
51 136 46
51 137 39
51 138 51
51 139 54
51 140 44
51 141 37
51 142 36
51 143 48
51 144 53
51 145 51
51 146 48
51 147 41
51 148 44
51 149 51
52 0 32
52 1 51
52 2 39
52 3 57
52 4 38
52 5 46
52 6 40
52 7 51
52 8 43
52 9 60
52 10 47
52 11 68
52 12 43
52 13 52
52 14 41
52 15 35
52 16 54
52 17 45
52 18 51
52 19 44
52 20 37
52 21 45
52 22 48
52 23 43
52 24 40
52 25 43
52 26 49
52 27 62
52 28 55
52 29 45
52 30 37
52 31 57
52 32 46
52 33 52
52 34 44
52 35 58
52 36 41
52 37 51
52 38 57
52 39 42
52 40 52
52 41 58
52 42 62
52 43 51
52 44 33
52 45 48
52 46 45
52 47 54
52 48 42
52 49 43
52 50 49
52 51 39
52 52 49
52 53 42
52 54 39
52 55 55
52 56 49
52 57 54
52 58 55
52 59 50
52 60 49
52 61 58
52 62 46
52 63 49
52 64 54
52 65 54
52 66 60
52 67 56
52 68 55
52 69 57
52 70 39
52 71 38
52 72 48
52 73 39
52 74 44
52 75 47
52 76 52
52 77 52
52 78 55
52 79 50
52 80 43
52 81 57
52 82 53
52 83 56
52 84 51
52 85 41
52 86 43
52 87 48
52 88 44
52 89 50
52 90 44
52 91 43
52 92 38
52 93 48
52 94 42
52 95 44
52 96 45
52 97 42
52 98 47
52 99 58
52 100 46
52 101 48
52 102 59
52 103 53
52 104 39
52 105 47
52 106 42
52 107 46
52 108 47
52 109 60
52 110 35
52 111 36
52 112 46
52 113 46
52 114 42
52 115 43
52 116 44
52 117 39
52 118 49
52 119 57
52 120 36
52 121 45
52 122 53
52 123 32
52 124 44
52 125 51
52 126 53
52 127 40
52 128 46
52 129 44
52 130 36
52 131 43
52 132 41
52 133 40
52 134 53
52 135 49
52 136 45
52 137 48
52 138 40
52 139 44
52 140 50
52 141 41
52 142 50
52 143 42
52 144 51
52 145 36
52 146 43
52 147 53
52 148 44
52 149 34
53 0 50
53 1 51
53 2 57
53 3 54
53 4 57
53 5 43
53 6 45
53 7 29
53 8 47
53 9 54
53 10 48
53 11 48
53 12 52
53 13 45
53 14 51
53 15 56
53 16 49
53 17 56
53 18 43
53 19 46
53 20 63
53 21 49
53 22 49
53 23 40
53 24 55
53 25 53
53 26 45
53 27 35
53 28 43
53 29 46
53 30 57
53 31 42
53 32 60
53 33 43
53 34 44
53 35 49
53 36 45
53 37 45
53 38 43
53 39 54
53 40 49
53 41 52
53 42 52
53 43 44
53 44 39
53 45 38
53 46 45
53 47 51
53 48 49
53 49 40
53 50 48
53 51 51
53 52 46
53 53 55
53 54 46
53 55 42
53 56 44
53 57 63
53 58 49
53 59 57
53 60 58
53 61 55
53 62 37
53 63 44
53 64 46
53 65 53
53 66 46
53 67 46
53 68 58
53 69 36
53 70 43
53 71 58
53 72 53
53 73 49
53 74 57
53 75 40
53 76 37
53 77 35
53 78 54
53 79 39
53 80 55
53 81 55
53 82 35
53 83 44
53 84 47
53 85 48
53 86 40
53 87 50
53 88 49
53 89 53
53 90 47
53 91 52
53 92 50
53 93 50
53 94 37
53 95 46
53 96 32
53 97 42
53 98 38
53 99 43
53 100 39
53 101 42
53 102 48
53 103 54
53 104 43
53 105 40
53 106 43
53 107 59
53 108 32
53 109 45
53 110 43
53 111 54
53 112 39
53 113 41
53 114 43
53 115 54
53 116 33
53 117 47
53 118 50
53 119 52
53 120 45
53 121 43
53 122 43
53 123 48
53 124 45
53 125 58
53 126 45
53 127 48
53 128 50
53 129 51
53 130 52
53 131 41
53 132 47
53 133 45
53 134 38
53 135 42
53 136 31
53 137 39
53 138 52
53 139 34
53 140 35
53 141 48
53 142 40
53 143 38
53 144 45
53 145 38
53 146 50
53 147 36
53 148 54
53 149 49
54 0 43
54 1 42
54 2 49
54 3 62
54 4 61
54 5 60
54 6 45
54 7 52
54 8 52
54 9 54
54 10 46
54 11 51
54 12 44
54 13 41
54 14 44
54 15 57
54 16 41
54 17 55
54 18 44
54 19 47
54 20 48
54 21 42
54 22 53
54 23 59
54 24 40
54 25 61
54 26 60
54 27 53
54 28 50
54 29 47
54 30 43
54 31 49
54 32 53
54 33 49
54 34 46
54 35 53
54 36 53
54 37 40
54 38 42
54 39 48
54 40 57
54 41 51
54 42 38
54 43 48
54 44 53
54 45 51
54 46 56
54 47 48
54 48 44
54 49 44
54 50 53
54 51 58
54 52 48
54 53 51
54 54 40
54 55 49
54 56 49
54 57 43
54 58 51
54 59 47
54 60 55
54 61 58
54 62 52
54 63 54
54 64 50
54 65 43
54 66 46
54 67 53
54 68 51
54 69 50
54 70 56
54 71 44
54 72 49
54 73 51
54 74 51
54 75 45
54 76 42
54 77 44
54 78 61
54 79 42
54 80 50
54 81 50
54 82 56
54 83 47
54 84 55
54 85 59
54 86 49
54 87 38
54 88 48
54 89 46
54 90 59
54 91 53
54 92 43
54 93 35
54 94 45
54 95 33
54 96 59
54 97 60
54 98 60
54 99 40
54 100 39
54 101 49
54 102 40
54 103 47
54 104 53
54 105 45
54 106 54
54 107 41
54 108 36
54 109 44
54 110 43
54 111 54
54 112 55
54 113 46
54 114 43
54 115 49
54 116 47
54 117 37
54 118 47
54 119 55
54 120 46
54 121 44
54 122 36
54 123 39
54 124 51
54 125 47
54 126 47
54 127 55
54 128 29
54 129 42
54 130 46
54 131 53
54 132 29
54 133 50
54 134 45
54 135 48
54 136 43
54 137 48
54 138 49
54 139 49
54 140 50
54 141 60
54 142 37
54 143 49
54 144 51
54 145 49
54 146 47
54 147 49
54 148 33
54 149 47
55 0 46
55 1 60
55 2 48
55 3 65
55 4 46
55 5 59
55 6 49
55 7 54
55 8 49
55 9 41
55 10 42
55 11 55
55 12 48
55 13 46
55 14 64
55 15 36
55 16 49
55 17 36
55 18 45
55 19 42
55 20 40
55 21 54
55 22 43
55 23 45
55 24 40
55 25 45
55 26 43
55 27 46
55 28 40
55 29 56
55 30 50
55 31 50
55 32 55
55 33 62
55 34 47
55 35 48
55 36 52
55 37 48
55 38 52
55 39 58
55 40 54
55 41 51
55 42 48
55 43 36
55 44 56
55 45 48
55 46 51
55 47 63
55 48 60
55 49 44
55 50 53
55 51 47
55 52 55
55 53 52
55 54 55
55 55 53
55 56 46
55 57 42
55 58 45
55 59 55
55 60 47
55 61 44
55 62 41
55 63 60
55 64 48
55 65 58
55 66 56
55 67 55
55 68 60
55 69 57
55 70 47
55 71 46
55 72 62
55 73 43
55 74 40
55 75 55
55 76 45
55 77 55
55 78 45
55 79 49
55 80 46
55 81 37
55 82 40
55 83 43
55 84 47
55 85 49
55 86 47
55 87 43
55 88 44
55 89 39
55 90 54
55 91 38
55 92 41
55 93 41
55 94 44
55 95 39
55 96 44
55 97 45
55 98 52
55 99 47
55 100 47
55 101 46
55 102 40
55 103 40
55 104 49
55 105 47
55 106 47
55 107 56
55 108 39
55 109 53
55 110 54
55 111 47
55 112 46
55 113 47
55 114 39
55 115 48
55 116 46
55 117 34
55 118 57
55 119 44
55 120 56
55 121 58
55 122 41
55 123 49
55 124 51
55 125 38
55 126 52
55 127 43
55 128 47
55 129 41
55 130 39
55 131 51
55 132 42
55 133 51
55 134 42
55 135 49
55 136 37
55 137 50
55 138 57
55 139 48
55 140 52
55 141 41
55 142 46
55 143 43
55 144 43
55 145 41
55 146 45
55 147 54
55 148 47
55 149 38
56 0 45
56 1 55
56 2 55
56 3 44
56 4 35
56 5 42
56 6 50
56 7 39
56 8 47
56 9 51
56 10 37
56 11 39
56 12 58
56 13 33
56 14 53
56 15 57
56 16 53
56 17 56
56 18 49
56 19 39
56 20 49
56 21 54
56 22 59
56 23 57
56 24 48
56 25 49
56 26 39
56 27 63
56 28 43
56 29 55
56 30 52
56 31 54
56 32 65
56 33 56
56 34 52
56 35 54
56 36 72
56 37 36
56 38 60
56 39 72
56 40 52
56 41 63
56 42 39
56 43 40
56 44 45
56 45 59
56 46 60
56 47 44
56 48 51
56 49 44
56 50 53
56 51 54
56 52 51
56 53 30
56 54 50
56 55 49
56 56 53
56 57 45
56 58 42
56 59 63
56 60 58
56 61 36
56 62 53
56 63 50
56 64 52
56 65 32
56 66 50
56 67 43
56 68 62
56 69 45
56 70 44
56 71 53
56 72 43
56 73 39
56 74 51
56 75 53
56 76 58
56 77 46
56 78 54
56 79 45
56 80 60
56 81 49
56 82 50
56 83 38
56 84 50
56 85 39
56 86 34
56 87 37
56 88 45
56 89 37
56 90 41
56 91 45
56 92 54
56 93 51
56 94 37
56 95 44
56 96 51
56 97 47
56 98 37
56 99 38
56 100 41
56 101 42
56 102 53
56 103 42
56 104 60
56 105 48
56 106 43
56 107 43
56 108 46
56 109 40
56 110 42
56 111 48
56 112 43
56 113 47
56 114 44
56 115 53
56 116 46
56 117 39
56 118 45
56 119 48
56 120 55
56 121 52
56 122 49
56 123 42
56 124 42
56 125 47
56 126 42
56 127 48
56 128 45
56 129 37
56 130 49
56 131 37
56 132 40
56 133 31
56 134 42
56 135 53
56 136 55
56 137 52
56 138 47
56 139 52
56 140 29
56 141 45
56 142 48
56 143 45
56 144 47
56 145 57
56 146 45
56 147 65
56 148 42
56 149 58
57 0 44
57 1 42
57 2 44
57 3 55
57 4 38
57 5 66
57 6 51
57 7 53
57 8 53
57 9 43
57 10 49
57 11 42
57 12 41
57 13 61
57 14 48
57 15 36
57 16 49
57 17 45
57 18 49
57 19 52
57 20 57
57 21 46
57 22 49
57 23 45
57 24 50
57 25 45
57 26 44
57 27 43
57 28 54
57 29 61
57 30 56
57 31 37
57 32 35
57 33 51
57 34 49
57 35 40
57 36 45
57 37 50
57 38 61
57 39 45
57 40 47
57 41 42
57 42 53
57 43 53
57 44 50
57 45 45
57 46 47
57 47 52
57 48 48
57 49 41
57 50 48
57 51 61
57 52 58
57 53 48
57 54 58
57 55 52
57 56 49
57 57 30
57 58 40
57 59 57
57 60 46
57 61 44
57 62 49
57 63 60
57 64 42
57 65 37
57 66 63
57 67 56
57 68 51
57 69 52
57 70 47
57 71 54
57 72 43
57 73 43
57 74 35
57 75 46
57 76 46
57 77 44
57 78 47
57 79 53
57 80 49
57 81 49
57 82 44
57 83 56
57 84 40
57 85 41
57 86 59
57 87 44
57 88 49
57 89 56
57 90 47
57 91 50
57 92 55
57 93 40
57 94 47
57 95 42
57 96 44
57 97 53
57 98 51
57 99 56
57 100 47
57 101 52
57 102 40
57 103 43
57 104 43
57 105 46
57 106 36
57 107 43
57 108 45
57 109 43
57 110 35
57 111 34
57 112 43
57 113 42
57 114 41
57 115 51
57 116 44
57 117 59
57 118 45
57 119 45
57 120 43
57 121 46
57 122 40
57 123 44
57 124 38
57 125 47
57 126 43
57 127 43
57 128 50
57 129 27
57 130 42
57 131 51
57 132 40
57 133 44
57 134 44
57 135 34
57 136 54
57 137 56
57 138 50
57 139 40
57 140 37
57 141 54
57 142 31
57 143 44
57 144 44
57 145 58
57 146 33
57 147 53
57 148 55
57 149 52
58 0 31
58 1 34
58 2 41
58 3 63
58 4 48
58 5 46
58 6 48
58 7 44
58 8 44
58 9 41
58 10 40
58 11 44
58 12 50
58 13 38
58 14 41
58 15 49
58 16 56
58 17 48
58 18 58
58 19 42
58 20 36
58 21 47
58 22 50
58 23 35
58 24 47
58 25 51
58 26 41
58 27 54
58 28 54
58 29 45
58 30 43
58 31 54
58 32 46
58 33 61
58 34 55
58 35 52
58 36 49
58 37 65
58 38 44
58 39 57
58 40 52
58 41 40
58 42 52
58 43 55
58 44 51
58 45 50
58 46 49
58 47 41
58 48 48
58 49 43
58 50 56
58 51 60
58 52 49
58 53 56
58 54 52
58 55 44
58 56 50
58 57 45
58 58 42
58 59 51
58 60 58
58 61 52
58 62 52
58 63 45
58 64 34
58 65 52
58 66 45
58 67 51
58 68 52
58 69 58
58 70 60
58 71 48
58 72 52
58 73 45
58 74 57
58 75 42
58 76 43
58 77 57
58 78 46
58 79 41
58 80 45
58 81 30
58 82 46
58 83 33
58 84 45
58 85 40
58 86 49
58 87 43
58 88 45
58 89 46
58 90 38
58 91 57
58 92 55
58 93 55
58 94 54
58 95 45
58 96 44
58 97 55
58 98 36
58 99 46
58 100 40
58 101 45
58 102 48
58 103 54
58 104 48
58 105 47
58 106 54
58 107 45
58 108 42
58 109 54
58 110 34
58 111 42
58 112 43
58 113 51
58 114 50
58 115 29
58 116 48
58 117 44
58 118 43
58 119 46
58 120 46
58 121 50
58 122 48
58 123 43
58 124 45
58 125 41
58 126 51
58 127 39
58 128 39
58 129 44
58 130 39
58 131 45
58 132 43
58 133 47
58 134 34
58 135 45
58 136 40
58 137 45
58 138 49
58 139 40
58 140 44
58 141 44
58 142 46
58 143 45
58 144 46
58 145 50
58 146 29
58 147 49
58 148 56
58 149 48
59 0 43
59 1 39
59 2 52
59 3 51
59 4 48
59 5 43
59 6 61
59 7 40
59 8 45
59 9 47
59 10 50
59 11 50
59 12 47
59 13 39
59 14 43
59 15 33
59 16 51
59 17 43
59 18 50
59 19 55
59 20 39
59 21 42
59 22 39
59 23 45
59 24 47
59 25 49
59 26 50
59 27 48
59 28 43
59 29 56
59 30 47
59 31 54
59 32 56
59 33 53
59 34 51
59 35 41
59 36 49
59 37 43
59 38 51
59 39 44
59 40 62
59 41 55
59 42 44
59 43 47
59 44 55
59 45 38
59 46 50
59 47 42
59 48 51
59 49 51
59 50 40
59 51 42
59 52 50
59 53 47
59 54 48
59 55 46
59 56 54
59 57 63
59 58 51
59 59 53
59 60 46
59 61 44
59 62 50
59 63 52
59 64 57
59 65 52
59 66 51
59 67 50
59 68 35
59 69 59
59 70 46
59 71 50
59 72 59
59 73 55
59 74 50
59 75 48
59 76 41
59 77 41
59 78 39
59 79 60
59 80 53
59 81 59
59 82 56
59 83 43
59 84 67
59 85 43
59 86 48
59 87 53
59 88 43
59 89 43
59 90 45
59 91 47
59 92 54
59 93 52
59 94 50
59 95 48
59 96 50
59 97 51
59 98 55
59 99 31
59 100 43
59 101 54
59 102 42
59 103 49
59 104 48
59 105 33
59 106 45
59 107 44
59 108 57
59 109 50
59 110 44
59 111 48
59 112 44
59 113 47
59 114 54
59 115 47
59 116 54
59 117 36
59 118 39
59 119 49
59 120 44
59 121 34
59 122 31
59 123 47
59 124 45
59 125 46
59 126 57
59 127 43
59 128 42
59 129 52
59 130 39
59 131 47
59 132 43
59 133 47
59 134 34
59 135 47
59 136 50
59 137 42
59 138 53
59 139 43
59 140 45
59 141 44
59 142 54
59 143 40
59 144 41
59 145 52
59 146 54
59 147 45
59 148 43
59 149 44
60 0 43
60 1 37
60 2 52
60 3 41
60 4 56
60 5 59
60 6 40
60 7 57
60 8 51
60 9 55
60 10 46
60 11 42
60 12 51
60 13 46
60 14 54
60 15 59
60 16 43
60 17 52
60 18 44
60 19 47
60 20 61
60 21 48
60 22 49
60 23 52
60 24 51
60 25 46
60 26 51
60 27 48
60 28 50
60 29 61
60 30 50
60 31 42
60 32 54
60 33 45
60 34 51
60 35 47
60 36 59
60 37 39
60 38 59
60 39 42
60 40 40
60 41 50
60 42 53
60 43 40
60 44 46
60 45 57
60 46 47
60 47 44
60 48 50
60 49 52
60 50 55
60 51 47
60 52 59
60 53 45
60 54 47
60 55 60
60 56 39
60 57 43
60 58 46
60 59 48
60 60 54
60 61 50
60 62 60
60 63 55
60 64 53
60 65 45
60 66 58
60 67 45
60 68 53
60 69 49
60 70 47
60 71 58
60 72 41
60 73 42
60 74 48
60 75 46
60 76 54
60 77 51
60 78 45
60 79 51
60 80 48
60 81 39
60 82 44
60 83 43
60 84 44
60 85 46
60 86 53
60 87 49
60 88 37
60 89 48
60 90 43
60 91 54
60 92 50
60 93 53
60 94 50
60 95 43
60 96 32
60 97 49
60 98 68
60 99 46
60 100 46
60 101 36
60 102 44
60 103 55
60 104 57
60 105 52
60 106 43
60 107 49
60 108 50
60 109 48
60 110 42
60 111 44
60 112 35
60 113 51
60 114 42
60 115 32
60 116 52
60 117 33
60 118 60
60 119 41
60 120 47
60 121 48
60 122 39
60 123 53
60 124 43
60 125 50
60 126 53
60 127 54
60 128 45
60 129 57
60 130 43
60 131 44
60 132 39
60 133 52
60 134 41
60 135 55
60 136 37
60 137 53
60 138 52
60 139 39
60 140 40
60 141 42
60 142 47
60 143 44
60 144 46
60 145 61
60 146 47
60 147 38
60 148 54
60 149 50
61 0 58
61 1 41
61 2 40
61 3 31
61 4 51
61 5 33
61 6 58
61 7 49
61 8 46
61 9 42
61 10 60
61 11 36
61 12 51
61 13 44
61 14 37
61 15 40
61 16 42
61 17 60
61 18 49
61 19 29
61 20 39
61 21 53
61 22 52
61 23 56
61 24 43
61 25 46
61 26 41
61 27 39
61 28 48
61 29 51
61 30 45
61 31 57
61 32 54
61 33 36
61 34 51
61 35 67
61 36 50
61 37 61
61 38 54
61 39 55
61 40 55
61 41 69
61 42 51
61 43 54
61 44 35
61 45 47
61 46 51
61 47 51
61 48 59
61 49 46
61 50 31
61 51 59
61 52 45
61 53 49
61 54 48
61 55 57
61 56 53
61 57 54
61 58 34
61 59 55
61 60 53
61 61 47
61 62 48
61 63 40
61 64 52
61 65 46
61 66 40
61 67 46
61 68 53
61 69 52
61 70 45
61 71 49
61 72 52
61 73 44
61 74 43
61 75 42
61 76 42
61 77 50
61 78 59
61 79 45
61 80 45
61 81 54
61 82 39
61 83 50
61 84 52
61 85 60
61 86 41
61 87 43
61 88 49
61 89 42
61 90 46
61 91 33
61 92 50
61 93 41
61 94 40
61 95 47
61 96 49
61 97 49
61 98 39
61 99 46
61 100 45
61 101 50
61 102 46
61 103 55
61 104 48
61 105 50
61 106 46
61 107 59
61 108 51
61 109 50
61 110 46
61 111 46
61 112 48
61 113 54
61 114 42
61 115 52
61 116 46
61 117 48
61 118 40
61 119 53
61 120 52
61 121 38
61 122 57
61 123 62
61 124 49
61 125 54
61 126 36
61 127 49
61 128 54
61 129 37
61 130 38
61 131 42
61 132 52
61 133 41
61 134 48
61 135 51
61 136 45
61 137 41
61 138 49
61 139 49
61 140 39
61 141 47
61 142 38
61 143 49
61 144 42
61 145 50
61 146 56
61 147 57
61 148 47
61 149 57
62 0 49
62 1 46
62 2 50
62 3 44
62 4 49
62 5 64
62 6 45
62 7 46
62 8 56
62 9 50
62 10 52
62 11 62
62 12 47
62 13 34
62 14 49
62 15 54
62 16 45
62 17 51
62 18 46
62 19 42
62 20 47
62 21 53
62 22 39
62 23 59
62 24 47
62 25 43
62 26 49
62 27 53
62 28 53
62 29 52
62 30 51
62 31 40
62 32 46
62 33 50
62 34 53
62 35 40
62 36 56
62 37 46
62 38 52
62 39 41
62 40 51
62 41 57
62 42 50
62 43 55
62 44 46
62 45 35
62 46 37
62 47 57
62 48 58
62 49 55
62 50 49
62 51 41
62 52 43
62 53 59
62 54 40
62 55 54
62 56 54
62 57 49
62 58 48
62 59 51
62 60 54
62 61 53
62 62 57
62 63 37
62 64 51
62 65 44
62 66 56
62 67 49
62 68 39
62 69 54
62 70 63
62 71 40
62 72 34
62 73 47
62 74 46
62 75 51
62 76 45
62 77 39
62 78 50
62 79 52
62 80 45
62 81 53
62 82 46
62 83 52
62 84 51
62 85 47
62 86 41
62 87 57
62 88 48
62 89 54
62 90 55
62 91 32
62 92 44
62 93 37
62 94 53
62 95 49
62 96 36
62 97 44
62 98 38
62 99 45
62 100 49
62 101 51
62 102 42
62 103 36
62 104 45
62 105 54
62 106 36
62 107 56
62 108 56
62 109 48
62 110 47
62 111 53
62 112 47
62 113 50
62 114 48
62 115 53
62 116 46
62 117 44
62 118 53
62 119 49
62 120 55
62 121 41
62 122 61
62 123 47
62 124 55
62 125 51
62 126 47
62 127 50
62 128 43
62 129 42
62 130 42
62 131 46
62 132 38
62 133 53
62 134 59
62 135 51
62 136 47
62 137 46
62 138 47
62 139 52
62 140 43
62 141 37
62 142 42
62 143 43
62 144 46
62 145 42
62 146 42
62 147 42
62 148 43
62 149 51
63 0 51
63 1 43
63 2 57
63 3 46
63 4 38
63 5 48
63 6 44
63 7 46
63 8 61
63 9 48
63 10 59
63 11 47
63 12 60
63 13 46
63 14 48
63 15 45
63 16 51
63 17 43
63 18 53
63 19 53
63 20 52
63 21 38
63 22 49
63 23 47
63 24 50
63 25 38
63 26 56
63 27 48
63 28 39
63 29 48
63 30 43
63 31 50
63 32 45
63 33 58
63 34 53
63 35 47
63 36 47
63 37 47
63 38 43
63 39 48
63 40 51
63 41 35
63 42 52
63 43 49
63 44 54
63 45 52
63 46 37
63 47 53
63 48 42
63 49 52
63 50 37
63 51 60
63 52 46
63 53 57
63 54 39
63 55 48
63 56 59
63 57 48
63 58 45
63 59 50
63 60 46
63 61 52
63 62 66
63 63 48
63 64 51
63 65 51
63 66 44
63 67 42
63 68 46
63 69 51
63 70 43
63 71 51
63 72 49
63 73 51
63 74 54
63 75 46
63 76 57
63 77 43
63 78 53
63 79 51
63 80 52
63 81 48
63 82 53
63 83 43
63 84 48
63 85 48
63 86 44
63 87 39
63 88 48
63 89 41
63 90 61
63 91 47
63 92 63
63 93 47
63 94 49
63 95 49
63 96 41
63 97 44
63 98 49
63 99 45
63 100 55
63 101 54
63 102 44
63 103 49
63 104 48
63 105 40
63 106 45
63 107 47
63 108 53
63 109 51
63 110 50
63 111 47
63 112 49
63 113 51
63 114 54
63 115 42
63 116 41
63 117 37
63 118 54
63 119 56
63 120 39
63 121 52
63 122 41
63 123 54
63 124 57
63 125 51
63 126 51
63 127 48
63 128 55
63 129 49
63 130 60
63 131 52
63 132 43
63 133 45
63 134 52
63 135 41
63 136 63
63 137 44
63 138 42
63 139 49
63 140 50
63 141 42
63 142 55
63 143 46
63 144 43
63 145 32
63 146 60
63 147 59
63 148 38
63 149 40
64 0 38
64 1 49
64 2 41
64 3 50
64 4 53
64 5 55
64 6 54
64 7 51
64 8 44
64 9 46
64 10 44
64 11 50
64 12 55
64 13 49
64 14 44
64 15 57
64 16 47
64 17 46
64 18 53
64 19 49
64 20 47
64 21 50
64 22 55
64 23 37
64 24 49
64 25 41
64 26 55
64 27 48
64 28 53
64 29 52
64 30 51
64 31 48
64 32 67
64 33 57
64 34 46
64 35 52
64 36 60
64 37 42
64 38 43
64 39 48
64 40 53
64 41 45
64 42 55
64 43 45
64 44 48
64 45 42
64 46 46
64 47 45
64 48 43
64 49 51
64 50 55
64 51 51
64 52 48
64 53 57
64 54 34
64 55 48
64 56 50
64 57 41
64 58 49
64 59 49
64 60 45
64 61 43
64 62 47
64 63 47
64 64 39
64 65 62
64 66 49
64 67 59
64 68 57
64 69 44
64 70 44
64 71 46
64 72 58
64 73 44
64 74 41
64 75 57
64 76 36
64 77 58
64 78 58
64 79 55
64 80 46
64 81 46
64 82 50
64 83 51
64 84 48
64 85 35
64 86 34
64 87 46
64 88 43
64 89 52
64 90 46
64 91 69
64 92 60
64 93 54
64 94 46
64 95 46
64 96 48
64 97 50
64 98 34
64 99 45
64 100 50
64 101 58
64 102 40
64 103 48
64 104 59
64 105 45
64 106 42
64 107 45
64 108 41
64 109 43
64 110 47
64 111 40
64 112 59
64 113 43
64 114 49
64 115 51
64 116 39
64 117 42
64 118 48
64 119 51
64 120 42
64 121 54
64 122 46
64 123 46
64 124 54
64 125 50
64 126 46
64 127 44
64 128 42
64 129 49
64 130 36
64 131 43
64 132 54
64 133 49
64 134 55
64 135 46
64 136 44
64 137 39
64 138 41
64 139 56
64 140 42
64 141 48
64 142 49
64 143 41
64 144 40
64 145 45
64 146 47
64 147 47
64 148 49
64 149 42
65 0 52
65 1 41
65 2 51
65 3 40
65 4 52
65 5 43
65 6 50
65 7 52
65 8 42
65 9 44
65 10 54
65 11 55
65 12 52
65 13 43
65 14 60
65 15 55
65 16 57
65 17 47
65 18 51
65 19 42
65 20 52
65 21 45
65 22 48
65 23 54
65 24 43
65 25 38
65 26 54
65 27 46
65 28 45
65 29 47
65 30 50
65 31 57
65 32 48
65 33 50
65 34 45
65 35 48
65 36 61
65 37 49
65 38 51
65 39 42
65 40 49
65 41 62
65 42 38
65 43 63
65 44 44
65 45 54
65 46 49
65 47 47
65 48 45
65 49 70
65 50 40
65 51 43
65 52 37
65 53 35
65 54 55
65 55 48
65 56 49
65 57 37
65 58 64
65 59 51
65 60 41
65 61 54
65 62 37
65 63 52
65 64 34
65 65 42
65 66 42
65 67 50
65 68 43
65 69 44
65 70 43
65 71 52
65 72 52
65 73 51
65 74 55
65 75 50
65 76 54
65 77 45
65 78 47
65 79 55
65 80 44
65 81 42
65 82 52
65 83 46
65 84 48
65 85 45
65 86 44
65 87 49
65 88 47
65 89 52
65 90 46
65 91 42
65 92 46
65 93 62
65 94 51
65 95 50
65 96 59
65 97 44
65 98 44
65 99 48
65 100 41
65 101 47
65 102 47
65 103 54
65 104 61
65 105 54
65 106 53
65 107 47
65 108 49
65 109 53
65 110 42
65 111 48
65 112 51
65 113 46
65 114 47
65 115 39
65 116 43
65 117 44
65 118 36
65 119 46
65 120 44
65 121 47
65 122 43
65 123 59
65 124 58
65 125 47
65 126 46
65 127 62
65 128 47
65 129 42
65 130 41
65 131 51
65 132 57
65 133 52
65 134 40
65 135 54
65 136 35
65 137 57
65 138 55
65 139 44
65 140 47
65 141 50
65 142 47
65 143 47
65 144 54
65 145 44
65 146 40
65 147 38
65 148 57
65 149 36
66 0 38
66 1 54
66 2 56
66 3 52
66 4 43
66 5 49
66 6 44
66 7 48
66 8 52
66 9 45
66 10 40
66 11 46
66 12 65
66 13 45
66 14 43
66 15 47
66 16 51
66 17 45
66 18 56
66 19 51
66 20 43
66 21 48
66 22 56
66 23 36
66 24 44
66 25 28
66 26 36
66 27 45
66 28 50
66 29 39
66 30 47
66 31 49
66 32 52
66 33 46
66 34 60
66 35 48
66 36 56
66 37 44
66 38 58
66 39 47
66 40 36
66 41 70
66 42 39
66 43 51
66 44 56
66 45 51
66 46 54
66 47 47
66 48 56
66 49 50
66 50 37
66 51 45
66 52 53
66 53 53
66 54 34
66 55 49
66 56 39
66 57 63
66 58 49
66 59 54
66 60 43
66 61 60
66 62 39
66 63 55
66 64 58
66 65 48
66 66 51
66 67 46
66 68 52
66 69 46
66 70 58
66 71 50
66 72 51
66 73 50
66 74 52
66 75 52
66 76 41
66 77 56
66 78 56
66 79 59
66 80 42
66 81 35
66 82 61
66 83 53
66 84 52
66 85 45
66 86 64
66 87 50
66 88 49
66 89 41
66 90 41
66 91 50
66 92 53
66 93 58
66 94 41
66 95 61
66 96 45
66 97 46
66 98 46
66 99 48
66 100 53
66 101 38
66 102 47
66 103 42
66 104 59
66 105 45
66 106 49
66 107 63
66 108 47
66 109 50
66 110 41
66 111 37
66 112 50
66 113 41
66 114 52
66 115 39
66 116 54
66 117 37
66 118 56
66 119 67
66 120 46
66 121 58
66 122 42
66 123 45
66 124 51
66 125 47
66 126 46
66 127 56
66 128 46
66 129 49
66 130 47
66 131 47
66 132 56
66 133 45
66 134 47
66 135 46
66 136 38
66 137 42
66 138 46
66 139 46
66 140 40
66 141 46
66 142 41
66 143 44
66 144 43
66 145 66
66 146 50
66 147 54
66 148 58
66 149 47
67 0 53
67 1 52
67 2 39
67 3 55
67 4 42
67 5 62
67 6 47
67 7 46
67 8 44
67 9 52
67 10 57
67 11 47
67 12 48
67 13 57
67 14 39
67 15 52
67 16 48
67 17 43
67 18 37
67 19 51
67 20 57
67 21 32
67 22 55
67 23 39
67 24 50
67 25 54
67 26 49
67 27 43
67 28 36
67 29 42
67 30 42
67 31 50
67 32 52
67 33 51
67 34 38
67 35 43
67 36 42
67 37 50
67 38 53
67 39 49
67 40 60
67 41 49
67 42 46
67 43 50
67 44 50
67 45 54
67 46 47
67 47 39
67 48 54
67 49 42
67 50 34
67 51 44
67 52 41
67 53 45
67 54 42
67 55 53
67 56 36
67 57 50
67 58 55
67 59 43
67 60 48
67 61 46
67 62 50
67 63 60
67 64 44
67 65 56
67 66 40
67 67 37
67 68 46
67 69 34
67 70 44
67 71 51
67 72 38
67 73 45
67 74 51
67 75 40
67 76 43
67 77 55
67 78 46
67 79 45
67 80 40
67 81 44
67 82 45
67 83 55
67 84 68
67 85 50
67 86 50
67 87 37
67 88 46
67 89 38
67 90 45
67 91 49
67 92 49
67 93 49
67 94 52
67 95 41
67 96 55
67 97 43
67 98 41
67 99 48
67 100 57
67 101 47
67 102 43
67 103 51
67 104 46
67 105 46
67 106 46
67 107 57
67 108 52
67 109 50
67 110 41
67 111 47
67 112 53
67 113 45
67 114 34
67 115 48
67 116 56
67 117 50
67 118 39
67 119 50
67 120 54
67 121 47
67 122 44
67 123 50
67 124 57
67 125 58
67 126 50
67 127 52
67 128 47
67 129 51
67 130 49
67 131 58
67 132 45
67 133 61
67 134 60
67 135 52
67 136 40
67 137 49
67 138 37
67 139 64
67 140 44
67 141 52
67 142 50
67 143 57
67 144 53
67 145 51
67 146 48
67 147 44
67 148 39
67 149 39
68 0 48
68 1 41
68 2 55
68 3 39
68 4 40
68 5 47
68 6 42
68 7 60
68 8 40
68 9 54
68 10 49
68 11 61
68 12 38
68 13 60
68 14 61
68 15 45
68 16 52
68 17 33
68 18 54
68 19 56
68 20 42
68 21 58
68 22 45
68 23 47
68 24 51
68 25 51
68 26 48
68 27 65
68 28 48
68 29 40
68 30 36
68 31 36
68 32 59
68 33 48
68 34 57
68 35 33
68 36 65
68 37 52
68 38 42
68 39 45
68 40 55
68 41 44
68 42 42
68 43 57
68 44 51
68 45 45
68 46 49
68 47 45
68 48 34
68 49 44
68 50 46
68 51 46
68 52 50
68 53 50
68 54 51
68 55 50
68 56 46
68 57 52
68 58 57
68 59 29
68 60 38
68 61 52
68 62 55
68 63 58
68 64 49
68 65 40
68 66 55
68 67 39
68 68 52
68 69 40
68 70 46
68 71 49
68 72 53
68 73 47
68 74 57
68 75 42
68 76 53
68 77 53
68 78 47
68 79 51
68 80 45
68 81 43
68 82 51
68 83 51
68 84 54
68 85 47
68 86 52
68 87 45
68 88 47
68 89 50
68 90 41
68 91 41
68 92 41
68 93 53
68 94 55
68 95 50
68 96 41
68 97 47
68 98 53
68 99 42
68 100 51
68 101 40
68 102 60
68 103 43
68 104 47
68 105 65
68 106 50
68 107 49
68 108 38
68 109 60
68 110 47
68 111 52
68 112 53
68 113 53
68 114 46
68 115 58
68 116 51
68 117 50
68 118 55
68 119 61
68 120 46
68 121 42
68 122 58
68 123 47
68 124 53
68 125 61
68 126 51
68 127 38
68 128 72
68 129 59
68 130 46
68 131 57
68 132 45
68 133 45
68 134 45
68 135 54
68 136 53
68 137 49
68 138 46
68 139 54
68 140 59
68 141 50
68 142 46
68 143 55
68 144 46
68 145 29
68 146 47
68 147 43
68 148 55
68 149 46
69 0 40
69 1 60
69 2 44
69 3 56
69 4 54
69 5 59
69 6 51
69 7 44
69 8 47
69 9 41
69 10 43
69 11 44
69 12 46
69 13 54
69 14 47
69 15 48
69 16 47
69 17 47
69 18 54
69 19 59
69 20 36
69 21 53
69 22 44
69 23 52
69 24 49
69 25 42
69 26 47
69 27 58
69 28 57
69 29 55
69 30 53
69 31 54
69 32 45
69 33 59
69 34 37
69 35 47
69 36 43
69 37 40
69 38 45
69 39 36
69 40 46
69 41 53
69 42 45
69 43 46
69 44 32
69 45 47
69 46 34
69 47 44
69 48 57
69 49 56
69 50 43
69 51 52
69 52 48
69 53 58
69 54 45
69 55 49
69 56 52
69 57 42
69 58 40
69 59 41
69 60 47
69 61 51
69 62 53
69 63 49
69 64 49
69 65 48
69 66 50
69 67 55
69 68 41
69 69 57
69 70 43
69 71 52
69 72 50
69 73 44
69 74 61
69 75 45
69 76 55
69 77 37
69 78 43
69 79 44
69 80 56
69 81 34
69 82 43
69 83 43
69 84 56
69 85 45
69 86 40
69 87 35
69 88 47
69 89 44
69 90 44
69 91 41
69 92 57
69 93 50
69 94 37
69 95 40
69 96 45
69 97 52
69 98 42
69 99 54
69 100 55
69 101 59
69 102 51
69 103 55
69 104 42
69 105 60
69 106 44
69 107 42
69 108 56
69 109 39
69 110 65
69 111 47
69 112 57
69 113 61
69 114 50
69 115 50
69 116 58
69 117 48
69 118 61
69 119 46
69 120 56
69 121 52
69 122 56
69 123 43
69 124 60
69 125 58
69 126 53
69 127 43
69 128 46
69 129 55
69 130 56
69 131 63
69 132 53
69 133 66
69 134 64
69 135 49
69 136 42
69 137 52
69 138 57
69 139 51
69 140 49
69 141 39
69 142 49
69 143 56
69 144 61
69 145 48
69 146 53
69 147 52
69 148 38
69 149 57
70 0 53
70 1 48
70 2 51
70 3 44
70 4 53
70 5 41
70 6 43
70 7 65
70 8 46
70 9 43
70 10 54
70 11 45
70 12 44
70 13 52
70 14 43
70 15 54
70 16 53
70 17 39
70 18 42
70 19 50
70 20 51
70 21 38
70 22 46
70 23 43
70 24 47
70 25 56
70 26 58
70 27 58
70 28 52
70 29 45
70 30 41
70 31 53
70 32 63
70 33 51
70 34 40
70 35 54
70 36 50
70 37 52
70 38 52
70 39 41
70 40 60
70 41 45
70 42 71
70 43 47
70 44 44
70 45 50
70 46 48
70 47 45
70 48 54
70 49 44
70 50 48
70 51 50
70 52 52
70 53 36
70 54 50
70 55 59
70 56 57
70 57 44
70 58 53
70 59 42
70 60 37
70 61 47
70 62 45
70 63 50
70 64 44
70 65 48
70 66 44
70 67 51
70 68 52
70 69 50
70 70 53
70 71 50
70 72 39
70 73 47
70 74 44
70 75 48
70 76 51
70 77 46
70 78 56
70 79 39
70 80 47
70 81 51
70 82 43
70 83 44
70 84 54
70 85 35
70 86 47
70 87 60
70 88 52
70 89 44
70 90 37
70 91 52
70 92 47
70 93 53
70 94 43
70 95 49
70 96 54
70 97 52
70 98 51
70 99 47
70 100 53
70 101 39
70 102 60
70 103 51
70 104 41
70 105 53
70 106 47
70 107 55
70 108 54
70 109 51
70 110 48
70 111 52
70 112 58
70 113 39
70 114 61
70 115 54
70 116 49
70 117 41
70 118 48
70 119 43
70 120 50
70 121 47
70 122 55
70 123 47
70 124 64
70 125 45
70 126 50
70 127 46
70 128 48
70 129 49
70 130 53
70 131 59
70 132 45
70 133 45
70 134 44
70 135 45
70 136 46
70 137 47
70 138 44
70 139 43
70 140 48
70 141 52
70 142 52
70 143 44
70 144 55
70 145 59
70 146 49
70 147 53
70 148 56
70 149 44
71 0 66
71 1 62
71 2 59
71 3 52
71 4 54
71 5 46
71 6 43
71 7 40
71 8 39
71 9 51
71 10 39
71 11 51
71 12 46
71 13 49
71 14 39
71 15 44
71 16 49
71 17 52
71 18 40
71 19 43
71 20 54
71 21 60
71 22 47
71 23 45
71 24 49
71 25 48
71 26 41
71 27 42
71 28 58
71 29 44
71 30 46
71 31 45
71 32 41
71 33 52
71 34 56
71 35 51
71 36 36
71 37 55
71 38 40
71 39 50
71 40 55
71 41 44
71 42 48
71 43 44
71 44 38
71 45 59
71 46 52
71 47 51
71 48 48
71 49 46
71 50 44
71 51 45
71 52 37
71 53 41
71 54 37
71 55 51
71 56 51
71 57 49
71 58 38
71 59 52
71 60 50
71 61 42
71 62 40
71 63 49
71 64 44
71 65 48
71 66 43
71 67 47
71 68 56
71 69 51
71 70 57
71 71 46
71 72 46
71 73 58
71 74 46
71 75 46
71 76 53
71 77 49
71 78 45
71 79 59
71 80 44
71 81 50
71 82 53
71 83 69
71 84 43
71 85 42
71 86 45
71 87 44
71 88 46
71 89 41
71 90 31
71 91 54
71 92 46
71 93 48
71 94 42
71 95 59
71 96 35
71 97 52
71 98 52
71 99 38
71 100 39
71 101 54
71 102 45
71 103 34
71 104 55
71 105 67
71 106 65
71 107 41
71 108 46
71 109 48
71 110 38
71 111 52
71 112 58
71 113 44
71 114 47
71 115 57
71 116 54
71 117 55
71 118 55
71 119 42
71 120 41
71 121 54
71 122 54
71 123 63
71 124 48
71 125 53
71 126 44
71 127 50
71 128 55
71 129 52
71 130 43
71 131 59
71 132 50
71 133 58
71 134 51
71 135 44
71 136 52
71 137 47
71 138 48
71 139 59
71 140 40
71 141 53
71 142 61
71 143 52
71 144 65
71 145 46
71 146 34
71 147 59
71 148 41
71 149 55
72 0 52
72 1 46
72 2 47
72 3 48
72 4 39
72 5 40
72 6 50
72 7 52
72 8 36
72 9 45
72 10 33
72 11 46
72 12 53
72 13 50
72 14 39
72 15 35
72 16 54
72 17 43
72 18 35
72 19 47
72 20 35
72 21 59
72 22 50
72 23 45
72 24 46
72 25 45
72 26 57
72 27 34
72 28 42
72 29 54
72 30 47
72 31 36
72 32 40
72 33 50
72 34 47
72 35 55
72 36 52
72 37 50
72 38 44
72 39 41
72 40 39
72 41 45
72 42 48
72 43 51
72 44 48
72 45 38
72 46 63
72 47 55
72 48 55
72 49 48
72 50 58
72 51 60
72 52 54
72 53 57
72 54 53
72 55 49
72 56 45
72 57 44
72 58 52
72 59 38
72 60 52
72 61 45
72 62 73
72 63 46
72 64 42
72 65 40
72 66 55
72 67 53
72 68 48
72 69 53
72 70 58
72 71 56
72 72 42
72 73 41
72 74 42
72 75 54
72 76 49
72 77 50
72 78 39
72 79 61
72 80 56
72 81 48
72 82 49
72 83 42
72 84 36
72 85 45
72 86 41
72 87 35
72 88 39
72 89 55
72 90 55
72 91 60
72 92 46
72 93 57
72 94 51
72 95 40
72 96 48
72 97 58
72 98 49
72 99 42
72 100 60
72 101 54
72 102 37
72 103 43
72 104 45
72 105 44
72 106 52
72 107 59
72 108 47
72 109 54
72 110 59
72 111 56
72 112 46
72 113 50
72 114 56
72 115 56
72 116 63
72 117 39
72 118 53
72 119 46
72 120 54
72 121 61
72 122 47
72 123 49
72 124 36
72 125 48
72 126 60
72 127 65
72 128 44
72 129 46
72 130 62
72 131 54
72 132 55
72 133 45
72 134 40
72 135 42
72 136 50
72 137 56
72 138 52
72 139 47
72 140 50
72 141 45
72 142 63
72 143 56
72 144 51
72 145 45
72 146 54
72 147 61
72 148 41
72 149 44
73 0 62
73 1 47
73 2 56
73 3 48
73 4 46
73 5 49
73 6 46
73 7 50
73 8 58
73 9 47
73 10 53
73 11 54
73 12 56
73 13 58
73 14 45
73 15 47
73 16 54
73 17 61
73 18 49
73 19 57
73 20 47
73 21 45
73 22 41
73 23 46
73 24 55
73 25 58
73 26 60
73 27 59
73 28 50
73 29 37
73 30 54
73 31 46
73 32 35
73 33 37
73 34 51
73 35 42
73 36 50
73 37 43
73 38 42
73 39 44
73 40 40
73 41 58
73 42 42
73 43 42
73 44 48
73 45 49
73 46 40
73 47 44
73 48 56
73 49 46
73 50 36
73 51 42
73 52 45
73 53 36
73 54 50
73 55 45
73 56 48
73 57 44
73 58 50
73 59 48
73 60 60
73 61 39
73 62 48
73 63 33
73 64 44
73 65 51
73 66 43
73 67 57
73 68 42
73 69 47
73 70 39
73 71 48
73 72 41
73 73 36
73 74 48
73 75 53
73 76 53
73 77 46
73 78 47
73 79 46
73 80 35
73 81 54
73 82 62
73 83 47
73 84 46
73 85 63
73 86 47
73 87 54
73 88 52
73 89 38
73 90 56
73 91 51
73 92 52
73 93 43
73 94 58
73 95 41
73 96 48
73 97 52
73 98 44
73 99 54
73 100 41
73 101 47
73 102 47
73 103 54
73 104 45
73 105 41
73 106 44
73 107 66
73 108 60
73 109 42
73 110 45
73 111 50
73 112 58
73 113 53
73 114 51
73 115 48
73 116 49
73 117 43
73 118 56
73 119 59
73 120 52
73 121 52
73 122 58
73 123 50
73 124 56
73 125 60
73 126 69
73 127 47
73 128 47
73 129 52
73 130 56
73 131 47
73 132 45
73 133 45
73 134 51
73 135 44
73 136 55
73 137 52
73 138 52
73 139 40
73 140 51
73 141 61
73 142 60
73 143 42
73 144 48
73 145 49
73 146 47
73 147 53
73 148 52
73 149 44
74 0 40
74 1 47
74 2 50
74 3 44
74 4 54
74 5 54
74 6 51
74 7 41
74 8 53
74 9 48
74 10 47
74 11 53
74 12 38
74 13 47
74 14 40
74 15 36
74 16 40
74 17 41
74 18 62
74 19 45
74 20 42
74 21 50
74 22 58
74 23 64
74 24 58
74 25 44
74 26 52
74 27 51
74 28 48
74 29 54
74 30 53
74 31 42
74 32 40
74 33 53
74 34 45
74 35 50
74 36 40
74 37 41
74 38 38
74 39 49
74 40 48
74 41 45
74 42 56
74 43 43
74 44 46
74 45 52
74 46 47
74 47 61
74 48 55
74 49 43
74 50 47
74 51 38
74 52 54
74 53 48
74 54 46
74 55 49
74 56 38
74 57 49
74 58 42
74 59 45
74 60 38
74 61 46
74 62 42
74 63 50
74 64 50
74 65 44
74 66 49
74 67 41
74 68 47
74 69 52
74 70 48
74 71 44
74 72 44
74 73 53
74 74 56
74 75 43
74 76 45
74 77 64
74 78 57
74 79 49
74 80 56
74 81 35
74 82 59
74 83 52
74 84 41
74 85 53
74 86 50
74 87 59
74 88 66
74 89 52
74 90 54
74 91 49
74 92 43
74 93 39
74 94 59
74 95 54
74 96 60
74 97 64
74 98 58
74 99 66
74 100 66
74 101 53
74 102 44
74 103 63
74 104 50
74 105 46
74 106 45
74 107 61
74 108 55
74 109 58
74 110 53
74 111 56
74 112 51
74 113 50
74 114 50
74 115 61
74 116 63
74 117 44
74 118 50
74 119 46
74 120 51
74 121 61
74 122 49
74 123 52
74 124 60
74 125 62
74 126 37
74 127 57
74 128 49
74 129 49
74 130 42
74 131 58
74 132 57
74 133 43
74 134 53
74 135 48
74 136 36
74 137 62
74 138 39
74 139 53
74 140 52
74 141 44
74 142 49
74 143 36
74 144 49
74 145 42
74 146 44
74 147 61
74 148 40
74 149 60
75 0 49
75 1 45
75 2 49
75 3 47
75 4 54
75 5 50
75 6 50
75 7 54
75 8 49
75 9 52
75 10 48
75 11 55
75 12 47
75 13 44
75 14 47
75 15 48
75 16 44
75 17 52
75 18 47
75 19 46
75 20 36
75 21 40
75 22 42
75 23 44
75 24 52
75 25 32
75 26 41
75 27 52
75 28 56
75 29 48
75 30 52
75 31 48
75 32 40
75 33 40
75 34 38
75 35 46
75 36 36
75 37 49
75 38 47
75 39 53
75 40 43
75 41 48
75 42 36
75 43 48
75 44 48
75 45 43
75 46 49
75 47 50
75 48 40
75 49 39
75 50 51
75 51 50
75 52 45
75 53 40
75 54 42
75 55 49
75 56 43
75 57 48
75 58 33
75 59 34
75 60 59
75 61 38
75 62 46
75 63 50
75 64 46
75 65 49
75 66 49
75 67 53
75 68 43
75 69 53
75 70 51
75 71 49
75 72 52
75 73 49
75 74 48
75 75 45
75 76 40
75 77 44
75 78 32
75 79 45
75 80 46
75 81 54
75 82 45
75 83 44
75 84 44
75 85 57
75 86 43
75 87 51
75 88 61
75 89 47
75 90 48
75 91 57
75 92 52
75 93 53
75 94 45
75 95 50
75 96 43
75 97 48
75 98 50
75 99 46
75 100 45
75 101 43
75 102 58
75 103 51
75 104 44
75 105 51
75 106 69
75 107 52
75 108 44
75 109 49
75 110 37
75 111 64
75 112 42
75 113 45
75 114 54
75 115 48
75 116 49
75 117 54
75 118 48
75 119 61
75 120 53
75 121 56
75 122 55
75 123 50
75 124 43
75 125 59
75 126 54
75 127 49
75 128 39
75 129 48
75 130 54
75 131 57
75 132 45
75 133 46
75 134 43
75 135 41
75 136 60
75 137 45
75 138 51
75 139 46
75 140 63
75 141 44
75 142 52
75 143 59
75 144 42
75 145 42
75 146 44
75 147 52
75 148 58
75 149 56
76 0 40
76 1 42
76 2 55
76 3 51
76 4 42
76 5 66
76 6 54
76 7 51
76 8 40
76 9 66
76 10 52
76 11 50
76 12 54
76 13 60
76 14 47
76 15 55
76 16 53
76 17 46
76 18 47
76 19 40
76 20 41
76 21 34
76 22 47
76 23 53
76 24 56
76 25 49
76 26 46
76 27 48
76 28 63
76 29 49
76 30 36
76 31 48
76 32 45
76 33 50
76 34 52
76 35 41
76 36 44
76 37 42
76 38 37
76 39 45
76 40 44
76 41 54
76 42 53
76 43 54
76 44 47
76 45 55
76 46 52
76 47 45
76 48 43
76 49 39
76 50 67
76 51 48
76 52 46
76 53 58
76 54 51
76 55 45
76 56 64
76 57 48
76 58 50
76 59 52
76 60 41
76 61 45
76 62 56
76 63 36
76 64 42
76 65 44
76 66 44
76 67 39
76 68 43
76 69 45
76 70 48
76 71 45
76 72 61
76 73 46
76 74 53
76 75 47
76 76 63
76 77 34
76 78 53
76 79 51
76 80 49
76 81 39
76 82 40
76 83 47
76 84 45
76 85 44
76 86 47
76 87 41
76 88 55
76 89 49
76 90 53
76 91 40
76 92 55
76 93 45
76 94 50
76 95 45
76 96 51
76 97 49
76 98 45
76 99 46
76 100 43
76 101 51
76 102 55
76 103 49
76 104 61
76 105 45
76 106 54
76 107 52
76 108 49
76 109 50
76 110 41
76 111 53
76 112 47
76 113 61
76 114 51
76 115 51
76 116 51
76 117 63
76 118 56
76 119 42
76 120 42
76 121 54
76 122 54
76 123 48
76 124 64
76 125 46
76 126 53
76 127 52
76 128 62
76 129 50
76 130 56
76 131 59
76 132 48
76 133 53
76 134 45
76 135 52
76 136 40
76 137 51
76 138 50
76 139 55
76 140 51
76 141 37
76 142 50
76 143 61
76 144 51
76 145 43
76 146 50
76 147 49
76 148 56
76 149 54
77 0 55
77 1 66
77 2 48
77 3 45
77 4 44
77 5 57
77 6 57
77 7 45
77 8 37
77 9 54
77 10 57
77 11 48
77 12 38
77 13 65
77 14 39
77 15 39
77 16 51
77 17 35
77 18 46
77 19 43
77 20 56
77 21 53
77 22 43
77 23 41
77 24 38
77 25 53
77 26 52
77 27 57
77 28 35
77 29 48
77 30 41
77 31 41
77 32 54
77 33 47
77 34 59
77 35 49
77 36 48
77 37 36
77 38 39
77 39 46
77 40 48
77 41 45
77 42 61
77 43 59
77 44 48
77 45 50
77 46 46
77 47 44
77 48 37
77 49 47
77 50 45
77 51 53
77 52 42
77 53 54
77 54 45
77 55 42
77 56 48
77 57 47
77 58 46
77 59 50
77 60 63
77 61 35
77 62 49
77 63 35
77 64 35
77 65 48
77 66 57
77 67 48
77 68 39
77 69 49
77 70 50
77 71 58
77 72 50
77 73 33
77 74 51
77 75 60
77 76 43
77 77 47
77 78 53
77 79 47
77 80 41
77 81 51
77 82 41
77 83 44
77 84 52
77 85 48
77 86 39
77 87 52
77 88 56
77 89 50
77 90 57
77 91 47
77 92 55
77 93 43
77 94 55
77 95 66
77 96 48
77 97 49
77 98 46
77 99 44
77 100 54
77 101 49
77 102 53
77 103 45
77 104 51
77 105 57
77 106 56
77 107 59
77 108 45
77 109 47
77 110 52
77 111 60
77 112 62
77 113 64
77 114 49
77 115 59
77 116 49
77 117 50
77 118 49
77 119 52
77 120 41
77 121 38
77 122 58
77 123 50
77 124 62
77 125 49
77 126 45
77 127 57
77 128 58
77 129 54
77 130 49
77 131 49
77 132 53
77 133 50
77 134 60
77 135 48
77 136 45
77 137 46
77 138 50
77 139 43
77 140 53
77 141 44
77 142 43
77 143 38
77 144 57
77 145 46
77 146 51
77 147 59
77 148 48
77 149 57
78 0 35
78 1 60
78 2 45
78 3 36
78 4 48
78 5 53
78 6 45
78 7 44
78 8 51
78 9 56
78 10 60
78 11 42
78 12 52
78 13 49
78 14 47
78 15 44
78 16 48
78 17 56
78 18 47
78 19 47
78 20 48
78 21 35
78 22 50
78 23 54
78 24 52
78 25 51
78 26 42
78 27 35
78 28 46
78 29 66
78 30 42
78 31 48
78 32 41
78 33 54
78 34 44
78 35 54
78 36 57
78 37 40
78 38 39
78 39 45
78 40 36
78 41 40
78 42 53
78 43 46
78 44 47
78 45 62
78 46 57
78 47 56
78 48 55
78 49 47
78 50 59
78 51 47
78 52 58
78 53 47
78 54 49
78 55 50
78 56 56
78 57 40
78 58 39
78 59 50
78 60 41
78 61 49
78 62 63
78 63 39
78 64 39
78 65 49
78 66 44
78 67 50
78 68 42
78 69 48
78 70 51
78 71 40
78 72 42
78 73 61
78 74 44
78 75 61
78 76 44
78 77 60
78 78 57
78 79 46
78 80 50
78 81 52
78 82 50
78 83 41
78 84 60
78 85 55
78 86 54
78 87 53
78 88 54
78 89 52
78 90 54
78 91 71
78 92 51
78 93 49
78 94 43
78 95 53
78 96 63
78 97 39
78 98 49
78 99 49
78 100 58
78 101 44
78 102 52
78 103 56
78 104 50
78 105 53
78 106 44
78 107 48
78 108 45
78 109 61
78 110 45
78 111 38
78 112 58
78 113 41
78 114 59
78 115 71
78 116 55
78 117 60
78 118 52
78 119 39
78 120 52
78 121 50
78 122 49
78 123 38
78 124 40
78 125 44
78 126 54
78 127 55
78 128 51
78 129 50
78 130 55
78 131 51
78 132 54
78 133 50
78 134 56
78 135 32
78 136 41
78 137 54
78 138 61
78 139 47
78 140 40
78 141 43
78 142 62
78 143 51
78 144 32
78 145 47
78 146 60
78 147 42
78 148 53
78 149 45
79 0 49
79 1 48
79 2 49
79 3 41
79 4 64
79 5 52
79 6 60
79 7 47
79 8 60
79 9 47
79 10 61
79 11 52
79 12 46
79 13 50
79 14 49
79 15 52
79 16 51
79 17 41
79 18 34
79 19 48
79 20 47
79 21 45
79 22 42
79 23 46
79 24 51
79 25 51
79 26 72
79 27 51
79 28 49
79 29 49
79 30 36
79 31 40
79 32 48
79 33 46
79 34 41
79 35 44
79 36 35
79 37 52
79 38 43
79 39 47
79 40 45
79 41 50
79 42 38
79 43 46
79 44 38
79 45 47
79 46 41
79 47 55
79 48 49
79 49 39
79 50 58
79 51 36
79 52 57
79 53 41
79 54 41
79 55 37
79 56 48
79 57 54
79 58 36
79 59 57
79 60 44
79 61 57
79 62 43
79 63 38
79 64 45
79 65 51
79 66 42
79 67 48
79 68 53
79 69 47
79 70 59
79 71 46
79 72 58
79 73 44
79 74 46
79 75 49
79 76 45
79 77 55
79 78 36
79 79 44
79 80 52
79 81 53
79 82 46
79 83 56
79 84 44
79 85 47
79 86 36
79 87 50
79 88 51
79 89 52
79 90 55
79 91 61
79 92 32
79 93 57
79 94 33
79 95 52
79 96 57
79 97 64
79 98 51
79 99 34
79 100 34
79 101 42
79 102 43
79 103 45
79 104 38
79 105 63
79 106 53
79 107 59
79 108 49
79 109 56
79 110 54
79 111 45
79 112 54
79 113 49
79 114 58
79 115 46
79 116 48
79 117 49
79 118 48
79 119 46
79 120 58
79 121 54
79 122 44
79 123 36
79 124 51
79 125 52
79 126 42
79 127 50
79 128 50
79 129 58
79 130 48
79 131 57
79 132 42
79 133 49
79 134 49
79 135 57
79 136 56
79 137 46
79 138 47
79 139 39
79 140 48
79 141 65
79 142 52
79 143 57
79 144 38
79 145 51
79 146 43
79 147 36
79 148 46
79 149 41
80 0 58
80 1 40
80 2 43
80 3 39
80 4 56
80 5 49
80 6 43
80 7 54
80 8 58
80 9 47
80 10 52
80 11 55
80 12 56
80 13 42
80 14 47
80 15 45
80 16 47
80 17 41
80 18 40
80 19 48
80 20 63
80 21 42
80 22 47
80 23 49
80 24 47
80 25 59
80 26 48
80 27 56
80 28 50
80 29 49
80 30 46
80 31 31
80 32 42
80 33 46
80 34 53
80 35 39
80 36 58
80 37 47
80 38 40
80 39 48
80 40 45
80 41 49
80 42 43
80 43 40
80 44 52
80 45 47
80 46 49
80 47 48
80 48 45
80 49 49
80 50 42
80 51 34
80 52 47
80 53 47
80 54 57
80 55 38
80 56 41
80 57 53
80 58 41
80 59 50
80 60 50
80 61 47
80 62 57
80 63 59
80 64 35
80 65 56
80 66 45
80 67 44
80 68 37
80 69 52
80 70 38
80 71 44
80 72 46
80 73 42
80 74 52
80 75 54
80 76 46
80 77 59
80 78 61
80 79 43
80 80 51
80 81 49
80 82 57
80 83 48
80 84 55
80 85 52
80 86 45
80 87 46
80 88 45
80 89 34
80 90 40
80 91 44
80 92 44
80 93 56
80 94 50
80 95 54
80 96 41
80 97 42
80 98 54
80 99 43
80 100 40
80 101 51
80 102 52
80 103 48
80 104 48
80 105 46
80 106 65
80 107 42
80 108 46
80 109 52
80 110 55
80 111 45
80 112 44
80 113 54
80 114 58
80 115 41
80 116 57
80 117 37
80 118 60
80 119 49
80 120 43
80 121 53
80 122 47
80 123 47
80 124 35
80 125 54
80 126 49
80 127 47
80 128 51
80 129 54
80 130 33
80 131 52
80 132 47
80 133 52
80 134 54
80 135 48
80 136 38
80 137 46
80 138 57
80 139 56
80 140 49
80 141 35
80 142 44
80 143 47
80 144 42
80 145 42
80 146 56
80 147 52
80 148 61
80 149 50
81 0 41
81 1 37
81 2 43
81 3 48
81 4 43
81 5 58
81 6 46
81 7 48
81 8 52
81 9 49
81 10 51
81 11 56
81 12 55
81 13 58
81 14 48
81 15 46
81 16 58
81 17 51
81 18 35
81 19 31
81 20 37
81 21 61
81 22 49
81 23 52
81 24 47
81 25 61
81 26 45
81 27 49
81 28 43
81 29 45
81 30 41
81 31 41
81 32 61
81 33 42
81 34 52
81 35 58
81 36 51
81 37 44
81 38 44
81 39 56
81 40 55
81 41 42
81 42 46
81 43 56
81 44 37
81 45 47
81 46 44
81 47 50
81 48 28
81 49 53
81 50 62
81 51 53
81 52 49
81 53 45
81 54 60
81 55 44
81 56 56
81 57 57
81 58 55
81 59 31
81 60 43
81 61 49
81 62 53
81 63 42
81 64 51
81 65 47
81 66 49
81 67 52
81 68 58
81 69 46
81 70 43
81 71 51
81 72 43
81 73 55
81 74 44
81 75 48
81 76 46
81 77 46
81 78 34
81 79 48
81 80 46
81 81 50
81 82 48
81 83 39
81 84 61
81 85 52
81 86 45
81 87 37
81 88 49
81 89 51
81 90 40
81 91 50
81 92 42
81 93 52
81 94 44
81 95 40
81 96 52
81 97 55
81 98 36
81 99 40
81 100 49
81 101 55
81 102 62
81 103 41
81 104 49
81 105 45
81 106 50
81 107 52
81 108 42
81 109 56
81 110 47
81 111 51
81 112 46
81 113 36
81 114 47
81 115 50
81 116 48
81 117 55
81 118 59
81 119 48
81 120 55
81 121 46
81 122 47
81 123 58
81 124 54
81 125 44
81 126 50
81 127 36
81 128 43
81 129 58
81 130 49
81 131 44
81 132 46
81 133 44
81 134 45
81 135 49
81 136 60
81 137 50
81 138 48
81 139 45
81 140 56
81 141 46
81 142 40
81 143 48
81 144 52
81 145 44
81 146 44
81 147 36
81 148 50
81 149 54
82 0 47
82 1 60
82 2 43
82 3 45
82 4 63
82 5 48
82 6 50
82 7 47
82 8 48
82 9 39
82 10 63
82 11 44
82 12 45
82 13 53
82 14 60
82 15 45
82 16 38
82 17 50
82 18 47
82 19 40
82 20 48
82 21 46
82 22 48
82 23 43
82 24 44
82 25 61
82 26 39
82 27 40
82 28 51
82 29 53
82 30 52
82 31 48
82 32 52
82 33 44
82 34 33
82 35 56
82 36 36
82 37 44
82 38 44
82 39 47
82 40 45
82 41 46
82 42 39
82 43 43
82 44 48
82 45 53
82 46 50
82 47 46
82 48 40
82 49 47
82 50 40
82 51 48
82 52 46
82 53 51
82 54 54
82 55 60
82 56 38
82 57 42
82 58 53
82 59 46
82 60 56
82 61 44
82 62 44
82 63 51
82 64 57
82 65 50
82 66 49
82 67 52
82 68 52
82 69 50
82 70 47
82 71 47
82 72 48
82 73 56
82 74 43
82 75 48
82 76 59
82 77 43
82 78 45
82 79 48
82 80 57
82 81 58
82 82 42
82 83 50
82 84 51
82 85 52
82 86 50
82 87 48
82 88 48
82 89 62
82 90 54
82 91 46
82 92 39
82 93 47
82 94 49
82 95 42
82 96 52
82 97 43
82 98 55
82 99 56
82 100 51
82 101 53
82 102 39
82 103 50
82 104 43
82 105 53
82 106 49
82 107 61
82 108 51
82 109 42
82 110 47
82 111 46
82 112 45
82 113 43
82 114 50
82 115 58
82 116 56
82 117 45
82 118 56
82 119 44
82 120 61
82 121 50
82 122 38
82 123 53
82 124 51
82 125 47
82 126 52
82 127 57
82 128 57
82 129 48
82 130 44
82 131 54
82 132 68
82 133 47
82 134 66
82 135 52
82 136 44
82 137 62
82 138 58
82 139 42
82 140 43
82 141 49
82 142 44
82 143 62
82 144 58
82 145 46
82 146 57
82 147 46
82 148 54
82 149 52
83 0 47
83 1 55
83 2 45
83 3 57
83 4 45
83 5 51
83 6 42
83 7 49
83 8 50
83 9 51
83 10 48
83 11 43
83 12 60
83 13 53
83 14 45
83 15 42
83 16 45
83 17 48
83 18 47
83 19 53
83 20 54
83 21 46
83 22 44
83 23 50
83 24 46
83 25 45
83 26 51
83 27 50
83 28 60
83 29 54
83 30 52
83 31 42
83 32 54
83 33 43
83 34 55
83 35 52
83 36 50
83 37 41
83 38 45
83 39 44
83 40 38
83 41 46
83 42 43
83 43 54
83 44 43
83 45 48
83 46 49
83 47 43
83 48 50
83 49 54
83 50 54
83 51 47
83 52 50
83 53 40
83 54 43
83 55 45
83 56 45
83 57 46
83 58 63
83 59 39
83 60 44
83 61 41
83 62 40
83 63 47
83 64 42
83 65 43
83 66 54
83 67 48
83 68 53
83 69 41
83 70 45
83 71 41
83 72 42
83 73 52
83 74 55
83 75 61
83 76 33
83 77 40
83 78 42
83 79 49
83 80 57
83 81 48
83 82 49
83 83 46
83 84 48
83 85 43
83 86 36
83 87 48
83 88 53
83 89 51
83 90 43
83 91 41
83 92 56
83 93 59
83 94 49
83 95 48
83 96 60
83 97 49
83 98 53
83 99 51
83 100 51
83 101 53
83 102 54
83 103 47
83 104 36
83 105 56
83 106 58
83 107 44
83 108 60
83 109 53
83 110 39
83 111 33
83 112 47
83 113 51
83 114 55
83 115 60
83 116 35
83 117 49
83 118 50
83 119 47
83 120 48
83 121 43
83 122 38
83 123 51
83 124 50
83 125 45
83 126 47
83 127 58
83 128 47
83 129 53
83 130 57
83 131 44
83 132 48
83 133 52
83 134 44
83 135 43
83 136 49
83 137 54
83 138 54
83 139 36
83 140 47
83 141 53
83 142 56
83 143 52
83 144 54
83 145 47
83 146 55
83 147 47
83 148 49
83 149 46
84 0 44
84 1 38
84 2 55
84 3 48
84 4 57
84 5 55
84 6 40
84 7 61
84 8 35
84 9 43
84 10 48
84 11 45
84 12 44
84 13 44
84 14 41
84 15 49
84 16 50
84 17 40
84 18 53
84 19 54
84 20 50
84 21 52
84 22 50
84 23 42
84 24 64
84 25 44
84 26 40
84 27 40
84 28 52
84 29 45
84 30 44
84 31 44
84 32 55
84 33 53
84 34 49
84 35 67
84 36 49
84 37 35
84 38 38
84 39 48
84 40 52
84 41 44
84 42 49
84 43 38
84 44 34
84 45 50
84 46 40
84 47 38
84 48 48
84 49 50
84 50 55
84 51 35
84 52 57
84 53 46
84 54 45
84 55 56
84 56 34
84 57 45
84 58 51
84 59 53
84 60 53
84 61 53
84 62 52
84 63 61
84 64 50
84 65 41
84 66 56
84 67 47
84 68 47
84 69 49
84 70 59
84 71 45
84 72 43
84 73 49
84 74 50
84 75 48
84 76 51
84 77 52
84 78 54
84 79 48
84 80 46
84 81 58
84 82 51
84 83 34
84 84 61
84 85 54
84 86 41
84 87 52
84 88 68
84 89 55
84 90 57
84 91 48
84 92 52
84 93 39
84 94 58
84 95 54
84 96 40
84 97 43
84 98 47
84 99 43
84 100 40
84 101 52
84 102 44
84 103 38
84 104 45
84 105 44
84 106 61
84 107 47
84 108 39
84 109 44
84 110 55
84 111 48
84 112 44
84 113 49
84 114 36
84 115 47
84 116 51
84 117 48
84 118 47
84 119 53
84 120 48
84 121 60
84 122 46
84 123 51
84 124 55
84 125 40
84 126 55
84 127 44
84 128 55
84 129 52
84 130 46
84 131 57
84 132 44
84 133 55
84 134 47
84 135 61
84 136 51
84 137 46
84 138 55
84 139 60
84 140 40
84 141 44
84 142 54
84 143 50
84 144 48
84 145 53
84 146 43
84 147 53
84 148 48
84 149 65
85 0 43
85 1 49
85 2 40
85 3 59
85 4 51
85 5 46
85 6 40
85 7 53
85 8 59
85 9 47
85 10 42
85 11 56
85 12 50
85 13 46
85 14 53
85 15 54
85 16 51
85 17 48
85 18 41
85 19 59
85 20 45
85 21 53
85 22 43
85 23 55
85 24 52
85 25 62
85 26 42
85 27 47
85 28 46
85 29 43
85 30 47
85 31 60
85 32 46
85 33 54
85 34 61
85 35 38
85 36 52
85 37 50
85 38 61
85 39 49
85 40 54
85 41 44
85 42 56
85 43 56
85 44 50
85 45 54
85 46 46
85 47 51
85 48 52
85 49 46
85 50 49
85 51 62
85 52 49
85 53 55
85 54 47
85 55 47
85 56 48
85 57 52
85 58 46
85 59 42
85 60 45
85 61 51
85 62 54
85 63 40
85 64 53
85 65 56
85 66 50
85 67 41
85 68 57
85 69 52
85 70 45
85 71 47
85 72 52
85 73 45
85 74 55
85 75 49
85 76 38
85 77 51
85 78 45
85 79 56
85 80 46
85 81 42
85 82 57
85 83 55
85 84 54
85 85 50
85 86 54
85 87 51
85 88 47
85 89 53
85 90 46
85 91 44
85 92 44
85 93 51
85 94 43
85 95 49
85 96 62
85 97 45
85 98 51
85 99 60
85 100 50
85 101 61
85 102 56
85 103 43
85 104 52
85 105 47
85 106 45
85 107 41
85 108 52
85 109 47
85 110 43
85 111 45
85 112 57
85 113 56
85 114 45
85 115 54
85 116 49
85 117 43
85 118 48
85 119 44
85 120 44
85 121 42
85 122 50
85 123 42
85 124 47
85 125 50
85 126 60
85 127 58
85 128 51
85 129 58
85 130 46
85 131 49
85 132 55
85 133 59
85 134 52
85 135 49
85 136 55
85 137 42
85 138 47
85 139 57
85 140 49
85 141 51
85 142 58
85 143 51
85 144 46
85 145 53
85 146 43
85 147 54
85 148 37
85 149 50
86 0 45
86 1 48
86 2 49
86 3 49
86 4 48
86 5 46
86 6 51
86 7 45
86 8 50
86 9 55
86 10 35
86 11 51
86 12 46
86 13 37
86 14 43
86 15 35
86 16 49
86 17 46
86 18 59
86 19 53
86 20 43
86 21 52
86 22 54
86 23 38
86 24 48
86 25 55
86 26 59
86 27 35
86 28 58
86 29 53
86 30 34
86 31 47
86 32 36
86 33 55
86 34 48
86 35 48
86 36 36
86 37 42
86 38 60
86 39 39
86 40 47
86 41 43
86 42 53
86 43 51
86 44 48
86 45 52
86 46 45
86 47 49
86 48 48
86 49 56
86 50 46
86 51 56
86 52 56
86 53 55
86 54 35
86 55 43
86 56 44
86 57 57
86 58 51
86 59 60
86 60 59
86 61 49
86 62 50
86 63 55
86 64 58
86 65 58
86 66 43
86 67 60
86 68 59
86 69 38
86 70 62
86 71 46
86 72 45
86 73 47
86 74 56
86 75 35
86 76 43
86 77 53
86 78 57
86 79 47
86 80 44
86 81 41
86 82 53
86 83 54
86 84 47
86 85 53
86 86 42
86 87 59
86 88 47
86 89 50
86 90 54
86 91 54
86 92 52
86 93 48
86 94 50
86 95 32
86 96 43
86 97 36
86 98 47
86 99 43
86 100 53
86 101 43
86 102 48
86 103 53
86 104 48
86 105 64
86 106 49
86 107 57
86 108 56
86 109 39
86 110 53
86 111 47
86 112 51
86 113 51
86 114 43
86 115 43
86 116 51
86 117 68
86 118 53
86 119 58
86 120 58
86 121 41
86 122 51
86 123 47
86 124 47
86 125 45
86 126 37
86 127 46
86 128 40
86 129 48
86 130 49
86 131 50
86 132 54
86 133 69
86 134 50
86 135 59
86 136 45
86 137 43
86 138 56
86 139 47
86 140 39
86 141 50
86 142 51
86 143 52
86 144 45
86 145 49
86 146 41
86 147 41
86 148 54
86 149 56
87 0 49
87 1 41
87 2 54
87 3 37
87 4 40
87 5 38
87 6 41
87 7 51
87 8 37
87 9 53
87 10 45
87 11 43
87 12 48
87 13 48
87 14 49
87 15 45
87 16 41
87 17 46
87 18 46
87 19 45
87 20 50
87 21 38
87 22 55
87 23 50
87 24 53
87 25 44
87 26 52
87 27 47
87 28 54
87 29 50
87 30 53
87 31 46
87 32 58
87 33 60
87 34 44
87 35 41
87 36 44
87 37 46
87 38 54
87 39 44
87 40 55
87 41 43
87 42 58
87 43 54
87 44 57
87 45 37
87 46 46
87 47 35
87 48 35
87 49 43
87 50 45
87 51 61
87 52 44
87 53 44
87 54 33
87 55 52
87 56 51
87 57 63
87 58 44
87 59 66
87 60 61
87 61 59
87 62 55
87 63 49
87 64 60
87 65 44
87 66 49
87 67 60
87 68 55
87 69 46
87 70 56
87 71 39
87 72 49
87 73 43
87 74 60
87 75 48
87 76 49
87 77 49
87 78 48
87 79 57
87 80 55
87 81 41
87 82 55
87 83 54
87 84 39
87 85 57
87 86 45
87 87 47
87 88 53
87 89 44
87 90 49
87 91 47
87 92 48
87 93 47
87 94 51
87 95 43
87 96 49
87 97 41
87 98 52
87 99 55
87 100 41
87 101 54
87 102 53
87 103 45
87 104 50
87 105 48
87 106 44
87 107 42
87 108 48
87 109 51
87 110 47
87 111 39
87 112 50
87 113 47
87 114 53
87 115 41
87 116 46
87 117 38
87 118 47
87 119 49
87 120 40
87 121 45
87 122 51
87 123 47
87 124 58
87 125 47
87 126 48
87 127 52
87 128 39
87 129 44
87 130 50
87 131 56
87 132 52
87 133 45
87 134 59
87 135 49
87 136 45
87 137 60
87 138 50
87 139 52
87 140 45
87 141 61
87 142 48
87 143 43
87 144 54
87 145 54
87 146 42
87 147 47
87 148 51
87 149 44
88 0 49
88 1 56
88 2 49
88 3 71
88 4 50
88 5 47
88 6 51
88 7 53
88 8 43
88 9 36
88 10 42
88 11 44
88 12 56
88 13 60
88 14 47
88 15 63
88 16 57
88 17 45
88 18 54
88 19 42
88 20 58
88 21 47
88 22 52
88 23 51
88 24 51
88 25 42
88 26 45
88 27 56
88 28 64
88 29 50
88 30 50
88 31 47
88 32 47
88 33 52
88 34 52
88 35 52
88 36 55
88 37 51
88 38 51
88 39 55
88 40 58
88 41 48
88 42 57
88 43 37
88 44 44
88 45 47
88 46 44
88 47 46
88 48 53
88 49 37
88 50 51
88 51 37
88 52 48
88 53 41
88 54 58
88 55 57
88 56 57
88 57 53
88 58 56
88 59 51
88 60 75
88 61 57
88 62 48
88 63 59
88 64 54
88 65 71
88 66 54
88 67 49
88 68 53
88 69 42
88 70 60
88 71 53
88 72 53
88 73 66
88 74 46
88 75 68
88 76 41
88 77 47
88 78 51
88 79 55
88 80 44
88 81 45
88 82 53
88 83 48
88 84 47
88 85 44
88 86 54
88 87 45
88 88 44
88 89 45
88 90 48
88 91 54
88 92 47
88 93 45
88 94 56
88 95 45
88 96 59
88 97 48
88 98 33
88 99 39
88 100 50
88 101 35
88 102 52
88 103 48
88 104 46
88 105 45
88 106 46
88 107 58
88 108 41
88 109 35
88 110 64
88 111 54
88 112 38
88 113 40
88 114 44
88 115 38
88 116 52
88 117 37
88 118 39
88 119 44
88 120 41
88 121 39
88 122 46
88 123 50
88 124 46
88 125 48
88 126 38
88 127 54
88 128 52
88 129 52
88 130 43
88 131 47
88 132 53
88 133 55
88 134 56
88 135 50
88 136 44
88 137 40
88 138 48
88 139 52
88 140 52
88 141 47
88 142 50
88 143 56
88 144 61
88 145 58
88 146 54
88 147 46
88 148 54
88 149 41
89 0 56
89 1 56
89 2 57
89 3 46
89 4 57
89 5 59
89 6 49
89 7 54
89 8 46
89 9 57
89 10 53
89 11 58
89 12 59
89 13 37
89 14 45
89 15 50
89 16 47
89 17 57
89 18 54
89 19 54
89 20 59
89 21 37
89 22 52
89 23 52
89 24 47
89 25 44
89 26 61
89 27 49
89 28 47
89 29 48
89 30 43
89 31 47
89 32 52
89 33 59
89 34 60
89 35 49
89 36 54
89 37 50
89 38 41
89 39 60
89 40 52
89 41 54
89 42 45
89 43 48
89 44 51
89 45 44
89 46 66
89 47 72
89 48 40
89 49 44
89 50 55
89 51 47
89 52 55
89 53 30
89 54 49
89 55 45
89 56 61
89 57 59
89 58 55
89 59 46
89 60 53
89 61 54
89 62 66
89 63 55
89 64 47
89 65 52
89 66 54
89 67 57
89 68 55
89 69 68
89 70 51
89 71 42
89 72 48
89 73 66
89 74 49
89 75 47
89 76 39
89 77 49
89 78 52
89 79 56
89 80 61
89 81 50
89 82 52
89 83 54
89 84 54
89 85 49
89 86 49
89 87 36
89 88 62
89 89 39
89 90 44
89 91 52
89 92 45
89 93 52
89 94 45
89 95 44
89 96 43
89 97 45
89 98 52
89 99 63
89 100 47
89 101 40
89 102 46
89 103 47
89 104 45
89 105 55
89 106 47
89 107 47
89 108 51
89 109 47
89 110 47
89 111 56
89 112 54
89 113 46
89 114 35
89 115 49
89 116 46
89 117 56
89 118 45
89 119 54
89 120 44
89 121 47
89 122 46
89 123 49
89 124 60
89 125 38
89 126 44
89 127 42
89 128 37
89 129 37
89 130 42
89 131 51
89 132 46
89 133 52
89 134 54
89 135 46
89 136 41
89 137 63
89 138 51
89 139 46
89 140 53
89 141 49
89 142 52
89 143 47
89 144 48
89 145 44
89 146 51
89 147 49
89 148 56
89 149 47
90 0 38
90 1 42
90 2 41
90 3 49
90 4 46
90 5 62
90 6 43
90 7 55
90 8 33
90 9 46
90 10 55
90 11 55
90 12 49
90 13 47
90 14 38
90 15 49
90 16 44
90 17 52
90 18 39
90 19 45
90 20 41
90 21 52
90 22 47
90 23 57
90 24 58
90 25 54
90 26 50
90 27 45
90 28 43
90 29 45
90 30 43
90 31 51
90 32 55
90 33 51
90 34 51
90 35 47
90 36 59
90 37 48
90 38 59
90 39 48
90 40 53
90 41 61
90 42 55
90 43 56
90 44 45
90 45 44
90 46 59
90 47 59
90 48 66
90 49 43
90 50 48
90 51 49
90 52 38
90 53 50
90 54 49
90 55 47
90 56 52
90 57 55
90 58 44
90 59 58
90 60 43
90 61 51
90 62 56
90 63 55
90 64 53
90 65 54
90 66 73
90 67 52
90 68 50
90 69 50
90 70 43
90 71 49
90 72 37
90 73 51
90 74 41
90 75 55
90 76 60
90 77 51
90 78 45
90 79 36
90 80 59
90 81 60
90 82 43
90 83 50
90 84 62
90 85 53
90 86 59
90 87 52
90 88 48
90 89 45
90 90 49
90 91 40
90 92 48
90 93 38
90 94 55
90 95 52
90 96 41
90 97 45
90 98 36
90 99 65
90 100 50
90 101 59
90 102 45
90 103 47
90 104 51
90 105 49
90 106 54
90 107 44
90 108 49
90 109 53
90 110 66
90 111 41
90 112 49
90 113 41
90 114 39
90 115 51
90 116 54
90 117 40
90 118 57
90 119 61
90 120 53
90 121 43
90 122 51
90 123 50
90 124 45
90 125 53
90 126 31
90 127 48
90 128 57
90 129 41
90 130 23
90 131 50
90 132 51
90 133 49
90 134 59
90 135 55
90 136 52
90 137 61
90 138 55
90 139 51
90 140 43
90 141 59
90 142 51
90 143 43
90 144 41
90 145 52
90 146 43
90 147 54
90 148 51
90 149 50
91 0 53
91 1 47
91 2 52
91 3 36
91 4 47
91 5 44
91 6 54
91 7 49
91 8 54
91 9 52
91 10 40
91 11 44
91 12 49
91 13 33
91 14 54
91 15 41
91 16 58
91 17 48
91 18 44
91 19 46
91 20 53
91 21 56
91 22 54
91 23 47
91 24 54
91 25 53
91 26 57
91 27 34
91 28 47
91 29 64
91 30 41
91 31 64
91 32 54
91 33 47
91 34 45
91 35 39
91 36 51
91 37 54
91 38 59
91 39 54
91 40 49
91 41 56
91 42 49
91 43 54
91 44 37
91 45 48
91 46 41
91 47 56
91 48 44
91 49 45
91 50 68
91 51 69
91 52 49
91 53 46
91 54 46
91 55 50
91 56 60
91 57 37
91 58 33
91 59 59
91 60 47
91 61 54
91 62 46
91 63 48
91 64 43
91 65 44
91 66 46
91 67 48
91 68 56
91 69 41
91 70 52
91 71 44
91 72 62
91 73 49
91 74 47
91 75 44
91 76 49
91 77 46
91 78 47
91 79 43
91 80 51
91 81 38
91 82 59
91 83 57
91 84 64
91 85 68
91 86 54
91 87 41
91 88 52
91 89 59
91 90 44
91 91 51
91 92 52
91 93 44
91 94 61
91 95 56
91 96 50
91 97 44
91 98 49
91 99 55
91 100 54
91 101 50
91 102 46
91 103 45
91 104 47
91 105 45
91 106 34
91 107 53
91 108 56
91 109 48
91 110 53
91 111 48
91 112 44
91 113 34
91 114 59
91 115 35
91 116 50
91 117 42
91 118 47
91 119 41
91 120 56
91 121 39
91 122 52
91 123 50
91 124 55
91 125 55
91 126 70
91 127 43
91 128 54
91 129 30
91 130 55
91 131 45
91 132 53
91 133 56
91 134 46
91 135 50
91 136 57
91 137 50
91 138 45
91 139 55
91 140 29
91 141 67
91 142 54
91 143 47
91 144 50
91 145 52
91 146 51
91 147 43
91 148 52
91 149 46
92 0 42
92 1 45
92 2 37
92 3 45
92 4 54
92 5 54
92 6 46
92 7 40
92 8 57
92 9 56
92 10 46
92 11 47
92 12 42
92 13 47
92 14 57
92 15 60
92 16 49
92 17 61
92 18 57
92 19 62
92 20 49
92 21 54
92 22 55
92 23 54
92 24 53
92 25 58
92 26 53
92 27 44
92 28 47
92 29 62
92 30 59
92 31 45
92 32 49
92 33 53
92 34 38
92 35 42
92 36 57
92 37 45
92 38 56
92 39 63
92 40 54
92 41 45
92 42 58
92 43 52
92 44 44
92 45 41
92 46 53
92 47 43
92 48 55
92 49 56
92 50 39
92 51 64
92 52 58
92 53 53
92 54 62
92 55 45
92 56 46
92 57 56
92 58 56
92 59 58
92 60 50
92 61 49
92 62 62
92 63 45
92 64 56
92 65 53
92 66 63
92 67 48
92 68 50
92 69 42
92 70 42
92 71 53
92 72 57
92 73 37
92 74 43
92 75 44
92 76 58
92 77 54
92 78 43
92 79 54
92 80 56
92 81 40
92 82 42
92 83 52
92 84 38
92 85 43
92 86 50
92 87 49
92 88 53
92 89 65
92 90 61
92 91 52
92 92 48
92 93 54
92 94 56
92 95 48
92 96 47
92 97 57
92 98 52
92 99 49
92 100 52
92 101 58
92 102 54
92 103 50
92 104 58
92 105 47
92 106 64
92 107 48
92 108 43
92 109 41
92 110 48
92 111 47
92 112 54
92 113 50
92 114 49
92 115 51
92 116 42
92 117 37
92 118 42
92 119 50
92 120 55
92 121 51
92 122 49
92 123 54
92 124 50
92 125 48
92 126 51
92 127 51
92 128 49
92 129 62
92 130 43
92 131 55
92 132 50
92 133 54
92 134 42
92 135 47
92 136 49
92 137 50
92 138 41
92 139 55
92 140 55
92 141 38
92 142 45
92 143 41
92 144 51
92 145 32
92 146 52
92 147 51
92 148 61
92 149 56
93 0 54
93 1 50
93 2 44
93 3 65
93 4 44
93 5 47
93 6 48
93 7 55
93 8 48
93 9 45
93 10 56
93 11 64
93 12 54
93 13 47
93 14 52
93 15 46
93 16 47
93 17 66
93 18 51
93 19 66
93 20 42
93 21 49
93 22 50
93 23 57
93 24 41
93 25 48
93 26 55
93 27 55
93 28 57
93 29 53
93 30 59
93 31 49
93 32 54
93 33 53
93 34 65
93 35 45
93 36 51
93 37 56
93 38 56
93 39 50
93 40 57
93 41 50
93 42 63
93 43 52
93 44 45
93 45 58
93 46 63
93 47 63
93 48 43
93 49 63
93 50 45
93 51 49
93 52 51
93 53 43
93 54 45
93 55 55
93 56 44
93 57 43
93 58 44
93 59 50
93 60 48
93 61 39
93 62 44
93 63 48
93 64 46
93 65 48
93 66 48
93 67 66
93 68 41
93 69 59
93 70 54
93 71 61
93 72 47
93 73 39
93 74 49
93 75 41
93 76 52
93 77 55
93 78 51
93 79 52
93 80 60
93 81 48
93 82 41
93 83 50
93 84 47
93 85 49
93 86 48
93 87 51
93 88 46
93 89 44
93 90 47
93 91 57
93 92 45
93 93 40
93 94 48
93 95 57
93 96 50
93 97 50
93 98 52
93 99 47
93 100 58
93 101 49
93 102 41
93 103 50
93 104 43
93 105 49
93 106 43
93 107 50
93 108 55
93 109 62
93 110 56
93 111 31
93 112 50
93 113 34
93 114 47
93 115 42
93 116 56
93 117 54
93 118 37
93 119 50
93 120 39
93 121 51
93 122 56
93 123 43
93 124 42
93 125 49
93 126 47
93 127 43
93 128 39
93 129 62
93 130 52
93 131 43
93 132 46
93 133 59
93 134 42
93 135 59
93 136 55
93 137 61
93 138 43
93 139 36
93 140 43
93 141 64
93 142 52
93 143 43
93 144 44
93 145 41
93 146 41
93 147 38
93 148 52
93 149 44
94 0 57
94 1 40
94 2 48
94 3 55
94 4 51
94 5 48
94 6 44
94 7 49
94 8 40
94 9 44
94 10 47
94 11 49
94 12 50
94 13 39
94 14 41
94 15 47
94 16 44
94 17 49
94 18 59
94 19 52
94 20 61
94 21 46
94 22 52
94 23 58
94 24 52
94 25 42
94 26 50
94 27 45
94 28 58
94 29 45
94 30 57
94 31 52
94 32 42
94 33 54
94 34 43
94 35 43
94 36 48
94 37 41
94 38 51
94 39 63
94 40 52
94 41 59
94 42 46
94 43 47
94 44 55
94 45 55
94 46 40
94 47 67
94 48 52
94 49 46
94 50 61
94 51 41
94 52 58
94 53 52
94 54 50
94 55 52
94 56 67
94 57 41
94 58 54
94 59 45
94 60 54
94 61 47
94 62 50
94 63 58
94 64 58
94 65 46
94 66 46
94 67 56
94 68 54
94 69 57
94 70 58
94 71 47
94 72 40
94 73 55
94 74 49
94 75 53
94 76 44
94 77 49
94 78 55
94 79 58
94 80 47
94 81 37
94 82 53
94 83 50
94 84 50
94 85 47
94 86 37
94 87 50
94 88 55
94 89 47
94 90 58
94 91 47
94 92 67
94 93 45
94 94 38
94 95 44
94 96 41
94 97 46
94 98 53
94 99 42
94 100 50
94 101 55
94 102 47
94 103 55
94 104 49
94 105 43
94 106 53
94 107 37
94 108 66
94 109 45
94 110 46
94 111 38
94 112 51
94 113 54
94 114 52
94 115 40
94 116 45
94 117 41
94 118 57
94 119 51
94 120 53
94 121 36
94 122 66
94 123 44
94 124 50
94 125 63
94 126 46
94 127 55
94 128 53
94 129 47
94 130 45
94 131 43
94 132 57
94 133 52
94 134 49
94 135 48
94 136 53
94 137 49
94 138 65
94 139 62
94 140 58
94 141 42
94 142 51
94 143 54
94 144 53
94 145 37
94 146 59
94 147 40
94 148 57
94 149 47
95 0 49
95 1 45
95 2 48
95 3 54
95 4 44
95 5 63
95 6 47
95 7 49
95 8 46
95 9 43
95 10 60
95 11 45
95 12 46
95 13 43
95 14 46
95 15 63
95 16 52
95 17 43
95 18 53
95 19 50
95 20 59
95 21 49
95 22 50
95 23 53
95 24 56
95 25 45
95 26 55
95 27 49
95 28 49
95 29 48
95 30 55
95 31 59
95 32 57
95 33 61
95 34 47
95 35 58
95 36 53
95 37 58
95 38 53
95 39 50
95 40 49
95 41 52
95 42 56
95 43 50
95 44 50
95 45 50
95 46 59
95 47 49
95 48 53
95 49 52
95 50 64
95 51 56
95 52 44
95 53 46
95 54 61
95 55 35
95 56 54
95 57 58
95 58 38
95 59 56
95 60 57
95 61 46
95 62 54
95 63 42
95 64 38
95 65 44
95 66 55
95 67 44
95 68 64
95 69 51
95 70 56
95 71 54
95 72 55
95 73 59
95 74 45
95 75 54
95 76 52
95 77 52
95 78 53
95 79 36
95 80 49
95 81 47
95 82 54
95 83 41
95 84 57
95 85 47
95 86 58
95 87 44
95 88 48
95 89 58
95 90 48
95 91 38
95 92 56
95 93 55
95 94 48
95 95 41
95 96 55
95 97 43
95 98 47
95 99 52
95 100 60
95 101 50
95 102 45
95 103 48
95 104 51
95 105 55
95 106 54
95 107 49
95 108 47
95 109 46
95 110 44
95 111 50
95 112 32
95 113 57
95 114 41
95 115 48
95 116 42
95 117 49
95 118 48
95 119 42
95 120 36
95 121 48
95 122 43
95 123 38
95 124 55
95 125 47
95 126 55
95 127 56
95 128 46
95 129 39
95 130 38
95 131 52
95 132 40
95 133 36
95 134 46
95 135 62
95 136 50
95 137 60
95 138 43
95 139 47
95 140 47
95 141 47
95 142 50
95 143 53
95 144 39
95 145 56
95 146 46
95 147 46
95 148 55
95 149 54
96 0 55
96 1 48
96 2 45
96 3 44
96 4 48
96 5 58
96 6 48
96 7 48
96 8 33
96 9 40
96 10 53
96 11 66
96 12 43
96 13 51
96 14 42
96 15 38
96 16 72
96 17 59
96 18 48
96 19 54
96 20 55
96 21 41
96 22 48
96 23 54
96 24 41
96 25 48
96 26 53
96 27 42
96 28 70
96 29 64
96 30 53
96 31 57
96 32 63
96 33 63
96 34 54
96 35 41
96 36 61
96 37 54
96 38 59
96 39 51
96 40 44
96 41 48
96 42 47
96 43 48
96 44 53
96 45 65
96 46 57
96 47 35
96 48 60
96 49 62
96 50 61
96 51 45
96 52 58
96 53 53
96 54 41
96 55 48
96 56 49
96 57 36
96 58 62
96 59 54
96 60 51
96 61 42
96 62 49
96 63 58
96 64 55
96 65 54
96 66 52
96 67 49
96 68 50
96 69 50
96 70 47
96 71 59
96 72 61
96 73 41
96 74 36
96 75 62
96 76 44
96 77 48
96 78 53
96 79 52
96 80 52
96 81 59
96 82 58
96 83 43
96 84 56
96 85 56
96 86 47
96 87 34
96 88 60
96 89 39
96 90 48
96 91 50
96 92 43
96 93 52
96 94 55
96 95 62
96 96 49
96 97 41
96 98 43
96 99 50
96 100 41
96 101 66
96 102 39
96 103 50
96 104 54
96 105 56
96 106 57
96 107 60
96 108 49
96 109 42
96 110 41
96 111 61
96 112 42
96 113 46
96 114 56
96 115 40
96 116 57
96 117 68
96 118 50
96 119 41
96 120 43
96 121 54
96 122 52
96 123 52
96 124 52
96 125 49
96 126 44
96 127 34
96 128 47
96 129 41
96 130 53
96 131 52
96 132 57
96 133 50
96 134 40
96 135 69
96 136 53
96 137 52
96 138 58
96 139 54
96 140 46
96 141 54
96 142 39
96 143 57
96 144 57
96 145 45
96 146 61
96 147 54
96 148 47
96 149 51
97 0 51
97 1 48
97 2 65
97 3 58
97 4 55
97 5 54
97 6 47
97 7 55
97 8 53
97 9 60
97 10 70
97 11 48
97 12 44
97 13 56
97 14 53
97 15 56
97 16 49
97 17 53
97 18 40
97 19 59
97 20 50
97 21 53
97 22 68
97 23 51
97 24 61
97 25 50
97 26 45
97 27 53
97 28 37
97 29 49
97 30 45
97 31 44
97 32 48
97 33 49
97 34 54
97 35 44
97 36 43
97 37 55
97 38 47
97 39 49
97 40 53
97 41 45
97 42 54
97 43 42
97 44 41
97 45 58
97 46 46
97 47 58
97 48 42
97 49 44
97 50 53
97 51 47
97 52 51
97 53 50
97 54 51
97 55 68
97 56 54
97 57 58
97 58 48
97 59 51
97 60 62
97 61 53
97 62 58
97 63 55
97 64 44
97 65 56
97 66 40
97 67 60
97 68 47
97 69 46
97 70 56
97 71 44
97 72 36
97 73 57
97 74 43
97 75 53
97 76 45
97 77 52
97 78 56
97 79 46
97 80 48
97 81 50
97 82 59
97 83 46
97 84 53
97 85 40
97 86 73
97 87 48
97 88 48
97 89 44
97 90 57
97 91 59
97 92 45
97 93 57
97 94 43
97 95 51
97 96 47
97 97 54
97 98 49
97 99 43
97 100 45
97 101 46
97 102 55
97 103 49
97 104 50
97 105 54
97 106 52
97 107 44
97 108 39
97 109 44
97 110 61
97 111 50
97 112 52
97 113 57
97 114 55
97 115 49
97 116 52
97 117 60
97 118 51
97 119 44
97 120 33
97 121 55
97 122 48
97 123 51
97 124 42
97 125 45
97 126 58
97 127 40
97 128 54
97 129 41
97 130 47
97 131 57
97 132 60
97 133 50
97 134 51
97 135 38
97 136 47
97 137 47
97 138 46
97 139 54
97 140 59
97 141 52
97 142 58
97 143 61
97 144 64
97 145 53
97 146 51
97 147 58
97 148 59
97 149 54
98 0 48
98 1 39
98 2 38
98 3 53
98 4 53
98 5 38
98 6 48
98 7 51
98 8 54
98 9 57
98 10 59
98 11 45
98 12 50
98 13 46
98 14 39
98 15 44
98 16 60
98 17 55
98 18 40
98 19 38
98 20 52
98 21 71
98 22 45
98 23 42
98 24 54
98 25 58
98 26 57
98 27 57
98 28 37
98 29 49
98 30 51
98 31 51
98 32 57
98 33 55
98 34 48
98 35 56
98 36 45
98 37 51
98 38 54
98 39 45
98 40 50
98 41 49
98 42 53
98 43 58
98 44 51
98 45 58
98 46 41
98 47 53
98 48 35
98 49 51
98 50 52
98 51 45
98 52 51
98 53 45
98 54 56
98 55 56
98 56 46
98 57 48
98 58 51
98 59 41
98 60 47
98 61 49
98 62 55
98 63 32
98 64 61
98 65 64
98 66 57
98 67 55
98 68 45
98 69 57
98 70 59
98 71 56
98 72 37
98 73 43
98 74 57
98 75 50
98 76 44
98 77 49
98 78 53
98 79 46
98 80 45
98 81 51
98 82 58
98 83 47
98 84 52
98 85 43
98 86 53
98 87 42
98 88 50
98 89 58
98 90 54
98 91 54
98 92 49
98 93 53
98 94 49
98 95 52
98 96 51
98 97 47
98 98 64
98 99 50
98 100 50
98 101 58
98 102 33
98 103 48
98 104 47
98 105 50
98 106 48
98 107 49
98 108 52
98 109 50
98 110 63
98 111 43
98 112 54
98 113 49
98 114 46
98 115 48
98 116 54
98 117 60
98 118 47
98 119 53
98 120 50
98 121 46
98 122 62
98 123 45
98 124 54
98 125 48
98 126 36
98 127 63
98 128 45
98 129 42
98 130 50
98 131 52
98 132 64
98 133 41
98 134 56
98 135 38
98 136 45
98 137 60
98 138 47
98 139 38
98 140 53
98 141 54
98 142 51
98 143 57
98 144 48
98 145 53
98 146 43
98 147 46
98 148 62
98 149 53
99 0 65
99 1 64
99 2 49
99 3 62
99 4 57
99 5 63
99 6 53
99 7 56
99 8 59
99 9 46
99 10 38
99 11 65
99 12 59
99 13 62
99 14 53
99 15 47
99 16 54
99 17 45
99 18 55
99 19 61
99 20 56
99 21 47
99 22 47
99 23 50
99 24 42
99 25 62
99 26 49
99 27 48
99 28 59
99 29 59
99 30 56
99 31 46
99 32 59
99 33 57
99 34 57
99 35 51
99 36 42
99 37 53
99 38 56
99 39 48
99 40 41
99 41 54
99 42 51
99 43 62
99 44 50
99 45 43
99 46 48
99 47 48
99 48 48
99 49 53
99 50 50
99 51 51
99 52 52
99 53 47
99 54 53
99 55 61
99 56 43
99 57 54
99 58 44
99 59 56
99 60 57
99 61 55
99 62 53
99 63 51
99 64 38
99 65 56
99 66 53
99 67 50
99 68 40
99 69 51
99 70 53
99 71 50
99 72 64
99 73 52
99 74 56
99 75 50
99 76 43
99 77 53
99 78 43
99 79 54
99 80 48
99 81 38
99 82 42
99 83 50
99 84 49
99 85 47
99 86 67
99 87 64
99 88 36
99 89 42
99 90 49
99 91 44
99 92 58
99 93 46
99 94 53
99 95 41
99 96 48
99 97 62
99 98 49
99 99 57
99 100 44
99 101 63
99 102 51
99 103 59
99 104 46
99 105 41
99 106 48
99 107 43
99 108 58
99 109 43
99 110 62
99 111 53
99 112 47
99 113 54
99 114 49
99 115 56
99 116 54
99 117 58
99 118 61
99 119 48
99 120 53
99 121 40
99 122 48
99 123 46
99 124 61
99 125 38
99 126 41
99 127 56
99 128 52
99 129 44
99 130 45
99 131 55
99 132 49
99 133 51
99 134 51
99 135 53
99 136 35
99 137 64
99 138 58
99 139 50
99 140 41
99 141 39
99 142 61
99 143 47
99 144 45
99 145 58
99 146 58
99 147 40
99 148 51
99 149 46
100 0 52
100 1 46
100 2 51
100 3 57
100 4 59
100 5 48
100 6 65
100 7 50
100 8 49
100 9 56
100 10 50
100 11 59
100 12 52
100 13 55
100 14 56
100 15 59
100 16 49
100 17 57
100 18 47
100 19 52
100 20 67
100 21 41
100 22 50
100 23 55
100 24 59
100 25 49
100 26 49
100 27 50
100 28 59
100 29 45
100 30 42
100 31 39
100 32 45
100 33 58
100 34 49
100 35 52
100 36 52
100 37 58
100 38 52
100 39 44
100 40 42
100 41 44
100 42 57
100 43 42
100 44 63
100 45 47
100 46 46
100 47 52
100 48 57
100 49 42
100 50 54
100 51 47
100 52 50
100 53 61
100 54 60
100 55 53
100 56 55
100 57 35
100 58 41
100 59 59
100 60 70
100 61 30
100 62 52
100 63 52
100 64 40
100 65 62
100 66 53
100 67 59
100 68 45
100 69 51
100 70 39
100 71 62
100 72 58
100 73 49
100 74 52
100 75 55
100 76 50
100 77 44
100 78 49
100 79 46
100 80 37
100 81 56
100 82 51
100 83 51
100 84 57
100 85 54
100 86 48
100 87 42
100 88 58
100 89 45
100 90 48
100 91 48
100 92 49
100 93 52
100 94 50
100 95 43
100 96 45
100 97 36
100 98 50
100 99 43
100 100 47
100 101 44
100 102 47
100 103 44
100 104 52
100 105 47
100 106 53
100 107 46
100 108 50
100 109 53
100 110 52
100 111 51
100 112 49
100 113 55
100 114 37
100 115 58
100 116 56
100 117 50
100 118 66
100 119 50
100 120 39
100 121 40
100 122 40
100 123 58
100 124 57
100 125 64
100 126 35
100 127 56
100 128 43
100 129 48
100 130 44
100 131 51
100 132 58
100 133 52
100 134 54
100 135 52
100 136 41
100 137 36
100 138 47
100 139 60
100 140 43
100 141 48
100 142 62
100 143 65
100 144 55
100 145 51
100 146 52
100 147 49
100 148 54
100 149 57
101 0 40
101 1 45
101 2 38
101 3 46
101 4 46
101 5 58
101 6 47
101 7 44
101 8 49
101 9 51
101 10 58
101 11 51
101 12 60
101 13 43
101 14 49
101 15 59
101 16 44
101 17 48
101 18 66
101 19 46
101 20 57
101 21 46
101 22 52
101 23 55
101 24 52
101 25 45
101 26 54
101 27 40
101 28 43
101 29 64
101 30 51
101 31 42
101 32 49
101 33 43
101 34 52
101 35 61
101 36 36
101 37 51
101 38 47
101 39 52
101 40 48
101 41 39
101 42 40
101 43 48
101 44 47
101 45 51
101 46 58
101 47 53
101 48 49
101 49 47
101 50 56
101 51 70
101 52 66
101 53 44
101 54 50
101 55 42
101 56 54
101 57 59
101 58 56
101 59 50
101 60 58
101 61 51
101 62 52
101 63 47
101 64 48
101 65 43
101 66 53
101 67 50
101 68 48
101 69 64
101 70 52
101 71 58
101 72 57
101 73 42
101 74 48
101 75 53
101 76 54
101 77 59
101 78 41
101 79 59
101 80 59
101 81 47
101 82 51
101 83 50
101 84 44
101 85 38
101 86 51
101 87 50
101 88 48
101 89 44
101 90 42
101 91 52
101 92 45
101 93 48
101 94 51
101 95 46
101 96 52
101 97 54
101 98 36
101 99 43
101 100 54
101 101 59
101 102 60
101 103 41
101 104 39
101 105 50
101 106 48
101 107 53
101 108 58
101 109 44
101 110 51
101 111 57
101 112 46
101 113 47
101 114 38
101 115 54
101 116 57
101 117 48
101 118 45
101 119 40
101 120 43
101 121 59
101 122 44
101 123 35
101 124 43
101 125 61
101 126 61
101 127 54
101 128 57
101 129 54
101 130 53
101 131 57
101 132 37
101 133 56
101 134 50
101 135 42
101 136 45
101 137 69
101 138 62
101 139 49
101 140 44
101 141 51
101 142 38
101 143 46
101 144 60
101 145 42
101 146 51
101 147 44
101 148 54
101 149 52
102 0 51
102 1 49
102 2 61
102 3 52
102 4 50
102 5 60
102 6 56
102 7 58
102 8 52
102 9 69
102 10 56
102 11 56
102 12 51
102 13 45
102 14 42
102 15 60
102 16 50
102 17 53
102 18 52
102 19 54
102 20 51
102 21 54
102 22 54
102 23 38
102 24 50
102 25 57
102 26 43
102 27 54
102 28 49
102 29 44
102 30 48
102 31 41
102 32 46
102 33 57
102 34 42
102 35 45
102 36 45
102 37 49
102 38 62
102 39 54
102 40 48
102 41 40
102 42 41
102 43 61
102 44 42
102 45 52
102 46 64
102 47 43
102 48 55
102 49 36
102 50 47
102 51 52
102 52 45
102 53 48
102 54 47
102 55 48
102 56 57
102 57 63
102 58 54
102 59 53
102 60 48
102 61 56
102 62 46
102 63 53
102 64 64
102 65 36
102 66 39
102 67 43
102 68 53
102 69 43
102 70 54
102 71 52
102 72 52
102 73 50
102 74 48
102 75 51
102 76 50
102 77 44
102 78 46
102 79 44
102 80 51
102 81 51
102 82 48
102 83 50
102 84 39
102 85 49
102 86 48
102 87 51
102 88 51
102 89 45
102 90 48
102 91 48
102 92 62
102 93 46
102 94 49
102 95 54
102 96 44
102 97 53
102 98 53
102 99 45
102 100 42
102 101 51
102 102 53
102 103 54
102 104 52
102 105 49
102 106 43
102 107 43
102 108 46
102 109 54
102 110 41
102 111 43
102 112 47
102 113 57
102 114 45
102 115 38
102 116 48
102 117 45
102 118 46
102 119 54
102 120 37
102 121 44
102 122 45
102 123 40
102 124 31
102 125 48
102 126 56
102 127 47
102 128 57
102 129 47
102 130 54
102 131 51
102 132 56
102 133 42
102 134 59
102 135 48
102 136 57
102 137 48
102 138 49
102 139 45
102 140 48
102 141 45
102 142 54
102 143 44
102 144 58
102 145 36
102 146 43
102 147 43
102 148 52
102 149 58
103 0 33
103 1 49
103 2 38
103 3 63
103 4 62
103 5 55
103 6 53
103 7 54
103 8 43
103 9 52
103 10 46
103 11 51
103 12 45
103 13 53
103 14 49
103 15 45
103 16 51
103 17 49
103 18 51
103 19 52
103 20 49
103 21 39
103 22 48
103 23 45
103 24 50
103 25 53
103 26 53
103 27 53
103 28 51
103 29 49
103 30 63
103 31 50
103 32 36
103 33 35
103 34 59
103 35 48
103 36 44
103 37 53
103 38 41
103 39 38
103 40 47
103 41 50
103 42 55
103 43 45
103 44 57
103 45 37
103 46 44
103 47 45
103 48 56
103 49 52
103 50 45
103 51 70
103 52 52
103 53 52
103 54 60
103 55 45
103 56 45
103 57 53
103 58 44
103 59 57
103 60 59
103 61 43
103 62 52
103 63 39
103 64 42
103 65 60
103 66 58
103 67 43
103 68 54
103 69 47
103 70 69
103 71 57
103 72 57
103 73 51
103 74 48
103 75 45
103 76 54
103 77 51
103 78 41
103 79 51
103 80 47
103 81 46
103 82 58
103 83 54
103 84 47
103 85 66
103 86 42
103 87 66
103 88 56
103 89 38
103 90 44
103 91 53
103 92 52
103 93 47
103 94 51
103 95 46
103 96 36
103 97 50
103 98 38
103 99 50
103 100 46
103 101 49
103 102 33
103 103 57
103 104 48
103 105 39
103 106 48
103 107 65
103 108 47
103 109 53
103 110 49
103 111 54
103 112 55
103 113 41
103 114 42
103 115 48
103 116 38
103 117 42
103 118 54
103 119 50
103 120 44
103 121 47
103 122 57
103 123 51
103 124 51
103 125 51
103 126 45
103 127 51
103 128 52
103 129 45
103 130 49
103 131 54
103 132 45
103 133 41
103 134 49
103 135 57
103 136 53
103 137 36
103 138 59
103 139 48
103 140 53
103 141 55
103 142 39
103 143 48
103 144 47
103 145 55
103 146 56
103 147 59
103 148 57
103 149 49
104 0 57
104 1 45
104 2 50
104 3 49
104 4 47
104 5 42
104 6 50
104 7 51
104 8 56
104 9 55
104 10 35
104 11 44
104 12 52
104 13 58
104 14 48
104 15 50
104 16 36
104 17 59
104 18 53
104 19 46
104 20 46
104 21 60
104 22 49
104 23 61
104 24 49
104 25 52
104 26 50
104 27 63
104 28 50
104 29 43
104 30 52
104 31 43
104 32 57
104 33 57
104 34 46
104 35 50
104 36 45
104 37 54
104 38 47
104 39 61
104 40 51
104 41 42
104 42 51
104 43 50
104 44 53
104 45 42
104 46 54
104 47 45
104 48 47
104 49 53
104 50 51
104 51 49
104 52 50
104 53 54
104 54 44
104 55 43
104 56 44
104 57 39
104 58 47
104 59 38
104 60 53
104 61 38
104 62 53
104 63 48
104 64 44
104 65 44
104 66 47
104 67 45
104 68 43
104 69 39
104 70 53
104 71 35
104 72 58
104 73 54
104 74 57
104 75 50
104 76 50
104 77 47
104 78 51
104 79 53
104 80 52
104 81 47
104 82 39
104 83 53
104 84 49
104 85 55
104 86 41
104 87 52
104 88 48
104 89 49
104 90 58
104 91 39
104 92 47
104 93 49
104 94 52
104 95 55
104 96 47
104 97 49
104 98 44
104 99 51
104 100 57
104 101 53
104 102 48
104 103 52
104 104 49
104 105 51
104 106 50
104 107 54
104 108 44
104 109 51
104 110 48
104 111 52
104 112 51
104 113 60
104 114 50
104 115 55
104 116 53
104 117 50
104 118 50
104 119 56
104 120 47
104 121 53
104 122 67
104 123 46
104 124 55
104 125 47
104 126 48
104 127 53
104 128 47
104 129 64
104 130 48
104 131 40
104 132 52
104 133 50
104 134 69
104 135 49
104 136 41
104 137 41
104 138 54
104 139 55
104 140 52
104 141 39
104 142 47
104 143 51
104 144 52
104 145 49
104 146 46
104 147 49
104 148 50
104 149 54
105 0 56
105 1 51
105 2 59
105 3 43
105 4 41
105 5 55
105 6 50
105 7 58
105 8 52
105 9 57
105 10 43
105 11 54
105 12 44
105 13 46
105 14 48
105 15 58
105 16 43
105 17 59
105 18 54
105 19 52
105 20 54
105 21 47
105 22 53
105 23 49
105 24 54
105 25 32
105 26 52
105 27 56
105 28 51
105 29 44
105 30 54
105 31 43
105 32 52
105 33 51
105 34 57
105 35 50
105 36 49
105 37 46
105 38 61
105 39 29
105 40 60
105 41 45
105 42 41
105 43 42
105 44 44
105 45 66
105 46 48
105 47 58
105 48 55
105 49 43
105 50 50
105 51 51
105 52 49
105 53 43
105 54 47
105 55 52
105 56 57
105 57 42
105 58 52
105 59 56
105 60 34
105 61 51
105 62 58
105 63 52
105 64 32
105 65 56
105 66 59
105 67 43
105 68 57
105 69 48
105 70 45
105 71 47
105 72 52
105 73 55
105 74 63
105 75 41
105 76 55
105 77 53
105 78 61
105 79 57
105 80 48
105 81 58
105 82 56
105 83 67
105 84 39
105 85 46
105 86 43
105 87 55
105 88 57
105 89 51
105 90 45
105 91 45
105 92 50
105 93 49
105 94 44
105 95 34
105 96 43
105 97 48
105 98 48
105 99 49
105 100 44
105 101 44
105 102 41
105 103 43
105 104 57
105 105 54
105 106 50
105 107 44
105 108 52
105 109 52
105 110 50
105 111 59
105 112 49
105 113 49
105 114 45
105 115 50
105 116 64
105 117 50
105 118 43
105 119 44
105 120 72
105 121 71
105 122 46
105 123 58
105 124 46
105 125 49
105 126 46
105 127 40
105 128 60
105 129 44
105 130 61
105 131 52
105 132 52
105 133 38
105 134 60
105 135 58
105 136 49
105 137 47
105 138 48
105 139 57
105 140 44
105 141 55
105 142 38
105 143 47
105 144 52
105 145 42
105 146 44
105 147 57
105 148 51
105 149 47
106 0 44
106 1 40
106 2 55
106 3 46
106 4 50
106 5 59
106 6 44
106 7 43
106 8 53
106 9 44
106 10 47
106 11 49
106 12 50
106 13 44
106 14 41
106 15 59
106 16 59
106 17 44
106 18 43
106 19 45
106 20 49
106 21 58
106 22 51
106 23 44
106 24 63
106 25 50
106 26 56
106 27 49
106 28 34
106 29 38
106 30 55
106 31 50
106 32 54
106 33 55
106 34 43
106 35 62
106 36 35
106 37 49
106 38 47
106 39 36
106 40 45
106 41 46
106 42 51
106 43 44
106 44 26
106 45 55
106 46 53
106 47 44
106 48 53
106 49 42
106 50 39
106 51 48
106 52 46
106 53 48
106 54 55
106 55 67
106 56 45
106 57 36
106 58 43
106 59 50
106 60 70
106 61 36
106 62 53
106 63 48
106 64 51
106 65 45
106 66 54
106 67 45
106 68 49
106 69 51
106 70 39
106 71 52
106 72 45
106 73 44
106 74 52
106 75 49
106 76 50
106 77 51
106 78 46
106 79 45
106 80 47
106 81 41
106 82 56
106 83 44
106 84 55
106 85 49
106 86 49
106 87 70
106 88 36
106 89 52
106 90 47
106 91 47
106 92 39
106 93 48
106 94 56
106 95 45
106 96 46
106 97 60
106 98 59
106 99 59
106 100 51
106 101 40
106 102 42
106 103 58
106 104 67
106 105 53
106 106 45
106 107 51
106 108 53
106 109 47
106 110 60
106 111 42
106 112 50
106 113 48
106 114 45
106 115 48
106 116 49
106 117 50
106 118 43
106 119 50
106 120 40
106 121 55
106 122 51
106 123 43
106 124 47
106 125 46
106 126 42
106 127 44
106 128 52
106 129 50
106 130 45
106 131 55
106 132 54
106 133 48
106 134 51
106 135 51
106 136 51
106 137 37
106 138 44
106 139 64
106 140 43
106 141 58
106 142 40
106 143 46
106 144 39
106 145 49
106 146 60
106 147 46
106 148 57
106 149 50
107 0 50
107 1 54
107 2 41
107 3 49
107 4 59
107 5 50
107 6 48
107 7 59
107 8 33
107 9 56
107 10 47
107 11 46
107 12 59
107 13 50
107 14 58
107 15 43
107 16 54
107 17 46
107 18 41
107 19 42
107 20 48
107 21 57
107 22 57
107 23 50
107 24 49
107 25 37
107 26 49
107 27 60
107 28 52
107 29 52
107 30 55
107 31 52
107 32 39
107 33 54
107 34 41
107 35 51
107 36 45
107 37 46
107 38 54
107 39 54
107 40 50
107 41 48
107 42 44
107 43 55
107 44 52
107 45 49
107 46 50
107 47 53
107 48 35
107 49 40
107 50 49
107 51 53
107 52 58
107 53 51
107 54 35
107 55 51
107 56 51
107 57 34
107 58 54
107 59 53
107 60 58
107 61 45
107 62 34
107 63 53
107 64 46
107 65 41
107 66 42
107 67 38
107 68 45
107 69 56
107 70 32
107 71 51
107 72 44
107 73 47
107 74 47
107 75 47
107 76 39
107 77 56
107 78 43
107 79 47
107 80 44
107 81 48
107 82 45
107 83 49
107 84 49
107 85 38
107 86 49
107 87 37
107 88 51
107 89 46
107 90 62
107 91 57
107 92 49
107 93 51
107 94 47
107 95 54
107 96 57
107 97 57
107 98 48
107 99 44
107 100 47
107 101 53
107 102 48
107 103 39
107 104 59
107 105 46
107 106 45
107 107 49
107 108 43
107 109 41
107 110 52
107 111 53
107 112 43
107 113 44
107 114 47
107 115 53
107 116 44
107 117 33
107 118 58
107 119 52
107 120 53
107 121 49
107 122 40
107 123 64
107 124 43
107 125 46
107 126 54
107 127 49
107 128 38
107 129 52
107 130 44
107 131 52
107 132 52
107 133 54
107 134 53
107 135 53
107 136 51
107 137 46
107 138 66
107 139 47
107 140 58
107 141 51
107 142 40
107 143 49
107 144 43
107 145 46
107 146 51
107 147 41
107 148 61
107 149 48
108 0 47
108 1 44
108 2 51
108 3 58
108 4 56
108 5 49
108 6 57
108 7 45
108 8 56
108 9 65
108 10 34
108 11 52
108 12 56
108 13 48
108 14 48
108 15 38
108 16 60
108 17 50
108 18 53
108 19 36
108 20 51
108 21 41
108 22 47
108 23 63
108 24 47
108 25 59
108 26 38
108 27 55
108 28 53
108 29 57
108 30 44
108 31 54
108 32 40
108 33 51
108 34 42
108 35 43
108 36 55
108 37 47
108 38 59
108 39 40
108 40 46
108 41 34
108 42 50
108 43 50
108 44 43
108 45 32
108 46 52
108 47 44
108 48 42
108 49 34
108 50 42
108 51 41
108 52 54
108 53 58
108 54 50
108 55 54
108 56 47
108 57 35
108 58 48
108 59 45
108 60 46
108 61 44
108 62 37
108 63 42
108 64 43
108 65 45
108 66 40
108 67 52
108 68 42
108 69 44
108 70 44
108 71 45
108 72 44
108 73 51
108 74 44
108 75 47
108 76 55
108 77 44
108 78 46
108 79 43
108 80 57
108 81 41
108 82 52
108 83 45
108 84 45
108 85 52
108 86 44
108 87 58
108 88 58
108 89 51
108 90 41
108 91 54
108 92 45
108 93 33
108 94 42
108 95 55
108 96 48
108 97 35
108 98 45
108 99 54
108 100 45
108 101 40
108 102 43
108 103 55
108 104 50
108 105 44
108 106 51
108 107 37
108 108 59
108 109 52
108 110 63
108 111 41
108 112 58
108 113 42
108 114 46
108 115 55
108 116 54
108 117 55
108 118 50
108 119 51
108 120 44
108 121 52
108 122 59
108 123 45
108 124 43
108 125 41
108 126 49
108 127 38
108 128 52
108 129 53
108 130 66
108 131 37
108 132 50
108 133 50
108 134 56
108 135 48
108 136 51
108 137 44
108 138 61
108 139 54
108 140 57
108 141 51
108 142 63
108 143 41
108 144 56
108 145 59
108 146 54
108 147 35
108 148 46
108 149 48
109 0 50
109 1 45
109 2 52
109 3 45
109 4 44
109 5 45
109 6 46
109 7 52
109 8 45
109 9 50
109 10 58
109 11 47
109 12 38
109 13 45
109 14 44
109 15 61
109 16 39
109 17 60
109 18 52
109 19 46
109 20 52
109 21 52
109 22 48
109 23 52
109 24 43
109 25 41
109 26 49
109 27 40
109 28 52
109 29 45
109 30 55
109 31 39
109 32 45
109 33 49
109 34 48
109 35 35
109 36 62
109 37 54
109 38 35
109 39 47
109 40 46
109 41 41
109 42 57
109 43 52
109 44 46
109 45 52
109 46 29
109 47 51
109 48 41
109 49 54
109 50 53
109 51 50
109 52 45
109 53 50
109 54 41
109 55 41
109 56 63
109 57 47
109 58 61
109 59 53
109 60 40
109 61 55
109 62 46
109 63 45
109 64 46
109 65 45
109 66 49
109 67 40
109 68 43
109 69 41
109 70 53
109 71 58
109 72 50
109 73 48
109 74 48
109 75 45
109 76 65
109 77 52
109 78 40
109 79 51
109 80 65
109 81 53
109 82 47
109 83 47
109 84 54
109 85 54
109 86 45
109 87 43
109 88 49
109 89 48
109 90 58
109 91 47
109 92 46
109 93 41
109 94 49
109 95 58
109 96 34
109 97 47
109 98 47
109 99 52
109 100 58
109 101 49
109 102 51
109 103 47
109 104 50
109 105 45
109 106 61
109 107 59
109 108 56
109 109 50
109 110 38
109 111 41
109 112 45
109 113 51
109 114 43
109 115 45
109 116 55
109 117 44
109 118 52
109 119 34
109 120 48
109 121 51
109 122 42
109 123 53
109 124 56
109 125 55
109 126 51
109 127 61
109 128 43
109 129 48
109 130 48
109 131 53
109 132 50
109 133 42
109 134 49
109 135 39
109 136 53
109 137 55
109 138 53
109 139 52
109 140 50
109 141 62
109 142 47
109 143 60
109 144 57
109 145 49
109 146 53
109 147 50
109 148 51
109 149 50
110 0 40
110 1 46
110 2 42
110 3 54
110 4 53
110 5 46
110 6 49
110 7 46
110 8 49
110 9 49
110 10 46
110 11 46
110 12 49
110 13 52
110 14 41
110 15 44
110 16 49
110 17 44
110 18 47
110 19 54
110 20 50
110 21 43
110 22 57
110 23 68
110 24 47
110 25 46
110 26 51
110 27 65
110 28 53
110 29 33
110 30 42
110 31 58
110 32 48
110 33 51
110 34 38
110 35 52
110 36 38
110 37 53
110 38 41
110 39 51
110 40 45
110 41 58
110 42 36
110 43 53
110 44 47
110 45 40
110 46 37
110 47 60
110 48 47
110 49 49
110 50 37
110 51 43
110 52 35
110 53 59
110 54 51
110 55 50
110 56 45
110 57 41
110 58 49
110 59 56
110 60 40
110 61 56
110 62 48
110 63 53
110 64 47
110 65 42
110 66 46
110 67 51
110 68 56
110 69 38
110 70 37
110 71 41
110 72 42
110 73 51
110 74 46
110 75 40
110 76 45
110 77 48
110 78 46
110 79 52
110 80 42
110 81 55
110 82 53
110 83 56
110 84 42
110 85 42
110 86 51
110 87 41
110 88 40
110 89 52
110 90 42
110 91 38
110 92 48
110 93 44
110 94 48
110 95 44
110 96 61
110 97 40
110 98 57
110 99 49
110 100 54
110 101 46
110 102 59
110 103 55
110 104 63
110 105 43
110 106 61
110 107 42
110 108 43
110 109 49
110 110 47
110 111 56
110 112 57
110 113 51
110 114 49
110 115 50
110 116 48
110 117 44
110 118 49
110 119 47
110 120 63
110 121 40
110 122 38
110 123 49
110 124 60
110 125 40
110 126 60
110 127 43
110 128 51
110 129 45
110 130 52
110 131 48
110 132 54
110 133 47
110 134 53
110 135 65
110 136 59
110 137 52
110 138 49
110 139 50
110 140 42
110 141 48
110 142 51
110 143 49
110 144 44
110 145 59
110 146 38
110 147 41
110 148 42
110 149 59
111 0 51
111 1 64
111 2 44
111 3 50
111 4 50
111 5 52
111 6 41
111 7 44
111 8 49
111 9 52
111 10 62
111 11 41
111 12 47
111 13 51
111 14 55
111 15 47
111 16 45
111 17 40
111 18 46
111 19 49
111 20 50
111 21 48
111 22 46
111 23 51
111 24 40
111 25 47
111 26 50
111 27 37
111 28 52
111 29 39
111 30 68
111 31 44
111 32 58
111 33 46
111 34 42
111 35 43
111 36 39
111 37 39
111 38 53
111 39 49
111 40 47
111 41 36
111 42 50
111 43 46
111 44 53
111 45 56
111 46 34
111 47 48
111 48 49
111 49 61
111 50 53
111 51 46
111 52 49
111 53 51
111 54 45
111 55 50
111 56 58
111 57 55
111 58 54
111 59 51
111 60 59
111 61 54
111 62 42
111 63 40
111 64 53
111 65 41
111 66 55
111 67 46
111 68 49
111 69 46
111 70 51
111 71 52
111 72 43
111 73 42
111 74 57
111 75 52
111 76 48
111 77 51
111 78 42
111 79 42
111 80 47
111 81 51
111 82 47
111 83 53
111 84 48
111 85 49
111 86 38
111 87 37
111 88 51
111 89 51
111 90 60
111 91 53
111 92 53
111 93 58
111 94 47
111 95 57
111 96 54
111 97 40
111 98 58
111 99 43
111 100 41
111 101 40
111 102 45
111 103 47
111 104 49
111 105 51
111 106 60
111 107 50
111 108 59
111 109 58
111 110 40
111 111 50
111 112 46
111 113 40
111 114 46
111 115 60
111 116 49
111 117 45
111 118 45
111 119 41
111 120 48
111 121 34
111 122 48
111 123 48
111 124 49
111 125 62
111 126 55
111 127 45
111 128 47
111 129 51
111 130 45
111 131 51
111 132 42
111 133 52
111 134 44
111 135 43
111 136 40
111 137 48
111 138 57
111 139 52
111 140 47
111 141 55
111 142 59
111 143 53
111 144 42
111 145 46
111 146 54
111 147 40
111 148 46
111 149 41
112 0 50
112 1 49
112 2 43
112 3 53
112 4 61
112 5 49
112 6 42
112 7 46
112 8 46
112 9 51
112 10 41
112 11 50
112 12 32
112 13 55
112 14 43
112 15 57
112 16 56
112 17 50
112 18 33
112 19 44
112 20 45
112 21 53
112 22 56
112 23 43
112 24 50
112 25 48
112 26 37
112 27 47
112 28 63
112 29 52
112 30 54
112 31 42
112 32 43
112 33 46
112 34 47
112 35 49
112 36 63
112 37 36
112 38 46
112 39 49
112 40 46
112 41 56
112 42 50
112 43 50
112 44 45
112 45 42
112 46 37
112 47 51
112 48 47
112 49 42
112 50 47
112 51 50
112 52 51
112 53 37
112 54 40
112 55 55
112 56 46
112 57 44
112 58 47
112 59 55
112 60 45
112 61 40
112 62 57
112 63 38
112 64 41
112 65 36
112 66 54
112 67 49
112 68 48
112 69 57
112 70 56
112 71 45
112 72 55
112 73 43
112 74 52
112 75 47
112 76 46
112 77 40
112 78 59
112 79 45
112 80 45
112 81 49
112 82 44
112 83 57
112 84 53
112 85 57
112 86 47
112 87 48
112 88 44
112 89 42
112 90 50
112 91 67
112 92 52
112 93 49
112 94 60
112 95 58
112 96 49
112 97 45
112 98 50
112 99 58
112 100 45
112 101 55
112 102 44
112 103 59
112 104 65
112 105 56
112 106 55
112 107 43
112 108 45
112 109 58
112 110 38
112 111 59
112 112 60
112 113 57
112 114 39
112 115 56
112 116 45
112 117 35
112 118 53
112 119 52
112 120 56
112 121 45
112 122 45
112 123 49
112 124 40
112 125 52
112 126 57
112 127 43
112 128 41
112 129 68
112 130 38
112 131 40
112 132 51
112 133 45
112 134 47
112 135 49
112 136 50
112 137 49
112 138 63
112 139 49
112 140 46
112 141 46
112 142 37
112 143 57
112 144 45
112 145 54
112 146 28
112 147 38
112 148 53
112 149 51
113 0 54
113 1 51
113 2 34
113 3 42
113 4 58
113 5 56
113 6 48
113 7 56
113 8 45
113 9 50
113 10 45
113 11 44
113 12 51
113 13 47
113 14 38
113 15 44
113 16 49
113 17 63
113 18 53
113 19 52
113 20 46
113 21 40
113 22 58
113 23 42
113 24 47
113 25 54
113 26 48
113 27 36
113 28 46
113 29 45
113 30 42
113 31 49
113 32 55
113 33 63
113 34 45
113 35 52
113 36 51
113 37 41
113 38 44
113 39 42
113 40 46
113 41 58
113 42 45
113 43 51
113 44 42
113 45 47
113 46 46
113 47 45
113 48 45
113 49 56
113 50 63
113 51 48
113 52 52
113 53 39
113 54 64
113 55 33
113 56 47
113 57 42
113 58 44
113 59 55
113 60 60
113 61 42
113 62 39
113 63 45
113 64 51
113 65 58
113 66 52
113 67 35
113 68 46
113 69 35
113 70 57
113 71 50
113 72 46
113 73 49
113 74 43
113 75 55
113 76 54
113 77 40
113 78 56
113 79 42
113 80 44
113 81 60
113 82 51
113 83 47
113 84 43
113 85 47
113 86 57
113 87 40
113 88 45
113 89 56
113 90 35
113 91 53
113 92 38
113 93 59
113 94 56
113 95 49
113 96 52
113 97 46
113 98 45
113 99 55
113 100 62
113 101 58
113 102 61
113 103 61
113 104 48
113 105 43
113 106 49
113 107 57
113 108 45
113 109 55
113 110 52
113 111 50
113 112 60
113 113 47
113 114 51
113 115 48
113 116 45
113 117 54
113 118 45
113 119 47
113 120 54
113 121 54
113 122 42
113 123 49
113 124 49
113 125 60
113 126 57
113 127 42
113 128 52
113 129 36
113 130 37
113 131 58
113 132 46
113 133 35
113 134 46
113 135 55
113 136 42
113 137 46
113 138 57
113 139 50
113 140 53
113 141 42
113 142 37
113 143 48
113 144 45
113 145 41
113 146 43
113 147 54
113 148 49
113 149 38
114 0 55
114 1 51
114 2 49
114 3 51
114 4 46
114 5 43
114 6 46
114 7 53
114 8 39
114 9 41
114 10 37
114 11 49
114 12 50
114 13 50
114 14 52
114 15 50
114 16 66
114 17 52
114 18 62
114 19 60
114 20 63
114 21 50
114 22 53
114 23 40
114 24 47
114 25 58
114 26 50
114 27 44
114 28 47
114 29 70
114 30 52
114 31 43
114 32 35
114 33 38
114 34 42
114 35 46
114 36 51
114 37 44
114 38 48
114 39 51
114 40 47
114 41 56
114 42 46
114 43 45
114 44 43
114 45 38
114 46 58
114 47 41
114 48 47
114 49 43
114 50 43
114 51 48
114 52 36
114 53 44
114 54 40
114 55 41
114 56 38
114 57 53
114 58 37
114 59 41
114 60 51
114 61 36
114 62 52
114 63 51
114 64 50
114 65 52
114 66 45
114 67 35
114 68 62
114 69 38
114 70 43
114 71 49
114 72 39
114 73 42
114 74 52
114 75 44
114 76 54
114 77 42
114 78 50
114 79 43
114 80 44
114 81 43
114 82 54
114 83 49
114 84 50
114 85 46
114 86 42
114 87 43
114 88 45
114 89 49
114 90 51
114 91 55
114 92 51
114 93 36
114 94 66
114 95 55
114 96 43
114 97 45
114 98 53
114 99 53
114 100 42
114 101 46
114 102 56
114 103 46
114 104 54
114 105 66
114 106 46
114 107 57
114 108 34
114 109 60
114 110 50
114 111 43
114 112 52
114 113 43
114 114 48
114 115 53
114 116 45
114 117 41
114 118 50
114 119 53
114 120 58
114 121 52
114 122 43
114 123 44
114 124 40
114 125 44
114 126 49
114 127 51
114 128 38
114 129 38
114 130 42
114 131 44
114 132 50
114 133 52
114 134 53
114 135 54
114 136 42
114 137 51
114 138 43
114 139 52
114 140 49
114 141 42
114 142 42
114 143 36
114 144 31
114 145 47
114 146 46
114 147 36
114 148 43
114 149 43
115 0 55
115 1 43
115 2 47
115 3 47
115 4 55
115 5 58
115 6 44
115 7 52
115 8 45
115 9 54
115 10 45
115 11 47
115 12 51
115 13 44
115 14 35
115 15 50
115 16 52
115 17 42
115 18 58
115 19 59
115 20 44
115 21 46
115 22 45
115 23 57
115 24 37
115 25 51
115 26 61
115 27 35
115 28 45
115 29 39
115 30 50
115 31 40
115 32 47
115 33 43
115 34 33
115 35 50
115 36 43
115 37 47
115 38 47
115 39 48
115 40 59
115 41 55
115 42 48
115 43 42
115 44 38
115 45 50
115 46 41
115 47 51
115 48 44
115 49 52
115 50 44
115 51 44
115 52 45
115 53 36
115 54 37
115 55 57
115 56 53
115 57 49
115 58 43
115 59 40
115 60 41
115 61 44
115 62 38
115 63 36
115 64 48
115 65 51
115 66 45
115 67 47
115 68 41
115 69 55
115 70 48
115 71 46
115 72 38
115 73 43
115 74 45
115 75 48
115 76 45
115 77 47
115 78 52
115 79 42
115 80 42
115 81 44
115 82 37
115 83 55
115 84 48
115 85 49
115 86 49
115 87 42
115 88 47
115 89 47
115 90 47
115 91 53
115 92 37
115 93 55
115 94 49
115 95 53
115 96 57
115 97 55
115 98 41
115 99 45
115 100 50
115 101 50
115 102 51
115 103 48
115 104 61
115 105 52
115 106 55
115 107 42
115 108 40
115 109 49
115 110 56
115 111 63
115 112 53
115 113 57
115 114 48
115 115 37
115 116 57
115 117 39
115 118 46
115 119 44
115 120 47
115 121 45
115 122 54
115 123 48
115 124 46
115 125 59
115 126 50
115 127 44
115 128 56
115 129 55
115 130 45
115 131 44
115 132 47
115 133 54
115 134 60
115 135 42
115 136 58
115 137 52
115 138 50
115 139 54
115 140 42
115 141 58
115 142 50
115 143 41
115 144 44
115 145 47
115 146 55
115 147 41
115 148 48
115 149 42
116 0 45
116 1 36
116 2 44
116 3 50
116 4 46
116 5 45
116 6 51
116 7 54
116 8 35
116 9 54
116 10 50
116 11 57
116 12 49
116 13 59
116 14 52
116 15 47
116 16 49
116 17 54
116 18 49
116 19 49
116 20 54
116 21 37
116 22 48
116 23 38
116 24 48
116 25 40
116 26 34
116 27 58
116 28 48
116 29 43
116 30 55
116 31 47
116 32 44
116 33 62
116 34 52
116 35 43
116 36 49
116 37 49
116 38 45
116 39 48
116 40 51
116 41 50
116 42 44
116 43 39
116 44 42
116 45 53
116 46 38
116 47 50
116 48 49
116 49 56
116 50 49
116 51 48
116 52 54
116 53 50
116 54 55
116 55 59
116 56 50
116 57 56
116 58 36
116 59 41
116 60 40
116 61 52
116 62 52
116 63 54
116 64 41
116 65 36
116 66 42
116 67 48
116 68 49
116 69 47
116 70 60
116 71 64
116 72 50
116 73 40
116 74 33
116 75 42
116 76 38
116 77 46
116 78 53
116 79 49
116 80 50
116 81 56
116 82 54
116 83 44
116 84 47
116 85 44
116 86 44
116 87 43
116 88 46
116 89 45
116 90 54
116 91 51
116 92 54
116 93 50
116 94 33
116 95 46
116 96 51
116 97 43
116 98 44
116 99 42
116 100 61
116 101 49
116 102 58
116 103 54
116 104 43
116 105 44
116 106 44
116 107 54
116 108 40
116 109 71
116 110 56
116 111 49
116 112 61
116 113 41
116 114 49
116 115 50
116 116 50
116 117 50
116 118 55
116 119 54
116 120 49
116 121 45
116 122 48
116 123 38
116 124 58
116 125 41
116 126 55
116 127 46
116 128 47
116 129 49
116 130 54
116 131 45
116 132 48
116 133 47
116 134 60
116 135 45
116 136 53
116 137 51
116 138 47
116 139 41
116 140 44
116 141 49
116 142 38
116 143 37
116 144 47
116 145 36
116 146 63
116 147 51
116 148 59
116 149 37
117 0 39
117 1 48
117 2 49
117 3 39
117 4 39
117 5 53
117 6 32
117 7 44
117 8 53
117 9 39
117 10 47
117 11 53
117 12 48
117 13 45
117 14 47
117 15 42
117 16 39
117 17 48
117 18 38
117 19 37
117 20 44
117 21 53
117 22 59
117 23 43
117 24 35
117 25 47
117 26 57
117 27 55
117 28 60
117 29 35
117 30 50
117 31 38
117 32 41
117 33 55
117 34 46
117 35 44
117 36 56
117 37 50
117 38 56
117 39 49
117 40 40
117 41 49
117 42 53
117 43 43
117 44 54
117 45 51
117 46 52
117 47 35
117 48 43
117 49 43
117 50 50
117 51 45
117 52 39
117 53 53
117 54 38
117 55 43
117 56 41
117 57 56
117 58 45
117 59 45
117 60 37
117 61 44
117 62 46
117 63 50
117 64 48
117 65 49
117 66 55
117 67 60
117 68 53
117 69 45
117 70 45
117 71 50
117 72 51
117 73 46
117 74 40
117 75 43
117 76 49
117 77 53
117 78 42
117 79 48
117 80 57
117 81 54
117 82 41
117 83 45
117 84 44
117 85 53
117 86 48
117 87 45
117 88 42
117 89 43
117 90 42
117 91 41
117 92 50
117 93 41
117 94 52
117 95 52
117 96 46
117 97 48
117 98 67
117 99 52
117 100 38
117 101 43
117 102 39
117 103 52
117 104 47
117 105 57
117 106 50
117 107 40
117 108 56
117 109 59
117 110 56
117 111 56
117 112 48
117 113 47
117 114 51
117 115 61
117 116 43
117 117 64
117 118 46
117 119 48
117 120 62
117 121 57
117 122 57
117 123 45
117 124 49
117 125 44
117 126 39
117 127 45
117 128 41
117 129 51
117 130 40
117 131 45
117 132 52
117 133 43
117 134 32
117 135 45
117 136 56
117 137 46
117 138 42
117 139 50
117 140 39
117 141 44
117 142 39
117 143 51
117 144 51
117 145 56
117 146 51
117 147 49
117 148 37
117 149 43
118 0 50
118 1 52
118 2 51
118 3 58
118 4 45
118 5 54
118 6 41
118 7 43
118 8 37
118 9 46
118 10 37
118 11 47
118 12 38
118 13 39
118 14 47
118 15 46
118 16 36
118 17 50
118 18 53
118 19 40
118 20 52
118 21 48
118 22 42
118 23 44
118 24 42
118 25 51
118 26 48
118 27 50
118 28 33
118 29 44
118 30 40
118 31 48
118 32 53
118 33 59
118 34 45
118 35 42
118 36 49
118 37 47
118 38 49
118 39 49
118 40 55
118 41 41
118 42 50
118 43 50
118 44 44
118 45 48
118 46 40
118 47 51
118 48 48
118 49 32
118 50 48
118 51 46
118 52 54
118 53 38
118 54 61
118 55 38
118 56 43
118 57 33
118 58 38
118 59 45
118 60 51
118 61 43
118 62 42
118 63 39
118 64 32
118 65 44
118 66 51
118 67 42
118 68 48
118 69 45
118 70 45
118 71 62
118 72 51
118 73 50
118 74 49
118 75 55
118 76 38
118 77 50
118 78 57
118 79 54
118 80 57
118 81 48
118 82 47
118 83 43
118 84 42
118 85 50
118 86 38
118 87 55
118 88 47
118 89 51
118 90 49
118 91 44
118 92 47
118 93 43
118 94 41
118 95 48
118 96 47
118 97 41
118 98 50
118 99 43
118 100 47
118 101 49
118 102 61
118 103 40
118 104 46
118 105 45
118 106 47
118 107 46
118 108 43
118 109 42
118 110 54
118 111 55
118 112 38
118 113 55
118 114 49
118 115 41
118 116 52
118 117 50
118 118 55
118 119 53
118 120 46
118 121 50
118 122 47
118 123 36
118 124 54
118 125 49
118 126 54
118 127 47
118 128 46
118 129 40
118 130 45
118 131 46
118 132 43
118 133 38
118 134 40
118 135 39
118 136 47
118 137 42
118 138 49
118 139 49
118 140 49
118 141 38
118 142 58
118 143 50
118 144 42
118 145 58
118 146 51
118 147 43
118 148 56
118 149 35
119 0 56
119 1 51
119 2 44
119 3 41
119 4 48
119 5 55
119 6 36
119 7 49
119 8 54
119 9 42
119 10 51
119 11 55
119 12 53
119 13 44
119 14 52
119 15 46
119 16 34
119 17 47
119 18 55
119 19 42
119 20 48
119 21 35
119 22 52
119 23 46
119 24 55
119 25 49
119 26 43
119 27 49
119 28 44
119 29 36
119 30 48
119 31 43
119 32 47
119 33 52
119 34 38
119 35 39
119 36 37
119 37 44
119 38 36
119 39 52
119 40 41
119 41 44
119 42 46
119 43 48
119 44 44
119 45 57
119 46 52
119 47 41
119 48 44
119 49 58
119 50 45
119 51 57
119 52 52
119 53 48
119 54 50
119 55 51
119 56 51
119 57 41
119 58 55
119 59 42
119 60 53
119 61 55
119 62 49
119 63 45
119 64 39
119 65 45
119 66 44
119 67 53
119 68 41
119 69 58
119 70 45
119 71 49
119 72 44
119 73 47
119 74 51
119 75 48
119 76 47
119 77 61
119 78 32
119 79 50
119 80 39
119 81 36
119 82 57
119 83 53
119 84 61
119 85 47
119 86 45
119 87 48
119 88 51
119 89 51
119 90 39
119 91 36
119 92 49
119 93 48
119 94 61
119 95 52
119 96 45
119 97 65
119 98 56
119 99 43
119 100 41
119 101 44
119 102 43
119 103 40
119 104 51
119 105 54
119 106 48
119 107 41
119 108 59
119 109 58
119 110 46
119 111 50
119 112 45
119 113 51
119 114 55
119 115 44
119 116 53
119 117 41
119 118 41
119 119 39
119 120 40
119 121 56
119 122 46
119 123 50
119 124 51
119 125 59
119 126 40
119 127 38
119 128 38
119 129 48
119 130 38
119 131 48
119 132 48
119 133 50
119 134 50
119 135 39
119 136 39
119 137 46
119 138 44
119 139 32
119 140 38
119 141 47
119 142 43
119 143 46
119 144 44
119 145 39
119 146 57
119 147 44
119 148 47
119 149 55
120 0 44
120 1 49
120 2 47
120 3 53
120 4 43
120 5 48
120 6 46
120 7 53
120 8 39
120 9 48
120 10 44
120 11 54
120 12 47
120 13 45
120 14 64
120 15 39
120 16 41
120 17 50
120 18 41
120 19 45
120 20 41
120 21 43
120 22 42
120 23 55
120 24 59
120 25 50
120 26 65
120 27 48
120 28 50
120 29 47
120 30 43
120 31 53
120 32 59
120 33 44
120 34 57
120 35 42
120 36 46
120 37 46
120 38 42
120 39 53
120 40 38
120 41 44
120 42 50
120 43 50
120 44 45
120 45 45
120 46 48
120 47 50
120 48 48
120 49 48
120 50 52
120 51 44
120 52 39
120 53 58
120 54 39
120 55 48
120 56 54
120 57 53
120 58 47
120 59 51
120 60 62
120 61 51
120 62 46
120 63 59
120 64 53
120 65 51
120 66 51
120 67 41
120 68 46
120 69 46
120 70 43
120 71 41
120 72 59
120 73 35
120 74 55
120 75 52
120 76 57
120 77 47
120 78 44
120 79 36
120 80 50
120 81 53
120 82 50
120 83 40
120 84 36
120 85 43
120 86 42
120 87 65
120 88 48
120 89 54
120 90 47
120 91 40
120 92 42
120 93 31
120 94 46
120 95 57
120 96 47
120 97 50
120 98 39
120 99 49
120 100 54
120 101 52
120 102 53
120 103 42
120 104 62
120 105 48
120 106 52
120 107 40
120 108 52
120 109 41
120 110 42
120 111 44
120 112 51
120 113 51
120 114 44
120 115 51
120 116 47
120 117 41
120 118 53
120 119 40
120 120 38
120 121 60
120 122 43
120 123 48
120 124 45
120 125 48
120 126 38
120 127 44
120 128 41
120 129 35
120 130 59
120 131 41
120 132 48
120 133 52
120 134 38
120 135 58
120 136 56
120 137 35
120 138 52
120 139 45
120 140 38
120 141 38
120 142 43
120 143 48
120 144 36
120 145 52
120 146 47
120 147 54
120 148 52
120 149 51
121 0 41
121 1 62
121 2 58
121 3 37
121 4 45
121 5 60
121 6 55
121 7 45
121 8 41
121 9 53
121 10 36
121 11 42
121 12 48
121 13 47
121 14 40
121 15 48
121 16 43
121 17 56
121 18 45
121 19 46
121 20 55
121 21 50
121 22 47
121 23 44
121 24 50
121 25 30
121 26 35
121 27 50
121 28 47
121 29 54
121 30 46
121 31 45
121 32 52
121 33 47
121 34 50
121 35 40
121 36 43
121 37 47
121 38 57
121 39 29
121 40 49
121 41 40
121 42 47
121 43 63
121 44 47
121 45 49
121 46 44
121 47 50
121 48 49
121 49 55
121 50 34
121 51 41
121 52 42
121 53 31
121 54 50
121 55 57
121 56 50
121 57 53
121 58 36
121 59 47
121 60 48
121 61 55
121 62 35
121 63 57
121 64 41
121 65 42
121 66 49
121 67 65
121 68 48
121 69 41
121 70 43
121 71 43
121 72 49
121 73 44
121 74 50
121 75 53
121 76 51
121 77 33
121 78 49
121 79 45
121 80 40
121 81 49
121 82 55
121 83 48
121 84 49
121 85 51
121 86 42
121 87 46
121 88 48
121 89 42
121 90 46
121 91 45
121 92 54
121 93 44
121 94 63
121 95 46
121 96 57
121 97 42
121 98 41
121 99 53
121 100 44
121 101 40
121 102 56
121 103 50
121 104 48
121 105 45
121 106 51
121 107 48
121 108 51
121 109 41
121 110 45
121 111 54
121 112 42
121 113 49
121 114 61
121 115 50
121 116 42
121 117 62
121 118 50
121 119 36
121 120 29
121 121 49
121 122 49
121 123 45
121 124 53
121 125 37
121 126 48
121 127 39
121 128 40
121 129 38
121 130 55
121 131 52
121 132 56
121 133 38
121 134 39
121 135 57
121 136 52
121 137 47
121 138 46
121 139 50
121 140 43
121 141 45
121 142 55
121 143 47
121 144 52
121 145 40
121 146 67
121 147 42
121 148 49
121 149 42
122 0 50
122 1 42
122 2 50
122 3 44
122 4 42
122 5 52
122 6 46
122 7 51
122 8 45
122 9 45
122 10 39
122 11 38
122 12 42
122 13 43
122 14 36
122 15 48
122 16 49
122 17 39
122 18 43
122 19 44
122 20 39
122 21 50
122 22 31
122 23 36
122 24 48
122 25 45
122 26 44
122 27 48
122 28 53
122 29 42
122 30 55
122 31 44
122 32 55
122 33 60
122 34 32
122 35 48
122 36 45
122 37 48
122 38 55
122 39 54
122 40 61
122 41 58
122 42 35
122 43 38
122 44 41
122 45 40
122 46 44
122 47 47
122 48 39
122 49 49
122 50 44
122 51 51
122 52 48
122 53 52
122 54 37
122 55 54
122 56 56
122 57 44
122 58 53
122 59 64
122 60 36
122 61 50
122 62 54
122 63 48
122 64 42
122 65 55
122 66 39
122 67 44
122 68 47
122 69 44
122 70 35
122 71 51
122 72 52
122 73 43
122 74 42
122 75 49
122 76 48
122 77 48
122 78 47
122 79 47
122 80 50
122 81 44
122 82 54
122 83 50
122 84 51
122 85 44
122 86 49
122 87 38
122 88 45
122 89 38
122 90 62
122 91 47
122 92 37
122 93 58
122 94 60
122 95 53
122 96 42
122 97 51
122 98 39
122 99 51
122 100 49
122 101 47
122 102 56
122 103 55
122 104 42
122 105 50
122 106 50
122 107 54
122 108 42
122 109 52
122 110 43
122 111 43
122 112 55
122 113 54
122 114 48
122 115 45
122 116 46
122 117 47
122 118 47
122 119 41
122 120 58
122 121 36
122 122 42
122 123 48
122 124 54
122 125 54
122 126 49
122 127 48
122 128 41
122 129 40
122 130 51
122 131 50
122 132 44
122 133 36
122 134 60
122 135 52
122 136 39
122 137 51
122 138 40
122 139 49
122 140 62
122 141 40
122 142 41
122 143 40
122 144 51
122 145 34
122 146 57
122 147 35
122 148 41
122 149 45
123 0 43
123 1 45
123 2 50
123 3 48
123 4 47
123 5 38
123 6 27
123 7 49
123 8 62
123 9 48
123 10 49
123 11 47
123 12 49
123 13 47
123 14 46
123 15 44
123 16 54
123 17 50
123 18 37
123 19 44
123 20 42
123 21 51
123 22 48
123 23 49
123 24 41
123 25 51
123 26 42
123 27 44
123 28 46
123 29 52
123 30 42
123 31 44
123 32 31
123 33 56
123 34 43
123 35 51
123 36 47
123 37 48
123 38 58
123 39 45
123 40 52
123 41 37
123 42 51
123 43 40
123 44 48
123 45 66
123 46 62
123 47 50
123 48 39
123 49 48
123 50 45
123 51 37
123 52 53
123 53 39
123 54 52
123 55 40
123 56 44
123 57 45
123 58 60
123 59 52
123 60 48
123 61 47
123 62 50
123 63 44
123 64 61
123 65 55
123 66 48
123 67 43
123 68 42
123 69 47
123 70 56
123 71 53
123 72 39
123 73 46
123 74 40
123 75 41
123 76 53
123 77 45
123 78 55
123 79 47
123 80 47
123 81 43
123 82 44
123 83 45
123 84 50
123 85 42
123 86 45
123 87 41
123 88 37
123 89 37
123 90 40
123 91 45
123 92 39
123 93 31
123 94 49
123 95 52
123 96 45
123 97 45
123 98 49
123 99 49
123 100 57
123 101 56
123 102 45
123 103 50
123 104 49
123 105 46
123 106 43
123 107 57
123 108 57
123 109 28
123 110 58
123 111 45
123 112 44
123 113 48
123 114 50
123 115 50
123 116 39
123 117 46
123 118 52
123 119 51
123 120 52
123 121 46
123 122 38
123 123 46
123 124 44
123 125 39
123 126 53
123 127 40
123 128 43
123 129 38
123 130 55
123 131 50
123 132 44
123 133 56
123 134 45
123 135 44
123 136 47
123 137 53
123 138 45
123 139 37
123 140 52
123 141 45
123 142 49
123 143 47
123 144 44
123 145 45
123 146 57
123 147 47
123 148 41
123 149 62
124 0 47
124 1 39
124 2 38
124 3 40
124 4 37
124 5 52
124 6 47
124 7 46
124 8 46
124 9 38
124 10 45
124 11 43
124 12 48
124 13 39
124 14 50
124 15 44
124 16 43
124 17 60
124 18 42
124 19 48
124 20 40
124 21 51
124 22 49
124 23 45
124 24 47
124 25 38
124 26 43
124 27 49
124 28 40
124 29 62
124 30 52
124 31 52
124 32 36
124 33 38
124 34 44
124 35 52
124 36 44
124 37 39
124 38 48
124 39 59
124 40 51
124 41 57
124 42 49
124 43 56
124 44 59
124 45 51
124 46 76
124 47 54
124 48 44
124 49 49
124 50 52
124 51 60
124 52 50
124 53 46
124 54 44
124 55 47
124 56 52
124 57 49
124 58 52
124 59 49
124 60 42
124 61 54
124 62 49
124 63 50
124 64 49
124 65 58
124 66 43
124 67 41
124 68 55
124 69 44
124 70 50
124 71 56
124 72 44
124 73 55
124 74 51
124 75 40
124 76 58
124 77 54
124 78 50
124 79 46
124 80 46
124 81 43
124 82 51
124 83 49
124 84 41
124 85 48
124 86 48
124 87 48
124 88 49
124 89 42
124 90 47
124 91 42
124 92 49
124 93 32
124 94 39
124 95 38
124 96 49
124 97 39
124 98 46
124 99 41
124 100 45
124 101 57
124 102 47
124 103 34
124 104 50
124 105 49
124 106 57
124 107 40
124 108 49
124 109 37
124 110 38
124 111 60
124 112 57
124 113 50
124 114 63
124 115 39
124 116 58
124 117 48
124 118 41
124 119 52
124 120 56
124 121 48
124 122 42
124 123 42
124 124 38
124 125 51
124 126 38
124 127 41
124 128 40
124 129 48
124 130 58
124 131 42
124 132 31
124 133 42
124 134 56
124 135 49
124 136 54
124 137 36
124 138 44
124 139 51
124 140 47
124 141 52
124 142 48
124 143 34
124 144 48
124 145 51
124 146 47
124 147 32
124 148 44
124 149 41
125 0 54
125 1 46
125 2 32
125 3 41
125 4 40
125 5 37
125 6 44
125 7 42
125 8 40
125 9 52
125 10 53
125 11 60
125 12 47
125 13 32
125 14 48
125 15 44
125 16 43
125 17 45
125 18 38
125 19 50
125 20 37
125 21 47
125 22 53
125 23 51
125 24 48
125 25 45
125 26 45
125 27 38
125 28 45
125 29 47
125 30 40
125 31 41
125 32 43
125 33 44
125 34 42
125 35 58
125 36 52
125 37 43
125 38 53
125 39 47
125 40 36
125 41 47
125 42 44
125 43 55
125 44 48
125 45 54
125 46 54
125 47 50
125 48 51
125 49 51
125 50 48
125 51 62
125 52 48
125 53 46
125 54 59
125 55 42
125 56 44
125 57 46
125 58 51
125 59 42
125 60 46
125 61 58
125 62 30
125 63 40
125 64 44
125 65 34
125 66 50
125 67 32
125 68 50
125 69 37
125 70 45
125 71 36
125 72 44
125 73 38
125 74 45
125 75 55
125 76 48
125 77 39
125 78 41
125 79 54
125 80 41
125 81 54
125 82 50
125 83 63
125 84 59
125 85 44
125 86 50
125 87 42
125 88 47
125 89 53
125 90 40
125 91 43
125 92 49
125 93 43
125 94 51
125 95 50
125 96 56
125 97 43
125 98 43
125 99 48
125 100 53
125 101 41
125 102 46
125 103 46
125 104 59
125 105 45
125 106 36
125 107 43
125 108 46
125 109 45
125 110 45
125 111 46
125 112 55
125 113 38
125 114 44
125 115 44
125 116 55
125 117 44
125 118 38
125 119 39
125 120 43
125 121 31
125 122 44
125 123 49
125 124 44
125 125 60
125 126 59
125 127 44
125 128 55
125 129 39
125 130 46
125 131 35
125 132 57
125 133 55
125 134 51
125 135 45
125 136 53
125 137 49
125 138 34
125 139 43
125 140 60
125 141 53
125 142 47
125 143 47
125 144 51
125 145 46
125 146 42
125 147 42
125 148 53
125 149 41
126 0 40
126 1 35
126 2 38
126 3 36
126 4 63
126 5 35
126 6 58
126 7 53
126 8 40
126 9 55
126 10 41
126 11 49
126 12 48
126 13 45
126 14 43
126 15 51
126 16 53
126 17 46
126 18 59
126 19 44
126 20 49
126 21 36
126 22 42
126 23 45
126 24 53
126 25 37
126 26 43
126 27 43
126 28 40
126 29 46
126 30 56
126 31 56
126 32 37
126 33 57
126 34 57
126 35 42
126 36 54
126 37 44
126 38 51
126 39 51
126 40 55
126 41 33
126 42 44
126 43 44
126 44 49
126 45 59
126 46 44
126 47 44
126 48 43
126 49 70
126 50 48
126 51 55
126 52 48
126 53 32
126 54 46
126 55 53
126 56 50
126 57 45
126 58 48
126 59 37
126 60 41
126 61 51
126 62 53
126 63 48
126 64 47
126 65 43
126 66 37
126 67 51
126 68 46
126 69 59
126 70 34
126 71 36
126 72 52
126 73 45
126 74 47
126 75 46
126 76 45
126 77 45
126 78 60
126 79 56
126 80 52
126 81 44
126 82 41
126 83 61
126 84 63
126 85 57
126 86 53
126 87 53
126 88 51
126 89 61
126 90 49
126 91 51
126 92 37
126 93 47
126 94 49
126 95 38
126 96 40
126 97 34
126 98 52
126 99 47
126 100 53
126 101 44
126 102 51
126 103 44
126 104 52
126 105 45
126 106 45
126 107 55
126 108 50
126 109 47
126 110 35
126 111 53
126 112 50
126 113 42
126 114 42
126 115 44
126 116 59
126 117 41
126 118 46
126 119 42
126 120 46
126 121 44
126 122 37
126 123 59
126 124 58
126 125 44
126 126 44
126 127 45
126 128 49
126 129 52
126 130 53
126 131 36
126 132 39
126 133 47
126 134 36
126 135 40
126 136 45
126 137 44
126 138 47
126 139 42
126 140 41
126 141 41
126 142 53
126 143 37
126 144 50
126 145 38
126 146 45
126 147 53
126 148 61
126 149 54
127 0 55
127 1 42
127 2 42
127 3 28
127 4 47
127 5 49
127 6 40
127 7 47
127 8 53
127 9 39
127 10 42
127 11 50
127 12 40
127 13 41
127 14 54
127 15 37
127 16 59
127 17 39
127 18 61
127 19 51
127 20 43
127 21 71
127 22 46
127 23 44
127 24 38
127 25 52
127 26 57
127 27 54
127 28 54
127 29 38
127 30 37
127 31 50
127 32 39
127 33 38
127 34 44
127 35 42
127 36 49
127 37 57
127 38 58
127 39 51
127 40 42
127 41 43
127 42 53
127 43 50
127 44 45
127 45 56
127 46 48
127 47 36
127 48 46
127 49 39
127 50 40
127 51 50
127 52 52
127 53 43
127 54 47
127 55 55
127 56 40
127 57 51
127 58 53
127 59 40
127 60 42
127 61 52
127 62 46
127 63 45
127 64 33
127 65 48
127 66 66
127 67 53
127 68 49
127 69 47
127 70 42
127 71 61
127 72 43
127 73 44
127 74 51
127 75 40
127 76 59
127 77 43
127 78 42
127 79 39
127 80 58
127 81 44
127 82 48
127 83 52
127 84 53
127 85 55
127 86 45
127 87 56
127 88 56
127 89 48
127 90 60
127 91 58
127 92 46
127 93 57
127 94 43
127 95 30
127 96 31
127 97 46
127 98 41
127 99 52
127 100 50
127 101 46
127 102 44
127 103 54
127 104 41
127 105 50
127 106 46
127 107 35
127 108 55
127 109 41
127 110 48
127 111 53
127 112 50
127 113 35
127 114 46
127 115 38
127 116 53
127 117 38
127 118 45
127 119 50
127 120 37
127 121 43
127 122 48
127 123 39
127 124 39
127 125 47
127 126 39
127 127 47
127 128 48
127 129 42
127 130 50
127 131 49
127 132 50
127 133 49
127 134 47
127 135 41
127 136 48
127 137 47
127 138 56
127 139 56
127 140 56
127 141 44
127 142 37
127 143 40
127 144 51
127 145 55
127 146 61
127 147 53
127 148 42
127 149 47
128 0 51
128 1 50
128 2 42
128 3 56
128 4 45
128 5 64
128 6 51
128 7 55
128 8 42
128 9 44
128 10 40
128 11 35
128 12 43
128 13 45
128 14 58
128 15 52
128 16 37
128 17 36
128 18 39
128 19 43
128 20 59
128 21 38
128 22 34
128 23 40
128 24 46
128 25 52
128 26 44
128 27 49
128 28 32
128 29 51
128 30 57
128 31 50
128 32 57
128 33 54
128 34 42
128 35 51
128 36 58
128 37 38
128 38 51
128 39 48
128 40 59
128 41 52
128 42 56
128 43 42
128 44 44
128 45 51
128 46 47
128 47 43
128 48 67
128 49 45
128 50 57
128 51 38
128 52 53
128 53 48
128 54 56
128 55 52
128 56 46
128 57 47
128 58 55
128 59 39
128 60 47
128 61 46
128 62 55
128 63 53
128 64 46
128 65 54
128 66 38
128 67 48
128 68 38
128 69 51
128 70 50
128 71 47
128 72 46
128 73 43
128 74 49
128 75 48
128 76 46
128 77 48
128 78 57
128 79 46
128 80 63
128 81 56
128 82 46
128 83 53
128 84 43
128 85 42
128 86 50
128 87 44
128 88 54
128 89 42
128 90 56
128 91 40
128 92 58
128 93 52
128 94 62
128 95 57
128 96 39
128 97 45
128 98 40
128 99 46
128 100 46
128 101 59
128 102 32
128 103 57
128 104 58
128 105 57
128 106 61
128 107 54
128 108 41
128 109 45
128 110 54
128 111 48
128 112 40
128 113 45
128 114 44
128 115 51
128 116 55
128 117 51
128 118 37
128 119 48
128 120 50
128 121 39
128 122 46
128 123 52
128 124 36
128 125 55
128 126 49
128 127 47
128 128 35
128 129 50
128 130 56
128 131 48
128 132 45
128 133 46
128 134 51
128 135 41
128 136 45
128 137 48
128 138 47
128 139 41
128 140 50
128 141 59
128 142 46
128 143 36
128 144 42
128 145 53
128 146 39
128 147 56
128 148 49
128 149 45
129 0 54
129 1 47
129 2 49
129 3 49
129 4 45
129 5 40
129 6 42
129 7 45
129 8 44
129 9 50
129 10 52
129 11 45
129 12 44
129 13 55
129 14 56
129 15 48
129 16 41
129 17 43
129 18 42
129 19 50
129 20 51
129 21 53
129 22 40
129 23 30
129 24 45
129 25 46
129 26 46
129 27 46
129 28 45
129 29 51
129 30 56
129 31 47
129 32 45
129 33 45
129 34 45
129 35 43
129 36 51
129 37 49
129 38 38
129 39 58
129 40 45
129 41 56
129 42 56
129 43 46
129 44 42
129 45 47
129 46 54
129 47 54
129 48 45
129 49 48
129 50 48
129 51 45
129 52 53
129 53 49
129 54 38
129 55 53
129 56 49
129 57 45
129 58 60
129 59 39
129 60 49
129 61 51
129 62 48
129 63 39
129 64 59
129 65 43
129 66 56
129 67 49
129 68 42
129 69 48
129 70 48
129 71 48
129 72 44
129 73 34
129 74 47
129 75 47
129 76 47
129 77 49
129 78 53
129 79 52
129 80 52
129 81 46
129 82 50
129 83 40
129 84 54
129 85 44
129 86 44
129 87 52
129 88 56
129 89 47
129 90 51
129 91 42
129 92 33
129 93 44
129 94 46
129 95 56
129 96 42
129 97 44
129 98 40
129 99 53
129 100 49
129 101 51
129 102 34
129 103 44
129 104 40
129 105 34
129 106 47
129 107 47
129 108 58
129 109 42
129 110 45
129 111 39
129 112 48
129 113 44
129 114 40
129 115 44
129 116 35
129 117 48
129 118 45
129 119 56
129 120 44
129 121 42
129 122 67
129 123 48
129 124 45
129 125 41
129 126 47
129 127 53
129 128 61
129 129 48
129 130 29
129 131 50
129 132 46
129 133 56
129 134 48
129 135 43
129 136 52
129 137 45
129 138 51
129 139 40
129 140 36
129 141 41
129 142 63
129 143 55
129 144 51
129 145 43
129 146 43
129 147 45
129 148 47
129 149 39
130 0 45
130 1 60
130 2 45
130 3 54
130 4 47
130 5 51
130 6 47
130 7 43
130 8 37
130 9 54
130 10 54
130 11 42
130 12 48
130 13 42
130 14 59
130 15 40
130 16 44
130 17 40
130 18 38
130 19 52
130 20 50
130 21 51
130 22 52
130 23 46
130 24 46
130 25 46
130 26 42
130 27 61
130 28 43
130 29 60
130 30 48
130 31 57
130 32 41
130 33 53
130 34 43
130 35 56
130 36 57
130 37 47
130 38 60
130 39 62
130 40 60
130 41 48
130 42 60
130 43 38
130 44 60
130 45 47
130 46 45
130 47 45
130 48 42
130 49 47
130 50 48
130 51 44
130 52 45
130 53 58
130 54 50
130 55 59
130 56 46
130 57 45
130 58 37
130 59 38
130 60 53
130 61 55
130 62 49
130 63 54
130 64 45
130 65 54
130 66 50
130 67 51
130 68 39
130 69 49
130 70 45
130 71 52
130 72 60
130 73 42
130 74 47
130 75 43
130 76 41
130 77 46
130 78 49
130 79 52
130 80 57
130 81 53
130 82 54
130 83 51
130 84 55
130 85 35
130 86 51
130 87 31
130 88 50
130 89 54
130 90 39
130 91 38
130 92 52
130 93 54
130 94 45
130 95 43
130 96 43
130 97 46
130 98 47
130 99 52
130 100 42
130 101 44
130 102 35
130 103 53
130 104 57
130 105 55
130 106 49
130 107 43
130 108 52
130 109 52
130 110 52
130 111 44
130 112 47
130 113 46
130 114 38
130 115 44
130 116 50
130 117 48
130 118 36
130 119 45
130 120 49
130 121 49
130 122 36
130 123 50
130 124 43
130 125 46
130 126 46
130 127 48
130 128 38
130 129 45
130 130 43
130 131 54
130 132 40
130 133 44
130 134 41
130 135 46
130 136 37
130 137 56
130 138 43
130 139 39
130 140 56
130 141 44
130 142 47
130 143 40
130 144 47
130 145 43
130 146 47
130 147 55
130 148 51
130 149 46
131 0 47
131 1 56
131 2 47
131 3 51
131 4 38
131 5 49
131 6 56
131 7 57
131 8 48
131 9 50
131 10 62
131 11 54
131 12 52
131 13 54
131 14 48
131 15 55
131 16 44
131 17 43
131 18 50
131 19 45
131 20 47
131 21 38
131 22 42
131 23 41
131 24 54
131 25 40
131 26 57
131 27 52
131 28 48
131 29 62
131 30 38
131 31 53
131 32 44
131 33 51
131 34 50
131 35 44
131 36 42
131 37 38
131 38 60
131 39 51
131 40 68
131 41 51
131 42 52
131 43 45
131 44 42
131 45 56
131 46 46
131 47 44
131 48 58
131 49 52
131 50 63
131 51 47
131 52 33
131 53 43
131 54 42
131 55 56
131 56 49
131 57 47
131 58 49
131 59 34
131 60 49
131 61 56
131 62 49
131 63 34
131 64 47
131 65 52
131 66 67
131 67 41
131 68 45
131 69 51
131 70 54
131 71 61
131 72 52
131 73 48
131 74 52
131 75 39
131 76 49
131 77 47
131 78 64
131 79 45
131 80 47
131 81 38
131 82 46
131 83 40
131 84 42
131 85 50
131 86 50
131 87 60
131 88 59
131 89 39
131 90 44
131 91 41
131 92 44
131 93 54
131 94 49
131 95 52
131 96 35
131 97 46
131 98 54
131 99 47
131 100 55
131 101 46
131 102 41
131 103 44
131 104 54
131 105 46
131 106 38
131 107 50
131 108 47
131 109 37
131 110 41
131 111 43
131 112 40
131 113 49
131 114 58
131 115 41
131 116 51
131 117 53
131 118 41
131 119 59
131 120 43
131 121 53
131 122 46
131 123 43
131 124 47
131 125 42
131 126 43
131 127 42
131 128 47
131 129 56
131 130 40
131 131 46
131 132 43
131 133 40
131 134 48
131 135 44
131 136 55
131 137 46
131 138 46
131 139 43
131 140 53
131 141 43
131 142 65
131 143 43
131 144 58
131 145 53
131 146 54
131 147 40
131 148 43
131 149 44
132 0 52
132 1 47
132 2 62
132 3 40
132 4 56
132 5 59
132 6 43
132 7 57
132 8 45
132 9 62
132 10 41
132 11 36
132 12 34
132 13 50
132 14 45
132 15 46
132 16 42
132 17 40
132 18 47
132 19 42
132 20 55
132 21 50
132 22 60
132 23 41
132 24 52
132 25 54
132 26 45
132 27 43
132 28 39
132 29 48
132 30 49
132 31 40
132 32 43
132 33 59
132 34 45
132 35 33
132 36 39
132 37 50
132 38 49
132 39 45
132 40 42
132 41 57
132 42 40
132 43 53
132 44 60
132 45 61
132 46 56
132 47 46
132 48 51
132 49 45
132 50 50
132 51 66
132 52 29
132 53 41
132 54 40
132 55 55
132 56 43
132 57 43
132 58 38
132 59 60
132 60 52
132 61 52
132 62 45
132 63 44
132 64 38
132 65 49
132 66 44
132 67 54
132 68 46
132 69 49
132 70 41
132 71 36
132 72 36
132 73 42
132 74 50
132 75 49
132 76 47
132 77 39
132 78 46
132 79 51
132 80 50
132 81 61
132 82 42
132 83 44
132 84 59
132 85 48
132 86 53
132 87 45
132 88 48
132 89 49
132 90 52
132 91 67
132 92 51
132 93 41
132 94 60
132 95 50
132 96 51
132 97 48
132 98 51
132 99 55
132 100 43
132 101 38
132 102 57
132 103 44
132 104 39
132 105 56
132 106 39
132 107 28
132 108 47
132 109 36
132 110 45
132 111 42
132 112 38
132 113 32
132 114 50
132 115 48
132 116 43
132 117 48
132 118 56
132 119 65
132 120 56
132 121 47
132 122 41
132 123 33
132 124 44
132 125 56
132 126 38
132 127 51
132 128 44
132 129 42
132 130 46
132 131 46
132 132 37
132 133 44
132 134 47
132 135 51
132 136 51
132 137 45
132 138 52
132 139 46
132 140 35
132 141 38
132 142 44
132 143 42
132 144 55
132 145 51
132 146 52
132 147 46
132 148 46
132 149 41
133 0 43
133 1 49
133 2 49
133 3 52
133 4 47
133 5 52
133 6 52
133 7 55
133 8 45
133 9 55
133 10 51
133 11 45
133 12 41
133 13 37
133 14 42
133 15 38
133 16 54
133 17 62
133 18 37
133 19 56
133 20 54
133 21 42
133 22 47
133 23 48
133 24 46
133 25 54
133 26 41
133 27 55
133 28 51
133 29 53
133 30 54
133 31 49
133 32 34
133 33 38
133 34 44
133 35 51
133 36 54
133 37 50
133 38 59
133 39 35
133 40 55
133 41 68
133 42 47
133 43 36
133 44 44
133 45 51
133 46 48
133 47 44
133 48 42
133 49 48
133 50 50
133 51 50
133 52 53
133 53 48
133 54 46
133 55 49
133 56 39
133 57 52
133 58 49
133 59 32
133 60 40
133 61 47
133 62 51
133 63 46
133 64 52
133 65 49
133 66 54
133 67 57
133 68 54
133 69 52
133 70 49
133 71 57
133 72 52
133 73 41
133 74 59
133 75 54
133 76 42
133 77 40
133 78 38
133 79 50
133 80 50
133 81 46
133 82 51
133 83 49
133 84 39
133 85 42
133 86 44
133 87 50
133 88 52
133 89 45
133 90 43
133 91 47
133 92 42
133 93 47
133 94 58
133 95 34
133 96 50
133 97 49
133 98 68
133 99 46
133 100 44
133 101 62
133 102 35
133 103 51
133 104 43
133 105 47
133 106 50
133 107 42
133 108 41
133 109 38
133 110 51
133 111 42
133 112 42
133 113 44
133 114 48
133 115 54
133 116 44
133 117 38
133 118 51
133 119 37
133 120 41
133 121 41
133 122 40
133 123 46
133 124 46
133 125 47
133 126 54
133 127 46
133 128 45
133 129 59
133 130 42
133 131 45
133 132 49
133 133 40
133 134 49
133 135 47
133 136 37
133 137 71
133 138 41
133 139 49
133 140 41
133 141 47
133 142 54
133 143 52
133 144 52
133 145 64
133 146 58
133 147 46
133 148 47
133 149 47
134 0 51
134 1 51
134 2 41
134 3 45
134 4 38
134 5 50
134 6 47
134 7 60
134 8 41
134 9 47
134 10 41
134 11 49
134 12 56
134 13 47
134 14 66
134 15 54
134 16 40
134 17 35
134 18 52
134 19 45
134 20 50
134 21 49
134 22 50
134 23 60
134 24 51
134 25 39
134 26 48
134 27 47
134 28 44
134 29 59
134 30 46
134 31 53
134 32 49
134 33 43
134 34 43
134 35 45
134 36 60
134 37 35
134 38 31
134 39 50
134 40 45
134 41 49
134 42 58
134 43 48
134 44 43
134 45 52
134 46 47
134 47 50
134 48 48
134 49 41
134 50 36
134 51 45
134 52 46
134 53 51
134 54 47
134 55 52
134 56 52
134 57 53
134 58 46
134 59 56
134 60 44
134 61 51
134 62 50
134 63 52
134 64 50
134 65 49
134 66 44
134 67 38
134 68 44
134 69 52
134 70 46
134 71 54
134 72 48
134 73 42
134 74 51
134 75 52
134 76 44
134 77 44
134 78 49
134 79 51
134 80 63
134 81 48
134 82 47
134 83 48
134 84 57
134 85 51
134 86 49
134 87 45
134 88 48
134 89 55
134 90 41
134 91 58
134 92 46
134 93 56
134 94 53
134 95 50
134 96 57
134 97 46
134 98 40
134 99 44
134 100 44
134 101 46
134 102 40
134 103 50
134 104 34
134 105 47
134 106 48
134 107 46
134 108 46
134 109 52
134 110 48
134 111 51
134 112 36
134 113 42
134 114 46
134 115 42
134 116 52
134 117 40
134 118 47
134 119 45
134 120 43
134 121 64
134 122 52
134 123 42
134 124 53
134 125 56
134 126 38
134 127 60
134 128 63
134 129 50
134 130 45
134 131 42
134 132 54
134 133 43
134 134 47
134 135 59
134 136 41
134 137 37
134 138 46
134 139 53
134 140 50
134 141 41
134 142 66
134 143 38
134 144 40
134 145 42
134 146 47
134 147 48
134 148 49
134 149 58
135 0 52
135 1 42
135 2 61
135 3 47
135 4 58
135 5 50
135 6 52
135 7 55
135 8 43
135 9 47
135 10 45
135 11 43
135 12 44
135 13 43
135 14 49
135 15 51
135 16 45
135 17 50
135 18 51
135 19 46
135 20 40
135 21 50
135 22 54
135 23 50
135 24 48
135 25 47
135 26 56
135 27 51
135 28 63
135 29 54
135 30 43
135 31 52
135 32 63
135 33 42
135 34 54
135 35 41
135 36 55
135 37 52
135 38 34
135 39 57
135 40 46
135 41 43
135 42 57
135 43 40
135 44 45
135 45 52
135 46 50
135 47 50
135 48 54
135 49 48
135 50 45
135 51 46
135 52 63
135 53 48
135 54 50
135 55 57
135 56 45
135 57 46
135 58 40
135 59 47
135 60 51
135 61 47
135 62 48
135 63 47
135 64 44
135 65 41
135 66 57
135 67 44
135 68 42
135 69 35
135 70 62
135 71 53
135 72 53
135 73 42
135 74 61
135 75 50
135 76 52
135 77 40
135 78 64
135 79 57
135 80 44
135 81 44
135 82 49
135 83 40
135 84 39
135 85 45
135 86 49
135 87 40
135 88 56
135 89 63
135 90 43
135 91 54
135 92 43
135 93 41
135 94 52
135 95 47
135 96 45
135 97 48
135 98 47
135 99 57
135 100 43
135 101 46
135 102 42
135 103 52
135 104 33
135 105 46
135 106 48
135 107 48
135 108 44
135 109 48
135 110 58
135 111 48
135 112 50
135 113 36
135 114 50
135 115 53
135 116 34
135 117 38
135 118 40
135 119 43
135 120 49
135 121 36
135 122 52
135 123 43
135 124 36
135 125 51
135 126 45
135 127 44
135 128 55
135 129 54
135 130 49
135 131 46
135 132 55
135 133 54
135 134 47
135 135 54
135 136 55
135 137 43
135 138 54
135 139 56
135 140 49
135 141 47
135 142 50
135 143 64
135 144 38
135 145 41
135 146 51
135 147 56
135 148 49
135 149 36
136 0 47
136 1 37
136 2 56
136 3 41
136 4 47
136 5 51
136 6 52
136 7 55
136 8 41
136 9 45
136 10 48
136 11 43
136 12 42
136 13 53
136 14 40
136 15 52
136 16 56
136 17 40
136 18 44
136 19 45
136 20 65
136 21 45
136 22 49
136 23 55
136 24 39
136 25 45
136 26 61
136 27 41
136 28 38
136 29 49
136 30 48
136 31 53
136 32 44
136 33 46
136 34 55
136 35 53
136 36 49
136 37 56
136 38 54
136 39 49
136 40 57
136 41 51
136 42 40
136 43 49
136 44 64
136 45 58
136 46 48
136 47 44
136 48 51
136 49 47
136 50 56
136 51 51
136 52 58
136 53 44
136 54 51
136 55 50
136 56 38
136 57 44
136 58 51
136 59 39
136 60 53
136 61 46
136 62 49
136 63 35
136 64 39
136 65 46
136 66 54
136 67 57
136 68 58
136 69 41
136 70 41
136 71 44
136 72 61
136 73 46
136 74 51
136 75 48
136 76 51
136 77 42
136 78 45
136 79 42
136 80 46
136 81 44
136 82 44
136 83 46
136 84 60
136 85 50
136 86 45
136 87 49
136 88 44
136 89 68
136 90 40
136 91 45
136 92 41
136 93 48
136 94 35
136 95 41
136 96 50
136 97 43
136 98 35
136 99 32
136 100 60
136 101 63
136 102 49
136 103 43
136 104 51
136 105 52
136 106 54
136 107 54
136 108 52
136 109 45
136 110 57
136 111 46
136 112 49
136 113 34
136 114 45
136 115 43
136 116 36
136 117 48
136 118 63
136 119 50
136 120 46
136 121 45
136 122 32
136 123 61
136 124 48
136 125 52
136 126 58
136 127 55
136 128 45
136 129 59
136 130 37
136 131 47
136 132 54
136 133 52
136 134 45
136 135 50
136 136 36
136 137 43
136 138 41
136 139 46
136 140 62
136 141 54
136 142 44
136 143 49
136 144 51
136 145 45
136 146 59
136 147 37
136 148 45
136 149 41
137 0 51
137 1 54
137 2 41
137 3 55
137 4 57
137 5 51
137 6 38
137 7 54
137 8 52
137 9 47
137 10 59
137 11 33
137 12 56
137 13 62
137 14 44
137 15 42
137 16 53
137 17 47
137 18 52
137 19 55
137 20 51
137 21 50
137 22 42
137 23 49
137 24 50
137 25 39
137 26 49
137 27 44
137 28 41
137 29 61
137 30 57
137 31 40
137 32 42
137 33 51
137 34 42
137 35 47
137 36 46
137 37 50
137 38 46
137 39 53
137 40 51
137 41 57
137 42 49
137 43 55
137 44 53
137 45 54
137 46 59
137 47 40
137 48 46
137 49 50
137 50 42
137 51 52
137 52 50
137 53 60
137 54 57
137 55 42
137 56 55
137 57 52
137 58 37
137 59 45
137 60 55
137 61 49
137 62 56
137 63 49
137 64 42
137 65 47
137 66 50
137 67 53
137 68 46
137 69 61
137 70 48
137 71 38
137 72 53
137 73 60
137 74 38
137 75 46
137 76 62
137 77 44
137 78 57
137 79 51
137 80 40
137 81 45
137 82 50
137 83 51
137 84 38
137 85 56
137 86 45
137 87 44
137 88 54
137 89 43
137 90 47
137 91 49
137 92 45
137 93 51
137 94 39
137 95 66
137 96 57
137 97 39
137 98 48
137 99 44
137 100 50
137 101 47
137 102 61
137 103 47
137 104 55
137 105 52
137 106 38
137 107 46
137 108 46
137 109 42
137 110 46
137 111 45
137 112 49
137 113 56
137 114 42
137 115 47
137 116 63
137 117 45
137 118 46
137 119 48
137 120 51
137 121 50
137 122 56
137 123 43
137 124 40
137 125 45
137 126 52
137 127 47
137 128 41
137 129 47
137 130 38
137 131 52
137 132 48
137 133 54
137 134 46
137 135 33
137 136 38
137 137 59
137 138 48
137 139 52
137 140 54
137 141 41
137 142 40
137 143 50
137 144 53
137 145 55
137 146 43
137 147 35
137 148 34
137 149 46
138 0 54
138 1 35
138 2 47
138 3 43
138 4 41
138 5 32
138 6 48
138 7 41
138 8 40
138 9 71
138 10 56
138 11 47
138 12 42
138 13 50
138 14 50
138 15 49
138 16 51
138 17 54
138 18 46
138 19 42
138 20 45
138 21 50
138 22 46
138 23 51
138 24 63
138 25 42
138 26 35
138 27 46
138 28 47
138 29 59
138 30 49
138 31 54
138 32 54
138 33 62
138 34 48
138 35 52
138 36 50
138 37 64
138 38 61
138 39 52
138 40 64
138 41 56
138 42 34
138 43 42
138 44 50
138 45 49
138 46 33
138 47 42
138 48 46
138 49 51
138 50 57
138 51 50
138 52 56
138 53 53
138 54 55
138 55 60
138 56 54
138 57 41
138 58 63
138 59 44
138 60 48
138 61 55
138 62 65
138 63 41
138 64 46
138 65 39
138 66 40
138 67 38
138 68 49
138 69 48
138 70 44
138 71 62
138 72 43
138 73 50
138 74 40
138 75 47
138 76 36
138 77 45
138 78 46
138 79 39
138 80 39
138 81 43
138 82 45
138 83 49
138 84 47
138 85 43
138 86 49
138 87 47
138 88 53
138 89 52
138 90 49
138 91 49
138 92 39
138 93 39
138 94 40
138 95 40
138 96 41
138 97 48
138 98 45
138 99 59
138 100 53
138 101 49
138 102 43
138 103 41
138 104 44
138 105 51
138 106 52
138 107 57
138 108 51
138 109 44
138 110 40
138 111 53
138 112 45
138 113 51
138 114 52
138 115 44
138 116 52
138 117 56
138 118 47
138 119 41
138 120 40
138 121 46
138 122 37
138 123 29
138 124 59
138 125 55
138 126 52
138 127 44
138 128 53
138 129 41
138 130 44
138 131 50
138 132 67
138 133 54
138 134 61
138 135 41
138 136 45
138 137 56
138 138 48
138 139 54
138 140 51
138 141 48
138 142 44
138 143 56
138 144 45
138 145 38
138 146 38
138 147 43
138 148 48
138 149 47
139 0 48
139 1 62
139 2 53
139 3 55
139 4 47
139 5 52
139 6 55
139 7 48
139 8 46
139 9 54
139 10 47
139 11 50
139 12 52
139 13 53
139 14 50
139 15 44
139 16 47
139 17 60
139 18 39
139 19 61
139 20 62
139 21 49
139 22 46
139 23 38
139 24 54
139 25 46
139 26 57
139 27 51
139 28 68
139 29 45
139 30 52
139 31 39
139 32 55
139 33 54
139 34 44
139 35 40
139 36 36
139 37 35
139 38 41
139 39 48
139 40 52
139 41 53
139 42 48
139 43 58
139 44 46
139 45 68
139 46 71
139 47 56
139 48 67
139 49 55
139 50 59
139 51 43
139 52 55
139 53 50
139 54 40
139 55 39
139 56 44
139 57 57
139 58 48
139 59 44
139 60 32
139 61 56
139 62 42
139 63 52
139 64 48
139 65 45
139 66 52
139 67 46
139 68 64
139 69 41
139 70 43
139 71 57
139 72 37
139 73 44
139 74 48
139 75 41
139 76 54
139 77 56
139 78 47
139 79 56
139 80 54
139 81 57
139 82 42
139 83 53
139 84 50
139 85 68
139 86 43
139 87 50
139 88 46
139 89 51
139 90 50
139 91 57
139 92 40
139 93 49
139 94 45
139 95 50
139 96 41
139 97 54
139 98 47
139 99 50
139 100 43
139 101 51
139 102 51
139 103 40
139 104 39
139 105 47
139 106 33
139 107 32
139 108 39
139 109 46
139 110 51
139 111 42
139 112 33
139 113 42
139 114 67
139 115 34
139 116 53
139 117 44
139 118 47
139 119 53
139 120 54
139 121 54
139 122 55
139 123 40
139 124 52
139 125 56
139 126 58
139 127 50
139 128 41
139 129 55
139 130 55
139 131 33
139 132 62
139 133 51
139 134 48
139 135 49
139 136 58
139 137 61
139 138 47
139 139 52
139 140 61
139 141 50
139 142 45
139 143 49
139 144 46
139 145 57
139 146 49
139 147 54
139 148 52
139 149 55
140 0 44
140 1 47
140 2 60
140 3 43
140 4 49
140 5 66
140 6 44
140 7 61
140 8 42
140 9 49
140 10 53
140 11 42
140 12 52
140 13 51
140 14 46
140 15 45
140 16 49
140 17 53
140 18 37
140 19 49
140 20 46
140 21 50
140 22 48
140 23 54
140 24 54
140 25 45
140 26 42
140 27 51
140 28 71
140 29 54
140 30 49
140 31 55
140 32 52
140 33 53
140 34 59
140 35 43
140 36 48
140 37 41
140 38 56
140 39 50
140 40 59
140 41 49
140 42 40
140 43 51
140 44 47
140 45 45
140 46 54
140 47 57
140 48 40
140 49 35
140 50 39
140 51 47
140 52 42
140 53 47
140 54 43
140 55 56
140 56 56
140 57 51
140 58 61
140 59 43
140 60 54
140 61 41
140 62 43
140 63 51
140 64 44
140 65 43
140 66 60
140 67 48
140 68 43
140 69 49
140 70 55
140 71 58
140 72 57
140 73 49
140 74 50
140 75 39
140 76 46
140 77 52
140 78 42
140 79 44
140 80 43
140 81 49
140 82 58
140 83 50
140 84 40
140 85 41
140 86 75
140 87 65
140 88 53
140 89 54
140 90 34
140 91 39
140 92 59
140 93 60
140 94 40
140 95 35
140 96 54
140 97 55
140 98 50
140 99 52
140 100 50
140 101 37
140 102 53
140 103 56
140 104 56
140 105 48
140 106 48
140 107 50
140 108 40
140 109 46
140 110 37
140 111 54
140 112 50
140 113 47
140 114 44
140 115 44
140 116 39
140 117 39
140 118 51
140 119 57
140 120 51
140 121 51
140 122 60
140 123 42
140 124 43
140 125 41
140 126 55
140 127 50
140 128 50
140 129 54
140 130 49
140 131 47
140 132 43
140 133 47
140 134 57
140 135 35
140 136 42
140 137 62
140 138 56
140 139 43
140 140 38
140 141 43
140 142 49
140 143 54
140 144 63
140 145 39
140 146 47
140 147 57
140 148 56
140 149 36
141 0 57
141 1 52
141 2 45
141 3 51
141 4 47
141 5 47
141 6 52
141 7 48
141 8 46
141 9 53
141 10 38
141 11 53
141 12 50
141 13 62
141 14 50
141 15 57
141 16 44
141 17 51
141 18 60
141 19 58
141 20 44
141 21 47
141 22 55
141 23 45
141 24 50
141 25 44
141 26 49
141 27 50
141 28 36
141 29 44
141 30 38
141 31 44
141 32 50
141 33 50
141 34 51
141 35 42
141 36 38
141 37 44
141 38 55
141 39 40
141 40 58
141 41 44
141 42 55
141 43 54
141 44 43
141 45 41
141 46 50
141 47 45
141 48 48
141 49 48
141 50 50
141 51 53
141 52 56
141 53 36
141 54 50
141 55 43
141 56 41
141 57 32
141 58 44
141 59 44
141 60 54
141 61 46
141 62 45
141 63 37
141 64 52
141 65 57
141 66 49
141 67 42
141 68 49
141 69 44
141 70 57
141 71 46
141 72 57
141 73 41
141 74 50
141 75 58
141 76 56
141 77 53
141 78 56
141 79 51
141 80 43
141 81 46
141 82 60
141 83 58
141 84 52
141 85 40
141 86 50
141 87 50
141 88 60
141 89 48
141 90 66
141 91 41
141 92 62
141 93 48
141 94 41
141 95 39
141 96 53
141 97 43
141 98 41
141 99 41
141 100 39
141 101 49
141 102 40
141 103 49
141 104 56
141 105 54
141 106 52
141 107 41
141 108 46
141 109 56
141 110 53
141 111 46
141 112 53
141 113 31
141 114 57
141 115 44
141 116 42
141 117 49
141 118 47
141 119 45
141 120 48
141 121 45
141 122 43
141 123 50
141 124 66
141 125 61
141 126 47
141 127 56
141 128 53
141 129 62
141 130 67
141 131 63
141 132 47
141 133 58
141 134 59
141 135 68
141 136 46
141 137 58
141 138 49
141 139 41
141 140 46
141 141 43
141 142 33
141 143 44
141 144 48
141 145 57
141 146 54
141 147 50
141 148 43
141 149 35
142 0 55
142 1 56
142 2 29
142 3 56
142 4 53
142 5 53
142 6 50
142 7 42
142 8 45
142 9 53
142 10 42
142 11 52
142 12 46
142 13 55
142 14 63
142 15 66
142 16 42
142 17 44
142 18 41
142 19 53
142 20 58
142 21 41
142 22 52
142 23 36
142 24 52
142 25 51
142 26 59
142 27 59
142 28 52
142 29 56
142 30 45
142 31 58
142 32 46
142 33 50
142 34 52
142 35 38
142 36 46
142 37 50
142 38 51
142 39 48
142 40 45
142 41 43
142 42 53
142 43 58
142 44 49
142 45 43
142 46 40
142 47 51
142 48 45
142 49 47
142 50 65
142 51 48
142 52 55
142 53 44
142 54 58
142 55 49
142 56 46
142 57 47
142 58 50
142 59 43
142 60 49
142 61 40
142 62 39
142 63 53
142 64 40
142 65 33
142 66 46
142 67 64
142 68 39
142 69 54
142 70 56
142 71 52
142 72 55
142 73 38
142 74 40
142 75 42
142 76 44
142 77 52
142 78 48
142 79 42
142 80 43
142 81 66
142 82 40
142 83 33
142 84 47
142 85 44
142 86 40
142 87 46
142 88 49
142 89 50
142 90 50
142 91 34
142 92 72
142 93 44
142 94 56
142 95 47
142 96 48
142 97 52
142 98 50
142 99 43
142 100 52
142 101 50
142 102 41
142 103 37
142 104 46
142 105 43
142 106 51
142 107 43
142 108 48
142 109 44
142 110 55
142 111 51
142 112 44
142 113 57
142 114 47
142 115 47
142 116 50
142 117 46
142 118 39
142 119 48
142 120 35
142 121 56
142 122 44
142 123 55
142 124 48
142 125 50
142 126 60
142 127 58
142 128 49
142 129 46
142 130 49
142 131 47
142 132 49
142 133 53
142 134 34
142 135 41
142 136 63
142 137 48
142 138 48
142 139 53
142 140 51
142 141 61
142 142 46
142 143 54
142 144 37
142 145 34
142 146 71
142 147 53
142 148 40
142 149 41
143 0 51
143 1 44
143 2 48
143 3 51
143 4 46
143 5 45
143 6 44
143 7 38
143 8 54
143 9 50
143 10 50
143 11 54
143 12 53
143 13 38
143 14 57
143 15 51
143 16 46
143 17 40
143 18 48
143 19 44
143 20 52
143 21 42
143 22 50
143 23 40
143 24 43
143 25 44
143 26 47
143 27 44
143 28 38
143 29 49
143 30 50
143 31 55
143 32 46
143 33 47
143 34 46
143 35 57
143 36 49
143 37 49
143 38 51
143 39 47
143 40 58
143 41 33
143 42 62
143 43 51
143 44 48
143 45 45
143 46 43
143 47 42
143 48 36
143 49 46
143 50 30
143 51 46
143 52 37
143 53 49
143 54 53
143 55 55
143 56 50
143 57 46
143 58 48
143 59 45
143 60 50
143 61 46
143 62 45
143 63 55
143 64 47
143 65 54
143 66 43
143 67 40
143 68 42
143 69 44
143 70 50
143 71 52
143 72 43
143 73 37
143 74 32
143 75 48
143 76 51
143 77 36
143 78 44
143 79 50
143 80 44
143 81 39
143 82 43
143 83 56
143 84 56
143 85 51
143 86 36
143 87 38
143 88 49
143 89 52
143 90 58
143 91 42
143 92 54
143 93 51
143 94 45
143 95 51
143 96 53
143 97 40
143 98 43
143 99 48
143 100 58
143 101 45
143 102 57
143 103 51
143 104 47
143 105 44
143 106 38
143 107 53
143 108 46
143 109 48
143 110 37
143 111 44
143 112 39
143 113 40
143 114 46
143 115 49
143 116 46
143 117 46
143 118 51
143 119 41
143 120 39
143 121 42
143 122 40
143 123 49
143 124 53
143 125 40
143 126 67
143 127 50
143 128 38
143 129 42
143 130 54
143 131 58
143 132 47
143 133 52
143 134 55
143 135 56
143 136 48
143 137 54
143 138 46
143 139 61
143 140 50
143 141 51
143 142 52
143 143 53
143 144 40
143 145 61
143 146 34
143 147 57
143 148 45
143 149 55
144 0 53
144 1 61
144 2 54
144 3 51
144 4 48
144 5 49
144 6 56
144 7 45
144 8 53
144 9 55
144 10 46
144 11 41
144 12 47
144 13 44
144 14 52
144 15 43
144 16 43
144 17 57
144 18 48
144 19 37
144 20 38
144 21 36
144 22 54
144 23 47
144 24 63
144 25 50
144 26 55
144 27 43
144 28 40
144 29 56
144 30 55
144 31 41
144 32 58
144 33 48
144 34 53
144 35 50
144 36 50
144 37 42
144 38 48
144 39 35
144 40 48
144 41 45
144 42 45
144 43 42
144 44 33
144 45 45
144 46 59
144 47 52
144 48 49
144 49 45
144 50 46
144 51 52
144 52 55
144 53 60
144 54 38
144 55 50
144 56 48
144 57 52
144 58 43
144 59 44
144 60 39
144 61 40
144 62 59
144 63 42
144 64 57
144 65 56
144 66 41
144 67 51
144 68 40
144 69 47
144 70 44
144 71 53
144 72 51
144 73 48
144 74 54
144 75 53
144 76 45
144 77 47
144 78 58
144 79 50
144 80 40
144 81 52
144 82 60
144 83 49
144 84 38
144 85 57
144 86 42
144 87 39
144 88 43
144 89 44
144 90 55
144 91 66
144 92 54
144 93 54
144 94 60
144 95 37
144 96 61
144 97 47
144 98 41
144 99 49
144 100 49
144 101 49
144 102 59
144 103 46
144 104 56
144 105 44
144 106 42
144 107 56
144 108 52
144 109 35
144 110 33
144 111 51
144 112 52
144 113 44
144 114 50
144 115 57
144 116 63
144 117 54
144 118 55
144 119 52
144 120 46
144 121 39
144 122 44
144 123 48
144 124 55
144 125 45
144 126 48
144 127 46
144 128 57
144 129 42
144 130 49
144 131 48
144 132 44
144 133 51
144 134 66
144 135 46
144 136 54
144 137 58
144 138 47
144 139 45
144 140 55
144 141 49
144 142 53
144 143 44
144 144 51
144 145 40
144 146 61
144 147 38
144 148 53
144 149 59
145 0 47
145 1 59
145 2 61
145 3 42
145 4 50
145 5 48
145 6 46
145 7 48
145 8 46
145 9 37
145 10 61
145 11 40
145 12 54
145 13 41
145 14 53
145 15 47
145 16 40
145 17 53
145 18 36
145 19 44
145 20 55
145 21 50
145 22 52
145 23 42
145 24 54
145 25 50
145 26 39
145 27 54
145 28 45
145 29 45
145 30 48
145 31 51
145 32 63
145 33 52
145 34 54
145 35 52
145 36 57
145 37 50
145 38 48
145 39 42
145 40 60
145 41 45
145 42 47
145 43 57
145 44 46
145 45 60
145 46 45
145 47 46
145 48 45
145 49 60
145 50 40
145 51 54
145 52 41
145 53 49
145 54 53
145 55 49
145 56 45
145 57 46
145 58 48
145 59 53
145 60 50
145 61 60
145 62 57
145 63 42
145 64 43
145 65 43
145 66 37
145 67 47
145 68 40
145 69 53
145 70 46
145 71 49
145 72 53
145 73 60
145 74 34
145 75 48
145 76 46
145 77 52
145 78 46
145 79 65
145 80 44
145 81 53
145 82 44
145 83 45
145 84 57
145 85 52
145 86 56
145 87 52
145 88 47
145 89 48
145 90 46
145 91 44
145 92 51
145 93 52
145 94 55
145 95 47
145 96 64
145 97 61
145 98 40
145 99 42
145 100 51
145 101 56
145 102 55
145 103 48
145 104 32
145 105 50
145 106 48
145 107 53
145 108 46
145 109 43
145 110 47
145 111 38
145 112 55
145 113 52
145 114 53
145 115 34
145 116 48
145 117 42
145 118 51
145 119 53
145 120 44
145 121 42
145 122 40
145 123 48
145 124 51
145 125 34
145 126 50
145 127 39
145 128 56
145 129 48
145 130 57
145 131 50
145 132 56
145 133 58
145 134 48
145 135 45
145 136 69
145 137 45
145 138 50
145 139 51
145 140 49
145 141 45
145 142 43
145 143 40
145 144 43
145 145 53
145 146 48
145 147 55
145 148 55
145 149 52
146 0 47
146 1 39
146 2 54
146 3 53
146 4 53
146 5 59
146 6 47
146 7 44
146 8 44
146 9 54
146 10 53
146 11 45
146 12 56
146 13 51
146 14 52
146 15 52
146 16 51
146 17 52
146 18 37
146 19 34
146 20 55
146 21 39
146 22 44
146 23 53
146 24 47
146 25 42
146 26 47
146 27 44
146 28 51
146 29 35
146 30 44
146 31 52
146 32 51
146 33 62
146 34 50
146 35 43
146 36 53
146 37 52
146 38 54
146 39 40
146 40 45
146 41 38
146 42 47
146 43 42
146 44 49
146 45 46
146 46 43
146 47 30
146 48 50
146 49 51
146 50 52
146 51 46
146 52 38
146 53 33
146 54 38
146 55 48
146 56 48
146 57 70
146 58 47
146 59 55
146 60 41
146 61 49
146 62 43
146 63 46
146 64 50
146 65 29
146 66 41
146 67 38
146 68 64
146 69 43
146 70 54
146 71 45
146 72 47
146 73 49
146 74 44
146 75 49
146 76 50
146 77 42
146 78 51
146 79 37
146 80 49
146 81 48
146 82 51
146 83 48
146 84 36
146 85 46
146 86 53
146 87 55
146 88 45
146 89 44
146 90 37
146 91 53
146 92 52
146 93 48
146 94 35
146 95 50
146 96 48
146 97 57
146 98 46
146 99 61
146 100 49
146 101 34
146 102 57
146 103 44
146 104 58
146 105 49
146 106 59
146 107 45
146 108 55
146 109 48
146 110 52
146 111 44
146 112 41
146 113 52
146 114 44
146 115 50
146 116 48
146 117 48
146 118 52
146 119 54
146 120 38
146 121 44
146 122 50
146 123 54
146 124 41
146 125 46
146 126 46
146 127 57
146 128 51
146 129 54
146 130 46
146 131 44
146 132 49
146 133 56
146 134 51
146 135 53
146 136 44
146 137 53
146 138 59
146 139 65
146 140 49
146 141 44
146 142 50
146 143 49
146 144 58
146 145 57
146 146 42
146 147 38
146 148 36
146 149 52
147 0 49
147 1 39
147 2 43
147 3 45
147 4 49
147 5 40
147 6 53
147 7 44
147 8 50
147 9 47
147 10 58
147 11 39
147 12 47
147 13 60
147 14 45
147 15 51
147 16 49
147 17 50
147 18 35
147 19 47
147 20 33
147 21 44
147 22 48
147 23 47
147 24 51
147 25 48
147 26 40
147 27 53
147 28 55
147 29 42
147 30 50
147 31 49
147 32 39
147 33 56
147 34 43
147 35 47
147 36 46
147 37 39
147 38 61
147 39 51
147 40 50
147 41 51
147 42 44
147 43 42
147 44 53
147 45 49
147 46 45
147 47 47
147 48 42
147 49 52
147 50 45
147 51 56
147 52 42
147 53 42
147 54 59
147 55 60
147 56 52
147 57 47
147 58 44
147 59 53
147 60 52
147 61 49
147 62 44
147 63 58
147 64 57
147 65 45
147 66 34
147 67 41
147 68 42
147 69 49
147 70 58
147 71 41
147 72 53
147 73 45
147 74 48
147 75 46
147 76 54
147 77 44
147 78 41
147 79 46
147 80 58
147 81 53
147 82 45
147 83 48
147 84 61
147 85 56
147 86 42
147 87 67
147 88 59
147 89 50
147 90 40
147 91 48
147 92 52
147 93 43
147 94 48
147 95 37
147 96 40
147 97 46
147 98 57
147 99 44
147 100 53
147 101 31
147 102 70
147 103 57
147 104 56
147 105 52
147 106 32
147 107 43
147 108 54
147 109 45
147 110 47
147 111 37
147 112 41
147 113 56
147 114 50
147 115 53
147 116 38
147 117 47
147 118 52
147 119 48
147 120 46
147 121 56
147 122 54
147 123 42
147 124 44
147 125 48
147 126 43
147 127 52
147 128 48
147 129 47
147 130 52
147 131 46
147 132 50
147 133 51
147 134 46
147 135 52
147 136 46
147 137 48
147 138 51
147 139 52
147 140 57
147 141 55
147 142 64
147 143 41
147 144 50
147 145 52
147 146 51
147 147 57
147 148 49
147 149 48
148 0 54
148 1 52
148 2 44
148 3 49
148 4 56
148 5 38
148 6 53
148 7 57
148 8 44
148 9 54
148 10 58
148 11 46
148 12 56
148 13 51
148 14 41
148 15 59
148 16 37
148 17 46
148 18 50
148 19 52
148 20 44
148 21 56
148 22 58
148 23 41
148 24 42
148 25 45
148 26 53
148 27 48
148 28 54
148 29 50
148 30 46
148 31 43
148 32 40
148 33 56
148 34 47
148 35 51
148 36 42
148 37 37
148 38 50
148 39 34
148 40 49
148 41 33
148 42 54
148 43 36
148 44 43
148 45 45
148 46 42
148 47 40
148 48 45
148 49 41
148 50 48
148 51 36
148 52 39
148 53 52
148 54 55
148 55 47
148 56 59
148 57 40
148 58 54
148 59 42
148 60 46
148 61 44
148 62 48
148 63 42
148 64 44
148 65 42
148 66 51
148 67 47
148 68 53
148 69 46
148 70 54
148 71 50
148 72 36
148 73 49
148 74 49
148 75 52
148 76 54
148 77 53
148 78 47
148 79 43
148 80 47
148 81 51
148 82 47
148 83 52
148 84 62
148 85 55
148 86 52
148 87 58
148 88 45
148 89 57
148 90 49
148 91 49
148 92 42
148 93 54
148 94 46
148 95 41
148 96 44
148 97 51
148 98 49
148 99 61
148 100 54
148 101 53
148 102 64
148 103 57
148 104 55
148 105 49
148 106 52
148 107 36
148 108 49
148 109 50
148 110 53
148 111 50
148 112 41
148 113 44
148 114 50
148 115 41
148 116 50
148 117 38
148 118 44
148 119 45
148 120 53
148 121 54
148 122 46
148 123 48
148 124 57
148 125 57
148 126 31
148 127 59
148 128 54
148 129 51
148 130 53
148 131 55
148 132 48
148 133 44
148 134 54
148 135 61
148 136 52
148 137 57
148 138 53
148 139 38
148 140 52
148 141 42
148 142 50
148 143 47
148 144 59
148 145 56
148 146 40
148 147 45
148 148 62
148 149 48
149 0 52
149 1 56
149 2 50
149 3 56
149 4 44
149 5 62
149 6 54
149 7 38
149 8 48
149 9 43
149 10 51
149 11 55
149 12 57
149 13 48
149 14 38
149 15 59
149 16 60
149 17 47
149 18 45
149 19 39
149 20 58
149 21 58
149 22 42
149 23 45
149 24 60
149 25 50
149 26 40
149 27 45
149 28 45
149 29 45
149 30 56
149 31 51
149 32 36
149 33 45
149 34 57
149 35 50
149 36 44
149 37 61
149 38 46
149 39 53
149 40 58
149 41 46
149 42 52
149 43 46
149 44 53
149 45 45
149 46 41
149 47 51
149 48 54
149 49 44
149 50 50
149 51 40
149 52 42
149 53 48
149 54 34
149 55 47
149 56 61
149 57 38
149 58 42
149 59 61
149 60 54
149 61 46
149 62 54
149 63 36
149 64 57
149 65 40
149 66 45
149 67 49
149 68 41
149 69 52
149 70 45
149 71 46
149 72 61
149 73 51
149 74 51
149 75 55
149 76 26
149 77 55
149 78 48
149 79 45
149 80 44
149 81 49
149 82 53
149 83 44
149 84 51
149 85 46
149 86 42
149 87 44
149 88 55
149 89 52
149 90 53
149 91 48
149 92 52
149 93 47
149 94 50
149 95 48
149 96 59
149 97 56
149 98 49
149 99 50
149 100 55
149 101 53
149 102 45
149 103 46
149 104 33
149 105 61
149 106 42
149 107 45
149 108 53
149 109 57
149 110 47
149 111 51
149 112 31
149 113 55
149 114 47
149 115 51
149 116 48
149 117 50
149 118 54
149 119 60
149 120 52
149 121 51
149 122 48
149 123 63
149 124 50
149 125 44
149 126 56
149 127 49
149 128 40
149 129 48
149 130 53
149 131 61
149 132 57
149 133 46
149 134 54
149 135 44
149 136 51
149 137 48
149 138 59
149 139 43
149 140 41
149 141 62
149 142 52
149 143 54
149 144 45
149 145 51
149 146 44
149 147 50
149 148 53
149 149 52
