0 0 45
0 1 41
0 2 46
0 3 55
0 4 45
0 5 48
0 6 41
0 7 47
0 8 66
0 9 48
0 10 44
0 11 47
0 12 52
0 13 57
0 14 42
0 15 37
0 16 56
0 17 45
0 18 41
0 19 47
0 20 48
0 21 39
0 22 51
0 23 45
0 24 51
0 25 53
0 26 58
0 27 59
0 28 45
0 29 52
0 30 37
0 31 45
0 32 43
0 33 52
0 34 53
0 35 51
0 36 66
0 37 52
0 38 44
0 39 53
0 40 41
0 41 51
0 42 54
0 43 40
0 44 48
0 45 52
0 46 51
0 47 50
0 48 51
0 49 58
0 50 59
0 51 47
0 52 52
0 53 51
0 54 51
0 55 51
0 56 30
0 57 38
0 58 55
0 59 41
0 60 46
0 61 54
0 62 63
0 63 45
0 64 45
0 65 42
0 66 57
0 67 45
0 68 63
0 69 52
0 70 51
0 71 56
0 72 46
0 73 37
0 74 50
0 75 54
0 76 47
0 77 45
0 78 54
0 79 49
0 80 45
0 81 51
0 82 41
0 83 58
0 84 39
0 85 45
0 86 48
0 87 43
0 88 53
0 89 47
0 90 47
0 91 52
0 92 37
0 93 45
0 94 49
0 95 57
0 96 57
0 97 44
0 98 43
0 99 54
0 100 51
0 101 53
0 102 44
0 103 47
0 104 48
0 105 48
0 106 37
0 107 42
0 108 45
0 109 49
0 110 43
0 111 55
0 112 45
0 113 50
0 114 46
0 115 45
0 116 59
0 117 51
0 118 45
0 119 59
0 120 48
0 121 52
0 122 55
0 123 52
0 124 46
0 125 54
0 126 42
0 127 49
0 128 38
0 129 53
0 130 44
0 131 43
0 132 40
0 133 58
0 134 48
0 135 55
0 136 42
0 137 62
0 138 42
0 139 58
0 140 49
0 141 52
0 142 57
0 143 42
0 144 63
0 145 51
0 146 58
0 147 44
0 148 47
0 149 47
1 0 57
1 1 49
1 2 44
1 3 50
1 4 44
1 5 44
1 6 59
1 7 51
1 8 36
1 9 49
1 10 42
1 11 48
1 12 44
1 13 50
1 14 45
1 15 43
1 16 61
1 17 47
1 18 41
1 19 50
1 20 42
1 21 36
1 22 47
1 23 53
1 24 51
1 25 48
1 26 50
1 27 45
1 28 48
1 29 46
1 30 52
1 31 59
1 32 44
1 33 55
1 34 45
1 35 53
1 36 53
1 37 45
1 38 59
1 39 46
1 40 56
1 41 38
1 42 40
1 43 55
1 44 46
1 45 58
1 46 51
1 47 50
1 48 45
1 49 52
1 50 53
1 51 58
1 52 51
1 53 49
1 54 53
1 55 42
1 56 64
1 57 44
1 58 49
1 59 57
1 60 58
1 61 55
1 62 50
1 63 55
1 64 54
1 65 62
1 66 40
1 67 44
1 68 54
1 69 48
1 70 45
1 71 44
1 72 49
1 73 48
1 74 61
1 75 52
1 76 39
1 77 57
1 78 53
1 79 62
1 80 58
1 81 46
1 82 43
1 83 37
1 84 55
1 85 56
1 86 49
1 87 46
1 88 38
1 89 38
1 90 55
1 91 61
1 92 50
1 93 33
1 94 57
1 95 48
1 96 52
1 97 44
1 98 45
1 99 43
1 100 53
1 101 47
1 102 53
1 103 43
1 104 59
1 105 48
1 106 35
1 107 55
1 108 39
1 109 45
1 110 49
1 111 59
1 112 39
1 113 35
1 114 57
1 115 51
1 116 56
1 117 52
1 118 36
1 119 63
1 120 48
1 121 42
1 122 48
1 123 57
1 124 45
1 125 49
1 126 41
1 127 52
1 128 44
1 129 55
1 130 49
1 131 52
1 132 55
1 133 50
1 134 49
1 135 45
1 136 50
1 137 55
1 138 41
1 139 41
1 140 56
1 141 48
1 142 47
1 143 49
1 144 55
1 145 44
1 146 47
1 147 41
1 148 57
1 149 48
2 0 50
2 1 62
2 2 43
2 3 55
2 4 62
2 5 50
2 6 61
2 7 49
2 8 50
2 9 42
2 10 45
2 11 61
2 12 44
2 13 43
2 14 44
2 15 46
2 16 55
2 17 42
2 18 38
2 19 55
2 20 42
2 21 49
2 22 49
2 23 44
2 24 37
2 25 48
2 26 45
2 27 64
2 28 57
2 29 48
2 30 47
2 31 51
2 32 41
2 33 57
2 34 57
2 35 41
2 36 52
2 37 47
2 38 48
2 39 49
2 40 40
2 41 42
2 42 52
2 43 74
2 44 57
2 45 56
2 46 58
2 47 45
2 48 49
2 49 44
2 50 57
2 51 48
2 52 60
2 53 55
2 54 35
2 55 45
2 56 54
2 57 55
2 58 53
2 59 55
2 60 43
2 61 46
2 62 55
2 63 41
2 64 49
2 65 42
2 66 48
2 67 62
2 68 44
2 69 53
2 70 50
2 71 46
2 72 50
2 73 52
2 74 52
2 75 44
2 76 51
2 77 50
2 78 55
2 79 39
2 80 47
2 81 38
2 82 46
2 83 65
2 84 39
2 85 31
2 86 53
2 87 57
2 88 44
2 89 50
2 90 47
2 91 39
2 92 51
2 93 56
2 94 51
2 95 54
2 96 54
2 97 41
2 98 53
2 99 50
2 100 56
2 101 46
2 102 57
2 103 67
2 104 47
2 105 59
2 106 40
2 107 41
2 108 53
2 109 35
2 110 48
2 111 42
2 112 56
2 113 54
2 114 50
2 115 53
2 116 45
2 117 49
2 118 51
2 119 53
2 120 61
2 121 40
2 122 49
2 123 47
2 124 51
2 125 51
2 126 36
2 127 47
2 128 63
2 129 51
2 130 55
2 131 53
2 132 39
2 133 55
2 134 66
2 135 61
2 136 35
2 137 52
2 138 43
2 139 51
2 140 49
2 141 53
2 142 42
2 143 38
2 144 51
2 145 47
2 146 46
2 147 48
2 148 47
2 149 36
3 0 40
3 1 38
3 2 43
3 3 39
3 4 41
3 5 46
3 6 42
3 7 54
3 8 54
3 9 56
3 10 53
3 11 50
3 12 39
3 13 47
3 14 52
3 15 56
3 16 41
3 17 45
3 18 53
3 19 43
3 20 53
3 21 47
3 22 46
3 23 48
3 24 48
3 25 63
3 26 51
3 27 47
3 28 62
3 29 46
3 30 69
3 31 44
3 32 45
3 33 36
3 34 49
3 35 61
3 36 45
3 37 54
3 38 49
3 39 45
3 40 51
3 41 45
3 42 44
3 43 47
3 44 52
3 45 50
3 46 48
3 47 49
3 48 45
3 49 45
3 50 34
3 51 57
3 52 48
3 53 52
3 54 61
3 55 51
3 56 49
3 57 50
3 58 59
3 59 40
3 60 46
3 61 50
3 62 53
3 63 47
3 64 44
3 65 46
3 66 44
3 67 43
3 68 42
3 69 58
3 70 46
3 71 51
3 72 55
3 73 58
3 74 46
3 75 57
3 76 49
3 77 53
3 78 34
3 79 54
3 80 56
3 81 47
3 82 59
3 83 52
3 84 62
3 85 56
3 86 51
3 87 51
3 88 41
3 89 51
3 90 35
3 91 44
3 92 58
3 93 47
3 94 53
3 95 44
3 96 56
3 97 50
3 98 46
3 99 58
3 100 45
3 101 52
3 102 47
3 103 58
3 104 57
3 105 42
3 106 51
3 107 66
3 108 51
3 109 49
3 110 52
3 111 46
3 112 48
3 113 47
3 114 56
3 115 53
3 116 50
3 117 50
3 118 42
3 119 53
3 120 47
3 121 71
3 122 46
3 123 47
3 124 52
3 125 44
3 126 45
3 127 52
3 128 42
3 129 56
3 130 51
3 131 45
3 132 52
3 133 58
3 134 49
3 135 52
3 136 42
3 137 43
3 138 46
3 139 59
3 140 49
3 141 50
3 142 51
3 143 44
3 144 47
3 145 48
3 146 56
3 147 56
3 148 48
3 149 40
4 0 44
4 1 48
4 2 46
4 3 50
4 4 44
4 5 49
4 6 55
4 7 72
4 8 55
4 9 44
4 10 38
4 11 50
4 12 61
4 13 42
4 14 58
4 15 44
4 16 44
4 17 46
4 18 39
4 19 47
4 20 47
4 21 53
4 22 56
4 23 48
4 24 46
4 25 48
4 26 56
4 27 40
4 28 44
4 29 44
4 30 48
4 31 45
4 32 53
4 33 46
4 34 43
4 35 47
4 36 46
4 37 56
4 38 36
4 39 50
4 40 57
4 41 55
4 42 47
4 43 40
4 44 50
4 45 48
4 46 46
4 47 42
4 48 48
4 49 65
4 50 43
4 51 48
4 52 52
4 53 50
4 54 46
4 55 59
4 56 40
4 57 49
4 58 40
4 59 47
4 60 39
4 61 38
4 62 45
4 63 48
4 64 56
4 65 37
4 66 49
4 67 49
4 68 57
4 69 45
4 70 48
4 71 42
4 72 40
4 73 53
4 74 49
4 75 54
4 76 40
4 77 54
4 78 52
4 79 55
4 80 61
4 81 46
4 82 51
4 83 53
4 84 39
4 85 45
4 86 55
4 87 57
4 88 50
4 89 47
4 90 39
4 91 45
4 92 54
4 93 40
4 94 39
4 95 50
4 96 57
4 97 66
4 98 52
4 99 43
4 100 44
4 101 48
4 102 49
4 103 52
4 104 58
4 105 33
4 106 41
4 107 54
4 108 48
4 109 55
4 110 50
4 111 49
4 112 27
4 113 42
4 114 46
4 115 46
4 116 40
4 117 47
4 118 52
4 119 44
4 120 61
4 121 45
4 122 55
4 123 51
4 124 49
4 125 46
4 126 58
4 127 41
4 128 56
4 129 39
4 130 57
4 131 49
4 132 44
4 133 56
4 134 52
4 135 35
4 136 42
4 137 48
4 138 52
4 139 37
4 140 45
4 141 50
4 142 43
4 143 53
4 144 56
4 145 40
4 146 51
4 147 48
4 148 39
4 149 54
5 0 50
5 1 56
5 2 49
5 3 50
5 4 54
5 5 50
5 6 52
5 7 32
5 8 38
5 9 57
5 10 52
5 11 45
5 12 42
5 13 45
5 14 41
5 15 44
5 16 49
5 17 56
5 18 52
5 19 41
5 20 40
5 21 59
5 22 53
5 23 46
5 24 47
5 25 52
5 26 41
5 27 48
5 28 41
5 29 45
5 30 55
5 31 55
5 32 48
5 33 46
5 34 54
5 35 54
5 36 56
5 37 52
5 38 44
5 39 46
5 40 54
5 41 43
5 42 53
5 43 56
5 44 43
5 45 49
5 46 67
5 47 50
5 48 52
5 49 54
5 50 52
5 51 45
5 52 37
5 53 45
5 54 43
5 55 50
5 56 48
5 57 53
5 58 55
5 59 38
5 60 44
5 61 35
5 62 40
5 63 46
5 64 50
5 65 52
5 66 62
5 67 60
5 68 41
5 69 51
5 70 55
5 71 38
5 72 39
5 73 50
5 74 48
5 75 52
5 76 44
5 77 47
5 78 46
5 79 47
5 80 56
5 81 33
5 82 53
5 83 40
5 84 57
5 85 42
5 86 50
5 87 56
5 88 58
5 89 47
5 90 45
5 91 54
5 92 49
5 93 48
5 94 47
5 95 52
5 96 47
5 97 46
5 98 48
5 99 47
5 100 53
5 101 48
5 102 44
5 103 47
5 104 58
5 105 42
5 106 52
5 107 46
5 108 53
5 109 51
5 110 54
5 111 46
5 112 49
5 113 44
5 114 54
5 115 62
5 116 45
5 117 57
5 118 48
5 119 43
5 120 49
5 121 39
5 122 49
5 123 43
5 124 49
5 125 58
5 126 50
5 127 49
5 128 36
5 129 61
5 130 48
5 131 40
5 132 43
5 133 54
5 134 49
5 135 51
5 136 62
5 137 58
5 138 37
5 139 50
5 140 49
5 141 48
5 142 45
5 143 49
5 144 35
5 145 54
5 146 51
5 147 53
5 148 56
5 149 48
6 0 45
6 1 51
6 2 40
6 3 48
6 4 58
6 5 47
6 6 40
6 7 41
6 8 52
6 9 37
6 10 49
6 11 39
6 12 57
6 13 58
6 14 71
6 15 43
6 16 49
6 17 51
6 18 48
6 19 43
6 20 52
6 21 45
6 22 42
6 23 50
6 24 50
6 25 53
6 26 42
6 27 59
6 28 43
6 29 62
6 30 47
6 31 43
6 32 49
6 33 56
6 34 38
6 35 41
6 36 42
6 37 45
6 38 43
6 39 39
6 40 62
6 41 56
6 42 46
6 43 45
6 44 51
6 45 55
6 46 47
6 47 51
6 48 47
6 49 50
6 50 43
6 51 48
6 52 57
6 53 49
6 54 56
6 55 57
6 56 62
6 57 54
6 58 50
6 59 47
6 60 56
6 61 55
6 62 54
6 63 45
6 64 47
6 65 56
6 66 58
6 67 35
6 68 41
6 69 47
6 70 53
6 71 52
6 72 55
6 73 51
6 74 48
6 75 50
6 76 56
6 77 54
6 78 57
6 79 45
6 80 48
6 81 41
6 82 55
6 83 50
6 84 49
6 85 52
6 86 57
6 87 46
6 88 44
6 89 47
6 90 53
6 91 50
6 92 43
6 93 48
6 94 50
6 95 37
6 96 48
6 97 46
6 98 62
6 99 44
6 100 66
6 101 53
6 102 49
6 103 47
6 104 54
6 105 45
6 106 49
6 107 38
6 108 58
6 109 54
6 110 55
6 111 51
6 112 52
6 113 58
6 114 49
6 115 38
6 116 51
6 117 52
6 118 55
6 119 47
6 120 45
6 121 47
6 122 49
6 123 64
6 124 51
6 125 47
6 126 50
6 127 48
6 128 52
6 129 50
6 130 41
6 131 55
6 132 45
6 133 40
6 134 46
6 135 49
6 136 38
6 137 41
6 138 52
6 139 63
6 140 52
6 141 40
6 142 52
6 143 33
6 144 49
6 145 64
6 146 51
6 147 56
6 148 48
6 149 56
7 0 57
7 1 53
7 2 52
7 3 43
7 4 43
7 5 47
7 6 55
7 7 56
7 8 41
7 9 48
7 10 40
7 11 38
7 12 45
7 13 54
7 14 57
7 15 49
7 16 45
7 17 49
7 18 42
7 19 58
7 20 50
7 21 55
7 22 45
7 23 43
7 24 50
7 25 51
7 26 51
7 27 64
7 28 41
7 29 54
7 30 40
7 31 56
7 32 59
7 33 54
7 34 37
7 35 56
7 36 48
7 37 51
7 38 43
7 39 51
7 40 48
7 41 44
7 42 35
7 43 41
7 44 51
7 45 58
7 46 56
7 47 40
7 48 45
7 49 46
7 50 37
7 51 44
7 52 56
7 53 43
7 54 41
7 55 52
7 56 63
7 57 44
7 58 54
7 59 42
7 60 51
7 61 44
7 62 45
7 63 50
7 64 50
7 65 43
7 66 47
7 67 50
7 68 47
7 69 42
7 70 49
7 71 63
7 72 43
7 73 53
7 74 58
7 75 54
7 76 44
7 77 44
7 78 53
7 79 63
7 80 43
7 81 44
7 82 50
7 83 52
7 84 36
7 85 44
7 86 44
7 87 63
7 88 42
7 89 47
7 90 49
7 91 48
7 92 43
7 93 44
7 94 49
7 95 44
7 96 41
7 97 58
7 98 43
7 99 46
7 100 42
7 101 51
7 102 61
7 103 51
7 104 53
7 105 58
7 106 47
7 107 39
7 108 51
7 109 52
7 110 51
7 111 54
7 112 49
7 113 44
7 114 41
7 115 48
7 116 42
7 117 42
7 118 48
7 119 52
7 120 47
7 121 51
7 122 55
7 123 46
7 124 45
7 125 42
7 126 49
7 127 36
7 128 41
7 129 52
7 130 64
7 131 46
7 132 52
7 133 46
7 134 56
7 135 44
7 136 49
7 137 55
7 138 54
7 139 43
7 140 62
7 141 48
7 142 55
7 143 44
7 144 55
7 145 52
7 146 53
7 147 69
7 148 54
7 149 50
8 0 49
8 1 41
8 2 53
8 3 43
8 4 56
8 5 56
8 6 48
8 7 42
8 8 53
8 9 46
8 10 39
8 11 57
8 12 39
8 13 49
8 14 43
8 15 33
8 16 31
8 17 46
8 18 57
8 19 47
8 20 46
8 21 53
8 22 44
8 23 49
8 24 60
8 25 42
8 26 47
8 27 38
8 28 63
8 29 40
8 30 40
8 31 33
8 32 33
8 33 55
8 34 45
8 35 47
8 36 50
8 37 55
8 38 68
8 39 35
8 40 59
8 41 58
8 42 50
8 43 47
8 44 53
8 45 49
8 46 51
8 47 48
8 48 55
8 49 46
8 50 49
8 51 47
8 52 50
8 53 50
8 54 52
8 55 45
8 56 50
8 57 43
8 58 54
8 59 53
8 60 36
8 61 36
8 62 47
8 63 36
8 64 52
8 65 49
8 66 48
8 67 49
8 68 64
8 69 46
8 70 57
8 71 49
8 72 47
8 73 50
8 74 36
8 75 55
8 76 43
8 77 62
8 78 41
8 79 49
8 80 53
8 81 43
8 82 58
8 83 50
8 84 38
8 85 55
8 86 44
8 87 60
8 88 50
8 89 59
8 90 51
8 91 47
8 92 61
8 93 55
8 94 38
8 95 50
8 96 39
8 97 52
8 98 55
8 99 42
8 100 39
8 101 47
8 102 38
8 103 58
8 104 45
8 105 58
8 106 55
8 107 59
8 108 37
8 109 50
8 110 57
8 111 50
8 112 45
8 113 41
8 114 55
8 115 48
8 116 43
8 117 58
8 118 33
8 119 58
8 120 46
8 121 66
8 122 61
8 123 63
8 124 41
8 125 61
8 126 52
8 127 45
8 128 49
8 129 49
8 130 54
8 131 55
8 132 37
8 133 33
8 134 44
8 135 51
8 136 53
8 137 49
8 138 56
8 139 52
8 140 49
8 141 45
8 142 49
8 143 42
8 144 53
8 145 51
8 146 67
8 147 48
8 148 48
8 149 53
9 0 53
9 1 50
9 2 50
9 3 36
9 4 40
9 5 43
9 6 40
9 7 40
9 8 53
9 9 50
9 10 49
9 11 53
9 12 64
9 13 55
9 14 36
9 15 50
9 16 57
9 17 55
9 18 50
9 19 56
9 20 52
9 21 49
9 22 46
9 23 44
9 24 43
9 25 54
9 26 58
9 27 47
9 28 48
9 29 51
9 30 51
9 31 57
9 32 48
9 33 68
9 34 45
9 35 56
9 36 41
9 37 43
9 38 38
9 39 50
9 40 62
9 41 42
9 42 42
9 43 52
9 44 55
9 45 42
9 46 62
9 47 40
9 48 40
9 49 47
9 50 46
9 51 47
9 52 49
9 53 43
9 54 41
9 55 49
9 56 56
9 57 54
9 58 39
9 59 51
9 60 54
9 61 56
9 62 45
9 63 56
9 64 47
9 65 36
9 66 54
9 67 45
9 68 47
9 69 40
9 70 56
9 71 59
9 72 49
9 73 51
9 74 41
9 75 49
9 76 43
9 77 53
9 78 54
9 79 43
9 80 41
9 81 56
9 82 55
9 83 53
9 84 42
9 85 43
9 86 48
9 87 44
9 88 48
9 89 51
9 90 51
9 91 47
9 92 44
9 93 49
9 94 61
9 95 41
9 96 47
9 97 49
9 98 44
9 99 49
9 100 46
9 101 45
9 102 38
9 103 39
9 104 41
9 105 47
9 106 42
9 107 47
9 108 54
9 109 49
9 110 49
9 111 45
9 112 47
9 113 50
9 114 53
9 115 61
9 116 48
9 117 49
9 118 50
9 119 50
9 120 47
9 121 50
9 122 55
9 123 56
9 124 45
9 125 50
9 126 53
9 127 47
9 128 47
9 129 42
9 130 38
9 131 51
9 132 58
9 133 47
9 134 60
9 135 45
9 136 50
9 137 57
9 138 53
9 139 64
9 140 54
9 141 54
9 142 47
9 143 65
9 144 34
9 145 46
9 146 50
9 147 52
9 148 42
9 149 48
10 0 38
10 1 42
10 2 46
10 3 48
10 4 44
10 5 45
10 6 50
10 7 38
10 8 42
10 9 49
10 10 50
10 11 58
10 12 45
10 13 56
10 14 44
10 15 57
10 16 44
10 17 56
10 18 58
10 19 51
10 20 33
10 21 55
10 22 54
10 23 54
10 24 55
10 25 51
10 26 59
10 27 51
10 28 61
10 29 63
10 30 55
10 31 42
10 32 57
10 33 44
10 34 46
10 35 37
10 36 45
10 37 48
10 38 47
10 39 53
10 40 44
10 41 52
10 42 41
10 43 51
10 44 33
10 45 54
10 46 44
10 47 50
10 48 54
10 49 61
10 50 54
10 51 39
10 52 57
10 53 47
10 54 44
10 55 46
10 56 48
10 57 43
10 58 51
10 59 49
10 60 46
10 61 45
10 62 36
10 63 41
10 64 50
10 65 42
10 66 49
10 67 49
10 68 62
10 69 49
10 70 43
10 71 50
10 72 61
10 73 58
10 74 49
10 75 54
10 76 47
10 77 54
10 78 53
10 79 55
10 80 66
10 81 54
10 82 51
10 83 61
10 84 64
10 85 53
10 86 50
10 87 59
10 88 40
10 89 45
10 90 54
10 91 47
10 92 51
10 93 54
10 94 56
10 95 49
10 96 52
10 97 59
10 98 50
10 99 42
10 100 45
10 101 38
10 102 43
10 103 57
10 104 63
10 105 54
10 106 48
10 107 51
10 108 35
10 109 41
10 110 53
10 111 58
10 112 43
10 113 54
10 114 50
10 115 49
10 116 47
10 117 52
10 118 55
10 119 60
10 120 55
10 121 48
10 122 49
10 123 52
10 124 52
10 125 41
10 126 47
10 127 48
10 128 51
10 129 51
10 130 42
10 131 45
10 132 38
10 133 49
10 134 51
10 135 61
10 136 55
10 137 52
10 138 58
10 139 50
10 140 54
10 141 51
10 142 61
10 143 49
10 144 42
10 145 46
10 146 53
10 147 51
10 148 49
10 149 49
11 0 49
11 1 47
11 2 44
11 3 45
11 4 45
11 5 34
11 6 40
11 7 41
11 8 54
11 9 65
11 10 58
11 11 51
11 12 50
11 13 54
11 14 56
11 15 46
11 16 48
11 17 63
11 18 62
11 19 48
11 20 55
11 21 51
11 22 43
11 23 44
11 24 49
11 25 55
11 26 49
11 27 42
11 28 51
11 29 52
11 30 36
11 31 55
11 32 51
11 33 48
11 34 49
11 35 54
11 36 63
11 37 46
11 38 49
11 39 56
11 40 58
11 41 38
11 42 47
11 43 44
11 44 45
11 45 51
11 46 55
11 47 50
11 48 54
11 49 51
11 50 48
11 51 69
11 52 45
11 53 33
11 54 42
11 55 47
11 56 49
11 57 54
11 58 36
11 59 57
11 60 61
11 61 37
11 62 52
11 63 54
11 64 34
11 65 51
11 66 56
11 67 49
11 68 43
11 69 48
11 70 48
11 71 57
11 72 51
11 73 37
11 74 56
11 75 57
11 76 45
11 77 55
11 78 45
11 79 54
11 80 45
11 81 48
11 82 44
11 83 39
11 84 47
11 85 53
11 86 57
11 87 55
11 88 37
11 89 38
11 90 55
11 91 63
11 92 54
11 93 47
11 94 56
11 95 44
11 96 56
11 97 46
11 98 61
11 99 52
11 100 55
11 101 48
11 102 55
11 103 48
11 104 47
11 105 53
11 106 36
11 107 40
11 108 62
11 109 43
11 110 51
11 111 45
11 112 52
11 113 45
11 114 39
11 115 43
11 116 44
11 117 46
11 118 48
11 119 41
11 120 41
11 121 55
11 122 48
11 123 54
11 124 53
11 125 52
11 126 58
11 127 41
11 128 57
11 129 55
11 130 52
11 131 48
11 132 49
11 133 53
11 134 49
11 135 43
11 136 50
11 137 49
11 138 51
11 139 57
11 140 43
11 141 47
11 142 51
11 143 45
11 144 58
11 145 49
11 146 45
11 147 43
11 148 52
11 149 50
12 0 59
12 1 47
12 2 52
12 3 52
12 4 54
12 5 52
12 6 55
12 7 50
12 8 48
12 9 47
12 10 46
12 11 51
12 12 37
12 13 47
12 14 66
12 15 36
12 16 59
12 17 49
12 18 51
12 19 46
12 20 39
12 21 52
12 22 40
12 23 41
12 24 38
12 25 55
12 26 50
12 27 50
12 28 44
12 29 50
12 30 45
12 31 51
12 32 44
12 33 45
12 34 38
12 35 51
12 36 44
12 37 58
12 38 47
12 39 49
12 40 38
12 41 38
12 42 46
12 43 59
12 44 53
12 45 41
12 46 47
12 47 49
12 48 54
12 49 47
12 50 46
12 51 52
12 52 48
12 53 61
12 54 51
12 55 53
12 56 60
12 57 38
12 58 48
12 59 58
12 60 33
12 61 59
12 62 45
12 63 49
12 64 37
12 65 57
12 66 58
12 67 45
12 68 42
12 69 43
12 70 57
12 71 47
12 72 37
12 73 55
12 74 50
12 75 54
12 76 59
12 77 51
12 78 49
12 79 46
12 80 42
12 81 39
12 82 37
12 83 47
12 84 48
12 85 61
12 86 42
12 87 42
12 88 53
12 89 50
12 90 55
12 91 49
12 92 52
12 93 42
12 94 49
12 95 54
12 96 61
12 97 39
12 98 44
12 99 40
12 100 52
12 101 52
12 102 52
12 103 49
12 104 51
12 105 66
12 106 36
12 107 51
12 108 49
12 109 59
12 110 52
12 111 39
12 112 56
12 113 41
12 114 59
12 115 49
12 116 56
12 117 43
12 118 38
12 119 48
12 120 47
12 121 50
12 122 52
12 123 43
12 124 44
12 125 52
12 126 47
12 127 40
12 128 43
12 129 45
12 130 60
12 131 45
12 132 43
12 133 52
12 134 52
12 135 53
12 136 46
12 137 48
12 138 44
12 139 48
12 140 51
12 141 44
12 142 40
12 143 58
12 144 53
12 145 52
12 146 41
12 147 55
12 148 50
12 149 53
13 0 55
13 1 52
13 2 51
13 3 33
13 4 57
13 5 44
13 6 68
13 7 38
13 8 51
13 9 40
13 10 47
13 11 49
13 12 39
13 13 47
13 14 57
13 15 46
13 16 66
13 17 50
13 18 39
13 19 47
13 20 54
13 21 38
13 22 48
13 23 41
13 24 40
13 25 56
13 26 56
13 27 44
13 28 46
13 29 37
13 30 60
13 31 45
13 32 60
13 33 62
13 34 55
13 35 35
13 36 59
13 37 44
13 38 46
13 39 50
13 40 47
13 41 63
13 42 42
13 43 49
13 44 49
13 45 57
13 46 60
13 47 46
13 48 57
13 49 39
13 50 45
13 51 46
13 52 55
13 53 53
13 54 49
13 55 51
13 56 44
13 57 57
13 58 41
13 59 42
13 60 41
13 61 46
13 62 53
13 63 42
13 64 45
13 65 51
13 66 41
13 67 53
13 68 50
13 69 51
13 70 54
13 71 55
13 72 48
13 73 42
13 74 55
13 75 54
13 76 60
13 77 43
13 78 55
13 79 42
13 80 54
13 81 53
13 82 54
13 83 57
13 84 38
13 85 52
13 86 50
13 87 36
13 88 43
13 89 42
13 90 45
13 91 52
13 92 51
13 93 51
13 94 50
13 95 45
13 96 48
13 97 54
13 98 55
13 99 49
13 100 48
13 101 39
13 102 59
13 103 45
13 104 55
13 105 48
13 106 55
13 107 44
13 108 48
13 109 54
13 110 45
13 111 54
13 112 60
13 113 42
13 114 48
13 115 52
13 116 45
13 117 58
13 118 40
13 119 51
13 120 56
13 121 52
13 122 44
13 123 41
13 124 40
13 125 53
13 126 43
13 127 55
13 128 41
13 129 38
13 130 61
13 131 56
13 132 45
13 133 47
13 134 54
13 135 49
13 136 60
13 137 43
13 138 46
13 139 51
13 140 50
13 141 55
13 142 48
13 143 55
13 144 46
13 145 50
13 146 51
13 147 42
13 148 54
13 149 49
14 0 54
14 1 44
14 2 32
14 3 57
14 4 49
14 5 65
14 6 48
14 7 55
14 8 41
14 9 42
14 10 49
14 11 57
14 12 56
14 13 54
14 14 57
14 15 43
14 16 43
14 17 52
14 18 43
14 19 54
14 20 43
14 21 49
14 22 50
14 23 54
14 24 61
14 25 59
14 26 53
14 27 40
14 28 53
14 29 54
14 30 43
14 31 63
14 32 46
14 33 51
14 34 53
14 35 60
14 36 45
14 37 47
14 38 44
14 39 45
14 40 57
14 41 47
14 42 54
14 43 55
14 44 57
14 45 39
14 46 48
14 47 52
14 48 48
14 49 43
14 50 52
14 51 43
14 52 43
14 53 45
14 54 47
14 55 56
14 56 36
14 57 47
14 58 54
14 59 52
14 60 47
14 61 50
14 62 48
14 63 66
14 64 49
14 65 40
14 66 45
14 67 40
14 68 47
14 69 54
14 70 42
14 71 52
14 72 48
14 73 59
14 74 53
14 75 52
14 76 40
14 77 58
14 78 54
14 79 53
14 80 51
14 81 51
14 82 48
14 83 52
14 84 43
14 85 52
14 86 43
14 87 50
14 88 41
14 89 57
14 90 41
14 91 52
14 92 57
14 93 47
14 94 55
14 95 40
14 96 37
14 97 44
14 98 50
14 99 53
14 100 59
14 101 44
14 102 40
14 103 54
14 104 49
14 105 64
14 106 48
14 107 49
14 108 53
14 109 61
14 110 59
14 111 43
14 112 48
14 113 52
14 114 44
14 115 46
14 116 50
14 117 39
14 118 56
14 119 53
14 120 39
14 121 51
14 122 59
14 123 40
14 124 47
14 125 50
14 126 51
14 127 45
14 128 47
14 129 48
14 130 53
14 131 38
14 132 51
14 133 58
14 134 47
14 135 49
14 136 56
14 137 39
14 138 39
14 139 45
14 140 60
14 141 47
14 142 55
14 143 46
14 144 52
14 145 51
14 146 53
14 147 51
14 148 53
14 149 49
15 0 50
15 1 49
15 2 32
15 3 45
15 4 44
15 5 52
15 6 45
15 7 55
15 8 46
15 9 58
15 10 46
15 11 47
15 12 46
15 13 47
15 14 44
15 15 50
15 16 58
15 17 51
15 18 56
15 19 42
15 20 46
15 21 51
15 22 47
15 23 50
15 24 58
15 25 58
15 26 51
15 27 40
15 28 54
15 29 45
15 30 64
15 31 51
15 32 60
15 33 51
15 34 58
15 35 59
15 36 53
15 37 36
15 38 47
15 39 49
15 40 54
15 41 58
15 42 48
15 43 45
15 44 41
15 45 48
15 46 62
15 47 41
15 48 43
15 49 49
15 50 58
15 51 52
15 52 41
15 53 42
15 54 44
15 55 49
15 56 47
15 57 58
15 58 40
15 59 45
15 60 40
15 61 52
15 62 42
15 63 45
15 64 43
15 65 45
15 66 38
15 67 61
15 68 55
15 69 55
15 70 50
15 71 43
15 72 44
15 73 47
15 74 50
15 75 64
15 76 47
15 77 62
15 78 53
15 79 45
15 80 46
15 81 47
15 82 43
15 83 48
15 84 55
15 85 52
15 86 66
15 87 52
15 88 63
15 89 40
15 90 57
15 91 48
15 92 61
15 93 47
15 94 52
15 95 63
15 96 51
15 97 50
15 98 45
15 99 53
15 100 44
15 101 45
15 102 46
15 103 51
15 104 54
15 105 44
15 106 70
15 107 60
15 108 47
15 109 45
15 110 43
15 111 49
15 112 46
15 113 36
15 114 41
15 115 46
15 116 48
15 117 51
15 118 50
15 119 42
15 120 56
15 121 46
15 122 58
15 123 39
15 124 45
15 125 52
15 126 44
15 127 42
15 128 50
15 129 54
15 130 44
15 131 65
15 132 54
15 133 51
15 134 51
15 135 58
15 136 56
15 137 48
15 138 44
15 139 51
15 140 42
15 141 58
15 142 61
15 143 49
15 144 47
15 145 51
15 146 51
15 147 49
15 148 33
15 149 57
16 0 31
16 1 61
16 2 54
16 3 50
16 4 55
16 5 50
16 6 39
16 7 48
16 8 62
16 9 45
16 10 42
16 11 44
16 12 56
16 13 46
16 14 42
16 15 53
16 16 49
16 17 50
16 18 41
16 19 45
16 20 51
16 21 51
16 22 50
16 23 41
16 24 69
16 25 63
16 26 44
16 27 56
16 28 57
16 29 60
16 30 47
16 31 55
16 32 44
16 33 54
16 34 54
16 35 62
16 36 62
16 37 47
16 38 59
16 39 52
16 40 42
16 41 52
16 42 62
16 43 48
16 44 46
16 45 53
16 46 61
16 47 52
16 48 51
16 49 38
16 50 49
16 51 42
16 52 46
16 53 62
16 54 42
16 55 44
16 56 46
16 57 50
16 58 46
16 59 54
16 60 37
16 61 51
16 62 57
16 63 69
16 64 57
16 65 40
16 66 40
16 67 50
16 68 49
16 69 48
16 70 67
16 71 44
16 72 43
16 73 47
16 74 61
16 75 39
16 76 65
16 77 50
16 78 78
16 79 54
16 80 50
16 81 39
16 82 44
16 83 52
16 84 42
16 85 41
16 86 51
16 87 47
16 88 52
16 89 39
16 90 50
16 91 44
16 92 50
16 93 58
16 94 39
16 95 47
16 96 52
16 97 46
16 98 52
16 99 54
16 100 56
16 101 49
16 102 50
16 103 48
16 104 43
16 105 48
16 106 55
16 107 58
16 108 51
16 109 51
16 110 44
16 111 53
16 112 49
16 113 52
16 114 53
16 115 49
16 116 56
16 117 57
16 118 51
16 119 40
16 120 42
16 121 54
16 122 38
16 123 58
16 124 52
16 125 60
16 126 51
16 127 52
16 128 38
16 129 49
16 130 52
16 131 49
16 132 41
16 133 54
16 134 37
16 135 56
16 136 52
16 137 59
16 138 44
16 139 53
16 140 38
16 141 51
16 142 36
16 143 40
16 144 54
16 145 54
16 146 51
16 147 46
16 148 39
16 149 43
17 0 67
17 1 44
17 2 49
17 3 48
17 4 52
17 5 64
17 6 61
17 7 34
17 8 55
17 9 46
17 10 41
17 11 51
17 12 47
17 13 43
17 14 60
17 15 44
17 16 46
17 17 56
17 18 38
17 19 46
17 20 48
17 21 44
17 22 47
17 23 42
17 24 54
17 25 43
17 26 40
17 27 62
17 28 54
17 29 43
17 30 56
17 31 52
17 32 46
17 33 44
17 34 51
17 35 46
17 36 53
17 37 39
17 38 50
17 39 49
17 40 50
17 41 51
17 42 48
17 43 43
17 44 46
17 45 52
17 46 45
17 47 45
17 48 48
17 49 52
17 50 67
17 51 55
17 52 48
17 53 53
17 54 62
17 55 44
17 56 56
17 57 58
17 58 37
17 59 43
17 60 53
17 61 62
17 62 47
17 63 61
17 64 50
17 65 56
17 66 40
17 67 40
17 68 56
17 69 50
17 70 41
17 71 53
17 72 46
17 73 42
17 74 52
17 75 43
17 76 44
17 77 59
17 78 41
17 79 48
17 80 44
17 81 50
17 82 52
17 83 62
17 84 54
17 85 46
17 86 48
17 87 51
17 88 55
17 89 66
17 90 55
17 91 55
17 92 54
17 93 48
17 94 45
17 95 51
17 96 35
17 97 48
17 98 51
17 99 51
17 100 40
17 101 38
17 102 47
17 103 51
17 104 55
17 105 46
17 106 55
17 107 50
17 108 52
17 109 50
17 110 48
17 111 53
17 112 44
17 113 34
17 114 39
17 115 45
17 116 42
17 117 40
17 118 51
17 119 46
17 120 50
17 121 60
17 122 39
17 123 51
17 124 41
17 125 39
17 126 65
17 127 61
17 128 38
17 129 46
17 130 42
17 131 58
17 132 28
17 133 44
17 134 49
17 135 52
17 136 40
17 137 55
17 138 39
17 139 59
17 140 57
17 141 38
17 142 39
17 143 44
17 144 53
17 145 40
17 146 50
17 147 64
17 148 46
17 149 50
18 0 53
18 1 67
18 2 44
18 3 51
18 4 56
18 5 57
18 6 36
18 7 44
18 8 50
18 9 63
18 10 48
18 11 53
18 12 53
18 13 55
18 14 53
18 15 38
18 16 53
18 17 46
18 18 62
18 19 54
18 20 59
18 21 53
18 22 48
18 23 45
18 24 46
18 25 47
18 26 51
18 27 54
18 28 48
18 29 46
18 30 45
18 31 40
18 32 39
18 33 34
18 34 41
18 35 55
18 36 53
18 37 52
18 38 39
18 39 37
18 40 56
18 41 44
18 42 56
18 43 45
18 44 55
18 45 49
18 46 61
18 47 34
18 48 50
18 49 49
18 50 48
18 51 50
18 52 55
18 53 45
18 54 44
18 55 48
18 56 52
18 57 46
18 58 53
18 59 39
18 60 54
18 61 60
18 62 45
18 63 54
18 64 53
18 65 40
18 66 50
18 67 43
18 68 55
18 69 51
18 70 52
18 71 68
18 72 47
18 73 45
18 74 45
18 75 56
18 76 46
18 77 50
18 78 53
18 79 42
18 80 35
18 81 49
18 82 57
18 83 56
18 84 43
18 85 41
18 86 54
18 87 51
18 88 45
18 89 58
18 90 45
18 91 46
18 92 56
18 93 50
18 94 55
18 95 46
18 96 60
18 97 57
18 98 46
18 99 57
18 100 57
18 101 56
18 102 42
18 103 50
18 104 43
18 105 53
18 106 48
18 107 50
18 108 55
18 109 39
18 110 59
18 111 57
18 112 51
18 113 46
18 114 44
18 115 48
18 116 59
18 117 48
18 118 56
18 119 57
18 120 47
18 121 55
18 122 48
18 123 40
18 124 48
18 125 48
18 126 38
18 127 47
18 128 51
18 129 47
18 130 59
18 131 48
18 132 62
18 133 40
18 134 61
18 135 36
18 136 57
18 137 52
18 138 43
18 139 50
18 140 51
18 141 46
18 142 53
18 143 49
18 144 57
18 145 50
18 146 52
18 147 41
18 148 44
18 149 62
19 0 53
19 1 41
19 2 48
19 3 51
19 4 65
19 5 53
19 6 47
19 7 62
19 8 60
19 9 46
19 10 54
19 11 65
19 12 46
19 13 42
19 14 51
19 15 48
19 16 49
19 17 45
19 18 43
19 19 58
19 20 49
19 21 51
19 22 64
19 23 48
19 24 55
19 25 53
19 26 33
19 27 44
19 28 48
19 29 39
19 30 44
19 31 58
19 32 41
19 33 46
19 34 43
19 35 60
19 36 39
19 37 51
19 38 47
19 39 46
19 40 43
19 41 67
19 42 50
19 43 55
19 44 46
19 45 43
19 46 51
19 47 44
19 48 53
19 49 45
19 50 51
19 51 39
19 52 45
19 53 56
19 54 39
19 55 36
19 56 60
19 57 53
19 58 36
19 59 53
19 60 56
19 61 34
19 62 41
19 63 54
19 64 54
19 65 40
19 66 49
19 67 46
19 68 42
19 69 46
19 70 53
19 71 38
19 72 46
19 73 41
19 74 62
19 75 41
19 76 38
19 77 42
19 78 48
19 79 47
19 80 53
19 81 54
19 82 45
19 83 41
19 84 44
19 85 50
19 86 42
19 87 55
19 88 44
19 89 49
19 90 54
19 91 37
19 92 58
19 93 62
19 94 44
19 95 50
19 96 47
19 97 35
19 98 49
19 99 48
19 100 56
19 101 54
19 102 46
19 103 47
19 104 45
19 105 37
19 106 44
19 107 56
19 108 58
19 109 43
19 110 51
19 111 47
19 112 51
19 113 55
19 114 34
19 115 57
19 116 40
19 117 51
19 118 45
19 119 49
19 120 46
19 121 56
19 122 46
19 123 46
19 124 40
19 125 43
19 126 49
19 127 54
19 128 46
19 129 44
19 130 44
19 131 45
19 132 41
19 133 51
19 134 43
19 135 61
19 136 57
19 137 48
19 138 52
19 139 53
19 140 47
19 141 60
19 142 53
19 143 58
19 144 55
19 145 35
19 146 41
19 147 63
19 148 52
19 149 40
20 0 52
20 1 45
20 2 48
20 3 55
20 4 57
20 5 50
20 6 53
20 7 36
20 8 50
20 9 54
20 10 43
20 11 54
20 12 49
20 13 50
20 14 58
20 15 49
20 16 48
20 17 63
20 18 58
20 19 53
20 20 47
20 21 45
20 22 59
20 23 45
20 24 68
20 25 41
20 26 49
20 27 43
20 28 32
20 29 56
20 30 48
20 31 41
20 32 51
20 33 36
20 34 39
20 35 40
20 36 51
20 37 40
20 38 44
20 39 54
20 40 51
20 41 63
20 42 44
20 43 57
20 44 40
20 45 53
20 46 38
20 47 45
20 48 58
20 49 51
20 50 43
20 51 52
20 52 66
20 53 48
20 54 42
20 55 60
20 56 67
20 57 56
20 58 56
20 59 43
20 60 63
20 61 50
20 62 41
20 63 49
20 64 42
20 65 47
20 66 47
20 67 50
20 68 55
20 69 56
20 70 45
20 71 53
20 72 52
20 73 46
20 74 50
20 75 66
20 76 33
20 77 34
20 78 43
20 79 56
20 80 50
20 81 38
20 82 48
20 83 53
20 84 62
20 85 39
20 86 49
20 87 69
20 88 59
20 89 40
20 90 51
20 91 47
20 92 46
20 93 62
20 94 45
20 95 55
20 96 38
20 97 42
20 98 29
20 99 57
20 100 50
20 101 46
20 102 52
20 103 54
20 104 38
20 105 44
20 106 48
20 107 47
20 108 35
20 109 49
20 110 48
20 111 43
20 112 53
20 113 41
20 114 46
20 115 46
20 116 47
20 117 57
20 118 48
20 119 50
20 120 56
20 121 40
20 122 39
20 123 46
20 124 46
20 125 60
20 126 45
20 127 53
20 128 45
20 129 34
20 130 39
20 131 44
20 132 45
20 133 53
20 134 38
20 135 44
20 136 57
20 137 45
20 138 36
20 139 56
20 140 50
20 141 52
20 142 37
20 143 55
20 144 45
20 145 41
20 146 48
20 147 49
20 148 59
20 149 58
21 0 50
21 1 60
21 2 48
21 3 44
21 4 56
21 5 59
21 6 51
21 7 50
21 8 57
21 9 41
21 10 42
21 11 61
21 12 52
21 13 47
21 14 50
21 15 40
21 16 52
21 17 51
21 18 53
21 19 50
21 20 52
21 21 53
21 22 48
21 23 61
21 24 51
21 25 54
21 26 44
21 27 54
21 28 51
21 29 47
21 30 46
21 31 35
21 32 51
21 33 43
21 34 43
21 35 51
21 36 52
21 37 43
21 38 53
21 39 49
21 40 51
21 41 45
21 42 48
21 43 52
21 44 46
21 45 41
21 46 61
21 47 45
21 48 54
21 49 59
21 50 51
21 51 46
21 52 41
21 53 49
21 54 40
21 55 48
21 56 35
21 57 53
21 58 36
21 59 39
21 60 56
21 61 48
21 62 53
21 63 53
21 64 49
21 65 54
21 66 54
21 67 49
21 68 39
21 69 48
21 70 43
21 71 58
21 72 45
21 73 30
21 74 43
21 75 47
21 76 60
21 77 47
21 78 64
21 79 43
21 80 54
21 81 52
21 82 44
21 83 50
21 84 51
21 85 46
21 86 50
21 87 45
21 88 40
21 89 52
21 90 52
21 91 54
21 92 51
21 93 53
21 94 54
21 95 40
21 96 58
21 97 53
21 98 39
21 99 46
21 100 69
21 101 44
21 102 53
21 103 47
21 104 62
21 105 49
21 106 51
21 107 61
21 108 53
21 109 50
21 110 49
21 111 50
21 112 39
21 113 41
21 114 46
21 115 63
21 116 39
21 117 50
21 118 58
21 119 46
21 120 40
21 121 54
21 122 48
21 123 36
21 124 38
21 125 45
21 126 45
21 127 46
21 128 40
21 129 47
21 130 44
21 131 49
21 132 46
21 133 48
21 134 51
21 135 45
21 136 50
21 137 42
21 138 52
21 139 28
21 140 56
21 141 41
21 142 50
21 143 41
21 144 46
21 145 61
21 146 52
21 147 45
21 148 45
21 149 52
22 0 57
22 1 40
22 2 58
22 3 42
22 4 44
22 5 44
22 6 47
22 7 42
22 8 47
22 9 40
22 10 58
22 11 54
22 12 53
22 13 39
22 14 47
22 15 58
22 16 57
22 17 37
22 18 53
22 19 59
22 20 51
22 21 49
22 22 37
22 23 45
22 24 41
22 25 58
22 26 56
22 27 61
22 28 56
22 29 46
22 30 40
22 31 52
22 32 36
22 33 40
22 34 56
22 35 47
22 36 49
22 37 46
22 38 54
22 39 42
22 40 41
22 41 43
22 42 40
22 43 39
22 44 39
22 45 50
22 46 54
22 47 49
22 48 53
22 49 33
22 50 47
22 51 43
22 52 56
22 53 42
22 54 41
22 55 50
22 56 56
22 57 46
22 58 43
22 59 47
22 60 56
22 61 56
22 62 35
22 63 58
22 64 42
22 65 56
22 66 39
22 67 59
22 68 46
22 69 47
22 70 57
22 71 35
22 72 46
22 73 37
22 74 57
22 75 47
22 76 46
22 77 55
22 78 39
22 79 52
22 80 50
22 81 50
22 82 43
22 83 45
22 84 46
22 85 51
22 86 48
22 87 42
22 88 57
22 89 53
22 90 43
22 91 52
22 92 48
22 93 41
22 94 39
22 95 50
22 96 62
22 97 49
22 98 45
22 99 56
22 100 38
22 101 51
22 102 48
22 103 49
22 104 38
22 105 58
22 106 45
22 107 62
22 108 34
22 109 53
22 110 57
22 111 56
22 112 48
22 113 46
22 114 52
22 115 36
22 116 46
22 117 51
22 118 42
22 119 51
22 120 50
22 121 35
22 122 36
22 123 45
22 124 52
22 125 49
22 126 47
22 127 45
22 128 39
22 129 44
22 130 54
22 131 37
22 132 54
22 133 50
22 134 53
22 135 55
22 136 47
22 137 31
22 138 60
22 139 51
22 140 41
22 141 52
22 142 52
22 143 64
22 144 38
22 145 37
22 146 43
22 147 60
22 148 50
22 149 52
23 0 51
23 1 57
23 2 45
23 3 39
23 4 41
23 5 57
23 6 59
23 7 41
23 8 52
23 9 54
23 10 37
23 11 51
23 12 56
23 13 43
23 14 47
23 15 47
23 16 48
23 17 49
23 18 45
23 19 44
23 20 51
23 21 43
23 22 49
23 23 42
23 24 43
23 25 44
23 26 50
23 27 48
23 28 44
23 29 47
23 30 59
23 31 54
23 32 49
23 33 53
23 34 53
23 35 42
23 36 50
23 37 46
23 38 42
23 39 43
23 40 51
23 41 53
23 42 47
23 43 47
23 44 50
23 45 49
23 46 60
23 47 42
23 48 35
23 49 56
23 50 52
23 51 41
23 52 54
23 53 61
23 54 41
23 55 43
23 56 53
23 57 41
23 58 56
23 59 55
23 60 49
23 61 46
23 62 40
23 63 40
23 64 47
23 65 58
23 66 53
23 67 51
23 68 45
23 69 62
23 70 54
23 71 33
23 72 56
23 73 40
23 74 41
23 75 42
23 76 46
23 77 41
23 78 48
23 79 43
23 80 55
23 81 42
23 82 47
23 83 44
23 84 49
23 85 53
23 86 53
23 87 53
23 88 38
23 89 54
23 90 56
23 91 50
23 92 41
23 93 62
23 94 48
23 95 37
23 96 44
23 97 45
23 98 42
23 99 58
23 100 45
23 101 42
23 102 46
23 103 53
23 104 41
23 105 54
23 106 44
23 107 41
23 108 63
23 109 51
23 110 49
23 111 38
23 112 57
23 113 45
23 114 48
23 115 47
23 116 64
23 117 51
23 118 61
23 119 55
23 120 42
23 121 48
23 122 42
23 123 46
23 124 53
23 125 57
23 126 55
23 127 45
23 128 67
23 129 51
23 130 54
23 131 42
23 132 42
23 133 49
23 134 53
23 135 51
23 136 50
23 137 54
23 138 56
23 139 49
23 140 51
23 141 49
23 142 49
23 143 48
23 144 49
23 145 43
23 146 37
23 147 34
23 148 44
23 149 51
24 0 42
24 1 57
24 2 42
24 3 54
24 4 46
24 5 61
24 6 59
24 7 55
24 8 45
24 9 54
24 10 48
24 11 54
24 12 40
24 13 43
24 14 59
24 15 48
24 16 63
24 17 49
24 18 58
24 19 35
24 20 45
24 21 47
24 22 53
24 23 53
24 24 47
24 25 56
24 26 66
24 27 43
24 28 62
24 29 46
24 30 60
24 31 54
24 32 56
24 33 43
24 34 50
24 35 60
24 36 59
24 37 50
24 38 68
24 39 49
24 40 49
24 41 39
24 42 46
24 43 47
24 44 43
24 45 43
24 46 49
24 47 63
24 48 59
24 49 54
24 50 49
24 51 52
24 52 48
24 53 59
24 54 49
24 55 41
24 56 60
24 57 43
24 58 47
24 59 41
24 60 50
24 61 50
24 62 64
24 63 51
24 64 49
24 65 41
24 66 40
24 67 55
24 68 48
24 69 49
24 70 50
24 71 42
24 72 46
24 73 47
24 74 43
24 75 63
24 76 54
24 77 52
24 78 57
24 79 54
24 80 46
24 81 54
24 82 44
24 83 49
24 84 55
24 85 46
24 86 46
24 87 52
24 88 52
24 89 65
24 90 39
24 91 55
24 92 57
24 93 53
24 94 46
24 95 48
24 96 53
24 97 55
24 98 56
24 99 58
24 100 45
24 101 45
24 102 51
24 103 63
24 104 50
24 105 38
24 106 55
24 107 60
24 108 56
24 109 42
24 110 38
24 111 53
24 112 37
24 113 60
24 114 52
24 115 46
24 116 43
24 117 50
24 118 39
24 119 52
24 120 45
24 121 55
24 122 58
24 123 45
24 124 46
24 125 65
24 126 44
24 127 48
24 128 46
24 129 43
24 130 41
24 131 60
24 132 49
24 133 50
24 134 47
24 135 45
24 136 59
24 137 54
24 138 43
24 139 47
24 140 48
24 141 60
24 142 49
24 143 45
24 144 46
24 145 45
24 146 42
24 147 45
24 148 39
24 149 56
25 0 51
25 1 48
25 2 44
25 3 41
25 4 39
25 5 45
25 6 49
25 7 52
25 8 48
25 9 46
25 10 50
25 11 47
25 12 50
25 13 42
25 14 58
25 15 67
25 16 46
25 17 53
25 18 45
25 19 58
25 20 43
25 21 37
25 22 40
25 23 56
25 24 48
25 25 58
25 26 53
25 27 51
25 28 51
25 29 39
25 30 49
25 31 64
25 32 62
25 33 51
25 34 42
25 35 65
25 36 52
25 37 56
25 38 56
25 39 51
25 40 47
25 41 35
25 42 34
25 43 44
25 44 55
25 45 52
25 46 47
25 47 54
25 48 54
25 49 42
25 50 56
25 51 46
25 52 62
25 53 47
25 54 46
25 55 48
25 56 61
25 57 49
25 58 44
25 59 44
25 60 44
25 61 49
25 62 52
25 63 47
25 64 36
25 65 41
25 66 43
25 67 49
25 68 59
25 69 54
25 70 56
25 71 51
25 72 44
25 73 48
25 74 53
25 75 37
25 76 47
25 77 43
25 78 59
25 79 44
25 80 50
25 81 47
25 82 50
25 83 56
25 84 33
25 85 43
25 86 59
25 87 50
25 88 50
25 89 48
25 90 55
25 91 45
25 92 53
25 93 43
25 94 53
25 95 52
25 96 52
25 97 63
25 98 55
25 99 44
25 100 48
25 101 44
25 102 50
25 103 49
25 104 52
25 105 51
25 106 54
25 107 45
25 108 43
25 109 48
25 110 59
25 111 54
25 112 40
25 113 51
25 114 42
25 115 36
25 116 54
25 117 59
25 118 43
25 119 43
25 120 44
25 121 55
25 122 42
25 123 59
25 124 52
25 125 60
25 126 45
25 127 48
25 128 46
25 129 44
25 130 38
25 131 48
25 132 43
25 133 55
25 134 52
25 135 48
25 136 44
25 137 46
25 138 57
25 139 53
25 140 62
25 141 54
25 142 49
25 143 36
25 144 50
25 145 50
25 146 53
25 147 45
25 148 41
25 149 44
26 0 51
26 1 38
26 2 48
26 3 55
26 4 50
26 5 42
26 6 49
26 7 52
26 8 51
26 9 50
26 10 41
26 11 43
26 12 44
26 13 52
26 14 46
26 15 39
26 16 46
26 17 44
26 18 48
26 19 44
26 20 49
26 21 46
26 22 43
26 23 46
26 24 43
26 25 50
26 26 51
26 27 49
26 28 43
26 29 47
26 30 69
26 31 40
26 32 40
26 33 61
26 34 47
26 35 46
26 36 49
26 37 37
26 38 58
26 39 34
26 40 27
26 41 55
26 42 52
26 43 45
26 44 45
26 45 38
26 46 46
26 47 46
26 48 40
26 49 50
26 50 55
26 51 37
26 52 42
26 53 44
26 54 46
26 55 49
26 56 45
26 57 57
26 58 53
26 59 56
26 60 52
26 61 53
26 62 52
26 63 43
26 64 45
26 65 59
26 66 59
26 67 56
26 68 40
26 69 52
26 70 46
26 71 44
26 72 36
26 73 35
26 74 55
26 75 46
26 76 58
26 77 58
26 78 51
26 79 50
26 80 52
26 81 60
26 82 44
26 83 54
26 84 47
26 85 55
26 86 59
26 87 52
26 88 55
26 89 64
26 90 47
26 91 48
26 92 54
26 93 37
26 94 39
26 95 47
26 96 45
26 97 46
26 98 57
26 99 64
26 100 49
26 101 52
26 102 42
26 103 43
26 104 51
26 105 50
26 106 43
26 107 48
26 108 53
26 109 46
26 110 49
26 111 52
26 112 49
26 113 57
26 114 37
26 115 49
26 116 41
26 117 46
26 118 51
26 119 46
26 120 55
26 121 59
26 122 45
26 123 47
26 124 53
26 125 48
26 126 40
26 127 55
26 128 45
26 129 58
26 130 44
26 131 45
26 132 46
26 133 55
26 134 44
26 135 51
26 136 51
26 137 42
26 138 46
26 139 50
26 140 46
26 141 44
26 142 47
26 143 44
26 144 35
26 145 62
26 146 32
26 147 47
26 148 48
26 149 60
27 0 50
27 1 45
27 2 38
27 3 54
27 4 58
27 5 38
27 6 59
27 7 48
27 8 43
27 9 59
27 10 56
27 11 44
27 12 52
27 13 46
27 14 47
27 15 65
27 16 46
27 17 42
27 18 49
27 19 46
27 20 46
27 21 47
27 22 54
27 23 47
27 24 39
27 25 66
27 26 65
27 27 43
27 28 47
27 29 52
27 30 50
27 31 54
27 32 48
27 33 46
27 34 52
27 35 32
27 36 43
27 37 52
27 38 49
27 39 41
27 40 53
27 41 61
27 42 44
27 43 47
27 44 48
27 45 53
27 46 50
27 47 54
27 48 56
27 49 42
27 50 48
27 51 45
27 52 54
27 53 45
27 54 49
27 55 55
27 56 41
27 57 56
27 58 55
27 59 58
27 60 52
27 61 56
27 62 46
27 63 58
27 64 49
27 65 44
27 66 51
27 67 40
27 68 52
27 69 59
27 70 50
27 71 51
27 72 46
27 73 46
27 74 58
27 75 61
27 76 57
27 77 58
27 78 46
27 79 57
27 80 50
27 81 46
27 82 57
27 83 36
27 84 51
27 85 47
27 86 50
27 87 57
27 88 39
27 89 51
27 90 59
27 91 51
27 92 41
27 93 42
27 94 45
27 95 50
27 96 43
27 97 39
27 98 56
27 99 40
27 100 38
27 101 49
27 102 55
27 103 41
27 104 45
27 105 41
27 106 47
27 107 41
27 108 48
27 109 54
27 110 49
27 111 54
27 112 44
27 113 50
27 114 48
27 115 50
27 116 44
27 117 43
27 118 47
27 119 45
27 120 42
27 121 63
27 122 51
27 123 40
27 124 53
27 125 55
27 126 46
27 127 48
27 128 39
27 129 43
27 130 39
27 131 44
27 132 54
27 133 47
27 134 43
27 135 39
27 136 48
27 137 36
27 138 57
27 139 56
27 140 58
27 141 53
27 142 55
27 143 52
27 144 41
27 145 29
27 146 53
27 147 52
27 148 49
27 149 52
28 0 61
28 1 38
28 2 63
28 3 70
28 4 59
28 5 34
28 6 37
28 7 50
28 8 42
28 9 43
28 10 56
28 11 54
28 12 42
28 13 59
28 14 49
28 15 55
28 16 50
28 17 66
28 18 50
28 19 43
28 20 53
28 21 40
28 22 53
28 23 41
28 24 44
28 25 48
28 26 56
28 27 37
28 28 37
28 29 45
28 30 56
28 31 58
28 32 61
28 33 53
28 34 51
28 35 52
28 36 39
28 37 43
28 38 52
28 39 46
28 40 45
28 41 55
28 42 45
28 43 51
28 44 35
28 45 61
28 46 61
28 47 60
28 48 58
28 49 42
28 50 58
28 51 44
28 52 51
28 53 51
28 54 53
28 55 46
28 56 42
28 57 38
28 58 43
28 59 59
28 60 39
28 61 49
28 62 51
28 63 52
28 64 63
28 65 49
28 66 48
28 67 61
28 68 46
28 69 50
28 70 55
28 71 37
28 72 54
28 73 50
28 74 52
28 75 48
28 76 43
28 77 39
28 78 40
28 79 34
28 80 45
28 81 49
28 82 41
28 83 53
28 84 53
28 85 53
28 86 43
28 87 74
28 88 36
28 89 45
28 90 63
28 91 48
28 92 49
28 93 45
28 94 46
28 95 69
28 96 42
28 97 53
28 98 55
28 99 54
28 100 49
28 101 51
28 102 46
28 103 48
28 104 46
28 105 50
28 106 47
28 107 56
28 108 46
28 109 50
28 110 47
28 111 45
28 112 48
28 113 56
28 114 42
28 115 44
28 116 52
28 117 49
28 118 50
28 119 50
28 120 48
28 121 61
28 122 43
28 123 54
28 124 47
28 125 52
28 126 49
28 127 48
28 128 44
28 129 46
28 130 51
28 131 42
28 132 46
28 133 51
28 134 50
28 135 55
28 136 38
28 137 44
28 138 50
28 139 52
28 140 49
28 141 51
28 142 40
28 143 45
28 144 45
28 145 50
28 146 50
28 147 49
28 148 45
28 149 54
29 0 46
29 1 45
29 2 48
29 3 57
29 4 56
29 5 64
29 6 43
29 7 61
29 8 64
29 9 60
29 10 46
29 11 45
29 12 54
29 13 64
29 14 47
29 15 57
29 16 42
29 17 52
29 18 50
29 19 48
29 20 49
29 21 53
29 22 45
29 23 54
29 24 50
29 25 33
29 26 28
29 27 50
29 28 44
29 29 52
29 30 55
29 31 46
29 32 46
29 33 48
29 34 41
29 35 51
29 36 34
29 37 62
29 38 46
29 39 38
29 40 45
29 41 45
29 42 37
29 43 50
29 44 52
29 45 37
29 46 35
29 47 51
29 48 52
29 49 51
29 50 40
29 51 45
29 52 48
29 53 52
29 54 66
29 55 46
29 56 44
29 57 40
29 58 41
29 59 54
29 60 56
29 61 49
29 62 41
29 63 49
29 64 37
29 65 42
29 66 57
29 67 50
29 68 52
29 69 64
29 70 52
29 71 52
29 72 49
29 73 50
29 74 50
29 75 57
29 76 50
29 77 43
29 78 30
29 79 34
29 80 56
29 81 43
29 82 40
29 83 39
29 84 47
29 85 54
29 86 63
29 87 60
29 88 41
29 89 56
29 90 47
29 91 46
29 92 47
29 93 53
29 94 51
29 95 45
29 96 52
29 97 47
29 98 56
29 99 49
29 100 39
29 101 51
29 102 47
29 103 58
29 104 37
29 105 54
29 106 43
29 107 43
29 108 51
29 109 63
29 110 56
29 111 41
29 112 53
29 113 47
29 114 51
29 115 45
29 116 41
29 117 51
29 118 46
29 119 40
29 120 48
29 121 48
29 122 50
29 123 51
29 124 45
29 125 48
29 126 45
29 127 44
29 128 46
29 129 47
29 130 64
29 131 49
29 132 61
29 133 49
29 134 53
29 135 54
29 136 51
29 137 44
29 138 52
29 139 56
29 140 43
29 141 42
29 142 58
29 143 57
29 144 50
29 145 53
29 146 47
29 147 46
29 148 44
29 149 44
30 0 50
30 1 55
30 2 57
30 3 49
30 4 40
30 5 46
30 6 53
30 7 42
30 8 40
30 9 46
30 10 44
30 11 63
30 12 48
30 13 42
30 14 44
30 15 52
30 16 57
30 17 53
30 18 46
30 19 43
30 20 52
30 21 54
30 22 60
30 23 62
30 24 57
30 25 45
30 26 45
30 27 37
30 28 43
30 29 59
30 30 44
30 31 40
30 32 39
30 33 57
30 34 44
30 35 49
30 36 43
30 37 58
30 38 45
30 39 47
30 40 53
30 41 57
30 42 43
30 43 50
30 44 46
30 45 52
30 46 45
30 47 54
30 48 38
30 49 55
30 50 49
30 51 50
30 52 40
30 53 48
30 54 53
30 55 60
30 56 38
30 57 36
30 58 41
30 59 52
30 60 48
30 61 46
30 62 51
30 63 50
30 64 48
30 65 43
30 66 51
30 67 42
30 68 47
30 69 52
30 70 55
30 71 48
30 72 45
30 73 52
30 74 52
30 75 47
30 76 54
30 77 41
30 78 50
30 79 47
30 80 40
30 81 51
30 82 49
30 83 41
30 84 59
30 85 55
30 86 56
30 87 57
30 88 35
30 89 61
30 90 52
30 91 47
30 92 47
30 93 49
30 94 37
30 95 36
30 96 54
30 97 52
30 98 52
30 99 53
30 100 56
30 101 47
30 102 49
30 103 61
30 104 58
30 105 52
30 106 65
30 107 53
30 108 42
30 109 49
30 110 50
30 111 54
30 112 65
30 113 35
30 114 50
30 115 51
30 116 49
30 117 45
30 118 49
30 119 44
30 120 55
30 121 47
30 122 44
30 123 44
30 124 55
30 125 55
30 126 60
30 127 36
30 128 44
30 129 57
30 130 50
30 131 47
30 132 62
30 133 49
30 134 57
30 135 56
30 136 55
30 137 50
30 138 35
30 139 61
30 140 46
30 141 41
30 142 41
30 143 50
30 144 42
30 145 56
30 146 47
30 147 58
30 148 53
30 149 40
31 0 49
31 1 52
31 2 39
31 3 39
31 4 44
31 5 49
31 6 53
31 7 38
31 8 58
31 9 31
31 10 44
31 11 61
31 12 43
31 13 51
31 14 52
31 15 44
31 16 50
31 17 48
31 18 43
31 19 38
31 20 42
31 21 37
31 22 54
31 23 57
31 24 42
31 25 45
31 26 46
31 27 53
31 28 48
31 29 49
31 30 46
31 31 38
31 32 55
31 33 56
31 34 45
31 35 55
31 36 48
31 37 41
31 38 50
31 39 47
31 40 50
31 41 50
31 42 42
31 43 46
31 44 46
31 45 45
31 46 55
31 47 49
31 48 46
31 49 51
31 50 54
31 51 49
31 52 55
31 53 56
31 54 48
31 55 47
31 56 50
31 57 49
31 58 57
31 59 51
31 60 43
31 61 46
31 62 48
31 63 43
31 64 52
31 65 70
31 66 41
31 67 55
31 68 59
31 69 54
31 70 62
31 71 48
31 72 63
31 73 42
31 74 47
31 75 54
31 76 52
31 77 43
31 78 43
31 79 47
31 80 50
31 81 54
31 82 52
31 83 50
31 84 57
31 85 49
31 86 45
31 87 46
31 88 32
31 89 40
31 90 43
31 91 66
31 92 47
31 93 39
31 94 49
31 95 53
31 96 49
31 97 33
31 98 54
31 99 52
31 100 52
31 101 51
31 102 52
31 103 42
31 104 40
31 105 52
31 106 38
31 107 39
31 108 49
31 109 36
31 110 54
31 111 50
31 112 57
31 113 39
31 114 50
31 115 59
31 116 49
31 117 49
31 118 39
31 119 63
31 120 50
31 121 50
31 122 41
31 123 67
31 124 46
31 125 41
31 126 46
31 127 44
31 128 50
31 129 55
31 130 52
31 131 59
31 132 59
31 133 55
31 134 49
31 135 47
31 136 55
31 137 50
31 138 36
31 139 39
31 140 42
31 141 45
31 142 43
31 143 45
31 144 48
31 145 36
31 146 45
31 147 46
31 148 66
31 149 40
32 0 54
32 1 49
32 2 49
32 3 53
32 4 58
32 5 57
32 6 53
32 7 61
32 8 58
32 9 41
32 10 40
32 11 63
32 12 39
32 13 53
32 14 43
32 15 44
32 16 43
32 17 44
32 18 52
32 19 55
32 20 52
32 21 56
32 22 49
32 23 46
32 24 59
32 25 38
32 26 58
32 27 48
32 28 37
32 29 39
32 30 58
32 31 47
32 32 40
32 33 43
32 34 41
32 35 41
32 36 44
32 37 43
32 38 55
32 39 51
32 40 37
32 41 48
32 42 47
32 43 51
32 44 41
32 45 57
32 46 49
32 47 51
32 48 45
32 49 49
32 50 49
32 51 50
32 52 48
32 53 48
32 54 54
32 55 46
32 56 55
32 57 53
32 58 48
32 59 56
32 60 56
32 61 49
32 62 56
32 63 52
32 64 60
32 65 50
32 66 47
32 67 45
32 68 63
32 69 64
32 70 64
32 71 47
32 72 61
32 73 53
32 74 47
32 75 52
32 76 45
32 77 42
32 78 48
32 79 52
32 80 48
32 81 47
32 82 37
32 83 36
32 84 56
32 85 56
32 86 51
32 87 39
32 88 53
32 89 45
32 90 67
32 91 60
32 92 29
32 93 46
32 94 64
32 95 40
32 96 42
32 97 37
32 98 70
32 99 54
32 100 58
32 101 51
32 102 57
32 103 62
32 104 46
32 105 48
32 106 48
32 107 50
32 108 45
32 109 51
32 110 48
32 111 44
32 112 57
32 113 49
32 114 43
32 115 49
32 116 47
32 117 51
32 118 55
32 119 59
32 120 44
32 121 62
32 122 49
32 123 57
32 124 55
32 125 46
32 126 42
32 127 43
32 128 42
32 129 47
32 130 48
32 131 44
32 132 48
32 133 56
32 134 45
32 135 48
32 136 45
32 137 49
32 138 36
32 139 51
32 140 52
32 141 51
32 142 43
32 143 48
32 144 47
32 145 50
32 146 47
32 147 47
32 148 50
32 149 53
33 0 43
33 1 48
33 2 51
33 3 44
33 4 58
33 5 43
33 6 47
33 7 42
33 8 49
33 9 45
33 10 56
33 11 42
33 12 49
33 13 57
33 14 48
33 15 43
33 16 43
33 17 46
33 18 49
33 19 48
33 20 49
33 21 66
33 22 48
33 23 52
33 24 51
33 25 39
33 26 60
33 27 42
33 28 59
33 29 43
33 30 47
33 31 55
33 32 40
33 33 41
33 34 56
33 35 64
33 36 56
33 37 60
33 38 47
33 39 52
33 40 59
33 41 56
33 42 53
33 43 44
33 44 44
33 45 55
33 46 53
33 47 44
33 48 43
33 49 54
33 50 44
33 51 49
33 52 56
33 53 33
33 54 57
33 55 52
33 56 41
33 57 77
33 58 42
33 59 50
33 60 46
33 61 52
33 62 56
33 63 43
33 64 47
33 65 57
33 66 42
33 67 55
33 68 55
33 69 47
33 70 54
33 71 52
33 72 40
33 73 54
33 74 60
33 75 51
33 76 43
33 77 55
33 78 48
33 79 42
33 80 41
33 81 47
33 82 57
33 83 53
33 84 48
33 85 46
33 86 40
33 87 38
33 88 57
33 89 53
33 90 50
33 91 59
33 92 31
33 93 50
33 94 55
33 95 52
33 96 45
33 97 52
33 98 52
33 99 54
33 100 38
33 101 40
33 102 54
33 103 50
33 104 45
33 105 46
33 106 51
33 107 45
33 108 46
33 109 61
33 110 54
33 111 60
33 112 35
33 113 57
33 114 51
33 115 46
33 116 55
33 117 43
33 118 52
33 119 52
33 120 59
33 121 42
33 122 44
33 123 41
33 124 48
33 125 44
33 126 43
33 127 43
33 128 48
33 129 51
33 130 41
33 131 35
33 132 47
33 133 51
33 134 50
33 135 40
33 136 51
33 137 52
33 138 55
33 139 49
33 140 53
33 141 45
33 142 49
33 143 50
33 144 50
33 145 49
33 146 49
33 147 39
33 148 43
33 149 59
34 0 45
34 1 44
34 2 54
34 3 39
34 4 44
34 5 45
34 6 38
34 7 38
34 8 50
34 9 39
34 10 45
34 11 49
34 12 48
34 13 50
34 14 51
34 15 30
34 16 61
34 17 60
34 18 37
34 19 42
34 20 48
34 21 51
34 22 35
34 23 60
34 24 55
34 25 43
34 26 43
34 27 55
34 28 42
34 29 46
34 30 40
34 31 55
34 32 48
34 33 43
34 34 57
34 35 51
34 36 51
34 37 51
34 38 50
34 39 35
34 40 48
34 41 59
34 42 49
34 43 49
34 44 48
34 45 48
34 46 50
34 47 43
34 48 54
34 49 52
34 50 48
34 51 53
34 52 45
34 53 41
34 54 44
34 55 61
34 56 46
34 57 47
34 58 36
34 59 41
34 60 50
34 61 58
34 62 49
34 63 47
34 64 51
34 65 49
34 66 51
34 67 54
34 68 31
34 69 54
34 70 43
34 71 37
34 72 43
34 73 50
34 74 44
34 75 39
34 76 55
34 77 47
34 78 54
34 79 41
34 80 57
34 81 41
34 82 41
34 83 48
34 84 51
34 85 54
34 86 43
34 87 51
34 88 49
34 89 42
34 90 46
34 91 53
34 92 46
34 93 50
34 94 46
34 95 45
34 96 60
34 97 53
34 98 61
34 99 47
34 100 49
34 101 59
34 102 49
34 103 56
34 104 39
34 105 52
34 106 49
34 107 52
34 108 54
34 109 42
34 110 49
34 111 56
34 112 49
34 113 53
34 114 51
34 115 40
34 116 58
34 117 52
34 118 43
34 119 52
34 120 45
34 121 40
34 122 48
34 123 38
34 124 44
34 125 43
34 126 52
34 127 47
34 128 48
34 129 40
34 130 43
34 131 66
34 132 45
34 133 59
34 134 58
34 135 54
34 136 41
34 137 51
34 138 54
34 139 48
34 140 48
34 141 45
34 142 43
34 143 56
34 144 57
34 145 47
34 146 45
34 147 47
34 148 37
34 149 51
35 0 45
35 1 54
35 2 49
35 3 45
35 4 51
35 5 38
35 6 44
35 7 50
35 8 57
35 9 44
35 10 39
35 11 52
35 12 41
35 13 46
35 14 65
35 15 39
35 16 57
35 17 45
35 18 47
35 19 41
35 20 52
35 21 56
35 22 50
35 23 41
35 24 50
35 25 39
35 26 54
35 27 50
35 28 44
35 29 61
35 30 54
35 31 55
35 32 43
35 33 52
35 34 41
35 35 58
35 36 42
35 37 46
35 38 43
35 39 53
35 40 46
35 41 64
35 42 49
35 43 55
35 44 50
35 45 51
35 46 47
35 47 47
35 48 53
35 49 45
35 50 55
35 51 58
35 52 42
35 53 43
35 54 54
35 55 46
35 56 46
35 57 54
35 58 66
35 59 53
35 60 52
35 61 60
35 62 42
35 63 51
35 64 54
35 65 58
35 66 48
35 67 40
35 68 52
35 69 45
35 70 48
35 71 63
35 72 47
35 73 55
35 74 45
35 75 51
35 76 46
35 77 44
35 78 48
35 79 52
35 80 44
35 81 70
35 82 36
35 83 46
35 84 50
35 85 45
35 86 47
35 87 54
35 88 48
35 89 53
35 90 54
35 91 41
35 92 37
35 93 60
35 94 51
35 95 46
35 96 59
35 97 58
35 98 54
35 99 55
35 100 46
35 101 39
35 102 51
35 103 42
35 104 45
35 105 51
35 106 47
35 107 52
35 108 51
35 109 51
35 110 52
35 111 51
35 112 41
35 113 44
35 114 52
35 115 53
35 116 47
35 117 33
35 118 37
35 119 44
35 120 46
35 121 50
35 122 49
35 123 58
35 124 50
35 125 54
35 126 52
35 127 44
35 128 44
35 129 40
35 130 51
35 131 48
35 132 56
35 133 41
35 134 53
35 135 50
35 136 38
35 137 44
35 138 55
35 139 49
35 140 35
35 141 54
35 142 48
35 143 47
35 144 45
35 145 42
35 146 53
35 147 54
35 148 61
35 149 52
36 0 59
36 1 56
36 2 53
36 3 56
36 4 52
36 5 41
36 6 40
36 7 57
36 8 41
36 9 49
36 10 50
36 11 47
36 12 50
36 13 38
36 14 61
36 15 57
36 16 61
36 17 56
36 18 51
36 19 58
36 20 49
36 21 51
36 22 66
36 23 54
36 24 51
36 25 49
36 26 45
36 27 39
36 28 60
36 29 50
36 30 40
36 31 42
36 32 46
36 33 50
36 34 49
36 35 49
36 36 38
36 37 54
36 38 57
36 39 33
36 40 67
36 41 42
36 42 44
36 43 53
36 44 54
36 45 54
36 46 61
36 47 50
36 48 33
36 49 43
36 50 50
36 51 46
36 52 40
36 53 48
36 54 52
36 55 40
36 56 37
36 57 41
36 58 53
36 59 52
36 60 66
36 61 51
36 62 46
36 63 44
36 64 48
36 65 69
36 66 51
36 67 48
36 68 53
36 69 44
36 70 50
36 71 55
36 72 35
36 73 58
36 74 56
36 75 55
36 76 52
36 77 50
36 78 48
36 79 41
36 80 44
36 81 52
36 82 41
36 83 49
36 84 54
36 85 48
36 86 53
36 87 56
36 88 40
36 89 50
36 90 46
36 91 47
36 92 55
36 93 34
36 94 54
36 95 50
36 96 42
36 97 53
36 98 47
36 99 52
36 100 47
36 101 51
36 102 48
36 103 50
36 104 41
36 105 58
36 106 39
36 107 45
36 108 64
36 109 40
36 110 57
36 111 44
36 112 51
36 113 51
36 114 48
36 115 54
36 116 47
36 117 58
36 118 54
36 119 58
36 120 59
36 121 43
36 122 44
36 123 49
36 124 53
36 125 50
36 126 47
36 127 61
36 128 50
36 129 56
36 130 50
36 131 57
36 132 48
36 133 54
36 134 50
36 135 51
36 136 39
36 137 49
36 138 43
36 139 54
36 140 43
36 141 42
36 142 43
36 143 50
36 144 54
36 145 45
36 146 44
36 147 43
36 148 33
36 149 57
37 0 48
37 1 53
37 2 44
37 3 58
37 4 51
37 5 52
37 6 52
37 7 51
37 8 56
37 9 41
37 10 46
37 11 45
37 12 46
37 13 51
37 14 69
37 15 52
37 16 46
37 17 50
37 18 36
37 19 59
37 20 40
37 21 42
37 22 55
37 23 38
37 24 65
37 25 56
37 26 57
37 27 55
37 28 52
37 29 35
37 30 50
37 31 39
37 32 57
37 33 54
37 34 52
37 35 43
37 36 48
37 37 48
37 38 54
37 39 41
37 40 43
37 41 44
37 42 42
37 43 38
37 44 53
37 45 56
37 46 51
37 47 44
37 48 52
37 49 51
37 50 52
37 51 46
37 52 41
37 53 42
37 54 55
37 55 51
37 56 47
37 57 48
37 58 43
37 59 59
37 60 46
37 61 43
37 62 52
37 63 48
37 64 45
37 65 35
37 66 44
37 67 38
37 68 64
37 69 42
37 70 55
37 71 34
37 72 54
37 73 60
37 74 52
37 75 56
37 76 49
37 77 50
37 78 48
37 79 59
37 80 55
37 81 50
37 82 47
37 83 44
37 84 51
37 85 61
37 86 55
37 87 43
37 88 53
37 89 66
37 90 49
37 91 58
37 92 53
37 93 56
37 94 44
37 95 35
37 96 37
37 97 47
37 98 31
37 99 58
37 100 44
37 101 39
37 102 51
37 103 53
37 104 48
37 105 57
37 106 48
37 107 45
37 108 36
37 109 54
37 110 56
37 111 45
37 112 42
37 113 45
37 114 50
37 115 54
37 116 48
37 117 48
37 118 54
37 119 48
37 120 49
37 121 41
37 122 44
37 123 66
37 124 51
37 125 46
37 126 48
37 127 42
37 128 48
37 129 46
37 130 53
37 131 46
37 132 42
37 133 52
37 134 51
37 135 52
37 136 40
37 137 40
37 138 49
37 139 52
37 140 41
37 141 47
37 142 52
37 143 46
37 144 52
37 145 54
37 146 56
37 147 47
37 148 47
37 149 38
38 0 41
38 1 51
38 2 60
38 3 60
38 4 55
38 5 55
38 6 39
38 7 54
38 8 59
38 9 41
38 10 45
38 11 42
38 12 56
38 13 52
38 14 40
38 15 43
38 16 51
38 17 43
38 18 45
38 19 44
38 20 52
38 21 53
38 22 46
38 23 54
38 24 58
38 25 48
38 26 37
38 27 61
38 28 42
38 29 59
38 30 43
38 31 52
38 32 40
38 33 38
38 34 43
38 35 39
38 36 39
38 37 50
38 38 61
38 39 49
38 40 43
38 41 54
38 42 40
38 43 54
38 44 57
38 45 42
38 46 48
38 47 47
38 48 46
38 49 47
38 50 58
38 51 38
38 52 57
38 53 48
38 54 61
38 55 50
38 56 52
38 57 49
38 58 51
38 59 55
38 60 37
38 61 34
38 62 50
38 63 42
38 64 48
38 65 48
38 66 55
38 67 35
38 68 48
38 69 47
38 70 53
38 71 35
38 72 40
38 73 40
38 74 35
38 75 44
38 76 41
38 77 51
38 78 36
38 79 33
38 80 49
38 81 43
38 82 40
38 83 48
38 84 44
38 85 50
38 86 37
38 87 52
38 88 51
38 89 50
38 90 56
38 91 42
38 92 50
38 93 48
38 94 45
38 95 43
38 96 42
38 97 49
38 98 48
38 99 53
38 100 46
38 101 45
38 102 43
38 103 55
38 104 45
38 105 53
38 106 47
38 107 45
38 108 63
38 109 56
38 110 49
38 111 54
38 112 56
38 113 40
38 114 59
38 115 59
38 116 44
38 117 56
38 118 46
38 119 50
38 120 36
38 121 49
38 122 57
38 123 46
38 124 57
38 125 51
38 126 47
38 127 49
38 128 49
38 129 51
38 130 44
38 131 52
38 132 54
38 133 45
38 134 44
38 135 50
38 136 50
38 137 47
38 138 48
38 139 57
38 140 45
38 141 43
38 142 47
38 143 42
38 144 50
38 145 43
38 146 53
38 147 51
38 148 48
38 149 46
39 0 40
39 1 48
39 2 47
39 3 51
39 4 55
39 5 52
39 6 44
39 7 45
39 8 38
39 9 49
39 10 58
39 11 36
39 12 29
39 13 42
39 14 53
39 15 65
39 16 44
39 17 52
39 18 58
39 19 38
39 20 44
39 21 58
39 22 27
39 23 62
39 24 50
39 25 53
39 26 42
39 27 35
39 28 38
39 29 34
39 30 54
39 31 45
39 32 63
39 33 57
39 34 46
39 35 51
39 36 40
39 37 53
39 38 39
39 39 54
39 40 52
39 41 57
39 42 49
39 43 52
39 44 53
39 45 45
39 46 35
39 47 49
39 48 52
39 49 55
39 50 46
39 51 46
39 52 53
39 53 61
39 54 47
39 55 45
39 56 42
39 57 39
39 58 45
39 59 43
39 60 51
39 61 46
39 62 47
39 63 52
39 64 38
39 65 47
39 66 38
39 67 44
39 68 45
39 69 54
39 70 45
39 71 48
39 72 68
39 73 44
39 74 51
39 75 41
39 76 42
39 77 52
39 78 51
39 79 41
39 80 38
39 81 51
39 82 66
39 83 57
39 84 46
39 85 54
39 86 47
39 87 43
39 88 49
39 89 55
39 90 50
39 91 47
39 92 47
39 93 44
39 94 36
39 95 37
39 96 41
39 97 45
39 98 47
39 99 42
39 100 55
39 101 47
39 102 56
39 103 47
39 104 54
39 105 46
39 106 50
39 107 49
39 108 51
39 109 45
39 110 50
39 111 54
39 112 45
39 113 50
39 114 43
39 115 42
39 116 52
39 117 59
39 118 58
39 119 53
39 120 40
39 121 64
39 122 45
39 123 41
39 124 46
39 125 41
39 126 47
39 127 37
39 128 46
39 129 63
39 130 55
39 131 63
39 132 42
39 133 53
39 134 46
39 135 41
39 136 46
39 137 34
39 138 49
39 139 50
39 140 63
39 141 49
39 142 47
39 143 44
39 144 40
39 145 66
39 146 57
39 147 40
39 148 48
39 149 45
40 0 47
40 1 48
40 2 50
40 3 44
40 4 42
40 5 54
40 6 41
40 7 54
40 8 57
40 9 38
40 10 51
40 11 61
40 12 45
40 13 49
40 14 62
40 15 48
40 16 48
40 17 37
40 18 48
40 19 38
40 20 50
40 21 47
40 22 54
40 23 54
40 24 48
40 25 39
40 26 65
40 27 50
40 28 57
40 29 45
40 30 36
40 31 57
40 32 43
40 33 49
40 34 42
40 35 62
40 36 40
40 37 57
40 38 54
40 39 55
40 40 40
40 41 53
40 42 58
40 43 30
40 44 46
40 45 35
40 46 42
40 47 56
40 48 51
40 49 42
40 50 42
40 51 50
40 52 40
40 53 50
40 54 42
40 55 60
40 56 55
40 57 42
40 58 54
40 59 45
40 60 38
40 61 47
40 62 40
40 63 49
40 64 59
40 65 44
40 66 35
40 67 51
40 68 44
40 69 40
40 70 57
40 71 50
40 72 68
40 73 57
40 74 38
40 75 41
40 76 42
40 77 55
40 78 55
40 79 56
40 80 54
40 81 39
40 82 56
40 83 49
40 84 47
40 85 41
40 86 51
40 87 53
40 88 67
40 89 48
40 90 57
40 91 48
40 92 51
40 93 51
40 94 41
40 95 54
40 96 41
40 97 41
40 98 52
40 99 59
40 100 48
40 101 47
40 102 62
40 103 49
40 104 37
40 105 41
40 106 40
40 107 45
40 108 56
40 109 43
40 110 50
40 111 38
40 112 42
40 113 53
40 114 60
40 115 52
40 116 49
40 117 42
40 118 53
40 119 42
40 120 59
40 121 53
40 122 52
40 123 47
40 124 54
40 125 47
40 126 63
40 127 38
40 128 51
40 129 55
40 130 48
40 131 48
40 132 40
40 133 53
40 134 52
40 135 46
40 136 39
40 137 46
40 138 47
40 139 44
40 140 59
40 141 59
40 142 45
40 143 60
40 144 56
40 145 44
40 146 51
40 147 46
40 148 58
40 149 55
41 0 48
41 1 56
41 2 47
41 3 47
41 4 49
41 5 34
41 6 53
41 7 52
41 8 48
41 9 38
41 10 53
41 11 49
41 12 47
41 13 50
41 14 61
41 15 46
41 16 55
41 17 46
41 18 47
41 19 59
41 20 55
41 21 45
41 22 40
41 23 41
41 24 59
41 25 58
41 26 53
41 27 48
41 28 48
41 29 55
41 30 42
41 31 61
41 32 57
41 33 34
41 34 53
41 35 57
41 36 60
41 37 38
41 38 46
41 39 41
41 40 50
41 41 51
41 42 45
41 43 44
41 44 63
41 45 48
41 46 58
41 47 49
41 48 33
41 49 56
41 50 60
41 51 33
41 52 38
41 53 60
41 54 59
41 55 58
41 56 53
41 57 53
41 58 50
41 59 53
41 60 46
41 61 48
41 62 49
41 63 43
41 64 43
41 65 47
41 66 47
41 67 46
41 68 54
41 69 42
41 70 40
41 71 59
41 72 49
41 73 57
41 74 52
41 75 46
41 76 51
41 77 48
41 78 34
41 79 54
41 80 36
41 81 54
41 82 68
41 83 48
41 84 48
41 85 56
41 86 44
41 87 42
41 88 42
41 89 60
41 90 45
41 91 59
41 92 51
41 93 47
41 94 52
41 95 54
41 96 48
41 97 48
41 98 50
41 99 55
41 100 48
41 101 61
41 102 34
41 103 63
41 104 49
41 105 40
41 106 50
41 107 60
41 108 51
41 109 51
41 110 42
41 111 55
41 112 60
41 113 48
41 114 52
41 115 61
41 116 43
41 117 44
41 118 48
41 119 49
41 120 46
41 121 43
41 122 39
41 123 51
41 124 63
41 125 44
41 126 48
41 127 54
41 128 53
41 129 48
41 130 55
41 131 51
41 132 50
41 133 52
41 134 37
41 135 61
41 136 60
41 137 50
41 138 53
41 139 44
41 140 44
41 141 51
41 142 39
41 143 33
41 144 49
41 145 58
41 146 51
41 147 54
41 148 49
41 149 47
42 0 38
42 1 46
42 2 43
42 3 53
42 4 51
42 5 44
42 6 42
42 7 49
42 8 43
42 9 47
42 10 53
42 11 52
42 12 38
42 13 57
42 14 37
42 15 46
42 16 51
42 17 48
42 18 49
42 19 52
42 20 39
42 21 51
42 22 46
42 23 47
42 24 52
42 25 47
42 26 55
42 27 48
42 28 56
42 29 44
42 30 54
42 31 43
42 32 48
42 33 46
42 34 50
42 35 63
42 36 47
42 37 45
42 38 42
42 39 47
42 40 51
42 41 44
42 42 47
42 43 48
42 44 64
42 45 62
42 46 55
42 47 53
42 48 39
42 49 50
42 50 44
42 51 47
42 52 53
42 53 42
42 54 48
42 55 61
42 56 45
42 57 56
42 58 42
42 59 43
42 60 35
42 61 45
42 62 62
42 63 53
42 64 60
42 65 45
42 66 44
42 67 46
42 68 45
42 69 39
42 70 53
42 71 46
42 72 59
42 73 40
42 74 57
42 75 56
42 76 38
42 77 52
42 78 47
42 79 44
42 80 41
42 81 53
42 82 46
42 83 53
42 84 52
42 85 43
42 86 64
42 87 65
42 88 43
42 89 61
42 90 52
42 91 50
42 92 51
42 93 55
42 94 44
42 95 37
42 96 51
42 97 58
42 98 52
42 99 47
42 100 46
42 101 47
42 102 47
42 103 38
42 104 50
42 105 60
42 106 48
42 107 42
42 108 49
42 109 37
42 110 51
42 111 44
42 112 37
42 113 49
42 114 46
42 115 48
42 116 50
42 117 44
42 118 48
42 119 47
42 120 52
42 121 42
42 122 56
42 123 56
42 124 46
42 125 56
42 126 47
42 127 51
42 128 43
42 129 52
42 130 53
42 131 50
42 132 48
42 133 54
42 134 58
42 135 54
42 136 46
42 137 58
42 138 46
42 139 59
42 140 49
42 141 50
42 142 37
42 143 59
42 144 41
42 145 39
42 146 48
42 147 48
42 148 38
42 149 49
43 0 51
43 1 54
43 2 53
43 3 55
43 4 44
43 5 54
43 6 56
43 7 47
43 8 60
43 9 39
43 10 52
43 11 35
43 12 49
43 13 47
43 14 51
43 15 48
43 16 45
43 17 46
43 18 57
43 19 49
43 20 43
43 21 47
43 22 46
43 23 51
43 24 48
43 25 46
43 26 47
43 27 43
43 28 50
43 29 41
43 30 62
43 31 44
43 32 47
43 33 55
43 34 57
43 35 50
43 36 53
43 37 44
43 38 45
43 39 46
43 40 55
43 41 55
43 42 48
43 43 52
43 44 58
43 45 50
43 46 52
43 47 44
43 48 53
43 49 59
43 50 52
43 51 51
43 52 57
43 53 43
43 54 50
43 55 38
43 56 49
43 57 37
43 58 36
43 59 42
43 60 51
43 61 69
43 62 45
43 63 48
43 64 46
43 65 41
43 66 56
43 67 53
43 68 40
43 69 43
43 70 50
43 71 55
43 72 54
43 73 34
43 74 42
43 75 50
43 76 56
43 77 53
43 78 48
43 79 41
43 80 43
43 81 59
43 82 42
43 83 50
43 84 42
43 85 41
43 86 40
43 87 60
43 88 49
43 89 43
43 90 57
43 91 51
43 92 54
43 93 37
43 94 57
43 95 41
43 96 49
43 97 48
43 98 52
43 99 47
43 100 49
43 101 49
43 102 49
43 103 49
43 104 54
43 105 42
43 106 50
43 107 41
43 108 42
43 109 48
43 110 48
43 111 56
43 112 34
43 113 60
43 114 57
43 115 43
43 116 32
43 117 34
43 118 59
43 119 51
43 120 42
43 121 49
43 122 49
43 123 57
43 124 42
43 125 54
43 126 49
43 127 49
43 128 60
43 129 65
43 130 49
43 131 55
43 132 59
43 133 48
43 134 36
43 135 46
43 136 56
43 137 41
43 138 52
43 139 57
43 140 65
43 141 46
43 142 58
43 143 50
43 144 49
43 145 40
43 146 52
43 147 53
43 148 50
43 149 54
44 0 49
44 1 49
44 2 46
44 3 47
44 4 43
44 5 48
44 6 49
44 7 53
44 8 38
44 9 43
44 10 49
44 11 50
44 12 45
44 13 48
44 14 57
44 15 50
44 16 52
44 17 42
44 18 47
44 19 36
44 20 52
44 21 43
44 22 45
44 23 47
44 24 49
44 25 42
44 26 36
44 27 47
44 28 46
44 29 40
44 30 63
44 31 51
44 32 69
44 33 47
44 34 34
44 35 49
44 36 58
44 37 53
44 38 41
44 39 57
44 40 46
44 41 41
44 42 40
44 43 45
44 44 47
44 45 42
44 46 50
44 47 51
44 48 44
44 49 52
44 50 59
44 51 45
44 52 50
44 53 54
44 54 46
44 55 56
44 56 56
44 57 43
44 58 38
44 59 48
44 60 36
44 61 38
44 62 41
44 63 45
44 64 43
44 65 42
44 66 53
44 67 66
44 68 61
44 69 49
44 70 45
44 71 52
44 72 57
44 73 41
44 74 39
44 75 46
44 76 42
44 77 45
44 78 52
44 79 51
44 80 42
44 81 34
44 82 42
44 83 37
44 84 41
44 85 45
44 86 44
44 87 52
44 88 53
44 89 45
44 90 45
44 91 45
44 92 49
44 93 62
44 94 55
44 95 36
44 96 48
44 97 62
44 98 41
44 99 53
44 100 56
44 101 44
44 102 50
44 103 52
44 104 52
44 105 50
44 106 47
44 107 40
44 108 47
44 109 54
44 110 33
44 111 39
44 112 51
44 113 63
44 114 58
44 115 51
44 116 46
44 117 49
44 118 55
44 119 50
44 120 55
44 121 41
44 122 46
44 123 40
44 124 58
44 125 40
44 126 47
44 127 53
44 128 52
44 129 48
44 130 52
44 131 53
44 132 56
44 133 48
44 134 43
44 135 55
44 136 47
44 137 47
44 138 46
44 139 54
44 140 34
44 141 54
44 142 48
44 143 60
44 144 54
44 145 54
44 146 39
44 147 45
44 148 57
44 149 46
45 0 45
45 1 42
45 2 50
45 3 40
45 4 44
45 5 54
45 6 46
45 7 46
45 8 52
45 9 49
45 10 62
45 11 38
45 12 47
45 13 52
45 14 42
45 15 41
45 16 42
45 17 40
45 18 46
45 19 45
45 20 43
45 21 55
45 22 47
45 23 50
45 24 42
45 25 47
45 26 50
45 27 49
45 28 39
45 29 42
45 30 56
45 31 50
45 32 43
45 33 57
45 34 52
45 35 43
45 36 60
45 37 42
45 38 45
45 39 60
45 40 41
45 41 49
45 42 45
45 43 48
45 44 40
45 45 46
45 46 54
45 47 49
45 48 53
45 49 41
45 50 57
45 51 43
45 52 53
45 53 49
45 54 55
45 55 50
45 56 55
45 57 48
45 58 58
45 59 59
45 60 49
45 61 52
45 62 46
45 63 46
45 64 45
45 65 44
45 66 50
45 67 50
45 68 43
45 69 46
45 70 55
45 71 49
45 72 60
45 73 49
45 74 48
45 75 46
45 76 50
45 77 53
45 78 50
45 79 52
45 80 47
45 81 41
45 82 56
45 83 51
45 84 55
45 85 39
45 86 49
45 87 59
45 88 59
45 89 53
45 90 47
45 91 51
45 92 45
45 93 62
45 94 62
45 95 49
45 96 48
45 97 70
45 98 56
45 99 43
45 100 34
45 101 50
45 102 44
45 103 59
45 104 39
45 105 40
45 106 55
45 107 54
45 108 53
45 109 61
45 110 43
45 111 48
45 112 48
45 113 31
45 114 43
45 115 56
45 116 54
45 117 57
45 118 43
45 119 48
45 120 53
45 121 47
45 122 52
45 123 57
45 124 63
45 125 47
45 126 59
45 127 63
45 128 33
45 129 45
45 130 46
45 131 35
45 132 55
45 133 44
45 134 46
45 135 47
45 136 58
45 137 45
45 138 42
45 139 33
45 140 61
45 141 48
45 142 48
45 143 39
45 144 54
45 145 52
45 146 53
45 147 48
45 148 55
45 149 56
46 0 44
46 1 48
46 2 52
46 3 39
46 4 50
46 5 54
46 6 58
46 7 45
46 8 50
46 9 42
46 10 44
46 11 48
46 12 42
46 13 38
46 14 47
46 15 57
46 16 49
46 17 49
46 18 41
46 19 43
46 20 51
46 21 58
46 22 58
46 23 53
46 24 53
46 25 43
46 26 54
46 27 53
46 28 66
46 29 46
46 30 51
46 31 55
46 32 54
46 33 44
46 34 45
46 35 51
46 36 41
46 37 40
46 38 53
46 39 52
46 40 43
46 41 39
46 42 52
46 43 51
46 44 48
46 45 53
46 46 49
46 47 53
46 48 61
46 49 48
46 50 57
46 51 41
46 52 45
46 53 54
46 54 44
46 55 63
46 56 44
46 57 39
46 58 50
46 59 56
46 60 55
46 61 33
46 62 56
46 63 52
46 64 55
46 65 47
46 66 41
46 67 44
46 68 50
46 69 37
46 70 44
46 71 44
46 72 53
46 73 36
46 74 34
46 75 52
46 76 67
46 77 54
46 78 52
46 79 43
46 80 48
46 81 45
46 82 51
46 83 58
46 84 48
46 85 52
46 86 52
46 87 41
46 88 53
46 89 41
46 90 51
46 91 46
46 92 54
46 93 48
46 94 54
46 95 44
46 96 37
46 97 53
46 98 51
46 99 48
46 100 62
46 101 44
46 102 45
46 103 43
46 104 36
46 105 46
46 106 52
46 107 48
46 108 45
46 109 45
46 110 39
46 111 49
46 112 49
46 113 51
46 114 52
46 115 55
46 116 54
46 117 31
46 118 50
46 119 45
46 120 35
46 121 44
46 122 53
46 123 47
46 124 43
46 125 39
46 126 51
46 127 45
46 128 45
46 129 50
46 130 48
46 131 46
46 132 61
46 133 48
46 134 37
46 135 50
46 136 48
46 137 51
46 138 44
46 139 54
46 140 38
46 141 53
46 142 53
46 143 29
46 144 39
46 145 51
46 146 53
46 147 47
46 148 59
46 149 58
47 0 44
47 1 57
47 2 45
47 3 48
47 4 42
47 5 63
47 6 52
47 7 52
47 8 54
47 9 38
47 10 39
47 11 60
47 12 49
47 13 43
47 14 46
47 15 44
47 16 49
47 17 35
47 18 47
47 19 64
47 20 41
47 21 53
47 22 45
47 23 50
47 24 40
47 25 48
47 26 38
47 27 39
47 28 50
47 29 49
47 30 35
47 31 48
47 32 53
47 33 48
47 34 50
47 35 57
47 36 49
47 37 60
47 38 34
47 39 36
47 40 44
47 41 52
47 42 60
47 43 46
47 44 54
47 45 50
47 46 48
47 47 48
47 48 40
47 49 50
47 50 37
47 51 52
47 52 42
47 53 58
47 54 52
47 55 49
47 56 53
47 57 40
47 58 38
47 59 63
47 60 45
47 61 51
47 62 44
47 63 48
47 64 60
47 65 54
47 66 47
47 67 65
47 68 51
47 69 50
47 70 46
47 71 47
47 72 51
47 73 61
47 74 52
47 75 53
47 76 50
47 77 42
47 78 47
47 79 47
47 80 39
47 81 44
47 82 51
47 83 48
47 84 47
47 85 52
47 86 61
47 87 55
47 88 60
47 89 45
47 90 50
47 91 47
47 92 41
47 93 35
47 94 44
47 95 59
47 96 43
47 97 51
47 98 38
47 99 47
47 100 39
47 101 49
47 102 52
47 103 42
47 104 57
47 105 50
47 106 46
47 107 49
47 108 48
47 109 54
47 110 68
47 111 49
47 112 44
47 113 45
47 114 47
47 115 50
47 116 51
47 117 51
47 118 41
47 119 48
47 120 50
47 121 46
47 122 41
47 123 46
47 124 44
47 125 59
47 126 54
47 127 44
47 128 49
47 129 49
47 130 59
47 131 47
47 132 39
47 133 56
47 134 58
47 135 39
47 136 51
47 137 58
47 138 54
47 139 49
47 140 46
47 141 48
47 142 35
47 143 52
47 144 52
47 145 44
47 146 44
47 147 56
47 148 42
47 149 50
48 0 58
48 1 51
48 2 45
48 3 42
48 4 56
48 5 46
48 6 48
48 7 41
48 8 64
48 9 50
48 10 55
48 11 50
48 12 45
48 13 54
48 14 48
48 15 60
48 16 57
48 17 51
48 18 61
48 19 52
48 20 53
48 21 46
48 22 54
48 23 55
48 24 52
48 25 46
48 26 44
48 27 49
48 28 50
48 29 47
48 30 54
48 31 66
48 32 50
48 33 54
48 34 53
48 35 48
48 36 48
48 37 46
48 38 39
48 39 45
48 40 56
48 41 45
48 42 48
48 43 61
48 44 49
48 45 61
48 46 41
48 47 46
48 48 54
48 49 41
48 50 48
48 51 41
48 52 45
48 53 46
48 54 58
48 55 49
48 56 48
48 57 59
48 58 54
48 59 57
48 60 62
48 61 56
48 62 41
48 63 49
48 64 52
48 65 67
48 66 46
48 67 50
48 68 45
48 69 51
48 70 60
48 71 47
48 72 55
48 73 62
48 74 52
48 75 52
48 76 52
48 77 48
48 78 33
48 79 62
48 80 42
48 81 55
48 82 41
48 83 55
48 84 40
48 85 49
48 86 43
48 87 44
48 88 48
48 89 55
48 90 42
48 91 46
48 92 44
48 93 48
48 94 49
48 95 51
48 96 47
48 97 43
48 98 57
48 99 52
48 100 57
48 101 51
48 102 59
48 103 64
48 104 52
48 105 53
48 106 56
48 107 45
48 108 43
48 109 46
48 110 49
48 111 51
48 112 59
48 113 50
48 114 47
48 115 53
48 116 46
48 117 37
48 118 46
48 119 45
48 120 49
48 121 40
48 122 48
48 123 43
48 124 62
48 125 41
48 126 53
48 127 42
48 128 52
48 129 45
48 130 53
48 131 62
48 132 48
48 133 45
48 134 64
48 135 56
48 136 51
48 137 43
48 138 57
48 139 58
48 140 52
48 141 53
48 142 48
48 143 56
48 144 49
48 145 46
48 146 49
48 147 52
48 148 36
48 149 52
49 0 52
49 1 42
49 2 52
49 3 39
49 4 45
49 5 51
49 6 49
49 7 47
49 8 49
49 9 49
49 10 49
49 11 48
49 12 50
49 13 45
49 14 58
49 15 47
49 16 41
49 17 32
49 18 50
49 19 47
49 20 50
49 21 46
49 22 48
49 23 50
49 24 49
49 25 52
49 26 47
49 27 39
49 28 57
49 29 46
49 30 55
49 31 49
49 32 36
49 33 48
49 34 51
49 35 51
49 36 53
49 37 54
49 38 45
49 39 39
49 40 42
49 41 41
49 42 45
49 43 45
49 44 51
49 45 53
49 46 49
49 47 47
49 48 53
49 49 51
49 50 43
49 51 46
49 52 51
49 53 42
49 54 37
49 55 64
49 56 59
49 57 55
49 58 51
49 59 52
49 60 48
49 61 49
49 62 38
49 63 39
49 64 44
49 65 45
49 66 37
49 67 43
49 68 50
49 69 48
49 70 45
49 71 64
49 72 39
49 73 53
49 74 54
49 75 59
49 76 29
49 77 52
49 78 46
49 79 43
49 80 52
49 81 55
49 82 57
49 83 51
49 84 57
49 85 52
49 86 37
49 87 54
49 88 45
49 89 49
49 90 43
49 91 54
49 92 61
49 93 56
49 94 63
49 95 44
49 96 58
49 97 60
49 98 53
49 99 51
49 100 51
49 101 31
49 102 61
49 103 49
49 104 46
49 105 42
49 106 51
49 107 50
49 108 55
49 109 51
49 110 63
49 111 49
49 112 43
49 113 45
49 114 41
49 115 45
49 116 54
49 117 56
49 118 63
49 119 55
49 120 36
49 121 45
49 122 38
49 123 52
49 124 40
49 125 55
49 126 51
49 127 46
49 128 55
49 129 49
49 130 45
49 131 39
49 132 54
49 133 30
49 134 52
49 135 63
49 136 51
49 137 43
49 138 50
49 139 44
49 140 64
49 141 42
49 142 59
49 143 42
49 144 55
49 145 52
49 146 57
49 147 60
49 148 58
49 149 47
50 0 54
50 1 47
50 2 54
50 3 37
50 4 60
50 5 44
50 6 43
50 7 53
50 8 55
50 9 42
50 10 61
50 11 54
50 12 45
50 13 50
50 14 52
50 15 38
50 16 50
50 17 67
50 18 61
50 19 46
50 20 42
50 21 55
50 22 56
50 23 49
50 24 39
50 25 56
50 26 55
50 27 47
50 28 43
50 29 58
50 30 54
50 31 42
50 32 49
50 33 53
50 34 46
50 35 54
50 36 56
50 37 47
50 38 45
50 39 62
50 40 43
50 41 56
50 42 48
50 43 49
50 44 49
50 45 51
50 46 58
50 47 49
50 48 49
50 49 49
50 50 42
50 51 38
50 52 41
50 53 49
50 54 44
50 55 51
50 56 51
50 57 53
50 58 41
50 59 45
50 60 47
50 61 51
50 62 50
50 63 39
50 64 42
50 65 41
50 66 48
50 67 51
50 68 56
50 69 41
50 70 40
50 71 43
50 72 35
50 73 38
50 74 56
50 75 57
50 76 43
50 77 50
50 78 40
50 79 56
50 80 53
50 81 47
50 82 50
50 83 58
50 84 48
50 85 49
50 86 43
50 87 43
50 88 44
50 89 53
50 90 48
50 91 41
50 92 48
50 93 52
50 94 39
50 95 53
50 96 61
50 97 52
50 98 51
50 99 54
50 100 58
50 101 55
50 102 55
50 103 42
50 104 66
50 105 41
50 106 57
50 107 50
50 108 42
50 109 50
50 110 56
50 111 46
50 112 32
50 113 33
50 114 53
50 115 57
50 116 49
50 117 46
50 118 52
50 119 63
50 120 38
50 121 41
50 122 44
50 123 48
50 124 48
50 125 52
50 126 46
50 127 47
50 128 51
50 129 50
50 130 32
50 131 37
50 132 44
50 133 52
50 134 50
50 135 40
50 136 50
50 137 50
50 138 45
50 139 54
50 140 34
50 141 57
50 142 55
50 143 52
50 144 49
50 145 62
50 146 46
50 147 59
50 148 55
50 149 47
51 0 56
51 1 64
51 2 49
51 3 40
51 4 45
51 5 44
51 6 43
51 7 58
51 8 56
51 9 50
51 10 54
51 11 42
51 12 49
51 13 47
51 14 44
51 15 45
51 16 45
51 17 62
51 18 45
51 19 46
51 20 46
51 21 49
51 22 40
51 23 55
51 24 42
51 25 41
51 26 45
51 27 64
51 28 54
51 29 58
51 30 48
51 31 43
51 32 47
51 33 50
51 34 52
51 35 58
51 36 49
51 37 46
51 38 48
51 39 47
51 40 37
51 41 44
51 42 50
51 43 45
51 44 30
51 45 44
51 46 42
51 47 49
51 48 51
51 49 53
51 50 55
51 51 46
51 52 39
51 53 62
51 54 40
51 55 50
51 56 54
51 57 57
51 58 51
51 59 53
51 60 49
51 61 46
51 62 41
51 63 38
51 64 49
51 65 41
51 66 42
51 67 52
51 68 49
51 69 49
51 70 46
51 71 39
51 72 44
51 73 50
51 74 50
51 75 51
51 76 52
51 77 32
51 78 47
51 79 53
51 80 35
51 81 46
51 82 53
51 83 49
51 84 48
51 85 60
51 86 45
51 87 50
51 88 44
51 89 57
51 90 67
51 91 50
51 92 47
51 93 52
51 94 43
51 95 58
51 96 47
51 97 43
51 98 49
51 99 34
51 100 54
51 101 53
51 102 34
51 103 51
51 104 59
51 105 54
51 106 43
51 107 49
51 108 47
51 109 49
51 110 65
51 111 45
51 112 45
51 113 48
51 114 35
51 115 45
51 116 35
51 117 56
51 118 53
51 119 52
51 120 63
51 121 45
51 122 41
51 123 59
51 124 48
51 125 47
51 126 49
51 127 45
51 128 50
51 129 47
51 130 51
51 131 54
51 132 49
51 133 55
51 134 49
51 135 54
51 136 46
51 137 40
51 138 53
51 139 63
51 140 38
51 141 63
51 142 48
51 143 44
51 144 51
51 145 49
51 146 52
51 147 60
51 148 56
51 149 44
52 0 54
52 1 44
52 2 52
52 3 51
52 4 48
52 5 47
52 6 47
52 7 45
52 8 48
52 9 46
52 10 41
52 11 42
52 12 52
52 13 48
52 14 52
52 15 26
52 16 56
52 17 52
52 18 60
52 19 52
52 20 60
52 21 46
52 22 53
52 23 56
52 24 55
52 25 59
52 26 57
52 27 53
52 28 54
52 29 50
52 30 49
52 31 48
52 32 40
52 33 41
52 34 63
52 35 51
52 36 40
52 37 41
52 38 59
52 39 48
52 40 64
52 41 44
52 42 59
52 43 47
52 44 41
52 45 51
52 46 62
52 47 63
52 48 47
52 49 48
52 50 43
52 51 36
52 52 43
52 53 50
52 54 50
52 55 44
52 56 52
52 57 33
52 58 65
52 59 36
52 60 49
52 61 39
52 62 48
52 63 45
52 64 55
52 65 43
52 66 56
52 67 40
52 68 47
52 69 33
52 70 48
52 71 52
52 72 39
52 73 50
52 74 56
52 75 57
52 76 47
52 77 53
52 78 51
52 79 40
52 80 49
52 81 52
52 82 57
52 83 59
52 84 59
52 85 50
52 86 44
52 87 48
52 88 39
52 89 48
52 90 47
52 91 61
52 92 43
52 93 44
52 94 48
52 95 40
52 96 40
52 97 48
52 98 35
52 99 22
52 100 53
52 101 53
52 102 49
52 103 38
52 104 46
52 105 54
52 106 47
52 107 42
52 108 40
52 109 41
52 110 49
52 111 48
52 112 41
52 113 46
52 114 41
52 115 44
52 116 46
52 117 63
52 118 47
52 119 44
52 120 36
52 121 45
52 122 53
52 123 51
52 124 55
52 125 42
52 126 44
52 127 43
52 128 59
52 129 55
52 130 51
52 131 51
52 132 52
52 133 50
52 134 59
52 135 41
52 136 44
52 137 43
52 138 42
52 139 46
52 140 56
52 141 59
52 142 57
52 143 41
52 144 49
52 145 58
52 146 49
52 147 45
52 148 49
52 149 48
53 0 58
53 1 46
53 2 48
53 3 49
53 4 54
53 5 51
53 6 44
53 7 55
53 8 42
53 9 50
53 10 43
53 11 54
53 12 56
53 13 43
53 14 57
53 15 56
53 16 50
53 17 50
53 18 39
53 19 44
53 20 45
53 21 49
53 22 45
53 23 51
53 24 40
53 25 41
53 26 52
53 27 44
53 28 61
53 29 49
53 30 55
53 31 58
53 32 60
53 33 46
53 34 57
53 35 59
53 36 46
53 37 54
53 38 54
53 39 66
53 40 57
53 41 48
53 42 54
53 43 44
53 44 29
53 45 30
53 46 43
53 47 49
53 48 62
53 49 54
53 50 53
53 51 44
53 52 59
53 53 47
53 54 57
53 55 41
53 56 39
53 57 49
53 58 51
53 59 51
53 60 40
53 61 58
53 62 48
53 63 55
53 64 62
53 65 47
53 66 45
53 67 55
53 68 45
53 69 51
53 70 44
53 71 49
53 72 43
53 73 48
53 74 45
53 75 59
53 76 36
53 77 55
53 78 52
53 79 59
53 80 49
53 81 40
53 82 51
53 83 41
53 84 39
53 85 48
53 86 42
53 87 55
53 88 54
53 89 56
53 90 42
53 91 59
53 92 49
53 93 42
53 94 49
53 95 51
53 96 45
53 97 56
53 98 52
53 99 42
53 100 31
53 101 60
53 102 46
53 103 39
53 104 46
53 105 45
53 106 55
53 107 54
53 108 50
53 109 42
53 110 48
53 111 57
53 112 53
53 113 49
53 114 47
53 115 30
53 116 41
53 117 53
53 118 48
53 119 49
53 120 45
53 121 56
53 122 44
53 123 51
53 124 57
53 125 52
53 126 49
53 127 48
53 128 47
53 129 50
53 130 58
53 131 49
53 132 51
53 133 56
53 134 55
53 135 45
53 136 48
53 137 46
53 138 57
53 139 56
53 140 58
53 141 56
53 142 52
53 143 49
53 144 49
53 145 57
53 146 46
53 147 46
53 148 41
53 149 52
54 0 40
54 1 55
54 2 50
54 3 50
54 4 44
54 5 49
54 6 41
54 7 46
54 8 49
54 9 44
54 10 58
54 11 48
54 12 56
54 13 42
54 14 49
54 15 48
54 16 41
54 17 40
54 18 49
54 19 52
54 20 62
54 21 55
54 22 42
54 23 49
54 24 48
54 25 55
54 26 51
54 27 48
54 28 51
54 29 53
54 30 56
54 31 47
54 32 58
54 33 51
54 34 51
54 35 61
54 36 36
54 37 64
54 38 43
54 39 52
54 40 57
54 41 42
54 42 62
54 43 55
54 44 59
54 45 44
54 46 53
54 47 44
54 48 46
54 49 44
54 50 55
54 51 43
54 52 47
54 53 54
54 54 44
54 55 51
54 56 45
54 57 48
54 58 46
54 59 45
54 60 45
54 61 61
54 62 50
54 63 50
54 64 38
54 65 47
54 66 40
54 67 47
54 68 52
54 69 49
54 70 57
54 71 55
54 72 51
54 73 37
54 74 58
54 75 58
54 76 47
54 77 50
54 78 50
54 79 46
54 80 47
54 81 53
54 82 48
54 83 35
54 84 57
54 85 45
54 86 46
54 87 61
54 88 47
54 89 60
54 90 39
54 91 41
54 92 42
54 93 51
54 94 53
54 95 59
54 96 53
54 97 51
54 98 43
54 99 52
54 100 47
54 101 54
54 102 47
54 103 52
54 104 56
54 105 52
54 106 51
54 107 49
54 108 38
54 109 42
54 110 45
54 111 64
54 112 46
54 113 38
54 114 49
54 115 44
54 116 42
54 117 38
54 118 45
54 119 48
54 120 46
54 121 39
54 122 56
54 123 36
54 124 52
54 125 47
54 126 46
54 127 47
54 128 49
54 129 57
54 130 40
54 131 56
54 132 36
54 133 49
54 134 51
54 135 52
54 136 46
54 137 48
54 138 51
54 139 41
54 140 34
54 141 44
54 142 50
54 143 51
54 144 39
54 145 44
54 146 60
54 147 48
54 148 42
54 149 53
55 0 48
55 1 58
55 2 48
55 3 47
55 4 53
55 5 53
55 6 53
55 7 52
55 8 36
55 9 58
55 10 59
55 11 49
55 12 31
55 13 52
55 14 56
55 15 50
55 16 66
55 17 51
55 18 46
55 19 43
55 20 56
55 21 57
55 22 50
55 23 61
55 24 54
55 25 47
55 26 46
55 27 50
55 28 55
55 29 51
55 30 44
55 31 58
55 32 45
55 33 41
55 34 45
55 35 49
55 36 43
55 37 51
55 38 41
55 39 52
55 40 42
55 41 36
55 42 53
55 43 52
55 44 50
55 45 44
55 46 44
55 47 48
55 48 41
55 49 58
55 50 55
55 51 61
55 52 66
55 53 61
55 54 56
55 55 43
55 56 43
55 57 43
55 58 39
55 59 59
55 60 47
55 61 54
55 62 45
55 63 39
55 64 48
55 65 41
55 66 55
55 67 62
55 68 48
55 69 53
55 70 37
55 71 49
55 72 55
55 73 46
55 74 54
55 75 47
55 76 62
55 77 41
55 78 60
55 79 54
55 80 43
55 81 40
55 82 65
55 83 48
55 84 59
55 85 48
55 86 44
55 87 36
55 88 37
55 89 51
55 90 45
55 91 43
55 92 53
55 93 54
55 94 50
55 95 46
55 96 62
55 97 57
55 98 42
55 99 64
55 100 47
55 101 55
55 102 51
55 103 49
55 104 56
55 105 51
55 106 36
55 107 41
55 108 58
55 109 56
55 110 46
55 111 55
55 112 45
55 113 50
55 114 56
55 115 52
55 116 53
55 117 50
55 118 53
55 119 48
55 120 51
55 121 57
55 122 56
55 123 58
55 124 41
55 125 47
55 126 40
55 127 57
55 128 61
55 129 44
55 130 45
55 131 49
55 132 51
55 133 47
55 134 45
55 135 63
55 136 39
55 137 54
55 138 60
55 139 50
55 140 46
55 141 53
55 142 55
55 143 56
55 144 47
55 145 59
55 146 61
55 147 45
55 148 46
55 149 35
56 0 39
56 1 60
56 2 43
56 3 35
56 4 48
56 5 52
56 6 50
56 7 52
56 8 59
56 9 46
56 10 48
56 11 57
56 12 57
56 13 54
56 14 49
56 15 47
56 16 40
56 17 45
56 18 64
56 19 36
56 20 53
56 21 44
56 22 49
56 23 55
56 24 51
56 25 61
56 26 56
56 27 33
56 28 55
56 29 56
56 30 61
56 31 59
56 32 44
56 33 55
56 34 51
56 35 39
56 36 49
56 37 54
56 38 43
56 39 61
56 40 43
56 41 46
56 42 52
56 43 49
56 44 62
56 45 53
56 46 61
56 47 45
56 48 45
56 49 42
56 50 53
56 51 53
56 52 61
56 53 61
56 54 63
56 55 48
56 56 58
56 57 36
56 58 48
56 59 50
56 60 48
56 61 48
56 62 54
56 63 56
56 64 42
56 65 57
56 66 43
56 67 35
56 68 55
56 69 58
56 70 41
56 71 48
56 72 50
56 73 52
56 74 52
56 75 38
56 76 47
56 77 62
56 78 44
56 79 48
56 80 56
56 81 45
56 82 61
56 83 45
56 84 57
56 85 57
56 86 41
56 87 50
56 88 49
56 89 40
56 90 40
56 91 44
56 92 48
56 93 55
56 94 57
56 95 53
56 96 57
56 97 49
56 98 60
56 99 53
56 100 42
56 101 55
56 102 48
56 103 44
56 104 59
56 105 42
56 106 47
56 107 35
56 108 55
56 109 48
56 110 53
56 111 62
56 112 47
56 113 41
56 114 46
56 115 48
56 116 44
56 117 47
56 118 49
56 119 38
56 120 34
56 121 53
56 122 52
56 123 40
56 124 63
56 125 56
56 126 43
56 127 52
56 128 37
56 129 46
56 130 44
56 131 46
56 132 42
56 133 52
56 134 45
56 135 43
56 136 45
56 137 58
56 138 48
56 139 48
56 140 47
56 141 56
56 142 49
56 143 51
56 144 50
56 145 44
56 146 59
56 147 58
56 148 61
56 149 52
57 0 44
57 1 40
57 2 52
57 3 44
57 4 64
57 5 44
57 6 61
57 7 49
57 8 39
57 9 50
57 10 40
57 11 46
57 12 43
57 13 49
57 14 49
57 15 58
57 16 56
57 17 64
57 18 47
57 19 58
57 20 52
57 21 58
57 22 41
57 23 46
57 24 68
57 25 42
57 26 49
57 27 55
57 28 69
57 29 47
57 30 57
57 31 48
57 32 43
57 33 50
57 34 65
57 35 53
57 36 49
57 37 57
57 38 47
57 39 45
57 40 50
57 41 60
57 42 48
57 43 48
57 44 53
57 45 54
57 46 45
57 47 56
57 48 53
57 49 44
57 50 41
57 51 47
57 52 45
57 53 42
57 54 58
57 55 48
57 56 43
57 57 52
57 58 41
57 59 57
57 60 42
57 61 46
57 62 56
57 63 54
57 64 48
57 65 45
57 66 47
57 67 57
57 68 43
57 69 44
57 70 63
57 71 53
57 72 49
57 73 42
57 74 52
57 75 45
57 76 52
57 77 35
57 78 55
57 79 67
57 80 46
57 81 50
57 82 54
57 83 55
57 84 50
57 85 46
57 86 52
57 87 55
57 88 49
57 89 49
57 90 41
57 91 61
57 92 55
57 93 47
57 94 54
57 95 54
57 96 59
57 97 56
57 98 59
57 99 54
57 100 51
57 101 46
57 102 48
57 103 39
57 104 48
57 105 67
57 106 52
57 107 51
57 108 56
57 109 45
57 110 46
57 111 51
57 112 37
57 113 50
57 114 54
57 115 57
57 116 45
57 117 48
57 118 56
57 119 53
57 120 51
57 121 52
57 122 50
57 123 54
57 124 56
57 125 50
57 126 56
57 127 56
57 128 48
57 129 43
57 130 55
57 131 60
57 132 45
57 133 41
57 134 54
57 135 41
57 136 41
57 137 53
57 138 43
57 139 47
57 140 40
57 141 50
57 142 42
57 143 51
57 144 54
57 145 48
57 146 51
57 147 27
57 148 52
57 149 51
58 0 39
58 1 49
58 2 42
58 3 54
58 4 41
58 5 43
58 6 50
58 7 59
58 8 52
58 9 56
58 10 55
58 11 52
58 12 43
58 13 44
58 14 41
58 15 59
58 16 36
58 17 53
58 18 64
58 19 45
58 20 45
58 21 43
58 22 59
58 23 41
58 24 43
58 25 45
58 26 47
58 27 48
58 28 55
58 29 46
58 30 51
58 31 45
58 32 56
58 33 42
58 34 44
58 35 51
58 36 49
58 37 51
58 38 52
58 39 52
58 40 46
58 41 50
58 42 43
58 43 44
58 44 45
58 45 59
58 46 52
58 47 43
58 48 44
58 49 49
58 50 53
58 51 43
58 52 48
58 53 40
58 54 44
58 55 44
58 56 48
58 57 44
58 58 52
58 59 46
58 60 53
58 61 56
58 62 42
58 63 51
58 64 47
58 65 49
58 66 48
58 67 55
58 68 55
58 69 55
58 70 51
58 71 57
58 72 45
58 73 45
58 74 46
58 75 36
58 76 36
58 77 59
58 78 46
58 79 37
58 80 61
58 81 51
58 82 46
58 83 48
58 84 37
58 85 36
58 86 48
58 87 52
58 88 59
58 89 47
58 90 55
58 91 58
58 92 42
58 93 56
58 94 51
58 95 35
58 96 53
58 97 40
58 98 48
58 99 47
58 100 59
58 101 38
58 102 44
58 103 53
58 104 41
58 105 41
58 106 52
58 107 42
58 108 42
58 109 36
58 110 43
58 111 41
58 112 53
58 113 52
58 114 43
58 115 47
58 116 51
58 117 46
58 118 54
58 119 40
58 120 46
58 121 54
58 122 38
58 123 50
58 124 39
58 125 46
58 126 53
58 127 49
58 128 48
58 129 46
58 130 38
58 131 54
58 132 34
58 133 52
58 134 36
58 135 58
58 136 51
58 137 54
58 138 51
58 139 57
58 140 41
58 141 45
58 142 39
58 143 46
58 144 46
58 145 53
58 146 69
58 147 50
58 148 50
58 149 39
59 0 38
59 1 53
59 2 49
59 3 41
59 4 50
59 5 58
59 6 52
59 7 48
59 8 51
59 9 49
59 10 41
59 11 42
59 12 36
59 13 45
59 14 50
59 15 52
59 16 37
59 17 58
59 18 46
59 19 45
59 20 45
59 21 44
59 22 48
59 23 56
59 24 45
59 25 45
59 26 45
59 27 53
59 28 52
59 29 44
59 30 51
59 31 52
59 32 50
59 33 52
59 34 52
59 35 58
59 36 39
59 37 44
59 38 45
59 39 51
59 40 43
59 41 48
59 42 41
59 43 43
59 44 46
59 45 44
59 46 54
59 47 58
59 48 45
59 49 51
59 50 43
59 51 52
59 52 50
59 53 49
59 54 53
59 55 43
59 56 34
59 57 44
59 58 47
59 59 49
59 60 35
59 61 36
59 62 51
59 63 55
59 64 52
59 65 50
59 66 56
59 67 44
59 68 39
59 69 35
59 70 41
59 71 46
59 72 38
59 73 46
59 74 46
59 75 46
59 76 40
59 77 56
59 78 44
59 79 62
59 80 56
59 81 36
59 82 49
59 83 44
59 84 51
59 85 53
59 86 58
59 87 67
59 88 41
59 89 55
59 90 54
59 91 57
59 92 58
59 93 51
59 94 47
59 95 45
59 96 42
59 97 56
59 98 57
59 99 49
59 100 58
59 101 51
59 102 62
59 103 54
59 104 50
59 105 43
59 106 49
59 107 55
59 108 42
59 109 56
59 110 62
59 111 50
59 112 58
59 113 39
59 114 43
59 115 48
59 116 45
59 117 65
59 118 38
59 119 51
59 120 43
59 121 44
59 122 51
59 123 56
59 124 46
59 125 47
59 126 41
59 127 50
59 128 41
59 129 41
59 130 48
59 131 44
59 132 60
59 133 55
59 134 54
59 135 48
59 136 49
59 137 53
59 138 60
59 139 38
59 140 43
59 141 40
59 142 38
59 143 53
59 144 42
59 145 50
59 146 47
59 147 47
59 148 52
59 149 41
60 0 53
60 1 50
60 2 49
60 3 51
60 4 59
60 5 61
60 6 40
60 7 43
60 8 45
60 9 42
60 10 45
60 11 45
60 12 47
60 13 44
60 14 53
60 15 38
60 16 49
60 17 50
60 18 55
60 19 57
60 20 59
60 21 46
60 22 51
60 23 55
60 24 52
60 25 40
60 26 53
60 27 49
60 28 51
60 29 40
60 30 46
60 31 50
60 32 53
60 33 56
60 34 52
60 35 40
60 36 50
60 37 42
60 38 42
60 39 42
60 40 54
60 41 45
60 42 59
60 43 44
60 44 64
60 45 50
60 46 35
60 47 45
60 48 51
60 49 58
60 50 48
60 51 59
60 52 56
60 53 46
60 54 61
60 55 60
60 56 48
60 57 45
60 58 63
60 59 54
60 60 52
60 61 50
60 62 50
60 63 47
60 64 55
60 65 62
60 66 60
60 67 50
60 68 55
60 69 48
60 70 48
60 71 54
60 72 57
60 73 57
60 74 41
60 75 51
60 76 54
60 77 39
60 78 59
60 79 57
60 80 55
60 81 37
60 82 56
60 83 57
60 84 55
60 85 47
60 86 52
60 87 42
60 88 47
60 89 42
60 90 48
60 91 48
60 92 53
60 93 46
60 94 56
60 95 40
60 96 57
60 97 48
60 98 41
60 99 65
60 100 59
60 101 39
60 102 49
60 103 49
60 104 42
60 105 49
60 106 35
60 107 44
60 108 58
60 109 44
60 110 42
60 111 57
60 112 51
60 113 36
60 114 43
60 115 51
60 116 42
60 117 49
60 118 47
60 119 44
60 120 54
60 121 53
60 122 46
60 123 38
60 124 50
60 125 36
60 126 51
60 127 61
60 128 37
60 129 57
60 130 49
60 131 45
60 132 46
60 133 42
60 134 49
60 135 58
60 136 57
60 137 48
60 138 51
60 139 51
60 140 50
60 141 60
60 142 50
60 143 49
60 144 42
60 145 36
60 146 45
60 147 44
60 148 37
60 149 53
61 0 44
61 1 35
61 2 52
61 3 57
61 4 66
61 5 39
61 6 39
61 7 51
61 8 57
61 9 58
61 10 38
61 11 50
61 12 41
61 13 49
61 14 64
61 15 45
61 16 55
61 17 51
61 18 48
61 19 45
61 20 53
61 21 48
61 22 49
61 23 40
61 24 48
61 25 53
61 26 48
61 27 44
61 28 43
61 29 41
61 30 41
61 31 59
61 32 36
61 33 53
61 34 40
61 35 54
61 36 42
61 37 46
61 38 41
61 39 59
61 40 38
61 41 57
61 42 52
61 43 50
61 44 47
61 45 47
61 46 45
61 47 55
61 48 50
61 49 30
61 50 54
61 51 52
61 52 44
61 53 58
61 54 42
61 55 58
61 56 48
61 57 52
61 58 47
61 59 42
61 60 42
61 61 56
61 62 49
61 63 50
61 64 50
61 65 47
61 66 45
61 67 57
61 68 41
61 69 43
61 70 44
61 71 59
61 72 61
61 73 51
61 74 48
61 75 44
61 76 55
61 77 48
61 78 52
61 79 50
61 80 60
61 81 64
61 82 55
61 83 44
61 84 54
61 85 45
61 86 50
61 87 64
61 88 63
61 89 40
61 90 56
61 91 53
61 92 55
61 93 57
61 94 47
61 95 48
61 96 37
61 97 47
61 98 41
61 99 56
61 100 63
61 101 38
61 102 53
61 103 51
61 104 35
61 105 54
61 106 57
61 107 44
61 108 53
61 109 49
61 110 48
61 111 54
61 112 38
61 113 62
61 114 53
61 115 41
61 116 46
61 117 42
61 118 42
61 119 43
61 120 40
61 121 53
61 122 57
61 123 47
61 124 50
61 125 48
61 126 43
61 127 53
61 128 51
61 129 48
61 130 40
61 131 45
61 132 49
61 133 51
61 134 47
61 135 46
61 136 52
61 137 56
61 138 46
61 139 43
61 140 46
61 141 50
61 142 60
61 143 50
61 144 38
61 145 50
61 146 58
61 147 49
61 148 49
61 149 47
62 0 42
62 1 69
62 2 49
62 3 48
62 4 54
62 5 40
62 6 48
62 7 47
62 8 40
62 9 44
62 10 42
62 11 48
62 12 46
62 13 49
62 14 35
62 15 52
62 16 51
62 17 46
62 18 58
62 19 56
62 20 54
62 21 62
62 22 57
62 23 37
62 24 46
62 25 44
62 26 54
62 27 61
62 28 51
62 29 35
62 30 50
62 31 44
62 32 49
62 33 39
62 34 56
62 35 43
62 36 49
62 37 56
62 38 53
62 39 46
62 40 56
62 41 54
62 42 38
62 43 53
62 44 47
62 45 50
62 46 38
62 47 51
62 48 49
62 49 54
62 50 46
62 51 48
62 52 50
62 53 38
62 54 53
62 55 57
62 56 55
62 57 49
62 58 53
62 59 48
62 60 59
62 61 60
62 62 41
62 63 63
62 64 53
62 65 55
62 66 41
62 67 37
62 68 43
62 69 39
62 70 64
62 71 49
62 72 40
62 73 40
62 74 38
62 75 55
62 76 53
62 77 42
62 78 59
62 79 52
62 80 47
62 81 48
62 82 46
62 83 57
62 84 51
62 85 39
62 86 58
62 87 53
62 88 53
62 89 44
62 90 63
62 91 38
62 92 38
62 93 57
62 94 39
62 95 47
62 96 68
62 97 62
62 98 39
62 99 45
62 100 48
62 101 44
62 102 45
62 103 48
62 104 51
62 105 40
62 106 52
62 107 39
62 108 53
62 109 55
62 110 45
62 111 51
62 112 40
62 113 42
62 114 54
62 115 59
62 116 43
62 117 53
62 118 55
62 119 58
62 120 49
62 121 53
62 122 43
62 123 54
62 124 54
62 125 52
62 126 47
62 127 52
62 128 55
62 129 49
62 130 55
62 131 56
62 132 46
62 133 42
62 134 44
62 135 45
62 136 43
62 137 45
62 138 50
62 139 45
62 140 43
62 141 58
62 142 57
62 143 48
62 144 39
62 145 48
62 146 48
62 147 56
62 148 56
62 149 45
63 0 45
63 1 48
63 2 32
63 3 36
63 4 44
63 5 45
63 6 49
63 7 43
63 8 48
63 9 53
63 10 43
63 11 45
63 12 44
63 13 51
63 14 58
63 15 54
63 16 41
63 17 46
63 18 36
63 19 43
63 20 53
63 21 49
63 22 50
63 23 54
63 24 56
63 25 47
63 26 41
63 27 54
63 28 45
63 29 56
63 30 48
63 31 44
63 32 58
63 33 51
63 34 47
63 35 45
63 36 59
63 37 48
63 38 39
63 39 46
63 40 47
63 41 70
63 42 52
63 43 50
63 44 44
63 45 44
63 46 58
63 47 52
63 48 44
63 49 45
63 50 35
63 51 48
63 52 41
63 53 33
63 54 55
63 55 53
63 56 50
63 57 40
63 58 37
63 59 56
63 60 47
63 61 53
63 62 44
63 63 39
63 64 43
63 65 38
63 66 64
63 67 45
63 68 49
63 69 49
63 70 56
63 71 48
63 72 39
63 73 50
63 74 55
63 75 46
63 76 51
63 77 72
63 78 58
63 79 60
63 80 51
63 81 62
63 82 51
63 83 48
63 84 41
63 85 46
63 86 46
63 87 49
63 88 43
63 89 62
63 90 54
63 91 49
63 92 47
63 93 42
63 94 43
63 95 52
63 96 46
63 97 60
63 98 37
63 99 52
63 100 55
63 101 55
63 102 52
63 103 56
63 104 49
63 105 37
63 106 51
63 107 40
63 108 44
63 109 54
63 110 42
63 111 55
63 112 52
63 113 49
63 114 57
63 115 45
63 116 49
63 117 43
63 118 51
63 119 63
63 120 46
63 121 51
63 122 44
63 123 49
63 124 51
63 125 48
63 126 46
63 127 55
63 128 52
63 129 50
63 130 51
63 131 47
63 132 56
63 133 52
63 134 44
63 135 58
63 136 47
63 137 49
63 138 37
63 139 44
63 140 57
63 141 47
63 142 37
63 143 45
63 144 49
63 145 43
63 146 41
63 147 53
63 148 52
63 149 51
64 0 58
64 1 58
64 2 49
64 3 47
64 4 50
64 5 52
64 6 48
64 7 51
64 8 56
64 9 35
64 10 53
64 11 47
64 12 48
64 13 54
64 14 54
64 15 55
64 16 45
64 17 34
64 18 41
64 19 49
64 20 40
64 21 57
64 22 55
64 23 52
64 24 42
64 25 52
64 26 48
64 27 47
64 28 44
64 29 51
64 30 47
64 31 43
64 32 52
64 33 44
64 34 55
64 35 52
64 36 44
64 37 51
64 38 48
64 39 62
64 40 53
64 41 48
64 42 63
64 43 44
64 44 49
64 45 39
64 46 47
64 47 45
64 48 53
64 49 64
64 50 37
64 51 66
64 52 48
64 53 48
64 54 57
64 55 46
64 56 45
64 57 42
64 58 51
64 59 47
64 60 63
64 61 45
64 62 57
64 63 48
64 64 44
64 65 41
64 66 57
64 67 52
64 68 74
64 69 51
64 70 51
64 71 51
64 72 63
64 73 41
64 74 48
64 75 45
64 76 43
64 77 56
64 78 54
64 79 52
64 80 47
64 81 42
64 82 43
64 83 39
64 84 47
64 85 58
64 86 51
64 87 49
64 88 62
64 89 51
64 90 45
64 91 47
64 92 51
64 93 40
64 94 51
64 95 46
64 96 50
64 97 33
64 98 47
64 99 61
64 100 35
64 101 49
64 102 44
64 103 46
64 104 42
64 105 61
64 106 47
64 107 48
64 108 46
64 109 63
64 110 55
64 111 52
64 112 56
64 113 38
64 114 57
64 115 52
64 116 50
64 117 46
64 118 50
64 119 50
64 120 63
64 121 43
64 122 56
64 123 44
64 124 57
64 125 59
64 126 47
64 127 53
64 128 35
64 129 53
64 130 40
64 131 46
64 132 41
64 133 40
64 134 41
64 135 51
64 136 51
64 137 46
64 138 36
64 139 57
64 140 43
64 141 44
64 142 58
64 143 31
64 144 50
64 145 46
64 146 34
64 147 45
64 148 47
64 149 56
65 0 43
65 1 42
65 2 58
65 3 51
65 4 51
65 5 40
65 6 54
65 7 56
65 8 57
65 9 42
65 10 51
65 11 54
65 12 53
65 13 32
65 14 52
65 15 53
65 16 52
65 17 52
65 18 46
65 19 61
65 20 48
65 21 50
65 22 46
65 23 56
65 24 54
65 25 54
65 26 58
65 27 50
65 28 51
65 29 46
65 30 46
65 31 48
65 32 42
65 33 55
65 34 43
65 35 39
65 36 44
65 37 39
65 38 51
65 39 41
65 40 45
65 41 46
65 42 60
65 43 54
65 44 50
65 45 52
65 46 54
65 47 39
65 48 55
65 49 55
65 50 47
65 51 49
65 52 57
65 53 46
65 54 56
65 55 43
65 56 56
65 57 44
65 58 48
65 59 40
65 60 52
65 61 62
65 62 55
65 63 37
65 64 52
65 65 50
65 66 53
65 67 48
65 68 48
65 69 56
65 70 44
65 71 42
65 72 37
65 73 45
65 74 42
65 75 44
65 76 50
65 77 54
65 78 42
65 79 57
65 80 45
65 81 39
65 82 52
65 83 54
65 84 45
65 85 59
65 86 44
65 87 42
65 88 46
65 89 53
65 90 60
65 91 59
65 92 53
65 93 46
65 94 54
65 95 38
65 96 49
65 97 53
65 98 43
65 99 48
65 100 60
65 101 47
65 102 53
65 103 47
65 104 53
65 105 55
65 106 53
65 107 39
65 108 56
65 109 52
65 110 58
65 111 40
65 112 50
65 113 51
65 114 58
65 115 58
65 116 55
65 117 38
65 118 56
65 119 59
65 120 48
65 121 50
65 122 53
65 123 44
65 124 53
65 125 61
65 126 50
65 127 45
65 128 50
65 129 47
65 130 53
65 131 51
65 132 52
65 133 53
65 134 57
65 135 52
65 136 47
65 137 45
65 138 36
65 139 37
65 140 43
65 141 44
65 142 41
65 143 42
65 144 49
65 145 41
65 146 49
65 147 51
65 148 46
65 149 39
66 0 40
66 1 55
66 2 44
66 3 57
66 4 40
66 5 48
66 6 49
66 7 46
66 8 55
66 9 50
66 10 54
66 11 50
66 12 52
66 13 45
66 14 46
66 15 54
66 16 56
66 17 55
66 18 56
66 19 41
66 20 53
66 21 39
66 22 45
66 23 50
66 24 47
66 25 50
66 26 48
66 27 49
66 28 57
66 29 48
66 30 40
66 31 52
66 32 47
66 33 41
66 34 49
66 35 42
66 36 46
66 37 57
66 38 55
66 39 38
66 40 53
66 41 50
66 42 49
66 43 53
66 44 49
66 45 56
66 46 47
66 47 58
66 48 53
66 49 57
66 50 40
66 51 50
66 52 45
66 53 53
66 54 37
66 55 48
66 56 35
66 57 43
66 58 47
66 59 45
66 60 48
66 61 56
66 62 52
66 63 41
66 64 59
66 65 59
66 66 47
66 67 48
66 68 53
66 69 52
66 70 54
66 71 40
66 72 46
66 73 37
66 74 46
66 75 54
66 76 42
66 77 42
66 78 40
66 79 49
66 80 44
66 81 51
66 82 53
66 83 38
66 84 51
66 85 61
66 86 38
66 87 41
66 88 50
66 89 53
66 90 42
66 91 51
66 92 49
66 93 42
66 94 49
66 95 54
66 96 47
66 97 28
66 98 55
66 99 42
66 100 55
66 101 41
66 102 38
66 103 60
66 104 60
66 105 37
66 106 57
66 107 48
66 108 43
66 109 45
66 110 42
66 111 48
66 112 43
66 113 40
66 114 48
66 115 56
66 116 52
66 117 53
66 118 53
66 119 46
66 120 49
66 121 38
66 122 49
66 123 62
66 124 50
66 125 44
66 126 49
66 127 55
66 128 51
66 129 63
66 130 60
66 131 55
66 132 55
66 133 44
66 134 38
66 135 45
66 136 36
66 137 45
66 138 46
66 139 49
66 140 40
66 141 41
66 142 46
66 143 38
66 144 56
66 145 59
66 146 49
66 147 54
66 148 45
66 149 47
67 0 64
67 1 44
67 2 52
67 3 47
67 4 37
67 5 53
67 6 46
67 7 56
67 8 47
67 9 47
67 10 46
67 11 60
67 12 52
67 13 46
67 14 47
67 15 58
67 16 46
67 17 45
67 18 49
67 19 49
67 20 59
67 21 52
67 22 47
67 23 49
67 24 41
67 25 52
67 26 31
67 27 42
67 28 35
67 29 65
67 30 45
67 31 51
67 32 55
67 33 47
67 34 43
67 35 52
67 36 43
67 37 39
67 38 42
67 39 51
67 40 44
67 41 51
67 42 50
67 43 32
67 44 40
67 45 40
67 46 51
67 47 49
67 48 51
67 49 48
67 50 46
67 51 57
67 52 44
67 53 50
67 54 46
67 55 61
67 56 36
67 57 56
67 58 50
67 59 48
67 60 45
67 61 53
67 62 42
67 63 51
67 64 36
67 65 50
67 66 41
67 67 59
67 68 49
67 69 41
67 70 45
67 71 53
67 72 42
67 73 62
67 74 48
67 75 42
67 76 48
67 77 54
67 78 53
67 79 49
67 80 41
67 81 47
67 82 47
67 83 55
67 84 51
67 85 40
67 86 55
67 87 51
67 88 61
67 89 44
67 90 53
67 91 54
67 92 64
67 93 52
67 94 38
67 95 55
67 96 47
67 97 48
67 98 51
67 99 59
67 100 54
67 101 57
67 102 56
67 103 43
67 104 52
67 105 48
67 106 45
67 107 59
67 108 49
67 109 53
67 110 48
67 111 57
67 112 56
67 113 49
67 114 56
67 115 55
67 116 37
67 117 45
67 118 43
67 119 47
67 120 56
67 121 48
67 122 62
67 123 44
67 124 44
67 125 67
67 126 41
67 127 54
67 128 42
67 129 47
67 130 53
67 131 36
67 132 39
67 133 49
67 134 50
67 135 52
67 136 45
67 137 49
67 138 41
67 139 52
67 140 54
67 141 45
67 142 42
67 143 43
67 144 44
67 145 49
67 146 52
67 147 52
67 148 37
67 149 45
68 0 50
68 1 58
68 2 53
68 3 48
68 4 51
68 5 39
68 6 61
68 7 53
68 8 48
68 9 59
68 10 44
68 11 64
68 12 47
68 13 38
68 14 57
68 15 40
68 16 65
68 17 41
68 18 43
68 19 46
68 20 47
68 21 46
68 22 48
68 23 47
68 24 37
68 25 48
68 26 41
68 27 64
68 28 54
68 29 45
68 30 63
68 31 48
68 32 56
68 33 54
68 34 49
68 35 58
68 36 49
68 37 42
68 38 46
68 39 41
68 40 47
68 41 47
68 42 61
68 43 42
68 44 50
68 45 56
68 46 54
68 47 48
68 48 60
68 49 46
68 50 46
68 51 42
68 52 40
68 53 52
68 54 45
68 55 37
68 56 45
68 57 57
68 58 45
68 59 53
68 60 59
68 61 53
68 62 42
68 63 49
68 64 54
68 65 56
68 66 52
68 67 53
68 68 52
68 69 43
68 70 52
68 71 59
68 72 39
68 73 61
68 74 52
68 75 62
68 76 42
68 77 51
68 78 51
68 79 48
68 80 51
68 81 54
68 82 57
68 83 46
68 84 51
68 85 41
68 86 49
68 87 56
68 88 46
68 89 45
68 90 42
68 91 46
68 92 54
68 93 46
68 94 55
68 95 49
68 96 44
68 97 55
68 98 48
68 99 53
68 100 53
68 101 43
68 102 40
68 103 49
68 104 34
68 105 52
68 106 56
68 107 52
68 108 54
68 109 46
68 110 51
68 111 39
68 112 42
68 113 59
68 114 48
68 115 57
68 116 64
68 117 57
68 118 65
68 119 52
68 120 54
68 121 53
68 122 41
68 123 56
68 124 48
68 125 61
68 126 45
68 127 43
68 128 54
68 129 47
68 130 55
68 131 46
68 132 48
68 133 39
68 134 49
68 135 40
68 136 49
68 137 49
68 138 40
68 139 50
68 140 36
68 141 59
68 142 55
68 143 42
68 144 51
68 145 50
68 146 51
68 147 65
68 148 59
68 149 44
69 0 54
69 1 62
69 2 47
69 3 54
69 4 59
69 5 61
69 6 52
69 7 62
69 8 55
69 9 43
69 10 48
69 11 56
69 12 59
69 13 51
69 14 40
69 15 60
69 16 43
69 17 40
69 18 49
69 19 43
69 20 47
69 21 50
69 22 49
69 23 43
69 24 45
69 25 47
69 26 43
69 27 45
69 28 38
69 29 36
69 30 44
69 31 46
69 32 50
69 33 59
69 34 52
69 35 35
69 36 45
69 37 44
69 38 43
69 39 57
69 40 39
69 41 38
69 42 50
69 43 53
69 44 51
69 45 50
69 46 49
69 47 50
69 48 54
69 49 35
69 50 52
69 51 50
69 52 44
69 53 54
69 54 59
69 55 60
69 56 43
69 57 39
69 58 44
69 59 36
69 60 49
69 61 54
69 62 54
69 63 56
69 64 52
69 65 50
69 66 44
69 67 63
69 68 53
69 69 53
69 70 38
69 71 56
69 72 52
69 73 52
69 74 61
69 75 43
69 76 54
69 77 42
69 78 44
69 79 49
69 80 46
69 81 49
69 82 48
69 83 59
69 84 44
69 85 48
69 86 49
69 87 52
69 88 50
69 89 50
69 90 49
69 91 56
69 92 42
69 93 54
69 94 44
69 95 53
69 96 49
69 97 42
69 98 45
69 99 42
69 100 50
69 101 45
69 102 51
69 103 49
69 104 44
69 105 47
69 106 46
69 107 51
69 108 43
69 109 57
69 110 50
69 111 44
69 112 43
69 113 59
69 114 39
69 115 45
69 116 39
69 117 52
69 118 42
69 119 43
69 120 53
69 121 39
69 122 43
69 123 48
69 124 53
69 125 45
69 126 59
69 127 42
69 128 55
69 129 45
69 130 48
69 131 56
69 132 37
69 133 47
69 134 48
69 135 44
69 136 59
69 137 51
69 138 58
69 139 46
69 140 55
69 141 49
69 142 44
69 143 45
69 144 48
69 145 51
69 146 46
69 147 62
69 148 55
69 149 43
70 0 43
70 1 59
70 2 47
70 3 52
70 4 49
70 5 49
70 6 42
70 7 48
70 8 57
70 9 43
70 10 54
70 11 43
70 12 55
70 13 52
70 14 43
70 15 53
70 16 43
70 17 44
70 18 49
70 19 27
70 20 40
70 21 49
70 22 53
70 23 63
70 24 38
70 25 47
70 26 53
70 27 39
70 28 40
70 29 37
70 30 52
70 31 40
70 32 47
70 33 44
70 34 59
70 35 49
70 36 49
70 37 52
70 38 49
70 39 44
70 40 38
70 41 40
70 42 41
70 43 60
70 44 53
70 45 52
70 46 57
70 47 40
70 48 52
70 49 44
70 50 49
70 51 45
70 52 43
70 53 67
70 54 52
70 55 42
70 56 51
70 57 35
70 58 46
70 59 55
70 60 53
70 61 44
70 62 46
70 63 46
70 64 40
70 65 64
70 66 46
70 67 31
70 68 37
70 69 58
70 70 48
70 71 54
70 72 48
70 73 55
70 74 59
70 75 55
70 76 46
70 77 32
70 78 40
70 79 53
70 80 55
70 81 47
70 82 51
70 83 39
70 84 50
70 85 62
70 86 63
70 87 52
70 88 55
70 89 46
70 90 51
70 91 43
70 92 35
70 93 39
70 94 44
70 95 62
70 96 44
70 97 48
70 98 47
70 99 57
70 100 51
70 101 55
70 102 58
70 103 50
70 104 57
70 105 53
70 106 42
70 107 43
70 108 57
70 109 52
70 110 51
70 111 59
70 112 58
70 113 48
70 114 50
70 115 51
70 116 44
70 117 44
70 118 51
70 119 56
70 120 45
70 121 46
70 122 41
70 123 49
70 124 48
70 125 44
70 126 61
70 127 41
70 128 53
70 129 55
70 130 41
70 131 54
70 132 59
70 133 63
70 134 57
70 135 37
70 136 54
70 137 47
70 138 39
70 139 49
70 140 42
70 141 55
70 142 47
70 143 48
70 144 49
70 145 58
70 146 38
70 147 57
70 148 46
70 149 54
71 0 48
71 1 53
71 2 47
71 3 40
71 4 45
71 5 45
71 6 52
71 7 53
71 8 41
71 9 48
71 10 65
71 11 48
71 12 45
71 13 59
71 14 39
71 15 47
71 16 52
71 17 44
71 18 36
71 19 54
71 20 49
71 21 52
71 22 50
71 23 37
71 24 41
71 25 49
71 26 48
71 27 54
71 28 50
71 29 50
71 30 46
71 31 57
71 32 43
71 33 46
71 34 50
71 35 47
71 36 47
71 37 48
71 38 50
71 39 55
71 40 44
71 41 45
71 42 40
71 43 49
71 44 60
71 45 57
71 46 47
71 47 49
71 48 45
71 49 56
71 50 47
71 51 56
71 52 51
71 53 51
71 54 49
71 55 50
71 56 58
71 57 51
71 58 35
71 59 51
71 60 53
71 61 52
71 62 40
71 63 53
71 64 55
71 65 51
71 66 52
71 67 45
71 68 59
71 69 47
71 70 51
71 71 43
71 72 42
71 73 50
71 74 43
71 75 53
71 76 51
71 77 48
71 78 40
71 79 42
71 80 34
71 81 44
71 82 43
71 83 37
71 84 50
71 85 49
71 86 40
71 87 51
71 88 45
71 89 46
71 90 42
71 91 57
71 92 46
71 93 51
71 94 45
71 95 42
71 96 61
71 97 45
71 98 46
71 99 46
71 100 60
71 101 59
71 102 40
71 103 59
71 104 52
71 105 64
71 106 59
71 107 39
71 108 44
71 109 39
71 110 51
71 111 54
71 112 60
71 113 42
71 114 42
71 115 56
71 116 42
71 117 62
71 118 47
71 119 50
71 120 50
71 121 50
71 122 47
71 123 53
71 124 52
71 125 46
71 126 44
71 127 60
71 128 44
71 129 52
71 130 40
71 131 44
71 132 45
71 133 40
71 134 48
71 135 46
71 136 47
71 137 49
71 138 33
71 139 50
71 140 43
71 141 56
71 142 48
71 143 43
71 144 36
71 145 52
71 146 46
71 147 32
71 148 48
71 149 39
72 0 47
72 1 46
72 2 54
72 3 55
72 4 51
72 5 44
72 6 35
72 7 54
72 8 59
72 9 51
72 10 53
72 11 49
72 12 62
72 13 51
72 14 47
72 15 47
72 16 48
72 17 50
72 18 45
72 19 44
72 20 44
72 21 39
72 22 49
72 23 44
72 24 52
72 25 54
72 26 50
72 27 55
72 28 43
72 29 58
72 30 47
72 31 60
72 32 53
72 33 41
72 34 49
72 35 54
72 36 53
72 37 46
72 38 47
72 39 41
72 40 59
72 41 51
72 42 54
72 43 53
72 44 48
72 45 45
72 46 54
72 47 57
72 48 55
72 49 42
72 50 61
72 51 48
72 52 45
72 53 51
72 54 45
72 55 49
72 56 33
72 57 38
72 58 39
72 59 50
72 60 47
72 61 43
72 62 45
72 63 53
72 64 47
72 65 49
72 66 62
72 67 56
72 68 46
72 69 57
72 70 44
72 71 53
72 72 49
72 73 45
72 74 55
72 75 57
72 76 67
72 77 32
72 78 52
72 79 50
72 80 62
72 81 46
72 82 48
72 83 46
72 84 54
72 85 55
72 86 49
72 87 41
72 88 45
72 89 56
72 90 40
72 91 34
72 92 50
72 93 54
72 94 45
72 95 52
72 96 55
72 97 43
72 98 56
72 99 52
72 100 52
72 101 44
72 102 63
72 103 61
72 104 42
72 105 62
72 106 50
72 107 50
72 108 45
72 109 54
72 110 56
72 111 54
72 112 48
72 113 59
72 114 53
72 115 56
72 116 53
72 117 45
72 118 58
72 119 46
72 120 50
72 121 48
72 122 53
72 123 46
72 124 62
72 125 62
72 126 45
72 127 46
72 128 45
72 129 45
72 130 47
72 131 47
72 132 46
72 133 52
72 134 37
72 135 50
72 136 44
72 137 48
72 138 50
72 139 49
72 140 52
72 141 43
72 142 35
72 143 53
72 144 49
72 145 49
72 146 42
72 147 45
72 148 46
72 149 44
73 0 55
73 1 43
73 2 40
73 3 54
73 4 51
73 5 63
73 6 44
73 7 56
73 8 55
73 9 50
73 10 52
73 11 49
73 12 55
73 13 43
73 14 54
73 15 36
73 16 46
73 17 40
73 18 43
73 19 44
73 20 38
73 21 36
73 22 51
73 23 52
73 24 41
73 25 55
73 26 42
73 27 46
73 28 43
73 29 56
73 30 51
73 31 56
73 32 50
73 33 49
73 34 54
73 35 54
73 36 36
73 37 52
73 38 61
73 39 51
73 40 42
73 41 34
73 42 42
73 43 50
73 44 41
73 45 48
73 46 60
73 47 56
73 48 46
73 49 32
73 50 45
73 51 48
73 52 52
73 53 50
73 54 59
73 55 54
73 56 52
73 57 47
73 58 42
73 59 42
73 60 40
73 61 54
73 62 53
73 63 55
73 64 50
73 65 53
73 66 48
73 67 40
73 68 61
73 69 49
73 70 38
73 71 51
73 72 64
73 73 52
73 74 44
73 75 54
73 76 56
73 77 42
73 78 53
73 79 48
73 80 41
73 81 50
73 82 47
73 83 55
73 84 56
73 85 47
73 86 38
73 87 36
73 88 40
73 89 49
73 90 50
73 91 49
73 92 45
73 93 62
73 94 41
73 95 44
73 96 64
73 97 58
73 98 57
73 99 44
73 100 49
73 101 45
73 102 48
73 103 49
73 104 44
73 105 39
73 106 51
73 107 45
73 108 51
73 109 63
73 110 66
73 111 54
73 112 55
73 113 48
73 114 52
73 115 53
73 116 63
73 117 49
73 118 55
73 119 35
73 120 42
73 121 50
73 122 49
73 123 47
73 124 48
73 125 40
73 126 47
73 127 49
73 128 41
73 129 40
73 130 59
73 131 55
73 132 59
73 133 50
73 134 38
73 135 57
73 136 52
73 137 52
73 138 52
73 139 48
73 140 49
73 141 54
73 142 41
73 143 52
73 144 38
73 145 65
73 146 46
73 147 52
73 148 39
73 149 56
74 0 40
74 1 39
74 2 59
74 3 41
74 4 52
74 5 46
74 6 42
74 7 60
74 8 43
74 9 59
74 10 43
74 11 44
74 12 52
74 13 47
74 14 48
74 15 59
74 16 41
74 17 52
74 18 50
74 19 55
74 20 50
74 21 56
74 22 44
74 23 53
74 24 51
74 25 45
74 26 58
74 27 38
74 28 42
74 29 63
74 30 42
74 31 57
74 32 52
74 33 51
74 34 42
74 35 50
74 36 44
74 37 46
74 38 37
74 39 52
74 40 45
74 41 50
74 42 48
74 43 48
74 44 49
74 45 44
74 46 38
74 47 49
74 48 51
74 49 65
74 50 61
74 51 41
74 52 52
74 53 49
74 54 55
74 55 51
74 56 39
74 57 63
74 58 47
74 59 57
74 60 47
74 61 56
74 62 56
74 63 45
74 64 47
74 65 50
74 66 53
74 67 34
74 68 65
74 69 47
74 70 54
74 71 43
74 72 47
74 73 46
74 74 51
74 75 47
74 76 35
74 77 43
74 78 40
74 79 53
74 80 53
74 81 51
74 82 51
74 83 59
74 84 41
74 85 47
74 86 53
74 87 51
74 88 41
74 89 40
74 90 44
74 91 38
74 92 40
74 93 41
74 94 46
74 95 47
74 96 34
74 97 54
74 98 49
74 99 54
74 100 44
74 101 38
74 102 46
74 103 49
74 104 50
74 105 52
74 106 49
74 107 55
74 108 52
74 109 51
74 110 47
74 111 65
74 112 48
74 113 45
74 114 36
74 115 59
74 116 43
74 117 40
74 118 45
74 119 47
74 120 29
74 121 54
74 122 44
74 123 48
74 124 48
74 125 47
74 126 64
74 127 52
74 128 42
74 129 60
74 130 59
74 131 47
74 132 51
74 133 50
74 134 43
74 135 54
74 136 45
74 137 49
74 138 50
74 139 62
74 140 66
74 141 46
74 142 50
74 143 52
74 144 54
74 145 53
74 146 37
74 147 51
74 148 44
74 149 63
75 0 53
75 1 53
75 2 46
75 3 60
75 4 50
75 5 54
75 6 49
75 7 44
75 8 67
75 9 46
75 10 39
75 11 53
75 12 59
75 13 49
75 14 35
75 15 54
75 16 65
75 17 37
75 18 30
75 19 49
75 20 46
75 21 55
75 22 62
75 23 51
75 24 44
75 25 50
75 26 48
75 27 42
75 28 39
75 29 50
75 30 40
75 31 42
75 32 47
75 33 51
75 34 59
75 35 41
75 36 43
75 37 58
75 38 45
75 39 42
75 40 50
75 41 40
75 42 48
75 43 56
75 44 61
75 45 63
75 46 46
75 47 55
75 48 35
75 49 58
75 50 49
75 51 41
75 52 46
75 53 50
75 54 49
75 55 52
75 56 41
75 57 56
75 58 44
75 59 42
75 60 41
75 61 47
75 62 54
75 63 47
75 64 55
75 65 48
75 66 46
75 67 55
75 68 37
75 69 52
75 70 57
75 71 60
75 72 58
75 73 30
75 74 53
75 75 49
75 76 43
75 77 49
75 78 45
75 79 34
75 80 44
75 81 53
75 82 42
75 83 50
75 84 65
75 85 51
75 86 35
75 87 50
75 88 50
75 89 42
75 90 46
75 91 59
75 92 54
75 93 47
75 94 54
75 95 49
75 96 44
75 97 45
75 98 43
75 99 57
75 100 52
75 101 52
75 102 55
75 103 50
75 104 53
75 105 50
75 106 50
75 107 54
75 108 39
75 109 43
75 110 54
75 111 55
75 112 48
75 113 45
75 114 59
75 115 51
75 116 44
75 117 42
75 118 58
75 119 59
75 120 43
75 121 46
75 122 52
75 123 52
75 124 44
75 125 54
75 126 52
75 127 40
75 128 44
75 129 48
75 130 51
75 131 48
75 132 57
75 133 43
75 134 44
75 135 58
75 136 39
75 137 60
75 138 41
75 139 46
75 140 58
75 141 48
75 142 45
75 143 40
75 144 59
75 145 45
75 146 53
75 147 38
75 148 39
75 149 47
76 0 48
76 1 39
76 2 46
76 3 48
76 4 47
76 5 41
76 6 54
76 7 51
76 8 41
76 9 47
76 10 42
76 11 41
76 12 42
76 13 41
76 14 56
76 15 50
76 16 57
76 17 48
76 18 59
76 19 61
76 20 49
76 21 38
76 22 46
76 23 51
76 24 43
76 25 46
76 26 41
76 27 40
76 28 37
76 29 64
76 30 50
76 31 56
76 32 61
76 33 59
76 34 57
76 35 47
76 36 52
76 37 56
76 38 52
76 39 53
76 40 42
76 41 49
76 42 53
76 43 47
76 44 52
76 45 48
76 46 50
76 47 49
76 48 44
76 49 54
76 50 41
76 51 50
76 52 59
76 53 46
76 54 55
76 55 43
76 56 43
76 57 48
76 58 43
76 59 55
76 60 51
76 61 48
76 62 45
76 63 48
76 64 49
76 65 45
76 66 53
76 67 61
76 68 47
76 69 53
76 70 49
76 71 49
76 72 39
76 73 35
76 74 48
76 75 48
76 76 51
76 77 44
76 78 50
76 79 62
76 80 46
76 81 56
76 82 47
76 83 37
76 84 51
76 85 41
76 86 45
76 87 54
76 88 48
76 89 51
76 90 37
76 91 47
76 92 48
76 93 51
76 94 44
76 95 52
76 96 41
76 97 48
76 98 50
76 99 53
76 100 57
76 101 55
76 102 52
76 103 57
76 104 51
76 105 45
76 106 49
76 107 59
76 108 59
76 109 47
76 110 40
76 111 51
76 112 43
76 113 43
76 114 49
76 115 54
76 116 45
76 117 49
76 118 48
76 119 56
76 120 50
76 121 52
76 122 56
76 123 42
76 124 58
76 125 50
76 126 49
76 127 39
76 128 49
76 129 46
76 130 45
76 131 44
76 132 59
76 133 51
76 134 51
76 135 54
76 136 45
76 137 47
76 138 44
76 139 49
76 140 44
76 141 36
76 142 47
76 143 54
76 144 46
76 145 42
76 146 63
76 147 45
76 148 52
76 149 56
77 0 56
77 1 40
77 2 46
77 3 48
77 4 43
77 5 61
77 6 50
77 7 53
77 8 42
77 9 64
77 10 49
77 11 57
77 12 42
77 13 53
77 14 52
77 15 55
77 16 55
77 17 44
77 18 40
77 19 58
77 20 52
77 21 49
77 22 41
77 23 55
77 24 63
77 25 45
77 26 52
77 27 45
77 28 45
77 29 53
77 30 51
77 31 67
77 32 47
77 33 54
77 34 56
77 35 49
77 36 54
77 37 48
77 38 49
77 39 55
77 40 51
77 41 46
77 42 48
77 43 57
77 44 38
77 45 47
77 46 42
77 47 58
77 48 52
77 49 53
77 50 50
77 51 49
77 52 56
77 53 56
77 54 44
77 55 47
77 56 51
77 57 53
77 58 40
77 59 45
77 60 59
77 61 36
77 62 60
77 63 48
77 64 52
77 65 51
77 66 56
77 67 44
77 68 63
77 69 46
77 70 52
77 71 59
77 72 45
77 73 48
77 74 51
77 75 51
77 76 42
77 77 50
77 78 47
77 79 58
77 80 44
77 81 51
77 82 53
77 83 46
77 84 36
77 85 45
77 86 45
77 87 50
77 88 51
77 89 55
77 90 46
77 91 55
77 92 50
77 93 51
77 94 42
77 95 41
77 96 51
77 97 55
77 98 49
77 99 48
77 100 56
77 101 50
77 102 48
77 103 48
77 104 50
77 105 50
77 106 43
77 107 43
77 108 48
77 109 39
77 110 45
77 111 50
77 112 44
77 113 43
77 114 54
77 115 46
77 116 65
77 117 48
77 118 42
77 119 44
77 120 44
77 121 44
77 122 62
77 123 43
77 124 51
77 125 43
77 126 54
77 127 45
77 128 51
77 129 52
77 130 38
77 131 49
77 132 40
77 133 52
77 134 63
77 135 52
77 136 53
77 137 43
77 138 51
77 139 54
77 140 44
77 141 42
77 142 59
77 143 54
77 144 42
77 145 60
77 146 48
77 147 45
77 148 59
77 149 56
78 0 40
78 1 56
78 2 45
78 3 43
78 4 46
78 5 47
78 6 51
78 7 47
78 8 56
78 9 51
78 10 32
78 11 48
78 12 42
78 13 44
78 14 53
78 15 46
78 16 35
78 17 39
78 18 41
78 19 51
78 20 51
78 21 46
78 22 44
78 23 61
78 24 42
78 25 49
78 26 42
78 27 53
78 28 56
78 29 52
78 30 54
78 31 56
78 32 67
78 33 51
78 34 56
78 35 52
78 36 64
78 37 42
78 38 56
78 39 54
78 40 57
78 41 47
78 42 40
78 43 49
78 44 51
78 45 41
78 46 45
78 47 60
78 48 58
78 49 61
78 50 50
78 51 46
78 52 45
78 53 62
78 54 53
78 55 45
78 56 39
78 57 40
78 58 49
78 59 33
78 60 39
78 61 52
78 62 55
78 63 55
78 64 40
78 65 40
78 66 54
78 67 54
78 68 45
78 69 53
78 70 50
78 71 40
78 72 38
78 73 35
78 74 51
78 75 56
78 76 55
78 77 59
78 78 54
78 79 46
78 80 47
78 81 49
78 82 38
78 83 50
78 84 44
78 85 63
78 86 39
78 87 52
78 88 58
78 89 45
78 90 54
78 91 53
78 92 52
78 93 44
78 94 59
78 95 56
78 96 53
78 97 56
78 98 51
78 99 47
78 100 44
78 101 55
78 102 47
78 103 41
78 104 37
78 105 52
78 106 43
78 107 48
78 108 48
78 109 45
78 110 48
78 111 50
78 112 50
78 113 44
78 114 50
78 115 52
78 116 44
78 117 58
78 118 63
78 119 52
78 120 52
78 121 54
78 122 52
78 123 53
78 124 48
78 125 54
78 126 52
78 127 59
78 128 58
78 129 51
78 130 51
78 131 46
78 132 48
78 133 54
78 134 48
78 135 51
78 136 43
78 137 58
78 138 47
78 139 50
78 140 51
78 141 52
78 142 40
78 143 55
78 144 40
78 145 63
78 146 36
78 147 51
78 148 43
78 149 46
79 0 46
79 1 57
79 2 43
79 3 44
79 4 46
79 5 52
79 6 57
79 7 59
79 8 40
79 9 49
79 10 55
79 11 57
79 12 50
79 13 36
79 14 51
79 15 54
79 16 57
79 17 46
79 18 50
79 19 43
79 20 58
79 21 48
79 22 50
79 23 41
79 24 43
79 25 54
79 26 57
79 27 54
79 28 58
79 29 50
79 30 39
79 31 58
79 32 59
79 33 56
79 34 55
79 35 44
79 36 45
79 37 62
79 38 59
79 39 56
79 40 58
79 41 45
79 42 50
79 43 45
79 44 55
79 45 68
79 46 54
79 47 35
79 48 36
79 49 41
79 50 47
79 51 45
79 52 50
79 53 41
79 54 47
79 55 40
79 56 44
79 57 58
79 58 62
79 59 42
79 60 52
79 61 48
79 62 56
79 63 42
79 64 54
79 65 52
79 66 54
79 67 51
79 68 46
79 69 55
79 70 39
79 71 47
79 72 49
79 73 47
79 74 51
79 75 57
79 76 38
79 77 36
79 78 50
79 79 52
79 80 43
79 81 48
79 82 43
79 83 34
79 84 35
79 85 53
79 86 44
79 87 54
79 88 49
79 89 50
79 90 41
79 91 59
79 92 50
79 93 39
79 94 53
79 95 57
79 96 32
79 97 49
79 98 55
79 99 46
79 100 51
79 101 48
79 102 46
79 103 64
79 104 50
79 105 38
79 106 58
79 107 46
79 108 49
79 109 50
79 110 52
79 111 58
79 112 40
79 113 52
79 114 40
79 115 47
79 116 33
79 117 62
79 118 56
79 119 43
79 120 53
79 121 43
79 122 47
79 123 67
79 124 62
79 125 38
79 126 42
79 127 48
79 128 56
79 129 59
79 130 36
79 131 46
79 132 46
79 133 42
79 134 35
79 135 48
79 136 59
79 137 37
79 138 38
79 139 58
79 140 45
79 141 47
79 142 41
79 143 53
79 144 57
79 145 37
79 146 40
79 147 48
79 148 53
79 149 43
80 0 41
80 1 56
80 2 41
80 3 57
80 4 37
80 5 45
80 6 36
80 7 64
80 8 55
80 9 40
80 10 44
80 11 60
80 12 58
80 13 43
80 14 45
80 15 43
80 16 42
80 17 48
80 18 54
80 19 49
80 20 37
80 21 52
80 22 39
80 23 42
80 24 49
80 25 44
80 26 56
80 27 47
80 28 39
80 29 46
80 30 46
80 31 53
80 32 44
80 33 33
80 34 62
80 35 52
80 36 63
80 37 41
80 38 46
80 39 47
80 40 56
80 41 44
80 42 43
80 43 48
80 44 51
80 45 52
80 46 55
80 47 42
80 48 46
80 49 60
80 50 53
80 51 52
80 52 46
80 53 48
80 54 39
80 55 47
80 56 55
80 57 59
80 58 48
80 59 57
80 60 47
80 61 42
80 62 46
80 63 51
80 64 55
80 65 55
80 66 46
80 67 51
80 68 47
80 69 46
80 70 53
80 71 50
80 72 53
80 73 44
80 74 58
80 75 40
80 76 27
80 77 47
80 78 44
80 79 44
80 80 48
80 81 43
80 82 46
80 83 41
80 84 52
80 85 44
80 86 42
80 87 45
80 88 44
80 89 50
80 90 45
80 91 37
80 92 40
80 93 42
80 94 52
80 95 59
80 96 43
80 97 48
80 98 49
80 99 51
80 100 37
80 101 56
80 102 50
80 103 48
80 104 63
80 105 53
80 106 42
80 107 49
80 108 44
80 109 46
80 110 55
80 111 51
80 112 48
80 113 46
80 114 39
80 115 50
80 116 47
80 117 43
80 118 45
80 119 37
80 120 50
80 121 47
80 122 44
80 123 53
80 124 48
80 125 44
80 126 53
80 127 50
80 128 40
80 129 47
80 130 41
80 131 35
80 132 51
80 133 53
80 134 43
80 135 48
80 136 37
80 137 43
80 138 41
80 139 52
80 140 48
80 141 46
80 142 62
80 143 47
80 144 49
80 145 52
80 146 47
80 147 46
80 148 39
80 149 47
81 0 43
81 1 61
81 2 56
81 3 50
81 4 48
81 5 36
81 6 36
81 7 44
81 8 47
81 9 60
81 10 49
81 11 56
81 12 62
81 13 43
81 14 45
81 15 44
81 16 38
81 17 45
81 18 52
81 19 54
81 20 56
81 21 34
81 22 46
81 23 64
81 24 51
81 25 55
81 26 38
81 27 36
81 28 47
81 29 38
81 30 45
81 31 53
81 32 40
81 33 43
81 34 33
81 35 42
81 36 39
81 37 50
81 38 51
81 39 38
81 40 41
81 41 46
81 42 58
81 43 43
81 44 47
81 45 51
81 46 57
81 47 62
81 48 54
81 49 57
81 50 54
81 51 34
81 52 55
81 53 43
81 54 38
81 55 45
81 56 48
81 57 55
81 58 49
81 59 50
81 60 46
81 61 53
81 62 50
81 63 62
81 64 46
81 65 46
81 66 46
81 67 53
81 68 45
81 69 45
81 70 51
81 71 61
81 72 44
81 73 59
81 74 57
81 75 46
81 76 47
81 77 55
81 78 55
81 79 43
81 80 50
81 81 49
81 82 45
81 83 48
81 84 42
81 85 52
81 86 51
81 87 51
81 88 45
81 89 55
81 90 35
81 91 46
81 92 50
81 93 50
81 94 56
81 95 49
81 96 43
81 97 59
81 98 58
81 99 47
81 100 42
81 101 49
81 102 56
81 103 36
81 104 55
81 105 51
81 106 55
81 107 51
81 108 55
81 109 51
81 110 50
81 111 40
81 112 53
81 113 61
81 114 54
81 115 59
81 116 50
81 117 58
81 118 36
81 119 55
81 120 49
81 121 55
81 122 56
81 123 39
81 124 55
81 125 61
81 126 55
81 127 55
81 128 50
81 129 51
81 130 52
81 131 42
81 132 41
81 133 50
81 134 51
81 135 52
81 136 45
81 137 49
81 138 36
81 139 44
81 140 59
81 141 55
81 142 50
81 143 51
81 144 57
81 145 41
81 146 51
81 147 57
81 148 55
81 149 50
82 0 49
82 1 53
82 2 45
82 3 49
82 4 58
82 5 48
82 6 53
82 7 58
82 8 60
82 9 52
82 10 59
82 11 53
82 12 56
82 13 45
82 14 48
82 15 51
82 16 43
82 17 54
82 18 50
82 19 53
82 20 51
82 21 52
82 22 56
82 23 47
82 24 48
82 25 53
82 26 43
82 27 37
82 28 49
82 29 52
82 30 42
82 31 35
82 32 55
82 33 50
82 34 56
82 35 47
82 36 51
82 37 54
82 38 48
82 39 48
82 40 45
82 41 55
82 42 46
82 43 36
82 44 48
82 45 51
82 46 45
82 47 41
82 48 43
82 49 52
82 50 51
82 51 54
82 52 56
82 53 54
82 54 45
82 55 46
82 56 45
82 57 50
82 58 69
82 59 40
82 60 41
82 61 46
82 62 49
82 63 39
82 64 53
82 65 36
82 66 60
82 67 36
82 68 53
82 69 43
82 70 43
82 71 42
82 72 60
82 73 47
82 74 56
82 75 46
82 76 46
82 77 63
82 78 57
82 79 38
82 80 47
82 81 53
82 82 41
82 83 41
82 84 39
82 85 43
82 86 45
82 87 40
82 88 38
82 89 54
82 90 57
82 91 49
82 92 43
82 93 52
82 94 44
82 95 47
82 96 36
82 97 51
82 98 47
82 99 51
82 100 47
82 101 46
82 102 48
82 103 54
82 104 48
82 105 53
82 106 56
82 107 58
82 108 42
82 109 45
82 110 49
82 111 46
82 112 55
82 113 45
82 114 56
82 115 49
82 116 49
82 117 57
82 118 62
82 119 53
82 120 43
82 121 40
82 122 50
82 123 37
82 124 47
82 125 50
82 126 46
82 127 53
82 128 50
82 129 41
82 130 52
82 131 50
82 132 52
82 133 54
82 134 59
82 135 46
82 136 46
82 137 62
82 138 56
82 139 54
82 140 55
82 141 47
82 142 70
82 143 51
82 144 58
82 145 46
82 146 54
82 147 51
82 148 60
82 149 49
83 0 53
83 1 51
83 2 58
83 3 45
83 4 54
83 5 52
83 6 46
83 7 57
83 8 26
83 9 58
83 10 55
83 11 55
83 12 52
83 13 53
83 14 47
83 15 45
83 16 54
83 17 45
83 18 47
83 19 53
83 20 42
83 21 46
83 22 52
83 23 63
83 24 46
83 25 40
83 26 59
83 27 48
83 28 44
83 29 47
83 30 58
83 31 55
83 32 53
83 33 38
83 34 43
83 35 66
83 36 56
83 37 47
83 38 49
83 39 48
83 40 57
83 41 52
83 42 46
83 43 44
83 44 44
83 45 52
83 46 59
83 47 51
83 48 50
83 49 45
83 50 56
83 51 54
83 52 38
83 53 54
83 54 54
83 55 49
83 56 49
83 57 52
83 58 60
83 59 56
83 60 45
83 61 50
83 62 42
83 63 38
83 64 57
83 65 43
83 66 49
83 67 69
83 68 42
83 69 51
83 70 31
83 71 51
83 72 51
83 73 51
83 74 38
83 75 56
83 76 48
83 77 42
83 78 50
83 79 42
83 80 47
83 81 58
83 82 61
83 83 47
83 84 41
83 85 42
83 86 46
83 87 37
83 88 51
83 89 44
83 90 38
83 91 42
83 92 42
83 93 40
83 94 54
83 95 57
83 96 35
83 97 47
83 98 45
83 99 53
83 100 50
83 101 43
83 102 45
83 103 49
83 104 54
83 105 44
83 106 53
83 107 52
83 108 38
83 109 45
83 110 53
83 111 46
83 112 44
83 113 70
83 114 44
83 115 49
83 116 61
83 117 46
83 118 50
83 119 55
83 120 59
83 121 47
83 122 50
83 123 39
83 124 65
83 125 56
83 126 56
83 127 43
83 128 37
83 129 41
83 130 44
83 131 57
83 132 48
83 133 45
83 134 49
83 135 52
83 136 37
83 137 53
83 138 63
83 139 61
83 140 58
83 141 57
83 142 43
83 143 48
83 144 50
83 145 49
83 146 45
83 147 59
83 148 43
83 149 50
84 0 54
84 1 59
84 2 40
84 3 42
84 4 60
84 5 42
84 6 44
84 7 46
84 8 51
84 9 47
84 10 56
84 11 56
84 12 63
84 13 53
84 14 52
84 15 55
84 16 57
84 17 35
84 18 41
84 19 52
84 20 55
84 21 52
84 22 39
84 23 44
84 24 51
84 25 45
84 26 50
84 27 41
84 28 50
84 29 51
84 30 47
84 31 56
84 32 51
84 33 53
84 34 55
84 35 46
84 36 38
84 37 41
84 38 34
84 39 48
84 40 54
84 41 47
84 42 49
84 43 70
84 44 49
84 45 46
84 46 48
84 47 55
84 48 54
84 49 44
84 50 40
84 51 50
84 52 42
84 53 38
84 54 42
84 55 53
84 56 37
84 57 47
84 58 52
84 59 50
84 60 54
84 61 42
84 62 44
84 63 45
84 64 49
84 65 42
84 66 48
84 67 56
84 68 60
84 69 48
84 70 51
84 71 41
84 72 40
84 73 43
84 74 51
84 75 58
84 76 54
84 77 54
84 78 41
84 79 49
84 80 61
84 81 45
84 82 37
84 83 51
84 84 58
84 85 40
84 86 58
84 87 44
84 88 46
84 89 45
84 90 55
84 91 54
84 92 42
84 93 48
84 94 49
84 95 55
84 96 51
84 97 39
84 98 47
84 99 47
84 100 57
84 101 48
84 102 57
84 103 49
84 104 39
84 105 51
84 106 55
84 107 37
84 108 55
84 109 50
84 110 56
84 111 61
84 112 50
84 113 33
84 114 30
84 115 55
84 116 41
84 117 48
84 118 55
84 119 62
84 120 54
84 121 52
84 122 49
84 123 54
84 124 61
84 125 46
84 126 53
84 127 46
84 128 41
84 129 65
84 130 57
84 131 57
84 132 64
84 133 48
84 134 60
84 135 45
84 136 43
84 137 61
84 138 44
84 139 43
84 140 45
84 141 57
84 142 66
84 143 43
84 144 53
84 145 39
84 146 56
84 147 53
84 148 40
84 149 33
85 0 48
85 1 44
85 2 38
85 3 49
85 4 50
85 5 38
85 6 65
85 7 42
85 8 45
85 9 45
85 10 58
85 11 55
85 12 43
85 13 32
85 14 42
85 15 56
85 16 62
85 17 43
85 18 48
85 19 56
85 20 30
85 21 53
85 22 54
85 23 55
85 24 47
85 25 50
85 26 55
85 27 49
85 28 59
85 29 61
85 30 51
85 31 45
85 32 47
85 33 55
85 34 51
85 35 59
85 36 49
85 37 57
85 38 47
85 39 48
85 40 55
85 41 51
85 42 57
85 43 35
85 44 42
85 45 46
85 46 52
85 47 37
85 48 43
85 49 40
85 50 50
85 51 49
85 52 61
85 53 37
85 54 50
85 55 53
85 56 53
85 57 54
85 58 40
85 59 47
85 60 52
85 61 48
85 62 57
85 63 47
85 64 56
85 65 49
85 66 51
85 67 54
85 68 44
85 69 47
85 70 60
85 71 45
85 72 59
85 73 46
85 74 42
85 75 53
85 76 54
85 77 43
85 78 41
85 79 65
85 80 36
85 81 51
85 82 53
85 83 49
85 84 47
85 85 58
85 86 42
85 87 40
85 88 50
85 89 40
85 90 49
85 91 41
85 92 50
85 93 47
85 94 58
85 95 47
85 96 46
85 97 53
85 98 52
85 99 44
85 100 49
85 101 48
85 102 30
85 103 40
85 104 60
85 105 36
85 106 46
85 107 48
85 108 49
85 109 52
85 110 48
85 111 61
85 112 50
85 113 45
85 114 51
85 115 42
85 116 52
85 117 67
85 118 47
85 119 47
85 120 39
85 121 43
85 122 50
85 123 51
85 124 45
85 125 52
85 126 47
85 127 40
85 128 44
85 129 40
85 130 45
85 131 50
85 132 49
85 133 44
85 134 49
85 135 56
85 136 39
85 137 48
85 138 44
85 139 44
85 140 44
85 141 52
85 142 53
85 143 56
85 144 65
85 145 41
85 146 50
85 147 55
85 148 65
85 149 41
86 0 52
86 1 48
86 2 39
86 3 52
86 4 46
86 5 47
86 6 46
86 7 50
86 8 31
86 9 41
86 10 41
86 11 53
86 12 46
86 13 40
86 14 45
86 15 63
86 16 60
86 17 42
86 18 44
86 19 57
86 20 60
86 21 46
86 22 55
86 23 43
86 24 37
86 25 43
86 26 54
86 27 43
86 28 49
86 29 54
86 30 40
86 31 43
86 32 36
86 33 45
86 34 55
86 35 49
86 36 45
86 37 38
86 38 41
86 39 65
86 40 43
86 41 55
86 42 56
86 43 47
86 44 39
86 45 42
86 46 42
86 47 57
86 48 52
86 49 44
86 50 48
86 51 48
86 52 67
86 53 44
86 54 38
86 55 49
86 56 71
86 57 53
86 58 57
86 59 61
86 60 40
86 61 53
86 62 34
86 63 35
86 64 54
86 65 58
86 66 39
86 67 50
86 68 43
86 69 49
86 70 53
86 71 53
86 72 48
86 73 50
86 74 42
86 75 50
86 76 63
86 77 51
86 78 47
86 79 55
86 80 46
86 81 52
86 82 46
86 83 48
86 84 40
86 85 42
86 86 46
86 87 52
86 88 54
86 89 41
86 90 41
86 91 57
86 92 55
86 93 44
86 94 44
86 95 40
86 96 50
86 97 36
86 98 55
86 99 50
86 100 53
86 101 45
86 102 50
86 103 49
86 104 47
86 105 58
86 106 46
86 107 60
86 108 51
86 109 47
86 110 54
86 111 55
86 112 42
86 113 38
86 114 45
86 115 61
86 116 48
86 117 52
86 118 53
86 119 41
86 120 47
86 121 49
86 122 38
86 123 49
86 124 43
86 125 48
86 126 54
86 127 46
86 128 49
86 129 49
86 130 50
86 131 45
86 132 49
86 133 39
86 134 57
86 135 53
86 136 50
86 137 45
86 138 55
86 139 58
86 140 43
86 141 55
86 142 44
86 143 53
86 144 56
86 145 43
86 146 59
86 147 52
86 148 37
86 149 50
87 0 57
87 1 62
87 2 55
87 3 41
87 4 63
87 5 39
87 6 59
87 7 56
87 8 47
87 9 44
87 10 42
87 11 55
87 12 61
87 13 48
87 14 43
87 15 55
87 16 56
87 17 57
87 18 42
87 19 42
87 20 51
87 21 43
87 22 47
87 23 52
87 24 64
87 25 42
87 26 48
87 27 68
87 28 46
87 29 55
87 30 54
87 31 47
87 32 54
87 33 47
87 34 38
87 35 60
87 36 51
87 37 48
87 38 52
87 39 48
87 40 40
87 41 57
87 42 52
87 43 44
87 44 44
87 45 44
87 46 49
87 47 45
87 48 37
87 49 51
87 50 51
87 51 41
87 52 55
87 53 48
87 54 54
87 55 60
87 56 53
87 57 50
87 58 39
87 59 41
87 60 34
87 61 45
87 62 41
87 63 51
87 64 37
87 65 55
87 66 55
87 67 48
87 68 54
87 69 48
87 70 55
87 71 48
87 72 54
87 73 43
87 74 57
87 75 43
87 76 58
87 77 55
87 78 34
87 79 53
87 80 47
87 81 66
87 82 43
87 83 35
87 84 43
87 85 54
87 86 53
87 87 56
87 88 44
87 89 47
87 90 57
87 91 56
87 92 51
87 93 40
87 94 51
87 95 54
87 96 51
87 97 55
87 98 42
87 99 39
87 100 50
87 101 41
87 102 45
87 103 53
87 104 46
87 105 47
87 106 47
87 107 51
87 108 48
87 109 51
87 110 47
87 111 48
87 112 61
87 113 42
87 114 48
87 115 34
87 116 41
87 117 51
87 118 47
87 119 45
87 120 51
87 121 53
87 122 47
87 123 44
87 124 43
87 125 51
87 126 49
87 127 49
87 128 39
87 129 52
87 130 36
87 131 46
87 132 39
87 133 55
87 134 55
87 135 54
87 136 56
87 137 54
87 138 59
87 139 52
87 140 41
87 141 41
87 142 42
87 143 36
87 144 48
87 145 41
87 146 38
87 147 48
87 148 49
87 149 56
88 0 46
88 1 39
88 2 46
88 3 41
88 4 51
88 5 51
88 6 49
88 7 54
88 8 58
88 9 49
88 10 42
88 11 40
88 12 55
88 13 52
88 14 34
88 15 43
88 16 53
88 17 50
88 18 55
88 19 51
88 20 41
88 21 40
88 22 53
88 23 44
88 24 49
88 25 42
88 26 44
88 27 40
88 28 41
88 29 56
88 30 48
88 31 45
88 32 57
88 33 50
88 34 38
88 35 50
88 36 45
88 37 49
88 38 46
88 39 43
88 40 50
88 41 51
88 42 55
88 43 52
88 44 52
88 45 62
88 46 52
88 47 43
88 48 48
88 49 56
88 50 44
88 51 48
88 52 43
88 53 58
88 54 60
88 55 45
88 56 61
88 57 45
88 58 47
88 59 53
88 60 47
88 61 43
88 62 47
88 63 48
88 64 45
88 65 49
88 66 44
88 67 57
88 68 33
88 69 43
88 70 50
88 71 53
88 72 50
88 73 47
88 74 51
88 75 56
88 76 39
88 77 43
88 78 51
88 79 46
88 80 51
88 81 39
88 82 55
88 83 43
88 84 62
88 85 45
88 86 45
88 87 50
88 88 50
88 89 52
88 90 39
88 91 46
88 92 56
88 93 40
88 94 49
88 95 50
88 96 39
88 97 63
88 98 52
88 99 51
88 100 34
88 101 54
88 102 50
88 103 48
88 104 44
88 105 56
88 106 54
88 107 49
88 108 51
88 109 49
88 110 47
88 111 44
88 112 50
88 113 60
88 114 54
88 115 40
88 116 52
88 117 57
88 118 59
88 119 55
88 120 47
88 121 47
88 122 54
88 123 51
88 124 51
88 125 45
88 126 61
88 127 47
88 128 45
88 129 57
88 130 47
88 131 50
88 132 50
88 133 56
88 134 47
88 135 43
88 136 59
88 137 53
88 138 55
88 139 50
88 140 43
88 141 54
88 142 42
88 143 43
88 144 44
88 145 57
88 146 45
88 147 59
88 148 47
88 149 54
89 0 56
89 1 45
89 2 40
89 3 46
89 4 60
89 5 46
89 6 43
89 7 49
89 8 51
89 9 54
89 10 53
89 11 52
89 12 55
89 13 44
89 14 48
89 15 51
89 16 64
89 17 47
89 18 51
89 19 42
89 20 55
89 21 42
89 22 51
89 23 39
89 24 48
89 25 45
89 26 61
89 27 45
89 28 46
89 29 62
89 30 50
89 31 46
89 32 51
89 33 49
89 34 51
89 35 54
89 36 46
89 37 42
89 38 56
89 39 45
89 40 47
89 41 46
89 42 51
89 43 52
89 44 44
89 45 42
89 46 53
89 47 41
89 48 57
89 49 55
89 50 50
89 51 57
89 52 54
89 53 55
89 54 47
89 55 60
89 56 56
89 57 55
89 58 51
89 59 27
89 60 43
89 61 40
89 62 42
89 63 54
89 64 43
89 65 42
89 66 55
89 67 55
89 68 51
89 69 55
89 70 40
89 71 43
89 72 42
89 73 42
89 74 44
89 75 45
89 76 49
89 77 51
89 78 61
89 79 51
89 80 55
89 81 48
89 82 51
89 83 59
89 84 44
89 85 44
89 86 49
89 87 53
89 88 52
89 89 58
89 90 43
89 91 63
89 92 52
89 93 60
89 94 47
89 95 44
89 96 66
89 97 54
89 98 47
89 99 45
89 100 54
89 101 48
89 102 44
89 103 47
89 104 56
89 105 48
89 106 59
89 107 48
89 108 40
89 109 58
89 110 49
89 111 50
89 112 51
89 113 48
89 114 47
89 115 57
89 116 52
89 117 54
89 118 51
89 119 48
89 120 54
89 121 42
89 122 46
89 123 41
89 124 50
89 125 43
89 126 54
89 127 44
89 128 48
89 129 45
89 130 43
89 131 42
89 132 47
89 133 45
89 134 40
89 135 56
89 136 60
89 137 53
89 138 41
89 139 55
89 140 55
89 141 45
89 142 54
89 143 54
89 144 65
89 145 54
89 146 45
89 147 42
89 148 43
89 149 62
90 0 50
90 1 55
90 2 57
90 3 52
90 4 58
90 5 66
90 6 61
90 7 46
90 8 53
90 9 61
90 10 35
90 11 52
90 12 53
90 13 39
90 14 53
90 15 54
90 16 35
90 17 48
90 18 52
90 19 60
90 20 47
90 21 50
90 22 56
90 23 60
90 24 46
90 25 43
90 26 53
90 27 39
90 28 42
90 29 43
90 30 48
90 31 46
90 32 47
90 33 35
90 34 40
90 35 56
90 36 48
90 37 49
90 38 62
90 39 35
90 40 48
90 41 56
90 42 42
90 43 44
90 44 38
90 45 53
90 46 55
90 47 53
90 48 38
90 49 39
90 50 47
90 51 62
90 52 49
90 53 56
90 54 47
90 55 45
90 56 48
90 57 50
90 58 47
90 59 38
90 60 55
90 61 48
90 62 45
90 63 36
90 64 48
90 65 49
90 66 47
90 67 47
90 68 52
90 69 43
90 70 50
90 71 58
90 72 57
90 73 59
90 74 49
90 75 38
90 76 40
90 77 43
90 78 42
90 79 52
90 80 40
90 81 45
90 82 57
90 83 49
90 84 46
90 85 39
90 86 56
90 87 52
90 88 52
90 89 43
90 90 43
90 91 35
90 92 56
90 93 49
90 94 40
90 95 40
90 96 58
90 97 56
90 98 44
90 99 53
90 100 48
90 101 46
90 102 48
90 103 51
90 104 43
90 105 44
90 106 44
90 107 45
90 108 40
90 109 45
90 110 52
90 111 47
90 112 51
90 113 44
90 114 35
90 115 43
90 116 66
90 117 51
90 118 54
90 119 47
90 120 52
90 121 50
90 122 54
90 123 50
90 124 48
90 125 54
90 126 46
90 127 55
90 128 56
90 129 54
90 130 41
90 131 57
90 132 42
90 133 50
90 134 41
90 135 59
90 136 51
90 137 41
90 138 58
90 139 51
90 140 60
90 141 55
90 142 40
90 143 40
90 144 57
90 145 48
90 146 46
90 147 57
90 148 54
90 149 56
91 0 38
91 1 46
91 2 57
91 3 33
91 4 44
91 5 54
91 6 49
91 7 57
91 8 42
91 9 51
91 10 55
91 11 55
91 12 43
91 13 58
91 14 49
91 15 54
91 16 54
91 17 46
91 18 40
91 19 43
91 20 45
91 21 39
91 22 38
91 23 56
91 24 44
91 25 46
91 26 48
91 27 59
91 28 53
91 29 49
91 30 49
91 31 42
91 32 48
91 33 51
91 34 44
91 35 59
91 36 39
91 37 53
91 38 53
91 39 45
91 40 53
91 41 42
91 42 49
91 43 52
91 44 51
91 45 42
91 46 53
91 47 44
91 48 59
91 49 45
91 50 54
91 51 54
91 52 42
91 53 47
91 54 46
91 55 63
91 56 57
91 57 46
91 58 43
91 59 43
91 60 52
91 61 47
91 62 44
91 63 46
91 64 36
91 65 59
91 66 53
91 67 47
91 68 56
91 69 49
91 70 65
91 71 49
91 72 46
91 73 43
91 74 53
91 75 45
91 76 48
91 77 48
91 78 53
91 79 52
91 80 44
91 81 56
91 82 43
91 83 41
91 84 45
91 85 60
91 86 38
91 87 55
91 88 51
91 89 48
91 90 48
91 91 54
91 92 55
91 93 60
91 94 52
91 95 54
91 96 46
91 97 55
91 98 58
91 99 42
91 100 50
91 101 57
91 102 44
91 103 52
91 104 48
91 105 52
91 106 38
91 107 55
91 108 54
91 109 52
91 110 47
91 111 45
91 112 52
91 113 45
91 114 39
91 115 46
91 116 33
91 117 33
91 118 37
91 119 59
91 120 40
91 121 58
91 122 58
91 123 50
91 124 57
91 125 58
91 126 59
91 127 44
91 128 45
91 129 48
91 130 55
91 131 50
91 132 48
91 133 57
91 134 58
91 135 48
91 136 40
91 137 45
91 138 50
91 139 52
91 140 44
91 141 64
91 142 58
91 143 48
91 144 43
91 145 46
91 146 49
91 147 57
91 148 50
91 149 53
92 0 45
92 1 40
92 2 57
92 3 57
92 4 35
92 5 40
92 6 51
92 7 51
92 8 51
92 9 45
92 10 47
92 11 59
92 12 42
92 13 38
92 14 56
92 15 47
92 16 54
92 17 49
92 18 60
92 19 47
92 20 38
92 21 45
92 22 59
92 23 45
92 24 43
92 25 63
92 26 43
92 27 56
92 28 52
92 29 43
92 30 64
92 31 46
92 32 43
92 33 39
92 34 51
92 35 51
92 36 46
92 37 35
92 38 43
92 39 44
92 40 51
92 41 52
92 42 47
92 43 45
92 44 57
92 45 38
92 46 51
92 47 46
92 48 45
92 49 49
92 50 49
92 51 52
92 52 52
92 53 48
92 54 54
92 55 58
92 56 54
92 57 42
92 58 57
92 59 54
92 60 59
92 61 54
92 62 46
92 63 48
92 64 41
92 65 59
92 66 44
92 67 44
92 68 56
92 69 55
92 70 48
92 71 48
92 72 50
92 73 52
92 74 51
92 75 51
92 76 49
92 77 53
92 78 49
92 79 55
92 80 53
92 81 40
92 82 52
92 83 41
92 84 41
92 85 53
92 86 53
92 87 57
92 88 64
92 89 52
92 90 51
92 91 46
92 92 49
92 93 50
92 94 53
92 95 46
92 96 45
92 97 47
92 98 59
92 99 45
92 100 56
92 101 47
92 102 44
92 103 52
92 104 50
92 105 41
92 106 41
92 107 46
92 108 48
92 109 44
92 110 46
92 111 49
92 112 40
92 113 49
92 114 46
92 115 62
92 116 37
92 117 52
92 118 51
92 119 54
92 120 48
92 121 50
92 122 41
92 123 48
92 124 53
92 125 48
92 126 55
92 127 48
92 128 50
92 129 36
92 130 42
92 131 43
92 132 48
92 133 57
92 134 46
92 135 42
92 136 53
92 137 40
92 138 37
92 139 48
92 140 48
92 141 48
92 142 44
92 143 61
92 144 53
92 145 54
92 146 61
92 147 38
92 148 44
92 149 52
93 0 49
93 1 46
93 2 53
93 3 52
93 4 42
93 5 47
93 6 44
93 7 51
93 8 35
93 9 49
93 10 46
93 11 55
93 12 51
93 13 57
93 14 46
93 15 44
93 16 39
93 17 49
93 18 67
93 19 43
93 20 50
93 21 49
93 22 53
93 23 50
93 24 61
93 25 52
93 26 45
93 27 42
93 28 35
93 29 55
93 30 50
93 31 47
93 32 53
93 33 46
93 34 50
93 35 57
93 36 50
93 37 44
93 38 35
93 39 53
93 40 56
93 41 41
93 42 54
93 43 48
93 44 41
93 45 53
93 46 60
93 47 49
93 48 37
93 49 44
93 50 58
93 51 43
93 52 39
93 53 62
93 54 55
93 55 36
93 56 61
93 57 42
93 58 48
93 59 42
93 60 41
93 61 45
93 62 59
93 63 49
93 64 34
93 65 44
93 66 49
93 67 41
93 68 49
93 69 40
93 70 40
93 71 55
93 72 47
93 73 53
93 74 31
93 75 59
93 76 60
93 77 58
93 78 51
93 79 57
93 80 48
93 81 46
93 82 60
93 83 43
93 84 52
93 85 46
93 86 51
93 87 47
93 88 50
93 89 41
93 90 50
93 91 37
93 92 46
93 93 50
93 94 31
93 95 49
93 96 36
93 97 54
93 98 30
93 99 45
93 100 53
93 101 57
93 102 54
93 103 48
93 104 44
93 105 58
93 106 51
93 107 60
93 108 45
93 109 43
93 110 46
93 111 41
93 112 61
93 113 54
93 114 49
93 115 45
93 116 54
93 117 43
93 118 65
93 119 52
93 120 43
93 121 54
93 122 50
93 123 42
93 124 37
93 125 44
93 126 47
93 127 50
93 128 53
93 129 47
93 130 63
93 131 44
93 132 43
93 133 59
93 134 53
93 135 59
93 136 41
93 137 31
93 138 43
93 139 58
93 140 65
93 141 58
93 142 50
93 143 55
93 144 49
93 145 55
93 146 50
93 147 37
93 148 54
93 149 55
94 0 52
94 1 54
94 2 59
94 3 44
94 4 43
94 5 46
94 6 49
94 7 58
94 8 46
94 9 52
94 10 53
94 11 39
94 12 41
94 13 47
94 14 47
94 15 54
94 16 51
94 17 57
94 18 57
94 19 44
94 20 49
94 21 42
94 22 55
94 23 35
94 24 52
94 25 43
94 26 54
94 27 48
94 28 43
94 29 55
94 30 35
94 31 42
94 32 39
94 33 43
94 34 50
94 35 37
94 36 58
94 37 49
94 38 38
94 39 39
94 40 45
94 41 38
94 42 60
94 43 55
94 44 50
94 45 38
94 46 44
94 47 55
94 48 55
94 49 57
94 50 55
94 51 44
94 52 61
94 53 47
94 54 52
94 55 47
94 56 48
94 57 46
94 58 43
94 59 58
94 60 50
94 61 45
94 62 41
94 63 42
94 64 60
94 65 42
94 66 56
94 67 43
94 68 49
94 69 48
94 70 59
94 71 49
94 72 39
94 73 36
94 74 63
94 75 43
94 76 49
94 77 47
94 78 48
94 79 65
94 80 43
94 81 60
94 82 44
94 83 44
94 84 55
94 85 50
94 86 54
94 87 50
94 88 39
94 89 43
94 90 72
94 91 54
94 92 47
94 93 47
94 94 61
94 95 44
94 96 55
94 97 47
94 98 40
94 99 57
94 100 46
94 101 51
94 102 54
94 103 54
94 104 52
94 105 51
94 106 50
94 107 52
94 108 38
94 109 44
94 110 55
94 111 48
94 112 32
94 113 45
94 114 50
94 115 42
94 116 44
94 117 52
94 118 48
94 119 43
94 120 58
94 121 57
94 122 47
94 123 44
94 124 49
94 125 52
94 126 53
94 127 46
94 128 44
94 129 42
94 130 49
94 131 49
94 132 42
94 133 40
94 134 63
94 135 47
94 136 48
94 137 48
94 138 49
94 139 45
94 140 35
94 141 50
94 142 35
94 143 55
94 144 55
94 145 57
94 146 53
94 147 55
94 148 49
94 149 48
95 0 57
95 1 48
95 2 56
95 3 50
95 4 48
95 5 35
95 6 48
95 7 49
95 8 48
95 9 43
95 10 50
95 11 47
95 12 49
95 13 54
95 14 35
95 15 51
95 16 47
95 17 43
95 18 47
95 19 42
95 20 48
95 21 39
95 22 49
95 23 45
95 24 41
95 25 51
95 26 52
95 27 56
95 28 56
95 29 39
95 30 39
95 31 49
95 32 52
95 33 52
95 34 44
95 35 57
95 36 45
95 37 47
95 38 51
95 39 58
95 40 45
95 41 42
95 42 42
95 43 40
95 44 61
95 45 54
95 46 51
95 47 43
95 48 46
95 49 38
95 50 57
95 51 62
95 52 35
95 53 44
95 54 54
95 55 47
95 56 47
95 57 47
95 58 64
95 59 42
95 60 53
95 61 49
95 62 47
95 63 46
95 64 36
95 65 41
95 66 52
95 67 50
95 68 41
95 69 55
95 70 37
95 71 49
95 72 51
95 73 24
95 74 50
95 75 56
95 76 59
95 77 50
95 78 55
95 79 49
95 80 58
95 81 50
95 82 46
95 83 63
95 84 56
95 85 39
95 86 48
95 87 61
95 88 60
95 89 45
95 90 50
95 91 45
95 92 63
95 93 54
95 94 45
95 95 48
95 96 50
95 97 63
95 98 39
95 99 42
95 100 59
95 101 50
95 102 53
95 103 42
95 104 50
95 105 53
95 106 49
95 107 52
95 108 53
95 109 62
95 110 46
95 111 56
95 112 53
95 113 55
95 114 54
95 115 58
95 116 37
95 117 35
95 118 45
95 119 52
95 120 43
95 121 46
95 122 35
95 123 48
95 124 47
95 125 59
95 126 42
95 127 44
95 128 58
95 129 45
95 130 48
95 131 52
95 132 54
95 133 55
95 134 45
95 135 57
95 136 42
95 137 43
95 138 43
95 139 45
95 140 50
95 141 43
95 142 43
95 143 48
95 144 39
95 145 49
95 146 49
95 147 60
95 148 38
95 149 58
96 0 41
96 1 62
96 2 57
96 3 53
96 4 37
96 5 56
96 6 58
96 7 42
96 8 56
96 9 43
96 10 56
96 11 36
96 12 50
96 13 43
96 14 48
96 15 33
96 16 51
96 17 53
96 18 52
96 19 48
96 20 57
96 21 46
96 22 47
96 23 37
96 24 48
96 25 51
96 26 46
96 27 45
96 28 51
96 29 61
96 30 43
96 31 34
96 32 54
96 33 48
96 34 56
96 35 44
96 36 49
96 37 43
96 38 52
96 39 57
96 40 45
96 41 42
96 42 53
96 43 42
96 44 43
96 45 54
96 46 51
96 47 49
96 48 49
96 49 58
96 50 50
96 51 48
96 52 49
96 53 55
96 54 51
96 55 46
96 56 50
96 57 41
96 58 47
96 59 51
96 60 43
96 61 71
96 62 55
96 63 52
96 64 43
96 65 49
96 66 50
96 67 55
96 68 39
96 69 50
96 70 46
96 71 46
96 72 49
96 73 54
96 74 41
96 75 53
96 76 54
96 77 50
96 78 52
96 79 55
96 80 50
96 81 44
96 82 49
96 83 46
96 84 47
96 85 48
96 86 49
96 87 45
96 88 64
96 89 48
96 90 39
96 91 49
96 92 56
96 93 52
96 94 44
96 95 41
96 96 50
96 97 52
96 98 46
96 99 54
96 100 50
96 101 40
96 102 42
96 103 47
96 104 67
96 105 46
96 106 51
96 107 41
96 108 49
96 109 48
96 110 54
96 111 63
96 112 47
96 113 37
96 114 51
96 115 44
96 116 50
96 117 40
96 118 37
96 119 59
96 120 44
96 121 47
96 122 48
96 123 47
96 124 55
96 125 47
96 126 54
96 127 49
96 128 47
96 129 53
96 130 57
96 131 48
96 132 44
96 133 43
96 134 51
96 135 56
96 136 49
96 137 59
96 138 47
96 139 42
96 140 52
96 141 54
96 142 57
96 143 43
96 144 45
96 145 55
96 146 50
96 147 47
96 148 51
96 149 55
97 0 40
97 1 41
97 2 46
97 3 48
97 4 31
97 5 41
97 6 59
97 7 52
97 8 43
97 9 58
97 10 45
97 11 46
97 12 45
97 13 50
97 14 51
97 15 52
97 16 45
97 17 47
97 18 39
97 19 40
97 20 43
97 21 54
97 22 48
97 23 43
97 24 45
97 25 55
97 26 59
97 27 51
97 28 50
97 29 54
97 30 51
97 31 42
97 32 41
97 33 57
97 34 48
97 35 44
97 36 55
97 37 46
97 38 47
97 39 56
97 40 43
97 41 43
97 42 41
97 43 48
97 44 29
97 45 45
97 46 44
97 47 48
97 48 39
97 49 51
97 50 57
97 51 51
97 52 47
97 53 55
97 54 42
97 55 51
97 56 62
97 57 47
97 58 42
97 59 36
97 60 39
97 61 52
97 62 61
97 63 46
97 64 46
97 65 51
97 66 60
97 67 44
97 68 43
97 69 36
97 70 45
97 71 56
97 72 60
97 73 55
97 74 54
97 75 49
97 76 37
97 77 51
97 78 46
97 79 53
97 80 49
97 81 64
97 82 48
97 83 48
97 84 37
97 85 48
97 86 42
97 87 59
97 88 52
97 89 59
97 90 58
97 91 39
97 92 42
97 93 50
97 94 59
97 95 52
97 96 54
97 97 39
97 98 46
97 99 37
97 100 51
97 101 41
97 102 41
97 103 38
97 104 59
97 105 56
97 106 54
97 107 46
97 108 43
97 109 39
97 110 49
97 111 51
97 112 51
97 113 51
97 114 50
97 115 51
97 116 48
97 117 35
97 118 48
97 119 42
97 120 47
97 121 46
97 122 54
97 123 57
97 124 57
97 125 55
97 126 58
97 127 46
97 128 34
97 129 73
97 130 52
97 131 43
97 132 57
97 133 43
97 134 54
97 135 49
97 136 48
97 137 51
97 138 50
97 139 52
97 140 62
97 141 48
97 142 65
97 143 49
97 144 50
97 145 51
97 146 45
97 147 41
97 148 62
97 149 42
98 0 46
98 1 44
98 2 58
98 3 60
98 4 48
98 5 45
98 6 43
98 7 37
98 8 39
98 9 49
98 10 46
98 11 42
98 12 55
98 13 55
98 14 56
98 15 44
98 16 45
98 17 53
98 18 41
98 19 54
98 20 50
98 21 62
98 22 51
98 23 70
98 24 45
98 25 55
98 26 54
98 27 49
98 28 49
98 29 53
98 30 52
98 31 48
98 32 56
98 33 50
98 34 51
98 35 40
98 36 44
98 37 59
98 38 45
98 39 56
98 40 53
98 41 47
98 42 40
98 43 38
98 44 35
98 45 36
98 46 49
98 47 46
98 48 43
98 49 58
98 50 44
98 51 37
98 52 38
98 53 55
98 54 55
98 55 47
98 56 59
98 57 49
98 58 62
98 59 37
98 60 56
98 61 39
98 62 47
98 63 36
98 64 40
98 65 47
98 66 45
98 67 39
98 68 55
98 69 42
98 70 37
98 71 49
98 72 47
98 73 59
98 74 52
98 75 47
98 76 50
98 77 64
98 78 54
98 79 56
98 80 54
98 81 50
98 82 47
98 83 39
98 84 60
98 85 55
98 86 54
98 87 51
98 88 47
98 89 60
98 90 51
98 91 47
98 92 43
98 93 48
98 94 52
98 95 49
98 96 41
98 97 51
98 98 47
98 99 41
98 100 51
98 101 64
98 102 42
98 103 44
98 104 54
98 105 52
98 106 54
98 107 55
98 108 50
98 109 40
98 110 52
98 111 53
98 112 35
98 113 52
98 114 38
98 115 36
98 116 51
98 117 60
98 118 52
98 119 57
98 120 54
98 121 52
98 122 43
98 123 44
98 124 51
98 125 50
98 126 43
98 127 42
98 128 51
98 129 46
98 130 45
98 131 42
98 132 48
98 133 47
98 134 42
98 135 61
98 136 43
98 137 49
98 138 44
98 139 41
98 140 52
98 141 48
98 142 54
98 143 51
98 144 50
98 145 50
98 146 50
98 147 56
98 148 49
98 149 47
99 0 42
99 1 56
99 2 42
99 3 45
99 4 54
99 5 38
99 6 45
99 7 56
99 8 49
99 9 47
99 10 51
99 11 44
99 12 51
99 13 50
99 14 37
99 15 52
99 16 51
99 17 43
99 18 52
99 19 34
99 20 54
99 21 37
99 22 42
99 23 46
99 24 58
99 25 51
99 26 60
99 27 44
99 28 46
99 29 48
99 30 37
99 31 60
99 32 48
99 33 51
99 34 41
99 35 56
99 36 44
99 37 57
99 38 35
99 39 37
99 40 54
99 41 51
99 42 60
99 43 49
99 44 45
99 45 40
99 46 43
99 47 60
99 48 43
99 49 53
99 50 35
99 51 48
99 52 56
99 53 48
99 54 49
99 55 46
99 56 44
99 57 48
99 58 49
99 59 46
99 60 42
99 61 51
99 62 46
99 63 49
99 64 53
99 65 51
99 66 55
99 67 38
99 68 61
99 69 43
99 70 45
99 71 62
99 72 48
99 73 48
99 74 51
99 75 49
99 76 46
99 77 48
99 78 45
99 79 49
99 80 48
99 81 52
99 82 43
99 83 55
99 84 48
99 85 52
99 86 51
99 87 52
99 88 64
99 89 47
99 90 55
99 91 46
99 92 51
99 93 53
99 94 39
99 95 53
99 96 54
99 97 54
99 98 35
99 99 44
99 100 63
99 101 49
99 102 48
99 103 45
99 104 41
99 105 40
99 106 36
99 107 53
99 108 34
99 109 53
99 110 39
99 111 56
99 112 58
99 113 50
99 114 52
99 115 43
99 116 44
99 117 50
99 118 53
99 119 39
99 120 63
99 121 51
99 122 42
99 123 34
99 124 45
99 125 48
99 126 38
99 127 50
99 128 47
99 129 52
99 130 42
99 131 58
99 132 48
99 133 52
99 134 60
99 135 41
99 136 48
99 137 60
99 138 53
99 139 41
99 140 52
99 141 49
99 142 50
99 143 57
99 144 46
99 145 55
99 146 44
99 147 48
99 148 51
99 149 52
100 0 40
100 1 55
100 2 47
100 3 45
100 4 41
100 5 32
100 6 41
100 7 44
100 8 49
100 9 47
100 10 47
100 11 45
100 12 48
100 13 40
100 14 54
100 15 50
100 16 53
100 17 43
100 18 61
100 19 58
100 20 56
100 21 40
100 22 46
100 23 45
100 24 55
100 25 45
100 26 46
100 27 63
100 28 48
100 29 33
100 30 43
100 31 51
100 32 48
100 33 52
100 34 58
100 35 41
100 36 39
100 37 58
100 38 47
100 39 46
100 40 54
100 41 56
100 42 59
100 43 31
100 44 47
100 45 67
100 46 54
100 47 66
100 48 47
100 49 44
100 50 43
100 51 36
100 52 57
100 53 46
100 54 43
100 55 50
100 56 48
100 57 41
100 58 53
100 59 45
100 60 46
100 61 42
100 62 49
100 63 42
100 64 47
100 65 50
100 66 36
100 67 58
100 68 43
100 69 48
100 70 43
100 71 46
100 72 42
100 73 32
100 74 42
100 75 54
100 76 44
100 77 51
100 78 47
100 79 62
100 80 49
100 81 61
100 82 46
100 83 43
100 84 47
100 85 53
100 86 42
100 87 41
100 88 47
100 89 50
100 90 49
100 91 48
100 92 44
100 93 54
100 94 47
100 95 52
100 96 61
100 97 40
100 98 46
100 99 52
100 100 47
100 101 49
100 102 43
100 103 35
100 104 50
100 105 61
100 106 46
100 107 56
100 108 44
100 109 40
100 110 46
100 111 52
100 112 42
100 113 45
100 114 50
100 115 50
100 116 49
100 117 53
100 118 56
100 119 59
100 120 68
100 121 49
100 122 49
100 123 57
100 124 50
100 125 51
100 126 46
100 127 45
100 128 43
100 129 49
100 130 42
100 131 53
100 132 33
100 133 41
100 134 44
100 135 42
100 136 47
100 137 55
100 138 50
100 139 45
100 140 44
100 141 60
100 142 53
100 143 52
100 144 56
100 145 60
100 146 49
100 147 49
100 148 61
100 149 57
101 0 47
101 1 41
101 2 45
101 3 49
101 4 52
101 5 43
101 6 43
101 7 52
101 8 48
101 9 54
101 10 52
101 11 50
101 12 48
101 13 50
101 14 47
101 15 43
101 16 53
101 17 58
101 18 59
101 19 56
101 20 51
101 21 47
101 22 47
101 23 57
101 24 51
101 25 53
101 26 47
101 27 47
101 28 54
101 29 48
101 30 52
101 31 44
101 32 59
101 33 55
101 34 45
101 35 59
101 36 48
101 37 59
101 38 54
101 39 46
101 40 46
101 41 44
101 42 44
101 43 39
101 44 46
101 45 54
101 46 68
101 47 40
101 48 42
101 49 61
101 50 61
101 51 46
101 52 35
101 53 60
101 54 43
101 55 46
101 56 48
101 57 51
101 58 58
101 59 34
101 60 52
101 61 44
101 62 35
101 63 50
101 64 52
101 65 46
101 66 41
101 67 41
101 68 40
101 69 52
101 70 59
101 71 48
101 72 41
101 73 54
101 74 44
101 75 49
101 76 47
101 77 44
101 78 45
101 79 55
101 80 63
101 81 41
101 82 58
101 83 48
101 84 54
101 85 51
101 86 58
101 87 56
101 88 46
101 89 47
101 90 53
101 91 40
101 92 51
101 93 47
101 94 54
101 95 48
101 96 56
101 97 48
101 98 50
101 99 51
101 100 57
101 101 50
101 102 39
101 103 57
101 104 46
101 105 41
101 106 56
101 107 35
101 108 63
101 109 39
101 110 51
101 111 44
101 112 50
101 113 53
101 114 62
101 115 50
101 116 42
101 117 42
101 118 55
101 119 41
101 120 36
101 121 40
101 122 52
101 123 58
101 124 41
101 125 53
101 126 46
101 127 41
101 128 51
101 129 56
101 130 52
101 131 49
101 132 47
101 133 51
101 134 51
101 135 38
101 136 52
101 137 43
101 138 42
101 139 59
101 140 48
101 141 48
101 142 53
101 143 55
101 144 45
101 145 45
101 146 58
101 147 46
101 148 37
101 149 60
102 0 44
102 1 48
102 2 42
102 3 47
102 4 49
102 5 58
102 6 53
102 7 47
102 8 45
102 9 56
102 10 39
102 11 51
102 12 45
102 13 50
102 14 38
102 15 60
102 16 57
102 17 42
102 18 47
102 19 40
102 20 44
102 21 53
102 22 45
102 23 34
102 24 39
102 25 52
102 26 51
102 27 40
102 28 48
102 29 41
102 30 53
102 31 45
102 32 51
102 33 42
102 34 51
102 35 49
102 36 49
102 37 56
102 38 54
102 39 41
102 40 47
102 41 39
102 42 55
102 43 45
102 44 41
102 45 34
102 46 51
102 47 53
102 48 40
102 49 45
102 50 47
102 51 45
102 52 47
102 53 46
102 54 44
102 55 32
102 56 48
102 57 51
102 58 50
102 59 50
102 60 57
102 61 51
102 62 56
102 63 54
102 64 45
102 65 43
102 66 44
102 67 40
102 68 45
102 69 43
102 70 58
102 71 50
102 72 49
102 73 43
102 74 68
102 75 50
102 76 59
102 77 33
102 78 59
102 79 56
102 80 37
102 81 54
102 82 53
102 83 46
102 84 49
102 85 53
102 86 61
102 87 68
102 88 45
102 89 49
102 90 57
102 91 53
102 92 47
102 93 58
102 94 55
102 95 57
102 96 43
102 97 42
102 98 52
102 99 43
102 100 43
102 101 52
102 102 56
102 103 41
102 104 54
102 105 55
102 106 51
102 107 35
102 108 48
102 109 44
102 110 51
102 111 43
102 112 38
102 113 61
102 114 50
102 115 43
102 116 48
102 117 56
102 118 48
102 119 49
102 120 52
102 121 46
102 122 49
102 123 61
102 124 49
102 125 47
102 126 60
102 127 58
102 128 45
102 129 41
102 130 46
102 131 57
102 132 44
102 133 37
102 134 56
102 135 58
102 136 51
102 137 39
102 138 54
102 139 59
102 140 59
102 141 60
102 142 39
102 143 46
102 144 58
102 145 41
102 146 47
102 147 45
102 148 45
102 149 66
103 0 47
103 1 56
103 2 41
103 3 56
103 4 56
103 5 57
103 6 45
103 7 44
103 8 55
103 9 51
103 10 50
103 11 43
103 12 47
103 13 50
103 14 47
103 15 49
103 16 44
103 17 45
103 18 49
103 19 48
103 20 36
103 21 40
103 22 47
103 23 45
103 24 43
103 25 46
103 26 54
103 27 44
103 28 49
103 29 33
103 30 44
103 31 47
103 32 70
103 33 61
103 34 58
103 35 60
103 36 45
103 37 38
103 38 48
103 39 53
103 40 50
103 41 44
103 42 55
103 43 42
103 44 42
103 45 48
103 46 39
103 47 54
103 48 51
103 49 50
103 50 53
103 51 51
103 52 50
103 53 47
103 54 44
103 55 46
103 56 57
103 57 51
103 58 48
103 59 50
103 60 53
103 61 40
103 62 61
103 63 40
103 64 63
103 65 39
103 66 53
103 67 61
103 68 55
103 69 55
103 70 56
103 71 54
103 72 42
103 73 49
103 74 53
103 75 54
103 76 40
103 77 48
103 78 45
103 79 58
103 80 45
103 81 51
103 82 53
103 83 47
103 84 42
103 85 57
103 86 49
103 87 43
103 88 36
103 89 50
103 90 48
103 91 59
103 92 39
103 93 55
103 94 46
103 95 46
103 96 52
103 97 40
103 98 42
103 99 50
103 100 51
103 101 65
103 102 50
103 103 58
103 104 46
103 105 50
103 106 66
103 107 36
103 108 39
103 109 43
103 110 58
103 111 48
103 112 39
103 113 47
103 114 44
103 115 50
103 116 45
103 117 53
103 118 62
103 119 51
103 120 63
103 121 47
103 122 42
103 123 42
103 124 46
103 125 60
103 126 38
103 127 45
103 128 47
103 129 37
103 130 54
103 131 52
103 132 49
103 133 51
103 134 43
103 135 50
103 136 46
103 137 41
103 138 41
103 139 64
103 140 49
103 141 47
103 142 40
103 143 43
103 144 36
103 145 46
103 146 52
103 147 43
103 148 42
103 149 40
104 0 47
104 1 47
104 2 40
104 3 41
104 4 59
104 5 48
104 6 33
104 7 55
104 8 57
104 9 56
104 10 42
104 11 39
104 12 59
104 13 37
104 14 55
104 15 49
104 16 53
104 17 59
104 18 49
104 19 48
104 20 44
104 21 68
104 22 45
104 23 45
104 24 58
104 25 69
104 26 35
104 27 51
104 28 49
104 29 51
104 30 65
104 31 59
104 32 48
104 33 45
104 34 50
104 35 44
104 36 45
104 37 52
104 38 47
104 39 61
104 40 51
104 41 43
104 42 50
104 43 38
104 44 43
104 45 42
104 46 46
104 47 42
104 48 46
104 49 53
104 50 68
104 51 50
104 52 51
104 53 53
104 54 52
104 55 48
104 56 42
104 57 47
104 58 43
104 59 45
104 60 34
104 61 52
104 62 44
104 63 54
104 64 54
104 65 54
104 66 52
104 67 50
104 68 46
104 69 51
104 70 44
104 71 58
104 72 42
104 73 56
104 74 62
104 75 51
104 76 53
104 77 57
104 78 51
104 79 54
104 80 42
104 81 52
104 82 47
104 83 54
104 84 36
104 85 45
104 86 42
104 87 40
104 88 46
104 89 49
104 90 46
104 91 40
104 92 46
104 93 59
104 94 55
104 95 50
104 96 51
104 97 41
104 98 45
104 99 46
104 100 56
104 101 51
104 102 48
104 103 43
104 104 52
104 105 46
104 106 35
104 107 39
104 108 57
104 109 37
104 110 51
104 111 54
104 112 52
104 113 65
104 114 71
104 115 53
104 116 49
104 117 51
104 118 47
104 119 43
104 120 49
104 121 49
104 122 36
104 123 42
104 124 51
104 125 43
104 126 39
104 127 59
104 128 47
104 129 56
104 130 34
104 131 40
104 132 42
104 133 35
104 134 50
104 135 49
104 136 50
104 137 42
104 138 50
104 139 53
104 140 45
104 141 54
104 142 54
104 143 55
104 144 41
104 145 50
104 146 53
104 147 56
104 148 43
104 149 49
105 0 59
105 1 50
105 2 52
105 3 49
105 4 52
105 5 57
105 6 41
105 7 45
105 8 56
105 9 49
105 10 39
105 11 61
105 12 49
105 13 57
105 14 54
105 15 53
105 16 44
105 17 42
105 18 46
105 19 37
105 20 46
105 21 47
105 22 43
105 23 48
105 24 48
105 25 57
105 26 47
105 27 49
105 28 69
105 29 39
105 30 56
105 31 47
105 32 42
105 33 56
105 34 64
105 35 43
105 36 52
105 37 54
105 38 62
105 39 49
105 40 36
105 41 49
105 42 46
105 43 56
105 44 49
105 45 37
105 46 45
105 47 38
105 48 50
105 49 40
105 50 52
105 51 44
105 52 44
105 53 61
105 54 47
105 55 52
105 56 52
105 57 45
105 58 50
105 59 41
105 60 43
105 61 58
105 62 37
105 63 48
105 64 49
105 65 38
105 66 58
105 67 58
105 68 52
105 69 64
105 70 50
105 71 52
105 72 43
105 73 44
105 74 44
105 75 49
105 76 60
105 77 46
105 78 47
105 79 56
105 80 48
105 81 41
105 82 43
105 83 62
105 84 50
105 85 48
105 86 45
105 87 43
105 88 47
105 89 52
105 90 47
105 91 42
105 92 54
105 93 53
105 94 53
105 95 48
105 96 62
105 97 41
105 98 55
105 99 46
105 100 55
105 101 36
105 102 45
105 103 47
105 104 52
105 105 43
105 106 53
105 107 49
105 108 42
105 109 51
105 110 59
105 111 43
105 112 39
105 113 42
105 114 60
105 115 60
105 116 47
105 117 49
105 118 45
105 119 65
105 120 59
105 121 45
105 122 44
105 123 52
105 124 40
105 125 46
105 126 62
105 127 51
105 128 49
105 129 40
105 130 37
105 131 55
105 132 47
105 133 47
105 134 45
105 135 45
105 136 50
105 137 50
105 138 47
105 139 49
105 140 47
105 141 48
105 142 56
105 143 55
105 144 55
105 145 49
105 146 61
105 147 45
105 148 53
105 149 36
106 0 60
106 1 46
106 2 52
106 3 50
106 4 52
106 5 45
106 6 44
106 7 58
106 8 48
106 9 44
106 10 55
106 11 46
106 12 44
106 13 37
106 14 34
106 15 48
106 16 60
106 17 42
106 18 65
106 19 41
106 20 48
106 21 46
106 22 44
106 23 50
106 24 49
106 25 49
106 26 48
106 27 53
106 28 49
106 29 40
106 30 47
106 31 55
106 32 45
106 33 41
106 34 45
106 35 45
106 36 49
106 37 47
106 38 37
106 39 35
106 40 48
106 41 44
106 42 49
106 43 51
106 44 43
106 45 57
106 46 52
106 47 45
106 48 49
106 49 53
106 50 47
106 51 49
106 52 57
106 53 47
106 54 48
106 55 53
106 56 40
106 57 40
106 58 40
106 59 47
106 60 56
106 61 36
106 62 36
106 63 44
106 64 61
106 65 49
106 66 45
106 67 36
106 68 65
106 69 51
106 70 43
106 71 48
106 72 52
106 73 46
106 74 59
106 75 57
106 76 47
106 77 52
106 78 52
106 79 56
106 80 55
106 81 49
106 82 44
106 83 42
106 84 43
106 85 42
106 86 42
106 87 37
106 88 52
106 89 64
106 90 56
106 91 59
106 92 60
106 93 54
106 94 49
106 95 53
106 96 47
106 97 47
106 98 44
106 99 48
106 100 53
106 101 46
106 102 54
106 103 46
106 104 57
106 105 55
106 106 46
106 107 51
106 108 45
106 109 54
106 110 45
106 111 48
106 112 32
106 113 56
106 114 42
106 115 53
106 116 45
106 117 56
106 118 47
106 119 35
106 120 47
106 121 45
106 122 50
106 123 57
106 124 48
106 125 50
106 126 63
106 127 63
106 128 54
106 129 58
106 130 58
106 131 49
106 132 42
106 133 53
106 134 43
106 135 43
106 136 43
106 137 37
106 138 55
106 139 43
106 140 47
106 141 57
106 142 46
106 143 48
106 144 39
106 145 52
106 146 50
106 147 55
106 148 51
106 149 47
107 0 52
107 1 43
107 2 47
107 3 60
107 4 43
107 5 44
107 6 38
107 7 35
107 8 52
107 9 40
107 10 38
107 11 54
107 12 43
107 13 54
107 14 54
107 15 41
107 16 42
107 17 53
107 18 49
107 19 48
107 20 35
107 21 55
107 22 58
107 23 52
107 24 51
107 25 54
107 26 51
107 27 49
107 28 44
107 29 50
107 30 54
107 31 45
107 32 38
107 33 44
107 34 53
107 35 34
107 36 50
107 37 46
107 38 46
107 39 41
107 40 46
107 41 54
107 42 53
107 43 47
107 44 40
107 45 35
107 46 53
107 47 50
107 48 55
107 49 50
107 50 46
107 51 41
107 52 47
107 53 38
107 54 35
107 55 34
107 56 40
107 57 50
107 58 55
107 59 71
107 60 58
107 61 45
107 62 41
107 63 50
107 64 67
107 65 56
107 66 52
107 67 47
107 68 47
107 69 51
107 70 46
107 71 54
107 72 52
107 73 54
107 74 61
107 75 41
107 76 43
107 77 48
107 78 48
107 79 41
107 80 49
107 81 45
107 82 47
107 83 47
107 84 44
107 85 46
107 86 29
107 87 46
107 88 47
107 89 56
107 90 47
107 91 47
107 92 42
107 93 53
107 94 41
107 95 43
107 96 32
107 97 49
107 98 55
107 99 45
107 100 55
107 101 53
107 102 40
107 103 59
107 104 42
107 105 40
107 106 47
107 107 52
107 108 55
107 109 53
107 110 48
107 111 59
107 112 62
107 113 43
107 114 34
107 115 44
107 116 45
107 117 44
107 118 57
107 119 44
107 120 53
107 121 46
107 122 41
107 123 52
107 124 50
107 125 45
107 126 58
107 127 62
107 128 35
107 129 47
107 130 52
107 131 40
107 132 60
107 133 53
107 134 57
107 135 56
107 136 54
107 137 48
107 138 41
107 139 42
107 140 52
107 141 43
107 142 48
107 143 60
107 144 38
107 145 45
107 146 47
107 147 44
107 148 47
107 149 40
108 0 49
108 1 55
108 2 58
108 3 48
108 4 67
108 5 44
108 6 51
108 7 59
108 8 41
108 9 60
108 10 59
108 11 52
108 12 70
108 13 60
108 14 51
108 15 47
108 16 46
108 17 57
108 18 53
108 19 42
108 20 47
108 21 42
108 22 47
108 23 37
108 24 46
108 25 42
108 26 52
108 27 49
108 28 46
108 29 31
108 30 49
108 31 47
108 32 62
108 33 47
108 34 48
108 35 45
108 36 48
108 37 60
108 38 53
108 39 48
108 40 49
108 41 44
108 42 60
108 43 51
108 44 78
108 45 44
108 46 46
108 47 53
108 48 55
108 49 52
108 50 44
108 51 37
108 52 55
108 53 61
108 54 58
108 55 44
108 56 47
108 57 47
108 58 52
108 59 56
108 60 54
108 61 42
108 62 49
108 63 51
108 64 51
108 65 45
108 66 53
108 67 51
108 68 48
108 69 45
108 70 52
108 71 51
108 72 58
108 73 30
108 74 35
108 75 67
108 76 44
108 77 51
108 78 36
108 79 38
108 80 55
108 81 39
108 82 45
108 83 54
108 84 47
108 85 48
108 86 55
108 87 56
108 88 51
108 89 47
108 90 38
108 91 52
108 92 45
108 93 42
108 94 50
108 95 50
108 96 47
108 97 66
108 98 36
108 99 60
108 100 48
108 101 58
108 102 39
108 103 50
108 104 42
108 105 54
108 106 48
108 107 51
108 108 62
108 109 38
108 110 44
108 111 41
108 112 37
108 113 52
108 114 57
108 115 54
108 116 40
108 117 61
108 118 51
108 119 47
108 120 48
108 121 53
108 122 46
108 123 57
108 124 59
108 125 49
108 126 58
108 127 44
108 128 42
108 129 46
108 130 57
108 131 50
108 132 58
108 133 49
108 134 53
108 135 36
108 136 58
108 137 43
108 138 37
108 139 43
108 140 38
108 141 58
108 142 50
108 143 41
108 144 45
108 145 51
108 146 52
108 147 52
108 148 49
108 149 44
109 0 45
109 1 51
109 2 44
109 3 45
109 4 45
109 5 41
109 6 39
109 7 50
109 8 53
109 9 60
109 10 41
109 11 53
109 12 39
109 13 41
109 14 52
109 15 68
109 16 44
109 17 57
109 18 45
109 19 57
109 20 54
109 21 45
109 22 55
109 23 44
109 24 41
109 25 50
109 26 56
109 27 47
109 28 47
109 29 49
109 30 53
109 31 56
109 32 54
109 33 54
109 34 44
109 35 45
109 36 40
109 37 46
109 38 41
109 39 48
109 40 55
109 41 46
109 42 51
109 43 52
109 44 44
109 45 39
109 46 50
109 47 58
109 48 56
109 49 59
109 50 51
109 51 44
109 52 46
109 53 45
109 54 58
109 55 52
109 56 48
109 57 47
109 58 53
109 59 36
109 60 54
109 61 47
109 62 44
109 63 46
109 64 48
109 65 55
109 66 53
109 67 40
109 68 55
109 69 52
109 70 62
109 71 42
109 72 39
109 73 53
109 74 53
109 75 40
109 76 48
109 77 40
109 78 57
109 79 58
109 80 46
109 81 53
109 82 51
109 83 52
109 84 81
109 85 48
109 86 49
109 87 44
109 88 52
109 89 44
109 90 52
109 91 47
109 92 48
109 93 40
109 94 50
109 95 47
109 96 52
109 97 55
109 98 66
109 99 46
109 100 52
109 101 57
109 102 51
109 103 50
109 104 39
109 105 50
109 106 53
109 107 55
109 108 43
109 109 54
109 110 52
109 111 47
109 112 60
109 113 48
109 114 53
109 115 59
109 116 52
109 117 55
109 118 47
109 119 41
109 120 58
109 121 54
109 122 52
109 123 42
109 124 50
109 125 51
109 126 48
109 127 43
109 128 50
109 129 39
109 130 57
109 131 65
109 132 65
109 133 42
109 134 48
109 135 47
109 136 54
109 137 47
109 138 55
109 139 48
109 140 51
109 141 53
109 142 35
109 143 59
109 144 49
109 145 47
109 146 51
109 147 56
109 148 52
109 149 43
110 0 48
110 1 43
110 2 45
110 3 47
110 4 46
110 5 51
110 6 46
110 7 48
110 8 47
110 9 43
110 10 49
110 11 48
110 12 44
110 13 42
110 14 62
110 15 43
110 16 57
110 17 40
110 18 57
110 19 46
110 20 49
110 21 51
110 22 56
110 23 39
110 24 55
110 25 34
110 26 42
110 27 35
110 28 51
110 29 43
110 30 41
110 31 52
110 32 66
110 33 40
110 34 49
110 35 48
110 36 63
110 37 57
110 38 49
110 39 47
110 40 49
110 41 40
110 42 53
110 43 49
110 44 45
110 45 61
110 46 54
110 47 52
110 48 50
110 49 65
110 50 41
110 51 53
110 52 42
110 53 50
110 54 38
110 55 48
110 56 54
110 57 53
110 58 62
110 59 52
110 60 59
110 61 60
110 62 50
110 63 45
110 64 44
110 65 56
110 66 38
110 67 55
110 68 55
110 69 60
110 70 58
110 71 50
110 72 57
110 73 59
110 74 48
110 75 38
110 76 42
110 77 60
110 78 45
110 79 40
110 80 54
110 81 50
110 82 50
110 83 48
110 84 45
110 85 51
110 86 40
110 87 46
110 88 59
110 89 47
110 90 45
110 91 51
110 92 51
110 93 40
110 94 57
110 95 41
110 96 57
110 97 66
110 98 66
110 99 52
110 100 34
110 101 43
110 102 38
110 103 48
110 104 68
110 105 49
110 106 44
110 107 37
110 108 39
110 109 53
110 110 46
110 111 42
110 112 44
110 113 45
110 114 54
110 115 41
110 116 41
110 117 50
110 118 33
110 119 52
110 120 57
110 121 55
110 122 48
110 123 52
110 124 54
110 125 41
110 126 48
110 127 59
110 128 54
110 129 49
110 130 62
110 131 50
110 132 41
110 133 44
110 134 46
110 135 45
110 136 59
110 137 54
110 138 55
110 139 51
110 140 59
110 141 41
110 142 47
110 143 47
110 144 47
110 145 48
110 146 52
110 147 52
110 148 51
110 149 51
111 0 49
111 1 38
111 2 50
111 3 54
111 4 49
111 5 67
111 6 41
111 7 39
111 8 62
111 9 48
111 10 55
111 11 47
111 12 61
111 13 61
111 14 50
111 15 39
111 16 52
111 17 49
111 18 64
111 19 50
111 20 38
111 21 45
111 22 41
111 23 35
111 24 43
111 25 48
111 26 43
111 27 57
111 28 43
111 29 51
111 30 46
111 31 44
111 32 46
111 33 60
111 34 41
111 35 42
111 36 49
111 37 60
111 38 52
111 39 44
111 40 57
111 41 48
111 42 57
111 43 54
111 44 46
111 45 38
111 46 42
111 47 54
111 48 59
111 49 44
111 50 57
111 51 53
111 52 53
111 53 46
111 54 53
111 55 52
111 56 41
111 57 50
111 58 49
111 59 50
111 60 54
111 61 55
111 62 44
111 63 52
111 64 46
111 65 54
111 66 44
111 67 46
111 68 51
111 69 46
111 70 46
111 71 60
111 72 53
111 73 47
111 74 55
111 75 52
111 76 45
111 77 46
111 78 55
111 79 54
111 80 50
111 81 59
111 82 57
111 83 42
111 84 47
111 85 51
111 86 50
111 87 40
111 88 50
111 89 47
111 90 64
111 91 61
111 92 48
111 93 52
111 94 47
111 95 38
111 96 43
111 97 51
111 98 41
111 99 45
111 100 47
111 101 49
111 102 42
111 103 48
111 104 47
111 105 54
111 106 38
111 107 54
111 108 54
111 109 53
111 110 48
111 111 54
111 112 38
111 113 47
111 114 50
111 115 56
111 116 37
111 117 52
111 118 35
111 119 50
111 120 50
111 121 56
111 122 58
111 123 63
111 124 43
111 125 57
111 126 46
111 127 38
111 128 44
111 129 56
111 130 53
111 131 47
111 132 41
111 133 49
111 134 42
111 135 48
111 136 43
111 137 42
111 138 47
111 139 38
111 140 41
111 141 51
111 142 50
111 143 59
111 144 45
111 145 56
111 146 57
111 147 47
111 148 49
111 149 43
112 0 46
112 1 47
112 2 51
112 3 40
112 4 40
112 5 64
112 6 49
112 7 41
112 8 51
112 9 44
112 10 46
112 11 50
112 12 59
112 13 52
112 14 39
112 15 48
112 16 45
112 17 33
112 18 59
112 19 44
112 20 42
112 21 42
112 22 48
112 23 54
112 24 39
112 25 53
112 26 39
112 27 50
112 28 42
112 29 38
112 30 57
112 31 55
112 32 46
112 33 49
112 34 56
112 35 51
112 36 52
112 37 44
112 38 55
112 39 48
112 40 41
112 41 37
112 42 55
112 43 47
112 44 66
112 45 49
112 46 44
112 47 43
112 48 36
112 49 47
112 50 54
112 51 57
112 52 47
112 53 51
112 54 38
112 55 54
112 56 49
112 57 42
112 58 52
112 59 44
112 60 46
112 61 54
112 62 49
112 63 38
112 64 48
112 65 42
112 66 43
112 67 47
112 68 46
112 69 43
112 70 64
112 71 45
112 72 52
112 73 51
112 74 43
112 75 51
112 76 43
112 77 53
112 78 53
112 79 42
112 80 41
112 81 51
112 82 51
112 83 47
112 84 55
112 85 45
112 86 49
112 87 57
112 88 39
112 89 53
112 90 48
112 91 47
112 92 60
112 93 50
112 94 53
112 95 48
112 96 48
112 97 47
112 98 46
112 99 53
112 100 44
112 101 59
112 102 46
112 103 46
112 104 55
112 105 55
112 106 50
112 107 43
112 108 59
112 109 45
112 110 53
112 111 52
112 112 44
112 113 58
112 114 43
112 115 51
112 116 43
112 117 33
112 118 44
112 119 33
112 120 42
112 121 50
112 122 39
112 123 35
112 124 52
112 125 63
112 126 40
112 127 65
112 128 39
112 129 58
112 130 39
112 131 55
112 132 56
112 133 44
112 134 57
112 135 47
112 136 53
112 137 70
112 138 50
112 139 71
112 140 43
112 141 61
112 142 47
112 143 51
112 144 42
112 145 38
112 146 52
112 147 50
112 148 43
112 149 66
113 0 42
113 1 39
113 2 56
113 3 55
113 4 49
113 5 42
113 6 63
113 7 58
113 8 36
113 9 56
113 10 48
113 11 37
113 12 53
113 13 49
113 14 59
113 15 52
113 16 37
113 17 57
113 18 43
113 19 31
113 20 47
113 21 54
113 22 56
113 23 51
113 24 46
113 25 50
113 26 43
113 27 41
113 28 47
113 29 53
113 30 53
113 31 56
113 32 56
113 33 48
113 34 62
113 35 41
113 36 57
113 37 51
113 38 53
113 39 56
113 40 46
113 41 45
113 42 49
113 43 51
113 44 53
113 45 46
113 46 60
113 47 56
113 48 34
113 49 57
113 50 47
113 51 46
113 52 41
113 53 58
113 54 47
113 55 38
113 56 52
113 57 54
113 58 37
113 59 48
113 60 48
113 61 57
113 62 59
113 63 52
113 64 52
113 65 44
113 66 47
113 67 36
113 68 51
113 69 38
113 70 45
113 71 44
113 72 52
113 73 45
113 74 46
113 75 45
113 76 47
113 77 52
113 78 36
113 79 53
113 80 46
113 81 52
113 82 47
113 83 45
113 84 45
113 85 65
113 86 53
113 87 37
113 88 52
113 89 49
113 90 36
113 91 52
113 92 49
113 93 52
113 94 51
113 95 49
113 96 48
113 97 42
113 98 59
113 99 42
113 100 54
113 101 52
113 102 46
113 103 41
113 104 34
113 105 42
113 106 56
113 107 51
113 108 50
113 109 37
113 110 47
113 111 53
113 112 35
113 113 49
113 114 46
113 115 41
113 116 54
113 117 45
113 118 49
113 119 40
113 120 42
113 121 40
113 122 45
113 123 36
113 124 51
113 125 54
113 126 48
113 127 43
113 128 44
113 129 40
113 130 37
113 131 53
113 132 54
113 133 54
113 134 53
113 135 48
113 136 41
113 137 47
113 138 65
113 139 45
113 140 54
113 141 43
113 142 67
113 143 73
113 144 55
113 145 50
113 146 55
113 147 50
113 148 52
113 149 42
114 0 35
114 1 42
114 2 42
114 3 48
114 4 48
114 5 51
114 6 48
114 7 59
114 8 47
114 9 54
114 10 59
114 11 44
114 12 38
114 13 58
114 14 44
114 15 49
114 16 49
114 17 51
114 18 48
114 19 47
114 20 42
114 21 46
114 22 50
114 23 51
114 24 39
114 25 50
114 26 62
114 27 49
114 28 39
114 29 50
114 30 60
114 31 34
114 32 58
114 33 43
114 34 45
114 35 41
114 36 48
114 37 55
114 38 55
114 39 42
114 40 58
114 41 40
114 42 51
114 43 42
114 44 63
114 45 41
114 46 58
114 47 49
114 48 42
114 49 43
114 50 57
114 51 40
114 52 45
114 53 49
114 54 41
114 55 56
114 56 46
114 57 43
114 58 46
114 59 54
114 60 44
114 61 53
114 62 66
114 63 57
114 64 65
114 65 57
114 66 38
114 67 48
114 68 48
114 69 41
114 70 59
114 71 50
114 72 58
114 73 42
114 74 39
114 75 42
114 76 46
114 77 47
114 78 42
114 79 58
114 80 46
114 81 57
114 82 36
114 83 50
114 84 41
114 85 56
114 86 45
114 87 35
114 88 54
114 89 40
114 90 53
114 91 43
114 92 38
114 93 44
114 94 58
114 95 54
114 96 38
114 97 48
114 98 51
114 99 45
114 100 50
114 101 46
114 102 42
114 103 47
114 104 59
114 105 39
114 106 49
114 107 73
114 108 51
114 109 45
114 110 50
114 111 47
114 112 60
114 113 54
114 114 42
114 115 44
114 116 53
114 117 43
114 118 41
114 119 62
114 120 55
114 121 63
114 122 53
114 123 56
114 124 66
114 125 63
114 126 47
114 127 50
114 128 47
114 129 45
114 130 49
114 131 63
114 132 50
114 133 51
114 134 46
114 135 54
114 136 56
114 137 58
114 138 40
114 139 46
114 140 45
114 141 53
114 142 34
114 143 54
114 144 47
114 145 46
114 146 37
114 147 49
114 148 50
114 149 51
115 0 52
115 1 42
115 2 38
115 3 47
115 4 70
115 5 51
115 6 45
115 7 61
115 8 49
115 9 57
115 10 53
115 11 47
115 12 47
115 13 58
115 14 46
115 15 51
115 16 38
115 17 58
115 18 49
115 19 55
115 20 48
115 21 65
115 22 60
115 23 47
115 24 51
115 25 52
115 26 41
115 27 40
115 28 51
115 29 47
115 30 50
115 31 42
115 32 42
115 33 53
115 34 40
115 35 47
115 36 46
115 37 51
115 38 46
115 39 51
115 40 47
115 41 54
115 42 54
115 43 64
115 44 54
115 45 59
115 46 58
115 47 59
115 48 42
115 49 31
115 50 40
115 51 52
115 52 54
115 53 45
115 54 56
115 55 37
115 56 45
115 57 51
115 58 61
115 59 50
115 60 62
115 61 57
115 62 48
115 63 53
115 64 62
115 65 51
115 66 48
115 67 50
115 68 54
115 69 37
115 70 48
115 71 53
115 72 57
115 73 52
115 74 37
115 75 67
115 76 54
115 77 56
115 78 33
115 79 62
115 80 48
115 81 41
115 82 54
115 83 59
115 84 53
115 85 56
115 86 53
115 87 56
115 88 50
115 89 55
115 90 50
115 91 52
115 92 38
115 93 48
115 94 55
115 95 51
115 96 38
115 97 48
115 98 46
115 99 45
115 100 49
115 101 59
115 102 43
115 103 38
115 104 46
115 105 46
115 106 54
115 107 48
115 108 58
115 109 59
115 110 65
115 111 59
115 112 57
115 113 57
115 114 64
115 115 49
115 116 57
115 117 46
115 118 46
115 119 50
115 120 48
115 121 53
115 122 44
115 123 51
115 124 42
115 125 35
115 126 52
115 127 43
115 128 59
115 129 50
115 130 53
115 131 46
115 132 47
115 133 45
115 134 40
115 135 54
115 136 55
115 137 54
115 138 40
115 139 64
115 140 53
115 141 55
115 142 50
115 143 42
115 144 44
115 145 43
115 146 61
115 147 47
115 148 51
115 149 40
116 0 56
116 1 41
116 2 49
116 3 50
116 4 41
116 5 50
116 6 29
116 7 46
116 8 44
116 9 42
116 10 60
116 11 45
116 12 53
116 13 47
116 14 40
116 15 47
116 16 54
116 17 55
116 18 56
116 19 50
116 20 50
116 21 45
116 22 57
116 23 51
116 24 51
116 25 49
116 26 51
116 27 47
116 28 49
116 29 56
116 30 63
116 31 51
116 32 36
116 33 41
116 34 55
116 35 57
116 36 55
116 37 48
116 38 40
116 39 49
116 40 50
116 41 54
116 42 60
116 43 36
116 44 46
116 45 51
116 46 51
116 47 54
116 48 59
116 49 45
116 50 47
116 51 51
116 52 62
116 53 60
116 54 50
116 55 39
116 56 38
116 57 48
116 58 52
116 59 54
116 60 56
116 61 42
116 62 47
116 63 44
116 64 45
116 65 47
116 66 36
116 67 49
116 68 40
116 69 45
116 70 41
116 71 38
116 72 54
116 73 61
116 74 57
116 75 39
116 76 49
116 77 54
116 78 48
116 79 55
116 80 62
116 81 49
116 82 61
116 83 51
116 84 50
116 85 51
116 86 49
116 87 37
116 88 41
116 89 45
116 90 44
116 91 48
116 92 40
116 93 48
116 94 46
116 95 46
116 96 48
116 97 57
116 98 44
116 99 47
116 100 47
116 101 39
116 102 37
116 103 46
116 104 57
116 105 46
116 106 50
116 107 58
116 108 34
116 109 49
116 110 40
116 111 37
116 112 44
116 113 39
116 114 54
116 115 61
116 116 66
116 117 59
116 118 54
116 119 50
116 120 54
116 121 43
116 122 48
116 123 51
116 124 51
116 125 48
116 126 43
116 127 44
116 128 41
116 129 61
116 130 55
116 131 54
116 132 58
116 133 38
116 134 49
116 135 51
116 136 54
116 137 41
116 138 52
116 139 47
116 140 44
116 141 48
116 142 54
116 143 38
116 144 43
116 145 61
116 146 39
116 147 57
116 148 55
116 149 53
117 0 49
117 1 58
117 2 53
117 3 37
117 4 48
117 5 44
117 6 63
117 7 71
117 8 51
117 9 54
117 10 50
117 11 48
117 12 57
117 13 52
117 14 71
117 15 54
117 16 42
117 17 51
117 18 48
117 19 52
117 20 49
117 21 51
117 22 57
117 23 44
117 24 43
117 25 55
117 26 56
117 27 50
117 28 60
117 29 56
117 30 54
117 31 56
117 32 60
117 33 39
117 34 52
117 35 57
117 36 44
117 37 36
117 38 47
117 39 62
117 40 54
117 41 46
117 42 51
117 43 39
117 44 39
117 45 50
117 46 53
117 47 57
117 48 53
117 49 43
117 50 49
117 51 47
117 52 36
117 53 48
117 54 49
117 55 44
117 56 52
117 57 61
117 58 53
117 59 53
117 60 59
117 61 48
117 62 36
117 63 47
117 64 52
117 65 46
117 66 56
117 67 35
117 68 37
117 69 54
117 70 43
117 71 41
117 72 49
117 73 51
117 74 47
117 75 52
117 76 50
117 77 47
117 78 50
117 79 52
117 80 51
117 81 45
117 82 45
117 83 59
117 84 52
117 85 52
117 86 57
117 87 55
117 88 53
117 89 46
117 90 52
117 91 45
117 92 44
117 93 45
117 94 50
117 95 48
117 96 54
117 97 44
117 98 54
117 99 37
117 100 45
117 101 35
117 102 46
117 103 50
117 104 41
117 105 52
117 106 42
117 107 48
117 108 35
117 109 53
117 110 35
117 111 56
117 112 41
117 113 41
117 114 40
117 115 44
117 116 54
117 117 55
117 118 58
117 119 57
117 120 40
117 121 44
117 122 64
117 123 53
117 124 52
117 125 53
117 126 47
117 127 41
117 128 44
117 129 52
117 130 66
117 131 57
117 132 35
117 133 43
117 134 56
117 135 47
117 136 50
117 137 50
117 138 36
117 139 49
117 140 32
117 141 57
117 142 61
117 143 52
117 144 53
117 145 48
117 146 54
117 147 47
117 148 60
117 149 48
118 0 54
118 1 43
118 2 40
118 3 40
118 4 48
118 5 49
118 6 42
118 7 62
118 8 49
118 9 63
118 10 66
118 11 47
118 12 46
118 13 46
118 14 64
118 15 49
118 16 53
118 17 42
118 18 64
118 19 46
118 20 51
118 21 36
118 22 58
118 23 45
118 24 34
118 25 56
118 26 57
118 27 50
118 28 42
118 29 47
118 30 59
118 31 48
118 32 40
118 33 48
118 34 45
118 35 42
118 36 48
118 37 59
118 38 39
118 39 41
118 40 51
118 41 55
118 42 43
118 43 53
118 44 54
118 45 45
118 46 47
118 47 53
118 48 48
118 49 61
118 50 44
118 51 43
118 52 56
118 53 58
118 54 37
118 55 47
118 56 55
118 57 45
118 58 34
118 59 48
118 60 47
118 61 56
118 62 52
118 63 59
118 64 53
118 65 44
118 66 40
118 67 57
118 68 51
118 69 50
118 70 50
118 71 56
118 72 45
118 73 64
118 74 48
118 75 48
118 76 34
118 77 48
118 78 49
118 79 44
118 80 46
118 81 52
118 82 49
118 83 49
118 84 49
118 85 53
118 86 52
118 87 46
118 88 44
118 89 51
118 90 49
118 91 42
118 92 46
118 93 49
118 94 52
118 95 47
118 96 39
118 97 52
118 98 39
118 99 59
118 100 50
118 101 52
118 102 53
118 103 53
118 104 44
118 105 42
118 106 51
118 107 54
118 108 46
118 109 45
118 110 44
118 111 49
118 112 54
118 113 40
118 114 56
118 115 49
118 116 45
118 117 39
118 118 48
118 119 44
118 120 58
118 121 38
118 122 48
118 123 48
118 124 51
118 125 47
118 126 59
118 127 40
118 128 40
118 129 49
118 130 51
118 131 54
118 132 50
118 133 48
118 134 42
118 135 58
118 136 46
118 137 50
118 138 52
118 139 65
118 140 48
118 141 60
118 142 53
118 143 47
118 144 42
118 145 55
118 146 57
118 147 39
118 148 56
118 149 52
119 0 53
119 1 52
119 2 52
119 3 48
119 4 37
119 5 46
119 6 53
119 7 48
119 8 43
119 9 49
119 10 54
119 11 54
119 12 49
119 13 58
119 14 51
119 15 65
119 16 49
119 17 42
119 18 46
119 19 40
119 20 57
119 21 48
119 22 64
119 23 57
119 24 50
119 25 65
119 26 57
119 27 54
119 28 45
119 29 51
119 30 40
119 31 42
119 32 48
119 33 47
119 34 52
119 35 50
119 36 56
119 37 57
119 38 60
119 39 45
119 40 38
119 41 50
119 42 40
119 43 46
119 44 40
119 45 47
119 46 52
119 47 48
119 48 49
119 49 46
119 50 46
119 51 52
119 52 47
119 53 51
119 54 51
119 55 48
119 56 51
119 57 48
119 58 47
119 59 57
119 60 51
119 61 47
119 62 46
119 63 48
119 64 43
119 65 39
119 66 41
119 67 50
119 68 55
119 69 49
119 70 50
119 71 64
119 72 41
119 73 37
119 74 51
119 75 48
119 76 45
119 77 42
119 78 75
119 79 54
119 80 50
119 81 52
119 82 55
119 83 48
119 84 41
119 85 53
119 86 56
119 87 31
119 88 37
119 89 50
119 90 50
119 91 51
119 92 53
119 93 46
119 94 45
119 95 52
119 96 41
119 97 55
119 98 58
119 99 42
119 100 43
119 101 44
119 102 44
119 103 54
119 104 32
119 105 40
119 106 56
119 107 54
119 108 55
119 109 52
119 110 40
119 111 44
119 112 53
119 113 41
119 114 43
119 115 53
119 116 39
119 117 45
119 118 51
119 119 49
119 120 58
119 121 42
119 122 34
119 123 36
119 124 62
119 125 42
119 126 47
119 127 54
119 128 54
119 129 49
119 130 52
119 131 58
119 132 51
119 133 46
119 134 47
119 135 47
119 136 51
119 137 48
119 138 52
119 139 50
119 140 46
119 141 50
119 142 64
119 143 43
119 144 46
119 145 53
119 146 45
119 147 70
119 148 43
119 149 44
120 0 44
120 1 55
120 2 48
120 3 49
120 4 52
120 5 55
120 6 59
120 7 47
120 8 38
120 9 58
120 10 70
120 11 47
120 12 42
120 13 50
120 14 47
120 15 45
120 16 60
120 17 56
120 18 57
120 19 56
120 20 58
120 21 49
120 22 56
120 23 51
120 24 45
120 25 54
120 26 46
120 27 38
120 28 50
120 29 55
120 30 39
120 31 41
120 32 39
120 33 38
120 34 54
120 35 51
120 36 47
120 37 46
120 38 55
120 39 59
120 40 36
120 41 49
120 42 45
120 43 55
120 44 46
120 45 38
120 46 50
120 47 50
120 48 44
120 49 48
120 50 55
120 51 53
120 52 51
120 53 41
120 54 49
120 55 42
120 56 49
120 57 40
120 58 43
120 59 57
120 60 50
120 61 30
120 62 52
120 63 47
120 64 51
120 65 48
120 66 65
120 67 55
120 68 65
120 69 42
120 70 41
120 71 38
120 72 50
120 73 55
120 74 45
120 75 60
120 76 51
120 77 43
120 78 51
120 79 47
120 80 59
120 81 46
120 82 46
120 83 53
120 84 48
120 85 35
120 86 49
120 87 54
120 88 38
120 89 53
120 90 61
120 91 47
120 92 51
120 93 52
120 94 51
120 95 49
120 96 51
120 97 55
120 98 63
120 99 55
120 100 56
120 101 51
120 102 44
120 103 58
120 104 48
120 105 54
120 106 44
120 107 45
120 108 48
120 109 54
120 110 61
120 111 54
120 112 57
120 113 41
120 114 46
120 115 55
120 116 46
120 117 44
120 118 51
120 119 53
120 120 41
120 121 36
120 122 49
120 123 39
120 124 56
120 125 45
120 126 46
120 127 48
120 128 56
120 129 46
120 130 48
120 131 49
120 132 50
120 133 50
120 134 54
120 135 58
120 136 53
120 137 44
120 138 48
120 139 50
120 140 42
120 141 58
120 142 52
120 143 46
120 144 40
120 145 54
120 146 49
120 147 53
120 148 45
120 149 50
121 0 51
121 1 42
121 2 48
121 3 54
121 4 54
121 5 52
121 6 59
121 7 46
121 8 55
121 9 46
121 10 53
121 11 55
121 12 47
121 13 47
121 14 47
121 15 44
121 16 54
121 17 40
121 18 59
121 19 49
121 20 45
121 21 56
121 22 39
121 23 35
121 24 45
121 25 43
121 26 45
121 27 49
121 28 54
121 29 47
121 30 49
121 31 47
121 32 50
121 33 47
121 34 61
121 35 42
121 36 60
121 37 51
121 38 53
121 39 54
121 40 43
121 41 41
121 42 49
121 43 57
121 44 48
121 45 44
121 46 43
121 47 44
121 48 51
121 49 43
121 50 44
121 51 40
121 52 39
121 53 54
121 54 39
121 55 55
121 56 45
121 57 51
121 58 55
121 59 50
121 60 40
121 61 44
121 62 37
121 63 50
121 64 50
121 65 41
121 66 47
121 67 55
121 68 47
121 69 49
121 70 56
121 71 40
121 72 37
121 73 40
121 74 42
121 75 50
121 76 47
121 77 49
121 78 44
121 79 36
121 80 47
121 81 54
121 82 53
121 83 51
121 84 55
121 85 50
121 86 55
121 87 50
121 88 43
121 89 47
121 90 51
121 91 50
121 92 42
121 93 58
121 94 56
121 95 54
121 96 53
121 97 37
121 98 50
121 99 53
121 100 48
121 101 43
121 102 50
121 103 50
121 104 54
121 105 47
121 106 46
121 107 51
121 108 46
121 109 42
121 110 47
121 111 48
121 112 53
121 113 59
121 114 49
121 115 48
121 116 45
121 117 47
121 118 45
121 119 61
121 120 43
121 121 38
121 122 53
121 123 52
121 124 49
121 125 42
121 126 51
121 127 65
121 128 42
121 129 44
121 130 53
121 131 58
121 132 55
121 133 49
121 134 54
121 135 54
121 136 53
121 137 45
121 138 53
121 139 43
121 140 51
121 141 51
121 142 59
121 143 60
121 144 61
121 145 47
121 146 35
121 147 55
121 148 43
121 149 48
122 0 60
122 1 43
122 2 56
122 3 66
122 4 61
122 5 40
122 6 46
122 7 58
122 8 33
122 9 43
122 10 52
122 11 60
122 12 57
122 13 50
122 14 47
122 15 65
122 16 55
122 17 50
122 18 52
122 19 55
122 20 51
122 21 63
122 22 45
122 23 36
122 24 55
122 25 50
122 26 55
122 27 44
122 28 46
122 29 42
122 30 53
122 31 47
122 32 46
122 33 57
122 34 36
122 35 50
122 36 65
122 37 54
122 38 46
122 39 43
122 40 46
122 41 44
122 42 62
122 43 56
122 44 62
122 45 48
122 46 55
122 47 60
122 48 44
122 49 53
122 50 47
122 51 39
122 52 55
122 53 52
122 54 49
122 55 48
122 56 52
122 57 51
122 58 62
122 59 53
122 60 53
122 61 47
122 62 46
122 63 49
122 64 40
122 65 40
122 66 50
122 67 49
122 68 55
122 69 54
122 70 44
122 71 51
122 72 49
122 73 50
122 74 41
122 75 54
122 76 46
122 77 57
122 78 43
122 79 55
122 80 45
122 81 45
122 82 54
122 83 55
122 84 45
122 85 59
122 86 51
122 87 56
122 88 49
122 89 46
122 90 51
122 91 60
122 92 64
122 93 47
122 94 50
122 95 45
122 96 43
122 97 36
122 98 36
122 99 54
122 100 51
122 101 47
122 102 51
122 103 40
122 104 49
122 105 61
122 106 51
122 107 51
122 108 48
122 109 52
122 110 56
122 111 55
122 112 38
122 113 53
122 114 42
122 115 50
122 116 39
122 117 41
122 118 44
122 119 42
122 120 40
122 121 54
122 122 46
122 123 50
122 124 50
122 125 40
122 126 50
122 127 60
122 128 56
122 129 54
122 130 45
122 131 47
122 132 44
122 133 58
122 134 47
122 135 50
122 136 48
122 137 52
122 138 49
122 139 60
122 140 43
122 141 56
122 142 47
122 143 36
122 144 52
122 145 43
122 146 51
122 147 42
122 148 60
122 149 46
123 0 44
123 1 57
123 2 43
123 3 50
123 4 41
123 5 45
123 6 56
123 7 45
123 8 45
123 9 41
123 10 37
123 11 58
123 12 50
123 13 46
123 14 51
123 15 42
123 16 44
123 17 59
123 18 49
123 19 43
123 20 53
123 21 51
123 22 50
123 23 53
123 24 52
123 25 53
123 26 46
123 27 43
123 28 47
123 29 45
123 30 57
123 31 53
123 32 47
123 33 39
123 34 46
123 35 48
123 36 40
123 37 46
123 38 42
123 39 54
123 40 63
123 41 38
123 42 56
123 43 52
123 44 50
123 45 54
123 46 51
123 47 48
123 48 38
123 49 37
123 50 50
123 51 64
123 52 44
123 53 47
123 54 53
123 55 42
123 56 59
123 57 62
123 58 48
123 59 51
123 60 38
123 61 51
123 62 52
123 63 48
123 64 36
123 65 44
123 66 43
123 67 48
123 68 48
123 69 54
123 70 50
123 71 40
123 72 41
123 73 37
123 74 52
123 75 41
123 76 45
123 77 49
123 78 48
123 79 45
123 80 55
123 81 42
123 82 42
123 83 44
123 84 57
123 85 45
123 86 46
123 87 43
123 88 45
123 89 50
123 90 46
123 91 44
123 92 54
123 93 52
123 94 44
123 95 30
123 96 58
123 97 49
123 98 47
123 99 46
123 100 50
123 101 57
123 102 52
123 103 45
123 104 57
123 105 50
123 106 49
123 107 47
123 108 72
123 109 48
123 110 64
123 111 64
123 112 47
123 113 49
123 114 54
123 115 58
123 116 52
123 117 31
123 118 43
123 119 60
123 120 45
123 121 55
123 122 59
123 123 54
123 124 50
123 125 44
123 126 59
123 127 48
123 128 49
123 129 40
123 130 39
123 131 53
123 132 58
123 133 44
123 134 49
123 135 57
123 136 57
123 137 57
123 138 41
123 139 35
123 140 41
123 141 60
123 142 47
123 143 61
123 144 38
123 145 61
123 146 52
123 147 41
123 148 59
123 149 60
124 0 45
124 1 48
124 2 53
124 3 58
124 4 49
124 5 42
124 6 44
124 7 46
124 8 45
124 9 37
124 10 41
124 11 42
124 12 58
124 13 31
124 14 40
124 15 49
124 16 59
124 17 54
124 18 47
124 19 45
124 20 54
124 21 52
124 22 45
124 23 52
124 24 42
124 25 37
124 26 48
124 27 40
124 28 50
124 29 61
124 30 52
124 31 50
124 32 44
124 33 48
124 34 44
124 35 40
124 36 51
124 37 42
124 38 43
124 39 48
124 40 46
124 41 54
124 42 45
124 43 47
124 44 42
124 45 50
124 46 45
124 47 42
124 48 49
124 49 46
124 50 55
124 51 62
124 52 53
124 53 49
124 54 51
124 55 54
124 56 57
124 57 45
124 58 50
124 59 60
124 60 42
124 61 40
124 62 53
124 63 50
124 64 50
124 65 41
124 66 37
124 67 42
124 68 47
124 69 47
124 70 37
124 71 48
124 72 50
124 73 47
124 74 60
124 75 41
124 76 51
124 77 56
124 78 37
124 79 45
124 80 48
124 81 43
124 82 47
124 83 42
124 84 50
124 85 49
124 86 63
124 87 54
124 88 51
124 89 39
124 90 39
124 91 48
124 92 42
124 93 55
124 94 46
124 95 59
124 96 39
124 97 51
124 98 46
124 99 41
124 100 58
124 101 43
124 102 52
124 103 41
124 104 58
124 105 52
124 106 46
124 107 44
124 108 54
124 109 41
124 110 54
124 111 52
124 112 45
124 113 41
124 114 51
124 115 55
124 116 34
124 117 49
124 118 48
124 119 44
124 120 50
124 121 53
124 122 38
124 123 48
124 124 56
124 125 50
124 126 48
124 127 62
124 128 51
124 129 50
124 130 49
124 131 49
124 132 48
124 133 58
124 134 41
124 135 51
124 136 40
124 137 51
124 138 54
124 139 45
124 140 52
124 141 46
124 142 52
124 143 43
124 144 48
124 145 41
124 146 44
124 147 45
124 148 43
124 149 40
125 0 53
125 1 60
125 2 42
125 3 45
125 4 43
125 5 40
125 6 62
125 7 50
125 8 47
125 9 36
125 10 41
125 11 49
125 12 56
125 13 54
125 14 56
125 15 59
125 16 58
125 17 39
125 18 50
125 19 54
125 20 52
125 21 41
125 22 66
125 23 43
125 24 51
125 25 46
125 26 48
125 27 48
125 28 59
125 29 42
125 30 45
125 31 37
125 32 46
125 33 49
125 34 58
125 35 50
125 36 50
125 37 50
125 38 44
125 39 35
125 40 42
125 41 54
125 42 36
125 43 51
125 44 42
125 45 55
125 46 52
125 47 61
125 48 43
125 49 55
125 50 40
125 51 49
125 52 48
125 53 50
125 54 38
125 55 54
125 56 59
125 57 47
125 58 43
125 59 43
125 60 54
125 61 50
125 62 44
125 63 53
125 64 45
125 65 43
125 66 56
125 67 41
125 68 47
125 69 50
125 70 52
125 71 48
125 72 49
125 73 45
125 74 60
125 75 58
125 76 49
125 77 51
125 78 63
125 79 60
125 80 58
125 81 38
125 82 60
125 83 42
125 84 42
125 85 64
125 86 57
125 87 45
125 88 47
125 89 60
125 90 50
125 91 52
125 92 55
125 93 58
125 94 60
125 95 57
125 96 42
125 97 37
125 98 49
125 99 54
125 100 48
125 101 44
125 102 54
125 103 49
125 104 38
125 105 48
125 106 51
125 107 54
125 108 50
125 109 53
125 110 35
125 111 55
125 112 55
125 113 49
125 114 54
125 115 41
125 116 46
125 117 62
125 118 46
125 119 62
125 120 51
125 121 43
125 122 37
125 123 52
125 124 57
125 125 40
125 126 55
125 127 50
125 128 67
125 129 51
125 130 43
125 131 59
125 132 48
125 133 54
125 134 56
125 135 72
125 136 37
125 137 50
125 138 60
125 139 51
125 140 54
125 141 43
125 142 54
125 143 48
125 144 40
125 145 48
125 146 54
125 147 48
125 148 54
125 149 66
126 0 48
126 1 59
126 2 52
126 3 60
126 4 39
126 5 54
126 6 49
126 7 55
126 8 51
126 9 66
126 10 36
126 11 50
126 12 48
126 13 51
126 14 31
126 15 46
126 16 50
126 17 36
126 18 46
126 19 47
126 20 57
126 21 32
126 22 50
126 23 47
126 24 45
126 25 44
126 26 55
126 27 62
126 28 55
126 29 58
126 30 39
126 31 55
126 32 36
126 33 54
126 34 52
126 35 53
126 36 48
126 37 50
126 38 40
126 39 44
126 40 45
126 41 50
126 42 43
126 43 36
126 44 38
126 45 62
126 46 42
126 47 44
126 48 64
126 49 48
126 50 48
126 51 52
126 52 54
126 53 45
126 54 42
126 55 46
126 56 40
126 57 38
126 58 64
126 59 43
126 60 40
126 61 50
126 62 48
126 63 52
126 64 47
126 65 52
126 66 54
126 67 54
126 68 46
126 69 46
126 70 44
126 71 48
126 72 46
126 73 54
126 74 47
126 75 45
126 76 43
126 77 48
126 78 45
126 79 51
126 80 63
126 81 59
126 82 48
126 83 50
126 84 51
126 85 49
126 86 45
126 87 40
126 88 55
126 89 51
126 90 55
126 91 54
126 92 42
126 93 44
126 94 48
126 95 45
126 96 48
126 97 42
126 98 58
126 99 52
126 100 48
126 101 52
126 102 51
126 103 45
126 104 56
126 105 50
126 106 63
126 107 49
126 108 51
126 109 55
126 110 42
126 111 62
126 112 45
126 113 52
126 114 57
126 115 49
126 116 47
126 117 62
126 118 43
126 119 41
126 120 47
126 121 51
126 122 48
126 123 54
126 124 49
126 125 44
126 126 57
126 127 60
126 128 47
126 129 45
126 130 39
126 131 35
126 132 55
126 133 58
126 134 43
126 135 59
126 136 43
126 137 55
126 138 61
126 139 55
126 140 62
126 141 50
126 142 45
126 143 49
126 144 53
126 145 63
126 146 41
126 147 39
126 148 43
126 149 46
127 0 43
127 1 49
127 2 66
127 3 57
127 4 51
127 5 43
127 6 47
127 7 55
127 8 51
127 9 60
127 10 50
127 11 54
127 12 46
127 13 63
127 14 48
127 15 50
127 16 48
127 17 48
127 18 49
127 19 55
127 20 54
127 21 45
127 22 46
127 23 44
127 24 61
127 25 47
127 26 45
127 27 53
127 28 67
127 29 54
127 30 50
127 31 53
127 32 46
127 33 47
127 34 58
127 35 54
127 36 50
127 37 51
127 38 46
127 39 53
127 40 37
127 41 48
127 42 48
127 43 47
127 44 48
127 45 63
127 46 46
127 47 47
127 48 51
127 49 60
127 50 61
127 51 45
127 52 43
127 53 46
127 54 53
127 55 54
127 56 50
127 57 43
127 58 49
127 59 54
127 60 56
127 61 54
127 62 48
127 63 44
127 64 50
127 65 67
127 66 59
127 67 47
127 68 52
127 69 42
127 70 39
127 71 36
127 72 52
127 73 43
127 74 56
127 75 41
127 76 52
127 77 44
127 78 54
127 79 54
127 80 46
127 81 48
127 82 59
127 83 36
127 84 52
127 85 41
127 86 45
127 87 54
127 88 46
127 89 64
127 90 38
127 91 48
127 92 47
127 93 58
127 94 43
127 95 59
127 96 40
127 97 56
127 98 48
127 99 51
127 100 54
127 101 37
127 102 53
127 103 65
127 104 36
127 105 56
127 106 55
127 107 55
127 108 61
127 109 41
127 110 62
127 111 42
127 112 62
127 113 41
127 114 52
127 115 39
127 116 42
127 117 49
127 118 50
127 119 41
127 120 53
127 121 41
127 122 57
127 123 51
127 124 48
127 125 39
127 126 55
127 127 45
127 128 43
127 129 38
127 130 39
127 131 35
127 132 50
127 133 45
127 134 56
127 135 46
127 136 47
127 137 51
127 138 54
127 139 62
127 140 44
127 141 42
127 142 43
127 143 60
127 144 37
127 145 49
127 146 61
127 147 53
127 148 60
127 149 55
128 0 38
128 1 44
128 2 59
128 3 42
128 4 48
128 5 54
128 6 39
128 7 53
128 8 49
128 9 60
128 10 44
128 11 53
128 12 44
128 13 46
128 14 53
128 15 52
128 16 40
128 17 43
128 18 52
128 19 46
128 20 57
128 21 51
128 22 56
128 23 39
128 24 60
128 25 45
128 26 45
128 27 51
128 28 56
128 29 41
128 30 54
128 31 46
128 32 56
128 33 52
128 34 37
128 35 49
128 36 50
128 37 44
128 38 49
128 39 44
128 40 54
128 41 43
128 42 57
128 43 55
128 44 56
128 45 52
128 46 33
128 47 62
128 48 38
128 49 49
128 50 44
128 51 49
128 52 41
128 53 42
128 54 40
128 55 55
128 56 57
128 57 49
128 58 37
128 59 49
128 60 49
128 61 38
128 62 63
128 63 46
128 64 48
128 65 49
128 66 56
128 67 46
128 68 59
128 69 50
128 70 49
128 71 44
128 72 50
128 73 58
128 74 55
128 75 54
128 76 47
128 77 42
128 78 45
128 79 38
128 80 44
128 81 50
128 82 41
128 83 48
128 84 59
128 85 50
128 86 41
128 87 43
128 88 49
128 89 46
128 90 64
128 91 47
128 92 61
128 93 37
128 94 55
128 95 57
128 96 43
128 97 60
128 98 57
128 99 44
128 100 65
128 101 55
128 102 53
128 103 37
128 104 41
128 105 55
128 106 56
128 107 46
128 108 49
128 109 55
128 110 49
128 111 41
128 112 54
128 113 49
128 114 44
128 115 43
128 116 37
128 117 55
128 118 54
128 119 50
128 120 41
128 121 58
128 122 49
128 123 47
128 124 50
128 125 49
128 126 38
128 127 35
128 128 59
128 129 58
128 130 53
128 131 45
128 132 58
128 133 56
128 134 51
128 135 49
128 136 49
128 137 52
128 138 50
128 139 52
128 140 51
128 141 47
128 142 47
128 143 51
128 144 42
128 145 45
128 146 60
128 147 40
128 148 50
128 149 43
129 0 41
129 1 50
129 2 34
129 3 67
129 4 44
129 5 56
129 6 43
129 7 44
129 8 37
129 9 39
129 10 52
129 11 42
129 12 45
129 13 58
129 14 53
129 15 41
129 16 41
129 17 43
129 18 47
129 19 55
129 20 46
129 21 48
129 22 54
129 23 40
129 24 58
129 25 39
129 26 53
129 27 49
129 28 37
129 29 45
129 30 60
129 31 50
129 32 45
129 33 56
129 34 43
129 35 51
129 36 56
129 37 60
129 38 65
129 39 51
129 40 46
129 41 37
129 42 51
129 43 65
129 44 52
129 45 41
129 46 44
129 47 45
129 48 47
129 49 45
129 50 43
129 51 47
129 52 58
129 53 56
129 54 55
129 55 46
129 56 46
129 57 45
129 58 56
129 59 52
129 60 51
129 61 49
129 62 37
129 63 57
129 64 50
129 65 42
129 66 34
129 67 56
129 68 38
129 69 55
129 70 49
129 71 52
129 72 39
129 73 48
129 74 49
129 75 41
129 76 41
129 77 53
129 78 45
129 79 40
129 80 44
129 81 46
129 82 56
129 83 47
129 84 44
129 85 47
129 86 56
129 87 42
129 88 51
129 89 49
129 90 53
129 91 55
129 92 42
129 93 51
129 94 44
129 95 43
129 96 49
129 97 40
129 98 51
129 99 53
129 100 54
129 101 49
129 102 47
129 103 39
129 104 50
129 105 47
129 106 58
129 107 39
129 108 70
129 109 59
129 110 34
129 111 49
129 112 43
129 113 57
129 114 45
129 115 51
129 116 45
129 117 59
129 118 53
129 119 51
129 120 38
129 121 56
129 122 56
129 123 44
129 124 47
129 125 37
129 126 46
129 127 38
129 128 44
129 129 51
129 130 60
129 131 52
129 132 58
129 133 51
129 134 52
129 135 45
129 136 58
129 137 44
129 138 52
129 139 54
129 140 42
129 141 52
129 142 48
129 143 46
129 144 46
129 145 38
129 146 49
129 147 48
129 148 47
129 149 52
130 0 44
130 1 49
130 2 36
130 3 41
130 4 60
130 5 54
130 6 52
130 7 55
130 8 44
130 9 46
130 10 56
130 11 47
130 12 39
130 13 57
130 14 42
130 15 58
130 16 51
130 17 57
130 18 58
130 19 46
130 20 49
130 21 45
130 22 50
130 23 71
130 24 39
130 25 48
130 26 37
130 27 55
130 28 55
130 29 45
130 30 49
130 31 49
130 32 44
130 33 43
130 34 49
130 35 45
130 36 49
130 37 50
130 38 39
130 39 46
130 40 50
130 41 36
130 42 53
130 43 49
130 44 57
130 45 38
130 46 49
130 47 50
130 48 51
130 49 53
130 50 47
130 51 54
130 52 54
130 53 43
130 54 43
130 55 55
130 56 49
130 57 48
130 58 40
130 59 46
130 60 52
130 61 54
130 62 47
130 63 43
130 64 52
130 65 53
130 66 42
130 67 46
130 68 56
130 69 51
130 70 34
130 71 45
130 72 44
130 73 47
130 74 45
130 75 53
130 76 43
130 77 42
130 78 62
130 79 50
130 80 38
130 81 47
130 82 41
130 83 54
130 84 45
130 85 50
130 86 49
130 87 49
130 88 48
130 89 50
130 90 43
130 91 57
130 92 50
130 93 46
130 94 42
130 95 42
130 96 52
130 97 38
130 98 46
130 99 38
130 100 46
130 101 45
130 102 57
130 103 51
130 104 41
130 105 48
130 106 33
130 107 53
130 108 43
130 109 51
130 110 40
130 111 51
130 112 44
130 113 49
130 114 29
130 115 42
130 116 36
130 117 51
130 118 55
130 119 55
130 120 33
130 121 55
130 122 36
130 123 38
130 124 40
130 125 51
130 126 53
130 127 49
130 128 50
130 129 57
130 130 40
130 131 66
130 132 52
130 133 55
130 134 40
130 135 43
130 136 52
130 137 56
130 138 44
130 139 48
130 140 41
130 141 54
130 142 44
130 143 42
130 144 49
130 145 49
130 146 62
130 147 53
130 148 57
130 149 47
131 0 51
131 1 59
131 2 50
131 3 34
131 4 49
131 5 42
131 6 46
131 7 53
131 8 51
131 9 49
131 10 50
131 11 40
131 12 50
131 13 65
131 14 55
131 15 60
131 16 48
131 17 45
131 18 49
131 19 40
131 20 65
131 21 51
131 22 47
131 23 53
131 24 56
131 25 54
131 26 58
131 27 46
131 28 52
131 29 57
131 30 50
131 31 51
131 32 59
131 33 53
131 34 37
131 35 40
131 36 42
131 37 55
131 38 46
131 39 45
131 40 59
131 41 72
131 42 54
131 43 54
131 44 54
131 45 58
131 46 43
131 47 49
131 48 61
131 49 48
131 50 47
131 51 44
131 52 48
131 53 39
131 54 41
131 55 48
131 56 52
131 57 36
131 58 50
131 59 40
131 60 34
131 61 40
131 62 45
131 63 36
131 64 48
131 65 52
131 66 41
131 67 38
131 68 49
131 69 42
131 70 49
131 71 49
131 72 38
131 73 48
131 74 45
131 75 45
131 76 43
131 77 43
131 78 56
131 79 39
131 80 52
131 81 55
131 82 55
131 83 39
131 84 51
131 85 46
131 86 43
131 87 45
131 88 71
131 89 55
131 90 48
131 91 50
131 92 67
131 93 55
131 94 59
131 95 54
131 96 51
131 97 51
131 98 47
131 99 67
131 100 61
131 101 55
131 102 69
131 103 47
131 104 36
131 105 45
131 106 48
131 107 52
131 108 43
131 109 52
131 110 42
131 111 37
131 112 39
131 113 47
131 114 39
131 115 56
131 116 55
131 117 40
131 118 41
131 119 45
131 120 47
131 121 45
131 122 48
131 123 58
131 124 51
131 125 31
131 126 58
131 127 51
131 128 64
131 129 51
131 130 57
131 131 41
131 132 37
131 133 59
131 134 50
131 135 53
131 136 41
131 137 61
131 138 51
131 139 49
131 140 47
131 141 49
131 142 45
131 143 46
131 144 44
131 145 54
131 146 36
131 147 52
131 148 38
131 149 60
132 0 49
132 1 61
132 2 42
132 3 62
132 4 39
132 5 37
132 6 56
132 7 60
132 8 61
132 9 43
132 10 47
132 11 48
132 12 52
132 13 42
132 14 52
132 15 55
132 16 44
132 17 54
132 18 33
132 19 53
132 20 56
132 21 48
132 22 45
132 23 62
132 24 42
132 25 47
132 26 46
132 27 41
132 28 62
132 29 56
132 30 56
132 31 55
132 32 49
132 33 50
132 34 53
132 35 36
132 36 48
132 37 40
132 38 46
132 39 55
132 40 47
132 41 52
132 42 45
132 43 46
132 44 53
132 45 49
132 46 52
132 47 45
132 48 36
132 49 51
132 50 62
132 51 44
132 52 53
132 53 62
132 54 51
132 55 44
132 56 58
132 57 55
132 58 46
132 59 53
132 60 51
132 61 45
132 62 49
132 63 49
132 64 44
132 65 42
132 66 42
132 67 50
132 68 46
132 69 53
132 70 37
132 71 53
132 72 54
132 73 48
132 74 53
132 75 44
132 76 55
132 77 51
132 78 50
132 79 52
132 80 49
132 81 52
132 82 49
132 83 55
132 84 54
132 85 51
132 86 47
132 87 58
132 88 54
132 89 55
132 90 57
132 91 59
132 92 50
132 93 39
132 94 43
132 95 59
132 96 44
132 97 51
132 98 53
132 99 44
132 100 51
132 101 48
132 102 51
132 103 46
132 104 54
132 105 61
132 106 67
132 107 41
132 108 52
132 109 46
132 110 54
132 111 44
132 112 46
132 113 48
132 114 50
132 115 48
132 116 38
132 117 50
132 118 43
132 119 52
132 120 47
132 121 52
132 122 55
132 123 40
132 124 37
132 125 45
132 126 39
132 127 39
132 128 50
132 129 47
132 130 47
132 131 52
132 132 46
132 133 51
132 134 53
132 135 53
132 136 44
132 137 56
132 138 54
132 139 46
132 140 44
132 141 49
132 142 46
132 143 51
132 144 36
132 145 41
132 146 53
132 147 67
132 148 49
132 149 42
133 0 54
133 1 41
133 2 49
133 3 55
133 4 46
133 5 42
133 6 47
133 7 48
133 8 41
133 9 49
133 10 51
133 11 42
133 12 53
133 13 39
133 14 54
133 15 43
133 16 44
133 17 42
133 18 49
133 19 56
133 20 64
133 21 48
133 22 57
133 23 41
133 24 54
133 25 67
133 26 45
133 27 48
133 28 36
133 29 54
133 30 62
133 31 44
133 32 39
133 33 54
133 34 53
133 35 58
133 36 42
133 37 57
133 38 51
133 39 55
133 40 46
133 41 42
133 42 57
133 43 59
133 44 36
133 45 54
133 46 43
133 47 46
133 48 37
133 49 57
133 50 68
133 51 42
133 52 53
133 53 45
133 54 41
133 55 57
133 56 45
133 57 59
133 58 47
133 59 39
133 60 44
133 61 40
133 62 58
133 63 48
133 64 40
133 65 50
133 66 39
133 67 52
133 68 43
133 69 41
133 70 43
133 71 44
133 72 47
133 73 43
133 74 46
133 75 46
133 76 50
133 77 61
133 78 43
133 79 58
133 80 45
133 81 62
133 82 55
133 83 55
133 84 55
133 85 57
133 86 52
133 87 40
133 88 42
133 89 51
133 90 49
133 91 51
133 92 49
133 93 42
133 94 44
133 95 46
133 96 38
133 97 40
133 98 43
133 99 45
133 100 39
133 101 50
133 102 56
133 103 49
133 104 60
133 105 48
133 106 55
133 107 56
133 108 39
133 109 41
133 110 56
133 111 50
133 112 51
133 113 46
133 114 51
133 115 41
133 116 48
133 117 61
133 118 51
133 119 52
133 120 43
133 121 53
133 122 47
133 123 48
133 124 45
133 125 37
133 126 59
133 127 49
133 128 55
133 129 67
133 130 48
133 131 54
133 132 48
133 133 49
133 134 37
133 135 45
133 136 46
133 137 63
133 138 49
133 139 43
133 140 40
133 141 36
133 142 47
133 143 46
133 144 59
133 145 44
133 146 52
133 147 52
133 148 55
133 149 52
134 0 44
134 1 53
134 2 43
134 3 43
134 4 54
134 5 58
134 6 48
134 7 37
134 8 57
134 9 45
134 10 44
134 11 49
134 12 38
134 13 43
134 14 57
134 15 55
134 16 47
134 17 39
134 18 63
134 19 47
134 20 42
134 21 43
134 22 64
134 23 34
134 24 51
134 25 59
134 26 48
134 27 47
134 28 55
134 29 41
134 30 61
134 31 39
134 32 55
134 33 51
134 34 53
134 35 61
134 36 53
134 37 49
134 38 55
134 39 44
134 40 54
134 41 50
134 42 50
134 43 63
134 44 46
134 45 65
134 46 45
134 47 35
134 48 45
134 49 56
134 50 55
134 51 47
134 52 47
134 53 55
134 54 51
134 55 52
134 56 52
134 57 39
134 58 63
134 59 46
134 60 37
134 61 49
134 62 58
134 63 53
134 64 56
134 65 53
134 66 68
134 67 55
134 68 49
134 69 44
134 70 40
134 71 51
134 72 59
134 73 51
134 74 43
134 75 60
134 76 56
134 77 43
134 78 46
134 79 60
134 80 50
134 81 60
134 82 50
134 83 47
134 84 45
134 85 49
134 86 46
134 87 48
134 88 41
134 89 49
134 90 47
134 91 46
134 92 49
134 93 58
134 94 47
134 95 46
134 96 44
134 97 41
134 98 58
134 99 42
134 100 48
134 101 48
134 102 44
134 103 54
134 104 44
134 105 47
134 106 44
134 107 51
134 108 38
134 109 47
134 110 56
134 111 51
134 112 55
134 113 38
134 114 54
134 115 39
134 116 47
134 117 43
134 118 50
134 119 45
134 120 34
134 121 54
134 122 56
134 123 54
134 124 33
134 125 51
134 126 49
134 127 50
134 128 45
134 129 61
134 130 63
134 131 54
134 132 44
134 133 45
134 134 35
134 135 45
134 136 46
134 137 44
134 138 47
134 139 52
134 140 62
134 141 40
134 142 53
134 143 46
134 144 53
134 145 50
134 146 58
134 147 50
134 148 62
134 149 40
135 0 47
135 1 36
135 2 47
135 3 61
135 4 48
135 5 48
135 6 50
135 7 45
135 8 52
135 9 55
135 10 37
135 11 43
135 12 48
135 13 45
135 14 55
135 15 46
135 16 57
135 17 43
135 18 55
135 19 56
135 20 59
135 21 32
135 22 58
135 23 52
135 24 44
135 25 47
135 26 47
135 27 35
135 28 48
135 29 68
135 30 51
135 31 51
135 32 42
135 33 40
135 34 37
135 35 45
135 36 56
135 37 44
135 38 50
135 39 50
135 40 52
135 41 41
135 42 44
135 43 59
135 44 42
135 45 44
135 46 55
135 47 43
135 48 51
135 49 50
135 50 48
135 51 49
135 52 48
135 53 49
135 54 52
135 55 44
135 56 59
135 57 53
135 58 38
135 59 35
135 60 46
135 61 41
135 62 48
135 63 48
135 64 37
135 65 47
135 66 46
135 67 42
135 68 49
135 69 45
135 70 48
135 71 55
135 72 32
135 73 41
135 74 53
135 75 48
135 76 63
135 77 46
135 78 50
135 79 52
135 80 38
135 81 48
135 82 49
135 83 49
135 84 47
135 85 52
135 86 52
135 87 52
135 88 48
135 89 48
135 90 49
135 91 49
135 92 55
135 93 43
135 94 36
135 95 60
135 96 60
135 97 50
135 98 39
135 99 56
135 100 43
135 101 53
135 102 49
135 103 53
135 104 51
135 105 45
135 106 56
135 107 55
135 108 42
135 109 53
135 110 48
135 111 53
135 112 48
135 113 56
135 114 53
135 115 46
135 116 54
135 117 50
135 118 48
135 119 44
135 120 48
135 121 53
135 122 47
135 123 59
135 124 54
135 125 45
135 126 51
135 127 60
135 128 42
135 129 50
135 130 38
135 131 44
135 132 36
135 133 41
135 134 43
135 135 47
135 136 52
135 137 44
135 138 44
135 139 46
135 140 65
135 141 58
135 142 43
135 143 39
135 144 63
135 145 46
135 146 42
135 147 50
135 148 42
135 149 48
136 0 40
136 1 41
136 2 42
136 3 46
136 4 48
136 5 51
136 6 43
136 7 52
136 8 58
136 9 41
136 10 60
136 11 60
136 12 42
136 13 55
136 14 42
136 15 37
136 16 42
136 17 37
136 18 49
136 19 48
136 20 45
136 21 43
136 22 50
136 23 58
136 24 40
136 25 45
136 26 40
136 27 50
136 28 52
136 29 42
136 30 39
136 31 40
136 32 52
136 33 66
136 34 40
136 35 47
136 36 58
136 37 59
136 38 47
136 39 48
136 40 49
136 41 43
136 42 41
136 43 41
136 44 46
136 45 42
136 46 46
136 47 52
136 48 60
136 49 46
136 50 44
136 51 51
136 52 61
136 53 53
136 54 53
136 55 49
136 56 48
136 57 67
136 58 39
136 59 50
136 60 48
136 61 47
136 62 47
136 63 61
136 64 49
136 65 46
136 66 44
136 67 35
136 68 45
136 69 59
136 70 39
136 71 47
136 72 53
136 73 43
136 74 49
136 75 51
136 76 53
136 77 38
136 78 45
136 79 49
136 80 41
136 81 45
136 82 44
136 83 50
136 84 41
136 85 58
136 86 55
136 87 47
136 88 43
136 89 46
136 90 58
136 91 54
136 92 51
136 93 54
136 94 60
136 95 46
136 96 50
136 97 54
136 98 57
136 99 47
136 100 48
136 101 44
136 102 45
136 103 47
136 104 42
136 105 56
136 106 43
136 107 42
136 108 49
136 109 47
136 110 50
136 111 42
136 112 46
136 113 36
136 114 53
136 115 38
136 116 54
136 117 47
136 118 50
136 119 49
136 120 51
136 121 45
136 122 53
136 123 53
136 124 61
136 125 48
136 126 40
136 127 51
136 128 43
136 129 42
136 130 36
136 131 52
136 132 46
136 133 47
136 134 49
136 135 51
136 136 56
136 137 60
136 138 47
136 139 47
136 140 37
136 141 46
136 142 35
136 143 55
136 144 58
136 145 61
136 146 52
136 147 47
136 148 48
136 149 37
137 0 48
137 1 58
137 2 52
137 3 49
137 4 54
137 5 55
137 6 56
137 7 38
137 8 51
137 9 52
137 10 44
137 11 48
137 12 49
137 13 54
137 14 47
137 15 46
137 16 39
137 17 52
137 18 46
137 19 50
137 20 27
137 21 39
137 22 62
137 23 47
137 24 48
137 25 55
137 26 49
137 27 50
137 28 55
137 29 47
137 30 49
137 31 50
137 32 52
137 33 45
137 34 35
137 35 56
137 36 41
137 37 34
137 38 55
137 39 41
137 40 53
137 41 46
137 42 49
137 43 37
137 44 62
137 45 53
137 46 50
137 47 48
137 48 45
137 49 51
137 50 41
137 51 46
137 52 47
137 53 41
137 54 63
137 55 44
137 56 49
137 57 44
137 58 51
137 59 43
137 60 52
137 61 53
137 62 48
137 63 51
137 64 49
137 65 62
137 66 43
137 67 40
137 68 43
137 69 62
137 70 42
137 71 56
137 72 50
137 73 55
137 74 43
137 75 51
137 76 54
137 77 36
137 78 47
137 79 36
137 80 55
137 81 49
137 82 44
137 83 60
137 84 54
137 85 44
137 86 55
137 87 49
137 88 43
137 89 53
137 90 56
137 91 42
137 92 54
137 93 53
137 94 52
137 95 59
137 96 41
137 97 49
137 98 41
137 99 41
137 100 42
137 101 54
137 102 45
137 103 55
137 104 46
137 105 53
137 106 38
137 107 50
137 108 54
137 109 44
137 110 52
137 111 55
137 112 48
137 113 54
137 114 50
137 115 49
137 116 47
137 117 53
137 118 41
137 119 51
137 120 54
137 121 48
137 122 44
137 123 50
137 124 41
137 125 45
137 126 38
137 127 45
137 128 43
137 129 58
137 130 47
137 131 51
137 132 35
137 133 43
137 134 49
137 135 48
137 136 47
137 137 59
137 138 46
137 139 49
137 140 54
137 141 36
137 142 55
137 143 33
137 144 40
137 145 42
137 146 43
137 147 39
137 148 52
137 149 39
138 0 50
138 1 52
138 2 46
138 3 62
138 4 47
138 5 43
138 6 47
138 7 42
138 8 43
138 9 41
138 10 64
138 11 39
138 12 40
138 13 53
138 14 43
138 15 52
138 16 43
138 17 40
138 18 49
138 19 54
138 20 39
138 21 43
138 22 51
138 23 51
138 24 48
138 25 48
138 26 42
138 27 46
138 28 41
138 29 56
138 30 44
138 31 55
138 32 49
138 33 39
138 34 52
138 35 49
138 36 66
138 37 48
138 38 47
138 39 48
138 40 52
138 41 55
138 42 43
138 43 57
138 44 47
138 45 36
138 46 49
138 47 50
138 48 49
138 49 57
138 50 49
138 51 44
138 52 54
138 53 48
138 54 56
138 55 37
138 56 53
138 57 49
138 58 50
138 59 60
138 60 53
138 61 52
138 62 49
138 63 52
138 64 55
138 65 40
138 66 44
138 67 41
138 68 41
138 69 47
138 70 53
138 71 42
138 72 38
138 73 61
138 74 47
138 75 41
138 76 45
138 77 44
138 78 36
138 79 47
138 80 47
138 81 47
138 82 37
138 83 56
138 84 33
138 85 51
138 86 43
138 87 40
138 88 53
138 89 54
138 90 38
138 91 53
138 92 54
138 93 44
138 94 47
138 95 49
138 96 42
138 97 49
138 98 59
138 99 51
138 100 51
138 101 64
138 102 53
138 103 50
138 104 55
138 105 40
138 106 46
138 107 47
138 108 49
138 109 49
138 110 59
138 111 48
138 112 43
138 113 49
138 114 54
138 115 42
138 116 59
138 117 46
138 118 46
138 119 56
138 120 54
138 121 47
138 122 48
138 123 44
138 124 49
138 125 42
138 126 49
138 127 50
138 128 51
138 129 52
138 130 44
138 131 52
138 132 48
138 133 48
138 134 49
138 135 51
138 136 39
138 137 55
138 138 60
138 139 41
138 140 48
138 141 46
138 142 55
138 143 55
138 144 44
138 145 54
138 146 40
138 147 43
138 148 46
138 149 45
139 0 44
139 1 52
139 2 50
139 3 47
139 4 52
139 5 56
139 6 53
139 7 41
139 8 49
139 9 43
139 10 57
139 11 49
139 12 37
139 13 46
139 14 51
139 15 56
139 16 35
139 17 63
139 18 56
139 19 50
139 20 50
139 21 39
139 22 43
139 23 46
139 24 39
139 25 54
139 26 41
139 27 29
139 28 47
139 29 56
139 30 51
139 31 55
139 32 50
139 33 48
139 34 39
139 35 58
139 36 50
139 37 52
139 38 59
139 39 46
139 40 63
139 41 55
139 42 57
139 43 36
139 44 38
139 45 46
139 46 51
139 47 41
139 48 47
139 49 57
139 50 41
139 51 40
139 52 60
139 53 59
139 54 29
139 55 48
139 56 36
139 57 48
139 58 47
139 59 56
139 60 50
139 61 47
139 62 52
139 63 46
139 64 33
139 65 50
139 66 57
139 67 47
139 68 44
139 69 56
139 70 50
139 71 56
139 72 43
139 73 42
139 74 40
139 75 30
139 76 49
139 77 42
139 78 55
139 79 42
139 80 40
139 81 61
139 82 33
139 83 25
139 84 44
139 85 45
139 86 44
139 87 57
139 88 61
139 89 46
139 90 57
139 91 39
139 92 54
139 93 40
139 94 48
139 95 58
139 96 68
139 97 47
139 98 40
139 99 54
139 100 49
139 101 42
139 102 42
139 103 57
139 104 52
139 105 48
139 106 58
139 107 50
139 108 58
139 109 56
139 110 44
139 111 45
139 112 43
139 113 43
139 114 46
139 115 63
139 116 53
139 117 50
139 118 56
139 119 56
139 120 64
139 121 51
139 122 42
139 123 42
139 124 53
139 125 50
139 126 48
139 127 39
139 128 51
139 129 43
139 130 49
139 131 33
139 132 44
139 133 56
139 134 51
139 135 37
139 136 41
139 137 39
139 138 45
139 139 42
139 140 36
139 141 56
139 142 51
139 143 53
139 144 43
139 145 61
139 146 35
139 147 53
139 148 60
139 149 46
140 0 47
140 1 44
140 2 46
140 3 41
140 4 44
140 5 49
140 6 42
140 7 51
140 8 48
140 9 45
140 10 45
140 11 46
140 12 54
140 13 36
140 14 62
140 15 56
140 16 60
140 17 51
140 18 53
140 19 49
140 20 43
140 21 43
140 22 47
140 23 41
140 24 48
140 25 37
140 26 37
140 27 46
140 28 45
140 29 55
140 30 40
140 31 39
140 32 47
140 33 46
140 34 54
140 35 51
140 36 37
140 37 52
140 38 53
140 39 45
140 40 44
140 41 44
140 42 53
140 43 50
140 44 45
140 45 57
140 46 62
140 47 45
140 48 52
140 49 52
140 50 53
140 51 65
140 52 46
140 53 58
140 54 54
140 55 46
140 56 53
140 57 42
140 58 53
140 59 49
140 60 51
140 61 42
140 62 45
140 63 50
140 64 59
140 65 54
140 66 48
140 67 53
140 68 43
140 69 46
140 70 56
140 71 54
140 72 46
140 73 57
140 74 53
140 75 41
140 76 47
140 77 50
140 78 41
140 79 56
140 80 62
140 81 44
140 82 51
140 83 55
140 84 48
140 85 51
140 86 51
140 87 43
140 88 59
140 89 45
140 90 42
140 91 57
140 92 35
140 93 50
140 94 48
140 95 43
140 96 48
140 97 52
140 98 50
140 99 49
140 100 54
140 101 48
140 102 55
140 103 54
140 104 62
140 105 44
140 106 37
140 107 60
140 108 47
140 109 44
140 110 44
140 111 44
140 112 46
140 113 44
140 114 54
140 115 45
140 116 41
140 117 42
140 118 42
140 119 41
140 120 59
140 121 48
140 122 49
140 123 35
140 124 54
140 125 50
140 126 45
140 127 59
140 128 56
140 129 51
140 130 42
140 131 46
140 132 57
140 133 46
140 134 38
140 135 41
140 136 48
140 137 50
140 138 53
140 139 47
140 140 42
140 141 58
140 142 59
140 143 38
140 144 46
140 145 45
140 146 44
140 147 58
140 148 52
140 149 44
141 0 38
141 1 43
141 2 46
141 3 49
141 4 56
141 5 57
141 6 43
141 7 48
141 8 51
141 9 46
141 10 45
141 11 50
141 12 46
141 13 51
141 14 41
141 15 49
141 16 52
141 17 42
141 18 39
141 19 49
141 20 40
141 21 42
141 22 54
141 23 48
141 24 41
141 25 55
141 26 46
141 27 42
141 28 58
141 29 55
141 30 44
141 31 42
141 32 48
141 33 53
141 34 59
141 35 38
141 36 42
141 37 53
141 38 49
141 39 49
141 40 35
141 41 38
141 42 61
141 43 53
141 44 50
141 45 46
141 46 46
141 47 63
141 48 41
141 49 50
141 50 50
141 51 55
141 52 47
141 53 38
141 54 43
141 55 39
141 56 62
141 57 63
141 58 70
141 59 55
141 60 49
141 61 37
141 62 52
141 63 44
141 64 37
141 65 49
141 66 74
141 67 40
141 68 49
141 69 39
141 70 41
141 71 47
141 72 45
141 73 51
141 74 42
141 75 39
141 76 59
141 77 57
141 78 59
141 79 48
141 80 60
141 81 51
141 82 58
141 83 53
141 84 38
141 85 62
141 86 42
141 87 44
141 88 57
141 89 42
141 90 53
141 91 41
141 92 37
141 93 46
141 94 48
141 95 43
141 96 51
141 97 51
141 98 39
141 99 54
141 100 51
141 101 56
141 102 51
141 103 45
141 104 50
141 105 54
141 106 54
141 107 39
141 108 42
141 109 44
141 110 49
141 111 49
141 112 57
141 113 52
141 114 40
141 115 59
141 116 63
141 117 41
141 118 54
141 119 54
141 120 54
141 121 43
141 122 50
141 123 54
141 124 40
141 125 47
141 126 39
141 127 55
141 128 56
141 129 50
141 130 50
141 131 50
141 132 40
141 133 51
141 134 47
141 135 40
141 136 47
141 137 44
141 138 47
141 139 66
141 140 46
141 141 49
141 142 46
141 143 43
141 144 60
141 145 56
141 146 66
141 147 46
141 148 49
141 149 58
142 0 47
142 1 65
142 2 57
142 3 51
142 4 49
142 5 43
142 6 56
142 7 46
142 8 48
142 9 56
142 10 52
142 11 41
142 12 62
142 13 52
142 14 53
142 15 67
142 16 43
142 17 41
142 18 56
142 19 41
142 20 41
142 21 48
142 22 51
142 23 55
142 24 49
142 25 50
142 26 66
142 27 36
142 28 57
142 29 40
142 30 40
142 31 55
142 32 42
142 33 39
142 34 54
142 35 57
142 36 45
142 37 54
142 38 44
142 39 47
142 40 47
142 41 54
142 42 52
142 43 47
142 44 52
142 45 50
142 46 43
142 47 59
142 48 35
142 49 52
142 50 54
142 51 39
142 52 52
142 53 48
142 54 47
142 55 52
142 56 49
142 57 56
142 58 50
142 59 59
142 60 55
142 61 57
142 62 61
142 63 44
142 64 56
142 65 47
142 66 51
142 67 61
142 68 32
142 69 45
142 70 48
142 71 44
142 72 43
142 73 51
142 74 46
142 75 57
142 76 62
142 77 45
142 78 47
142 79 54
142 80 37
142 81 43
142 82 47
142 83 41
142 84 49
142 85 42
142 86 46
142 87 55
142 88 41
142 89 39
142 90 53
142 91 40
142 92 47
142 93 42
142 94 51
142 95 60
142 96 59
142 97 50
142 98 49
142 99 42
142 100 51
142 101 56
142 102 52
142 103 46
142 104 47
142 105 46
142 106 42
142 107 40
142 108 43
142 109 37
142 110 46
142 111 44
142 112 49
142 113 50
142 114 45
142 115 47
142 116 49
142 117 66
142 118 40
142 119 43
142 120 43
142 121 53
142 122 49
142 123 53
142 124 52
142 125 49
142 126 40
142 127 41
142 128 50
142 129 47
142 130 57
142 131 55
142 132 44
142 133 44
142 134 43
142 135 53
142 136 37
142 137 52
142 138 39
142 139 65
142 140 53
142 141 44
142 142 49
142 143 53
142 144 47
142 145 39
142 146 39
142 147 59
142 148 51
142 149 49
143 0 47
143 1 42
143 2 46
143 3 49
143 4 54
143 5 47
143 6 60
143 7 54
143 8 54
143 9 58
143 10 38
143 11 44
143 12 53
143 13 39
143 14 37
143 15 42
143 16 45
143 17 51
143 18 58
143 19 56
143 20 48
143 21 47
143 22 58
143 23 44
143 24 55
143 25 52
143 26 44
143 27 55
143 28 53
143 29 40
143 30 38
143 31 50
143 32 58
143 33 58
143 34 53
143 35 56
143 36 40
143 37 54
143 38 43
143 39 46
143 40 39
143 41 63
143 42 62
143 43 57
143 44 59
143 45 55
143 46 55
143 47 48
143 48 48
143 49 48
143 50 49
143 51 58
143 52 60
143 53 49
143 54 46
143 55 59
143 56 44
143 57 61
143 58 44
143 59 48
143 60 60
143 61 35
143 62 45
143 63 52
143 64 46
143 65 48
143 66 66
143 67 54
143 68 58
143 69 52
143 70 44
143 71 42
143 72 47
143 73 50
143 74 37
143 75 48
143 76 38
143 77 52
143 78 49
143 79 56
143 80 46
143 81 61
143 82 52
143 83 51
143 84 49
143 85 47
143 86 58
143 87 45
143 88 41
143 89 40
143 90 54
143 91 46
143 92 48
143 93 48
143 94 57
143 95 45
143 96 43
143 97 49
143 98 45
143 99 62
143 100 49
143 101 31
143 102 40
143 103 56
143 104 39
143 105 51
143 106 40
143 107 48
143 108 55
143 109 55
143 110 40
143 111 59
143 112 48
143 113 56
143 114 44
143 115 55
143 116 66
143 117 51
143 118 52
143 119 54
143 120 48
143 121 62
143 122 57
143 123 51
143 124 42
143 125 52
143 126 45
143 127 56
143 128 50
143 129 62
143 130 33
143 131 52
143 132 41
143 133 57
143 134 38
143 135 47
143 136 40
143 137 44
143 138 55
143 139 54
143 140 43
143 141 47
143 142 43
143 143 48
143 144 58
143 145 47
143 146 44
143 147 50
143 148 49
143 149 57
144 0 50
144 1 46
144 2 42
144 3 43
144 4 39
144 5 30
144 6 53
144 7 51
144 8 39
144 9 57
144 10 51
144 11 48
144 12 44
144 13 47
144 14 64
144 15 58
144 16 50
144 17 43
144 18 53
144 19 34
144 20 60
144 21 48
144 22 50
144 23 54
144 24 41
144 25 53
144 26 58
144 27 36
144 28 56
144 29 52
144 30 50
144 31 41
144 32 60
144 33 46
144 34 66
144 35 39
144 36 53
144 37 45
144 38 57
144 39 46
144 40 54
144 41 42
144 42 46
144 43 48
144 44 53
144 45 51
144 46 53
144 47 50
144 48 45
144 49 54
144 50 67
144 51 47
144 52 58
144 53 41
144 54 55
144 55 49
144 56 40
144 57 59
144 58 52
144 59 59
144 60 47
144 61 40
144 62 52
144 63 52
144 64 43
144 65 48
144 66 40
144 67 47
144 68 57
144 69 47
144 70 37
144 71 45
144 72 51
144 73 43
144 74 55
144 75 42
144 76 40
144 77 45
144 78 41
144 79 47
144 80 48
144 81 58
144 82 51
144 83 44
144 84 51
144 85 55
144 86 45
144 87 57
144 88 54
144 89 56
144 90 49
144 91 47
144 92 49
144 93 56
144 94 43
144 95 33
144 96 46
144 97 48
144 98 41
144 99 35
144 100 45
144 101 34
144 102 45
144 103 46
144 104 55
144 105 45
144 106 43
144 107 46
144 108 62
144 109 35
144 110 48
144 111 53
144 112 51
144 113 42
144 114 36
144 115 48
144 116 45
144 117 54
144 118 50
144 119 51
144 120 58
144 121 53
144 122 51
144 123 50
144 124 53
144 125 46
144 126 49
144 127 47
144 128 48
144 129 55
144 130 55
144 131 55
144 132 38
144 133 47
144 134 53
144 135 43
144 136 51
144 137 39
144 138 54
144 139 56
144 140 46
144 141 39
144 142 40
144 143 53
144 144 43
144 145 50
144 146 59
144 147 42
144 148 54
144 149 42
145 0 47
145 1 51
145 2 52
145 3 48
145 4 38
145 5 50
145 6 44
145 7 39
145 8 50
145 9 41
145 10 41
145 11 53
145 12 44
145 13 43
145 14 55
145 15 71
145 16 50
145 17 50
145 18 51
145 19 52
145 20 64
145 21 46
145 22 45
145 23 51
145 24 45
145 25 46
145 26 53
145 27 44
145 28 59
145 29 42
145 30 53
145 31 45
145 32 36
145 33 37
145 34 45
145 35 41
145 36 40
145 37 40
145 38 46
145 39 53
145 40 55
145 41 47
145 42 54
145 43 51
145 44 49
145 45 50
145 46 42
145 47 45
145 48 61
145 49 51
145 50 51
145 51 39
145 52 54
145 53 53
145 54 51
145 55 51
145 56 56
145 57 37
145 58 55
145 59 50
145 60 54
145 61 62
145 62 59
145 63 51
145 64 59
145 65 40
145 66 50
145 67 57
145 68 37
145 69 67
145 70 46
145 71 57
145 72 45
145 73 51
145 74 50
145 75 53
145 76 54
145 77 57
145 78 42
145 79 56
145 80 51
145 81 47
145 82 52
145 83 47
145 84 57
145 85 55
145 86 38
145 87 45
145 88 57
145 89 48
145 90 64
145 91 53
145 92 44
145 93 41
145 94 46
145 95 49
145 96 51
145 97 49
145 98 49
145 99 35
145 100 53
145 101 44
145 102 43
145 103 47
145 104 64
145 105 49
145 106 64
145 107 45
145 108 46
145 109 53
145 110 46
145 111 56
145 112 55
145 113 59
145 114 54
145 115 46
145 116 44
145 117 49
145 118 53
145 119 56
145 120 47
145 121 47
145 122 49
145 123 53
145 124 49
145 125 49
145 126 54
145 127 59
145 128 46
145 129 53
145 130 52
145 131 52
145 132 48
145 133 47
145 134 40
145 135 41
145 136 49
145 137 52
145 138 40
145 139 49
145 140 45
145 141 43
145 142 54
145 143 45
145 144 55
145 145 42
145 146 46
145 147 42
145 148 54
145 149 50
146 0 53
146 1 51
146 2 51
146 3 48
146 4 49
146 5 57
146 6 40
146 7 37
146 8 43
146 9 53
146 10 44
146 11 48
146 12 60
146 13 46
146 14 41
146 15 62
146 16 42
146 17 40
146 18 40
146 19 45
146 20 50
146 21 43
146 22 43
146 23 36
146 24 51
146 25 53
146 26 50
146 27 50
146 28 41
146 29 49
146 30 64
146 31 52
146 32 49
146 33 41
146 34 45
146 35 39
146 36 62
146 37 60
146 38 47
146 39 65
146 40 40
146 41 47
146 42 41
146 43 46
146 44 56
146 45 42
146 46 48
146 47 49
146 48 47
146 49 45
146 50 50
146 51 48
146 52 51
146 53 37
146 54 44
146 55 44
146 56 55
146 57 55
146 58 45
146 59 43
146 60 36
146 61 64
146 62 44
146 63 50
146 64 53
146 65 62
146 66 40
146 67 53
146 68 54
146 69 44
146 70 49
146 71 46
146 72 39
146 73 56
146 74 50
146 75 41
146 76 58
146 77 43
146 78 46
146 79 63
146 80 50
146 81 45
146 82 47
146 83 51
146 84 47
146 85 60
146 86 46
146 87 47
146 88 43
146 89 55
146 90 47
146 91 50
146 92 53
146 93 52
146 94 49
146 95 47
146 96 54
146 97 35
146 98 45
146 99 43
146 100 56
146 101 50
146 102 53
146 103 44
146 104 51
146 105 55
146 106 63
146 107 42
146 108 44
146 109 52
146 110 44
146 111 38
146 112 50
146 113 44
146 114 51
146 115 45
146 116 54
146 117 48
146 118 62
146 119 60
146 120 41
146 121 47
146 122 52
146 123 54
146 124 69
146 125 53
146 126 53
146 127 57
146 128 49
146 129 48
146 130 69
146 131 43
146 132 52
146 133 56
146 134 53
146 135 59
146 136 45
146 137 46
146 138 50
146 139 61
146 140 51
146 141 49
146 142 41
146 143 43
146 144 35
146 145 45
146 146 54
146 147 49
146 148 50
146 149 56
147 0 47
147 1 52
147 2 45
147 3 49
147 4 45
147 5 42
147 6 47
147 7 50
147 8 58
147 9 48
147 10 45
147 11 43
147 12 55
147 13 39
147 14 48
147 15 46
147 16 46
147 17 43
147 18 48
147 19 47
147 20 35
147 21 53
147 22 46
147 23 51
147 24 54
147 25 53
147 26 50
147 27 50
147 28 41
147 29 38
147 30 47
147 31 50
147 32 54
147 33 58
147 34 40
147 35 49
147 36 53
147 37 50
147 38 39
147 39 42
147 40 51
147 41 60
147 42 38
147 43 45
147 44 53
147 45 42
147 46 44
147 47 46
147 48 49
147 49 62
147 50 51
147 51 53
147 52 59
147 53 52
147 54 49
147 55 52
147 56 39
147 57 49
147 58 45
147 59 49
147 60 61
147 61 43
147 62 53
147 63 61
147 64 48
147 65 52
147 66 46
147 67 55
147 68 51
147 69 59
147 70 58
147 71 41
147 72 54
147 73 56
147 74 35
147 75 55
147 76 54
147 77 42
147 78 65
147 79 54
147 80 57
147 81 49
147 82 50
147 83 58
147 84 52
147 85 54
147 86 55
147 87 43
147 88 59
147 89 52
147 90 48
147 91 46
147 92 45
147 93 39
147 94 44
147 95 37
147 96 48
147 97 46
147 98 53
147 99 51
147 100 49
147 101 44
147 102 51
147 103 32
147 104 42
147 105 48
147 106 51
147 107 55
147 108 53
147 109 56
147 110 47
147 111 50
147 112 42
147 113 64
147 114 58
147 115 37
147 116 57
147 117 45
147 118 47
147 119 34
147 120 53
147 121 44
147 122 35
147 123 52
147 124 55
147 125 57
147 126 50
147 127 54
147 128 38
147 129 58
147 130 59
147 131 40
147 132 43
147 133 43
147 134 57
147 135 52
147 136 61
147 137 48
147 138 51
147 139 45
147 140 44
147 141 37
147 142 45
147 143 48
147 144 44
147 145 47
147 146 46
147 147 60
147 148 45
147 149 40
148 0 62
148 1 52
148 2 42
148 3 48
148 4 51
148 5 72
148 6 40
148 7 46
148 8 44
148 9 58
148 10 52
148 11 49
148 12 52
148 13 48
148 14 34
148 15 58
148 16 71
148 17 30
148 18 48
148 19 53
148 20 58
148 21 53
148 22 56
148 23 43
148 24 53
148 25 44
148 26 54
148 27 51
148 28 43
148 29 42
148 30 57
148 31 51
148 32 43
148 33 47
148 34 51
148 35 34
148 36 59
148 37 47
148 38 46
148 39 50
148 40 40
148 41 48
148 42 57
148 43 61
148 44 58
148 45 56
148 46 53
148 47 45
148 48 55
148 49 50
148 50 47
148 51 35
148 52 60
148 53 52
148 54 39
148 55 57
148 56 48
148 57 49
148 58 33
148 59 55
148 60 61
148 61 54
148 62 57
148 63 55
148 64 66
148 65 54
148 66 38
148 67 40
148 68 49
148 69 43
148 70 62
148 71 50
148 72 43
148 73 58
148 74 46
148 75 63
148 76 52
148 77 52
148 78 51
148 79 46
148 80 44
148 81 44
148 82 46
148 83 52
148 84 55
148 85 38
148 86 64
148 87 47
148 88 38
148 89 39
148 90 43
148 91 49
148 92 51
148 93 36
148 94 43
148 95 51
148 96 52
148 97 50
148 98 53
148 99 44
148 100 49
148 101 44
148 102 54
148 103 44
148 104 50
148 105 43
148 106 41
148 107 40
148 108 55
148 109 61
148 110 48
148 111 45
148 112 38
148 113 60
148 114 51
148 115 48
148 116 58
148 117 40
148 118 49
148 119 52
148 120 54
148 121 47
148 122 52
148 123 41
148 124 40
148 125 45
148 126 53
148 127 57
148 128 57
148 129 53
148 130 55
148 131 48
148 132 58
148 133 48
148 134 43
148 135 45
148 136 57
148 137 56
148 138 55
148 139 47
148 140 47
148 141 39
148 142 54
148 143 45
148 144 47
148 145 41
148 146 47
148 147 47
148 148 41
148 149 53
149 0 40
149 1 41
149 2 60
149 3 56
149 4 53
149 5 62
149 6 44
149 7 47
149 8 54
149 9 41
149 10 38
149 11 50
149 12 48
149 13 46
149 14 40
149 15 45
149 16 48
149 17 60
149 18 53
149 19 50
149 20 56
149 21 43
149 22 44
149 23 46
149 24 53
149 25 51
149 26 43
149 27 57
149 28 43
149 29 64
149 30 61
149 31 44
149 32 53
149 33 42
149 34 44
149 35 46
149 36 45
149 37 56
149 38 34
149 39 48
149 40 44
149 41 55
149 42 42
149 43 51
149 44 35
149 45 45
149 46 45
149 47 43
149 48 40
149 49 41
149 50 45
149 51 47
149 52 42
149 53 50
149 54 53
149 55 46
149 56 58
149 57 46
149 58 45
149 59 43
149 60 56
149 61 52
149 62 52
149 63 49
149 64 47
149 65 41
149 66 43
149 67 50
149 68 37
149 69 51
149 70 50
149 71 50
149 72 45
149 73 45
149 74 46
149 75 45
149 76 44
149 77 59
149 78 49
149 79 50
149 80 47
149 81 39
149 82 58
149 83 35
149 84 61
149 85 43
149 86 51
149 87 47
149 88 31
149 89 50
149 90 54
149 91 54
149 92 47
149 93 38
149 94 47
149 95 46
149 96 62
149 97 49
149 98 32
149 99 33
149 100 59
149 101 42
149 102 37
149 103 45
149 104 50
149 105 48
149 106 35
149 107 61
149 108 55
149 109 36
149 110 45
149 111 53
149 112 36
149 113 50
149 114 46
149 115 55
149 116 67
149 117 53
149 118 39
149 119 52
149 120 47
149 121 56
149 122 57
149 123 62
149 124 49
149 125 35
149 126 52
149 127 60
149 128 41
149 129 55
149 130 47
149 131 42
149 132 49
149 133 47
149 134 43
149 135 39
149 136 47
149 137 52
149 138 45
149 139 50
149 140 40
149 141 49
149 142 59
149 143 57
149 144 37
149 145 57
149 146 44
149 147 45
149 148 52
149 149 56
