0 0 59
0 1 46
0 2 49
0 3 61
0 4 48
0 5 44
0 6 41
0 7 51
0 8 50
0 9 46
0 10 54
0 11 50
0 12 54
0 13 42
0 14 42
0 15 59
0 16 57
0 17 53
0 18 56
0 19 47
0 20 44
0 21 37
0 22 50
0 23 42
0 24 52
0 25 54
0 26 48
0 27 49
0 28 52
0 29 43
0 30 46
0 31 50
0 32 52
0 33 59
0 34 57
0 35 38
0 36 47
0 37 49
0 38 53
0 39 46
0 40 49
0 41 48
0 42 57
0 43 49
0 44 42
0 45 55
0 46 38
0 47 35
0 48 48
0 49 58
0 50 56
0 51 52
0 52 40
0 53 57
0 54 44
0 55 51
0 56 40
0 57 46
0 58 39
0 59 47
0 60 50
0 61 44
0 62 66
0 63 55
0 64 53
0 65 43
0 66 62
0 67 50
0 68 51
0 69 45
0 70 53
0 71 29
0 72 42
0 73 45
0 74 57
0 75 42
0 76 39
0 77 59
0 78 53
0 79 46
0 80 54
0 81 53
0 82 51
0 83 43
0 84 57
0 85 56
0 86 39
0 87 33
0 88 49
0 89 51
0 90 52
0 91 54
0 92 47
0 93 50
0 94 56
0 95 54
0 96 49
0 97 51
0 98 50
0 99 53
0 100 61
0 101 50
0 102 44
0 103 38
0 104 47
0 105 42
0 106 45
0 107 55
0 108 43
0 109 52
0 110 45
0 111 56
0 112 39
0 113 59
0 114 52
0 115 45
0 116 52
0 117 49
0 118 40
0 119 47
0 120 56
0 121 50
0 122 60
0 123 59
0 124 52
0 125 48
0 126 50
0 127 45
0 128 48
0 129 49
0 130 44
0 131 49
0 132 48
0 133 47
0 134 43
0 135 53
0 136 45
0 137 63
0 138 53
0 139 54
0 140 46
0 141 54
0 142 42
0 143 55
0 144 47
0 145 71
0 146 63
0 147 56
0 148 52
0 149 43
1 0 39
1 1 48
1 2 48
1 3 68
1 4 50
1 5 59
1 6 44
1 7 59
1 8 52
1 9 40
1 10 40
1 11 40
1 12 44
1 13 52
1 14 36
1 15 51
1 16 45
1 17 52
1 18 53
1 19 48
1 20 43
1 21 61
1 22 49
1 23 47
1 24 46
1 25 53
1 26 49
1 27 49
1 28 43
1 29 48
1 30 59
1 31 49
1 32 60
1 33 46
1 34 38
1 35 46
1 36 40
1 37 40
1 38 47
1 39 44
1 40 49
1 41 60
1 42 45
1 43 46
1 44 51
1 45 60
1 46 47
1 47 43
1 48 43
1 49 62
1 50 53
1 51 50
1 52 36
1 53 56
1 54 43
1 55 53
1 56 62
1 57 50
1 58 52
1 59 55
1 60 49
1 61 52
1 62 46
1 63 55
1 64 48
1 65 45
1 66 55
1 67 42
1 68 42
1 69 51
1 70 42
1 71 51
1 72 52
1 73 56
1 74 46
1 75 47
1 76 48
1 77 45
1 78 46
1 79 35
1 80 45
1 81 34
1 82 45
1 83 58
1 84 41
1 85 49
1 86 52
1 87 43
1 88 49
1 89 45
1 90 41
1 91 46
1 92 50
1 93 39
1 94 52
1 95 47
1 96 55
1 97 55
1 98 47
1 99 49
1 100 40
1 101 50
1 102 44
1 103 46
1 104 50
1 105 56
1 106 42
1 107 48
1 108 47
1 109 45
1 110 47
1 111 46
1 112 50
1 113 50
1 114 48
1 115 51
1 116 49
1 117 52
1 118 54
1 119 50
1 120 49
1 121 49
1 122 44
1 123 37
1 124 41
1 125 35
1 126 52
1 127 41
1 128 47
1 129 36
1 130 52
1 131 47
1 132 50
1 133 67
1 134 48
1 135 54
1 136 54
1 137 55
1 138 58
1 139 52
1 140 46
1 141 52
1 142 45
1 143 58
1 144 49
1 145 53
1 146 42
1 147 51
1 148 39
1 149 44
2 0 50
2 1 43
2 2 46
2 3 45
2 4 43
2 5 57
2 6 50
2 7 42
2 8 49
2 9 52
2 10 57
2 11 46
2 12 42
2 13 50
2 14 43
2 15 44
2 16 44
2 17 40
2 18 46
2 19 60
2 20 40
2 21 34
2 22 36
2 23 52
2 24 51
2 25 45
2 26 48
2 27 51
2 28 42
2 29 44
2 30 33
2 31 46
2 32 58
2 33 73
2 34 47
2 35 50
2 36 51
2 37 48
2 38 56
2 39 57
2 40 47
2 41 64
2 42 42
2 43 43
2 44 48
2 45 47
2 46 56
2 47 45
2 48 44
2 49 54
2 50 73
2 51 44
2 52 50
2 53 52
2 54 48
2 55 48
2 56 53
2 57 63
2 58 49
2 59 34
2 60 43
2 61 54
2 62 44
2 63 47
2 64 54
2 65 47
2 66 44
2 67 44
2 68 51
2 69 40
2 70 44
2 71 51
2 72 59
2 73 46
2 74 60
2 75 48
2 76 51
2 77 48
2 78 51
2 79 58
2 80 51
2 81 53
2 82 59
2 83 48
2 84 50
2 85 48
2 86 47
2 87 52
2 88 49
2 89 50
2 90 45
2 91 49
2 92 57
2 93 50
2 94 48
2 95 41
2 96 42
2 97 44
2 98 43
2 99 44
2 100 57
2 101 49
2 102 38
2 103 52
2 104 47
2 105 43
2 106 48
2 107 38
2 108 57
2 109 52
2 110 51
2 111 47
2 112 44
2 113 42
2 114 49
2 115 37
2 116 48
2 117 47
2 118 45
2 119 58
2 120 56
2 121 42
2 122 37
2 123 58
2 124 55
2 125 46
2 126 53
2 127 38
2 128 47
2 129 55
2 130 56
2 131 59
2 132 59
2 133 53
2 134 53
2 135 42
2 136 63
2 137 58
2 138 52
2 139 45
2 140 42
2 141 61
2 142 52
2 143 59
2 144 51
2 145 51
2 146 63
2 147 43
2 148 52
2 149 46
3 0 50
3 1 47
3 2 36
3 3 49
3 4 42
3 5 53
3 6 49
3 7 54
3 8 47
3 9 43
3 10 47
3 11 58
3 12 53
3 13 47
3 14 40
3 15 54
3 16 34
3 17 41
3 18 52
3 19 58
3 20 53
3 21 48
3 22 60
3 23 44
3 24 50
3 25 35
3 26 38
3 27 44
3 28 56
3 29 54
3 30 57
3 31 41
3 32 53
3 33 34
3 34 41
3 35 56
3 36 46
3 37 49
3 38 55
3 39 47
3 40 53
3 41 45
3 42 46
3 43 41
3 44 57
3 45 52
3 46 38
3 47 53
3 48 51
3 49 43
3 50 38
3 51 55
3 52 43
3 53 45
3 54 53
3 55 47
3 56 50
3 57 51
3 58 56
3 59 59
3 60 51
3 61 39
3 62 43
3 63 36
3 64 48
3 65 32
3 66 46
3 67 51
3 68 52
3 69 45
3 70 40
3 71 53
3 72 49
3 73 47
3 74 53
3 75 42
3 76 50
3 77 57
3 78 52
3 79 36
3 80 43
3 81 49
3 82 34
3 83 47
3 84 43
3 85 44
3 86 56
3 87 48
3 88 50
3 89 51
3 90 50
3 91 50
3 92 45
3 93 46
3 94 56
3 95 49
3 96 53
3 97 54
3 98 48
3 99 42
3 100 48
3 101 56
3 102 46
3 103 43
3 104 51
3 105 57
3 106 55
3 107 45
3 108 56
3 109 44
3 110 39
3 111 53
3 112 42
3 113 50
3 114 56
3 115 49
3 116 31
3 117 39
3 118 42
3 119 59
3 120 38
3 121 49
3 122 54
3 123 45
3 124 43
3 125 58
3 126 45
3 127 56
3 128 39
3 129 42
3 130 59
3 131 49
3 132 38
3 133 46
3 134 55
3 135 54
3 136 40
3 137 43
3 138 46
3 139 44
3 140 46
3 141 37
3 142 43
3 143 48
3 144 43
3 145 46
3 146 40
3 147 41
3 148 49
3 149 38
4 0 52
4 1 43
4 2 62
4 3 42
4 4 63
4 5 58
4 6 45
4 7 48
4 8 53
4 9 46
4 10 44
4 11 55
4 12 49
4 13 45
4 14 56
4 15 48
4 16 50
4 17 47
4 18 57
4 19 51
4 20 47
4 21 61
4 22 41
4 23 32
4 24 47
4 25 55
4 26 46
4 27 52
4 28 41
4 29 47
4 30 50
4 31 45
4 32 49
4 33 37
4 34 60
4 35 40
4 36 53
4 37 44
4 38 52
4 39 39
4 40 45
4 41 51
4 42 46
4 43 41
4 44 42
4 45 46
4 46 41
4 47 46
4 48 50
4 49 41
4 50 43
4 51 45
4 52 52
4 53 44
4 54 43
4 55 46
4 56 34
4 57 54
4 58 48
4 59 38
4 60 50
4 61 58
4 62 45
4 63 55
4 64 40
4 65 63
4 66 52
4 67 43
4 68 55
4 69 63
4 70 42
4 71 48
4 72 60
4 73 48
4 74 52
4 75 51
4 76 47
4 77 45
4 78 45
4 79 44
4 80 39
4 81 63
4 82 58
4 83 51
4 84 43
4 85 46
4 86 53
4 87 40
4 88 53
4 89 52
4 90 45
4 91 58
4 92 38
4 93 46
4 94 45
4 95 51
4 96 52
4 97 47
4 98 48
4 99 51
4 100 43
4 101 53
4 102 57
4 103 43
4 104 53
4 105 62
4 106 55
4 107 57
4 108 61
4 109 48
4 110 40
4 111 50
4 112 44
4 113 43
4 114 55
4 115 43
4 116 55
4 117 46
4 118 52
4 119 45
4 120 51
4 121 41
4 122 44
4 123 39
4 124 53
4 125 53
4 126 40
4 127 52
4 128 42
4 129 41
4 130 48
4 131 51
4 132 54
4 133 51
4 134 54
4 135 53
4 136 45
4 137 61
4 138 40
4 139 48
4 140 48
4 141 47
4 142 48
4 143 43
4 144 58
4 145 54
4 146 50
4 147 44
4 148 53
4 149 49
5 0 54
5 1 54
5 2 51
5 3 44
5 4 63
5 5 52
5 6 58
5 7 45
5 8 45
5 9 46
5 10 46
5 11 35
5 12 54
5 13 49
5 14 47
5 15 56
5 16 48
5 17 57
5 18 43
5 19 39
5 20 41
5 21 47
5 22 50
5 23 31
5 24 64
5 25 42
5 26 62
5 27 42
5 28 49
5 29 60
5 30 36
5 31 54
5 32 52
5 33 50
5 34 53
5 35 59
5 36 41
5 37 49
5 38 51
5 39 52
5 40 50
5 41 49
5 42 56
5 43 45
5 44 56
5 45 50
5 46 40
5 47 50
5 48 56
5 49 58
5 50 46
5 51 61
5 52 42
5 53 49
5 54 44
5 55 43
5 56 50
5 57 42
5 58 43
5 59 48
5 60 51
5 61 35
5 62 40
5 63 50
5 64 50
5 65 45
5 66 55
5 67 47
5 68 52
5 69 56
5 70 53
5 71 44
5 72 35
5 73 46
5 74 47
5 75 49
5 76 42
5 77 54
5 78 52
5 79 45
5 80 48
5 81 42
5 82 54
5 83 51
5 84 55
5 85 56
5 86 54
5 87 55
5 88 34
5 89 44
5 90 52
5 91 40
5 92 52
5 93 37
5 94 47
5 95 34
5 96 38
5 97 39
5 98 42
5 99 50
5 100 55
5 101 53
5 102 39
5 103 42
5 104 53
5 105 49
5 106 43
5 107 44
5 108 47
5 109 37
5 110 46
5 111 42
5 112 60
5 113 58
5 114 52
5 115 47
5 116 54
5 117 43
5 118 52
5 119 51
5 120 48
5 121 46
5 122 51
5 123 44
5 124 39
5 125 42
5 126 48
5 127 40
5 128 56
5 129 54
5 130 45
5 131 62
5 132 38
5 133 48
5 134 44
5 135 45
5 136 51
5 137 63
5 138 65
5 139 54
5 140 51
5 141 47
5 142 42
5 143 46
5 144 46
5 145 45
5 146 51
5 147 47
5 148 53
5 149 57
6 0 46
6 1 55
6 2 45
6 3 57
6 4 36
6 5 47
6 6 57
6 7 41
6 8 46
6 9 33
6 10 39
6 11 45
6 12 59
6 13 33
6 14 38
6 15 60
6 16 45
6 17 48
6 18 41
6 19 59
6 20 53
6 21 41
6 22 51
6 23 47
6 24 61
6 25 49
6 26 49
6 27 54
6 28 50
6 29 44
6 30 43
6 31 50
6 32 43
6 33 50
6 34 48
6 35 46
6 36 46
6 37 37
6 38 38
6 39 46
6 40 44
6 41 36
6 42 48
6 43 51
6 44 36
6 45 42
6 46 39
6 47 39
6 48 46
6 49 39
6 50 44
6 51 38
6 52 44
6 53 55
6 54 55
6 55 47
6 56 55
6 57 53
6 58 52
6 59 44
6 60 51
6 61 44
6 62 49
6 63 59
6 64 49
6 65 47
6 66 57
6 67 41
6 68 55
6 69 57
6 70 54
6 71 44
6 72 42
6 73 39
6 74 57
6 75 46
6 76 40
6 77 53
6 78 48
6 79 48
6 80 42
6 81 56
6 82 52
6 83 54
6 84 48
6 85 52
6 86 50
6 87 43
6 88 54
6 89 48
6 90 63
6 91 43
6 92 46
6 93 64
6 94 35
6 95 48
6 96 50
6 97 37
6 98 53
6 99 49
6 100 49
6 101 45
6 102 54
6 103 60
6 104 57
6 105 47
6 106 45
6 107 36
6 108 50
6 109 53
6 110 47
6 111 51
6 112 51
6 113 39
6 114 52
6 115 45
6 116 57
6 117 46
6 118 58
6 119 43
6 120 56
6 121 34
6 122 42
6 123 61
6 124 48
6 125 44
6 126 48
6 127 51
6 128 37
6 129 55
6 130 63
6 131 43
6 132 49
6 133 53
6 134 51
6 135 61
6 136 47
6 137 51
6 138 51
6 139 52
6 140 48
6 141 46
6 142 48
6 143 40
6 144 45
6 145 57
6 146 50
6 147 54
6 148 52
6 149 51
7 0 55
7 1 48
7 2 52
7 3 45
7 4 51
7 5 52
7 6 60
7 7 51
7 8 48
7 9 56
7 10 50
7 11 47
7 12 55
7 13 44
7 14 51
7 15 52
7 16 47
7 17 53
7 18 38
7 19 38
7 20 48
7 21 54
7 22 60
7 23 39
7 24 50
7 25 47
7 26 53
7 27 51
7 28 53
7 29 47
7 30 49
7 31 36
7 32 43
7 33 49
7 34 52
7 35 45
7 36 48
7 37 38
7 38 39
7 39 40
7 40 54
7 41 32
7 42 49
7 43 50
7 44 52
7 45 52
7 46 46
7 47 43
7 48 59
7 49 34
7 50 50
7 51 46
7 52 59
7 53 52
7 54 38
7 55 46
7 56 55
7 57 65
7 58 46
7 59 48
7 60 55
7 61 41
7 62 34
7 63 53
7 64 44
7 65 39
7 66 47
7 67 43
7 68 47
7 69 54
7 70 49
7 71 40
7 72 26
7 73 46
7 74 47
7 75 45
7 76 47
7 77 45
7 78 52
7 79 45
7 80 57
7 81 53
7 82 53
7 83 41
7 84 46
7 85 46
7 86 47
7 87 60
7 88 54
7 89 44
7 90 46
7 91 59
7 92 47
7 93 47
7 94 48
7 95 52
7 96 51
7 97 49
7 98 53
7 99 49
7 100 47
7 101 57
7 102 51
7 103 56
7 104 37
7 105 46
7 106 54
7 107 51
7 108 67
7 109 52
7 110 40
7 111 55
7 112 59
7 113 41
7 114 59
7 115 48
7 116 52
7 117 48
7 118 42
7 119 51
7 120 58
7 121 64
7 122 37
7 123 53
7 124 48
7 125 46
7 126 47
7 127 50
7 128 51
7 129 46
7 130 57
7 131 47
7 132 52
7 133 55
7 134 41
7 135 44
7 136 56
7 137 46
7 138 61
7 139 39
7 140 72
7 141 67
7 142 45
7 143 47
7 144 54
7 145 56
7 146 54
7 147 54
7 148 58
7 149 46
8 0 43
8 1 39
8 2 48
8 3 44
8 4 46
8 5 47
8 6 46
8 7 45
8 8 47
8 9 56
8 10 49
8 11 50
8 12 45
8 13 50
8 14 52
8 15 49
8 16 48
8 17 51
8 18 44
8 19 43
8 20 50
8 21 47
8 22 57
8 23 47
8 24 48
8 25 46
8 26 45
8 27 51
8 28 51
8 29 33
8 30 48
8 31 47
8 32 34
8 33 57
8 34 36
8 35 48
8 36 39
8 37 44
8 38 41
8 39 40
8 40 35
8 41 44
8 42 47
8 43 41
8 44 44
8 45 42
8 46 50
8 47 44
8 48 36
8 49 48
8 50 50
8 51 34
8 52 48
8 53 44
8 54 55
8 55 41
8 56 38
8 57 44
8 58 35
8 59 47
8 60 40
8 61 57
8 62 56
8 63 48
8 64 59
8 65 56
8 66 61
8 67 43
8 68 38
8 69 47
8 70 46
8 71 37
8 72 50
8 73 43
8 74 59
8 75 58
8 76 48
8 77 56
8 78 41
8 79 49
8 80 49
8 81 43
8 82 46
8 83 43
8 84 42
8 85 46
8 86 45
8 87 42
8 88 44
8 89 53
8 90 53
8 91 55
8 92 50
8 93 46
8 94 40
8 95 37
8 96 45
8 97 47
8 98 66
8 99 40
8 100 63
8 101 53
8 102 55
8 103 48
8 104 48
8 105 52
8 106 67
8 107 59
8 108 57
8 109 52
8 110 48
8 111 48
8 112 47
8 113 50
8 114 45
8 115 34
8 116 56
8 117 58
8 118 49
8 119 48
8 120 65
8 121 44
8 122 55
8 123 50
8 124 41
8 125 47
8 126 52
8 127 43
8 128 51
8 129 48
8 130 44
8 131 42
8 132 32
8 133 64
8 134 45
8 135 46
8 136 38
8 137 37
8 138 35
8 139 56
8 140 44
8 141 54
8 142 46
8 143 42
8 144 33
8 145 63
8 146 54
8 147 61
8 148 60
8 149 39
9 0 48
9 1 58
9 2 54
9 3 54
9 4 56
9 5 52
9 6 48
9 7 56
9 8 42
9 9 42
9 10 47
9 11 57
9 12 40
9 13 49
9 14 63
9 15 56
9 16 43
9 17 32
9 18 49
9 19 48
9 20 68
9 21 38
9 22 51
9 23 68
9 24 54
9 25 45
9 26 42
9 27 50
9 28 39
9 29 36
9 30 44
9 31 51
9 32 36
9 33 44
9 34 56
9 35 42
9 36 62
9 37 37
9 38 66
9 39 58
9 40 41
9 41 43
9 42 36
9 43 47
9 44 51
9 45 51
9 46 49
9 47 45
9 48 53
9 49 56
9 50 46
9 51 51
9 52 40
9 53 49
9 54 55
9 55 45
9 56 54
9 57 59
9 58 40
9 59 48
9 60 45
9 61 47
9 62 53
9 63 44
9 64 45
9 65 55
9 66 48
9 67 44
9 68 51
9 69 43
9 70 45
9 71 61
9 72 49
9 73 47
9 74 51
9 75 56
9 76 48
9 77 52
9 78 56
9 79 37
9 80 37
9 81 46
9 82 44
9 83 52
9 84 39
9 85 53
9 86 45
9 87 51
9 88 40
9 89 48
9 90 55
9 91 63
9 92 52
9 93 54
9 94 54
9 95 40
9 96 52
9 97 60
9 98 39
9 99 44
9 100 53
9 101 49
9 102 53
9 103 40
9 104 41
9 105 40
9 106 66
9 107 50
9 108 45
9 109 41
9 110 60
9 111 49
9 112 48
9 113 62
9 114 74
9 115 57
9 116 63
9 117 53
9 118 46
9 119 44
9 120 59
9 121 58
9 122 56
9 123 54
9 124 52
9 125 40
9 126 40
9 127 27
9 128 39
9 129 43
9 130 51
9 131 50
9 132 69
9 133 54
9 134 42
9 135 44
9 136 54
9 137 37
9 138 56
9 139 48
9 140 60
9 141 47
9 142 42
9 143 36
9 144 42
9 145 48
9 146 56
9 147 53
9 148 46
9 149 47
10 0 62
10 1 57
10 2 54
10 3 52
10 4 49
10 5 48
10 6 36
10 7 56
10 8 43
10 9 46
10 10 43
10 11 46
10 12 44
10 13 46
10 14 50
10 15 40
10 16 45
10 17 34
10 18 46
10 19 47
10 20 35
10 21 52
10 22 52
10 23 47
10 24 40
10 25 49
10 26 47
10 27 53
10 28 48
10 29 41
10 30 45
10 31 46
10 32 43
10 33 56
10 34 43
10 35 47
10 36 58
10 37 52
10 38 57
10 39 41
10 40 44
10 41 44
10 42 45
10 43 59
10 44 35
10 45 53
10 46 44
10 47 54
10 48 56
10 49 54
10 50 43
10 51 60
10 52 44
10 53 53
10 54 51
10 55 48
10 56 66
10 57 49
10 58 53
10 59 40
10 60 59
10 61 46
10 62 50
10 63 51
10 64 57
10 65 49
10 66 52
10 67 55
10 68 53
10 69 45
10 70 69
10 71 46
10 72 43
10 73 50
10 74 49
10 75 44
10 76 42
10 77 38
10 78 44
10 79 38
10 80 47
10 81 50
10 82 51
10 83 51
10 84 45
10 85 51
10 86 65
10 87 44
10 88 56
10 89 44
10 90 48
10 91 54
10 92 53
10 93 51
10 94 51
10 95 44
10 96 46
10 97 44
10 98 68
10 99 37
10 100 44
10 101 52
10 102 49
10 103 49
10 104 48
10 105 49
10 106 51
10 107 59
10 108 45
10 109 54
10 110 59
10 111 45
10 112 44
10 113 65
10 114 52
10 115 51
10 116 56
10 117 57
10 118 52
10 119 59
10 120 49
10 121 44
10 122 54
10 123 40
10 124 40
10 125 49
10 126 48
10 127 46
10 128 51
10 129 43
10 130 36
10 131 42
10 132 63
10 133 36
10 134 58
10 135 39
10 136 49
10 137 55
10 138 60
10 139 43
10 140 52
10 141 55
10 142 61
10 143 48
10 144 64
10 145 51
10 146 51
10 147 46
10 148 49
10 149 38
11 0 50
11 1 43
11 2 54
11 3 46
11 4 46
11 5 50
11 6 49
11 7 45
11 8 59
11 9 45
11 10 33
11 11 36
11 12 52
11 13 47
11 14 49
11 15 41
11 16 54
11 17 46
11 18 54
11 19 52
11 20 53
11 21 45
11 22 48
11 23 46
11 24 49
11 25 42
11 26 50
11 27 47
11 28 47
11 29 45
11 30 51
11 31 53
11 32 50
11 33 47
11 34 44
11 35 41
11 36 54
11 37 46
11 38 42
11 39 33
11 40 49
11 41 49
11 42 42
11 43 47
11 44 48
11 45 58
11 46 38
11 47 51
11 48 48
11 49 54
11 50 49
11 51 52
11 52 50
11 53 47
11 54 51
11 55 50
11 56 52
11 57 56
11 58 41
11 59 40
11 60 46
11 61 55
11 62 52
11 63 57
11 64 48
11 65 55
11 66 38
11 67 42
11 68 46
11 69 45
11 70 58
11 71 49
11 72 60
11 73 60
11 74 58
11 75 49
11 76 39
11 77 52
11 78 42
11 79 30
11 80 60
11 81 49
11 82 62
11 83 38
11 84 47
11 85 42
11 86 45
11 87 48
11 88 43
11 89 37
11 90 52
11 91 56
11 92 51
11 93 39
11 94 47
11 95 50
11 96 53
11 97 54
11 98 40
11 99 48
11 100 49
11 101 50
11 102 63
11 103 57
11 104 54
11 105 42
11 106 51
11 107 51
11 108 63
11 109 55
11 110 49
11 111 47
11 112 45
11 113 41
11 114 58
11 115 49
11 116 42
11 117 53
11 118 51
11 119 55
11 120 39
11 121 51
11 122 54
11 123 53
11 124 43
11 125 46
11 126 55
11 127 49
11 128 38
11 129 33
11 130 55
11 131 54
11 132 52
11 133 48
11 134 61
11 135 55
11 136 43
11 137 56
11 138 44
11 139 42
11 140 42
11 141 36
11 142 48
11 143 45
11 144 39
11 145 53
11 146 51
11 147 53
11 148 66
11 149 49
12 0 46
12 1 52
12 2 58
12 3 42
12 4 38
12 5 36
12 6 47
12 7 59
12 8 42
12 9 42
12 10 61
12 11 37
12 12 43
12 13 51
12 14 42
12 15 41
12 16 41
12 17 50
12 18 51
12 19 42
12 20 45
12 21 50
12 22 48
12 23 43
12 24 36
12 25 55
12 26 51
12 27 47
12 28 49
12 29 52
12 30 50
12 31 46
12 32 45
12 33 49
12 34 34
12 35 40
12 36 49
12 37 48
12 38 50
12 39 38
12 40 43
12 41 57
12 42 51
12 43 44
12 44 46
12 45 36
12 46 50
12 47 43
12 48 37
12 49 48
12 50 46
12 51 45
12 52 47
12 53 62
12 54 59
12 55 45
12 56 46
12 57 41
12 58 49
12 59 48
12 60 41
12 61 54
12 62 50
12 63 51
12 64 47
12 65 48
12 66 55
12 67 47
12 68 54
12 69 60
12 70 52
12 71 56
12 72 47
12 73 55
12 74 56
12 75 53
12 76 34
12 77 55
12 78 51
12 79 47
12 80 47
12 81 38
12 82 42
12 83 47
12 84 41
12 85 41
12 86 38
12 87 41
12 88 49
12 89 45
12 90 47
12 91 50
12 92 45
12 93 51
12 94 63
12 95 43
12 96 53
12 97 51
12 98 40
12 99 52
12 100 46
12 101 56
12 102 49
12 103 47
12 104 52
12 105 52
12 106 39
12 107 47
12 108 54
12 109 49
12 110 53
12 111 45
12 112 53
12 113 56
12 114 50
12 115 50
12 116 49
12 117 60
12 118 43
12 119 48
12 120 52
12 121 58
12 122 48
12 123 53
12 124 50
12 125 56
12 126 39
12 127 55
12 128 51
12 129 58
12 130 42
12 131 43
12 132 63
12 133 51
12 134 43
12 135 49
12 136 64
12 137 52
12 138 36
12 139 46
12 140 48
12 141 38
12 142 46
12 143 66
12 144 46
12 145 42
12 146 45
12 147 51
12 148 42
12 149 41
13 0 49
13 1 51
13 2 41
13 3 51
13 4 53
13 5 45
13 6 43
13 7 52
13 8 55
13 9 46
13 10 53
13 11 36
13 12 52
13 13 48
13 14 51
13 15 45
13 16 40
13 17 43
13 18 47
13 19 56
13 20 50
13 21 60
13 22 50
13 23 58
13 24 45
13 25 52
13 26 41
13 27 57
13 28 40
13 29 34
13 30 32
13 31 38
13 32 60
13 33 54
13 34 45
13 35 52
13 36 44
13 37 59
13 38 65
13 39 48
13 40 46
13 41 37
13 42 50
13 43 42
13 44 66
13 45 34
13 46 50
13 47 47
13 48 53
13 49 55
13 50 51
13 51 56
13 52 47
13 53 60
13 54 50
13 55 57
13 56 58
13 57 50
13 58 54
13 59 55
13 60 60
13 61 38
13 62 46
13 63 62
13 64 46
13 65 52
13 66 46
13 67 44
13 68 59
13 69 57
13 70 35
13 71 49
13 72 50
13 73 54
13 74 46
13 75 54
13 76 42
13 77 48
13 78 41
13 79 36
13 80 41
13 81 52
13 82 41
13 83 49
13 84 39
13 85 46
13 86 44
13 87 46
13 88 45
13 89 58
13 90 53
13 91 41
13 92 45
13 93 53
13 94 55
13 95 57
13 96 34
13 97 52
13 98 56
13 99 49
13 100 51
13 101 42
13 102 47
13 103 48
13 104 50
13 105 38
13 106 54
13 107 46
13 108 60
13 109 45
13 110 47
13 111 50
13 112 54
13 113 55
13 114 50
13 115 48
13 116 53
13 117 48
13 118 56
13 119 40
13 120 49
13 121 50
13 122 43
13 123 49
13 124 47
13 125 40
13 126 49
13 127 33
13 128 54
13 129 48
13 130 57
13 131 51
13 132 44
13 133 60
13 134 45
13 135 51
13 136 50
13 137 46
13 138 54
13 139 44
13 140 45
13 141 44
13 142 48
13 143 53
13 144 50
13 145 59
13 146 46
13 147 47
13 148 48
13 149 46
14 0 51
14 1 43
14 2 48
14 3 57
14 4 53
14 5 49
14 6 52
14 7 48
14 8 41
14 9 38
14 10 49
14 11 55
14 12 63
14 13 43
14 14 46
14 15 40
14 16 41
14 17 57
14 18 50
14 19 31
14 20 40
14 21 41
14 22 43
14 23 36
14 24 59
14 25 60
14 26 45
14 27 53
14 28 48
14 29 33
14 30 56
14 31 48
14 32 56
14 33 47
14 34 59
14 35 52
14 36 50
14 37 46
14 38 46
14 39 41
14 40 40
14 41 50
14 42 53
14 43 43
14 44 51
14 45 49
14 46 53
14 47 51
14 48 41
14 49 46
14 50 54
14 51 60
14 52 49
14 53 36
14 54 53
14 55 48
14 56 43
14 57 42
14 58 52
14 59 56
14 60 46
14 61 46
14 62 54
14 63 45
14 64 61
14 65 47
14 66 34
14 67 45
14 68 47
14 69 39
14 70 50
14 71 54
14 72 47
14 73 41
14 74 49
14 75 39
14 76 51
14 77 56
14 78 49
14 79 53
14 80 44
14 81 49
14 82 39
14 83 54
14 84 47
14 85 37
14 86 55
14 87 42
14 88 46
14 89 56
14 90 46
14 91 58
14 92 53
14 93 48
14 94 38
14 95 50
14 96 42
14 97 47
14 98 43
14 99 42
14 100 42
14 101 45
14 102 62
14 103 62
14 104 42
14 105 45
14 106 48
14 107 48
14 108 50
14 109 38
14 110 52
14 111 45
14 112 55
14 113 53
14 114 53
14 115 58
14 116 61
14 117 70
14 118 46
14 119 63
14 120 39
14 121 43
14 122 62
14 123 49
14 124 53
14 125 39
14 126 63
14 127 56
14 128 62
14 129 57
14 130 56
14 131 49
14 132 50
14 133 39
14 134 46
14 135 59
14 136 42
14 137 52
14 138 50
14 139 49
14 140 39
14 141 51
14 142 49
14 143 35
14 144 54
14 145 50
14 146 48
14 147 52
14 148 55
14 149 54
15 0 50
15 1 50
15 2 45
15 3 44
15 4 43
15 5 48
15 6 47
15 7 40
15 8 39
15 9 53
15 10 39
15 11 58
15 12 54
15 13 46
15 14 43
15 15 35
15 16 60
15 17 45
15 18 46
15 19 49
15 20 54
15 21 44
15 22 46
15 23 42
15 24 46
15 25 47
15 26 58
15 27 50
15 28 53
15 29 58
15 30 37
15 31 45
15 32 43
15 33 60
15 34 46
15 35 47
15 36 55
15 37 49
15 38 48
15 39 40
15 40 54
15 41 56
15 42 32
15 43 55
15 44 35
15 45 49
15 46 50
15 47 42
15 48 38
15 49 56
15 50 35
15 51 51
15 52 42
15 53 46
15 54 46
15 55 47
15 56 42
15 57 51
15 58 54
15 59 54
15 60 56
15 61 50
15 62 53
15 63 43
15 64 43
15 65 51
15 66 44
15 67 57
15 68 64
15 69 56
15 70 67
15 71 49
15 72 45
15 73 58
15 74 51
15 75 48
15 76 59
15 77 54
15 78 47
15 79 52
15 80 44
15 81 50
15 82 39
15 83 67
15 84 41
15 85 42
15 86 50
15 87 44
15 88 58
15 89 50
15 90 53
15 91 43
15 92 51
15 93 53
15 94 42
15 95 52
15 96 53
15 97 50
15 98 46
15 99 62
15 100 56
15 101 44
15 102 62
15 103 48
15 104 39
15 105 50
15 106 48
15 107 59
15 108 49
15 109 53
15 110 49
15 111 47
15 112 48
15 113 53
15 114 45
15 115 53
15 116 46
15 117 45
15 118 61
15 119 47
15 120 47
15 121 45
15 122 63
15 123 54
15 124 52
15 125 66
15 126 46
15 127 49
15 128 71
15 129 45
15 130 57
15 131 48
15 132 47
15 133 42
15 134 46
15 135 47
15 136 38
15 137 47
15 138 47
15 139 47
15 140 49
15 141 48
15 142 39
15 143 48
15 144 55
15 145 45
15 146 52
15 147 55
15 148 62
15 149 54
16 0 49
16 1 55
16 2 44
16 3 45
16 4 52
16 5 37
16 6 41
16 7 42
16 8 42
16 9 51
16 10 55
16 11 50
16 12 50
16 13 49
16 14 47
16 15 47
16 16 46
16 17 40
16 18 53
16 19 55
16 20 37
16 21 47
16 22 45
16 23 49
16 24 53
16 25 41
16 26 46
16 27 53
16 28 39
16 29 50
16 30 54
16 31 53
16 32 50
16 33 41
16 34 62
16 35 55
16 36 47
16 37 52
16 38 48
16 39 44
16 40 45
16 41 53
16 42 47
16 43 59
16 44 65
16 45 43
16 46 53
16 47 43
16 48 60
16 49 53
16 50 61
16 51 55
16 52 42
16 53 52
16 54 49
16 55 57
16 56 55
16 57 38
16 58 61
16 59 63
16 60 48
16 61 42
16 62 43
16 63 57
16 64 55
16 65 48
16 66 48
16 67 61
16 68 49
16 69 45
16 70 45
16 71 52
16 72 56
16 73 52
16 74 52
16 75 61
16 76 51
16 77 54
16 78 52
16 79 49
16 80 54
16 81 37
16 82 45
16 83 56
16 84 49
16 85 56
16 86 49
16 87 58
16 88 46
16 89 51
16 90 51
16 91 53
16 92 46
16 93 58
16 94 60
16 95 66
16 96 55
16 97 44
16 98 49
16 99 55
16 100 50
16 101 32
16 102 53
16 103 47
16 104 49
16 105 37
16 106 50
16 107 44
16 108 51
16 109 46
16 110 62
16 111 44
16 112 53
16 113 51
16 114 45
16 115 35
16 116 46
16 117 39
16 118 41
16 119 50
16 120 55
16 121 48
16 122 53
16 123 52
16 124 55
16 125 59
16 126 55
16 127 55
16 128 40
16 129 51
16 130 51
16 131 53
16 132 41
16 133 39
16 134 40
16 135 47
16 136 42
16 137 38
16 138 54
16 139 47
16 140 57
16 141 48
16 142 59
16 143 42
16 144 46
16 145 56
16 146 39
16 147 46
16 148 56
16 149 54
17 0 46
17 1 45
17 2 42
17 3 46
17 4 44
17 5 36
17 6 40
17 7 50
17 8 49
17 9 37
17 10 35
17 11 46
17 12 39
17 13 50
17 14 46
17 15 44
17 16 43
17 17 53
17 18 39
17 19 48
17 20 47
17 21 57
17 22 51
17 23 42
17 24 45
17 25 59
17 26 52
17 27 40
17 28 47
17 29 53
17 30 41
17 31 52
17 32 37
17 33 46
17 34 56
17 35 49
17 36 59
17 37 49
17 38 54
17 39 48
17 40 35
17 41 41
17 42 61
17 43 46
17 44 40
17 45 47
17 46 57
17 47 49
17 48 40
17 49 52
17 50 49
17 51 45
17 52 47
17 53 52
17 54 54
17 55 50
17 56 63
17 57 39
17 58 49
17 59 47
17 60 38
17 61 52
17 62 59
17 63 55
17 64 46
17 65 41
17 66 47
17 67 42
17 68 50
17 69 51
17 70 58
17 71 52
17 72 55
17 73 48
17 74 41
17 75 53
17 76 41
17 77 46
17 78 46
17 79 49
17 80 53
17 81 53
17 82 55
17 83 53
17 84 58
17 85 51
17 86 52
17 87 47
17 88 39
17 89 44
17 90 42
17 91 47
17 92 40
17 93 55
17 94 47
17 95 58
17 96 56
17 97 43
17 98 47
17 99 53
17 100 44
17 101 47
17 102 62
17 103 48
17 104 58
17 105 48
17 106 48
17 107 43
17 108 53
17 109 43
17 110 39
17 111 50
17 112 47
17 113 51
17 114 50
17 115 54
17 116 60
17 117 39
17 118 52
17 119 45
17 120 56
17 121 47
17 122 44
17 123 45
17 124 39
17 125 49
17 126 39
17 127 47
17 128 45
17 129 51
17 130 50
17 131 41
17 132 42
17 133 43
17 134 42
17 135 49
17 136 41
17 137 48
17 138 42
17 139 55
17 140 41
17 141 40
17 142 44
17 143 52
17 144 47
17 145 46
17 146 40
17 147 35
17 148 47
17 149 44
18 0 51
18 1 44
18 2 50
18 3 42
18 4 50
18 5 43
18 6 55
18 7 51
18 8 43
18 9 39
18 10 48
18 11 50
18 12 42
18 13 51
18 14 43
18 15 48
18 16 50
18 17 54
18 18 48
18 19 48
18 20 43
18 21 53
18 22 53
18 23 40
18 24 45
18 25 62
18 26 47
18 27 45
18 28 46
18 29 46
18 30 50
18 31 55
18 32 55
18 33 44
18 34 59
18 35 54
18 36 49
18 37 49
18 38 56
18 39 57
18 40 48
18 41 55
18 42 42
18 43 60
18 44 51
18 45 53
18 46 41
18 47 51
18 48 33
18 49 55
18 50 52
18 51 53
18 52 57
18 53 60
18 54 49
18 55 36
18 56 42
18 57 46
18 58 41
18 59 37
18 60 44
18 61 60
18 62 55
18 63 49
18 64 73
18 65 56
18 66 57
18 67 54
18 68 58
18 69 51
18 70 50
18 71 44
18 72 48
18 73 43
18 74 55
18 75 43
18 76 52
18 77 49
18 78 47
18 79 59
18 80 49
18 81 67
18 82 57
18 83 44
18 84 44
18 85 56
18 86 44
18 87 52
18 88 48
18 89 56
18 90 53
18 91 49
18 92 44
18 93 49
18 94 46
18 95 49
18 96 36
18 97 43
18 98 45
18 99 57
18 100 58
18 101 52
18 102 57
18 103 43
18 104 51
18 105 53
18 106 33
18 107 45
18 108 51
18 109 51
18 110 62
18 111 64
18 112 55
18 113 54
18 114 45
18 115 41
18 116 50
18 117 45
18 118 56
18 119 52
18 120 52
18 121 45
18 122 58
18 123 40
18 124 42
18 125 52
18 126 50
18 127 47
18 128 52
18 129 43
18 130 44
18 131 43
18 132 40
18 133 51
18 134 37
18 135 44
18 136 42
18 137 44
18 138 54
18 139 51
18 140 49
18 141 50
18 142 48
18 143 48
18 144 49
18 145 44
18 146 45
18 147 42
18 148 51
18 149 65
19 0 41
19 1 40
19 2 50
19 3 46
19 4 49
19 5 34
19 6 43
19 7 41
19 8 49
19 9 40
19 10 45
19 11 50
19 12 47
19 13 56
19 14 46
19 15 47
19 16 56
19 17 48
19 18 44
19 19 52
19 20 40
19 21 46
19 22 44
19 23 57
19 24 56
19 25 34
19 26 47
19 27 61
19 28 35
19 29 63
19 30 51
19 31 38
19 32 69
19 33 43
19 34 56
19 35 50
19 36 55
19 37 52
19 38 46
19 39 44
19 40 47
19 41 45
19 42 60
19 43 44
19 44 52
19 45 46
19 46 52
19 47 34
19 48 52
19 49 48
19 50 59
19 51 55
19 52 41
19 53 40
19 54 49
19 55 47
19 56 40
19 57 49
19 58 63
19 59 48
19 60 47
19 61 56
19 62 53
19 63 50
19 64 45
19 65 44
19 66 39
19 67 54
19 68 40
19 69 54
19 70 45
19 71 45
19 72 51
19 73 54
19 74 40
19 75 43
19 76 48
19 77 48
19 78 54
19 79 49
19 80 45
19 81 54
19 82 48
19 83 48
19 84 51
19 85 56
19 86 48
19 87 47
19 88 63
19 89 49
19 90 43
19 91 48
19 92 57
19 93 43
19 94 43
19 95 43
19 96 68
19 97 49
19 98 51
19 99 46
19 100 40
19 101 51
19 102 41
19 103 37
19 104 44
19 105 48
19 106 65
19 107 45
19 108 41
19 109 48
19 110 57
19 111 54
19 112 49
19 113 38
19 114 42
19 115 35
19 116 43
19 117 48
19 118 46
19 119 56
19 120 55
19 121 51
19 122 41
19 123 52
19 124 47
19 125 51
19 126 55
19 127 50
19 128 54
19 129 56
19 130 51
19 131 49
19 132 54
19 133 47
19 134 53
19 135 50
19 136 50
19 137 55
19 138 57
19 139 46
19 140 44
19 141 47
19 142 44
19 143 36
19 144 37
19 145 51
19 146 43
19 147 55
19 148 48
19 149 37
20 0 44
20 1 54
20 2 48
20 3 44
20 4 36
20 5 56
20 6 46
20 7 48
20 8 46
20 9 40
20 10 38
20 11 39
20 12 42
20 13 63
20 14 59
20 15 37
20 16 47
20 17 48
20 18 61
20 19 51
20 20 52
20 21 49
20 22 44
20 23 34
20 24 61
20 25 49
20 26 50
20 27 51
20 28 46
20 29 49
20 30 48
20 31 49
20 32 47
20 33 57
20 34 51
20 35 54
20 36 48
20 37 63
20 38 48
20 39 50
20 40 52
20 41 39
20 42 56
20 43 50
20 44 52
20 45 46
20 46 53
20 47 47
20 48 48
20 49 65
20 50 62
20 51 50
20 52 46
20 53 58
20 54 47
20 55 55
20 56 50
20 57 59
20 58 49
20 59 38
20 60 56
20 61 43
20 62 44
20 63 60
20 64 37
20 65 58
20 66 48
20 67 47
20 68 59
20 69 53
20 70 37
20 71 46
20 72 42
20 73 41
20 74 31
20 75 59
20 76 53
20 77 60
20 78 45
20 79 48
20 80 44
20 81 49
20 82 41
20 83 34
20 84 46
20 85 53
20 86 48
20 87 45
20 88 44
20 89 43
20 90 34
20 91 37
20 92 52
20 93 35
20 94 39
20 95 50
20 96 46
20 97 60
20 98 57
20 99 43
20 100 44
20 101 51
20 102 48
20 103 42
20 104 45
20 105 54
20 106 39
20 107 59
20 108 48
20 109 50
20 110 57
20 111 47
20 112 56
20 113 55
20 114 42
20 115 56
20 116 50
20 117 45
20 118 60
20 119 31
20 120 69
20 121 59
20 122 59
20 123 45
20 124 54
20 125 34
20 126 47
20 127 44
20 128 48
20 129 44
20 130 43
20 131 51
20 132 65
20 133 44
20 134 56
20 135 53
20 136 58
20 137 46
20 138 25
20 139 33
20 140 44
20 141 48
20 142 44
20 143 39
20 144 38
20 145 42
20 146 49
20 147 38
20 148 51
20 149 41
21 0 43
21 1 45
21 2 42
21 3 49
21 4 51
21 5 36
21 6 38
21 7 49
21 8 53
21 9 56
21 10 43
21 11 50
21 12 49
21 13 59
21 14 59
21 15 45
21 16 51
21 17 47
21 18 50
21 19 43
21 20 51
21 21 57
21 22 51
21 23 44
21 24 45
21 25 49
21 26 49
21 27 49
21 28 45
21 29 51
21 30 52
21 31 46
21 32 52
21 33 49
21 34 54
21 35 49
21 36 47
21 37 46
21 38 60
21 39 55
21 40 43
21 41 50
21 42 55
21 43 56
21 44 54
21 45 58
21 46 49
21 47 39
21 48 53
21 49 55
21 50 46
21 51 57
21 52 30
21 53 54
21 54 56
21 55 52
21 56 38
21 57 46
21 58 54
21 59 57
21 60 45
21 61 42
21 62 51
21 63 42
21 64 45
21 65 57
21 66 58
21 67 50
21 68 37
21 69 56
21 70 51
21 71 43
21 72 47
21 73 49
21 74 55
21 75 56
21 76 47
21 77 44
21 78 47
21 79 52
21 80 54
21 81 55
21 82 47
21 83 59
21 84 46
21 85 56
21 86 40
21 87 53
21 88 54
21 89 61
21 90 38
21 91 39
21 92 42
21 93 34
21 94 58
21 95 39
21 96 44
21 97 42
21 98 44
21 99 39
21 100 63
21 101 51
21 102 48
21 103 53
21 104 50
21 105 53
21 106 44
21 107 47
21 108 58
21 109 41
21 110 58
21 111 51
21 112 48
21 113 48
21 114 49
21 115 56
21 116 37
21 117 54
21 118 51
21 119 60
21 120 51
21 121 50
21 122 39
21 123 47
21 124 38
21 125 40
21 126 33
21 127 46
21 128 46
21 129 36
21 130 50
21 131 44
21 132 35
21 133 42
21 134 65
21 135 48
21 136 49
21 137 50
21 138 38
21 139 53
21 140 48
21 141 41
21 142 42
21 143 46
21 144 51
21 145 52
21 146 46
21 147 52
21 148 57
21 149 40
22 0 45
22 1 30
22 2 49
22 3 46
22 4 44
22 5 36
22 6 36
22 7 35
22 8 46
22 9 55
22 10 66
22 11 47
22 12 53
22 13 39
22 14 48
22 15 46
22 16 47
22 17 61
22 18 44
22 19 62
22 20 36
22 21 41
22 22 53
22 23 49
22 24 41
22 25 34
22 26 52
22 27 53
22 28 46
22 29 39
22 30 41
22 31 48
22 32 55
22 33 57
22 34 51
22 35 45
22 36 59
22 37 54
22 38 54
22 39 48
22 40 50
22 41 45
22 42 42
22 43 50
22 44 54
22 45 58
22 46 48
22 47 38
22 48 59
22 49 49
22 50 44
22 51 39
22 52 51
22 53 54
22 54 53
22 55 42
22 56 55
22 57 54
22 58 41
22 59 42
22 60 47
22 61 48
22 62 34
22 63 53
22 64 54
22 65 52
22 66 59
22 67 55
22 68 39
22 69 42
22 70 52
22 71 58
22 72 53
22 73 58
22 74 57
22 75 44
22 76 57
22 77 66
22 78 44
22 79 61
22 80 53
22 81 48
22 82 45
22 83 34
22 84 52
22 85 42
22 86 44
22 87 48
22 88 53
22 89 51
22 90 53
22 91 48
22 92 36
22 93 59
22 94 52
22 95 48
22 96 48
22 97 44
22 98 55
22 99 50
22 100 53
22 101 44
22 102 43
22 103 59
22 104 49
22 105 46
22 106 51
22 107 49
22 108 35
22 109 60
22 110 37
22 111 48
22 112 53
22 113 47
22 114 49
22 115 43
22 116 60
22 117 47
22 118 47
22 119 39
22 120 64
22 121 39
22 122 49
22 123 37
22 124 42
22 125 52
22 126 40
22 127 44
22 128 45
22 129 52
22 130 41
22 131 45
22 132 52
22 133 46
22 134 49
22 135 50
22 136 51
22 137 53
22 138 44
22 139 47
22 140 45
22 141 46
22 142 47
22 143 47
22 144 49
22 145 48
22 146 71
22 147 49
22 148 33
22 149 53
23 0 51
23 1 36
23 2 58
23 3 40
23 4 53
23 5 49
23 6 40
23 7 47
23 8 58
23 9 61
23 10 61
23 11 61
23 12 46
23 13 41
23 14 40
23 15 45
23 16 59
23 17 48
23 18 46
23 19 47
23 20 42
23 21 42
23 22 50
23 23 43
23 24 56
23 25 43
23 26 47
23 27 45
23 28 48
23 29 36
23 30 53
23 31 48
23 32 46
23 33 50
23 34 46
23 35 66
23 36 38
23 37 57
23 38 62
23 39 49
23 40 46
23 41 38
23 42 42
23 43 60
23 44 60
23 45 51
23 46 45
23 47 54
23 48 55
23 49 46
23 50 67
23 51 49
23 52 40
23 53 42
23 54 38
23 55 45
23 56 52
23 57 54
23 58 58
23 59 49
23 60 56
23 61 52
23 62 53
23 63 54
23 64 47
23 65 55
23 66 61
23 67 54
23 68 52
23 69 53
23 70 54
23 71 44
23 72 51
23 73 51
23 74 51
23 75 50
23 76 45
23 77 50
23 78 47
23 79 39
23 80 37
23 81 36
23 82 54
23 83 38
23 84 40
23 85 60
23 86 52
23 87 41
23 88 48
23 89 54
23 90 47
23 91 47
23 92 45
23 93 61
23 94 51
23 95 52
23 96 46
23 97 40
23 98 51
23 99 67
23 100 41
23 101 39
23 102 51
23 103 42
23 104 52
23 105 39
23 106 49
23 107 57
23 108 64
23 109 47
23 110 44
23 111 49
23 112 48
23 113 65
23 114 32
23 115 49
23 116 52
23 117 60
23 118 51
23 119 42
23 120 48
23 121 48
23 122 57
23 123 50
23 124 55
23 125 51
23 126 51
23 127 52
23 128 50
23 129 48
23 130 46
23 131 31
23 132 55
23 133 57
23 134 45
23 135 39
23 136 38
23 137 48
23 138 46
23 139 63
23 140 49
23 141 42
23 142 42
23 143 43
23 144 54
23 145 40
23 146 46
23 147 41
23 148 42
23 149 51
24 0 51
24 1 52
24 2 56
24 3 50
24 4 51
24 5 45
24 6 44
24 7 42
24 8 47
24 9 43
24 10 51
24 11 49
24 12 48
24 13 48
24 14 48
24 15 57
24 16 41
24 17 50
24 18 41
24 19 57
24 20 45
24 21 41
24 22 53
24 23 60
24 24 44
24 25 42
24 26 48
24 27 44
24 28 56
24 29 53
24 30 49
24 31 61
24 32 50
24 33 54
24 34 48
24 35 55
24 36 60
24 37 48
24 38 57
24 39 54
24 40 40
24 41 56
24 42 54
24 43 49
24 44 44
24 45 43
24 46 61
24 47 55
24 48 53
24 49 48
24 50 48
24 51 47
24 52 43
24 53 51
24 54 51
24 55 46
24 56 48
24 57 41
24 58 56
24 59 44
24 60 53
24 61 50
24 62 48
24 63 53
24 64 48
24 65 64
24 66 42
24 67 49
24 68 47
24 69 48
24 70 56
24 71 45
24 72 62
24 73 54
24 74 44
24 75 44
24 76 47
24 77 51
24 78 52
24 79 62
24 80 64
24 81 55
24 82 64
24 83 41
24 84 48
24 85 56
24 86 39
24 87 45
24 88 39
24 89 52
24 90 43
24 91 47
24 92 40
24 93 45
24 94 66
24 95 50
24 96 42
24 97 46
24 98 36
24 99 58
24 100 58
24 101 61
24 102 42
24 103 50
24 104 44
24 105 59
24 106 48
24 107 49
24 108 50
24 109 48
24 110 41
24 111 50
24 112 41
24 113 44
24 114 58
24 115 64
24 116 41
24 117 49
24 118 44
24 119 51
24 120 47
24 121 49
24 122 47
24 123 57
24 124 49
24 125 52
24 126 50
24 127 41
24 128 39
24 129 46
24 130 45
24 131 47
24 132 44
24 133 53
24 134 42
24 135 45
24 136 46
24 137 55
24 138 44
24 139 40
24 140 54
24 141 41
24 142 51
24 143 48
24 144 50
24 145 52
24 146 53
24 147 57
24 148 40
24 149 48
25 0 48
25 1 57
25 2 56
25 3 47
25 4 46
25 5 40
25 6 39
25 7 47
25 8 55
25 9 49
25 10 59
25 11 45
25 12 60
25 13 42
25 14 42
25 15 52
25 16 50
25 17 42
25 18 58
25 19 41
25 20 50
25 21 52
25 22 51
25 23 37
25 24 56
25 25 44
25 26 46
25 27 49
25 28 49
25 29 44
25 30 38
25 31 49
25 32 64
25 33 69
25 34 44
25 35 43
25 36 53
25 37 54
25 38 50
25 39 41
25 40 47
25 41 55
25 42 44
25 43 55
25 44 57
25 45 51
25 46 51
25 47 36
25 48 63
25 49 55
25 50 56
25 51 43
25 52 52
25 53 64
25 54 51
25 55 47
25 56 53
25 57 45
25 58 43
25 59 56
25 60 46
25 61 47
25 62 42
25 63 57
25 64 49
25 65 49
25 66 51
25 67 58
25 68 38
25 69 56
25 70 39
25 71 41
25 72 42
25 73 54
25 74 52
25 75 62
25 76 60
25 77 45
25 78 55
25 79 49
25 80 52
25 81 43
25 82 56
25 83 35
25 84 54
25 85 46
25 86 44
25 87 41
25 88 49
25 89 32
25 90 51
25 91 39
25 92 55
25 93 31
25 94 49
25 95 47
25 96 32
25 97 52
25 98 56
25 99 45
25 100 42
25 101 54
25 102 52
25 103 48
25 104 46
25 105 44
25 106 58
25 107 42
25 108 38
25 109 53
25 110 51
25 111 54
25 112 65
25 113 44
25 114 47
25 115 62
25 116 63
25 117 52
25 118 53
25 119 56
25 120 42
25 121 39
25 122 39
25 123 42
25 124 48
25 125 49
25 126 45
25 127 41
25 128 32
25 129 50
25 130 51
25 131 53
25 132 50
25 133 50
25 134 44
25 135 49
25 136 43
25 137 47
25 138 32
25 139 44
25 140 48
25 141 47
25 142 44
25 143 49
25 144 50
25 145 41
25 146 48
25 147 42
25 148 52
25 149 48
26 0 63
26 1 47
26 2 42
26 3 39
26 4 47
26 5 56
26 6 52
26 7 58
26 8 49
26 9 50
26 10 47
26 11 42
26 12 57
26 13 58
26 14 50
26 15 52
26 16 48
26 17 51
26 18 60
26 19 41
26 20 44
26 21 58
26 22 41
26 23 34
26 24 57
26 25 46
26 26 47
26 27 46
26 28 39
26 29 59
26 30 55
26 31 53
26 32 55
26 33 50
26 34 53
26 35 48
26 36 54
26 37 54
26 38 55
26 39 60
26 40 46
26 41 43
26 42 41
26 43 58
26 44 54
26 45 48
26 46 48
26 47 54
26 48 52
26 49 43
26 50 53
26 51 50
26 52 55
26 53 51
26 54 44
26 55 39
26 56 50
26 57 50
26 58 56
26 59 47
26 60 48
26 61 51
26 62 49
26 63 58
26 64 50
26 65 44
26 66 47
26 67 50
26 68 53
26 69 44
26 70 56
26 71 53
26 72 50
26 73 52
26 74 49
26 75 40
26 76 39
26 77 41
26 78 35
26 79 55
26 80 49
26 81 51
26 82 41
26 83 46
26 84 43
26 85 46
26 86 47
26 87 49
26 88 46
26 89 53
26 90 53
26 91 39
26 92 55
26 93 48
26 94 48
26 95 54
26 96 41
26 97 49
26 98 46
26 99 60
26 100 59
26 101 55
26 102 45
26 103 39
26 104 54
26 105 50
26 106 50
26 107 43
26 108 53
26 109 55
26 110 52
26 111 64
26 112 45
26 113 54
26 114 53
26 115 50
26 116 51
26 117 46
26 118 44
26 119 59
26 120 62
26 121 47
26 122 49
26 123 47
26 124 48
26 125 50
26 126 58
26 127 47
26 128 48
26 129 54
26 130 40
26 131 48
26 132 48
26 133 58
26 134 44
26 135 45
26 136 61
26 137 49
26 138 56
26 139 52
26 140 56
26 141 54
26 142 38
26 143 40
26 144 40
26 145 45
26 146 60
26 147 46
26 148 53
26 149 59
27 0 52
27 1 59
27 2 30
27 3 53
27 4 50
27 5 43
27 6 53
27 7 44
27 8 56
27 9 45
27 10 41
27 11 38
27 12 61
27 13 38
27 14 50
27 15 42
27 16 39
27 17 52
27 18 42
27 19 52
27 20 41
27 21 39
27 22 52
27 23 50
27 24 46
27 25 57
27 26 35
27 27 50
27 28 46
27 29 48
27 30 44
27 31 54
27 32 54
27 33 48
27 34 55
27 35 56
27 36 46
27 37 42
27 38 46
27 39 54
27 40 48
27 41 50
27 42 46
27 43 48
27 44 55
27 45 54
27 46 50
27 47 58
27 48 51
27 49 50
27 50 42
27 51 36
27 52 55
27 53 56
27 54 56
27 55 50
27 56 47
27 57 41
27 58 49
27 59 43
27 60 39
27 61 62
27 62 59
27 63 50
27 64 45
27 65 46
27 66 46
27 67 71
27 68 49
27 69 39
27 70 48
27 71 50
27 72 48
27 73 40
27 74 48
27 75 51
27 76 44
27 77 61
27 78 50
27 79 48
27 80 43
27 81 59
27 82 51
27 83 55
27 84 56
27 85 36
27 86 51
27 87 43
27 88 42
27 89 41
27 90 49
27 91 49
27 92 40
27 93 51
27 94 36
27 95 42
27 96 47
27 97 45
27 98 59
27 99 44
27 100 48
27 101 42
27 102 48
27 103 45
27 104 44
27 105 57
27 106 39
27 107 59
27 108 58
27 109 50
27 110 50
27 111 49
27 112 47
27 113 43
27 114 43
27 115 42
27 116 59
27 117 49
27 118 52
27 119 39
27 120 58
27 121 48
27 122 37
27 123 63
27 124 50
27 125 42
27 126 41
27 127 41
27 128 52
27 129 41
27 130 44
27 131 46
27 132 38
27 133 55
27 134 50
27 135 47
27 136 53
27 137 58
27 138 42
27 139 60
27 140 48
27 141 53
27 142 42
27 143 51
27 144 57
27 145 51
27 146 57
27 147 44
27 148 45
27 149 41
28 0 47
28 1 46
28 2 60
28 3 44
28 4 45
28 5 52
28 6 42
28 7 47
28 8 47
28 9 47
28 10 48
28 11 57
28 12 47
28 13 53
28 14 43
28 15 48
28 16 57
28 17 51
28 18 50
28 19 41
28 20 48
28 21 33
28 22 34
28 23 48
28 24 52
28 25 43
28 26 50
28 27 38
28 28 68
28 29 44
28 30 38
28 31 59
28 32 43
28 33 60
28 34 56
28 35 42
28 36 56
28 37 59
28 38 44
28 39 42
28 40 50
28 41 64
28 42 61
28 43 52
28 44 55
28 45 54
28 46 52
28 47 67
28 48 55
28 49 60
28 50 48
28 51 43
28 52 42
28 53 57
28 54 46
28 55 47
28 56 54
28 57 34
28 58 44
28 59 51
28 60 49
28 61 52
28 62 46
28 63 46
28 64 49
28 65 53
28 66 60
28 67 32
28 68 62
28 69 40
28 70 56
28 71 46
28 72 51
28 73 42
28 74 43
28 75 48
28 76 44
28 77 53
28 78 51
28 79 40
28 80 48
28 81 46
28 82 43
28 83 50
28 84 51
28 85 58
28 86 54
28 87 61
28 88 71
28 89 44
28 90 46
28 91 39
28 92 60
28 93 52
28 94 51
28 95 53
28 96 57
28 97 44
28 98 43
28 99 50
28 100 52
28 101 62
28 102 39
28 103 58
28 104 59
28 105 50
28 106 59
28 107 36
28 108 53
28 109 52
28 110 42
28 111 48
28 112 61
28 113 50
28 114 60
28 115 47
28 116 37
28 117 32
28 118 50
28 119 53
28 120 53
28 121 34
28 122 46
28 123 56
28 124 52
28 125 40
28 126 40
28 127 51
28 128 37
28 129 54
28 130 46
28 131 57
28 132 45
28 133 51
28 134 44
28 135 43
28 136 48
28 137 38
28 138 59
28 139 40
28 140 40
28 141 49
28 142 59
28 143 52
28 144 52
28 145 51
28 146 52
28 147 38
28 148 53
28 149 55
29 0 39
29 1 48
29 2 56
29 3 48
29 4 53
29 5 48
29 6 36
29 7 59
29 8 53
29 9 36
29 10 54
29 11 52
29 12 56
29 13 60
29 14 65
29 15 53
29 16 48
29 17 49
29 18 55
29 19 49
29 20 51
29 21 46
29 22 42
29 23 62
29 24 49
29 25 51
29 26 49
29 27 52
29 28 47
29 29 68
29 30 41
29 31 63
29 32 38
29 33 44
29 34 52
29 35 62
29 36 42
29 37 56
29 38 62
29 39 52
29 40 51
29 41 51
29 42 52
29 43 54
29 44 67
29 45 45
29 46 38
29 47 46
29 48 57
29 49 54
29 50 52
29 51 50
29 52 49
29 53 50
29 54 50
29 55 44
29 56 41
29 57 38
29 58 54
29 59 47
29 60 42
29 61 48
29 62 40
29 63 45
29 64 42
29 65 34
29 66 46
29 67 47
29 68 46
29 69 43
29 70 57
29 71 42
29 72 37
29 73 50
29 74 51
29 75 45
29 76 58
29 77 51
29 78 51
29 79 41
29 80 53
29 81 54
29 82 42
29 83 35
29 84 44
29 85 55
29 86 41
29 87 48
29 88 43
29 89 46
29 90 41
29 91 43
29 92 56
29 93 56
29 94 43
29 95 46
29 96 50
29 97 43
29 98 46
29 99 39
29 100 51
29 101 47
29 102 58
29 103 47
29 104 58
29 105 55
29 106 50
29 107 58
29 108 33
29 109 50
29 110 51
29 111 51
29 112 41
29 113 53
29 114 36
29 115 43
29 116 46
29 117 53
29 118 50
29 119 40
29 120 53
29 121 41
29 122 49
29 123 49
29 124 63
29 125 44
29 126 47
29 127 49
29 128 56
29 129 49
29 130 40
29 131 54
29 132 54
29 133 48
29 134 46
29 135 36
29 136 52
29 137 42
29 138 46
29 139 54
29 140 44
29 141 51
29 142 49
29 143 62
29 144 43
29 145 44
29 146 42
29 147 52
29 148 46
29 149 66
30 0 35
30 1 56
30 2 56
30 3 48
30 4 50
30 5 58
30 6 52
30 7 54
30 8 50
30 9 56
30 10 41
30 11 64
30 12 38
30 13 39
30 14 52
30 15 64
30 16 51
30 17 40
30 18 54
30 19 43
30 20 57
30 21 42
30 22 56
30 23 40
30 24 40
30 25 52
30 26 39
30 27 53
30 28 39
30 29 60
30 30 50
30 31 50
30 32 40
30 33 39
30 34 45
30 35 45
30 36 43
30 37 44
30 38 51
30 39 56
30 40 47
30 41 60
30 42 46
30 43 45
30 44 52
30 45 49
30 46 51
30 47 42
30 48 42
30 49 57
30 50 56
30 51 58
30 52 63
30 53 54
30 54 46
30 55 45
30 56 43
30 57 42
30 58 41
30 59 44
30 60 46
30 61 38
30 62 48
30 63 42
30 64 52
30 65 54
30 66 56
30 67 37
30 68 37
30 69 37
30 70 43
30 71 44
30 72 48
30 73 49
30 74 56
30 75 50
30 76 42
30 77 52
30 78 36
30 79 53
30 80 46
30 81 42
30 82 44
30 83 45
30 84 50
30 85 46
30 86 60
30 87 45
30 88 39
30 89 53
30 90 63
30 91 53
30 92 52
30 93 51
30 94 63
30 95 43
30 96 48
30 97 45
30 98 55
30 99 51
30 100 40
30 101 56
30 102 57
30 103 45
30 104 43
30 105 42
30 106 46
30 107 51
30 108 54
30 109 55
30 110 51
30 111 53
30 112 56
30 113 44
30 114 49
30 115 56
30 116 47
30 117 43
30 118 49
30 119 38
30 120 49
30 121 41
30 122 44
30 123 46
30 124 48
30 125 42
30 126 50
30 127 48
30 128 43
30 129 55
30 130 47
30 131 40
30 132 50
30 133 47
30 134 56
30 135 52
30 136 44
30 137 49
30 138 42
30 139 43
30 140 51
30 141 53
30 142 51
30 143 54
30 144 53
30 145 46
30 146 37
30 147 44
30 148 42
30 149 57
31 0 54
31 1 42
31 2 42
31 3 53
31 4 50
31 5 44
31 6 46
31 7 49
31 8 59
31 9 50
31 10 42
31 11 44
31 12 52
31 13 40
31 14 40
31 15 54
31 16 48
31 17 60
31 18 47
31 19 50
31 20 48
31 21 46
31 22 47
31 23 43
31 24 60
31 25 53
31 26 59
31 27 54
31 28 55
31 29 54
31 30 51
31 31 52
31 32 38
31 33 60
31 34 50
31 35 44
31 36 51
31 37 68
31 38 47
31 39 37
31 40 61
31 41 55
31 42 57
31 43 46
31 44 51
31 45 50
31 46 56
31 47 47
31 48 45
31 49 52
31 50 46
31 51 49
31 52 54
31 53 46
31 54 44
31 55 26
31 56 48
31 57 54
31 58 48
31 59 54
31 60 46
31 61 54
31 62 55
31 63 46
31 64 40
31 65 52
31 66 33
31 67 34
31 68 49
31 69 47
31 70 49
31 71 53
31 72 57
31 73 45
31 74 45
31 75 43
31 76 53
31 77 54
31 78 51
31 79 36
31 80 50
31 81 51
31 82 51
31 83 46
31 84 49
31 85 41
31 86 37
31 87 44
31 88 38
31 89 44
31 90 48
31 91 53
31 92 56
31 93 43
31 94 57
31 95 51
31 96 38
31 97 51
31 98 50
31 99 50
31 100 39
31 101 45
31 102 59
31 103 43
31 104 59
31 105 43
31 106 43
31 107 43
31 108 51
31 109 49
31 110 45
31 111 52
31 112 52
31 113 55
31 114 53
31 115 49
31 116 53
31 117 41
31 118 45
31 119 41
31 120 51
31 121 59
31 122 45
31 123 53
31 124 66
31 125 43
31 126 49
31 127 43
31 128 46
31 129 46
31 130 44
31 131 40
31 132 45
31 133 48
31 134 47
31 135 45
31 136 36
31 137 40
31 138 39
31 139 45
31 140 43
31 141 46
31 142 36
31 143 57
31 144 46
31 145 53
31 146 50
31 147 47
31 148 51
31 149 58
32 0 49
32 1 43
32 2 45
32 3 60
32 4 58
32 5 56
32 6 52
32 7 43
32 8 37
32 9 44
32 10 55
32 11 50
32 12 54
32 13 50
32 14 43
32 15 49
32 16 55
32 17 48
32 18 49
32 19 49
32 20 56
32 21 47
32 22 40
32 23 48
32 24 53
32 25 43
32 26 50
32 27 57
32 28 42
32 29 62
32 30 50
32 31 49
32 32 48
32 33 51
32 34 55
32 35 55
32 36 62
32 37 39
32 38 61
32 39 58
32 40 50
32 41 52
32 42 56
32 43 46
32 44 48
32 45 53
32 46 39
32 47 46
32 48 44
32 49 60
32 50 41
32 51 45
32 52 42
32 53 33
32 54 47
32 55 48
32 56 48
32 57 46
32 58 44
32 59 45
32 60 45
32 61 45
32 62 47
32 63 57
32 64 48
32 65 41
32 66 66
32 67 51
32 68 51
32 69 44
32 70 39
32 71 53
32 72 44
32 73 42
32 74 36
32 75 42
32 76 50
32 77 57
32 78 51
32 79 46
32 80 47
32 81 40
32 82 46
32 83 43
32 84 50
32 85 57
32 86 48
32 87 50
32 88 49
32 89 50
32 90 43
32 91 50
32 92 51
32 93 46
32 94 36
32 95 41
32 96 47
32 97 50
32 98 51
32 99 42
32 100 62
32 101 39
32 102 40
32 103 52
32 104 48
32 105 51
32 106 38
32 107 47
32 108 55
32 109 42
32 110 56
32 111 38
32 112 44
32 113 60
32 114 59
32 115 36
32 116 40
32 117 30
32 118 47
32 119 57
32 120 51
32 121 46
32 122 41
32 123 48
32 124 41
32 125 40
32 126 46
32 127 51
32 128 58
32 129 60
32 130 41
32 131 62
32 132 51
32 133 41
32 134 39
32 135 55
32 136 47
32 137 44
32 138 42
32 139 51
32 140 42
32 141 49
32 142 47
32 143 41
32 144 65
32 145 42
32 146 46
32 147 46
32 148 52
32 149 57
33 0 51
33 1 43
33 2 39
33 3 60
33 4 52
33 5 42
33 6 46
33 7 58
33 8 46
33 9 48
33 10 49
33 11 48
33 12 52
33 13 53
33 14 53
33 15 39
33 16 34
33 17 35
33 18 45
33 19 41
33 20 52
33 21 46
33 22 46
33 23 48
33 24 44
33 25 56
33 26 39
33 27 50
33 28 52
33 29 44
33 30 55
33 31 44
33 32 57
33 33 54
33 34 58
33 35 51
33 36 47
33 37 40
33 38 49
33 39 55
33 40 55
33 41 67
33 42 49
33 43 66
33 44 51
33 45 58
33 46 53
33 47 53
33 48 65
33 49 51
33 50 66
33 51 54
33 52 62
33 53 49
33 54 54
33 55 55
33 56 35
33 57 40
33 58 56
33 59 57
33 60 51
33 61 45
33 62 43
33 63 61
33 64 46
33 65 49
33 66 47
33 67 34
33 68 37
33 69 44
33 70 56
33 71 39
33 72 37
33 73 44
33 74 45
33 75 34
33 76 53
33 77 47
33 78 65
33 79 39
33 80 63
33 81 55
33 82 42
33 83 44
33 84 42
33 85 56
33 86 49
33 87 52
33 88 46
33 89 45
33 90 52
33 91 55
33 92 50
33 93 49
33 94 43
33 95 43
33 96 57
33 97 56
33 98 51
33 99 44
33 100 43
33 101 48
33 102 43
33 103 55
33 104 41
33 105 43
33 106 41
33 107 41
33 108 42
33 109 39
33 110 58
33 111 43
33 112 48
33 113 42
33 114 55
33 115 49
33 116 60
33 117 51
33 118 64
33 119 47
33 120 40
33 121 42
33 122 53
33 123 46
33 124 48
33 125 40
33 126 54
33 127 41
33 128 52
33 129 50
33 130 47
33 131 63
33 132 54
33 133 45
33 134 47
33 135 50
33 136 47
33 137 42
33 138 53
33 139 35
33 140 51
33 141 52
33 142 41
33 143 48
33 144 60
33 145 53
33 146 52
33 147 60
33 148 62
33 149 63
34 0 40
34 1 44
34 2 50
34 3 55
34 4 45
34 5 55
34 6 60
34 7 45
34 8 50
34 9 50
34 10 59
34 11 52
34 12 68
34 13 42
34 14 47
34 15 45
34 16 39
34 17 47
34 18 47
34 19 51
34 20 59
34 21 52
34 22 53
34 23 59
34 24 46
34 25 43
34 26 55
34 27 51
34 28 49
34 29 64
34 30 56
34 31 62
34 32 47
34 33 53
34 34 44
34 35 52
34 36 49
34 37 48
34 38 56
34 39 45
34 40 44
34 41 64
34 42 53
34 43 52
34 44 50
34 45 54
34 46 42
34 47 42
34 48 50
34 49 46
34 50 50
34 51 54
34 52 45
34 53 57
34 54 56
34 55 55
34 56 41
34 57 50
34 58 56
34 59 36
34 60 43
34 61 53
34 62 47
34 63 47
34 64 43
34 65 32
34 66 46
34 67 43
34 68 47
34 69 48
34 70 47
34 71 52
34 72 53
34 73 39
34 74 51
34 75 50
34 76 45
34 77 38
34 78 57
34 79 48
34 80 60
34 81 52
34 82 40
34 83 50
34 84 56
34 85 47
34 86 44
34 87 36
34 88 47
34 89 45
34 90 48
34 91 51
34 92 45
34 93 37
34 94 39
34 95 40
34 96 53
34 97 45
34 98 42
34 99 47
34 100 48
34 101 50
34 102 49
34 103 38
34 104 54
34 105 53
34 106 52
34 107 48
34 108 40
34 109 39
34 110 48
34 111 55
34 112 56
34 113 53
34 114 47
34 115 43
34 116 43
34 117 57
34 118 54
34 119 41
34 120 46
34 121 52
34 122 46
34 123 48
34 124 43
34 125 44
34 126 41
34 127 45
34 128 57
34 129 50
34 130 41
34 131 61
34 132 48
34 133 52
34 134 53
34 135 38
34 136 42
34 137 57
34 138 48
34 139 62
34 140 59
34 141 39
34 142 57
34 143 41
34 144 41
34 145 44
34 146 36
34 147 47
34 148 49
34 149 49
35 0 46
35 1 52
35 2 31
35 3 42
35 4 60
35 5 39
35 6 42
35 7 58
35 8 41
35 9 46
35 10 59
35 11 38
35 12 42
35 13 48
35 14 50
35 15 48
35 16 59
35 17 48
35 18 41
35 19 59
35 20 49
35 21 49
35 22 50
35 23 36
35 24 52
35 25 43
35 26 36
35 27 46
35 28 56
35 29 50
35 30 58
35 31 49
35 32 47
35 33 65
35 34 56
35 35 52
35 36 50
35 37 45
35 38 43
35 39 38
35 40 55
35 41 60
35 42 36
35 43 43
35 44 46
35 45 41
35 46 42
35 47 46
35 48 45
35 49 43
35 50 53
35 51 35
35 52 34
35 53 46
35 54 52
35 55 48
35 56 54
35 57 42
35 58 57
35 59 48
35 60 55
35 61 57
35 62 44
35 63 61
35 64 48
35 65 46
35 66 42
35 67 51
35 68 66
35 69 48
35 70 55
35 71 37
35 72 43
35 73 42
35 74 55
35 75 61
35 76 56
35 77 44
35 78 34
35 79 58
35 80 52
35 81 50
35 82 48
35 83 47
35 84 49
35 85 41
35 86 54
35 87 50
35 88 51
35 89 42
35 90 42
35 91 45
35 92 50
35 93 50
35 94 54
35 95 50
35 96 60
35 97 41
35 98 55
35 99 53
35 100 49
35 101 47
35 102 45
35 103 57
35 104 52
35 105 42
35 106 48
35 107 47
35 108 68
35 109 38
35 110 50
35 111 48
35 112 46
35 113 60
35 114 52
35 115 44
35 116 49
35 117 36
35 118 63
35 119 49
35 120 40
35 121 47
35 122 55
35 123 54
35 124 49
35 125 49
35 126 51
35 127 49
35 128 46
35 129 51
35 130 62
35 131 44
35 132 56
35 133 49
35 134 47
35 135 50
35 136 81
35 137 33
35 138 62
35 139 40
35 140 55
35 141 57
35 142 40
35 143 43
35 144 50
35 145 55
35 146 43
35 147 52
35 148 49
35 149 50
36 0 48
36 1 54
36 2 46
36 3 48
36 4 54
36 5 46
36 6 52
36 7 41
36 8 56
36 9 53
36 10 48
36 11 57
36 12 48
36 13 48
36 14 46
36 15 46
36 16 50
36 17 47
36 18 55
36 19 47
36 20 37
36 21 41
36 22 64
36 23 58
36 24 51
36 25 47
36 26 51
36 27 45
36 28 43
36 29 56
36 30 41
36 31 47
36 32 45
36 33 52
36 34 66
36 35 41
36 36 38
36 37 49
36 38 62
36 39 44
36 40 54
36 41 60
36 42 47
36 43 38
36 44 42
36 45 46
36 46 61
36 47 58
36 48 53
36 49 57
36 50 41
36 51 60
36 52 39
36 53 56
36 54 46
36 55 32
36 56 31
36 57 53
36 58 53
36 59 59
36 60 42
36 61 47
36 62 53
36 63 52
36 64 42
36 65 45
36 66 53
36 67 47
36 68 39
36 69 41
36 70 51
36 71 52
36 72 51
36 73 53
36 74 37
36 75 52
36 76 50
36 77 49
36 78 46
36 79 52
36 80 46
36 81 46
36 82 48
36 83 36
36 84 51
36 85 43
36 86 56
36 87 71
36 88 37
36 89 62
36 90 54
36 91 39
36 92 45
36 93 48
36 94 40
36 95 57
36 96 52
36 97 72
36 98 59
36 99 45
36 100 42
36 101 54
36 102 53
36 103 55
36 104 51
36 105 43
36 106 54
36 107 63
36 108 48
36 109 46
36 110 34
36 111 54
36 112 55
36 113 52
36 114 56
36 115 55
36 116 49
36 117 51
36 118 57
36 119 49
36 120 39
36 121 55
36 122 39
36 123 52
36 124 50
36 125 37
36 126 56
36 127 49
36 128 47
36 129 48
36 130 50
36 131 48
36 132 50
36 133 44
36 134 44
36 135 51
36 136 56
36 137 55
36 138 56
36 139 58
36 140 42
36 141 46
36 142 35
36 143 52
36 144 63
36 145 64
36 146 46
36 147 45
36 148 46
36 149 45
37 0 49
37 1 45
37 2 61
37 3 49
37 4 63
37 5 53
37 6 45
37 7 47
37 8 51
37 9 34
37 10 52
37 11 41
37 12 41
37 13 55
37 14 54
37 15 45
37 16 56
37 17 57
37 18 64
37 19 57
37 20 42
37 21 49
37 22 50
37 23 47
37 24 65
37 25 48
37 26 41
37 27 48
37 28 44
37 29 38
37 30 51
37 31 45
37 32 40
37 33 40
37 34 45
37 35 45
37 36 44
37 37 45
37 38 48
37 39 42
37 40 42
37 41 47
37 42 41
37 43 53
37 44 45
37 45 51
37 46 46
37 47 42
37 48 45
37 49 56
37 50 40
37 51 47
37 52 51
37 53 50
37 54 49
37 55 49
37 56 47
37 57 50
37 58 54
37 59 51
37 60 53
37 61 47
37 62 55
37 63 56
37 64 46
37 65 41
37 66 46
37 67 48
37 68 56
37 69 49
37 70 47
37 71 45
37 72 49
37 73 54
37 74 49
37 75 55
37 76 38
37 77 40
37 78 45
37 79 34
37 80 49
37 81 62
37 82 47
37 83 46
37 84 49
37 85 46
37 86 57
37 87 53
37 88 53
37 89 54
37 90 43
37 91 34
37 92 51
37 93 51
37 94 51
37 95 36
37 96 56
37 97 44
37 98 53
37 99 53
37 100 42
37 101 46
37 102 41
37 103 62
37 104 50
37 105 51
37 106 41
37 107 46
37 108 47
37 109 44
37 110 60
37 111 48
37 112 44
37 113 37
37 114 43
37 115 50
37 116 39
37 117 47
37 118 31
37 119 42
37 120 39
37 121 40
37 122 50
37 123 43
37 124 32
37 125 50
37 126 57
37 127 52
37 128 49
37 129 58
37 130 38
37 131 43
37 132 53
37 133 58
37 134 49
37 135 44
37 136 43
37 137 54
37 138 59
37 139 54
37 140 50
37 141 55
37 142 40
37 143 44
37 144 42
37 145 46
37 146 45
37 147 64
37 148 49
37 149 50
38 0 56
38 1 46
38 2 48
38 3 35
38 4 35
38 5 59
38 6 47
38 7 52
38 8 55
38 9 49
38 10 49
38 11 40
38 12 50
38 13 56
38 14 50
38 15 44
38 16 61
38 17 39
38 18 46
38 19 62
38 20 37
38 21 50
38 22 49
38 23 48
38 24 44
38 25 43
38 26 53
38 27 57
38 28 45
38 29 60
38 30 55
38 31 47
38 32 59
38 33 59
38 34 53
38 35 53
38 36 46
38 37 63
38 38 55
38 39 61
38 40 44
38 41 47
38 42 48
38 43 53
38 44 36
38 45 60
38 46 49
38 47 49
38 48 52
38 49 40
38 50 47
38 51 46
38 52 49
38 53 51
38 54 62
38 55 49
38 56 55
38 57 47
38 58 39
38 59 36
38 60 57
38 61 48
38 62 44
38 63 45
38 64 52
38 65 41
38 66 41
38 67 48
38 68 47
38 69 59
38 70 47
38 71 60
38 72 58
38 73 49
38 74 56
38 75 50
38 76 63
38 77 41
38 78 68
38 79 37
38 80 55
38 81 48
38 82 51
38 83 56
38 84 45
38 85 52
38 86 55
38 87 54
38 88 49
38 89 34
38 90 50
38 91 42
38 92 60
38 93 54
38 94 49
38 95 50
38 96 43
38 97 51
38 98 45
38 99 52
38 100 45
38 101 54
38 102 47
38 103 55
38 104 52
38 105 42
38 106 49
38 107 50
38 108 40
38 109 50
38 110 48
38 111 45
38 112 42
38 113 48
38 114 44
38 115 46
38 116 49
38 117 45
38 118 34
38 119 50
38 120 50
38 121 47
38 122 63
38 123 47
38 124 43
38 125 52
38 126 45
38 127 56
38 128 54
38 129 49
38 130 55
38 131 60
38 132 41
38 133 46
38 134 58
38 135 51
38 136 62
38 137 39
38 138 52
38 139 49
38 140 41
38 141 56
38 142 52
38 143 39
38 144 50
38 145 48
38 146 50
38 147 50
38 148 55
38 149 48
39 0 56
39 1 56
39 2 47
39 3 43
39 4 53
39 5 41
39 6 46
39 7 54
39 8 47
39 9 63
39 10 37
39 11 41
39 12 61
39 13 57
39 14 39
39 15 52
39 16 48
39 17 49
39 18 67
39 19 39
39 20 51
39 21 36
39 22 62
39 23 54
39 24 51
39 25 60
39 26 39
39 27 50
39 28 57
39 29 44
39 30 46
39 31 44
39 32 49
39 33 47
39 34 41
39 35 43
39 36 56
39 37 50
39 38 41
39 39 45
39 40 32
39 41 57
39 42 58
39 43 49
39 44 50
39 45 48
39 46 45
39 47 51
39 48 43
39 49 45
39 50 44
39 51 37
39 52 37
39 53 43
39 54 50
39 55 54
39 56 36
39 57 52
39 58 37
39 59 54
39 60 50
39 61 31
39 62 44
39 63 35
39 64 52
39 65 39
39 66 47
39 67 47
39 68 45
39 69 37
39 70 45
39 71 35
39 72 46
39 73 49
39 74 51
39 75 57
39 76 46
39 77 40
39 78 46
39 79 57
39 80 55
39 81 65
39 82 61
39 83 44
39 84 43
39 85 43
39 86 49
39 87 41
39 88 46
39 89 60
39 90 39
39 91 40
39 92 51
39 93 58
39 94 54
39 95 59
39 96 41
39 97 48
39 98 42
39 99 39
39 100 48
39 101 62
39 102 35
39 103 46
39 104 43
39 105 44
39 106 45
39 107 49
39 108 50
39 109 52
39 110 44
39 111 50
39 112 39
39 113 51
39 114 38
39 115 49
39 116 50
39 117 52
39 118 51
39 119 58
39 120 54
39 121 40
39 122 46
39 123 58
39 124 36
39 125 43
39 126 46
39 127 53
39 128 44
39 129 48
39 130 42
39 131 49
39 132 48
39 133 47
39 134 39
39 135 53
39 136 47
39 137 50
39 138 50
39 139 50
39 140 51
39 141 46
39 142 49
39 143 31
39 144 52
39 145 48
39 146 43
39 147 46
39 148 54
39 149 63
40 0 43
40 1 50
40 2 47
40 3 51
40 4 52
40 5 39
40 6 53
40 7 48
40 8 40
40 9 52
40 10 43
40 11 52
40 12 60
40 13 35
40 14 43
40 15 62
40 16 48
40 17 40
40 18 52
40 19 41
40 20 52
40 21 40
40 22 64
40 23 51
40 24 44
40 25 51
40 26 51
40 27 54
40 28 47
40 29 54
40 30 54
40 31 52
40 32 49
40 33 48
40 34 35
40 35 45
40 36 49
40 37 38
40 38 57
40 39 49
40 40 57
40 41 47
40 42 43
40 43 55
40 44 35
40 45 49
40 46 45
40 47 51
40 48 39
40 49 60
40 50 48
40 51 53
40 52 44
40 53 49
40 54 40
40 55 29
40 56 49
40 57 50
40 58 44
40 59 48
40 60 41
40 61 40
40 62 38
40 63 45
40 64 45
40 65 57
40 66 41
40 67 45
40 68 48
40 69 50
40 70 43
40 71 43
40 72 49
40 73 48
40 74 46
40 75 46
40 76 55
40 77 50
40 78 44
40 79 53
40 80 53
40 81 44
40 82 56
40 83 40
40 84 43
40 85 42
40 86 51
40 87 48
40 88 60
40 89 41
40 90 47
40 91 37
40 92 52
40 93 49
40 94 45
40 95 41
40 96 46
40 97 53
40 98 48
40 99 47
40 100 57
40 101 64
40 102 54
40 103 50
40 104 50
40 105 42
40 106 49
40 107 41
40 108 60
40 109 42
40 110 49
40 111 59
40 112 48
40 113 44
40 114 35
40 115 55
40 116 42
40 117 52
40 118 63
40 119 57
40 120 42
40 121 55
40 122 49
40 123 54
40 124 62
40 125 48
40 126 45
40 127 40
40 128 51
40 129 43
40 130 44
40 131 51
40 132 38
40 133 48
40 134 41
40 135 41
40 136 54
40 137 37
40 138 31
40 139 54
40 140 58
40 141 47
40 142 53
40 143 44
40 144 51
40 145 47
40 146 63
40 147 39
40 148 52
40 149 61
41 0 43
41 1 49
41 2 43
41 3 66
41 4 52
41 5 47
41 6 49
41 7 41
41 8 49
41 9 52
41 10 45
41 11 43
41 12 46
41 13 56
41 14 54
41 15 54
41 16 55
41 17 65
41 18 47
41 19 43
41 20 60
41 21 51
41 22 56
41 23 65
41 24 57
41 25 58
41 26 53
41 27 39
41 28 40
41 29 51
41 30 46
41 31 59
41 32 42
41 33 53
41 34 45
41 35 53
41 36 42
41 37 49
41 38 47
41 39 52
41 40 39
41 41 34
41 42 52
41 43 62
41 44 42
41 45 50
41 46 51
41 47 43
41 48 45
41 49 46
41 50 32
41 51 50
41 52 62
41 53 45
41 54 47
41 55 48
41 56 45
41 57 53
41 58 53
41 59 41
41 60 59
41 61 40
41 62 36
41 63 35
41 64 43
41 65 50
41 66 32
41 67 45
41 68 48
41 69 39
41 70 64
41 71 58
41 72 45
41 73 42
41 74 47
41 75 50
41 76 45
41 77 53
41 78 47
41 79 63
41 80 41
41 81 45
41 82 44
41 83 43
41 84 56
41 85 46
41 86 48
41 87 61
41 88 43
41 89 41
41 90 40
41 91 51
41 92 47
41 93 60
41 94 58
41 95 43
41 96 33
41 97 43
41 98 58
41 99 56
41 100 49
41 101 41
41 102 45
41 103 39
41 104 50
41 105 47
41 106 37
41 107 50
41 108 37
41 109 47
41 110 42
41 111 39
41 112 48
41 113 48
41 114 44
41 115 41
41 116 46
41 117 43
41 118 40
41 119 40
41 120 48
41 121 33
41 122 47
41 123 52
41 124 39
41 125 48
41 126 43
41 127 47
41 128 61
41 129 48
41 130 63
41 131 49
41 132 43
41 133 36
41 134 41
41 135 43
41 136 62
41 137 48
41 138 58
41 139 56
41 140 62
41 141 45
41 142 47
41 143 56
41 144 68
41 145 48
41 146 46
41 147 56
41 148 39
41 149 61
42 0 51
42 1 47
42 2 45
42 3 47
42 4 57
42 5 67
42 6 40
42 7 37
42 8 42
42 9 45
42 10 40
42 11 49
42 12 55
42 13 57
42 14 45
42 15 44
42 16 44
42 17 53
42 18 55
42 19 52
42 20 49
42 21 61
42 22 43
42 23 43
42 24 56
42 25 44
42 26 63
42 27 42
42 28 48
42 29 38
42 30 42
42 31 49
42 32 51
42 33 50
42 34 45
42 35 45
42 36 48
42 37 41
42 38 41
42 39 48
42 40 46
42 41 45
42 42 41
42 43 42
42 44 47
42 45 51
42 46 49
42 47 42
42 48 43
42 49 38
42 50 57
42 51 49
42 52 43
42 53 55
42 54 56
42 55 45
42 56 44
42 57 33
42 58 43
42 59 48
42 60 41
42 61 46
42 62 49
42 63 48
42 64 38
42 65 48
42 66 54
42 67 50
42 68 40
42 69 47
42 70 40
42 71 54
42 72 38
42 73 49
42 74 50
42 75 54
42 76 51
42 77 52
42 78 52
42 79 57
42 80 44
42 81 51
42 82 37
42 83 47
42 84 48
42 85 59
42 86 47
42 87 55
42 88 47
42 89 58
42 90 56
42 91 41
42 92 50
42 93 46
42 94 49
42 95 53
42 96 40
42 97 49
42 98 45
42 99 38
42 100 46
42 101 39
42 102 45
42 103 53
42 104 57
42 105 39
42 106 52
42 107 39
42 108 52
42 109 43
42 110 41
42 111 50
42 112 52
42 113 53
42 114 54
42 115 29
42 116 32
42 117 48
42 118 53
42 119 38
42 120 48
42 121 45
42 122 40
42 123 41
42 124 33
42 125 46
42 126 57
42 127 52
42 128 51
42 129 49
42 130 65
42 131 59
42 132 50
42 133 62
42 134 60
42 135 43
42 136 53
42 137 48
42 138 50
42 139 45
42 140 46
42 141 50
42 142 46
42 143 42
42 144 64
42 145 54
42 146 61
42 147 49
42 148 53
42 149 53
43 0 57
43 1 60
43 2 38
43 3 57
43 4 38
43 5 52
43 6 42
43 7 37
43 8 52
43 9 42
43 10 47
43 11 48
43 12 56
43 13 52
43 14 53
43 15 44
43 16 41
43 17 43
43 18 39
43 19 56
43 20 35
43 21 63
43 22 56
43 23 54
43 24 39
43 25 38
43 26 53
43 27 45
43 28 66
43 29 44
43 30 44
43 31 32
43 32 39
43 33 37
43 34 43
43 35 59
43 36 50
43 37 49
43 38 47
43 39 42
43 40 58
43 41 45
43 42 41
43 43 39
43 44 51
43 45 53
43 46 49
43 47 41
43 48 47
43 49 47
43 50 57
43 51 44
43 52 37
43 53 44
43 54 41
43 55 51
43 56 42
43 57 45
43 58 51
43 59 41
43 60 44
43 61 36
43 62 43
43 63 38
43 64 42
43 65 50
43 66 52
43 67 38
43 68 42
43 69 48
43 70 57
43 71 51
43 72 64
43 73 52
43 74 44
43 75 66
43 76 46
43 77 46
43 78 34
43 79 53
43 80 57
43 81 37
43 82 47
43 83 51
43 84 47
43 85 48
43 86 58
43 87 55
43 88 39
43 89 44
43 90 42
43 91 36
43 92 51
43 93 71
43 94 53
43 95 49
43 96 46
43 97 59
43 98 43
43 99 43
43 100 44
43 101 37
43 102 47
43 103 44
43 104 41
43 105 41
43 106 46
43 107 43
43 108 50
43 109 42
43 110 47
43 111 63
43 112 56
43 113 54
43 114 63
43 115 46
43 116 58
43 117 52
43 118 48
43 119 45
43 120 44
43 121 52
43 122 60
43 123 49
43 124 54
43 125 46
43 126 46
43 127 40
43 128 46
43 129 48
43 130 53
43 131 59
43 132 47
43 133 62
43 134 44
43 135 42
43 136 54
43 137 55
43 138 45
43 139 55
43 140 39
43 141 48
43 142 48
43 143 50
43 144 46
43 145 49
43 146 50
43 147 35
43 148 50
43 149 42
44 0 53
44 1 40
44 2 39
44 3 35
44 4 44
44 5 43
44 6 52
44 7 40
44 8 49
44 9 59
44 10 50
44 11 57
44 12 47
44 13 48
44 14 44
44 15 59
44 16 52
44 17 50
44 18 55
44 19 54
44 20 53
44 21 52
44 22 53
44 23 42
44 24 50
44 25 54
44 26 46
44 27 37
44 28 56
44 29 61
44 30 39
44 31 44
44 32 43
44 33 40
44 34 45
44 35 42
44 36 54
44 37 53
44 38 38
44 39 62
44 40 41
44 41 54
44 42 38
44 43 42
44 44 57
44 45 44
44 46 48
44 47 34
44 48 49
44 49 45
44 50 47
44 51 47
44 52 60
44 53 35
44 54 36
44 55 56
44 56 42
44 57 38
44 58 39
44 59 48
44 60 42
44 61 53
44 62 44
44 63 47
44 64 52
44 65 45
44 66 47
44 67 38
44 68 40
44 69 66
44 70 60
44 71 38
44 72 39
44 73 57
44 74 49
44 75 61
44 76 38
44 77 40
44 78 39
44 79 46
44 80 53
44 81 70
44 82 48
44 83 54
44 84 45
44 85 55
44 86 47
44 87 47
44 88 44
44 89 45
44 90 57
44 91 46
44 92 42
44 93 46
44 94 38
44 95 45
44 96 44
44 97 51
44 98 49
44 99 51
44 100 33
44 101 44
44 102 54
44 103 46
44 104 64
44 105 52
44 106 47
44 107 42
44 108 47
44 109 50
44 110 49
44 111 44
44 112 35
44 113 57
44 114 57
44 115 46
44 116 38
44 117 40
44 118 30
44 119 56
44 120 38
44 121 72
44 122 49
44 123 52
44 124 36
44 125 40
44 126 63
44 127 54
44 128 41
44 129 51
44 130 40
44 131 57
44 132 50
44 133 45
44 134 47
44 135 53
44 136 47
44 137 50
44 138 46
44 139 49
44 140 51
44 141 43
44 142 60
44 143 49
44 144 57
44 145 47
44 146 51
44 147 43
44 148 48
44 149 58
45 0 56
45 1 43
45 2 59
45 3 44
45 4 50
45 5 43
45 6 57
45 7 53
45 8 45
45 9 50
45 10 41
45 11 40
45 12 47
45 13 54
45 14 47
45 15 49
45 16 37
45 17 49
45 18 50
45 19 49
45 20 61
45 21 50
45 22 44
45 23 49
45 24 56
45 25 60
45 26 49
45 27 62
45 28 44
45 29 45
45 30 51
45 31 47
45 32 58
45 33 42
45 34 55
45 35 39
45 36 51
45 37 38
45 38 44
45 39 53
45 40 42
45 41 58
45 42 48
45 43 53
45 44 45
45 45 44
45 46 39
45 47 36
45 48 41
45 49 39
45 50 45
45 51 58
45 52 47
45 53 50
45 54 38
45 55 61
45 56 41
45 57 51
45 58 53
45 59 46
45 60 59
45 61 56
45 62 42
45 63 44
45 64 57
45 65 42
45 66 53
45 67 49
45 68 51
45 69 45
45 70 45
45 71 49
45 72 48
45 73 51
45 74 48
45 75 66
45 76 44
45 77 50
45 78 45
45 79 73
45 80 49
45 81 53
45 82 49
45 83 51
45 84 44
45 85 40
45 86 53
45 87 55
45 88 66
45 89 39
45 90 39
45 91 51
45 92 38
45 93 49
45 94 67
45 95 37
45 96 41
45 97 49
45 98 52
45 99 51
45 100 55
45 101 47
45 102 50
45 103 49
45 104 50
45 105 57
45 106 47
45 107 56
45 108 47
45 109 56
45 110 47
45 111 49
45 112 55
45 113 49
45 114 53
45 115 55
45 116 48
45 117 47
45 118 39
45 119 50
45 120 49
45 121 42
45 122 50
45 123 50
45 124 52
45 125 42
45 126 61
45 127 52
45 128 47
45 129 39
45 130 50
45 131 53
45 132 44
45 133 48
45 134 43
45 135 49
45 136 39
45 137 53
45 138 56
45 139 54
45 140 52
45 141 39
45 142 54
45 143 64
45 144 52
45 145 46
45 146 45
45 147 49
45 148 41
45 149 69
46 0 59
46 1 49
46 2 46
46 3 38
46 4 43
46 5 38
46 6 52
46 7 44
46 8 48
46 9 51
46 10 43
46 11 49
46 12 49
46 13 46
46 14 50
46 15 41
46 16 54
46 17 50
46 18 37
46 19 41
46 20 53
46 21 55
46 22 57
46 23 60
46 24 52
46 25 58
46 26 48
46 27 40
46 28 49
46 29 49
46 30 52
46 31 42
46 32 67
46 33 44
46 34 42
46 35 47
46 36 39
46 37 47
46 38 40
46 39 63
46 40 49
46 41 52
46 42 39
46 43 41
46 44 56
46 45 47
46 46 48
46 47 50
46 48 35
46 49 44
46 50 53
46 51 27
46 52 39
46 53 36
46 54 54
46 55 47
46 56 38
46 57 41
46 58 43
46 59 50
46 60 47
46 61 41
46 62 50
46 63 53
46 64 46
46 65 61
46 66 60
46 67 42
46 68 43
46 69 49
46 70 65
46 71 56
46 72 43
46 73 38
46 74 46
46 75 49
46 76 59
46 77 48
46 78 60
46 79 46
46 80 42
46 81 59
46 82 49
46 83 46
46 84 47
46 85 57
46 86 42
46 87 46
46 88 41
46 89 53
46 90 41
46 91 46
46 92 44
46 93 56
46 94 47
46 95 50
46 96 44
46 97 47
46 98 51
46 99 38
46 100 37
46 101 55
46 102 53
46 103 55
46 104 47
46 105 45
46 106 47
46 107 58
46 108 49
46 109 47
46 110 47
46 111 48
46 112 35
46 113 40
46 114 38
46 115 56
46 116 48
46 117 38
46 118 56
46 119 42
46 120 45
46 121 54
46 122 52
46 123 56
46 124 46
46 125 47
46 126 40
46 127 52
46 128 51
46 129 55
46 130 49
46 131 47
46 132 55
46 133 49
46 134 53
46 135 51
46 136 46
46 137 47
46 138 48
46 139 47
46 140 60
46 141 57
46 142 59
46 143 74
46 144 42
46 145 59
46 146 50
46 147 47
46 148 54
46 149 46
47 0 42
47 1 49
47 2 44
47 3 58
47 4 55
47 5 45
47 6 45
47 7 40
47 8 59
47 9 55
47 10 50
47 11 61
47 12 47
47 13 60
47 14 54
47 15 42
47 16 55
47 17 48
47 18 54
47 19 37
47 20 53
47 21 51
47 22 39
47 23 50
47 24 51
47 25 47
47 26 54
47 27 53
47 28 41
47 29 43
47 30 44
47 31 62
47 32 44
47 33 37
47 34 40
47 35 45
47 36 47
47 37 46
47 38 41
47 39 43
47 40 41
47 41 37
47 42 37
47 43 49
47 44 57
47 45 45
47 46 47
47 47 58
47 48 41
47 49 39
47 50 40
47 51 35
47 52 51
47 53 51
47 54 42
47 55 47
47 56 53
47 57 60
47 58 51
47 59 42
47 60 35
47 61 39
47 62 38
47 63 41
47 64 43
47 65 41
47 66 34
47 67 52
47 68 49
47 69 44
47 70 68
47 71 40
47 72 57
47 73 41
47 74 53
47 75 53
47 76 46
47 77 53
47 78 52
47 79 38
47 80 43
47 81 60
47 82 52
47 83 44
47 84 53
47 85 47
47 86 52
47 87 49
47 88 42
47 89 52
47 90 46
47 91 41
47 92 44
47 93 52
47 94 42
47 95 48
47 96 51
47 97 44
47 98 53
47 99 54
47 100 45
47 101 58
47 102 43
47 103 45
47 104 44
47 105 42
47 106 40
47 107 54
47 108 47
47 109 59
47 110 45
47 111 53
47 112 44
47 113 45
47 114 53
47 115 52
47 116 49
47 117 49
47 118 44
47 119 49
47 120 60
47 121 40
47 122 44
47 123 47
47 124 50
47 125 64
47 126 62
47 127 51
47 128 42
47 129 39
47 130 54
47 131 43
47 132 40
47 133 50
47 134 46
47 135 64
47 136 41
47 137 52
47 138 58
47 139 51
47 140 50
47 141 52
47 142 40
47 143 47
47 144 45
47 145 56
47 146 51
47 147 58
47 148 50
47 149 54
48 0 40
48 1 40
48 2 51
48 3 44
48 4 45
48 5 68
48 6 49
48 7 64
48 8 59
48 9 50
48 10 56
48 11 46
48 12 45
48 13 52
48 14 38
48 15 50
48 16 45
48 17 38
48 18 44
48 19 59
48 20 53
48 21 63
48 22 49
48 23 52
48 24 60
48 25 50
48 26 51
48 27 47
48 28 30
48 29 46
48 30 60
48 31 55
48 32 37
48 33 49
48 34 44
48 35 31
48 36 40
48 37 51
48 38 51
48 39 42
48 40 41
48 41 42
48 42 46
48 43 35
48 44 47
48 45 48
48 46 48
48 47 36
48 48 55
48 49 47
48 50 45
48 51 56
48 52 48
48 53 53
48 54 44
48 55 49
48 56 41
48 57 48
48 58 57
48 59 55
48 60 46
48 61 44
48 62 57
48 63 45
48 64 32
48 65 49
48 66 58
48 67 64
48 68 49
48 69 40
48 70 34
48 71 53
48 72 45
48 73 45
48 74 42
48 75 41
48 76 47
48 77 40
48 78 47
48 79 48
48 80 40
48 81 46
48 82 44
48 83 45
48 84 48
48 85 59
48 86 49
48 87 43
48 88 49
48 89 49
48 90 50
48 91 51
48 92 52
48 93 51
48 94 56
48 95 45
48 96 38
48 97 44
48 98 61
48 99 46
48 100 48
48 101 58
48 102 47
48 103 47
48 104 59
48 105 60
48 106 54
48 107 50
48 108 43
48 109 49
48 110 52
48 111 50
48 112 46
48 113 43
48 114 54
48 115 47
48 116 70
48 117 54
48 118 58
48 119 44
48 120 45
48 121 40
48 122 54
48 123 70
48 124 45
48 125 50
48 126 46
48 127 52
48 128 49
48 129 47
48 130 44
48 131 30
48 132 43
48 133 58
48 134 46
48 135 48
48 136 46
48 137 57
48 138 58
48 139 46
48 140 49
48 141 45
48 142 48
48 143 37
48 144 49
48 145 39
48 146 48
48 147 40
48 148 58
48 149 41
49 0 46
49 1 59
49 2 43
49 3 47
49 4 51
49 5 41
49 6 45
49 7 40
49 8 43
49 9 42
49 10 40
49 11 44
49 12 44
49 13 43
49 14 41
49 15 59
49 16 41
49 17 41
49 18 55
49 19 46
49 20 56
49 21 46
49 22 52
49 23 56
49 24 49
49 25 55
49 26 52
49 27 55
49 28 51
49 29 52
49 30 50
49 31 50
49 32 45
49 33 47
49 34 50
49 35 42
49 36 45
49 37 47
49 38 36
49 39 48
49 40 48
49 41 38
49 42 47
49 43 40
49 44 51
49 45 42
49 46 41
49 47 63
49 48 50
49 49 50
49 50 44
49 51 52
49 52 51
49 53 52
49 54 58
49 55 53
49 56 48
49 57 44
49 58 50
49 59 45
49 60 42
49 61 54
49 62 44
49 63 45
49 64 43
49 65 37
49 66 58
49 67 41
49 68 37
49 69 46
49 70 45
49 71 36
49 72 50
49 73 52
49 74 49
49 75 49
49 76 48
49 77 41
49 78 45
49 79 44
49 80 54
49 81 43
49 82 53
49 83 44
49 84 37
49 85 47
49 86 53
49 87 42
49 88 54
49 89 47
49 90 51
49 91 45
49 92 54
49 93 49
49 94 46
49 95 56
49 96 38
49 97 46
49 98 58
49 99 47
49 100 57
49 101 37
49 102 42
49 103 56
49 104 42
49 105 36
49 106 56
49 107 46
49 108 38
49 109 51
49 110 60
49 111 53
49 112 46
49 113 37
49 114 56
49 115 51
49 116 42
49 117 48
49 118 54
49 119 49
49 120 46
49 121 50
49 122 57
49 123 42
49 124 44
49 125 53
49 126 59
49 127 45
49 128 53
49 129 49
49 130 57
49 131 51
49 132 60
49 133 46
49 134 53
49 135 47
49 136 41
49 137 47
49 138 46
49 139 42
49 140 49
49 141 39
49 142 51
49 143 37
49 144 62
49 145 52
49 146 32
49 147 44
49 148 46
49 149 49
50 0 45
50 1 41
50 2 43
50 3 41
50 4 52
50 5 50
50 6 44
50 7 39
50 8 51
50 9 50
50 10 44
50 11 50
50 12 55
50 13 53
50 14 55
50 15 42
50 16 55
50 17 56
50 18 40
50 19 46
50 20 43
50 21 47
50 22 52
50 23 60
50 24 39
50 25 46
50 26 49
50 27 49
50 28 41
50 29 56
50 30 51
50 31 48
50 32 53
50 33 50
50 34 52
50 35 49
50 36 40
50 37 54
50 38 50
50 39 53
50 40 53
50 41 48
50 42 40
50 43 47
50 44 48
50 45 47
50 46 42
50 47 45
50 48 59
50 49 56
50 50 42
50 51 63
50 52 54
50 53 46
50 54 48
50 55 42
50 56 50
50 57 53
50 58 41
50 59 38
50 60 47
50 61 47
50 62 53
50 63 48
50 64 68
50 65 44
50 66 37
50 67 49
50 68 46
50 69 35
50 70 61
50 71 50
50 72 58
50 73 48
50 74 50
50 75 50
50 76 63
50 77 45
50 78 42
50 79 59
50 80 38
50 81 44
50 82 51
50 83 52
50 84 52
50 85 45
50 86 54
50 87 51
50 88 55
50 89 53
50 90 59
50 91 48
50 92 40
50 93 56
50 94 45
50 95 53
50 96 44
50 97 37
50 98 50
50 99 50
50 100 44
50 101 59
50 102 44
50 103 57
50 104 51
50 105 45
50 106 53
50 107 47
50 108 56
50 109 40
50 110 47
50 111 42
50 112 59
50 113 43
50 114 50
50 115 48
50 116 55
50 117 48
50 118 40
50 119 53
50 120 42
50 121 51
50 122 51
50 123 50
50 124 48
50 125 46
50 126 52
50 127 40
50 128 48
50 129 41
50 130 46
50 131 54
50 132 52
50 133 43
50 134 58
50 135 51
50 136 49
50 137 46
50 138 49
50 139 53
50 140 50
50 141 47
50 142 47
50 143 44
50 144 48
50 145 37
50 146 52
50 147 46
50 148 50
50 149 38
51 0 49
51 1 57
51 2 47
51 3 45
51 4 33
51 5 44
51 6 43
51 7 50
51 8 45
51 9 48
51 10 60
51 11 54
51 12 46
51 13 52
51 14 47
51 15 36
51 16 44
51 17 56
51 18 46
51 19 45
51 20 47
51 21 45
51 22 50
51 23 50
51 24 37
51 25 46
51 26 49
51 27 59
51 28 49
51 29 53
51 30 51
51 31 44
51 32 55
51 33 51
51 34 56
51 35 44
51 36 38
51 37 45
51 38 61
51 39 47
51 40 53
51 41 50
51 42 65
51 43 40
51 44 50
51 45 49
51 46 51
51 47 41
51 48 41
51 49 46
51 50 34
51 51 54
51 52 45
51 53 42
51 54 44
51 55 41
51 56 36
51 57 49
51 58 48
51 59 54
51 60 48
51 61 41
51 62 54
51 63 51
51 64 41
51 65 56
51 66 52
51 67 49
51 68 63
51 69 51
51 70 44
51 71 52
51 72 44
51 73 43
51 74 52
51 75 41
51 76 44
51 77 42
51 78 49
51 79 57
51 80 36
51 81 44
51 82 51
51 83 45
51 84 68
51 85 64
51 86 49
51 87 46
51 88 43
51 89 45
51 90 57
51 91 52
51 92 43
51 93 36
51 94 53
51 95 51
51 96 39
51 97 46
51 98 51
51 99 49
51 100 69
51 101 53
51 102 42
51 103 33
51 104 65
51 105 48
51 106 44
51 107 42
51 108 50
51 109 45
51 110 50
51 111 54
51 112 48
51 113 49
51 114 42
51 115 49
51 116 57
51 117 40
51 118 66
51 119 54
51 120 47
51 121 57
51 122 51
51 123 53
51 124 40
51 125 48
51 126 50
51 127 44
51 128 49
51 129 44
51 130 53
51 131 47
51 132 54
51 133 45
51 134 53
51 135 37
51 136 42
51 137 54
51 138 41
51 139 49
51 140 47
51 141 55
51 142 53
51 143 47
51 144 65
51 145 50
51 146 48
51 147 39
51 148 39
51 149 49
52 0 48
52 1 53
52 2 46
52 3 56
52 4 43
52 5 49
52 6 56
52 7 45
52 8 52
52 9 46
52 10 54
52 11 39
52 12 35
52 13 53
52 14 41
52 15 46
52 16 56
52 17 61
52 18 45
52 19 48
52 20 45
52 21 35
52 22 36
52 23 39
52 24 51
52 25 52
52 26 45
52 27 31
52 28 44
52 29 49
52 30 43
52 31 50
52 32 53
52 33 53
52 34 48
52 35 60
52 36 49
52 37 50
52 38 51
52 39 47
52 40 41
52 41 49
52 42 37
52 43 59
52 44 36
52 45 34
52 46 44
52 47 50
52 48 40
52 49 45
52 50 45
52 51 41
52 52 61
52 53 40
52 54 51
52 55 40
52 56 55
52 57 38
52 58 41
52 59 35
52 60 48
52 61 50
52 62 44
52 63 50
52 64 39
52 65 49
52 66 65
52 67 68
52 68 52
52 69 51
52 70 47
52 71 56
52 72 55
52 73 46
52 74 55
52 75 58
52 76 56
52 77 49
52 78 54
52 79 58
52 80 52
52 81 53
52 82 45
52 83 51
52 84 40
52 85 52
52 86 46
52 87 56
52 88 49
52 89 43
52 90 57
52 91 52
52 92 49
52 93 43
52 94 53
52 95 42
52 96 40
52 97 55
52 98 36
52 99 47
52 100 47
52 101 38
52 102 39
52 103 44
52 104 63
52 105 45
52 106 48
52 107 55
52 108 56
52 109 58
52 110 44
52 111 51
52 112 55
52 113 57
52 114 48
52 115 49
52 116 38
52 117 60
52 118 45
52 119 47
52 120 46
52 121 54
52 122 40
52 123 45
52 124 50
52 125 48
52 126 40
52 127 41
52 128 46
52 129 42
52 130 41
52 131 50
52 132 38
52 133 51
52 134 50
52 135 55
52 136 54
52 137 40
52 138 42
52 139 41
52 140 56
52 141 45
52 142 45
52 143 38
52 144 49
52 145 38
52 146 47
52 147 40
52 148 57
52 149 49
53 0 50
53 1 56
53 2 43
53 3 50
53 4 41
53 5 35
53 6 36
53 7 50
53 8 38
53 9 59
53 10 42
53 11 54
53 12 51
53 13 48
53 14 56
53 15 54
53 16 41
53 17 49
53 18 54
53 19 51
53 20 50
53 21 51
53 22 47
53 23 40
53 24 56
53 25 53
53 26 45
53 27 48
53 28 47
53 29 46
53 30 52
53 31 59
53 32 38
53 33 54
53 34 53
53 35 45
53 36 57
53 37 53
53 38 50
53 39 49
53 40 42
53 41 53
53 42 51
53 43 61
53 44 47
53 45 43
53 46 64
53 47 53
53 48 41
53 49 46
53 50 53
53 51 46
53 52 47
53 53 44
53 54 50
53 55 46
53 56 46
53 57 44
53 58 43
53 59 43
53 60 43
53 61 57
53 62 48
53 63 50
53 64 44
53 65 54
53 66 40
53 67 41
53 68 45
53 69 51
53 70 39
53 71 59
53 72 46
53 73 65
53 74 38
53 75 41
53 76 59
53 77 46
53 78 45
53 79 54
53 80 40
53 81 41
53 82 56
53 83 53
53 84 45
53 85 42
53 86 32
53 87 52
53 88 52
53 89 50
53 90 44
53 91 49
53 92 52
53 93 34
53 94 51
53 95 43
53 96 52
53 97 49
53 98 49
53 99 58
53 100 66
53 101 48
53 102 45
53 103 48
53 104 54
53 105 48
53 106 47
53 107 48
53 108 49
53 109 38
53 110 50
53 111 54
53 112 44
53 113 54
53 114 52
53 115 44
53 116 58
53 117 47
53 118 45
53 119 48
53 120 58
53 121 54
53 122 56
53 123 50
53 124 54
53 125 57
53 126 47
53 127 43
53 128 49
53 129 54
53 130 39
53 131 47
53 132 56
53 133 62
53 134 40
53 135 50
53 136 53
53 137 50
53 138 45
53 139 51
53 140 48
53 141 46
53 142 42
53 143 52
53 144 43
53 145 55
53 146 49
53 147 38
53 148 48
53 149 51
54 0 49
54 1 53
54 2 50
54 3 41
54 4 45
54 5 47
54 6 60
54 7 48
54 8 47
54 9 62
54 10 35
54 11 37
54 12 59
54 13 50
54 14 31
54 15 61
54 16 59
54 17 46
54 18 53
54 19 52
54 20 49
54 21 39
54 22 48
54 23 45
54 24 37
54 25 46
54 26 54
54 27 43
54 28 44
54 29 40
54 30 47
54 31 47
54 32 53
54 33 44
54 34 42
54 35 35
54 36 34
54 37 56
54 38 48
54 39 42
54 40 47
54 41 41
54 42 45
54 43 55
54 44 28
54 45 40
54 46 64
54 47 39
54 48 42
54 49 42
54 50 35
54 51 47
54 52 63
54 53 53
54 54 52
54 55 48
54 56 39
54 57 34
54 58 49
54 59 55
54 60 52
54 61 49
54 62 54
54 63 44
54 64 60
54 65 41
54 66 43
54 67 48
54 68 54
54 69 48
54 70 51
54 71 41
54 72 46
54 73 58
54 74 50
54 75 39
54 76 51
54 77 47
54 78 36
54 79 48
54 80 54
54 81 43
54 82 58
54 83 45
54 84 40
54 85 43
54 86 49
54 87 50
54 88 50
54 89 50
54 90 47
54 91 50
54 92 55
54 93 60
54 94 47
54 95 50
54 96 51
54 97 42
54 98 48
54 99 38
54 100 51
54 101 54
54 102 57
54 103 43
54 104 53
54 105 45
54 106 49
54 107 50
54 108 39
54 109 42
54 110 47
54 111 50
54 112 51
54 113 48
54 114 67
54 115 38
54 116 49
54 117 46
54 118 40
54 119 50
54 120 49
54 121 49
54 122 55
54 123 60
54 124 52
54 125 47
54 126 48
54 127 38
54 128 53
54 129 38
54 130 54
54 131 56
54 132 49
54 133 38
54 134 49
54 135 45
54 136 54
54 137 63
54 138 55
54 139 48
54 140 48
54 141 49
54 142 48
54 143 55
54 144 54
54 145 45
54 146 48
54 147 48
54 148 34
54 149 44
55 0 44
55 1 35
55 2 48
55 3 42
55 4 48
55 5 64
55 6 50
55 7 45
55 8 68
55 9 53
55 10 43
55 11 63
55 12 44
55 13 40
55 14 38
55 15 50
55 16 62
55 17 46
55 18 32
55 19 46
55 20 46
55 21 55
55 22 37
55 23 58
55 24 50
55 25 45
55 26 48
55 27 57
55 28 48
55 29 53
55 30 45
55 31 52
55 32 47
55 33 58
55 34 43
55 35 42
55 36 61
55 37 44
55 38 53
55 39 43
55 40 58
55 41 65
55 42 43
55 43 44
55 44 41
55 45 48
55 46 49
55 47 43
55 48 34
55 49 49
55 50 50
55 51 46
55 52 33
55 53 50
55 54 47
55 55 46
55 56 50
55 57 58
55 58 64
55 59 56
55 60 49
55 61 59
55 62 57
55 63 56
55 64 43
55 65 45
55 66 47
55 67 41
55 68 52
55 69 61
55 70 53
55 71 44
55 72 46
55 73 55
55 74 46
55 75 57
55 76 55
55 77 48
55 78 51
55 79 59
55 80 48
55 81 56
55 82 46
55 83 55
55 84 54
55 85 49
55 86 42
55 87 44
55 88 52
55 89 49
55 90 58
55 91 53
55 92 42
55 93 61
55 94 46
55 95 54
55 96 50
55 97 42
55 98 36
55 99 49
55 100 57
55 101 46
55 102 47
55 103 50
55 104 45
55 105 63
55 106 66
55 107 51
55 108 42
55 109 57
55 110 43
55 111 52
55 112 61
55 113 50
55 114 43
55 115 47
55 116 47
55 117 56
55 118 52
55 119 45
55 120 46
55 121 50
55 122 36
55 123 50
55 124 59
55 125 41
55 126 50
55 127 55
55 128 45
55 129 44
55 130 37
55 131 50
55 132 67
55 133 45
55 134 53
55 135 62
55 136 57
55 137 43
55 138 44
55 139 40
55 140 50
55 141 46
55 142 48
55 143 54
55 144 48
55 145 36
55 146 44
55 147 54
55 148 58
55 149 52
56 0 46
56 1 35
56 2 37
56 3 47
56 4 60
56 5 47
56 6 46
56 7 60
56 8 40
56 9 65
56 10 60
56 11 56
56 12 49
56 13 45
56 14 54
56 15 55
56 16 58
56 17 43
56 18 42
56 19 65
56 20 38
56 21 50
56 22 48
56 23 48
56 24 42
56 25 53
56 26 42
56 27 55
56 28 41
56 29 56
56 30 56
56 31 47
56 32 46
56 33 39
56 34 40
56 35 61
56 36 58
56 37 47
56 38 56
56 39 52
56 40 48
56 41 41
56 42 51
56 43 43
56 44 48
56 45 44
56 46 40
56 47 43
56 48 48
56 49 53
56 50 51
56 51 69
56 52 50
56 53 38
56 54 42
56 55 45
56 56 50
56 57 52
56 58 59
56 59 42
56 60 59
56 61 68
56 62 51
56 63 57
56 64 39
56 65 57
56 66 39
56 67 49
56 68 42
56 69 51
56 70 43
56 71 60
56 72 61
56 73 39
56 74 39
56 75 54
56 76 57
56 77 64
56 78 53
56 79 51
56 80 54
56 81 59
56 82 49
56 83 40
56 84 50
56 85 54
56 86 52
56 87 50
56 88 58
56 89 54
56 90 50
56 91 53
56 92 60
56 93 58
56 94 52
56 95 40
56 96 43
56 97 50
56 98 44
56 99 44
56 100 52
56 101 59
56 102 51
56 103 38
56 104 54
56 105 44
56 106 55
56 107 42
56 108 54
56 109 47
56 110 39
56 111 46
56 112 59
56 113 44
56 114 51
56 115 62
56 116 58
56 117 48
56 118 51
56 119 45
56 120 55
56 121 52
56 122 49
56 123 50
56 124 59
56 125 52
56 126 55
56 127 47
56 128 57
56 129 49
56 130 59
56 131 52
56 132 56
56 133 32
56 134 42
56 135 42
56 136 43
56 137 56
56 138 53
56 139 48
56 140 47
56 141 50
56 142 43
56 143 50
56 144 46
56 145 56
56 146 43
56 147 39
56 148 46
56 149 44
57 0 45
57 1 48
57 2 58
57 3 57
57 4 45
57 5 54
57 6 51
57 7 50
57 8 55
57 9 42
57 10 56
57 11 46
57 12 51
57 13 47
57 14 57
57 15 42
57 16 39
57 17 42
57 18 53
57 19 48
57 20 50
57 21 48
57 22 41
57 23 54
57 24 40
57 25 42
57 26 41
57 27 60
57 28 51
57 29 46
57 30 57
57 31 52
57 32 33
57 33 54
57 34 39
57 35 40
57 36 46
57 37 43
57 38 46
57 39 56
57 40 52
57 41 53
57 42 43
57 43 50
57 44 41
57 45 40
57 46 68
57 47 47
57 48 46
57 49 49
57 50 45
57 51 53
57 52 50
57 53 61
57 54 65
57 55 44
57 56 56
57 57 46
57 58 63
57 59 49
57 60 58
57 61 48
57 62 41
57 63 59
57 64 56
57 65 59
57 66 49
57 67 59
57 68 62
57 69 57
57 70 47
57 71 47
57 72 56
57 73 57
57 74 52
57 75 49
57 76 54
57 77 53
57 78 48
57 79 44
57 80 53
57 81 51
57 82 43
57 83 43
57 84 48
57 85 52
57 86 39
57 87 42
57 88 38
57 89 48
57 90 62
57 91 58
57 92 57
57 93 58
57 94 61
57 95 49
57 96 43
57 97 33
57 98 69
57 99 47
57 100 53
57 101 46
57 102 66
57 103 55
57 104 47
57 105 52
57 106 41
57 107 50
57 108 49
57 109 49
57 110 35
57 111 56
57 112 51
57 113 44
57 114 48
57 115 54
57 116 51
57 117 49
57 118 56
57 119 46
57 120 40
57 121 45
57 122 51
57 123 42
57 124 48
57 125 57
57 126 51
57 127 55
57 128 51
57 129 42
57 130 47
57 131 39
57 132 47
57 133 53
57 134 39
57 135 54
57 136 45
57 137 54
57 138 43
57 139 47
57 140 43
57 141 45
57 142 59
57 143 40
57 144 47
57 145 46
57 146 41
57 147 51
57 148 56
57 149 57
58 0 48
58 1 50
58 2 35
58 3 47
58 4 35
58 5 49
58 6 51
58 7 59
58 8 41
58 9 38
58 10 45
58 11 50
58 12 61
58 13 55
58 14 48
58 15 44
58 16 46
58 17 52
58 18 44
58 19 39
58 20 45
58 21 43
58 22 41
58 23 50
58 24 54
58 25 37
58 26 50
58 27 53
58 28 45
58 29 53
58 30 42
58 31 46
58 32 52
58 33 53
58 34 42
58 35 50
58 36 50
58 37 48
58 38 51
58 39 53
58 40 48
58 41 49
58 42 48
58 43 49
58 44 55
58 45 40
58 46 56
58 47 51
58 48 52
58 49 61
58 50 50
58 51 45
58 52 49
58 53 49
58 54 51
58 55 59
58 56 42
58 57 39
58 58 53
58 59 63
58 60 58
58 61 52
58 62 50
58 63 49
58 64 48
58 65 56
58 66 55
58 67 52
58 68 49
58 69 45
58 70 45
58 71 55
58 72 54
58 73 51
58 74 56
58 75 44
58 76 48
58 77 52
58 78 56
58 79 43
58 80 58
58 81 62
58 82 52
58 83 38
58 84 41
58 85 49
58 86 50
58 87 47
58 88 50
58 89 43
58 90 44
58 91 39
58 92 55
58 93 43
58 94 48
58 95 39
58 96 55
58 97 47
58 98 55
58 99 49
58 100 51
58 101 45
58 102 47
58 103 45
58 104 49
58 105 54
58 106 55
58 107 63
58 108 36
58 109 42
58 110 55
58 111 51
58 112 58
58 113 49
58 114 47
58 115 43
58 116 52
58 117 44
58 118 52
58 119 43
58 120 55
58 121 59
58 122 41
58 123 58
58 124 48
58 125 49
58 126 52
58 127 46
58 128 56
58 129 53
58 130 51
58 131 49
58 132 54
58 133 58
58 134 44
58 135 51
58 136 53
58 137 46
58 138 61
58 139 39
58 140 43
58 141 55
58 142 50
58 143 39
58 144 54
58 145 46
58 146 47
58 147 54
58 148 45
58 149 44
59 0 39
59 1 49
59 2 52
59 3 47
59 4 48
59 5 44
59 6 63
59 7 66
59 8 50
59 9 47
59 10 44
59 11 53
59 12 54
59 13 42
59 14 59
59 15 55
59 16 52
59 17 61
59 18 48
59 19 56
59 20 49
59 21 36
59 22 32
59 23 49
59 24 47
59 25 42
59 26 40
59 27 46
59 28 44
59 29 44
59 30 53
59 31 54
59 32 53
59 33 41
59 34 55
59 35 54
59 36 50
59 37 46
59 38 48
59 39 55
59 40 48
59 41 49
59 42 38
59 43 43
59 44 41
59 45 47
59 46 46
59 47 48
59 48 59
59 49 50
59 50 39
59 51 43
59 52 41
59 53 53
59 54 55
59 55 45
59 56 50
59 57 59
59 58 51
59 59 59
59 60 53
59 61 59
59 62 59
59 63 65
59 64 57
59 65 60
59 66 41
59 67 50
59 68 61
59 69 51
59 70 50
59 71 54
59 72 45
59 73 47
59 74 44
59 75 50
59 76 61
59 77 54
59 78 44
59 79 39
59 80 55
59 81 61
59 82 41
59 83 59
59 84 44
59 85 38
59 86 41
59 87 46
59 88 44
59 89 51
59 90 53
59 91 68
59 92 46
59 93 56
59 94 50
59 95 53
59 96 50
59 97 57
59 98 49
59 99 53
59 100 49
59 101 46
59 102 46
59 103 45
59 104 50
59 105 49
59 106 51
59 107 57
59 108 37
59 109 39
59 110 57
59 111 53
59 112 58
59 113 50
59 114 55
59 115 52
59 116 52
59 117 39
59 118 60
59 119 54
59 120 55
59 121 38
59 122 60
59 123 48
59 124 40
59 125 44
59 126 41
59 127 45
59 128 50
59 129 39
59 130 46
59 131 61
59 132 43
59 133 67
59 134 61
59 135 46
59 136 49
59 137 51
59 138 47
59 139 55
59 140 47
59 141 59
59 142 54
59 143 50
59 144 41
59 145 51
59 146 39
59 147 40
59 148 48
59 149 42
60 0 49
60 1 57
60 2 49
60 3 43
60 4 53
60 5 54
60 6 35
60 7 45
60 8 46
60 9 54
60 10 43
60 11 38
60 12 52
60 13 41
60 14 44
60 15 50
60 16 54
60 17 58
60 18 45
60 19 54
60 20 41
60 21 65
60 22 39
60 23 48
60 24 56
60 25 48
60 26 36
60 27 40
60 28 47
60 29 60
60 30 47
60 31 37
60 32 47
60 33 57
60 34 55
60 35 39
60 36 63
60 37 54
60 38 56
60 39 40
60 40 36
60 41 47
60 42 58
60 43 46
60 44 56
60 45 44
60 46 42
60 47 43
60 48 44
60 49 55
60 50 59
60 51 46
60 52 53
60 53 44
60 54 47
60 55 35
60 56 56
60 57 49
60 58 61
60 59 55
60 60 48
60 61 57
60 62 54
60 63 40
60 64 50
60 65 57
60 66 45
60 67 41
60 68 54
60 69 49
60 70 56
60 71 44
60 72 56
60 73 39
60 74 53
60 75 47
60 76 40
60 77 44
60 78 60
60 79 49
60 80 34
60 81 55
60 82 52
60 83 42
60 84 48
60 85 41
60 86 44
60 87 45
60 88 50
60 89 49
60 90 47
60 91 46
60 92 60
60 93 56
60 94 46
60 95 33
60 96 48
60 97 54
60 98 60
60 99 55
60 100 39
60 101 53
60 102 46
60 103 37
60 104 51
60 105 41
60 106 46
60 107 39
60 108 52
60 109 62
60 110 32
60 111 38
60 112 62
60 113 47
60 114 39
60 115 42
60 116 60
60 117 37
60 118 52
60 119 55
60 120 42
60 121 44
60 122 63
60 123 55
60 124 51
60 125 58
60 126 43
60 127 54
60 128 47
60 129 49
60 130 55
60 131 50
60 132 44
60 133 39
60 134 53
60 135 49
60 136 52
60 137 67
60 138 39
60 139 51
60 140 41
60 141 51
60 142 40
60 143 47
60 144 47
60 145 51
60 146 50
60 147 48
60 148 57
60 149 40
61 0 45
61 1 44
61 2 56
61 3 61
61 4 62
61 5 45
61 6 39
61 7 43
61 8 43
61 9 41
61 10 40
61 11 49
61 12 55
61 13 44
61 14 52
61 15 49
61 16 51
61 17 56
61 18 53
61 19 43
61 20 47
61 21 47
61 22 51
61 23 52
61 24 52
61 25 49
61 26 56
61 27 54
61 28 59
61 29 54
61 30 50
61 31 43
61 32 39
61 33 49
61 34 53
61 35 54
61 36 45
61 37 57
61 38 49
61 39 51
61 40 49
61 41 48
61 42 53
61 43 53
61 44 44
61 45 43
61 46 50
61 47 54
61 48 56
61 49 49
61 50 49
61 51 46
61 52 63
61 53 52
61 54 56
61 55 49
61 56 52
61 57 44
61 58 56
61 59 68
61 60 50
61 61 53
61 62 43
61 63 48
61 64 49
61 65 60
61 66 58
61 67 58
61 68 49
61 69 52
61 70 60
61 71 66
61 72 52
61 73 43
61 74 35
61 75 52
61 76 47
61 77 50
61 78 41
61 79 50
61 80 44
61 81 49
61 82 36
61 83 51
61 84 49
61 85 52
61 86 50
61 87 45
61 88 49
61 89 45
61 90 58
61 91 60
61 92 40
61 93 43
61 94 39
61 95 36
61 96 56
61 97 47
61 98 46
61 99 49
61 100 50
61 101 42
61 102 45
61 103 50
61 104 47
61 105 42
61 106 36
61 107 50
61 108 41
61 109 45
61 110 55
61 111 39
61 112 52
61 113 54
61 114 47
61 115 55
61 116 48
61 117 56
61 118 47
61 119 51
61 120 42
61 121 25
61 122 46
61 123 47
61 124 62
61 125 52
61 126 43
61 127 39
61 128 47
61 129 42
61 130 51
61 131 37
61 132 48
61 133 51
61 134 44
61 135 56
61 136 38
61 137 52
61 138 47
61 139 61
61 140 47
61 141 54
61 142 53
61 143 42
61 144 44
61 145 47
61 146 46
61 147 49
61 148 61
61 149 40
62 0 44
62 1 51
62 2 44
62 3 50
62 4 57
62 5 41
62 6 54
62 7 49
62 8 47
62 9 40
62 10 56
62 11 39
62 12 53
62 13 56
62 14 64
62 15 43
62 16 49
62 17 42
62 18 57
62 19 46
62 20 56
62 21 64
62 22 54
62 23 58
62 24 48
62 25 50
62 26 44
62 27 51
62 28 43
62 29 46
62 30 55
62 31 45
62 32 49
62 33 46
62 34 47
62 35 59
62 36 53
62 37 42
62 38 47
62 39 54
62 40 41
62 41 45
62 42 44
62 43 55
62 44 52
62 45 52
62 46 42
62 47 46
62 48 44
62 49 50
62 50 49
62 51 50
62 52 49
62 53 64
62 54 53
62 55 54
62 56 48
62 57 55
62 58 62
62 59 50
62 60 53
62 61 69
62 62 54
62 63 59
62 64 59
62 65 49
62 66 41
62 67 49
62 68 49
62 69 51
62 70 46
62 71 50
62 72 45
62 73 49
62 74 50
62 75 48
62 76 47
62 77 45
62 78 33
62 79 54
62 80 46
62 81 44
62 82 56
62 83 47
62 84 44
62 85 39
62 86 46
62 87 58
62 88 41
62 89 49
62 90 41
62 91 47
62 92 45
62 93 67
62 94 71
62 95 48
62 96 53
62 97 64
62 98 55
62 99 55
62 100 50
62 101 39
62 102 57
62 103 49
62 104 47
62 105 50
62 106 54
62 107 41
62 108 50
62 109 60
62 110 47
62 111 44
62 112 65
62 113 50
62 114 54
62 115 52
62 116 49
62 117 44
62 118 45
62 119 52
62 120 50
62 121 43
62 122 63
62 123 54
62 124 63
62 125 43
62 126 44
62 127 53
62 128 49
62 129 45
62 130 36
62 131 52
62 132 46
62 133 42
62 134 45
62 135 39
62 136 54
62 137 48
62 138 48
62 139 47
62 140 42
62 141 34
62 142 71
62 143 49
62 144 42
62 145 38
62 146 45
62 147 60
62 148 52
62 149 36
63 0 40
63 1 43
63 2 51
63 3 40
63 4 47
63 5 57
63 6 40
63 7 56
63 8 47
63 9 46
63 10 58
63 11 51
63 12 49
63 13 42
63 14 50
63 15 59
63 16 57
63 17 53
63 18 51
63 19 41
63 20 55
63 21 66
63 22 57
63 23 59
63 24 39
63 25 58
63 26 55
63 27 51
63 28 65
63 29 51
63 30 51
63 31 51
63 32 43
63 33 46
63 34 43
63 35 42
63 36 52
63 37 50
63 38 50
63 39 57
63 40 51
63 41 49
63 42 54
63 43 61
63 44 59
63 45 62
63 46 51
63 47 49
63 48 51
63 49 43
63 50 45
63 51 44
63 52 60
63 53 51
63 54 49
63 55 53
63 56 51
63 57 48
63 58 48
63 59 49
63 60 44
63 61 46
63 62 50
63 63 53
63 64 51
63 65 48
63 66 45
63 67 54
63 68 53
63 69 58
63 70 43
63 71 51
63 72 44
63 73 44
63 74 42
63 75 51
63 76 43
63 77 43
63 78 37
63 79 54
63 80 46
63 81 48
63 82 64
63 83 45
63 84 50
63 85 47
63 86 45
63 87 41
63 88 46
63 89 48
63 90 59
63 91 55
63 92 51
63 93 41
63 94 51
63 95 44
63 96 51
63 97 37
63 98 58
63 99 38
63 100 59
63 101 44
63 102 35
63 103 57
63 104 56
63 105 50
63 106 45
63 107 56
63 108 37
63 109 43
63 110 39
63 111 49
63 112 51
63 113 42
63 114 54
63 115 54
63 116 59
63 117 60
63 118 56
63 119 52
63 120 41
63 121 55
63 122 50
63 123 50
63 124 45
63 125 56
63 126 50
63 127 48
63 128 57
63 129 66
63 130 55
63 131 40
63 132 53
63 133 63
63 134 62
63 135 53
63 136 60
63 137 45
63 138 48
63 139 47
63 140 43
63 141 56
63 142 54
63 143 50
63 144 58
63 145 58
63 146 35
63 147 49
63 148 56
63 149 42
64 0 64
64 1 48
64 2 45
64 3 50
64 4 61
64 5 43
64 6 54
64 7 34
64 8 40
64 9 52
64 10 52
64 11 59
64 12 50
64 13 39
64 14 41
64 15 56
64 16 59
64 17 46
64 18 65
64 19 47
64 20 44
64 21 47
64 22 56
64 23 42
64 24 56
64 25 52
64 26 44
64 27 40
64 28 47
64 29 39
64 30 58
64 31 55
64 32 36
64 33 40
64 34 42
64 35 50
64 36 53
64 37 49
64 38 55
64 39 41
64 40 53
64 41 62
64 42 72
64 43 49
64 44 44
64 45 33
64 46 45
64 47 51
64 48 38
64 49 54
64 50 54
64 51 53
64 52 42
64 53 50
64 54 71
64 55 68
64 56 44
64 57 60
64 58 54
64 59 57
64 60 56
64 61 51
64 62 54
64 63 39
64 64 52
64 65 48
64 66 38
64 67 59
64 68 40
64 69 49
64 70 56
64 71 53
64 72 52
64 73 40
64 74 44
64 75 47
64 76 57
64 77 48
64 78 54
64 79 50
64 80 42
64 81 46
64 82 49
64 83 52
64 84 47
64 85 50
64 86 44
64 87 48
64 88 54
64 89 45
64 90 52
64 91 58
64 92 41
64 93 57
64 94 49
64 95 56
64 96 50
64 97 48
64 98 55
64 99 47
64 100 56
64 101 50
64 102 57
64 103 42
64 104 47
64 105 65
64 106 47
64 107 41
64 108 50
64 109 39
64 110 51
64 111 65
64 112 50
64 113 41
64 114 49
64 115 42
64 116 48
64 117 49
64 118 52
64 119 54
64 120 52
64 121 36
64 122 43
64 123 42
64 124 39
64 125 57
64 126 54
64 127 42
64 128 52
64 129 46
64 130 49
64 131 49
64 132 48
64 133 61
64 134 51
64 135 46
64 136 43
64 137 50
64 138 35
64 139 44
64 140 51
64 141 49
64 142 50
64 143 43
64 144 39
64 145 44
64 146 59
64 147 53
64 148 45
64 149 41
65 0 48
65 1 51
65 2 46
65 3 41
65 4 55
65 5 43
65 6 57
65 7 49
65 8 51
65 9 51
65 10 52
65 11 55
65 12 61
65 13 51
65 14 55
65 15 53
65 16 53
65 17 49
65 18 41
65 19 46
65 20 47
65 21 44
65 22 54
65 23 46
65 24 52
65 25 55
65 26 56
65 27 40
65 28 45
65 29 54
65 30 44
65 31 57
65 32 49
65 33 61
65 34 36
65 35 59
65 36 49
65 37 45
65 38 54
65 39 55
65 40 51
65 41 56
65 42 46
65 43 54
65 44 59
65 45 47
65 46 58
65 47 38
65 48 34
65 49 53
65 50 50
65 51 40
65 52 49
65 53 62
65 54 63
65 55 52
65 56 55
65 57 53
65 58 56
65 59 62
65 60 43
65 61 47
65 62 57
65 63 54
65 64 36
65 65 54
65 66 55
65 67 56
65 68 50
65 69 60
65 70 60
65 71 55
65 72 56
65 73 48
65 74 52
65 75 60
65 76 54
65 77 54
65 78 51
65 79 44
65 80 47
65 81 48
65 82 55
65 83 39
65 84 49
65 85 45
65 86 47
65 87 46
65 88 48
65 89 45
65 90 54
65 91 50
65 92 46
65 93 40
65 94 46
65 95 38
65 96 44
65 97 39
65 98 32
65 99 41
65 100 52
65 101 52
65 102 57
65 103 45
65 104 53
65 105 51
65 106 37
65 107 57
65 108 46
65 109 49
65 110 49
65 111 37
65 112 37
65 113 53
65 114 52
65 115 54
65 116 49
65 117 46
65 118 42
65 119 36
65 120 49
65 121 46
65 122 54
65 123 44
65 124 44
65 125 51
65 126 44
65 127 45
65 128 49
65 129 43
65 130 59
65 131 43
65 132 47
65 133 47
65 134 46
65 135 53
65 136 45
65 137 54
65 138 54
65 139 48
65 140 44
65 141 45
65 142 57
65 143 52
65 144 59
65 145 59
65 146 57
65 147 48
65 148 45
65 149 47
66 0 46
66 1 45
66 2 46
66 3 45
66 4 54
66 5 52
66 6 47
66 7 53
66 8 52
66 9 53
66 10 51
66 11 54
66 12 52
66 13 45
66 14 39
66 15 52
66 16 48
66 17 52
66 18 50
66 19 54
66 20 51
66 21 42
66 22 54
66 23 49
66 24 60
66 25 50
66 26 55
66 27 47
66 28 47
66 29 40
66 30 43
66 31 55
66 32 45
66 33 50
66 34 58
66 35 44
66 36 41
66 37 44
66 38 60
66 39 55
66 40 57
66 41 51
66 42 50
66 43 57
66 44 51
66 45 67
66 46 56
66 47 44
66 48 61
66 49 47
66 50 47
66 51 57
66 52 54
66 53 39
66 54 51
66 55 42
66 56 49
66 57 63
66 58 61
66 59 51
66 60 49
66 61 43
66 62 48
66 63 48
66 64 57
66 65 59
66 66 42
66 67 51
66 68 48
66 69 51
66 70 47
66 71 43
66 72 52
66 73 53
66 74 49
66 75 54
66 76 46
66 77 65
66 78 41
66 79 42
66 80 52
66 81 48
66 82 37
66 83 44
66 84 45
66 85 48
66 86 55
66 87 44
66 88 48
66 89 64
66 90 43
66 91 59
66 92 55
66 93 64
66 94 48
66 95 54
66 96 51
66 97 49
66 98 51
66 99 60
66 100 46
66 101 59
66 102 49
66 103 39
66 104 58
66 105 43
66 106 57
66 107 36
66 108 58
66 109 44
66 110 36
66 111 44
66 112 48
66 113 40
66 114 42
66 115 55
66 116 48
66 117 47
66 118 44
66 119 48
66 120 57
66 121 49
66 122 63
66 123 38
66 124 50
66 125 46
66 126 42
66 127 48
66 128 42
66 129 46
66 130 42
66 131 47
66 132 49
66 133 55
66 134 47
66 135 50
66 136 50
66 137 49
66 138 37
66 139 52
66 140 43
66 141 61
66 142 49
66 143 58
66 144 52
66 145 50
66 146 47
66 147 50
66 148 48
66 149 51
67 0 45
67 1 45
67 2 51
67 3 55
67 4 42
67 5 54
67 6 46
67 7 45
67 8 50
67 9 50
67 10 45
67 11 45
67 12 47
67 13 62
67 14 45
67 15 52
67 16 51
67 17 35
67 18 45
67 19 46
67 20 57
67 21 50
67 22 50
67 23 53
67 24 44
67 25 47
67 26 63
67 27 52
67 28 49
67 29 41
67 30 45
67 31 52
67 32 62
67 33 62
67 34 47
67 35 57
67 36 51
67 37 44
67 38 42
67 39 55
67 40 51
67 41 55
67 42 57
67 43 43
67 44 51
67 45 54
67 46 57
67 47 61
67 48 45
67 49 54
67 50 54
67 51 56
67 52 55
67 53 43
67 54 49
67 55 48
67 56 48
67 57 54
67 58 55
67 59 43
67 60 55
67 61 62
67 62 50
67 63 54
67 64 52
67 65 48
67 66 50
67 67 50
67 68 54
67 69 44
67 70 50
67 71 52
67 72 54
67 73 50
67 74 39
67 75 47
67 76 49
67 77 55
67 78 51
67 79 46
67 80 49
67 81 42
67 82 39
67 83 39
67 84 59
67 85 42
67 86 42
67 87 43
67 88 51
67 89 55
67 90 51
67 91 47
67 92 55
67 93 44
67 94 42
67 95 36
67 96 45
67 97 47
67 98 50
67 99 45
67 100 53
67 101 49
67 102 43
67 103 47
67 104 61
67 105 58
67 106 46
67 107 48
67 108 63
67 109 46
67 110 55
67 111 62
67 112 48
67 113 47
67 114 52
67 115 41
67 116 62
67 117 52
67 118 47
67 119 46
67 120 58
67 121 45
67 122 41
67 123 44
67 124 40
67 125 47
67 126 48
67 127 44
67 128 46
67 129 50
67 130 53
67 131 42
67 132 57
67 133 46
67 134 53
67 135 49
67 136 63
67 137 44
67 138 64
67 139 43
67 140 52
67 141 46
67 142 41
67 143 50
67 144 46
67 145 52
67 146 58
67 147 68
67 148 48
67 149 50
68 0 50
68 1 48
68 2 47
68 3 46
68 4 49
68 5 56
68 6 53
68 7 47
68 8 63
68 9 41
68 10 55
68 11 48
68 12 53
68 13 49
68 14 48
68 15 40
68 16 54
68 17 54
68 18 49
68 19 51
68 20 44
68 21 42
68 22 47
68 23 50
68 24 56
68 25 47
68 26 51
68 27 44
68 28 58
68 29 44
68 30 48
68 31 50
68 32 42
68 33 48
68 34 51
68 35 47
68 36 60
68 37 55
68 38 58
68 39 50
68 40 57
68 41 45
68 42 52
68 43 50
68 44 48
68 45 57
68 46 46
68 47 47
68 48 54
68 49 45
68 50 70
68 51 47
68 52 52
68 53 48
68 54 62
68 55 65
68 56 57
68 57 49
68 58 57
68 59 36
68 60 50
68 61 53
68 62 47
68 63 47
68 64 48
68 65 48
68 66 48
68 67 47
68 68 49
68 69 48
68 70 47
68 71 60
68 72 58
68 73 46
68 74 39
68 75 42
68 76 54
68 77 49
68 78 46
68 79 41
68 80 36
68 81 45
68 82 37
68 83 58
68 84 57
68 85 48
68 86 44
68 87 54
68 88 53
68 89 43
68 90 44
68 91 49
68 92 47
68 93 45
68 94 55
68 95 64
68 96 37
68 97 45
68 98 35
68 99 56
68 100 48
68 101 62
68 102 39
68 103 52
68 104 49
68 105 48
68 106 49
68 107 48
68 108 55
68 109 44
68 110 49
68 111 40
68 112 42
68 113 44
68 114 59
68 115 55
68 116 47
68 117 52
68 118 46
68 119 53
68 120 49
68 121 49
68 122 61
68 123 55
68 124 48
68 125 42
68 126 55
68 127 47
68 128 44
68 129 53
68 130 40
68 131 51
68 132 43
68 133 48
68 134 46
68 135 51
68 136 43
68 137 41
68 138 43
68 139 54
68 140 38
68 141 43
68 142 45
68 143 54
68 144 59
68 145 66
68 146 54
68 147 48
68 148 46
68 149 56
69 0 60
69 1 71
69 2 50
69 3 56
69 4 45
69 5 57
69 6 47
69 7 52
69 8 36
69 9 46
69 10 55
69 11 46
69 12 55
69 13 34
69 14 46
69 15 53
69 16 51
69 17 43
69 18 46
69 19 52
69 20 54
69 21 43
69 22 48
69 23 48
69 24 46
69 25 57
69 26 48
69 27 49
69 28 49
69 29 46
69 30 37
69 31 49
69 32 52
69 33 52
69 34 50
69 35 50
69 36 54
69 37 50
69 38 55
69 39 43
69 40 46
69 41 54
69 42 47
69 43 50
69 44 53
69 45 50
69 46 53
69 47 46
69 48 49
69 49 47
69 50 52
69 51 47
69 52 35
69 53 47
69 54 54
69 55 47
69 56 64
69 57 37
69 58 53
69 59 52
69 60 51
69 61 56
69 62 53
69 63 54
69 64 54
69 65 67
69 66 53
69 67 43
69 68 63
69 69 47
69 70 48
69 71 43
69 72 52
69 73 55
69 74 50
69 75 53
69 76 47
69 77 47
69 78 48
69 79 62
69 80 51
69 81 47
69 82 54
69 83 47
69 84 43
69 85 47
69 86 43
69 87 64
69 88 43
69 89 41
69 90 35
69 91 53
69 92 35
69 93 49
69 94 63
69 95 58
69 96 44
69 97 50
69 98 50
69 99 48
69 100 47
69 101 45
69 102 46
69 103 50
69 104 54
69 105 51
69 106 66
69 107 43
69 108 51
69 109 51
69 110 41
69 111 58
69 112 52
69 113 45
69 114 40
69 115 47
69 116 42
69 117 61
69 118 61
69 119 48
69 120 59
69 121 38
69 122 52
69 123 47
69 124 53
69 125 48
69 126 44
69 127 48
69 128 42
69 129 45
69 130 54
69 131 44
69 132 40
69 133 49
69 134 46
69 135 54
69 136 49
69 137 53
69 138 51
69 139 41
69 140 53
69 141 54
69 142 45
69 143 53
69 144 47
69 145 54
69 146 44
69 147 47
69 148 42
69 149 52
70 0 37
70 1 60
70 2 45
70 3 53
70 4 48
70 5 34
70 6 47
70 7 43
70 8 54
70 9 51
70 10 53
70 11 36
70 12 46
70 13 59
70 14 57
70 15 48
70 16 59
70 17 43
70 18 43
70 19 45
70 20 53
70 21 48
70 22 48
70 23 36
70 24 45
70 25 49
70 26 55
70 27 62
70 28 58
70 29 50
70 30 48
70 31 48
70 32 37
70 33 45
70 34 64
70 35 43
70 36 49
70 37 51
70 38 50
70 39 68
70 40 40
70 41 55
70 42 50
70 43 38
70 44 51
70 45 46
70 46 38
70 47 59
70 48 62
70 49 48
70 50 50
70 51 53
70 52 44
70 53 46
70 54 51
70 55 58
70 56 40
70 57 44
70 58 71
70 59 55
70 60 60
70 61 53
70 62 53
70 63 46
70 64 54
70 65 48
70 66 49
70 67 51
70 68 55
70 69 46
70 70 57
70 71 53
70 72 54
70 73 45
70 74 49
70 75 50
70 76 50
70 77 37
70 78 54
70 79 53
70 80 46
70 81 46
70 82 46
70 83 45
70 84 47
70 85 49
70 86 50
70 87 45
70 88 51
70 89 49
70 90 55
70 91 45
70 92 34
70 93 53
70 94 53
70 95 43
70 96 47
70 97 46
70 98 51
70 99 37
70 100 50
70 101 49
70 102 45
70 103 55
70 104 45
70 105 50
70 106 38
70 107 50
70 108 54
70 109 52
70 110 45
70 111 55
70 112 47
70 113 65
70 114 60
70 115 52
70 116 39
70 117 50
70 118 45
70 119 46
70 120 45
70 121 44
70 122 43
70 123 51
70 124 48
70 125 55
70 126 46
70 127 44
70 128 43
70 129 50
70 130 55
70 131 55
70 132 39
70 133 55
70 134 49
70 135 52
70 136 49
70 137 47
70 138 38
70 139 38
70 140 55
70 141 57
70 142 51
70 143 43
70 144 61
70 145 35
70 146 50
70 147 38
70 148 45
70 149 63
71 0 50
71 1 60
71 2 53
71 3 38
71 4 57
71 5 57
71 6 48
71 7 41
71 8 40
71 9 44
71 10 33
71 11 49
71 12 45
71 13 58
71 14 45
71 15 60
71 16 60
71 17 43
71 18 56
71 19 51
71 20 58
71 21 48
71 22 56
71 23 46
71 24 49
71 25 43
71 26 49
71 27 45
71 28 50
71 29 42
71 30 50
71 31 60
71 32 45
71 33 55
71 34 53
71 35 57
71 36 39
71 37 49
71 38 50
71 39 51
71 40 55
71 41 44
71 42 46
71 43 50
71 44 47
71 45 62
71 46 51
71 47 49
71 48 42
71 49 53
71 50 48
71 51 46
71 52 58
71 53 47
71 54 41
71 55 52
71 56 36
71 57 46
71 58 54
71 59 61
71 60 50
71 61 50
71 62 40
71 63 42
71 64 55
71 65 45
71 66 47
71 67 46
71 68 41
71 69 49
71 70 48
71 71 47
71 72 50
71 73 60
71 74 45
71 75 36
71 76 50
71 77 50
71 78 56
71 79 55
71 80 53
71 81 56
71 82 54
71 83 52
71 84 43
71 85 46
71 86 49
71 87 44
71 88 64
71 89 41
71 90 48
71 91 45
71 92 50
71 93 51
71 94 55
71 95 56
71 96 49
71 97 54
71 98 54
71 99 52
71 100 49
71 101 47
71 102 55
71 103 42
71 104 45
71 105 45
71 106 45
71 107 40
71 108 53
71 109 49
71 110 48
71 111 56
71 112 50
71 113 41
71 114 64
71 115 60
71 116 44
71 117 54
71 118 45
71 119 36
71 120 44
71 121 49
71 122 49
71 123 45
71 124 47
71 125 38
71 126 49
71 127 48
71 128 45
71 129 31
71 130 54
71 131 42
71 132 45
71 133 47
71 134 38
71 135 55
71 136 52
71 137 53
71 138 41
71 139 45
71 140 50
71 141 48
71 142 35
71 143 44
71 144 45
71 145 57
71 146 44
71 147 52
71 148 49
71 149 49
72 0 55
72 1 54
72 2 47
72 3 50
72 4 56
72 5 59
72 6 43
72 7 42
72 8 54
72 9 52
72 10 55
72 11 44
72 12 59
72 13 59
72 14 68
72 15 70
72 16 54
72 17 52
72 18 45
72 19 55
72 20 54
72 21 47
72 22 43
72 23 58
72 24 35
72 25 49
72 26 52
72 27 50
72 28 37
72 29 58
72 30 49
72 31 50
72 32 62
72 33 52
72 34 45
72 35 47
72 36 49
72 37 42
72 38 59
72 39 50
72 40 49
72 41 48
72 42 56
72 43 56
72 44 52
72 45 40
72 46 59
72 47 47
72 48 53
72 49 58
72 50 75
72 51 46
72 52 57
72 53 53
72 54 70
72 55 41
72 56 48
72 57 41
72 58 49
72 59 55
72 60 50
72 61 57
72 62 46
72 63 44
72 64 58
72 65 49
72 66 37
72 67 57
72 68 51
72 69 42
72 70 51
72 71 52
72 72 49
72 73 41
72 74 56
72 75 50
72 76 59
72 77 48
72 78 47
72 79 42
72 80 47
72 81 67
72 82 41
72 83 56
72 84 50
72 85 57
72 86 38
72 87 61
72 88 45
72 89 57
72 90 46
72 91 47
72 92 42
72 93 59
72 94 49
72 95 51
72 96 50
72 97 43
72 98 41
72 99 47
72 100 49
72 101 44
72 102 58
72 103 61
72 104 41
72 105 30
72 106 55
72 107 58
72 108 50
72 109 53
72 110 53
72 111 56
72 112 59
72 113 29
72 114 39
72 115 46
72 116 47
72 117 44
72 118 40
72 119 57
72 120 49
72 121 47
72 122 53
72 123 51
72 124 44
72 125 45
72 126 42
72 127 45
72 128 46
72 129 40
72 130 46
72 131 50
72 132 44
72 133 54
72 134 42
72 135 56
72 136 61
72 137 31
72 138 38
72 139 49
72 140 39
72 141 50
72 142 65
72 143 61
72 144 47
72 145 49
72 146 41
72 147 61
72 148 44
72 149 48
73 0 51
73 1 40
73 2 50
73 3 54
73 4 49
73 5 38
73 6 46
73 7 37
73 8 49
73 9 42
73 10 46
73 11 47
73 12 60
73 13 52
73 14 46
73 15 50
73 16 47
73 17 66
73 18 52
73 19 58
73 20 44
73 21 37
73 22 58
73 23 51
73 24 48
73 25 58
73 26 61
73 27 51
73 28 47
73 29 60
73 30 37
73 31 54
73 32 56
73 33 44
73 34 53
73 35 39
73 36 50
73 37 53
73 38 52
73 39 50
73 40 47
73 41 51
73 42 44
73 43 50
73 44 53
73 45 51
73 46 58
73 47 60
73 48 56
73 49 56
73 50 40
73 51 45
73 52 49
73 53 55
73 54 41
73 55 45
73 56 54
73 57 50
73 58 43
73 59 60
73 60 53
73 61 49
73 62 43
73 63 52
73 64 43
73 65 47
73 66 58
73 67 40
73 68 47
73 69 56
73 70 37
73 71 40
73 72 56
73 73 46
73 74 64
73 75 50
73 76 53
73 77 50
73 78 33
73 79 47
73 80 48
73 81 50
73 82 48
73 83 47
73 84 44
73 85 39
73 86 52
73 87 42
73 88 41
73 89 49
73 90 51
73 91 56
73 92 55
73 93 41
73 94 50
73 95 58
73 96 50
73 97 61
73 98 33
73 99 36
73 100 47
73 101 50
73 102 56
73 103 45
73 104 62
73 105 62
73 106 49
73 107 51
73 108 47
73 109 56
73 110 56
73 111 42
73 112 44
73 113 47
73 114 47
73 115 43
73 116 44
73 117 47
73 118 37
73 119 44
73 120 44
73 121 43
73 122 46
73 123 53
73 124 56
73 125 47
73 126 44
73 127 41
73 128 46
73 129 53
73 130 56
73 131 46
73 132 48
73 133 47
73 134 48
73 135 44
73 136 50
73 137 40
73 138 62
73 139 40
73 140 56
73 141 44
73 142 41
73 143 63
73 144 57
73 145 43
73 146 52
73 147 49
73 148 56
73 149 43
74 0 45
74 1 37
74 2 57
74 3 68
74 4 54
74 5 50
74 6 51
74 7 49
74 8 66
74 9 50
74 10 48
74 11 45
74 12 59
74 13 41
74 14 54
74 15 51
74 16 49
74 17 45
74 18 51
74 19 53
74 20 44
74 21 56
74 22 49
74 23 48
74 24 52
74 25 43
74 26 52
74 27 39
74 28 40
74 29 41
74 30 49
74 31 49
74 32 52
74 33 46
74 34 47
74 35 49
74 36 43
74 37 41
74 38 64
74 39 59
74 40 54
74 41 48
74 42 49
74 43 54
74 44 56
74 45 47
74 46 51
74 47 46
74 48 44
74 49 51
74 50 63
74 51 56
74 52 53
74 53 49
74 54 44
74 55 52
74 56 43
74 57 45
74 58 51
74 59 48
74 60 52
74 61 49
74 62 46
74 63 55
74 64 47
74 65 48
74 66 46
74 67 60
74 68 42
74 69 52
74 70 52
74 71 51
74 72 55
74 73 41
74 74 53
74 75 45
74 76 45
74 77 58
74 78 49
74 79 54
74 80 62
74 81 45
74 82 46
74 83 40
74 84 44
74 85 43
74 86 46
74 87 44
74 88 37
74 89 46
74 90 51
74 91 52
74 92 52
74 93 48
74 94 47
74 95 66
74 96 52
74 97 49
74 98 42
74 99 56
74 100 35
74 101 45
74 102 52
74 103 52
74 104 49
74 105 50
74 106 58
74 107 53
74 108 53
74 109 56
74 110 46
74 111 60
74 112 56
74 113 44
74 114 58
74 115 43
74 116 54
74 117 46
74 118 50
74 119 49
74 120 37
74 121 61
74 122 61
74 123 52
74 124 43
74 125 46
74 126 51
74 127 58
74 128 49
74 129 44
74 130 48
74 131 47
74 132 41
74 133 41
74 134 41
74 135 56
74 136 47
74 137 58
74 138 45
74 139 58
74 140 37
74 141 38
74 142 60
74 143 39
74 144 44
74 145 53
74 146 52
74 147 47
74 148 39
74 149 40
75 0 55
75 1 47
75 2 59
75 3 55
75 4 45
75 5 44
75 6 48
75 7 51
75 8 32
75 9 54
75 10 46
75 11 48
75 12 46
75 13 50
75 14 54
75 15 43
75 16 56
75 17 49
75 18 49
75 19 46
75 20 47
75 21 49
75 22 53
75 23 50
75 24 56
75 25 48
75 26 44
75 27 48
75 28 46
75 29 42
75 30 48
75 31 56
75 32 50
75 33 51
75 34 47
75 35 39
75 36 63
75 37 50
75 38 43
75 39 45
75 40 50
75 41 36
75 42 44
75 43 40
75 44 63
75 45 58
75 46 47
75 47 56
75 48 47
75 49 48
75 50 54
75 51 55
75 52 56
75 53 50
75 54 46
75 55 50
75 56 46
75 57 52
75 58 43
75 59 46
75 60 46
75 61 49
75 62 51
75 63 46
75 64 52
75 65 45
75 66 49
75 67 46
75 68 40
75 69 61
75 70 47
75 71 43
75 72 41
75 73 43
75 74 49
75 75 41
75 76 48
75 77 45
75 78 40
75 79 52
75 80 46
75 81 51
75 82 38
75 83 48
75 84 54
75 85 50
75 86 61
75 87 40
75 88 53
75 89 51
75 90 50
75 91 57
75 92 41
75 93 50
75 94 48
75 95 60
75 96 46
75 97 54
75 98 55
75 99 43
75 100 47
75 101 43
75 102 44
75 103 48
75 104 49
75 105 64
75 106 44
75 107 33
75 108 49
75 109 52
75 110 45
75 111 43
75 112 53
75 113 46
75 114 49
75 115 47
75 116 42
75 117 60
75 118 43
75 119 44
75 120 43
75 121 50
75 122 56
75 123 35
75 124 63
75 125 51
75 126 45
75 127 55
75 128 42
75 129 54
75 130 39
75 131 46
75 132 51
75 133 47
75 134 53
75 135 42
75 136 42
75 137 46
75 138 56
75 139 47
75 140 55
75 141 50
75 142 41
75 143 37
75 144 65
75 145 42
75 146 42
75 147 58
75 148 42
75 149 54
76 0 39
76 1 58
76 2 48
76 3 43
76 4 46
76 5 52
76 6 46
76 7 53
76 8 50
76 9 44
76 10 47
76 11 54
76 12 49
76 13 47
76 14 37
76 15 49
76 16 54
76 17 58
76 18 45
76 19 46
76 20 37
76 21 45
76 22 45
76 23 53
76 24 57
76 25 51
76 26 40
76 27 48
76 28 63
76 29 54
76 30 50
76 31 32
76 32 48
76 33 53
76 34 44
76 35 53
76 36 36
76 37 46
76 38 44
76 39 56
76 40 38
76 41 53
76 42 49
76 43 62
76 44 49
76 45 54
76 46 44
76 47 53
76 48 46
76 49 38
76 50 55
76 51 47
76 52 42
76 53 49
76 54 36
76 55 44
76 56 52
76 57 66
76 58 42
76 59 46
76 60 45
76 61 41
76 62 46
76 63 47
76 64 42
76 65 54
76 66 43
76 67 50
76 68 45
76 69 40
76 70 47
76 71 41
76 72 36
76 73 42
76 74 51
76 75 53
76 76 54
76 77 48
76 78 44
76 79 36
76 80 51
76 81 54
76 82 54
76 83 41
76 84 49
76 85 43
76 86 42
76 87 52
76 88 46
76 89 51
76 90 40
76 91 56
76 92 50
76 93 51
76 94 34
76 95 41
76 96 45
76 97 34
76 98 42
76 99 53
76 100 71
76 101 46
76 102 62
76 103 52
76 104 36
76 105 57
76 106 49
76 107 43
76 108 66
76 109 44
76 110 50
76 111 47
76 112 44
76 113 53
76 114 50
76 115 44
76 116 41
76 117 47
76 118 67
76 119 61
76 120 51
76 121 53
76 122 42
76 123 49
76 124 46
76 125 45
76 126 41
76 127 36
76 128 55
76 129 71
76 130 49
76 131 60
76 132 48
76 133 34
76 134 51
76 135 63
76 136 54
76 137 59
76 138 52
76 139 44
76 140 46
76 141 47
76 142 47
76 143 43
76 144 51
76 145 43
76 146 56
76 147 45
76 148 54
76 149 52
77 0 46
77 1 45
77 2 36
77 3 50
77 4 46
77 5 64
77 6 55
77 7 47
77 8 54
77 9 48
77 10 44
77 11 60
77 12 55
77 13 58
77 14 56
77 15 51
77 16 54
77 17 55
77 18 44
77 19 46
77 20 45
77 21 41
77 22 51
77 23 46
77 24 49
77 25 40
77 26 53
77 27 43
77 28 59
77 29 36
77 30 42
77 31 53
77 32 60
77 33 38
77 34 52
77 35 52
77 36 43
77 37 59
77 38 49
77 39 49
77 40 55
77 41 45
77 42 29
77 43 63
77 44 50
77 45 49
77 46 42
77 47 38
77 48 44
77 49 60
77 50 40
77 51 43
77 52 55
77 53 46
77 54 53
77 55 42
77 56 51
77 57 47
77 58 49
77 59 42
77 60 57
77 61 46
77 62 45
77 63 36
77 64 45
77 65 49
77 66 50
77 67 56
77 68 48
77 69 49
77 70 41
77 71 52
77 72 43
77 73 52
77 74 53
77 75 40
77 76 46
77 77 46
77 78 48
77 79 49
77 80 45
77 81 39
77 82 43
77 83 41
77 84 45
77 85 54
77 86 63
77 87 59
77 88 39
77 89 61
77 90 53
77 91 51
77 92 38
77 93 32
77 94 49
77 95 53
77 96 48
77 97 48
77 98 28
77 99 56
77 100 55
77 101 62
77 102 53
77 103 52
77 104 40
77 105 41
77 106 40
77 107 53
77 108 56
77 109 41
77 110 49
77 111 40
77 112 52
77 113 51
77 114 47
77 115 47
77 116 51
77 117 52
77 118 42
77 119 50
77 120 43
77 121 32
77 122 43
77 123 36
77 124 51
77 125 61
77 126 47
77 127 51
77 128 46
77 129 44
77 130 35
77 131 52
77 132 60
77 133 51
77 134 58
77 135 46
77 136 52
77 137 54
77 138 59
77 139 50
77 140 54
77 141 53
77 142 45
77 143 38
77 144 69
77 145 58
77 146 49
77 147 44
77 148 43
77 149 50
78 0 48
78 1 54
78 2 55
78 3 50
78 4 50
78 5 40
78 6 51
78 7 39
78 8 46
78 9 48
78 10 49
78 11 53
78 12 47
78 13 54
78 14 46
78 15 50
78 16 45
78 17 44
78 18 58
78 19 40
78 20 65
78 21 55
78 22 44
78 23 42
78 24 48
78 25 57
78 26 68
78 27 51
78 28 51
78 29 40
78 30 38
78 31 58
78 32 44
78 33 53
78 34 58
78 35 48
78 36 53
78 37 43
78 38 41
78 39 50
78 40 61
78 41 38
78 42 52
78 43 46
78 44 47
78 45 42
78 46 46
78 47 53
78 48 59
78 49 43
78 50 40
78 51 39
78 52 44
78 53 49
78 54 51
78 55 55
78 56 54
78 57 47
78 58 52
78 59 50
78 60 49
78 61 71
78 62 47
78 63 49
78 64 43
78 65 43
78 66 44
78 67 34
78 68 41
78 69 53
78 70 50
78 71 43
78 72 57
78 73 45
78 74 40
78 75 60
78 76 50
78 77 47
78 78 46
78 79 54
78 80 51
78 81 51
78 82 45
78 83 52
78 84 45
78 85 56
78 86 44
78 87 46
78 88 51
78 89 40
78 90 38
78 91 41
78 92 36
78 93 47
78 94 48
78 95 56
78 96 42
78 97 65
78 98 46
78 99 51
78 100 48
78 101 54
78 102 54
78 103 46
78 104 45
78 105 55
78 106 44
78 107 64
78 108 46
78 109 38
78 110 43
78 111 39
78 112 47
78 113 49
78 114 57
78 115 52
78 116 42
78 117 32
78 118 35
78 119 51
78 120 33
78 121 51
78 122 51
78 123 47
78 124 33
78 125 36
78 126 46
78 127 56
78 128 56
78 129 48
78 130 53
78 131 51
78 132 53
78 133 45
78 134 58
78 135 50
78 136 48
78 137 42
78 138 64
78 139 44
78 140 43
78 141 47
78 142 55
78 143 47
78 144 46
78 145 52
78 146 41
78 147 39
78 148 50
78 149 53
79 0 56
79 1 50
79 2 51
79 3 48
79 4 57
79 5 58
79 6 60
79 7 54
79 8 36
79 9 45
79 10 45
79 11 58
79 12 46
79 13 47
79 14 55
79 15 44
79 16 39
79 17 31
79 18 40
79 19 43
79 20 39
79 21 54
79 22 46
79 23 52
79 24 46
79 25 47
79 26 60
79 27 44
79 28 38
79 29 49
79 30 53
79 31 37
79 32 55
79 33 56
79 34 45
79 35 51
79 36 54
79 37 47
79 38 53
79 39 49
79 40 48
79 41 55
79 42 41
79 43 49
79 44 49
79 45 43
79 46 38
79 47 57
79 48 44
79 49 50
79 50 52
79 51 42
79 52 32
79 53 50
79 54 50
79 55 58
79 56 43
79 57 40
79 58 47
79 59 47
79 60 50
79 61 46
79 62 52
79 63 52
79 64 49
79 65 39
79 66 50
79 67 38
79 68 48
79 69 46
79 70 46
79 71 62
79 72 50
79 73 46
79 74 40
79 75 44
79 76 51
79 77 38
79 78 39
79 79 39
79 80 61
79 81 46
79 82 41
79 83 47
79 84 55
79 85 52
79 86 62
79 87 43
79 88 32
79 89 41
79 90 34
79 91 52
79 92 43
79 93 41
79 94 40
79 95 60
79 96 42
79 97 62
79 98 57
79 99 42
79 100 46
79 101 39
79 102 48
79 103 56
79 104 50
79 105 54
79 106 59
79 107 63
79 108 50
79 109 36
79 110 51
79 111 45
79 112 51
79 113 57
79 114 62
79 115 53
79 116 59
79 117 45
79 118 52
79 119 42
79 120 58
79 121 43
79 122 59
79 123 48
79 124 54
79 125 42
79 126 40
79 127 42
79 128 45
79 129 53
79 130 43
79 131 59
79 132 44
79 133 49
79 134 39
79 135 41
79 136 47
79 137 46
79 138 50
79 139 53
79 140 43
79 141 38
79 142 50
79 143 53
79 144 51
79 145 52
79 146 44
79 147 51
79 148 42
79 149 53
80 0 50
80 1 47
80 2 42
80 3 50
80 4 58
80 5 62
80 6 53
80 7 53
80 8 47
80 9 52
80 10 56
80 11 30
80 12 52
80 13 48
80 14 49
80 15 47
80 16 57
80 17 36
80 18 54
80 19 47
80 20 54
80 21 47
80 22 40
80 23 56
80 24 44
80 25 46
80 26 36
80 27 40
80 28 52
80 29 40
80 30 56
80 31 48
80 32 43
80 33 49
80 34 46
80 35 44
80 36 46
80 37 50
80 38 54
80 39 43
80 40 51
80 41 48
80 42 50
80 43 32
80 44 53
80 45 53
80 46 49
80 47 51
80 48 40
80 49 44
80 50 56
80 51 37
80 52 49
80 53 51
80 54 38
80 55 52
80 56 52
80 57 54
80 58 59
80 59 52
80 60 46
80 61 40
80 62 59
80 63 42
80 64 50
80 65 35
80 66 43
80 67 43
80 68 42
80 69 47
80 70 55
80 71 37
80 72 49
80 73 37
80 74 47
80 75 40
80 76 56
80 77 48
80 78 44
80 79 47
80 80 57
80 81 33
80 82 51
80 83 47
80 84 47
80 85 35
80 86 29
80 87 42
80 88 47
80 89 51
80 90 59
80 91 40
80 92 51
80 93 44
80 94 48
80 95 53
80 96 35
80 97 44
80 98 46
80 99 51
80 100 63
80 101 44
80 102 52
80 103 53
80 104 44
80 105 58
80 106 50
80 107 49
80 108 55
80 109 50
80 110 49
80 111 40
80 112 57
80 113 50
80 114 46
80 115 58
80 116 51
80 117 41
80 118 42
80 119 45
80 120 33
80 121 44
80 122 54
80 123 51
80 124 46
80 125 51
80 126 48
80 127 55
80 128 42
80 129 53
80 130 42
80 131 64
80 132 47
80 133 64
80 134 57
80 135 37
80 136 51
80 137 44
80 138 44
80 139 45
80 140 54
80 141 54
80 142 48
80 143 51
80 144 50
80 145 43
80 146 51
80 147 45
80 148 49
80 149 51
81 0 40
81 1 57
81 2 45
81 3 37
81 4 53
81 5 54
81 6 39
81 7 55
81 8 46
81 9 52
81 10 46
81 11 34
81 12 44
81 13 45
81 14 45
81 15 58
81 16 44
81 17 43
81 18 46
81 19 39
81 20 53
81 21 47
81 22 40
81 23 49
81 24 49
81 25 49
81 26 41
81 27 53
81 28 42
81 29 58
81 30 50
81 31 46
81 32 52
81 33 54
81 34 36
81 35 45
81 36 67
81 37 55
81 38 52
81 39 40
81 40 55
81 41 39
81 42 44
81 43 48
81 44 50
81 45 45
81 46 42
81 47 49
81 48 46
81 49 43
81 50 45
81 51 41
81 52 34
81 53 60
81 54 43
81 55 63
81 56 41
81 57 35
81 58 38
81 59 43
81 60 38
81 61 38
81 62 48
81 63 54
81 64 57
81 65 51
81 66 49
81 67 41
81 68 51
81 69 62
81 70 51
81 71 43
81 72 51
81 73 63
81 74 46
81 75 45
81 76 44
81 77 42
81 78 33
81 79 44
81 80 51
81 81 43
81 82 35
81 83 60
81 84 45
81 85 48
81 86 57
81 87 52
81 88 55
81 89 43
81 90 50
81 91 41
81 92 47
81 93 48
81 94 43
81 95 43
81 96 46
81 97 57
81 98 44
81 99 38
81 100 62
81 101 56
81 102 57
81 103 41
81 104 47
81 105 51
81 106 55
81 107 53
81 108 43
81 109 49
81 110 57
81 111 44
81 112 58
81 113 53
81 114 46
81 115 42
81 116 45
81 117 39
81 118 41
81 119 33
81 120 35
81 121 38
81 122 55
81 123 58
81 124 50
81 125 41
81 126 48
81 127 64
81 128 44
81 129 46
81 130 53
81 131 57
81 132 58
81 133 47
81 134 37
81 135 43
81 136 51
81 137 38
81 138 47
81 139 53
81 140 50
81 141 42
81 142 45
81 143 52
81 144 61
81 145 42
81 146 55
81 147 52
81 148 56
81 149 52
82 0 48
82 1 54
82 2 39
82 3 53
82 4 40
82 5 41
82 6 45
82 7 58
82 8 58
82 9 39
82 10 38
82 11 49
82 12 50
82 13 37
82 14 48
82 15 33
82 16 53
82 17 45
82 18 46
82 19 53
82 20 57
82 21 37
82 22 40
82 23 40
82 24 57
82 25 56
82 26 50
82 27 48
82 28 49
82 29 51
82 30 45
82 31 39
82 32 45
82 33 51
82 34 38
82 35 31
82 36 54
82 37 50
82 38 36
82 39 51
82 40 52
82 41 44
82 42 51
82 43 49
82 44 50
82 45 34
82 46 44
82 47 53
82 48 50
82 49 39
82 50 52
82 51 47
82 52 38
82 53 55
82 54 65
82 55 39
82 56 48
82 57 45
82 58 45
82 59 46
82 60 44
82 61 41
82 62 55
82 63 47
82 64 51
82 65 61
82 66 36
82 67 57
82 68 47
82 69 55
82 70 57
82 71 44
82 72 39
82 73 37
82 74 58
82 75 44
82 76 47
82 77 39
82 78 42
82 79 63
82 80 56
82 81 35
82 82 46
82 83 42
82 84 60
82 85 53
82 86 49
82 87 44
82 88 42
82 89 38
82 90 44
82 91 56
82 92 52
82 93 51
82 94 42
82 95 47
82 96 44
82 97 59
82 98 57
82 99 45
82 100 54
82 101 53
82 102 53
82 103 50
82 104 41
82 105 45
82 106 57
82 107 51
82 108 55
82 109 69
82 110 54
82 111 45
82 112 55
82 113 38
82 114 45
82 115 51
82 116 45
82 117 53
82 118 52
82 119 48
82 120 42
82 121 40
82 122 59
82 123 45
82 124 46
82 125 42
82 126 44
82 127 53
82 128 43
82 129 43
82 130 40
82 131 57
82 132 47
82 133 43
82 134 45
82 135 47
82 136 45
82 137 53
82 138 54
82 139 51
82 140 48
82 141 43
82 142 54
82 143 62
82 144 49
82 145 53
82 146 45
82 147 54
82 148 46
82 149 50
83 0 55
83 1 52
83 2 50
83 3 49
83 4 46
83 5 49
83 6 41
83 7 48
83 8 52
83 9 58
83 10 60
83 11 58
83 12 44
83 13 34
83 14 53
83 15 42
83 16 60
83 17 57
83 18 45
83 19 53
83 20 40
83 21 38
83 22 46
83 23 54
83 24 56
83 25 39
83 26 55
83 27 39
83 28 46
83 29 54
83 30 46
83 31 44
83 32 39
83 33 41
83 34 43
83 35 49
83 36 56
83 37 42
83 38 45
83 39 59
83 40 43
83 41 55
83 42 37
83 43 47
83 44 49
83 45 41
83 46 59
83 47 54
83 48 40
83 49 38
83 50 40
83 51 43
83 52 44
83 53 46
83 54 45
83 55 49
83 56 49
83 57 43
83 58 58
83 59 54
83 60 36
83 61 39
83 62 42
83 63 41
83 64 50
83 65 41
83 66 38
83 67 48
83 68 44
83 69 45
83 70 47
83 71 50
83 72 46
83 73 69
83 74 44
83 75 49
83 76 41
83 77 48
83 78 44
83 79 55
83 80 45
83 81 48
83 82 42
83 83 52
83 84 60
83 85 45
83 86 45
83 87 51
83 88 52
83 89 54
83 90 37
83 91 48
83 92 48
83 93 55
83 94 42
83 95 54
83 96 33
83 97 45
83 98 45
83 99 47
83 100 40
83 101 53
83 102 41
83 103 48
83 104 48
83 105 51
83 106 46
83 107 47
83 108 51
83 109 43
83 110 44
83 111 53
83 112 35
83 113 54
83 114 43
83 115 43
83 116 51
83 117 59
83 118 56
83 119 38
83 120 51
83 121 44
83 122 57
83 123 63
83 124 45
83 125 53
83 126 50
83 127 44
83 128 60
83 129 54
83 130 48
83 131 50
83 132 55
83 133 43
83 134 39
83 135 43
83 136 40
83 137 61
83 138 49
83 139 44
83 140 50
83 141 44
83 142 41
83 143 61
83 144 46
83 145 66
83 146 55
83 147 43
83 148 37
83 149 55
84 0 49
84 1 56
84 2 46
84 3 49
84 4 42
84 5 40
84 6 40
84 7 74
84 8 55
84 9 58
84 10 31
84 11 48
84 12 54
84 13 52
84 14 47
84 15 52
84 16 39
84 17 39
84 18 41
84 19 54
84 20 51
84 21 43
84 22 40
84 23 41
84 24 46
84 25 44
84 26 36
84 27 53
84 28 38
84 29 47
84 30 45
84 31 50
84 32 47
84 33 51
84 34 46
84 35 58
84 36 52
84 37 46
84 38 42
84 39 39
84 40 55
84 41 48
84 42 36
84 43 45
84 44 40
84 45 40
84 46 59
84 47 51
84 48 39
84 49 54
84 50 58
84 51 51
84 52 49
84 53 36
84 54 48
84 55 44
84 56 60
84 57 49
84 58 61
84 59 40
84 60 39
84 61 32
84 62 44
84 63 37
84 64 50
84 65 49
84 66 36
84 67 49
84 68 42
84 69 47
84 70 42
84 71 37
84 72 53
84 73 49
84 74 57
84 75 43
84 76 55
84 77 41
84 78 48
84 79 47
84 80 44
84 81 40
84 82 40
84 83 53
84 84 42
84 85 44
84 86 45
84 87 47
84 88 35
84 89 45
84 90 34
84 91 38
84 92 41
84 93 51
84 94 36
84 95 32
84 96 44
84 97 49
84 98 48
84 99 47
84 100 45
84 101 46
84 102 59
84 103 47
84 104 53
84 105 46
84 106 42
84 107 53
84 108 54
84 109 47
84 110 51
84 111 44
84 112 46
84 113 51
84 114 49
84 115 33
84 116 57
84 117 52
84 118 50
84 119 50
84 120 54
84 121 43
84 122 53
84 123 53
84 124 47
84 125 52
84 126 47
84 127 38
84 128 44
84 129 46
84 130 48
84 131 56
84 132 46
84 133 65
84 134 48
84 135 40
84 136 50
84 137 42
84 138 59
84 139 44
84 140 51
84 141 49
84 142 56
84 143 56
84 144 56
84 145 54
84 146 52
84 147 52
84 148 38
84 149 49
85 0 45
85 1 46
85 2 50
85 3 48
85 4 44
85 5 59
85 6 46
85 7 52
85 8 47
85 9 62
85 10 51
85 11 58
85 12 53
85 13 43
85 14 43
85 15 48
85 16 52
85 17 58
85 18 34
85 19 53
85 20 45
85 21 45
85 22 43
85 23 47
85 24 50
85 25 54
85 26 47
85 27 48
85 28 54
85 29 47
85 30 53
85 31 37
85 32 60
85 33 50
85 34 45
85 35 41
85 36 49
85 37 35
85 38 38
85 39 45
85 40 54
85 41 58
85 42 52
85 43 42
85 44 45
85 45 44
85 46 45
85 47 33
85 48 44
85 49 35
85 50 30
85 51 38
85 52 42
85 53 43
85 54 46
85 55 53
85 56 46
85 57 55
85 58 40
85 59 52
85 60 43
85 61 49
85 62 45
85 63 50
85 64 45
85 65 44
85 66 48
85 67 48
85 68 58
85 69 35
85 70 50
85 71 49
85 72 40
85 73 52
85 74 46
85 75 52
85 76 61
85 77 42
85 78 54
85 79 47
85 80 44
85 81 35
85 82 47
85 83 51
85 84 54
85 85 48
85 86 52
85 87 50
85 88 46
85 89 53
85 90 45
85 91 56
85 92 60
85 93 46
85 94 55
85 95 50
85 96 59
85 97 47
85 98 60
85 99 60
85 100 51
85 101 53
85 102 43
85 103 45
85 104 44
85 105 36
85 106 38
85 107 36
85 108 53
85 109 45
85 110 51
85 111 49
85 112 60
85 113 41
85 114 62
85 115 48
85 116 49
85 117 57
85 118 47
85 119 56
85 120 44
85 121 64
85 122 45
85 123 43
85 124 54
85 125 48
85 126 45
85 127 44
85 128 46
85 129 41
85 130 49
85 131 39
85 132 40
85 133 47
85 134 44
85 135 42
85 136 36
85 137 53
85 138 63
85 139 50
85 140 55
85 141 53
85 142 44
85 143 53
85 144 52
85 145 50
85 146 59
85 147 54
85 148 46
85 149 56
86 0 46
86 1 44
86 2 46
86 3 49
86 4 48
86 5 44
86 6 44
86 7 54
86 8 55
86 9 50
86 10 44
86 11 48
86 12 56
86 13 48
86 14 38
86 15 38
86 16 44
86 17 35
86 18 56
86 19 54
86 20 63
86 21 34
86 22 50
86 23 46
86 24 47
86 25 51
86 26 53
86 27 44
86 28 55
86 29 43
86 30 34
86 31 54
86 32 52
86 33 61
86 34 49
86 35 42
86 36 39
86 37 58
86 38 45
86 39 43
86 40 44
86 41 49
86 42 38
86 43 37
86 44 49
86 45 37
86 46 44
86 47 50
86 48 42
86 49 48
86 50 39
86 51 43
86 52 45
86 53 60
86 54 37
86 55 34
86 56 42
86 57 54
86 58 59
86 59 58
86 60 46
86 61 51
86 62 52
86 63 48
86 64 57
86 65 52
86 66 51
86 67 56
86 68 35
86 69 50
86 70 56
86 71 43
86 72 46
86 73 33
86 74 38
86 75 43
86 76 47
86 77 35
86 78 44
86 79 43
86 80 52
86 81 46
86 82 54
86 83 41
86 84 44
86 85 46
86 86 40
86 87 48
86 88 43
86 89 34
86 90 44
86 91 38
86 92 36
86 93 39
86 94 47
86 95 60
86 96 50
86 97 34
86 98 58
86 99 48
86 100 49
86 101 50
86 102 42
86 103 49
86 104 55
86 105 47
86 106 35
86 107 50
86 108 56
86 109 67
86 110 48
86 111 40
86 112 51
86 113 39
86 114 59
86 115 35
86 116 42
86 117 55
86 118 46
86 119 50
86 120 34
86 121 48
86 122 49
86 123 42
86 124 40
86 125 49
86 126 59
86 127 48
86 128 42
86 129 47
86 130 47
86 131 41
86 132 52
86 133 57
86 134 43
86 135 43
86 136 47
86 137 48
86 138 39
86 139 54
86 140 51
86 141 48
86 142 49
86 143 44
86 144 52
86 145 48
86 146 58
86 147 64
86 148 47
86 149 47
87 0 52
87 1 51
87 2 51
87 3 51
87 4 40
87 5 44
87 6 52
87 7 49
87 8 56
87 9 60
87 10 42
87 11 47
87 12 42
87 13 44
87 14 52
87 15 53
87 16 55
87 17 54
87 18 41
87 19 43
87 20 56
87 21 53
87 22 35
87 23 47
87 24 52
87 25 43
87 26 43
87 27 40
87 28 52
87 29 50
87 30 42
87 31 47
87 32 65
87 33 50
87 34 55
87 35 55
87 36 53
87 37 48
87 38 51
87 39 49
87 40 39
87 41 48
87 42 33
87 43 42
87 44 35
87 45 66
87 46 46
87 47 42
87 48 37
87 49 39
87 50 43
87 51 41
87 52 52
87 53 42
87 54 51
87 55 46
87 56 50
87 57 36
87 58 39
87 59 41
87 60 47
87 61 56
87 62 47
87 63 39
87 64 38
87 65 41
87 66 45
87 67 45
87 68 37
87 69 43
87 70 52
87 71 56
87 72 42
87 73 47
87 74 50
87 75 63
87 76 47
87 77 45
87 78 51
87 79 51
87 80 53
87 81 52
87 82 46
87 83 51
87 84 41
87 85 37
87 86 44
87 87 47
87 88 67
87 89 49
87 90 43
87 91 44
87 92 50
87 93 43
87 94 39
87 95 38
87 96 50
87 97 56
87 98 63
87 99 50
87 100 45
87 101 40
87 102 42
87 103 43
87 104 52
87 105 43
87 106 65
87 107 69
87 108 49
87 109 51
87 110 53
87 111 32
87 112 46
87 113 49
87 114 48
87 115 36
87 116 52
87 117 48
87 118 38
87 119 50
87 120 54
87 121 47
87 122 38
87 123 47
87 124 41
87 125 46
87 126 43
87 127 56
87 128 49
87 129 58
87 130 45
87 131 42
87 132 44
87 133 53
87 134 47
87 135 50
87 136 50
87 137 68
87 138 52
87 139 41
87 140 41
87 141 50
87 142 46
87 143 36
87 144 53
87 145 55
87 146 32
87 147 47
87 148 46
87 149 49
88 0 40
88 1 45
88 2 54
88 3 47
88 4 57
88 5 43
88 6 47
88 7 43
88 8 36
88 9 42
88 10 31
88 11 51
88 12 55
88 13 54
88 14 40
88 15 54
88 16 50
88 17 38
88 18 43
88 19 47
88 20 54
88 21 44
88 22 53
88 23 53
88 24 54
88 25 42
88 26 47
88 27 48
88 28 44
88 29 49
88 30 54
88 31 48
88 32 43
88 33 55
88 34 44
88 35 44
88 36 52
88 37 48
88 38 42
88 39 39
88 40 49
88 41 45
88 42 58
88 43 41
88 44 42
88 45 48
88 46 47
88 47 53
88 48 34
88 49 44
88 50 49
88 51 48
88 52 54
88 53 54
88 54 51
88 55 44
88 56 55
88 57 44
88 58 57
88 59 51
88 60 49
88 61 38
88 62 45
88 63 68
88 64 60
88 65 42
88 66 46
88 67 54
88 68 43
88 69 50
88 70 44
88 71 50
88 72 42
88 73 35
88 74 55
88 75 49
88 76 42
88 77 40
88 78 51
88 79 47
88 80 49
88 81 53
88 82 43
88 83 43
88 84 48
88 85 56
88 86 44
88 87 42
88 88 60
88 89 54
88 90 47
88 91 41
88 92 44
88 93 53
88 94 57
88 95 52
88 96 44
88 97 56
88 98 56
88 99 52
88 100 41
88 101 53
88 102 41
88 103 49
88 104 41
88 105 49
88 106 62
88 107 47
88 108 63
88 109 39
88 110 52
88 111 45
88 112 59
88 113 37
88 114 42
88 115 47
88 116 35
88 117 35
88 118 60
88 119 62
88 120 47
88 121 35
88 122 46
88 123 57
88 124 48
88 125 41
88 126 52
88 127 52
88 128 55
88 129 55
88 130 52
88 131 57
88 132 56
88 133 52
88 134 55
88 135 55
88 136 58
88 137 48
88 138 50
88 139 45
88 140 48
88 141 55
88 142 56
88 143 42
88 144 52
88 145 56
88 146 53
88 147 69
88 148 64
88 149 49
89 0 47
89 1 44
89 2 42
89 3 55
89 4 50
89 5 49
89 6 49
89 7 48
89 8 49
89 9 49
89 10 41
89 11 46
89 12 51
89 13 53
89 14 61
89 15 46
89 16 58
89 17 36
89 18 42
89 19 34
89 20 45
89 21 49
89 22 49
89 23 45
89 24 47
89 25 43
89 26 43
89 27 48
89 28 44
89 29 47
89 30 45
89 31 46
89 32 44
89 33 44
89 34 44
89 35 43
89 36 42
89 37 42
89 38 51
89 39 48
89 40 50
89 41 47
89 42 42
89 43 45
89 44 40
89 45 48
89 46 47
89 47 49
89 48 53
89 49 43
89 50 43
89 51 29
89 52 44
89 53 41
89 54 46
89 55 46
89 56 44
89 57 42
89 58 41
89 59 41
89 60 40
89 61 46
89 62 45
89 63 47
89 64 48
89 65 40
89 66 45
89 67 38
89 68 39
89 69 52
89 70 59
89 71 51
89 72 49
89 73 42
89 74 46
89 75 59
89 76 42
89 77 47
89 78 55
89 79 52
89 80 50
89 81 50
89 82 44
89 83 54
89 84 60
89 85 60
89 86 51
89 87 40
89 88 46
89 89 48
89 90 50
89 91 53
89 92 57
89 93 41
89 94 47
89 95 59
89 96 50
89 97 47
89 98 39
89 99 46
89 100 50
89 101 39
89 102 46
89 103 55
89 104 61
89 105 52
89 106 46
89 107 56
89 108 42
89 109 47
89 110 36
89 111 49
89 112 44
89 113 39
89 114 54
89 115 33
89 116 44
89 117 47
89 118 57
89 119 51
89 120 49
89 121 56
89 122 54
89 123 49
89 124 53
89 125 52
89 126 49
89 127 43
89 128 40
89 129 36
89 130 52
89 131 52
89 132 50
89 133 52
89 134 44
89 135 55
89 136 45
89 137 50
89 138 46
89 139 50
89 140 44
89 141 50
89 142 43
89 143 39
89 144 50
89 145 56
89 146 58
89 147 35
89 148 54
89 149 34
90 0 59
90 1 51
90 2 51
90 3 49
90 4 52
90 5 40
90 6 40
90 7 53
90 8 48
90 9 44
90 10 53
90 11 46
90 12 51
90 13 55
90 14 45
90 15 35
90 16 50
90 17 42
90 18 56
90 19 39
90 20 42
90 21 45
90 22 47
90 23 42
90 24 53
90 25 42
90 26 64
90 27 53
90 28 54
90 29 44
90 30 39
90 31 42
90 32 45
90 33 46
90 34 51
90 35 31
90 36 49
90 37 46
90 38 44
90 39 43
90 40 39
90 41 44
90 42 36
90 43 47
90 44 45
90 45 40
90 46 42
90 47 49
90 48 64
90 49 44
90 50 51
90 51 35
90 52 61
90 53 53
90 54 38
90 55 38
90 56 61
90 57 52
90 58 56
90 59 40
90 60 55
90 61 42
90 62 50
90 63 43
90 64 49
90 65 48
90 66 46
90 67 54
90 68 44
90 69 42
90 70 36
90 71 50
90 72 47
90 73 49
90 74 43
90 75 58
90 76 54
90 77 40
90 78 60
90 79 45
90 80 43
90 81 42
90 82 44
90 83 47
90 84 46
90 85 32
90 86 52
90 87 43
90 88 46
90 89 49
90 90 58
90 91 53
90 92 52
90 93 40
90 94 57
90 95 53
90 96 42
90 97 50
90 98 49
90 99 49
90 100 39
90 101 55
90 102 53
90 103 47
90 104 51
90 105 46
90 106 47
90 107 51
90 108 46
90 109 47
90 110 54
90 111 55
90 112 35
90 113 56
90 114 43
90 115 39
90 116 52
90 117 38
90 118 59
90 119 42
90 120 41
90 121 49
90 122 50
90 123 42
90 124 46
90 125 51
90 126 54
90 127 63
90 128 54
90 129 54
90 130 41
90 131 49
90 132 52
90 133 61
90 134 52
90 135 41
90 136 33
90 137 50
90 138 48
90 139 61
90 140 35
90 141 57
90 142 40
90 143 59
90 144 50
90 145 49
90 146 60
90 147 47
90 148 66
90 149 50
91 0 46
91 1 51
91 2 50
91 3 49
91 4 53
91 5 33
91 6 56
91 7 53
91 8 36
91 9 50
91 10 46
91 11 50
91 12 51
91 13 33
91 14 45
91 15 39
91 16 45
91 17 57
91 18 48
91 19 48
91 20 42
91 21 50
91 22 46
91 23 56
91 24 42
91 25 40
91 26 45
91 27 50
91 28 53
91 29 45
91 30 42
91 31 58
91 32 47
91 33 56
91 34 50
91 35 44
91 36 45
91 37 56
91 38 48
91 39 42
91 40 55
91 41 52
91 42 43
91 43 47
91 44 49
91 45 48
91 46 40
91 47 49
91 48 47
91 49 49
91 50 42
91 51 59
91 52 39
91 53 60
91 54 40
91 55 42
91 56 51
91 57 36
91 58 52
91 59 52
91 60 44
91 61 44
91 62 56
91 63 57
91 64 54
91 65 52
91 66 50
91 67 53
91 68 58
91 69 41
91 70 55
91 71 55
91 72 47
91 73 45
91 74 55
91 75 49
91 76 67
91 77 52
91 78 54
91 79 61
91 80 64
91 81 43
91 82 46
91 83 45
91 84 52
91 85 38
91 86 67
91 87 59
91 88 51
91 89 50
91 90 48
91 91 51
91 92 39
91 93 61
91 94 43
91 95 62
91 96 61
91 97 49
91 98 55
91 99 47
91 100 46
91 101 42
91 102 37
91 103 33
91 104 41
91 105 53
91 106 52
91 107 32
91 108 42
91 109 62
91 110 54
91 111 41
91 112 48
91 113 57
91 114 47
91 115 55
91 116 47
91 117 51
91 118 50
91 119 59
91 120 43
91 121 43
91 122 53
91 123 56
91 124 35
91 125 44
91 126 46
91 127 51
91 128 45
91 129 44
91 130 57
91 131 45
91 132 49
91 133 48
91 134 63
91 135 48
91 136 64
91 137 39
91 138 43
91 139 44
91 140 47
91 141 52
91 142 41
91 143 40
91 144 48
91 145 48
91 146 51
91 147 38
91 148 41
91 149 43
92 0 42
92 1 51
92 2 42
92 3 54
92 4 55
92 5 47
92 6 45
92 7 51
92 8 52
92 9 56
92 10 63
92 11 48
92 12 39
92 13 41
92 14 46
92 15 61
92 16 37
92 17 47
92 18 36
92 19 43
92 20 49
92 21 65
92 22 43
92 23 50
92 24 50
92 25 45
92 26 32
92 27 51
92 28 47
92 29 46
92 30 59
92 31 44
92 32 48
92 33 55
92 34 44
92 35 40
92 36 56
92 37 48
92 38 33
92 39 57
92 40 32
92 41 41
92 42 48
92 43 40
92 44 59
92 45 45
92 46 56
92 47 50
92 48 42
92 49 58
92 50 39
92 51 54
92 52 57
92 53 39
92 54 50
92 55 50
92 56 44
92 57 44
92 58 44
92 59 28
92 60 68
92 61 47
92 62 53
92 63 55
92 64 49
92 65 55
92 66 52
92 67 49
92 68 42
92 69 64
92 70 33
92 71 46
92 72 43
92 73 64
92 74 47
92 75 50
92 76 53
92 77 51
92 78 54
92 79 56
92 80 49
92 81 55
92 82 49
92 83 48
92 84 39
92 85 46
92 86 36
92 87 48
92 88 42
92 89 57
92 90 53
92 91 37
92 92 43
92 93 62
92 94 56
92 95 56
92 96 61
92 97 65
92 98 54
92 99 48
92 100 50
92 101 51
92 102 47
92 103 43
92 104 50
92 105 58
92 106 38
92 107 47
92 108 49
92 109 45
92 110 55
92 111 41
92 112 55
92 113 44
92 114 49
92 115 63
92 116 49
92 117 52
92 118 39
92 119 42
92 120 55
92 121 54
92 122 47
92 123 45
92 124 50
92 125 59
92 126 55
92 127 44
92 128 45
92 129 50
92 130 49
92 131 51
92 132 57
92 133 49
92 134 51
92 135 37
92 136 38
92 137 47
92 138 48
92 139 62
92 140 39
92 141 54
92 142 53
92 143 47
92 144 52
92 145 49
92 146 51
92 147 59
92 148 35
92 149 37
93 0 56
93 1 52
93 2 45
93 3 38
93 4 37
93 5 52
93 6 39
93 7 48
93 8 47
93 9 43
93 10 59
93 11 47
93 12 44
93 13 58
93 14 47
93 15 46
93 16 42
93 17 48
93 18 43
93 19 43
93 20 55
93 21 54
93 22 42
93 23 52
93 24 41
93 25 48
93 26 56
93 27 53
93 28 40
93 29 44
93 30 54
93 31 36
93 32 46
93 33 46
93 34 41
93 35 52
93 36 55
93 37 47
93 38 57
93 39 48
93 40 56
93 41 38
93 42 48
93 43 48
93 44 36
93 45 44
93 46 42
93 47 50
93 48 50
93 49 45
93 50 53
93 51 50
93 52 39
93 53 45
93 54 47
93 55 55
93 56 46
93 57 41
93 58 51
93 59 55
93 60 66
93 61 46
93 62 42
93 63 43
93 64 49
93 65 53
93 66 47
93 67 56
93 68 42
93 69 61
93 70 54
93 71 59
93 72 40
93 73 49
93 74 57
93 75 58
93 76 37
93 77 52
93 78 49
93 79 33
93 80 54
93 81 40
93 82 65
93 83 62
93 84 58
93 85 54
93 86 47
93 87 36
93 88 56
93 89 56
93 90 57
93 91 49
93 92 48
93 93 55
93 94 54
93 95 43
93 96 57
93 97 40
93 98 48
93 99 60
93 100 51
93 101 52
93 102 49
93 103 49
93 104 51
93 105 48
93 106 48
93 107 43
93 108 45
93 109 51
93 110 37
93 111 41
93 112 41
93 113 52
93 114 49
93 115 37
93 116 48
93 117 53
93 118 50
93 119 42
93 120 43
93 121 45
93 122 50
93 123 55
93 124 41
93 125 54
93 126 44
93 127 47
93 128 48
93 129 47
93 130 38
93 131 60
93 132 49
93 133 50
93 134 53
93 135 59
93 136 57
93 137 39
93 138 50
93 139 54
93 140 50
93 141 56
93 142 37
93 143 47
93 144 55
93 145 40
93 146 43
93 147 65
93 148 57
93 149 45
94 0 41
94 1 49
94 2 54
94 3 41
94 4 43
94 5 55
94 6 44
94 7 41
94 8 43
94 9 42
94 10 52
94 11 53
94 12 41
94 13 47
94 14 53
94 15 46
94 16 52
94 17 48
94 18 55
94 19 55
94 20 57
94 21 57
94 22 47
94 23 39
94 24 45
94 25 39
94 26 36
94 27 40
94 28 50
94 29 47
94 30 45
94 31 40
94 32 36
94 33 51
94 34 46
94 35 47
94 36 49
94 37 47
94 38 45
94 39 40
94 40 44
94 41 56
94 42 29
94 43 66
94 44 47
94 45 42
94 46 56
94 47 39
94 48 64
94 49 53
94 50 42
94 51 42
94 52 51
94 53 53
94 54 47
94 55 53
94 56 43
94 57 38
94 58 51
94 59 43
94 60 38
94 61 46
94 62 47
94 63 37
94 64 34
94 65 49
94 66 54
94 67 29
94 68 50
94 69 50
94 70 54
94 71 60
94 72 43
94 73 54
94 74 45
94 75 44
94 76 49
94 77 52
94 78 38
94 79 51
94 80 59
94 81 52
94 82 52
94 83 54
94 84 45
94 85 38
94 86 53
94 87 52
94 88 49
94 89 42
94 90 49
94 91 52
94 92 44
94 93 28
94 94 48
94 95 53
94 96 50
94 97 48
94 98 44
94 99 46
94 100 54
94 101 42
94 102 50
94 103 49
94 104 56
94 105 50
94 106 61
94 107 44
94 108 49
94 109 46
94 110 38
94 111 46
94 112 50
94 113 46
94 114 45
94 115 52
94 116 55
94 117 58
94 118 48
94 119 62
94 120 51
94 121 50
94 122 42
94 123 40
94 124 41
94 125 48
94 126 40
94 127 48
94 128 33
94 129 38
94 130 44
94 131 55
94 132 50
94 133 45
94 134 40
94 135 43
94 136 40
94 137 50
94 138 45
94 139 46
94 140 55
94 141 48
94 142 43
94 143 55
94 144 35
94 145 40
94 146 42
94 147 44
94 148 38
94 149 49
95 0 47
95 1 44
95 2 47
95 3 56
95 4 45
95 5 56
95 6 40
95 7 45
95 8 41
95 9 68
95 10 55
95 11 54
95 12 53
95 13 47
95 14 70
95 15 51
95 16 48
95 17 43
95 18 48
95 19 44
95 20 43
95 21 61
95 22 46
95 23 53
95 24 56
95 25 49
95 26 54
95 27 47
95 28 43
95 29 39
95 30 52
95 31 71
95 32 41
95 33 52
95 34 46
95 35 52
95 36 48
95 37 39
95 38 43
95 39 52
95 40 48
95 41 48
95 42 38
95 43 46
95 44 38
95 45 47
95 46 47
95 47 48
95 48 40
95 49 39
95 50 42
95 51 52
95 52 34
95 53 55
95 54 48
95 55 51
95 56 56
95 57 55
95 58 44
95 59 40
95 60 49
95 61 39
95 62 53
95 63 54
95 64 55
95 65 48
95 66 53
95 67 55
95 68 56
95 69 31
95 70 53
95 71 45
95 72 58
95 73 43
95 74 55
95 75 53
95 76 52
95 77 36
95 78 52
95 79 42
95 80 44
95 81 51
95 82 41
95 83 53
95 84 62
95 85 56
95 86 63
95 87 51
95 88 42
95 89 58
95 90 47
95 91 46
95 92 52
95 93 43
95 94 39
95 95 39
95 96 51
95 97 43
95 98 37
95 99 50
95 100 41
95 101 31
95 102 48
95 103 36
95 104 51
95 105 53
95 106 37
95 107 58
95 108 58
95 109 62
95 110 43
95 111 55
95 112 62
95 113 53
95 114 48
95 115 37
95 116 46
95 117 36
95 118 33
95 119 50
95 120 54
95 121 45
95 122 36
95 123 45
95 124 55
95 125 54
95 126 38
95 127 48
95 128 40
95 129 51
95 130 41
95 131 59
95 132 55
95 133 41
95 134 42
95 135 51
95 136 43
95 137 50
95 138 57
95 139 58
95 140 40
95 141 43
95 142 52
95 143 44
95 144 56
95 145 44
95 146 46
95 147 51
95 148 45
95 149 53
96 0 45
96 1 48
96 2 65
96 3 36
96 4 51
96 5 45
96 6 60
96 7 43
96 8 53
96 9 54
96 10 52
96 11 47
96 12 43
96 13 44
96 14 42
96 15 52
96 16 48
96 17 54
96 18 51
96 19 52
96 20 41
96 21 46
96 22 54
96 23 59
96 24 51
96 25 53
96 26 44
96 27 60
96 28 49
96 29 55
96 30 52
96 31 44
96 32 39
96 33 48
96 34 48
96 35 42
96 36 46
96 37 44
96 38 33
96 39 66
96 40 52
96 41 43
96 42 51
96 43 49
96 44 55
96 45 43
96 46 50
96 47 39
96 48 51
96 49 53
96 50 51
96 51 43
96 52 40
96 53 38
96 54 50
96 55 56
96 56 42
96 57 44
96 58 46
96 59 45
96 60 42
96 61 41
96 62 41
96 63 41
96 64 39
96 65 48
96 66 52
96 67 41
96 68 48
96 69 48
96 70 46
96 71 57
96 72 53
96 73 56
96 74 47
96 75 41
96 76 51
96 77 52
96 78 40
96 79 49
96 80 41
96 81 55
96 82 48
96 83 50
96 84 46
96 85 51
96 86 40
96 87 44
96 88 52
96 89 63
96 90 41
96 91 49
96 92 41
96 93 42
96 94 55
96 95 41
96 96 42
96 97 44
96 98 57
96 99 47
96 100 41
96 101 45
96 102 40
96 103 49
96 104 49
96 105 43
96 106 54
96 107 50
96 108 52
96 109 47
96 110 59
96 111 52
96 112 45
96 113 44
96 114 48
96 115 47
96 116 45
96 117 40
96 118 51
96 119 54
96 120 50
96 121 48
96 122 59
96 123 46
96 124 43
96 125 42
96 126 46
96 127 42
96 128 53
96 129 51
96 130 50
96 131 52
96 132 44
96 133 52
96 134 31
96 135 41
96 136 49
96 137 60
96 138 54
96 139 46
96 140 42
96 141 42
96 142 38
96 143 48
96 144 41
96 145 45
96 146 54
96 147 60
96 148 41
96 149 54
97 0 41
97 1 62
97 2 60
97 3 47
97 4 45
97 5 38
97 6 36
97 7 57
97 8 43
97 9 47
97 10 48
97 11 49
97 12 48
97 13 42
97 14 49
97 15 46
97 16 50
97 17 51
97 18 42
97 19 48
97 20 45
97 21 47
97 22 38
97 23 40
97 24 59
97 25 53
97 26 41
97 27 66
97 28 42
97 29 57
97 30 46
97 31 34
97 32 54
97 33 45
97 34 52
97 35 55
97 36 41
97 37 50
97 38 46
97 39 45
97 40 42
97 41 38
97 42 47
97 43 38
97 44 40
97 45 39
97 46 38
97 47 53
97 48 44
97 49 39
97 50 44
97 51 45
97 52 46
97 53 52
97 54 49
97 55 47
97 56 58
97 57 28
97 58 45
97 59 43
97 60 44
97 61 43
97 62 49
97 63 53
97 64 37
97 65 56
97 66 54
97 67 57
97 68 57
97 69 57
97 70 52
97 71 62
97 72 44
97 73 48
97 74 65
97 75 52
97 76 50
97 77 45
97 78 46
97 79 45
97 80 57
97 81 37
97 82 49
97 83 45
97 84 55
97 85 47
97 86 41
97 87 58
97 88 42
97 89 47
97 90 53
97 91 52
97 92 41
97 93 43
97 94 50
97 95 52
97 96 56
97 97 47
97 98 50
97 99 55
97 100 53
97 101 45
97 102 53
97 103 57
97 104 52
97 105 54
97 106 66
97 107 41
97 108 49
97 109 39
97 110 51
97 111 39
97 112 53
97 113 44
97 114 50
97 115 47
97 116 51
97 117 42
97 118 35
97 119 37
97 120 41
97 121 45
97 122 47
97 123 46
97 124 40
97 125 45
97 126 56
97 127 46
97 128 50
97 129 35
97 130 60
97 131 56
97 132 44
97 133 63
97 134 50
97 135 47
97 136 42
97 137 47
97 138 54
97 139 42
97 140 52
97 141 40
97 142 43
97 143 54
97 144 42
97 145 46
97 146 58
97 147 53
97 148 51
97 149 47
98 0 54
98 1 49
98 2 50
98 3 52
98 4 42
98 5 39
98 6 47
98 7 44
98 8 54
98 9 42
98 10 45
98 11 48
98 12 50
98 13 51
98 14 68
98 15 44
98 16 41
98 17 53
98 18 44
98 19 46
98 20 46
98 21 47
98 22 53
98 23 48
98 24 55
98 25 36
98 26 51
98 27 52
98 28 46
98 29 35
98 30 53
98 31 47
98 32 47
98 33 55
98 34 45
98 35 50
98 36 47
98 37 42
98 38 54
98 39 40
98 40 68
98 41 54
98 42 62
98 43 41
98 44 46
98 45 55
98 46 44
98 47 48
98 48 49
98 49 49
98 50 45
98 51 39
98 52 34
98 53 48
98 54 39
98 55 52
98 56 60
98 57 51
98 58 43
98 59 60
98 60 47
98 61 47
98 62 42
98 63 38
98 64 64
98 65 54
98 66 51
98 67 44
98 68 43
98 69 49
98 70 45
98 71 58
98 72 42
98 73 42
98 74 52
98 75 55
98 76 48
98 77 48
98 78 56
98 79 57
98 80 43
98 81 38
98 82 46
98 83 57
98 84 35
98 85 50
98 86 51
98 87 50
98 88 43
98 89 50
98 90 46
98 91 42
98 92 61
98 93 47
98 94 55
98 95 50
98 96 61
98 97 40
98 98 43
98 99 45
98 100 53
98 101 47
98 102 43
98 103 46
98 104 54
98 105 59
98 106 45
98 107 50
98 108 44
98 109 52
98 110 43
98 111 46
98 112 44
98 113 51
98 114 56
98 115 49
98 116 46
98 117 38
98 118 51
98 119 40
98 120 52
98 121 50
98 122 35
98 123 56
98 124 47
98 125 46
98 126 42
98 127 48
98 128 49
98 129 43
98 130 40
98 131 42
98 132 43
98 133 51
98 134 47
98 135 39
98 136 53
98 137 38
98 138 58
98 139 50
98 140 45
98 141 40
98 142 41
98 143 55
98 144 57
98 145 59
98 146 58
98 147 48
98 148 58
98 149 53
99 0 40
99 1 45
99 2 49
99 3 42
99 4 43
99 5 57
99 6 47
99 7 61
99 8 50
99 9 37
99 10 34
99 11 40
99 12 51
99 13 49
99 14 50
99 15 43
99 16 49
99 17 49
99 18 46
99 19 58
99 20 52
99 21 49
99 22 38
99 23 41
99 24 48
99 25 37
99 26 47
99 27 45
99 28 44
99 29 56
99 30 48
99 31 53
99 32 39
99 33 41
99 34 50
99 35 32
99 36 44
99 37 43
99 38 44
99 39 70
99 40 58
99 41 54
99 42 49
99 43 49
99 44 50
99 45 53
99 46 57
99 47 39
99 48 66
99 49 49
99 50 59
99 51 53
99 52 45
99 53 42
99 54 38
99 55 48
99 56 43
99 57 52
99 58 43
99 59 48
99 60 57
99 61 42
99 62 36
99 63 49
99 64 57
99 65 51
99 66 43
99 67 44
99 68 61
99 69 44
99 70 51
99 71 52
99 72 51
99 73 47
99 74 47
99 75 48
99 76 52
99 77 54
99 78 60
99 79 54
99 80 68
99 81 45
99 82 63
99 83 53
99 84 49
99 85 54
99 86 40
99 87 50
99 88 58
99 89 45
99 90 52
99 91 66
99 92 53
99 93 44
99 94 49
99 95 38
99 96 41
99 97 54
99 98 65
99 99 41
99 100 52
99 101 56
99 102 58
99 103 31
99 104 41
99 105 40
99 106 52
99 107 45
99 108 49
99 109 56
99 110 50
99 111 43
99 112 38
99 113 47
99 114 47
99 115 53
99 116 54
99 117 46
99 118 53
99 119 52
99 120 50
99 121 47
99 122 44
99 123 35
99 124 39
99 125 41
99 126 52
99 127 45
99 128 43
99 129 50
99 130 53
99 131 55
99 132 42
99 133 58
99 134 50
99 135 46
99 136 41
99 137 52
99 138 46
99 139 41
99 140 56
99 141 54
99 142 45
99 143 51
99 144 54
99 145 41
99 146 59
99 147 45
99 148 41
99 149 40
100 0 50
100 1 41
100 2 46
100 3 50
100 4 45
100 5 41
100 6 54
100 7 58
100 8 52
100 9 49
100 10 47
100 11 49
100 12 52
100 13 51
100 14 43
100 15 61
100 16 59
100 17 67
100 18 30
100 19 54
100 20 49
100 21 47
100 22 57
100 23 54
100 24 47
100 25 45
100 26 49
100 27 64
100 28 52
100 29 54
100 30 44
100 31 46
100 32 53
100 33 49
100 34 51
100 35 41
100 36 57
100 37 34
100 38 39
100 39 57
100 40 41
100 41 65
100 42 58
100 43 59
100 44 50
100 45 40
100 46 50
100 47 59
100 48 43
100 49 42
100 50 47
100 51 64
100 52 40
100 53 61
100 54 52
100 55 57
100 56 48
100 57 43
100 58 42
100 59 45
100 60 48
100 61 50
100 62 52
100 63 56
100 64 40
100 65 52
100 66 50
100 67 59
100 68 50
100 69 53
100 70 50
100 71 52
100 72 56
100 73 48
100 74 50
100 75 37
100 76 51
100 77 47
100 78 54
100 79 56
100 80 55
100 81 42
100 82 35
100 83 47
100 84 50
100 85 55
100 86 46
100 87 44
100 88 48
100 89 55
100 90 50
100 91 57
100 92 60
100 93 41
100 94 63
100 95 44
100 96 42
100 97 45
100 98 56
100 99 58
100 100 47
100 101 48
100 102 38
100 103 53
100 104 52
100 105 46
100 106 47
100 107 55
100 108 41
100 109 41
100 110 41
100 111 51
100 112 56
100 113 51
100 114 54
100 115 48
100 116 42
100 117 49
100 118 46
100 119 53
100 120 57
100 121 40
100 122 55
100 123 48
100 124 64
100 125 50
100 126 46
100 127 39
100 128 42
100 129 52
100 130 42
100 131 35
100 132 39
100 133 57
100 134 55
100 135 57
100 136 44
100 137 43
100 138 42
100 139 40
100 140 56
100 141 49
100 142 38
100 143 52
100 144 57
100 145 42
100 146 60
100 147 57
100 148 46
100 149 39
101 0 32
101 1 42
101 2 37
101 3 45
101 4 40
101 5 50
101 6 48
101 7 51
101 8 62
101 9 43
101 10 41
101 11 52
101 12 43
101 13 53
101 14 49
101 15 39
101 16 41
101 17 45
101 18 39
101 19 52
101 20 40
101 21 51
101 22 37
101 23 62
101 24 45
101 25 26
101 26 42
101 27 46
101 28 50
101 29 57
101 30 50
101 31 42
101 32 47
101 33 40
101 34 47
101 35 30
101 36 53
101 37 60
101 38 47
101 39 52
101 40 44
101 41 59
101 42 60
101 43 39
101 44 39
101 45 52
101 46 60
101 47 50
101 48 42
101 49 50
101 50 43
101 51 46
101 52 46
101 53 65
101 54 54
101 55 47
101 56 49
101 57 43
101 58 39
101 59 53
101 60 31
101 61 49
101 62 46
101 63 44
101 64 47
101 65 40
101 66 40
101 67 39
101 68 52
101 69 57
101 70 51
101 71 55
101 72 51
101 73 38
101 74 58
101 75 69
101 76 40
101 77 39
101 78 52
101 79 52
101 80 49
101 81 50
101 82 42
101 83 55
101 84 48
101 85 49
101 86 47
101 87 55
101 88 58
101 89 49
101 90 50
101 91 49
101 92 41
101 93 58
101 94 51
101 95 43
101 96 50
101 97 41
101 98 52
101 99 39
101 100 52
101 101 45
101 102 44
101 103 57
101 104 43
101 105 51
101 106 44
101 107 40
101 108 42
101 109 47
101 110 42
101 111 61
101 112 45
101 113 45
101 114 46
101 115 46
101 116 51
101 117 52
101 118 34
101 119 57
101 120 50
101 121 36
101 122 55
101 123 39
101 124 59
101 125 41
101 126 44
101 127 48
101 128 59
101 129 40
101 130 50
101 131 59
101 132 36
101 133 52
101 134 50
101 135 49
101 136 46
101 137 51
101 138 42
101 139 49
101 140 47
101 141 53
101 142 44
101 143 47
101 144 50
101 145 55
101 146 55
101 147 46
101 148 48
101 149 45
102 0 41
102 1 49
102 2 35
102 3 52
102 4 47
102 5 38
102 6 54
102 7 47
102 8 58
102 9 54
102 10 52
102 11 42
102 12 48
102 13 44
102 14 43
102 15 49
102 16 42
102 17 67
102 18 50
102 19 39
102 20 50
102 21 45
102 22 37
102 23 51
102 24 44
102 25 36
102 26 36
102 27 47
102 28 43
102 29 42
102 30 56
102 31 53
102 32 49
102 33 36
102 34 42
102 35 37
102 36 55
102 37 47
102 38 48
102 39 38
102 40 57
102 41 50
102 42 52
102 43 62
102 44 46
102 45 56
102 46 48
102 47 57
102 48 49
102 49 52
102 50 45
102 51 40
102 52 41
102 53 40
102 54 44
102 55 57
102 56 52
102 57 62
102 58 61
102 59 51
102 60 40
102 61 52
102 62 50
102 63 46
102 64 58
102 65 66
102 66 46
102 67 44
102 68 48
102 69 53
102 70 54
102 71 49
102 72 52
102 73 44
102 74 47
102 75 63
102 76 52
102 77 43
102 78 53
102 79 38
102 80 53
102 81 60
102 82 38
102 83 58
102 84 50
102 85 55
102 86 42
102 87 50
102 88 46
102 89 55
102 90 46
102 91 56
102 92 45
102 93 41
102 94 45
102 95 37
102 96 49
102 97 50
102 98 43
102 99 59
102 100 54
102 101 47
102 102 46
102 103 52
102 104 44
102 105 48
102 106 59
102 107 49
102 108 45
102 109 54
102 110 55
102 111 46
102 112 38
102 113 51
102 114 44
102 115 40
102 116 54
102 117 44
102 118 48
102 119 39
102 120 46
102 121 54
102 122 36
102 123 48
102 124 49
102 125 51
102 126 48
102 127 54
102 128 52
102 129 52
102 130 48
102 131 47
102 132 53
102 133 42
102 134 51
102 135 36
102 136 56
102 137 58
102 138 59
102 139 55
102 140 59
102 141 58
102 142 45
102 143 46
102 144 44
102 145 48
102 146 39
102 147 53
102 148 48
102 149 44
103 0 46
103 1 57
103 2 56
103 3 51
103 4 38
103 5 41
103 6 51
103 7 45
103 8 53
103 9 50
103 10 48
103 11 51
103 12 54
103 13 57
103 14 46
103 15 45
103 16 37
103 17 52
103 18 47
103 19 52
103 20 39
103 21 46
103 22 50
103 23 40
103 24 55
103 25 46
103 26 55
103 27 42
103 28 46
103 29 54
103 30 40
103 31 44
103 32 49
103 33 41
103 34 49
103 35 42
103 36 58
103 37 47
103 38 50
103 39 38
103 40 43
103 41 37
103 42 51
103 43 43
103 44 45
103 45 45
103 46 45
103 47 51
103 48 57
103 49 41
103 50 47
103 51 57
103 52 54
103 53 47
103 54 36
103 55 59
103 56 58
103 57 38
103 58 52
103 59 39
103 60 44
103 61 50
103 62 49
103 63 65
103 64 57
103 65 55
103 66 51
103 67 50
103 68 43
103 69 47
103 70 49
103 71 48
103 72 53
103 73 52
103 74 40
103 75 58
103 76 44
103 77 45
103 78 57
103 79 46
103 80 49
103 81 56
103 82 46
103 83 47
103 84 47
103 85 49
103 86 57
103 87 65
103 88 59
103 89 58
103 90 40
103 91 48
103 92 44
103 93 41
103 94 69
103 95 45
103 96 56
103 97 42
103 98 49
103 99 44
103 100 46
103 101 47
103 102 44
103 103 56
103 104 26
103 105 49
103 106 49
103 107 53
103 108 50
103 109 64
103 110 51
103 111 48
103 112 52
103 113 52
103 114 42
103 115 45
103 116 53
103 117 51
103 118 50
103 119 53
103 120 49
103 121 54
103 122 46
103 123 39
103 124 34
103 125 50
103 126 46
103 127 59
103 128 60
103 129 52
103 130 43
103 131 56
103 132 42
103 133 44
103 134 54
103 135 59
103 136 36
103 137 42
103 138 38
103 139 51
103 140 33
103 141 41
103 142 60
103 143 54
103 144 53
103 145 41
103 146 51
103 147 42
103 148 51
103 149 58
104 0 51
104 1 56
104 2 54
104 3 43
104 4 50
104 5 52
104 6 56
104 7 48
104 8 59
104 9 55
104 10 44
104 11 38
104 12 49
104 13 50
104 14 58
104 15 56
104 16 48
104 17 56
104 18 45
104 19 37
104 20 56
104 21 56
104 22 64
104 23 46
104 24 52
104 25 51
104 26 50
104 27 38
104 28 44
104 29 47
104 30 64
104 31 61
104 32 48
104 33 38
104 34 49
104 35 51
104 36 54
104 37 51
104 38 48
104 39 49
104 40 44
104 41 40
104 42 53
104 43 47
104 44 46
104 45 44
104 46 50
104 47 46
104 48 49
104 49 50
104 50 55
104 51 36
104 52 45
104 53 37
104 54 52
104 55 44
104 56 60
104 57 53
104 58 49
104 59 53
104 60 41
104 61 55
104 62 43
104 63 43
104 64 58
104 65 42
104 66 42
104 67 56
104 68 49
104 69 54
104 70 48
104 71 48
104 72 55
104 73 44
104 74 46
104 75 52
104 76 43
104 77 52
104 78 51
104 79 52
104 80 62
104 81 58
104 82 49
104 83 37
104 84 44
104 85 54
104 86 49
104 87 44
104 88 50
104 89 52
104 90 45
104 91 49
104 92 54
104 93 46
104 94 53
104 95 40
104 96 51
104 97 35
104 98 39
104 99 53
104 100 42
104 101 54
104 102 40
104 103 37
104 104 40
104 105 36
104 106 50
104 107 43
104 108 43
104 109 50
104 110 44
104 111 50
104 112 53
104 113 52
104 114 52
104 115 52
104 116 48
104 117 49
104 118 63
104 119 45
104 120 44
104 121 52
104 122 57
104 123 44
104 124 53
104 125 43
104 126 50
104 127 47
104 128 64
104 129 37
104 130 49
104 131 46
104 132 50
104 133 41
104 134 45
104 135 48
104 136 43
104 137 43
104 138 37
104 139 40
104 140 49
104 141 33
104 142 62
104 143 43
104 144 53
104 145 40
104 146 45
104 147 57
104 148 67
104 149 50
105 0 51
105 1 58
105 2 54
105 3 57
105 4 49
105 5 62
105 6 47
105 7 45
105 8 41
105 9 34
105 10 56
105 11 47
105 12 48
105 13 49
105 14 53
105 15 40
105 16 39
105 17 65
105 18 48
105 19 38
105 20 51
105 21 42
105 22 51
105 23 48
105 24 55
105 25 51
105 26 56
105 27 30
105 28 46
105 29 63
105 30 41
105 31 47
105 32 44
105 33 51
105 34 49
105 35 36
105 36 61
105 37 57
105 38 55
105 39 46
105 40 52
105 41 55
105 42 44
105 43 42
105 44 50
105 45 54
105 46 59
105 47 48
105 48 44
105 49 56
105 50 42
105 51 52
105 52 52
105 53 42
105 54 46
105 55 54
105 56 33
105 57 60
105 58 65
105 59 47
105 60 64
105 61 46
105 62 34
105 63 58
105 64 31
105 65 46
105 66 45
105 67 45
105 68 36
105 69 54
105 70 52
105 71 44
105 72 51
105 73 45
105 74 56
105 75 48
105 76 50
105 77 50
105 78 52
105 79 47
105 80 46
105 81 56
105 82 52
105 83 47
105 84 59
105 85 45
105 86 58
105 87 58
105 88 56
105 89 40
105 90 55
105 91 55
105 92 34
105 93 49
105 94 57
105 95 50
105 96 42
105 97 42
105 98 42
105 99 53
105 100 51
105 101 57
105 102 48
105 103 55
105 104 51
105 105 44
105 106 50
105 107 49
105 108 48
105 109 46
105 110 39
105 111 48
105 112 42
105 113 51
105 114 53
105 115 45
105 116 46
105 117 40
105 118 45
105 119 48
105 120 53
105 121 45
105 122 52
105 123 62
105 124 46
105 125 41
105 126 55
105 127 37
105 128 56
105 129 41
105 130 48
105 131 53
105 132 56
105 133 38
105 134 45
105 135 54
105 136 53
105 137 44
105 138 45
105 139 58
105 140 43
105 141 47
105 142 56
105 143 51
105 144 47
105 145 43
105 146 50
105 147 51
105 148 48
105 149 44
106 0 68
106 1 48
106 2 52
106 3 35
106 4 46
106 5 43
106 6 41
106 7 50
106 8 42
106 9 48
106 10 49
106 11 45
106 12 41
106 13 41
106 14 40
106 15 41
106 16 38
106 17 42
106 18 48
106 19 54
106 20 54
106 21 48
106 22 50
106 23 52
106 24 56
106 25 53
106 26 48
106 27 46
106 28 58
106 29 47
106 30 47
106 31 47
106 32 53
106 33 37
106 34 44
106 35 59
106 36 43
106 37 65
106 38 52
106 39 42
106 40 48
106 41 51
106 42 59
106 43 51
106 44 53
106 45 60
106 46 46
106 47 35
106 48 54
106 49 47
106 50 52
106 51 55
106 52 52
106 53 37
106 54 61
106 55 46
106 56 50
106 57 43
106 58 47
106 59 48
106 60 64
106 61 47
106 62 37
106 63 47
106 64 50
106 65 43
106 66 47
106 67 39
106 68 46
106 69 46
106 70 52
106 71 48
106 72 46
106 73 51
106 74 40
106 75 43
106 76 48
106 77 54
106 78 44
106 79 40
106 80 48
106 81 45
106 82 58
106 83 65
106 84 58
106 85 38
106 86 45
106 87 53
106 88 40
106 89 39
106 90 51
106 91 51
106 92 35
106 93 44
106 94 56
106 95 53
106 96 52
106 97 49
106 98 51
106 99 48
106 100 33
106 101 32
106 102 41
106 103 60
106 104 49
106 105 33
106 106 49
106 107 53
106 108 50
106 109 41
106 110 55
106 111 34
106 112 57
106 113 41
106 114 36
106 115 46
106 116 46
106 117 43
106 118 38
106 119 47
106 120 36
106 121 54
106 122 58
106 123 40
106 124 54
106 125 46
106 126 53
106 127 52
106 128 61
106 129 53
106 130 59
106 131 46
106 132 33
106 133 40
106 134 51
106 135 40
106 136 53
106 137 42
106 138 46
106 139 47
106 140 51
106 141 42
106 142 44
106 143 53
106 144 42
106 145 52
106 146 49
106 147 45
106 148 47
106 149 41
107 0 42
107 1 41
107 2 43
107 3 37
107 4 66
107 5 43
107 6 44
107 7 52
107 8 46
107 9 50
107 10 33
107 11 58
107 12 40
107 13 59
107 14 58
107 15 57
107 16 56
107 17 43
107 18 58
107 19 47
107 20 60
107 21 47
107 22 48
107 23 49
107 24 40
107 25 52
107 26 44
107 27 50
107 28 47
107 29 33
107 30 62
107 31 61
107 32 55
107 33 50
107 34 41
107 35 60
107 36 47
107 37 47
107 38 46
107 39 58
107 40 43
107 41 63
107 42 46
107 43 41
107 44 45
107 45 59
107 46 42
107 47 55
107 48 47
107 49 60
107 50 36
107 51 48
107 52 62
107 53 43
107 54 46
107 55 54
107 56 37
107 57 57
107 58 44
107 59 58
107 60 40
107 61 58
107 62 58
107 63 46
107 64 48
107 65 38
107 66 51
107 67 44
107 68 49
107 69 52
107 70 58
107 71 37
107 72 43
107 73 40
107 74 45
107 75 45
107 76 41
107 77 44
107 78 44
107 79 53
107 80 48
107 81 48
107 82 55
107 83 47
107 84 58
107 85 36
107 86 44
107 87 49
107 88 42
107 89 34
107 90 54
107 91 54
107 92 56
107 93 45
107 94 45
107 95 55
107 96 51
107 97 45
107 98 51
107 99 57
107 100 55
107 101 44
107 102 42
107 103 40
107 104 49
107 105 65
107 106 51
107 107 57
107 108 51
107 109 36
107 110 51
107 111 61
107 112 61
107 113 39
107 114 47
107 115 45
107 116 51
107 117 53
107 118 46
107 119 56
107 120 39
107 121 45
107 122 46
107 123 54
107 124 52
107 125 49
107 126 50
107 127 43
107 128 47
107 129 34
107 130 47
107 131 42
107 132 60
107 133 56
107 134 45
107 135 47
107 136 43
107 137 53
107 138 59
107 139 49
107 140 53
107 141 44
107 142 48
107 143 47
107 144 55
107 145 45
107 146 52
107 147 63
107 148 38
107 149 46
108 0 39
108 1 42
108 2 53
108 3 61
108 4 40
108 5 45
108 6 37
108 7 53
108 8 47
108 9 37
108 10 45
108 11 41
108 12 52
108 13 55
108 14 41
108 15 48
108 16 46
108 17 49
108 18 59
108 19 41
108 20 48
108 21 47
108 22 45
108 23 44
108 24 51
108 25 60
108 26 42
108 27 55
108 28 41
108 29 44
108 30 43
108 31 49
108 32 44
108 33 50
108 34 38
108 35 56
108 36 48
108 37 37
108 38 47
108 39 38
108 40 42
108 41 38
108 42 56
108 43 44
108 44 36
108 45 60
108 46 55
108 47 50
108 48 38
108 49 46
108 50 51
108 51 50
108 52 47
108 53 43
108 54 49
108 55 57
108 56 42
108 57 29
108 58 36
108 59 48
108 60 46
108 61 50
108 62 57
108 63 47
108 64 73
108 65 47
108 66 41
108 67 45
108 68 52
108 69 44
108 70 42
108 71 49
108 72 61
108 73 47
108 74 42
108 75 46
108 76 54
108 77 35
108 78 42
108 79 61
108 80 53
108 81 63
108 82 50
108 83 60
108 84 47
108 85 50
108 86 46
108 87 52
108 88 43
108 89 46
108 90 43
108 91 57
108 92 58
108 93 36
108 94 57
108 95 44
108 96 39
108 97 41
108 98 56
108 99 40
108 100 41
108 101 39
108 102 30
108 103 40
108 104 49
108 105 63
108 106 51
108 107 48
108 108 53
108 109 60
108 110 52
108 111 63
108 112 47
108 113 42
108 114 44
108 115 42
108 116 42
108 117 40
108 118 38
108 119 57
108 120 38
108 121 50
108 122 54
108 123 60
108 124 60
108 125 46
108 126 64
108 127 59
108 128 51
108 129 49
108 130 49
108 131 34
108 132 59
108 133 49
108 134 36
108 135 40
108 136 60
108 137 56
108 138 52
108 139 52
108 140 39
108 141 58
108 142 55
108 143 51
108 144 50
108 145 34
108 146 54
108 147 37
108 148 42
108 149 46
109 0 39
109 1 60
109 2 47
109 3 46
109 4 41
109 5 50
109 6 41
109 7 42
109 8 58
109 9 51
109 10 65
109 11 33
109 12 43
109 13 62
109 14 44
109 15 50
109 16 56
109 17 50
109 18 54
109 19 41
109 20 44
109 21 45
109 22 45
109 23 55
109 24 51
109 25 47
109 26 64
109 27 60
109 28 55
109 29 56
109 30 44
109 31 58
109 32 58
109 33 48
109 34 44
109 35 45
109 36 51
109 37 53
109 38 50
109 39 48
109 40 51
109 41 43
109 42 47
109 43 42
109 44 53
109 45 39
109 46 42
109 47 52
109 48 54
109 49 52
109 50 47
109 51 53
109 52 45
109 53 47
109 54 59
109 55 58
109 56 53
109 57 45
109 58 48
109 59 44
109 60 51
109 61 63
109 62 44
109 63 47
109 64 29
109 65 53
109 66 52
109 67 44
109 68 54
109 69 54
109 70 38
109 71 50
109 72 54
109 73 47
109 74 41
109 75 55
109 76 55
109 77 40
109 78 40
109 79 52
109 80 53
109 81 45
109 82 38
109 83 41
109 84 49
109 85 37
109 86 52
109 87 46
109 88 56
109 89 35
109 90 48
109 91 38
109 92 47
109 93 50
109 94 41
109 95 50
109 96 56
109 97 51
109 98 51
109 99 57
109 100 47
109 101 58
109 102 64
109 103 54
109 104 48
109 105 51
109 106 48
109 107 44
109 108 57
109 109 35
109 110 63
109 111 50
109 112 49
109 113 49
109 114 46
109 115 61
109 116 59
109 117 51
109 118 38
109 119 38
109 120 47
109 121 49
109 122 59
109 123 37
109 124 45
109 125 53
109 126 55
109 127 42
109 128 61
109 129 55
109 130 60
109 131 53
109 132 42
109 133 50
109 134 45
109 135 46
109 136 47
109 137 49
109 138 59
109 139 54
109 140 37
109 141 46
109 142 50
109 143 51
109 144 55
109 145 65
109 146 40
109 147 49
109 148 51
109 149 49
110 0 63
110 1 55
110 2 53
110 3 46
110 4 55
110 5 38
110 6 49
110 7 61
110 8 42
110 9 50
110 10 47
110 11 41
110 12 55
110 13 47
110 14 45
110 15 42
110 16 52
110 17 51
110 18 62
110 19 46
110 20 45
110 21 58
110 22 60
110 23 46
110 24 53
110 25 53
110 26 49
110 27 46
110 28 40
110 29 49
110 30 46
110 31 64
110 32 40
110 33 41
110 34 35
110 35 35
110 36 51
110 37 44
110 38 50
110 39 53
110 40 52
110 41 53
110 42 65
110 43 34
110 44 50
110 45 59
110 46 47
110 47 49
110 48 61
110 49 51
110 50 48
110 51 50
110 52 57
110 53 53
110 54 65
110 55 56
110 56 40
110 57 59
110 58 49
110 59 46
110 60 32
110 61 50
110 62 38
110 63 41
110 64 35
110 65 57
110 66 44
110 67 42
110 68 46
110 69 41
110 70 44
110 71 46
110 72 39
110 73 59
110 74 45
110 75 47
110 76 54
110 77 52
110 78 42
110 79 47
110 80 44
110 81 52
110 82 48
110 83 47
110 84 47
110 85 49
110 86 43
110 87 50
110 88 55
110 89 44
110 90 45
110 91 45
110 92 58
110 93 44
110 94 41
110 95 52
110 96 59
110 97 40
110 98 52
110 99 37
110 100 51
110 101 53
110 102 48
110 103 49
110 104 38
110 105 50
110 106 55
110 107 54
110 108 51
110 109 63
110 110 46
110 111 52
110 112 68
110 113 41
110 114 47
110 115 54
110 116 46
110 117 41
110 118 39
110 119 46
110 120 41
110 121 48
110 122 46
110 123 54
110 124 41
110 125 43
110 126 58
110 127 54
110 128 60
110 129 51
110 130 49
110 131 47
110 132 49
110 133 44
110 134 45
110 135 50
110 136 55
110 137 52
110 138 41
110 139 46
110 140 56
110 141 41
110 142 69
110 143 62
110 144 37
110 145 48
110 146 43
110 147 45
110 148 51
110 149 50
111 0 46
111 1 44
111 2 50
111 3 38
111 4 55
111 5 51
111 6 42
111 7 48
111 8 53
111 9 48
111 10 57
111 11 50
111 12 41
111 13 65
111 14 47
111 15 50
111 16 50
111 17 55
111 18 49
111 19 39
111 20 50
111 21 51
111 22 42
111 23 48
111 24 54
111 25 53
111 26 50
111 27 44
111 28 53
111 29 42
111 30 50
111 31 49
111 32 50
111 33 49
111 34 51
111 35 51
111 36 49
111 37 55
111 38 47
111 39 53
111 40 35
111 41 52
111 42 55
111 43 52
111 44 52
111 45 46
111 46 55
111 47 54
111 48 43
111 49 46
111 50 33
111 51 59
111 52 50
111 53 55
111 54 64
111 55 49
111 56 51
111 57 48
111 58 49
111 59 55
111 60 48
111 61 55
111 62 45
111 63 47
111 64 52
111 65 51
111 66 56
111 67 43
111 68 46
111 69 38
111 70 43
111 71 34
111 72 47
111 73 46
111 74 39
111 75 39
111 76 37
111 77 46
111 78 48
111 79 46
111 80 58
111 81 37
111 82 38
111 83 47
111 84 56
111 85 47
111 86 42
111 87 46
111 88 46
111 89 44
111 90 42
111 91 41
111 92 48
111 93 49
111 94 38
111 95 30
111 96 49
111 97 44
111 98 49
111 99 52
111 100 47
111 101 51
111 102 53
111 103 43
111 104 47
111 105 46
111 106 47
111 107 52
111 108 57
111 109 44
111 110 38
111 111 42
111 112 56
111 113 59
111 114 49
111 115 43
111 116 65
111 117 46
111 118 65
111 119 47
111 120 40
111 121 44
111 122 54
111 123 56
111 124 48
111 125 55
111 126 48
111 127 58
111 128 55
111 129 47
111 130 45
111 131 56
111 132 62
111 133 53
111 134 43
111 135 52
111 136 50
111 137 41
111 138 44
111 139 55
111 140 37
111 141 44
111 142 31
111 143 41
111 144 51
111 145 47
111 146 46
111 147 48
111 148 50
111 149 50
112 0 51
112 1 43
112 2 57
112 3 41
112 4 27
112 5 53
112 6 57
112 7 35
112 8 44
112 9 59
112 10 51
112 11 49
112 12 47
112 13 41
112 14 55
112 15 53
112 16 46
112 17 43
112 18 40
112 19 48
112 20 44
112 21 56
112 22 45
112 23 39
112 24 45
112 25 62
112 26 47
112 27 46
112 28 49
112 29 47
112 30 37
112 31 55
112 32 51
112 33 47
112 34 35
112 35 48
112 36 41
112 37 46
112 38 48
112 39 43
112 40 60
112 41 60
112 42 57
112 43 37
112 44 37
112 45 46
112 46 41
112 47 48
112 48 49
112 49 43
112 50 36
112 51 65
112 52 52
112 53 43
112 54 56
112 55 40
112 56 48
112 57 50
112 58 51
112 59 42
112 60 57
112 61 42
112 62 50
112 63 41
112 64 35
112 65 42
112 66 45
112 67 48
112 68 44
112 69 52
112 70 50
112 71 59
112 72 32
112 73 52
112 74 48
112 75 50
112 76 53
112 77 41
112 78 38
112 79 40
112 80 40
112 81 41
112 82 53
112 83 47
112 84 54
112 85 33
112 86 51
112 87 36
112 88 45
112 89 40
112 90 41
112 91 50
112 92 53
112 93 47
112 94 47
112 95 45
112 96 46
112 97 43
112 98 45
112 99 42
112 100 46
112 101 56
112 102 61
112 103 47
112 104 59
112 105 50
112 106 51
112 107 46
112 108 27
112 109 50
112 110 51
112 111 37
112 112 53
112 113 50
112 114 49
112 115 62
112 116 44
112 117 55
112 118 34
112 119 65
112 120 53
112 121 57
112 122 55
112 123 47
112 124 35
112 125 52
112 126 47
112 127 53
112 128 47
112 129 42
112 130 50
112 131 43
112 132 46
112 133 61
112 134 53
112 135 37
112 136 44
112 137 41
112 138 61
112 139 39
112 140 55
112 141 57
112 142 46
112 143 37
112 144 40
112 145 50
112 146 50
112 147 50
112 148 58
112 149 47
113 0 50
113 1 49
113 2 46
113 3 52
113 4 45
113 5 40
113 6 44
113 7 63
113 8 61
113 9 52
113 10 46
113 11 48
113 12 43
113 13 52
113 14 64
113 15 52
113 16 53
113 17 46
113 18 45
113 19 51
113 20 47
113 21 58
113 22 50
113 23 48
113 24 45
113 25 42
113 26 46
113 27 45
113 28 44
113 29 59
113 30 26
113 31 48
113 32 57
113 33 39
113 34 39
113 35 48
113 36 56
113 37 46
113 38 41
113 39 46
113 40 57
113 41 55
113 42 50
113 43 47
113 44 58
113 45 43
113 46 56
113 47 40
113 48 49
113 49 55
113 50 42
113 51 51
113 52 41
113 53 56
113 54 46
113 55 42
113 56 48
113 57 46
113 58 44
113 59 43
113 60 43
113 61 47
113 62 36
113 63 54
113 64 61
113 65 48
113 66 55
113 67 40
113 68 50
113 69 43
113 70 48
113 71 45
113 72 56
113 73 35
113 74 45
113 75 45
113 76 48
113 77 56
113 78 51
113 79 48
113 80 38
113 81 46
113 82 40
113 83 53
113 84 49
113 85 44
113 86 45
113 87 35
113 88 33
113 89 49
113 90 48
113 91 41
113 92 48
113 93 50
113 94 37
113 95 38
113 96 36
113 97 65
113 98 49
113 99 37
113 100 56
113 101 45
113 102 35
113 103 36
113 104 41
113 105 34
113 106 54
113 107 29
113 108 39
113 109 48
113 110 62
113 111 38
113 112 57
113 113 54
113 114 61
113 115 51
113 116 46
113 117 47
113 118 44
113 119 57
113 120 47
113 121 55
113 122 53
113 123 53
113 124 44
113 125 51
113 126 48
113 127 43
113 128 63
113 129 40
113 130 58
113 131 43
113 132 52
113 133 43
113 134 37
113 135 48
113 136 52
113 137 47
113 138 45
113 139 46
113 140 51
113 141 56
113 142 38
113 143 52
113 144 49
113 145 51
113 146 52
113 147 47
113 148 56
113 149 51
114 0 40
114 1 54
114 2 51
114 3 52
114 4 66
114 5 49
114 6 49
114 7 39
114 8 52
114 9 47
114 10 47
114 11 59
114 12 55
114 13 49
114 14 52
114 15 45
114 16 44
114 17 45
114 18 44
114 19 55
114 20 44
114 21 41
114 22 52
114 23 66
114 24 49
114 25 54
114 26 45
114 27 49
114 28 58
114 29 40
114 30 58
114 31 41
114 32 54
114 33 42
114 34 57
114 35 47
114 36 61
114 37 46
114 38 36
114 39 54
114 40 49
114 41 54
114 42 49
114 43 39
114 44 48
114 45 52
114 46 55
114 47 48
114 48 50
114 49 39
114 50 42
114 51 55
114 52 58
114 53 58
114 54 56
114 55 52
114 56 50
114 57 63
114 58 39
114 59 48
114 60 59
114 61 47
114 62 40
114 63 46
114 64 49
114 65 56
114 66 44
114 67 54
114 68 52
114 69 41
114 70 49
114 71 40
114 72 44
114 73 45
114 74 39
114 75 42
114 76 36
114 77 46
114 78 33
114 79 50
114 80 46
114 81 51
114 82 52
114 83 47
114 84 44
114 85 50
114 86 52
114 87 46
114 88 48
114 89 49
114 90 41
114 91 41
114 92 45
114 93 47
114 94 34
114 95 34
114 96 64
114 97 56
114 98 49
114 99 42
114 100 51
114 101 64
114 102 57
114 103 44
114 104 36
114 105 51
114 106 56
114 107 49
114 108 43
114 109 46
114 110 42
114 111 45
114 112 52
114 113 46
114 114 48
114 115 42
114 116 52
114 117 53
114 118 56
114 119 45
114 120 48
114 121 39
114 122 42
114 123 37
114 124 59
114 125 49
114 126 52
114 127 43
114 128 46
114 129 49
114 130 50
114 131 55
114 132 39
114 133 49
114 134 40
114 135 31
114 136 36
114 137 51
114 138 54
114 139 43
114 140 49
114 141 51
114 142 56
114 143 46
114 144 51
114 145 50
114 146 52
114 147 44
114 148 49
114 149 40
115 0 43
115 1 44
115 2 36
115 3 41
115 4 48
115 5 54
115 6 53
115 7 51
115 8 51
115 9 37
115 10 58
115 11 49
115 12 46
115 13 40
115 14 54
115 15 43
115 16 38
115 17 43
115 18 41
115 19 39
115 20 54
115 21 43
115 22 46
115 23 58
115 24 36
115 25 52
115 26 49
115 27 51
115 28 37
115 29 48
115 30 51
115 31 34
115 32 50
115 33 52
115 34 50
115 35 49
115 36 39
115 37 55
115 38 53
115 39 49
115 40 39
115 41 49
115 42 49
115 43 51
115 44 50
115 45 58
115 46 49
115 47 60
115 48 55
115 49 53
115 50 37
115 51 48
115 52 35
115 53 51
115 54 58
115 55 55
115 56 46
115 57 53
115 58 42
115 59 45
115 60 40
115 61 52
115 62 48
115 63 58
115 64 46
115 65 54
115 66 36
115 67 37
115 68 43
115 69 44
115 70 48
115 71 37
115 72 66
115 73 47
115 74 53
115 75 36
115 76 53
115 77 40
115 78 36
115 79 47
115 80 47
115 81 38
115 82 40
115 83 45
115 84 41
115 85 44
115 86 45
115 87 53
115 88 57
115 89 58
115 90 43
115 91 52
115 92 49
115 93 58
115 94 45
115 95 52
115 96 44
115 97 45
115 98 50
115 99 51
115 100 35
115 101 42
115 102 54
115 103 46
115 104 36
115 105 52
115 106 53
115 107 51
115 108 41
115 109 49
115 110 54
115 111 53
115 112 56
115 113 45
115 114 52
115 115 41
115 116 50
115 117 45
115 118 51
115 119 37
115 120 50
115 121 50
115 122 59
115 123 49
115 124 56
115 125 46
115 126 44
115 127 48
115 128 42
115 129 43
115 130 43
115 131 49
115 132 46
115 133 51
115 134 52
115 135 59
115 136 39
115 137 52
115 138 48
115 139 50
115 140 44
115 141 62
115 142 52
115 143 44
115 144 54
115 145 48
115 146 47
115 147 56
115 148 47
115 149 47
116 0 49
116 1 48
116 2 47
116 3 50
116 4 33
116 5 47
116 6 47
116 7 45
116 8 60
116 9 40
116 10 52
116 11 38
116 12 50
116 13 74
116 14 55
116 15 45
116 16 43
116 17 48
116 18 45
116 19 53
116 20 44
116 21 31
116 22 45
116 23 54
116 24 54
116 25 46
116 26 46
116 27 52
116 28 41
116 29 40
116 30 58
116 31 38
116 32 42
116 33 46
116 34 54
116 35 47
116 36 44
116 37 55
116 38 50
116 39 48
116 40 41
116 41 49
116 42 44
116 43 32
116 44 42
116 45 50
116 46 57
116 47 52
116 48 54
116 49 47
116 50 52
116 51 40
116 52 37
116 53 49
116 54 49
116 55 51
116 56 47
116 57 50
116 58 43
116 59 46
116 60 45
116 61 40
116 62 45
116 63 56
116 64 44
116 65 47
116 66 45
116 67 34
116 68 50
116 69 44
116 70 53
116 71 47
116 72 44
116 73 38
116 74 46
116 75 43
116 76 45
116 77 51
116 78 42
116 79 42
116 80 43
116 81 44
116 82 46
116 83 62
116 84 43
116 85 34
116 86 44
116 87 48
116 88 43
116 89 48
116 90 40
116 91 44
116 92 47
116 93 56
116 94 59
116 95 32
116 96 56
116 97 43
116 98 46
116 99 53
116 100 44
116 101 49
116 102 56
116 103 56
116 104 34
116 105 48
116 106 54
116 107 39
116 108 58
116 109 63
116 110 53
116 111 46
116 112 45
116 113 57
116 114 41
116 115 60
116 116 55
116 117 54
116 118 58
116 119 63
116 120 48
116 121 45
116 122 52
116 123 47
116 124 62
116 125 46
116 126 40
116 127 50
116 128 51
116 129 41
116 130 57
116 131 47
116 132 48
116 133 37
116 134 52
116 135 47
116 136 44
116 137 47
116 138 60
116 139 34
116 140 43
116 141 41
116 142 52
116 143 58
116 144 53
116 145 51
116 146 49
116 147 46
116 148 51
116 149 37
117 0 43
117 1 70
117 2 37
117 3 49
117 4 40
117 5 48
117 6 48
117 7 46
117 8 45
117 9 49
117 10 53
117 11 47
117 12 49
117 13 50
117 14 43
117 15 49
117 16 38
117 17 46
117 18 51
117 19 57
117 20 50
117 21 51
117 22 48
117 23 57
117 24 48
117 25 61
117 26 47
117 27 54
117 28 45
117 29 45
117 30 47
117 31 48
117 32 50
117 33 52
117 34 44
117 35 43
117 36 41
117 37 55
117 38 54
117 39 44
117 40 48
117 41 43
117 42 56
117 43 52
117 44 35
117 45 42
117 46 35
117 47 42
117 48 46
117 49 45
117 50 50
117 51 60
117 52 46
117 53 39
117 54 62
117 55 48
117 56 52
117 57 51
117 58 39
117 59 25
117 60 49
117 61 43
117 62 50
117 63 45
117 64 45
117 65 44
117 66 50
117 67 53
117 68 46
117 69 49
117 70 52
117 71 42
117 72 47
117 73 45
117 74 33
117 75 56
117 76 44
117 77 52
117 78 58
117 79 42
117 80 47
117 81 37
117 82 45
117 83 51
117 84 54
117 85 36
117 86 51
117 87 57
117 88 41
117 89 49
117 90 54
117 91 59
117 92 51
117 93 41
117 94 51
117 95 47
117 96 41
117 97 47
117 98 46
117 99 44
117 100 56
117 101 39
117 102 45
117 103 44
117 104 47
117 105 50
117 106 56
117 107 42
117 108 46
117 109 56
117 110 51
117 111 39
117 112 57
117 113 50
117 114 58
117 115 41
117 116 40
117 117 51
117 118 53
117 119 55
117 120 45
117 121 42
117 122 44
117 123 43
117 124 52
117 125 46
117 126 62
117 127 46
117 128 45
117 129 68
117 130 42
117 131 42
117 132 51
117 133 54
117 134 37
117 135 63
117 136 43
117 137 42
117 138 59
117 139 53
117 140 49
117 141 49
117 142 57
117 143 55
117 144 40
117 145 52
117 146 65
117 147 43
117 148 49
117 149 43
118 0 59
118 1 45
118 2 56
118 3 47
118 4 41
118 5 58
118 6 53
118 7 54
118 8 57
118 9 59
118 10 57
118 11 49
118 12 38
118 13 48
118 14 49
118 15 55
118 16 47
118 17 54
118 18 44
118 19 45
118 20 41
118 21 52
118 22 48
118 23 46
118 24 43
118 25 45
118 26 36
118 27 44
118 28 56
118 29 57
118 30 58
118 31 47
118 32 55
118 33 60
118 34 62
118 35 44
118 36 44
118 37 44
118 38 42
118 39 54
118 40 45
118 41 52
118 42 38
118 43 42
118 44 55
118 45 51
118 46 51
118 47 55
118 48 55
118 49 39
118 50 54
118 51 53
118 52 48
118 53 43
118 54 59
118 55 56
118 56 45
118 57 48
118 58 57
118 59 32
118 60 49
118 61 49
118 62 52
118 63 52
118 64 34
118 65 46
118 66 48
118 67 52
118 68 43
118 69 38
118 70 53
118 71 45
118 72 45
118 73 59
118 74 56
118 75 50
118 76 31
118 77 39
118 78 38
118 79 42
118 80 49
118 81 40
118 82 45
118 83 57
118 84 39
118 85 50
118 86 50
118 87 59
118 88 47
118 89 34
118 90 38
118 91 39
118 92 50
118 93 34
118 94 40
118 95 50
118 96 47
118 97 43
118 98 54
118 99 53
118 100 40
118 101 54
118 102 45
118 103 35
118 104 49
118 105 40
118 106 41
118 107 47
118 108 46
118 109 51
118 110 48
118 111 52
118 112 55
118 113 51
118 114 45
118 115 45
118 116 40
118 117 41
118 118 42
118 119 51
118 120 47
118 121 49
118 122 45
118 123 55
118 124 35
118 125 42
118 126 41
118 127 48
118 128 44
118 129 50
118 130 41
118 131 60
118 132 47
118 133 47
118 134 55
118 135 33
118 136 53
118 137 49
118 138 38
118 139 57
118 140 61
118 141 57
118 142 50
118 143 50
118 144 40
118 145 63
118 146 56
118 147 50
118 148 45
118 149 39
119 0 43
119 1 52
119 2 43
119 3 33
119 4 44
119 5 51
119 6 51
119 7 44
119 8 45
119 9 38
119 10 44
119 11 47
119 12 50
119 13 44
119 14 47
119 15 56
119 16 34
119 17 43
119 18 48
119 19 39
119 20 49
119 21 47
119 22 55
119 23 48
119 24 40
119 25 43
119 26 53
119 27 36
119 28 49
119 29 48
119 30 42
119 31 53
119 32 45
119 33 45
119 34 55
119 35 47
119 36 37
119 37 43
119 38 54
119 39 41
119 40 49
119 41 47
119 42 45
119 43 46
119 44 52
119 45 56
119 46 60
119 47 55
119 48 53
119 49 55
119 50 64
119 51 45
119 52 49
119 53 48
119 54 47
119 55 47
119 56 51
119 57 46
119 58 53
119 59 54
119 60 58
119 61 43
119 62 39
119 63 44
119 64 63
119 65 50
119 66 43
119 67 49
119 68 59
119 69 49
119 70 54
119 71 39
119 72 43
119 73 48
119 74 43
119 75 39
119 76 46
119 77 39
119 78 46
119 79 49
119 80 48
119 81 52
119 82 63
119 83 53
119 84 59
119 85 41
119 86 52
119 87 43
119 88 38
119 89 40
119 90 45
119 91 43
119 92 49
119 93 50
119 94 63
119 95 45
119 96 46
119 97 50
119 98 55
119 99 41
119 100 41
119 101 45
119 102 36
119 103 52
119 104 48
119 105 40
119 106 45
119 107 45
119 108 43
119 109 57
119 110 52
119 111 50
119 112 52
119 113 57
119 114 52
119 115 58
119 116 66
119 117 51
119 118 41
119 119 39
119 120 51
119 121 47
119 122 55
119 123 53
119 124 58
119 125 56
119 126 47
119 127 49
119 128 55
119 129 46
119 130 53
119 131 53
119 132 46
119 133 44
119 134 50
119 135 47
119 136 63
119 137 54
119 138 45
119 139 48
119 140 36
119 141 60
119 142 41
119 143 47
119 144 40
119 145 48
119 146 59
119 147 44
119 148 64
119 149 45
120 0 60
120 1 56
120 2 53
120 3 52
120 4 57
120 5 56
120 6 43
120 7 51
120 8 56
120 9 50
120 10 37
120 11 45
120 12 49
120 13 60
120 14 42
120 15 43
120 16 37
120 17 46
120 18 46
120 19 50
120 20 53
120 21 45
120 22 43
120 23 44
120 24 53
120 25 48
120 26 54
120 27 50
120 28 52
120 29 46
120 30 41
120 31 69
120 32 55
120 33 56
120 34 39
120 35 51
120 36 42
120 37 50
120 38 45
120 39 55
120 40 51
120 41 55
120 42 50
120 43 43
120 44 53
120 45 53
120 46 47
120 47 59
120 48 50
120 49 46
120 50 54
120 51 45
120 52 41
120 53 59
120 54 40
120 55 47
120 56 50
120 57 57
120 58 55
120 59 42
120 60 42
120 61 47
120 62 54
120 63 33
120 64 48
120 65 50
120 66 39
120 67 54
120 68 41
120 69 39
120 70 52
120 71 43
120 72 43
120 73 46
120 74 46
120 75 49
120 76 41
120 77 45
120 78 62
120 79 50
120 80 55
120 81 41
120 82 57
120 83 57
120 84 51
120 85 63
120 86 60
120 87 56
120 88 52
120 89 65
120 90 47
120 91 38
120 92 41
120 93 57
120 94 42
120 95 51
120 96 47
120 97 56
120 98 51
120 99 35
120 100 46
120 101 51
120 102 43
120 103 60
120 104 50
120 105 57
120 106 50
120 107 58
120 108 54
120 109 38
120 110 57
120 111 59
120 112 56
120 113 48
120 114 53
120 115 44
120 116 39
120 117 51
120 118 46
120 119 39
120 120 57
120 121 48
120 122 50
120 123 57
120 124 38
120 125 57
120 126 53
120 127 42
120 128 51
120 129 35
120 130 34
120 131 53
120 132 48
120 133 41
120 134 50
120 135 48
120 136 56
120 137 51
120 138 42
120 139 42
120 140 46
120 141 50
120 142 54
120 143 54
120 144 54
120 145 44
120 146 47
120 147 39
120 148 56
120 149 44
121 0 48
121 1 43
121 2 48
121 3 41
121 4 73
121 5 54
121 6 53
121 7 43
121 8 47
121 9 54
121 10 51
121 11 44
121 12 37
121 13 50
121 14 33
121 15 60
121 16 44
121 17 36
121 18 45
121 19 42
121 20 38
121 21 62
121 22 55
121 23 43
121 24 56
121 25 48
121 26 44
121 27 53
121 28 52
121 29 28
121 30 36
121 31 45
121 32 46
121 33 46
121 34 67
121 35 42
121 36 49
121 37 50
121 38 42
121 39 52
121 40 42
121 41 49
121 42 53
121 43 49
121 44 38
121 45 51
121 46 56
121 47 47
121 48 53
121 49 49
121 50 50
121 51 59
121 52 46
121 53 55
121 54 46
121 55 46
121 56 43
121 57 60
121 58 37
121 59 48
121 60 43
121 61 51
121 62 54
121 63 57
121 64 44
121 65 47
121 66 56
121 67 38
121 68 43
121 69 53
121 70 47
121 71 50
121 72 42
121 73 49
121 74 42
121 75 46
121 76 49
121 77 53
121 78 44
121 79 57
121 80 52
121 81 49
121 82 50
121 83 48
121 84 52
121 85 59
121 86 43
121 87 45
121 88 48
121 89 49
121 90 42
121 91 53
121 92 48
121 93 50
121 94 66
121 95 40
121 96 53
121 97 38
121 98 44
121 99 49
121 100 56
121 101 44
121 102 56
121 103 50
121 104 56
121 105 57
121 106 34
121 107 51
121 108 41
121 109 44
121 110 47
121 111 57
121 112 45
121 113 42
121 114 53
121 115 53
121 116 52
121 117 52
121 118 56
121 119 51
121 120 51
121 121 59
121 122 50
121 123 60
121 124 36
121 125 49
121 126 36
121 127 42
121 128 47
121 129 40
121 130 47
121 131 50
121 132 54
121 133 60
121 134 46
121 135 47
121 136 53
121 137 44
121 138 36
121 139 48
121 140 50
121 141 55
121 142 48
121 143 47
121 144 45
121 145 46
121 146 40
121 147 37
121 148 46
121 149 44
122 0 42
122 1 44
122 2 37
122 3 44
122 4 40
122 5 58
122 6 33
122 7 52
122 8 42
122 9 42
122 10 50
122 11 44
122 12 58
122 13 49
122 14 46
122 15 43
122 16 47
122 17 53
122 18 43
122 19 48
122 20 49
122 21 51
122 22 38
122 23 52
122 24 54
122 25 42
122 26 51
122 27 62
122 28 60
122 29 51
122 30 44
122 31 47
122 32 42
122 33 48
122 34 54
122 35 46
122 36 61
122 37 50
122 38 47
122 39 49
122 40 43
122 41 57
122 42 42
122 43 45
122 44 36
122 45 58
122 46 37
122 47 45
122 48 46
122 49 45
122 50 46
122 51 42
122 52 56
122 53 39
122 54 46
122 55 41
122 56 49
122 57 45
122 58 44
122 59 53
122 60 44
122 61 38
122 62 49
122 63 48
122 64 41
122 65 54
122 66 51
122 67 46
122 68 39
122 69 48
122 70 39
122 71 54
122 72 45
122 73 48
122 74 50
122 75 47
122 76 44
122 77 47
122 78 38
122 79 56
122 80 57
122 81 66
122 82 68
122 83 47
122 84 53
122 85 46
122 86 41
122 87 46
122 88 54
122 89 49
122 90 47
122 91 44
122 92 51
122 93 39
122 94 43
122 95 40
122 96 50
122 97 45
122 98 51
122 99 56
122 100 43
122 101 49
122 102 55
122 103 45
122 104 41
122 105 50
122 106 53
122 107 63
122 108 46
122 109 55
122 110 49
122 111 42
122 112 47
122 113 46
122 114 45
122 115 42
122 116 66
122 117 39
122 118 57
122 119 45
122 120 46
122 121 45
122 122 58
122 123 50
122 124 58
122 125 44
122 126 49
122 127 47
122 128 49
122 129 31
122 130 51
122 131 49
122 132 49
122 133 39
122 134 50
122 135 51
122 136 36
122 137 49
122 138 48
122 139 44
122 140 60
122 141 52
122 142 50
122 143 45
122 144 54
122 145 56
122 146 52
122 147 48
122 148 58
122 149 52
123 0 57
123 1 65
123 2 48
123 3 53
123 4 42
123 5 54
123 6 57
123 7 56
123 8 42
123 9 31
123 10 49
123 11 48
123 12 33
123 13 50
123 14 45
123 15 57
123 16 62
123 17 49
123 18 59
123 19 57
123 20 54
123 21 36
123 22 54
123 23 41
123 24 47
123 25 50
123 26 57
123 27 46
123 28 40
123 29 43
123 30 43
123 31 65
123 32 50
123 33 45
123 34 45
123 35 63
123 36 53
123 37 49
123 38 56
123 39 49
123 40 55
123 41 61
123 42 39
123 43 57
123 44 50
123 45 46
123 46 50
123 47 43
123 48 47
123 49 54
123 50 42
123 51 36
123 52 44
123 53 42
123 54 61
123 55 52
123 56 44
123 57 55
123 58 34
123 59 51
123 60 34
123 61 49
123 62 51
123 63 51
123 64 52
123 65 45
123 66 44
123 67 51
123 68 40
123 69 56
123 70 50
123 71 56
123 72 43
123 73 50
123 74 49
123 75 35
123 76 36
123 77 50
123 78 54
123 79 43
123 80 56
123 81 36
123 82 57
123 83 50
123 84 44
123 85 59
123 86 36
123 87 52
123 88 39
123 89 49
123 90 38
123 91 41
123 92 45
123 93 43
123 94 55
123 95 55
123 96 33
123 97 41
123 98 47
123 99 46
123 100 48
123 101 45
123 102 49
123 103 50
123 104 48
123 105 45
123 106 50
123 107 50
123 108 49
123 109 52
123 110 50
123 111 46
123 112 39
123 113 51
123 114 53
123 115 52
123 116 57
123 117 45
123 118 31
123 119 41
123 120 48
123 121 60
123 122 56
123 123 50
123 124 60
123 125 47
123 126 49
123 127 58
123 128 49
123 129 52
123 130 45
123 131 42
123 132 43
123 133 58
123 134 49
123 135 43
123 136 37
123 137 41
123 138 43
123 139 49
123 140 45
123 141 47
123 142 38
123 143 40
123 144 39
123 145 40
123 146 65
123 147 46
123 148 40
123 149 53
124 0 53
124 1 42
124 2 44
124 3 38
124 4 62
124 5 49
124 6 41
124 7 45
124 8 46
124 9 48
124 10 42
124 11 47
124 12 39
124 13 36
124 14 42
124 15 43
124 16 34
124 17 48
124 18 53
124 19 62
124 20 50
124 21 42
124 22 44
124 23 35
124 24 45
124 25 35
124 26 54
124 27 38
124 28 45
124 29 57
124 30 47
124 31 51
124 32 51
124 33 52
124 34 46
124 35 55
124 36 45
124 37 53
124 38 36
124 39 57
124 40 43
124 41 58
124 42 38
124 43 34
124 44 39
124 45 38
124 46 52
124 47 39
124 48 43
124 49 43
124 50 34
124 51 47
124 52 50
124 53 47
124 54 64
124 55 52
124 56 49
124 57 43
124 58 42
124 59 52
124 60 39
124 61 45
124 62 51
124 63 37
124 64 44
124 65 45
124 66 40
124 67 52
124 68 49
124 69 48
124 70 48
124 71 43
124 72 58
124 73 37
124 74 40
124 75 58
124 76 50
124 77 47
124 78 46
124 79 58
124 80 45
124 81 49
124 82 38
124 83 52
124 84 46
124 85 49
124 86 42
124 87 41
124 88 37
124 89 58
124 90 47
124 91 39
124 92 36
124 93 62
124 94 41
124 95 58
124 96 48
124 97 45
124 98 47
124 99 38
124 100 48
124 101 54
124 102 52
124 103 43
124 104 62
124 105 69
124 106 39
124 107 50
124 108 52
124 109 42
124 110 44
124 111 46
124 112 42
124 113 52
124 114 48
124 115 43
124 116 42
124 117 41
124 118 60
124 119 44
124 120 49
124 121 53
124 122 33
124 123 42
124 124 41
124 125 55
124 126 53
124 127 55
124 128 41
124 129 51
124 130 54
124 131 52
124 132 44
124 133 49
124 134 55
124 135 43
124 136 51
124 137 55
124 138 47
124 139 46
124 140 50
124 141 39
124 142 44
124 143 52
124 144 46
124 145 41
124 146 54
124 147 57
124 148 50
124 149 62
125 0 46
125 1 43
125 2 45
125 3 59
125 4 37
125 5 58
125 6 40
125 7 54
125 8 45
125 9 53
125 10 47
125 11 36
125 12 39
125 13 55
125 14 36
125 15 36
125 16 44
125 17 50
125 18 43
125 19 48
125 20 47
125 21 62
125 22 49
125 23 46
125 24 46
125 25 46
125 26 51
125 27 45
125 28 51
125 29 51
125 30 45
125 31 49
125 32 50
125 33 50
125 34 38
125 35 55
125 36 57
125 37 43
125 38 51
125 39 59
125 40 49
125 41 54
125 42 44
125 43 37
125 44 37
125 45 50
125 46 43
125 47 43
125 48 43
125 49 44
125 50 41
125 51 57
125 52 52
125 53 40
125 54 43
125 55 63
125 56 51
125 57 48
125 58 49
125 59 43
125 60 48
125 61 47
125 62 55
125 63 60
125 64 44
125 65 52
125 66 38
125 67 51
125 68 56
125 69 51
125 70 50
125 71 41
125 72 47
125 73 62
125 74 43
125 75 60
125 76 48
125 77 35
125 78 43
125 79 54
125 80 59
125 81 57
125 82 46
125 83 51
125 84 46
125 85 49
125 86 49
125 87 43
125 88 53
125 89 44
125 90 51
125 91 56
125 92 48
125 93 55
125 94 39
125 95 67
125 96 53
125 97 49
125 98 35
125 99 63
125 100 52
125 101 51
125 102 54
125 103 51
125 104 51
125 105 55
125 106 65
125 107 32
125 108 58
125 109 44
125 110 54
125 111 52
125 112 53
125 113 52
125 114 51
125 115 53
125 116 49
125 117 45
125 118 48
125 119 41
125 120 54
125 121 41
125 122 49
125 123 45
125 124 48
125 125 44
125 126 50
125 127 49
125 128 49
125 129 50
125 130 60
125 131 46
125 132 39
125 133 42
125 134 68
125 135 49
125 136 49
125 137 39
125 138 49
125 139 54
125 140 52
125 141 44
125 142 45
125 143 41
125 144 44
125 145 39
125 146 46
125 147 38
125 148 39
125 149 39
126 0 60
126 1 41
126 2 50
126 3 52
126 4 42
126 5 50
126 6 40
126 7 36
126 8 41
126 9 50
126 10 49
126 11 33
126 12 35
126 13 56
126 14 67
126 15 39
126 16 28
126 17 38
126 18 50
126 19 57
126 20 38
126 21 44
126 22 53
126 23 46
126 24 43
126 25 49
126 26 43
126 27 56
126 28 49
126 29 58
126 30 56
126 31 50
126 32 43
126 33 46
126 34 45
126 35 54
126 36 48
126 37 54
126 38 39
126 39 50
126 40 46
126 41 43
126 42 47
126 43 39
126 44 50
126 45 56
126 46 52
126 47 44
126 48 45
126 49 46
126 50 41
126 51 48
126 52 49
126 53 44
126 54 51
126 55 43
126 56 53
126 57 51
126 58 51
126 59 48
126 60 51
126 61 53
126 62 37
126 63 53
126 64 43
126 65 51
126 66 53
126 67 49
126 68 37
126 69 43
126 70 49
126 71 53
126 72 57
126 73 51
126 74 39
126 75 48
126 76 45
126 77 49
126 78 51
126 79 45
126 80 50
126 81 35
126 82 47
126 83 59
126 84 55
126 85 53
126 86 48
126 87 37
126 88 46
126 89 59
126 90 49
126 91 48
126 92 68
126 93 48
126 94 44
126 95 41
126 96 51
126 97 48
126 98 37
126 99 42
126 100 53
126 101 54
126 102 45
126 103 45
126 104 54
126 105 35
126 106 54
126 107 48
126 108 45
126 109 49
126 110 54
126 111 49
126 112 45
126 113 52
126 114 39
126 115 36
126 116 56
126 117 63
126 118 54
126 119 37
126 120 55
126 121 64
126 122 41
126 123 51
126 124 50
126 125 53
126 126 53
126 127 51
126 128 47
126 129 58
126 130 45
126 131 42
126 132 45
126 133 51
126 134 48
126 135 51
126 136 52
126 137 42
126 138 38
126 139 48
126 140 29
126 141 62
126 142 58
126 143 41
126 144 47
126 145 39
126 146 45
126 147 49
126 148 50
126 149 49
127 0 44
127 1 60
127 2 32
127 3 58
127 4 39
127 5 45
127 6 49
127 7 55
127 8 36
127 9 50
127 10 60
127 11 46
127 12 51
127 13 47
127 14 58
127 15 50
127 16 44
127 17 37
127 18 49
127 19 59
127 20 55
127 21 44
127 22 53
127 23 54
127 24 49
127 25 51
127 26 57
127 27 42
127 28 43
127 29 63
127 30 46
127 31 49
127 32 37
127 33 45
127 34 46
127 35 49
127 36 60
127 37 54
127 38 48
127 39 52
127 40 44
127 41 52
127 42 42
127 43 37
127 44 50
127 45 53
127 46 46
127 47 41
127 48 44
127 49 57
127 50 61
127 51 53
127 52 40
127 53 44
127 54 58
127 55 53
127 56 52
127 57 51
127 58 43
127 59 49
127 60 51
127 61 53
127 62 45
127 63 52
127 64 46
127 65 41
127 66 48
127 67 49
127 68 37
127 69 48
127 70 62
127 71 45
127 72 59
127 73 56
127 74 46
127 75 32
127 76 35
127 77 60
127 78 47
127 79 51
127 80 45
127 81 48
127 82 48
127 83 46
127 84 41
127 85 42
127 86 41
127 87 59
127 88 40
127 89 38
127 90 53
127 91 52
127 92 47
127 93 46
127 94 62
127 95 44
127 96 48
127 97 52
127 98 56
127 99 39
127 100 50
127 101 58
127 102 40
127 103 46
127 104 45
127 105 57
127 106 52
127 107 46
127 108 56
127 109 50
127 110 42
127 111 57
127 112 58
127 113 67
127 114 46
127 115 39
127 116 57
127 117 45
127 118 40
127 119 46
127 120 44
127 121 42
127 122 38
127 123 52
127 124 38
127 125 59
127 126 44
127 127 44
127 128 41
127 129 52
127 130 53
127 131 58
127 132 51
127 133 53
127 134 51
127 135 59
127 136 61
127 137 50
127 138 41
127 139 55
127 140 53
127 141 58
127 142 45
127 143 55
127 144 49
127 145 46
127 146 43
127 147 47
127 148 50
127 149 59
128 0 44
128 1 51
128 2 39
128 3 38
128 4 44
128 5 44
128 6 45
128 7 43
128 8 34
128 9 50
128 10 50
128 11 58
128 12 48
128 13 48
128 14 53
128 15 37
128 16 44
128 17 50
128 18 44
128 19 44
128 20 56
128 21 47
128 22 45
128 23 37
128 24 50
128 25 63
128 26 58
128 27 45
128 28 51
128 29 51
128 30 52
128 31 45
128 32 56
128 33 57
128 34 51
128 35 52
128 36 60
128 37 50
128 38 41
128 39 42
128 40 39
128 41 54
128 42 59
128 43 59
128 44 36
128 45 49
128 46 38
128 47 57
128 48 58
128 49 57
128 50 42
128 51 43
128 52 43
128 53 53
128 54 40
128 55 43
128 56 48
128 57 46
128 58 57
128 59 34
128 60 47
128 61 55
128 62 39
128 63 55
128 64 36
128 65 49
128 66 68
128 67 50
128 68 39
128 69 47
128 70 45
128 71 61
128 72 44
128 73 54
128 74 42
128 75 38
128 76 62
128 77 66
128 78 49
128 79 50
128 80 45
128 81 52
128 82 46
128 83 56
128 84 47
128 85 59
128 86 41
128 87 51
128 88 47
128 89 35
128 90 47
128 91 44
128 92 50
128 93 47
128 94 42
128 95 46
128 96 59
128 97 56
128 98 50
128 99 47
128 100 49
128 101 53
128 102 54
128 103 47
128 104 61
128 105 51
128 106 54
128 107 50
128 108 50
128 109 47
128 110 46
128 111 48
128 112 52
128 113 44
128 114 49
128 115 50
128 116 64
128 117 39
128 118 45
128 119 43
128 120 48
128 121 34
128 122 49
128 123 47
128 124 44
128 125 40
128 126 62
128 127 44
128 128 34
128 129 49
128 130 56
128 131 39
128 132 49
128 133 45
128 134 45
128 135 49
128 136 43
128 137 48
128 138 53
128 139 51
128 140 43
128 141 46
128 142 56
128 143 55
128 144 47
128 145 46
128 146 50
128 147 46
128 148 56
128 149 50
129 0 38
129 1 47
129 2 58
129 3 64
129 4 54
129 5 48
129 6 48
129 7 44
129 8 65
129 9 41
129 10 44
129 11 60
129 12 39
129 13 53
129 14 43
129 15 49
129 16 57
129 17 53
129 18 48
129 19 37
129 20 40
129 21 51
129 22 55
129 23 44
129 24 35
129 25 61
129 26 55
129 27 47
129 28 46
129 29 56
129 30 56
129 31 46
129 32 42
129 33 56
129 34 48
129 35 40
129 36 55
129 37 52
129 38 53
129 39 55
129 40 47
129 41 43
129 42 45
129 43 55
129 44 59
129 45 39
129 46 44
129 47 42
129 48 50
129 49 55
129 50 39
129 51 45
129 52 48
129 53 52
129 54 38
129 55 48
129 56 51
129 57 49
129 58 54
129 59 53
129 60 55
129 61 42
129 62 52
129 63 69
129 64 51
129 65 62
129 66 42
129 67 49
129 68 45
129 69 43
129 70 52
129 71 39
129 72 47
129 73 48
129 74 59
129 75 42
129 76 45
129 77 48
129 78 41
129 79 52
129 80 54
129 81 57
129 82 46
129 83 52
129 84 42
129 85 46
129 86 54
129 87 56
129 88 46
129 89 46
129 90 57
129 91 53
129 92 64
129 93 56
129 94 44
129 95 39
129 96 48
129 97 50
129 98 50
129 99 62
129 100 43
129 101 47
129 102 52
129 103 51
129 104 65
129 105 44
129 106 50
129 107 39
129 108 47
129 109 46
129 110 43
129 111 45
129 112 55
129 113 53
129 114 56
129 115 43
129 116 44
129 117 48
129 118 50
129 119 67
129 120 53
129 121 55
129 122 54
129 123 44
129 124 63
129 125 51
129 126 42
129 127 48
129 128 50
129 129 65
129 130 51
129 131 47
129 132 36
129 133 44
129 134 51
129 135 43
129 136 48
129 137 43
129 138 57
129 139 45
129 140 48
129 141 58
129 142 56
129 143 48
129 144 46
129 145 35
129 146 44
129 147 59
129 148 38
129 149 49
130 0 45
130 1 49
130 2 45
130 3 51
130 4 47
130 5 45
130 6 61
130 7 35
130 8 45
130 9 53
130 10 63
130 11 58
130 12 46
130 13 61
130 14 57
130 15 48
130 16 54
130 17 37
130 18 60
130 19 50
130 20 57
130 21 38
130 22 47
130 23 59
130 24 64
130 25 52
130 26 47
130 27 51
130 28 54
130 29 44
130 30 53
130 31 59
130 32 69
130 33 62
130 34 40
130 35 53
130 36 34
130 37 38
130 38 55
130 39 47
130 40 37
130 41 48
130 42 60
130 43 58
130 44 34
130 45 62
130 46 62
130 47 44
130 48 49
130 49 49
130 50 38
130 51 54
130 52 41
130 53 45
130 54 50
130 55 54
130 56 38
130 57 49
130 58 48
130 59 50
130 60 49
130 61 60
130 62 43
130 63 45
130 64 42
130 65 41
130 66 58
130 67 52
130 68 46
130 69 41
130 70 54
130 71 49
130 72 46
130 73 53
130 74 50
130 75 47
130 76 56
130 77 40
130 78 44
130 79 57
130 80 41
130 81 49
130 82 47
130 83 53
130 84 40
130 85 50
130 86 58
130 87 46
130 88 59
130 89 45
130 90 55
130 91 45
130 92 59
130 93 47
130 94 49
130 95 48
130 96 45
130 97 50
130 98 37
130 99 53
130 100 44
130 101 48
130 102 49
130 103 54
130 104 34
130 105 42
130 106 54
130 107 47
130 108 46
130 109 58
130 110 58
130 111 47
130 112 59
130 113 45
130 114 44
130 115 52
130 116 49
130 117 52
130 118 44
130 119 52
130 120 42
130 121 48
130 122 53
130 123 54
130 124 44
130 125 48
130 126 40
130 127 48
130 128 57
130 129 57
130 130 42
130 131 48
130 132 51
130 133 55
130 134 38
130 135 47
130 136 53
130 137 49
130 138 39
130 139 44
130 140 48
130 141 58
130 142 47
130 143 53
130 144 42
130 145 30
130 146 49
130 147 42
130 148 46
130 149 46
131 0 40
131 1 44
131 2 47
131 3 46
131 4 54
131 5 45
131 6 52
131 7 48
131 8 46
131 9 44
131 10 45
131 11 46
131 12 51
131 13 50
131 14 53
131 15 49
131 16 40
131 17 46
131 18 48
131 19 51
131 20 47
131 21 46
131 22 46
131 23 43
131 24 39
131 25 50
131 26 52
131 27 48
131 28 54
131 29 50
131 30 50
131 31 46
131 32 52
131 33 42
131 34 38
131 35 53
131 36 32
131 37 47
131 38 52
131 39 45
131 40 59
131 41 50
131 42 50
131 43 43
131 44 46
131 45 46
131 46 40
131 47 46
131 48 51
131 49 54
131 50 42
131 51 40
131 52 44
131 53 51
131 54 40
131 55 41
131 56 49
131 57 45
131 58 63
131 59 43
131 60 54
131 61 51
131 62 53
131 63 55
131 64 53
131 65 46
131 66 39
131 67 41
131 68 52
131 69 56
131 70 60
131 71 58
131 72 40
131 73 39
131 74 46
131 75 58
131 76 51
131 77 46
131 78 49
131 79 60
131 80 50
131 81 53
131 82 49
131 83 47
131 84 48
131 85 59
131 86 47
131 87 48
131 88 63
131 89 50
131 90 38
131 91 41
131 92 48
131 93 41
131 94 59
131 95 54
131 96 46
131 97 54
131 98 54
131 99 46
131 100 55
131 101 43
131 102 44
131 103 52
131 104 60
131 105 55
131 106 58
131 107 46
131 108 47
131 109 46
131 110 47
131 111 42
131 112 38
131 113 50
131 114 45
131 115 47
131 116 38
131 117 42
131 118 51
131 119 41
131 120 40
131 121 57
131 122 48
131 123 57
131 124 39
131 125 43
131 126 43
131 127 44
131 128 48
131 129 52
131 130 37
131 131 40
131 132 47
131 133 38
131 134 59
131 135 40
131 136 40
131 137 39
131 138 57
131 139 59
131 140 45
131 141 68
131 142 48
131 143 47
131 144 54
131 145 60
131 146 56
131 147 46
131 148 42
131 149 45
132 0 39
132 1 53
132 2 56
132 3 45
132 4 49
132 5 35
132 6 49
132 7 31
132 8 53
132 9 53
132 10 55
132 11 47
132 12 55
132 13 48
132 14 39
132 15 56
132 16 60
132 17 53
132 18 40
132 19 42
132 20 51
132 21 64
132 22 46
132 23 55
132 24 41
132 25 45
132 26 49
132 27 44
132 28 43
132 29 57
132 30 53
132 31 45
132 32 46
132 33 40
132 34 45
132 35 50
132 36 46
132 37 42
132 38 47
132 39 54
132 40 47
132 41 62
132 42 46
132 43 46
132 44 43
132 45 40
132 46 51
132 47 51
132 48 47
132 49 41
132 50 62
132 51 57
132 52 41
132 53 42
132 54 45
132 55 57
132 56 43
132 57 42
132 58 48
132 59 50
132 60 50
132 61 52
132 62 46
132 63 42
132 64 48
132 65 37
132 66 51
132 67 44
132 68 42
132 69 37
132 70 48
132 71 53
132 72 50
132 73 52
132 74 55
132 75 45
132 76 65
132 77 49
132 78 44
132 79 46
132 80 48
132 81 59
132 82 53
132 83 62
132 84 46
132 85 42
132 86 54
132 87 49
132 88 47
132 89 59
132 90 43
132 91 55
132 92 53
132 93 45
132 94 57
132 95 53
132 96 44
132 97 52
132 98 55
132 99 46
132 100 42
132 101 51
132 102 57
132 103 40
132 104 52
132 105 46
132 106 47
132 107 45
132 108 38
132 109 43
132 110 47
132 111 57
132 112 48
132 113 52
132 114 49
132 115 45
132 116 47
132 117 51
132 118 45
132 119 40
132 120 50
132 121 50
132 122 44
132 123 61
132 124 46
132 125 43
132 126 55
132 127 41
132 128 42
132 129 50
132 130 52
132 131 48
132 132 61
132 133 50
132 134 47
132 135 40
132 136 55
132 137 56
132 138 54
132 139 55
132 140 47
132 141 46
132 142 59
132 143 53
132 144 55
132 145 47
132 146 41
132 147 47
132 148 34
132 149 46
133 0 36
133 1 43
133 2 50
133 3 42
133 4 38
133 5 46
133 6 59
133 7 52
133 8 51
133 9 46
133 10 50
133 11 52
133 12 56
133 13 54
133 14 46
133 15 47
133 16 42
133 17 49
133 18 45
133 19 45
133 20 38
133 21 53
133 22 53
133 23 46
133 24 61
133 25 58
133 26 37
133 27 44
133 28 50
133 29 47
133 30 44
133 31 57
133 32 65
133 33 69
133 34 47
133 35 48
133 36 53
133 37 51
133 38 45
133 39 42
133 40 43
133 41 59
133 42 36
133 43 48
133 44 45
133 45 49
133 46 41
133 47 53
133 48 40
133 49 40
133 50 48
133 51 43
133 52 52
133 53 56
133 54 36
133 55 52
133 56 59
133 57 51
133 58 54
133 59 51
133 60 58
133 61 50
133 62 52
133 63 55
133 64 59
133 65 44
133 66 41
133 67 41
133 68 56
133 69 60
133 70 58
133 71 45
133 72 56
133 73 51
133 74 38
133 75 41
133 76 53
133 77 49
133 78 48
133 79 42
133 80 40
133 81 57
133 82 49
133 83 47
133 84 53
133 85 50
133 86 43
133 87 71
133 88 53
133 89 43
133 90 49
133 91 56
133 92 54
133 93 57
133 94 46
133 95 46
133 96 41
133 97 53
133 98 44
133 99 62
133 100 46
133 101 42
133 102 41
133 103 50
133 104 42
133 105 53
133 106 56
133 107 44
133 108 59
133 109 52
133 110 56
133 111 37
133 112 47
133 113 52
133 114 50
133 115 50
133 116 47
133 117 45
133 118 42
133 119 45
133 120 43
133 121 41
133 122 43
133 123 38
133 124 48
133 125 45
133 126 44
133 127 49
133 128 46
133 129 44
133 130 44
133 131 39
133 132 49
133 133 48
133 134 54
133 135 37
133 136 36
133 137 49
133 138 50
133 139 62
133 140 49
133 141 41
133 142 48
133 143 46
133 144 54
133 145 47
133 146 46
133 147 46
133 148 46
133 149 54
134 0 53
134 1 34
134 2 39
134 3 52
134 4 55
134 5 39
134 6 44
134 7 33
134 8 30
134 9 57
134 10 45
134 11 58
134 12 52
134 13 46
134 14 46
134 15 50
134 16 39
134 17 43
134 18 52
134 19 49
134 20 58
134 21 45
134 22 51
134 23 39
134 24 51
134 25 38
134 26 38
134 27 50
134 28 41
134 29 57
134 30 41
134 31 47
134 32 52
134 33 45
134 34 50
134 35 51
134 36 62
134 37 36
134 38 34
134 39 47
134 40 45
134 41 38
134 42 65
134 43 42
134 44 41
134 45 48
134 46 49
134 47 58
134 48 50
134 49 47
134 50 56
134 51 35
134 52 48
134 53 38
134 54 38
134 55 35
134 56 56
134 57 48
134 58 53
134 59 47
134 60 49
134 61 49
134 62 47
134 63 43
134 64 46
134 65 44
134 66 45
134 67 50
134 68 43
134 69 48
134 70 40
134 71 38
134 72 64
134 73 48
134 74 56
134 75 51
134 76 50
134 77 54
134 78 67
134 79 49
134 80 54
134 81 60
134 82 46
134 83 50
134 84 54
134 85 43
134 86 53
134 87 56
134 88 48
134 89 42
134 90 58
134 91 46
134 92 57
134 93 55
134 94 41
134 95 47
134 96 55
134 97 33
134 98 38
134 99 54
134 100 50
134 101 52
134 102 54
134 103 45
134 104 54
134 105 39
134 106 48
134 107 52
134 108 44
134 109 50
134 110 47
134 111 40
134 112 38
134 113 50
134 114 45
134 115 44
134 116 55
134 117 56
134 118 47
134 119 55
134 120 51
134 121 41
134 122 43
134 123 54
134 124 41
134 125 33
134 126 50
134 127 32
134 128 48
134 129 49
134 130 50
134 131 49
134 132 41
134 133 50
134 134 41
134 135 49
134 136 52
134 137 45
134 138 36
134 139 47
134 140 46
134 141 51
134 142 42
134 143 56
134 144 45
134 145 44
134 146 42
134 147 55
134 148 50
134 149 45
135 0 56
135 1 47
135 2 54
135 3 54
135 4 41
135 5 45
135 6 51
135 7 54
135 8 50
135 9 54
135 10 42
135 11 53
135 12 51
135 13 40
135 14 51
135 15 46
135 16 44
135 17 64
135 18 53
135 19 42
135 20 52
135 21 57
135 22 40
135 23 55
135 24 49
135 25 50
135 26 50
135 27 46
135 28 60
135 29 38
135 30 49
135 31 40
135 32 48
135 33 53
135 34 49
135 35 45
135 36 49
135 37 41
135 38 41
135 39 46
135 40 60
135 41 40
135 42 50
135 43 50
135 44 45
135 45 46
135 46 56
135 47 65
135 48 53
135 49 48
135 50 38
135 51 38
135 52 44
135 53 37
135 54 47
135 55 51
135 56 49
135 57 41
135 58 44
135 59 30
135 60 55
135 61 41
135 62 49
135 63 53
135 64 59
135 65 51
135 66 31
135 67 58
135 68 59
135 69 62
135 70 56
135 71 50
135 72 68
135 73 55
135 74 41
135 75 53
135 76 49
135 77 50
135 78 46
135 79 57
135 80 56
135 81 62
135 82 61
135 83 57
135 84 38
135 85 50
135 86 45
135 87 51
135 88 39
135 89 53
135 90 50
135 91 45
135 92 51
135 93 54
135 94 49
135 95 50
135 96 46
135 97 41
135 98 58
135 99 52
135 100 51
135 101 49
135 102 40
135 103 51
135 104 49
135 105 43
135 106 49
135 107 48
135 108 46
135 109 57
135 110 60
135 111 46
135 112 43
135 113 56
135 114 67
135 115 49
135 116 51
135 117 60
135 118 39
135 119 40
135 120 51
135 121 44
135 122 30
135 123 47
135 124 47
135 125 42
135 126 45
135 127 49
135 128 43
135 129 35
135 130 49
135 131 49
135 132 42
135 133 53
135 134 42
135 135 45
135 136 49
135 137 48
135 138 41
135 139 40
135 140 42
135 141 50
135 142 53
135 143 57
135 144 56
135 145 51
135 146 35
135 147 41
135 148 62
135 149 50
136 0 39
136 1 48
136 2 47
136 3 43
136 4 34
136 5 48
136 6 51
136 7 44
136 8 40
136 9 49
136 10 44
136 11 43
136 12 37
136 13 51
136 14 43
136 15 49
136 16 58
136 17 48
136 18 43
136 19 51
136 20 49
136 21 44
136 22 50
136 23 50
136 24 52
136 25 59
136 26 43
136 27 45
136 28 49
136 29 51
136 30 43
136 31 45
136 32 48
136 33 48
136 34 61
136 35 55
136 36 43
136 37 35
136 38 48
136 39 61
136 40 37
136 41 47
136 42 43
136 43 42
136 44 58
136 45 37
136 46 44
136 47 46
136 48 67
136 49 47
136 50 45
136 51 62
136 52 44
136 53 61
136 54 50
136 55 46
136 56 60
136 57 46
136 58 47
136 59 42
136 60 43
136 61 44
136 62 41
136 63 39
136 64 62
136 65 54
136 66 65
136 67 44
136 68 49
136 69 58
136 70 37
136 71 51
136 72 58
136 73 48
136 74 52
136 75 62
136 76 60
136 77 40
136 78 49
136 79 30
136 80 60
136 81 49
136 82 51
136 83 60
136 84 73
136 85 53
136 86 42
136 87 62
136 88 44
136 89 49
136 90 50
136 91 44
136 92 44
136 93 44
136 94 45
136 95 49
136 96 50
136 97 42
136 98 40
136 99 43
136 100 47
136 101 47
136 102 50
136 103 52
136 104 46
136 105 46
136 106 42
136 107 44
136 108 38
136 109 49
136 110 43
136 111 47
136 112 48
136 113 47
136 114 60
136 115 53
136 116 55
136 117 33
136 118 49
136 119 48
136 120 48
136 121 38
136 122 34
136 123 54
136 124 41
136 125 39
136 126 47
136 127 44
136 128 67
136 129 31
136 130 46
136 131 52
136 132 54
136 133 52
136 134 45
136 135 46
136 136 66
136 137 57
136 138 58
136 139 44
136 140 40
136 141 51
136 142 36
136 143 56
136 144 45
136 145 54
136 146 33
136 147 55
136 148 46
136 149 38
137 0 43
137 1 51
137 2 42
137 3 46
137 4 49
137 5 44
137 6 53
137 7 48
137 8 41
137 9 41
137 10 45
137 11 47
137 12 50
137 13 51
137 14 51
137 15 57
137 16 61
137 17 48
137 18 60
137 19 65
137 20 40
137 21 53
137 22 43
137 23 35
137 24 48
137 25 54
137 26 60
137 27 46
137 28 53
137 29 54
137 30 49
137 31 40
137 32 40
137 33 49
137 34 44
137 35 48
137 36 48
137 37 42
137 38 55
137 39 35
137 40 51
137 41 43
137 42 52
137 43 52
137 44 34
137 45 42
137 46 47
137 47 37
137 48 60
137 49 45
137 50 50
137 51 45
137 52 64
137 53 45
137 54 48
137 55 38
137 56 49
137 57 53
137 58 49
137 59 45
137 60 51
137 61 57
137 62 40
137 63 67
137 64 67
137 65 55
137 66 42
137 67 45
137 68 52
137 69 42
137 70 50
137 71 50
137 72 47
137 73 51
137 74 54
137 75 58
137 76 58
137 77 48
137 78 49
137 79 48
137 80 47
137 81 49
137 82 68
137 83 47
137 84 33
137 85 43
137 86 46
137 87 51
137 88 42
137 89 56
137 90 39
137 91 60
137 92 53
137 93 64
137 94 40
137 95 55
137 96 54
137 97 45
137 98 44
137 99 46
137 100 51
137 101 40
137 102 55
137 103 50
137 104 50
137 105 55
137 106 48
137 107 46
137 108 31
137 109 48
137 110 44
137 111 46
137 112 44
137 113 47
137 114 54
137 115 40
137 116 61
137 117 43
137 118 46
137 119 40
137 120 39
137 121 40
137 122 42
137 123 37
137 124 59
137 125 38
137 126 43
137 127 61
137 128 44
137 129 39
137 130 46
137 131 51
137 132 57
137 133 42
137 134 47
137 135 48
137 136 44
137 137 53
137 138 59
137 139 37
137 140 48
137 141 35
137 142 46
137 143 47
137 144 45
137 145 43
137 146 44
137 147 43
137 148 40
137 149 56
138 0 46
138 1 42
138 2 44
138 3 51
138 4 45
138 5 45
138 6 46
138 7 51
138 8 48
138 9 46
138 10 50
138 11 45
138 12 52
138 13 54
138 14 41
138 15 52
138 16 50
138 17 40
138 18 60
138 19 35
138 20 49
138 21 58
138 22 62
138 23 36
138 24 42
138 25 41
138 26 49
138 27 51
138 28 50
138 29 60
138 30 63
138 31 57
138 32 57
138 33 54
138 34 61
138 35 45
138 36 46
138 37 55
138 38 38
138 39 55
138 40 42
138 41 32
138 42 55
138 43 51
138 44 38
138 45 41
138 46 43
138 47 44
138 48 46
138 49 49
138 50 35
138 51 55
138 52 42
138 53 54
138 54 45
138 55 49
138 56 49
138 57 58
138 58 43
138 59 61
138 60 51
138 61 64
138 62 49
138 63 51
138 64 58
138 65 44
138 66 41
138 67 55
138 68 41
138 69 60
138 70 57
138 71 41
138 72 63
138 73 43
138 74 47
138 75 52
138 76 57
138 77 51
138 78 46
138 79 38
138 80 70
138 81 49
138 82 56
138 83 42
138 84 36
138 85 44
138 86 42
138 87 52
138 88 44
138 89 57
138 90 47
138 91 41
138 92 41
138 93 39
138 94 45
138 95 50
138 96 45
138 97 50
138 98 42
138 99 48
138 100 45
138 101 48
138 102 56
138 103 65
138 104 61
138 105 51
138 106 42
138 107 42
138 108 59
138 109 57
138 110 49
138 111 50
138 112 44
138 113 62
138 114 61
138 115 36
138 116 40
138 117 46
138 118 48
138 119 56
138 120 54
138 121 45
138 122 50
138 123 46
138 124 60
138 125 35
138 126 54
138 127 44
138 128 66
138 129 41
138 130 55
138 131 54
138 132 52
138 133 48
138 134 34
138 135 57
138 136 50
138 137 37
138 138 48
138 139 49
138 140 58
138 141 43
138 142 41
138 143 47
138 144 49
138 145 49
138 146 44
138 147 46
138 148 44
138 149 49
139 0 50
139 1 60
139 2 45
139 3 49
139 4 38
139 5 43
139 6 63
139 7 51
139 8 53
139 9 54
139 10 42
139 11 48
139 12 36
139 13 34
139 14 44
139 15 47
139 16 52
139 17 61
139 18 63
139 19 58
139 20 55
139 21 52
139 22 44
139 23 48
139 24 46
139 25 49
139 26 46
139 27 55
139 28 40
139 29 50
139 30 42
139 31 56
139 32 56
139 33 47
139 34 44
139 35 42
139 36 55
139 37 54
139 38 44
139 39 48
139 40 53
139 41 55
139 42 53
139 43 51
139 44 42
139 45 53
139 46 48
139 47 57
139 48 29
139 49 54
139 50 46
139 51 52
139 52 54
139 53 44
139 54 49
139 55 50
139 56 46
139 57 54
139 58 46
139 59 49
139 60 39
139 61 41
139 62 48
139 63 50
139 64 49
139 65 53
139 66 51
139 67 48
139 68 42
139 69 47
139 70 54
139 71 40
139 72 50
139 73 46
139 74 56
139 75 50
139 76 51
139 77 49
139 78 58
139 79 50
139 80 49
139 81 50
139 82 44
139 83 40
139 84 56
139 85 49
139 86 39
139 87 51
139 88 53
139 89 46
139 90 44
139 91 52
139 92 54
139 93 45
139 94 59
139 95 60
139 96 46
139 97 41
139 98 48
139 99 57
139 100 38
139 101 56
139 102 47
139 103 51
139 104 49
139 105 56
139 106 62
139 107 56
139 108 53
139 109 44
139 110 39
139 111 37
139 112 45
139 113 42
139 114 47
139 115 34
139 116 35
139 117 56
139 118 48
139 119 36
139 120 47
139 121 43
139 122 43
139 123 55
139 124 47
139 125 44
139 126 54
139 127 39
139 128 38
139 129 36
139 130 37
139 131 45
139 132 54
139 133 53
139 134 49
139 135 45
139 136 51
139 137 52
139 138 50
139 139 60
139 140 58
139 141 50
139 142 36
139 143 55
139 144 56
139 145 51
139 146 54
139 147 46
139 148 41
139 149 56
140 0 45
140 1 53
140 2 54
140 3 59
140 4 55
140 5 44
140 6 46
140 7 58
140 8 42
140 9 47
140 10 53
140 11 43
140 12 32
140 13 61
140 14 57
140 15 51
140 16 53
140 17 66
140 18 36
140 19 61
140 20 47
140 21 55
140 22 52
140 23 48
140 24 55
140 25 54
140 26 55
140 27 40
140 28 41
140 29 35
140 30 55
140 31 66
140 32 60
140 33 51
140 34 49
140 35 39
140 36 48
140 37 47
140 38 45
140 39 46
140 40 52
140 41 48
140 42 47
140 43 44
140 44 44
140 45 57
140 46 45
140 47 66
140 48 50
140 49 56
140 50 46
140 51 54
140 52 37
140 53 41
140 54 34
140 55 41
140 56 55
140 57 60
140 58 43
140 59 40
140 60 54
140 61 65
140 62 47
140 63 51
140 64 47
140 65 56
140 66 45
140 67 48
140 68 59
140 69 61
140 70 44
140 71 48
140 72 64
140 73 68
140 74 41
140 75 44
140 76 54
140 77 50
140 78 46
140 79 51
140 80 54
140 81 42
140 82 51
140 83 43
140 84 50
140 85 44
140 86 54
140 87 40
140 88 54
140 89 55
140 90 43
140 91 45
140 92 41
140 93 45
140 94 55
140 95 45
140 96 32
140 97 41
140 98 40
140 99 44
140 100 40
140 101 56
140 102 52
140 103 41
140 104 48
140 105 40
140 106 64
140 107 53
140 108 45
140 109 37
140 110 46
140 111 50
140 112 45
140 113 48
140 114 48
140 115 45
140 116 46
140 117 39
140 118 37
140 119 31
140 120 58
140 121 52
140 122 45
140 123 64
140 124 56
140 125 47
140 126 54
140 127 51
140 128 45
140 129 43
140 130 39
140 131 56
140 132 51
140 133 54
140 134 54
140 135 38
140 136 37
140 137 52
140 138 48
140 139 53
140 140 46
140 141 52
140 142 61
140 143 46
140 144 64
140 145 51
140 146 45
140 147 43
140 148 54
140 149 50
141 0 44
141 1 38
141 2 58
141 3 36
141 4 62
141 5 43
141 6 48
141 7 39
141 8 61
141 9 57
141 10 48
141 11 48
141 12 66
141 13 47
141 14 45
141 15 44
141 16 58
141 17 47
141 18 52
141 19 45
141 20 54
141 21 50
141 22 55
141 23 50
141 24 49
141 25 51
141 26 58
141 27 50
141 28 49
141 29 48
141 30 46
141 31 47
141 32 44
141 33 50
141 34 64
141 35 49
141 36 45
141 37 45
141 38 38
141 39 54
141 40 47
141 41 44
141 42 39
141 43 48
141 44 48
141 45 38
141 46 49
141 47 49
141 48 40
141 49 51
141 50 47
141 51 53
141 52 54
141 53 42
141 54 49
141 55 44
141 56 55
141 57 48
141 58 56
141 59 39
141 60 51
141 61 36
141 62 50
141 63 47
141 64 37
141 65 51
141 66 57
141 67 52
141 68 48
141 69 52
141 70 65
141 71 53
141 72 33
141 73 46
141 74 50
141 75 39
141 76 39
141 77 47
141 78 45
141 79 58
141 80 49
141 81 36
141 82 63
141 83 45
141 84 41
141 85 51
141 86 45
141 87 51
141 88 51
141 89 48
141 90 48
141 91 60
141 92 48
141 93 47
141 94 43
141 95 39
141 96 55
141 97 52
141 98 58
141 99 45
141 100 47
141 101 49
141 102 53
141 103 44
141 104 49
141 105 37
141 106 46
141 107 40
141 108 49
141 109 44
141 110 44
141 111 53
141 112 39
141 113 50
141 114 53
141 115 50
141 116 44
141 117 48
141 118 58
141 119 44
141 120 42
141 121 39
141 122 44
141 123 51
141 124 61
141 125 47
141 126 48
141 127 37
141 128 59
141 129 51
141 130 46
141 131 52
141 132 46
141 133 43
141 134 52
141 135 51
141 136 60
141 137 48
141 138 55
141 139 60
141 140 40
141 141 42
141 142 55
141 143 44
141 144 49
141 145 60
141 146 53
141 147 49
141 148 52
141 149 66
142 0 53
142 1 48
142 2 52
142 3 49
142 4 48
142 5 53
142 6 46
142 7 43
142 8 43
142 9 41
142 10 54
142 11 37
142 12 43
142 13 55
142 14 47
142 15 55
142 16 59
142 17 52
142 18 56
142 19 53
142 20 42
142 21 62
142 22 60
142 23 54
142 24 52
142 25 46
142 26 52
142 27 46
142 28 61
142 29 63
142 30 56
142 31 54
142 32 41
142 33 56
142 34 57
142 35 55
142 36 50
142 37 53
142 38 42
142 39 55
142 40 44
142 41 43
142 42 50
142 43 53
142 44 53
142 45 47
142 46 60
142 47 49
142 48 55
142 49 35
142 50 62
142 51 45
142 52 50
142 53 51
142 54 56
142 55 45
142 56 57
142 57 49
142 58 53
142 59 53
142 60 45
142 61 47
142 62 37
142 63 55
142 64 53
142 65 44
142 66 55
142 67 60
142 68 49
142 69 56
142 70 38
142 71 46
142 72 43
142 73 51
142 74 50
142 75 52
142 76 52
142 77 42
142 78 51
142 79 52
142 80 40
142 81 45
142 82 46
142 83 50
142 84 43
142 85 53
142 86 35
142 87 55
142 88 48
142 89 58
142 90 43
142 91 55
142 92 40
142 93 41
142 94 45
142 95 47
142 96 49
142 97 51
142 98 46
142 99 44
142 100 52
142 101 44
142 102 47
142 103 48
142 104 39
142 105 46
142 106 48
142 107 46
142 108 48
142 109 49
142 110 44
142 111 42
142 112 53
142 113 50
142 114 47
142 115 51
142 116 49
142 117 51
142 118 43
142 119 42
142 120 50
142 121 36
142 122 51
142 123 53
142 124 47
142 125 51
142 126 49
142 127 58
142 128 49
142 129 43
142 130 58
142 131 63
142 132 47
142 133 43
142 134 39
142 135 55
142 136 53
142 137 53
142 138 50
142 139 48
142 140 46
142 141 53
142 142 57
142 143 62
142 144 58
142 145 42
142 146 41
142 147 52
142 148 45
142 149 55
143 0 49
143 1 44
143 2 65
143 3 50
143 4 54
143 5 60
143 6 51
143 7 49
143 8 40
143 9 41
143 10 47
143 11 56
143 12 52
143 13 48
143 14 41
143 15 48
143 16 57
143 17 44
143 18 55
143 19 51
143 20 46
143 21 55
143 22 53
143 23 44
143 24 67
143 25 41
143 26 38
143 27 62
143 28 48
143 29 45
143 30 66
143 31 53
143 32 39
143 33 45
143 34 47
143 35 48
143 36 54
143 37 52
143 38 51
143 39 46
143 40 46
143 41 49
143 42 50
143 43 50
143 44 57
143 45 44
143 46 47
143 47 48
143 48 66
143 49 56
143 50 36
143 51 59
143 52 52
143 53 69
143 54 53
143 55 62
143 56 40
143 57 55
143 58 50
143 59 49
143 60 44
143 61 56
143 62 54
143 63 38
143 64 58
143 65 49
143 66 58
143 67 43
143 68 52
143 69 47
143 70 54
143 71 39
143 72 53
143 73 42
143 74 35
143 75 53
143 76 43
143 77 54
143 78 50
143 79 47
143 80 43
143 81 36
143 82 40
143 83 33
143 84 50
143 85 47
143 86 56
143 87 51
143 88 44
143 89 41
143 90 48
143 91 55
143 92 72
143 93 49
143 94 54
143 95 49
143 96 44
143 97 55
143 98 53
143 99 60
143 100 51
143 101 51
143 102 43
143 103 45
143 104 48
143 105 53
143 106 47
143 107 41
143 108 55
143 109 54
143 110 42
143 111 44
143 112 55
143 113 44
143 114 45
143 115 35
143 116 34
143 117 54
143 118 41
143 119 44
143 120 48
143 121 60
143 122 43
143 123 37
143 124 46
143 125 50
143 126 61
143 127 35
143 128 44
143 129 49
143 130 56
143 131 59
143 132 54
143 133 50
143 134 38
143 135 57
143 136 49
143 137 59
143 138 61
143 139 51
143 140 58
143 141 43
143 142 58
143 143 45
143 144 43
143 145 50
143 146 57
143 147 69
143 148 53
143 149 43
144 0 52
144 1 40
144 2 52
144 3 51
144 4 57
144 5 54
144 6 39
144 7 56
144 8 56
144 9 53
144 10 43
144 11 27
144 12 48
144 13 61
144 14 47
144 15 46
144 16 45
144 17 38
144 18 47
144 19 46
144 20 49
144 21 47
144 22 69
144 23 52
144 24 51
144 25 46
144 26 53
144 27 36
144 28 42
144 29 43
144 30 50
144 31 61
144 32 46
144 33 40
144 34 47
144 35 48
144 36 53
144 37 40
144 38 45
144 39 49
144 40 39
144 41 48
144 42 53
144 43 61
144 44 60
144 45 38
144 46 40
144 47 50
144 48 47
144 49 41
144 50 49
144 51 60
144 52 38
144 53 49
144 54 55
144 55 44
144 56 50
144 57 47
144 58 55
144 59 49
144 60 48
144 61 47
144 62 51
144 63 41
144 64 53
144 65 46
144 66 52
144 67 46
144 68 53
144 69 38
144 70 45
144 71 47
144 72 47
144 73 44
144 74 37
144 75 45
144 76 65
144 77 60
144 78 54
144 79 51
144 80 50
144 81 46
144 82 63
144 83 49
144 84 43
144 85 41
144 86 45
144 87 49
144 88 52
144 89 46
144 90 40
144 91 51
144 92 39
144 93 57
144 94 59
144 95 40
144 96 47
144 97 55
144 98 48
144 99 61
144 100 54
144 101 53
144 102 39
144 103 42
144 104 41
144 105 49
144 106 35
144 107 49
144 108 38
144 109 55
144 110 53
144 111 51
144 112 53
144 113 41
144 114 46
144 115 47
144 116 50
144 117 47
144 118 67
144 119 43
144 120 51
144 121 59
144 122 51
144 123 37
144 124 51
144 125 40
144 126 31
144 127 48
144 128 43
144 129 43
144 130 51
144 131 45
144 132 51
144 133 49
144 134 55
144 135 48
144 136 47
144 137 54
144 138 42
144 139 45
144 140 53
144 141 55
144 142 55
144 143 38
144 144 47
144 145 64
144 146 42
144 147 53
144 148 45
144 149 48
145 0 44
145 1 46
145 2 50
145 3 50
145 4 56
145 5 51
145 6 47
145 7 49
145 8 47
145 9 53
145 10 61
145 11 51
145 12 42
145 13 35
145 14 53
145 15 52
145 16 52
145 17 53
145 18 54
145 19 46
145 20 55
145 21 48
145 22 49
145 23 51
145 24 51
145 25 65
145 26 43
145 27 45
145 28 47
145 29 38
145 30 41
145 31 41
145 32 51
145 33 38
145 34 56
145 35 40
145 36 44
145 37 62
145 38 47
145 39 54
145 40 59
145 41 47
145 42 54
145 43 50
145 44 41
145 45 51
145 46 63
145 47 48
145 48 46
145 49 50
145 50 62
145 51 41
145 52 44
145 53 53
145 54 43
145 55 39
145 56 48
145 57 52
145 58 37
145 59 46
145 60 37
145 61 58
145 62 47
145 63 46
145 64 48
145 65 46
145 66 40
145 67 55
145 68 31
145 69 45
145 70 44
145 71 36
145 72 52
145 73 47
145 74 50
145 75 71
145 76 51
145 77 50
145 78 45
145 79 47
145 80 43
145 81 41
145 82 41
145 83 49
145 84 53
145 85 42
145 86 43
145 87 43
145 88 43
145 89 56
145 90 37
145 91 42
145 92 66
145 93 51
145 94 57
145 95 37
145 96 40
145 97 41
145 98 51
145 99 44
145 100 55
145 101 48
145 102 39
145 103 52
145 104 58
145 105 53
145 106 55
145 107 36
145 108 55
145 109 56
145 110 45
145 111 46
145 112 55
145 113 46
145 114 64
145 115 49
145 116 38
145 117 58
145 118 52
145 119 38
145 120 34
145 121 49
145 122 52
145 123 53
145 124 50
145 125 35
145 126 47
145 127 46
145 128 58
145 129 58
145 130 51
145 131 49
145 132 53
145 133 52
145 134 61
145 135 53
145 136 50
145 137 63
145 138 59
145 139 46
145 140 53
145 141 47
145 142 51
145 143 48
145 144 63
145 145 51
145 146 51
145 147 36
145 148 61
145 149 56
146 0 52
146 1 47
146 2 37
146 3 64
146 4 45
146 5 43
146 6 49
146 7 42
146 8 52
146 9 51
146 10 47
146 11 47
146 12 51
146 13 44
146 14 44
146 15 40
146 16 46
146 17 52
146 18 49
146 19 51
146 20 48
146 21 40
146 22 46
146 23 57
146 24 51
146 25 59
146 26 50
146 27 67
146 28 46
146 29 45
146 30 45
146 31 53
146 32 61
146 33 44
146 34 69
146 35 56
146 36 62
146 37 55
146 38 57
146 39 49
146 40 38
146 41 55
146 42 48
146 43 47
146 44 41
146 45 46
146 46 48
146 47 41
146 48 43
146 49 44
146 50 46
146 51 46
146 52 50
146 53 38
146 54 51
146 55 41
146 56 47
146 57 52
146 58 47
146 59 37
146 60 45
146 61 59
146 62 71
146 63 47
146 64 32
146 65 47
146 66 50
146 67 38
146 68 55
146 69 47
146 70 39
146 71 60
146 72 60
146 73 42
146 74 45
146 75 42
146 76 45
146 77 47
146 78 42
146 79 53
146 80 47
146 81 45
146 82 46
146 83 34
146 84 47
146 85 50
146 86 50
146 87 45
146 88 38
146 89 41
146 90 56
146 91 58
146 92 43
146 93 42
146 94 48
146 95 44
146 96 49
146 97 49
146 98 43
146 99 42
146 100 45
146 101 57
146 102 48
146 103 46
146 104 52
146 105 36
146 106 42
146 107 45
146 108 54
146 109 57
146 110 43
146 111 37
146 112 57
146 113 55
146 114 58
146 115 56
146 116 61
146 117 52
146 118 53
146 119 52
146 120 46
146 121 52
146 122 44
146 123 41
146 124 40
146 125 39
146 126 57
146 127 38
146 128 42
146 129 40
146 130 45
146 131 45
146 132 56
146 133 46
146 134 49
146 135 55
146 136 52
146 137 57
146 138 43
146 139 50
146 140 57
146 141 60
146 142 59
146 143 53
146 144 38
146 145 61
146 146 53
146 147 43
146 148 50
146 149 42
147 0 60
147 1 41
147 2 50
147 3 51
147 4 44
147 5 36
147 6 46
147 7 50
147 8 65
147 9 51
147 10 55
147 11 50
147 12 49
147 13 47
147 14 48
147 15 48
147 16 58
147 17 38
147 18 51
147 19 63
147 20 53
147 21 57
147 22 53
147 23 51
147 24 49
147 25 41
147 26 57
147 27 46
147 28 45
147 29 50
147 30 57
147 31 53
147 32 54
147 33 52
147 34 62
147 35 56
147 36 44
147 37 41
147 38 43
147 39 49
147 40 53
147 41 52
147 42 40
147 43 57
147 44 32
147 45 48
147 46 41
147 47 40
147 48 56
147 49 45
147 50 55
147 51 41
147 52 59
147 53 62
147 54 50
147 55 46
147 56 52
147 57 47
147 58 55
147 59 51
147 60 52
147 61 39
147 62 55
147 63 41
147 64 57
147 65 62
147 66 48
147 67 44
147 68 60
147 69 52
147 70 42
147 71 58
147 72 38
147 73 53
147 74 44
147 75 54
147 76 44
147 77 46
147 78 42
147 79 54
147 80 48
147 81 50
147 82 42
147 83 71
147 84 30
147 85 47
147 86 58
147 87 44
147 88 42
147 89 56
147 90 40
147 91 44
147 92 41
147 93 50
147 94 47
147 95 54
147 96 44
147 97 37
147 98 43
147 99 50
147 100 44
147 101 44
147 102 43
147 103 46
147 104 60
147 105 41
147 106 47
147 107 47
147 108 43
147 109 46
147 110 43
147 111 47
147 112 43
147 113 52
147 114 41
147 115 44
147 116 44
147 117 44
147 118 60
147 119 53
147 120 49
147 121 50
147 122 44
147 123 41
147 124 54
147 125 39
147 126 54
147 127 47
147 128 48
147 129 44
147 130 44
147 131 46
147 132 64
147 133 53
147 134 30
147 135 56
147 136 53
147 137 40
147 138 50
147 139 58
147 140 48
147 141 53
147 142 52
147 143 40
147 144 48
147 145 59
147 146 50
147 147 55
147 148 61
147 149 50
148 0 66
148 1 45
148 2 52
148 3 48
148 4 52
148 5 40
148 6 50
148 7 55
148 8 38
148 9 50
148 10 53
148 11 40
148 12 38
148 13 47
148 14 41
148 15 45
148 16 42
148 17 46
148 18 64
148 19 55
148 20 47
148 21 64
148 22 45
148 23 59
148 24 60
148 25 41
148 26 52
148 27 59
148 28 54
148 29 53
148 30 46
148 31 41
148 32 61
148 33 54
148 34 50
148 35 39
148 36 43
148 37 44
148 38 28
148 39 63
148 40 55
148 41 46
148 42 33
148 43 43
148 44 45
148 45 47
148 46 46
148 47 57
148 48 39
148 49 54
148 50 61
148 51 45
148 52 40
148 53 47
148 54 48
148 55 49
148 56 49
148 57 50
148 58 49
148 59 47
148 60 40
148 61 58
148 62 50
148 63 40
148 64 43
148 65 44
148 66 44
148 67 53
148 68 57
148 69 43
148 70 39
148 71 46
148 72 55
148 73 50
148 74 44
148 75 46
148 76 36
148 77 56
148 78 57
148 79 51
148 80 41
148 81 45
148 82 48
148 83 43
148 84 44
148 85 55
148 86 51
148 87 38
148 88 46
148 89 52
148 90 48
148 91 37
148 92 50
148 93 59
148 94 38
148 95 35
148 96 43
148 97 46
148 98 44
148 99 63
148 100 46
148 101 51
148 102 51
148 103 29
148 104 52
148 105 60
148 106 56
148 107 49
148 108 46
148 109 51
148 110 44
148 111 35
148 112 56
148 113 48
148 114 47
148 115 49
148 116 46
148 117 52
148 118 49
148 119 59
148 120 50
148 121 44
148 122 49
148 123 49
148 124 55
148 125 54
148 126 36
148 127 40
148 128 38
148 129 52
148 130 48
148 131 39
148 132 51
148 133 59
148 134 55
148 135 45
148 136 60
148 137 52
148 138 60
148 139 51
148 140 38
148 141 57
148 142 47
148 143 61
148 144 52
148 145 37
148 146 40
148 147 55
148 148 63
148 149 42
149 0 37
149 1 42
149 2 59
149 3 57
149 4 38
149 5 45
149 6 48
149 7 42
149 8 51
149 9 43
149 10 45
149 11 43
149 12 57
149 13 57
149 14 45
149 15 40
149 16 39
149 17 49
149 18 37
149 19 43
149 20 51
149 21 44
149 22 47
149 23 43
149 24 49
149 25 53
149 26 54
149 27 57
149 28 55
149 29 54
149 30 57
149 31 59
149 32 38
149 33 53
149 34 46
149 35 43
149 36 37
149 37 46
149 38 52
149 39 51
149 40 41
149 41 52
149 42 48
149 43 57
149 44 53
149 45 46
149 46 47
149 47 48
149 48 47
149 49 45
149 50 36
149 51 51
149 52 51
149 53 60
149 54 42
149 55 47
149 56 53
149 57 42
149 58 50
149 59 39
149 60 57
149 61 39
149 62 34
149 63 55
149 64 42
149 65 52
149 66 49
149 67 52
149 68 64
149 69 47
149 70 54
149 71 52
149 72 44
149 73 64
149 74 48
149 75 48
149 76 40
149 77 59
149 78 51
149 79 47
149 80 32
149 81 45
149 82 46
149 83 40
149 84 53
149 85 59
149 86 43
149 87 55
149 88 45
149 89 46
149 90 49
149 91 45
149 92 52
149 93 42
149 94 55
149 95 47
149 96 47
149 97 66
149 98 43
149 99 46
149 100 43
149 101 40
149 102 37
149 103 38
149 104 45
149 105 50
149 106 56
149 107 52
149 108 36
149 109 35
149 110 37
149 111 43
149 112 43
149 113 40
149 114 54
149 115 51
149 116 42
149 117 48
149 118 46
149 119 49
149 120 45
149 121 49
149 122 52
149 123 38
149 124 54
149 125 56
149 126 58
149 127 45
149 128 52
149 129 52
149 130 31
149 131 56
149 132 50
149 133 60
149 134 60
149 135 46
149 136 62
149 137 50
149 138 54
149 139 56
149 140 48
149 141 44
149 142 44
149 143 43
149 144 42
149 145 45
149 146 58
149 147 54
149 148 46
149 149 39
