0 0 61
0 1 51
0 2 43
0 3 54
0 4 52
0 5 49
0 6 47
0 7 41
0 8 45
0 9 57
0 10 49
0 11 48
0 12 43
0 13 37
0 14 60
0 15 44
0 16 41
0 17 42
0 18 48
0 19 47
0 20 46
0 21 50
0 22 55
0 23 56
0 24 52
0 25 50
0 26 43
0 27 60
0 28 51
0 29 53
0 30 49
0 31 50
0 32 54
0 33 51
0 34 38
0 35 54
0 36 36
0 37 45
0 38 40
0 39 35
0 40 30
0 41 51
0 42 44
0 43 49
0 44 44
0 45 65
0 46 57
0 47 38
0 48 37
0 49 40
0 50 56
0 51 56
0 52 44
0 53 43
0 54 55
0 55 56
0 56 55
0 57 54
0 58 54
0 59 41
0 60 46
0 61 44
0 62 54
0 63 53
0 64 60
0 65 52
0 66 45
0 67 58
0 68 47
0 69 44
0 70 36
0 71 46
0 72 50
0 73 45
0 74 48
0 75 47
0 76 54
0 77 45
0 78 42
0 79 54
0 80 48
0 81 32
0 82 64
0 83 53
0 84 34
0 85 55
0 86 59
0 87 52
0 88 58
0 89 42
0 90 38
0 91 36
0 92 53
0 93 42
0 94 49
0 95 47
0 96 57
0 97 43
0 98 57
0 99 54
0 100 48
0 101 47
0 102 57
0 103 41
0 104 43
0 105 37
0 106 49
0 107 59
0 108 62
0 109 46
0 110 52
0 111 39
0 112 49
0 113 50
0 114 42
0 115 50
0 116 53
0 117 50
0 118 63
0 119 40
0 120 46
0 121 42
0 122 37
0 123 46
0 124 54
0 125 45
0 126 51
0 127 49
0 128 47
0 129 59
0 130 39
0 131 50
0 132 49
0 133 61
0 134 55
0 135 57
0 136 44
0 137 46
0 138 47
0 139 42
0 140 54
0 141 43
0 142 45
0 143 54
0 144 46
0 145 59
0 146 56
0 147 33
0 148 33
0 149 35
1 0 56
1 1 49
1 2 58
1 3 51
1 4 46
1 5 46
1 6 65
1 7 47
1 8 43
1 9 56
1 10 60
1 11 59
1 12 52
1 13 54
1 14 39
1 15 47
1 16 49
1 17 49
1 18 58
1 19 49
1 20 42
1 21 50
1 22 51
1 23 43
1 24 59
1 25 38
1 26 45
1 27 56
1 28 45
1 29 49
1 30 55
1 31 40
1 32 57
1 33 36
1 34 52
1 35 48
1 36 45
1 37 61
1 38 49
1 39 50
1 40 54
1 41 47
1 42 47
1 43 42
1 44 43
1 45 50
1 46 55
1 47 63
1 48 54
1 49 43
1 50 50
1 51 56
1 52 55
1 53 48
1 54 57
1 55 47
1 56 42
1 57 57
1 58 48
1 59 50
1 60 63
1 61 51
1 62 47
1 63 44
1 64 50
1 65 56
1 66 55
1 67 54
1 68 44
1 69 38
1 70 52
1 71 39
1 72 53
1 73 40
1 74 38
1 75 50
1 76 48
1 77 49
1 78 46
1 79 44
1 80 54
1 81 49
1 82 60
1 83 54
1 84 49
1 85 33
1 86 49
1 87 36
1 88 43
1 89 44
1 90 41
1 91 51
1 92 50
1 93 64
1 94 52
1 95 54
1 96 49
1 97 51
1 98 54
1 99 44
1 100 47
1 101 50
1 102 52
1 103 53
1 104 51
1 105 46
1 106 52
1 107 47
1 108 62
1 109 44
1 110 52
1 111 40
1 112 54
1 113 59
1 114 45
1 115 53
1 116 56
1 117 43
1 118 35
1 119 55
1 120 65
1 121 51
1 122 43
1 123 40
1 124 57
1 125 45
1 126 34
1 127 48
1 128 51
1 129 48
1 130 46
1 131 47
1 132 54
1 133 50
1 134 43
1 135 51
1 136 50
1 137 41
1 138 55
1 139 60
1 140 54
1 141 48
1 142 53
1 143 50
1 144 49
1 145 67
1 146 43
1 147 58
1 148 34
1 149 49
2 0 51
2 1 41
2 2 40
2 3 61
2 4 48
2 5 50
2 6 58
2 7 52
2 8 44
2 9 42
2 10 41
2 11 45
2 12 54
2 13 42
2 14 53
2 15 56
2 16 49
2 17 51
2 18 42
2 19 48
2 20 42
2 21 46
2 22 56
2 23 60
2 24 41
2 25 45
2 26 61
2 27 41
2 28 58
2 29 55
2 30 51
2 31 54
2 32 39
2 33 35
2 34 54
2 35 40
2 36 51
2 37 56
2 38 53
2 39 47
2 40 50
2 41 50
2 42 52
2 43 56
2 44 48
2 45 52
2 46 54
2 47 44
2 48 59
2 49 54
2 50 40
2 51 48
2 52 48
2 53 56
2 54 48
2 55 50
2 56 45
2 57 50
2 58 52
2 59 52
2 60 42
2 61 51
2 62 54
2 63 61
2 64 44
2 65 53
2 66 40
2 67 55
2 68 52
2 69 45
2 70 50
2 71 40
2 72 49
2 73 57
2 74 54
2 75 52
2 76 52
2 77 65
2 78 48
2 79 39
2 80 53
2 81 57
2 82 40
2 83 43
2 84 45
2 85 47
2 86 43
2 87 54
2 88 46
2 89 45
2 90 48
2 91 46
2 92 49
2 93 44
2 94 43
2 95 52
2 96 46
2 97 46
2 98 42
2 99 42
2 100 50
2 101 45
2 102 52
2 103 39
2 104 44
2 105 57
2 106 54
2 107 35
2 108 52
2 109 40
2 110 57
2 111 53
2 112 66
2 113 46
2 114 48
2 115 40
2 116 55
2 117 44
2 118 47
2 119 47
2 120 48
2 121 38
2 122 41
2 123 56
2 124 48
2 125 44
2 126 55
2 127 43
2 128 43
2 129 44
2 130 55
2 131 45
2 132 50
2 133 51
2 134 59
2 135 43
2 136 61
2 137 58
2 138 54
2 139 57
2 140 50
2 141 49
2 142 34
2 143 48
2 144 59
2 145 45
2 146 42
2 147 48
2 148 59
2 149 55
3 0 55
3 1 42
3 2 52
3 3 38
3 4 35
3 5 47
3 6 45
3 7 49
3 8 46
3 9 43
3 10 51
3 11 42
3 12 47
3 13 55
3 14 43
3 15 48
3 16 53
3 17 48
3 18 58
3 19 44
3 20 47
3 21 42
3 22 37
3 23 42
3 24 40
3 25 63
3 26 58
3 27 47
3 28 40
3 29 51
3 30 44
3 31 55
3 32 39
3 33 45
3 34 47
3 35 51
3 36 58
3 37 52
3 38 55
3 39 64
3 40 44
3 41 50
3 42 66
3 43 54
3 44 49
3 45 55
3 46 48
3 47 57
3 48 51
3 49 46
3 50 43
3 51 47
3 52 55
3 53 52
3 54 52
3 55 53
3 56 49
3 57 55
3 58 63
3 59 44
3 60 49
3 61 55
3 62 47
3 63 42
3 64 54
3 65 57
3 66 36
3 67 49
3 68 47
3 69 46
3 70 39
3 71 38
3 72 58
3 73 52
3 74 49
3 75 39
3 76 41
3 77 49
3 78 40
3 79 53
3 80 41
3 81 47
3 82 37
3 83 52
3 84 56
3 85 45
3 86 69
3 87 50
3 88 53
3 89 47
3 90 50
3 91 50
3 92 53
3 93 55
3 94 38
3 95 56
3 96 43
3 97 54
3 98 47
3 99 47
3 100 59
3 101 42
3 102 54
3 103 53
3 104 62
3 105 48
3 106 42
3 107 44
3 108 48
3 109 46
3 110 48
3 111 46
3 112 47
3 113 44
3 114 43
3 115 46
3 116 44
3 117 45
3 118 57
3 119 58
3 120 57
3 121 48
3 122 45
3 123 50
3 124 51
3 125 56
3 126 49
3 127 50
3 128 50
3 129 49
3 130 44
3 131 49
3 132 46
3 133 45
3 134 56
3 135 54
3 136 49
3 137 43
3 138 43
3 139 46
3 140 57
3 141 48
3 142 37
3 143 45
3 144 48
3 145 45
3 146 53
3 147 45
3 148 34
3 149 57
4 0 57
4 1 35
4 2 56
4 3 44
4 4 49
4 5 49
4 6 59
4 7 37
4 8 36
4 9 63
4 10 53
4 11 35
4 12 32
4 13 32
4 14 56
4 15 54
4 16 54
4 17 34
4 18 59
4 19 50
4 20 47
4 21 53
4 22 51
4 23 56
4 24 48
4 25 59
4 26 47
4 27 52
4 28 47
4 29 47
4 30 48
4 31 53
4 32 47
4 33 47
4 34 45
4 35 43
4 36 45
4 37 37
4 38 41
4 39 48
4 40 50
4 41 57
4 42 49
4 43 38
4 44 63
4 45 51
4 46 48
4 47 58
4 48 52
4 49 68
4 50 66
4 51 44
4 52 49
4 53 48
4 54 50
4 55 47
4 56 45
4 57 44
4 58 52
4 59 51
4 60 35
4 61 48
4 62 62
4 63 39
4 64 40
4 65 49
4 66 52
4 67 48
4 68 54
4 69 59
4 70 44
4 71 44
4 72 39
4 73 57
4 74 54
4 75 52
4 76 52
4 77 38
4 78 60
4 79 33
4 80 44
4 81 55
4 82 52
4 83 52
4 84 44
4 85 44
4 86 59
4 87 58
4 88 52
4 89 41
4 90 42
4 91 50
4 92 47
4 93 41
4 94 43
4 95 59
4 96 40
4 97 46
4 98 36
4 99 46
4 100 50
4 101 37
4 102 54
4 103 45
4 104 48
4 105 48
4 106 45
4 107 55
4 108 60
4 109 45
4 110 44
4 111 41
4 112 45
4 113 54
4 114 48
4 115 51
4 116 42
4 117 50
4 118 49
4 119 62
4 120 37
4 121 45
4 122 39
4 123 45
4 124 46
4 125 56
4 126 39
4 127 36
4 128 53
4 129 55
4 130 42
4 131 47
4 132 65
4 133 48
4 134 46
4 135 55
4 136 41
4 137 50
4 138 59
4 139 56
4 140 53
4 141 64
4 142 48
4 143 41
4 144 42
4 145 66
4 146 55
4 147 49
4 148 47
4 149 51
5 0 44
5 1 38
5 2 44
5 3 52
5 4 42
5 5 50
5 6 66
5 7 37
5 8 42
5 9 49
5 10 49
5 11 52
5 12 58
5 13 55
5 14 47
5 15 48
5 16 44
5 17 39
5 18 49
5 19 57
5 20 50
5 21 47
5 22 44
5 23 52
5 24 45
5 25 50
5 26 63
5 27 50
5 28 44
5 29 45
5 30 48
5 31 60
5 32 49
5 33 57
5 34 52
5 35 53
5 36 56
5 37 48
5 38 40
5 39 54
5 40 38
5 41 39
5 42 47
5 43 46
5 44 47
5 45 51
5 46 39
5 47 41
5 48 60
5 49 42
5 50 52
5 51 47
5 52 51
5 53 41
5 54 38
5 55 50
5 56 40
5 57 49
5 58 68
5 59 50
5 60 45
5 61 55
5 62 50
5 63 42
5 64 57
5 65 48
5 66 38
5 67 39
5 68 40
5 69 42
5 70 36
5 71 57
5 72 46
5 73 50
5 74 57
5 75 49
5 76 53
5 77 46
5 78 41
5 79 48
5 80 53
5 81 48
5 82 44
5 83 48
5 84 42
5 85 56
5 86 44
5 87 59
5 88 38
5 89 58
5 90 51
5 91 48
5 92 42
5 93 44
5 94 39
5 95 47
5 96 51
5 97 44
5 98 45
5 99 56
5 100 38
5 101 41
5 102 65
5 103 50
5 104 55
5 105 49
5 106 44
5 107 48
5 108 59
5 109 50
5 110 56
5 111 38
5 112 38
5 113 44
5 114 47
5 115 37
5 116 49
5 117 48
5 118 47
5 119 52
5 120 58
5 121 35
5 122 49
5 123 54
5 124 61
5 125 47
5 126 45
5 127 52
5 128 39
5 129 41
5 130 56
5 131 53
5 132 49
5 133 50
5 134 47
5 135 47
5 136 41
5 137 51
5 138 42
5 139 54
5 140 48
5 141 43
5 142 42
5 143 34
5 144 46
5 145 48
5 146 51
5 147 60
5 148 32
5 149 51
6 0 45
6 1 48
6 2 53
6 3 46
6 4 59
6 5 57
6 6 41
6 7 43
6 8 49
6 9 52
6 10 52
6 11 40
6 12 46
6 13 47
6 14 47
6 15 52
6 16 50
6 17 46
6 18 54
6 19 46
6 20 38
6 21 54
6 22 41
6 23 65
6 24 45
6 25 51
6 26 44
6 27 51
6 28 37
6 29 56
6 30 46
6 31 52
6 32 50
6 33 36
6 34 50
6 35 42
6 36 51
6 37 63
6 38 45
6 39 45
6 40 49
6 41 48
6 42 59
6 43 64
6 44 38
6 45 47
6 46 46
6 47 45
6 48 54
6 49 42
6 50 47
6 51 50
6 52 59
6 53 44
6 54 52
6 55 55
6 56 60
6 57 36
6 58 45
6 59 56
6 60 48
6 61 75
6 62 42
6 63 53
6 64 45
6 65 55
6 66 45
6 67 47
6 68 50
6 69 33
6 70 54
6 71 57
6 72 47
6 73 40
6 74 58
6 75 52
6 76 42
6 77 54
6 78 57
6 79 44
6 80 44
6 81 47
6 82 54
6 83 52
6 84 51
6 85 50
6 86 54
6 87 60
6 88 49
6 89 38
6 90 40
6 91 59
6 92 42
6 93 44
6 94 40
6 95 38
6 96 56
6 97 46
6 98 58
6 99 63
6 100 61
6 101 46
6 102 61
6 103 47
6 104 35
6 105 44
6 106 44
6 107 60
6 108 61
6 109 46
6 110 38
6 111 56
6 112 43
6 113 61
6 114 46
6 115 51
6 116 62
6 117 49
6 118 46
6 119 35
6 120 57
6 121 39
6 122 40
6 123 45
6 124 41
6 125 69
6 126 59
6 127 44
6 128 33
6 129 42
6 130 43
6 131 43
6 132 51
6 133 57
6 134 39
6 135 44
6 136 44
6 137 64
6 138 44
6 139 54
6 140 57
6 141 52
6 142 67
6 143 38
6 144 32
6 145 45
6 146 46
6 147 42
6 148 66
6 149 52
7 0 46
7 1 49
7 2 50
7 3 54
7 4 51
7 5 48
7 6 36
7 7 50
7 8 46
7 9 63
7 10 56
7 11 48
7 12 45
7 13 52
7 14 52
7 15 36
7 16 44
7 17 38
7 18 62
7 19 48
7 20 49
7 21 34
7 22 58
7 23 55
7 24 53
7 25 52
7 26 53
7 27 49
7 28 40
7 29 53
7 30 46
7 31 44
7 32 49
7 33 50
7 34 41
7 35 51
7 36 42
7 37 41
7 38 53
7 39 47
7 40 46
7 41 46
7 42 67
7 43 40
7 44 43
7 45 43
7 46 53
7 47 39
7 48 58
7 49 58
7 50 56
7 51 41
7 52 62
7 53 49
7 54 45
7 55 50
7 56 40
7 57 45
7 58 52
7 59 41
7 60 42
7 61 39
7 62 46
7 63 46
7 64 37
7 65 46
7 66 45
7 67 49
7 68 47
7 69 44
7 70 45
7 71 57
7 72 59
7 73 48
7 74 57
7 75 50
7 76 40
7 77 51
7 78 49
7 79 61
7 80 45
7 81 50
7 82 57
7 83 48
7 84 59
7 85 50
7 86 42
7 87 43
7 88 51
7 89 49
7 90 44
7 91 35
7 92 54
7 93 58
7 94 49
7 95 48
7 96 47
7 97 47
7 98 46
7 99 46
7 100 60
7 101 52
7 102 58
7 103 47
7 104 54
7 105 47
7 106 65
7 107 47
7 108 39
7 109 47
7 110 51
7 111 41
7 112 27
7 113 40
7 114 46
7 115 37
7 116 54
7 117 56
7 118 39
7 119 42
7 120 49
7 121 51
7 122 43
7 123 41
7 124 56
7 125 50
7 126 49
7 127 51
7 128 47
7 129 40
7 130 49
7 131 54
7 132 39
7 133 32
7 134 45
7 135 50
7 136 49
7 137 46
7 138 42
7 139 45
7 140 46
7 141 43
7 142 53
7 143 50
7 144 51
7 145 47
7 146 50
7 147 52
7 148 39
7 149 56
8 0 52
8 1 44
8 2 51
8 3 57
8 4 59
8 5 40
8 6 44
8 7 44
8 8 50
8 9 48
8 10 43
8 11 41
8 12 40
8 13 41
8 14 44
8 15 45
8 16 56
8 17 49
8 18 37
8 19 64
8 20 40
8 21 52
8 22 48
8 23 49
8 24 46
8 25 49
8 26 57
8 27 43
8 28 56
8 29 43
8 30 60
8 31 51
8 32 38
8 33 46
8 34 46
8 35 47
8 36 57
8 37 44
8 38 57
8 39 39
8 40 46
8 41 53
8 42 37
8 43 38
8 44 52
8 45 64
8 46 49
8 47 47
8 48 45
8 49 50
8 50 41
8 51 39
8 52 40
8 53 52
8 54 53
8 55 47
8 56 57
8 57 59
8 58 60
8 59 49
8 60 56
8 61 49
8 62 56
8 63 65
8 64 39
8 65 46
8 66 52
8 67 40
8 68 45
8 69 47
8 70 48
8 71 49
8 72 51
8 73 40
8 74 48
8 75 44
8 76 52
8 77 59
8 78 60
8 79 49
8 80 45
8 81 60
8 82 53
8 83 52
8 84 44
8 85 49
8 86 56
8 87 47
8 88 39
8 89 46
8 90 50
8 91 49
8 92 50
8 93 43
8 94 42
8 95 41
8 96 57
8 97 59
8 98 46
8 99 44
8 100 47
8 101 62
8 102 55
8 103 47
8 104 42
8 105 48
8 106 41
8 107 44
8 108 38
8 109 43
8 110 55
8 111 52
8 112 47
8 113 51
8 114 50
8 115 40
8 116 42
8 117 44
8 118 36
8 119 51
8 120 52
8 121 43
8 122 46
8 123 45
8 124 44
8 125 47
8 126 63
8 127 51
8 128 33
8 129 47
8 130 55
8 131 45
8 132 59
8 133 41
8 134 46
8 135 41
8 136 38
8 137 57
8 138 49
8 139 53
8 140 55
8 141 46
8 142 40
8 143 41
8 144 58
8 145 47
8 146 43
8 147 56
8 148 54
8 149 59
9 0 44
9 1 65
9 2 47
9 3 48
9 4 42
9 5 40
9 6 56
9 7 44
9 8 33
9 9 42
9 10 64
9 11 41
9 12 47
9 13 51
9 14 58
9 15 43
9 16 47
9 17 47
9 18 57
9 19 46
9 20 59
9 21 66
9 22 51
9 23 56
9 24 66
9 25 56
9 26 50
9 27 54
9 28 42
9 29 45
9 30 38
9 31 49
9 32 45
9 33 56
9 34 45
9 35 53
9 36 40
9 37 45
9 38 38
9 39 42
9 40 63
9 41 49
9 42 56
9 43 36
9 44 57
9 45 46
9 46 53
9 47 54
9 48 40
9 49 49
9 50 47
9 51 47
9 52 42
9 53 54
9 54 52
9 55 50
9 56 45
9 57 46
9 58 42
9 59 37
9 60 50
9 61 51
9 62 47
9 63 54
9 64 42
9 65 52
9 66 46
9 67 44
9 68 60
9 69 49
9 70 54
9 71 48
9 72 46
9 73 48
9 74 57
9 75 43
9 76 49
9 77 41
9 78 44
9 79 51
9 80 38
9 81 38
9 82 57
9 83 52
9 84 40
9 85 56
9 86 39
9 87 43
9 88 47
9 89 45
9 90 46
9 91 41
9 92 48
9 93 42
9 94 44
9 95 53
9 96 49
9 97 50
9 98 42
9 99 46
9 100 61
9 101 52
9 102 44
9 103 44
9 104 39
9 105 57
9 106 47
9 107 58
9 108 48
9 109 43
9 110 46
9 111 49
9 112 50
9 113 43
9 114 50
9 115 43
9 116 45
9 117 53
9 118 46
9 119 45
9 120 49
9 121 58
9 122 55
9 123 51
9 124 49
9 125 51
9 126 45
9 127 60
9 128 55
9 129 39
9 130 49
9 131 52
9 132 55
9 133 49
9 134 58
9 135 57
9 136 48
9 137 41
9 138 31
9 139 41
9 140 39
9 141 58
9 142 42
9 143 44
9 144 52
9 145 58
9 146 56
9 147 68
9 148 46
9 149 49
10 0 56
10 1 43
10 2 35
10 3 35
10 4 42
10 5 49
10 6 33
10 7 51
10 8 50
10 9 51
10 10 54
10 11 53
10 12 51
10 13 51
10 14 55
10 15 47
10 16 58
10 17 53
10 18 45
10 19 58
10 20 40
10 21 53
10 22 50
10 23 63
10 24 49
10 25 56
10 26 36
10 27 44
10 28 58
10 29 48
10 30 49
10 31 57
10 32 49
10 33 48
10 34 46
10 35 50
10 36 38
10 37 45
10 38 51
10 39 36
10 40 36
10 41 46
10 42 68
10 43 53
10 44 50
10 45 41
10 46 48
10 47 33
10 48 61
10 49 54
10 50 38
10 51 43
10 52 44
10 53 49
10 54 42
10 55 50
10 56 45
10 57 62
10 58 39
10 59 42
10 60 46
10 61 46
10 62 55
10 63 54
10 64 46
10 65 47
10 66 39
10 67 42
10 68 51
10 69 51
10 70 53
10 71 54
10 72 42
10 73 50
10 74 40
10 75 54
10 76 52
10 77 37
10 78 54
10 79 47
10 80 62
10 81 40
10 82 45
10 83 45
10 84 52
10 85 36
10 86 48
10 87 59
10 88 46
10 89 57
10 90 52
10 91 45
10 92 50
10 93 62
10 94 48
10 95 48
10 96 46
10 97 46
10 98 52
10 99 59
10 100 47
10 101 58
10 102 40
10 103 56
10 104 51
10 105 58
10 106 52
10 107 53
10 108 45
10 109 45
10 110 47
10 111 37
10 112 51
10 113 45
10 114 45
10 115 36
10 116 54
10 117 57
10 118 53
10 119 60
10 120 52
10 121 61
10 122 36
10 123 47
10 124 65
10 125 44
10 126 59
10 127 60
10 128 45
10 129 41
10 130 54
10 131 48
10 132 43
10 133 39
10 134 58
10 135 46
10 136 43
10 137 37
10 138 60
10 139 51
10 140 45
10 141 50
10 142 43
10 143 52
10 144 46
10 145 57
10 146 53
10 147 53
10 148 57
10 149 53
11 0 49
11 1 53
11 2 37
11 3 59
11 4 48
11 5 40
11 6 56
11 7 41
11 8 49
11 9 53
11 10 50
11 11 55
11 12 55
11 13 45
11 14 55
11 15 44
11 16 47
11 17 51
11 18 45
11 19 53
11 20 49
11 21 50
11 22 49
11 23 46
11 24 49
11 25 54
11 26 59
11 27 49
11 28 44
11 29 50
11 30 46
11 31 47
11 32 53
11 33 42
11 34 33
11 35 45
11 36 57
11 37 64
11 38 53
11 39 32
11 40 49
11 41 46
11 42 39
11 43 61
11 44 49
11 45 37
11 46 60
11 47 42
11 48 42
11 49 46
11 50 41
11 51 61
11 52 57
11 53 56
11 54 46
11 55 53
11 56 50
11 57 58
11 58 51
11 59 46
11 60 45
11 61 36
11 62 38
11 63 61
11 64 56
11 65 51
11 66 62
11 67 48
11 68 51
11 69 44
11 70 56
11 71 63
11 72 61
11 73 53
11 74 32
11 75 46
11 76 42
11 77 56
11 78 59
11 79 37
11 80 50
11 81 46
11 82 53
11 83 51
11 84 39
11 85 45
11 86 57
11 87 51
11 88 38
11 89 48
11 90 56
11 91 57
11 92 47
11 93 57
11 94 35
11 95 47
11 96 41
11 97 41
11 98 44
11 99 33
11 100 59
11 101 49
11 102 40
11 103 59
11 104 38
11 105 52
11 106 51
11 107 55
11 108 48
11 109 49
11 110 47
11 111 63
11 112 52
11 113 46
11 114 43
11 115 59
11 116 48
11 117 52
11 118 43
11 119 55
11 120 49
11 121 48
11 122 49
11 123 42
11 124 57
11 125 51
11 126 42
11 127 36
11 128 52
11 129 49
11 130 43
11 131 55
11 132 52
11 133 49
11 134 53
11 135 49
11 136 44
11 137 54
11 138 47
11 139 52
11 140 49
11 141 51
11 142 47
11 143 51
11 144 55
11 145 57
11 146 41
11 147 40
11 148 46
11 149 43
12 0 51
12 1 51
12 2 55
12 3 54
12 4 45
12 5 53
12 6 62
12 7 42
12 8 40
12 9 58
12 10 51
12 11 44
12 12 46
12 13 53
12 14 55
12 15 45
12 16 43
12 17 46
12 18 53
12 19 51
12 20 52
12 21 59
12 22 48
12 23 50
12 24 47
12 25 49
12 26 47
12 27 58
12 28 59
12 29 48
12 30 60
12 31 51
12 32 51
12 33 35
12 34 46
12 35 58
12 36 51
12 37 47
12 38 29
12 39 48
12 40 42
12 41 48
12 42 47
12 43 55
12 44 46
12 45 59
12 46 55
12 47 54
12 48 56
12 49 56
12 50 55
12 51 47
12 52 46
12 53 56
12 54 60
12 55 50
12 56 54
12 57 52
12 58 55
12 59 53
12 60 45
12 61 47
12 62 34
12 63 52
12 64 52
12 65 53
12 66 47
12 67 50
12 68 47
12 69 44
12 70 61
12 71 31
12 72 56
12 73 47
12 74 52
12 75 54
12 76 47
12 77 52
12 78 53
12 79 61
12 80 49
12 81 54
12 82 46
12 83 39
12 84 47
12 85 44
12 86 37
12 87 43
12 88 45
12 89 50
12 90 63
12 91 57
12 92 43
12 93 40
12 94 52
12 95 35
12 96 41
12 97 51
12 98 43
12 99 47
12 100 47
12 101 58
12 102 47
12 103 53
12 104 52
12 105 44
12 106 42
12 107 40
12 108 52
12 109 41
12 110 62
12 111 61
12 112 44
12 113 49
12 114 39
12 115 43
12 116 50
12 117 36
12 118 52
12 119 48
12 120 55
12 121 41
12 122 45
12 123 48
12 124 39
12 125 43
12 126 58
12 127 52
12 128 51
12 129 42
12 130 47
12 131 44
12 132 45
12 133 53
12 134 40
12 135 53
12 136 45
12 137 67
12 138 51
12 139 56
12 140 52
12 141 49
12 142 53
12 143 57
12 144 51
12 145 49
12 146 47
12 147 58
12 148 41
12 149 51
13 0 46
13 1 42
13 2 51
13 3 58
13 4 55
13 5 56
13 6 35
13 7 56
13 8 35
13 9 52
13 10 56
13 11 54
13 12 57
13 13 48
13 14 38
13 15 49
13 16 42
13 17 45
13 18 50
13 19 50
13 20 51
13 21 61
13 22 48
13 23 42
13 24 39
13 25 65
13 26 43
13 27 41
13 28 33
13 29 48
13 30 54
13 31 51
13 32 40
13 33 48
13 34 52
13 35 48
13 36 46
13 37 59
13 38 39
13 39 47
13 40 44
13 41 56
13 42 51
13 43 53
13 44 49
13 45 45
13 46 53
13 47 44
13 48 47
13 49 68
13 50 71
13 51 50
13 52 42
13 53 50
13 54 57
13 55 49
13 56 41
13 57 63
13 58 48
13 59 53
13 60 49
13 61 50
13 62 51
13 63 50
13 64 58
13 65 33
13 66 50
13 67 61
13 68 45
13 69 51
13 70 60
13 71 61
13 72 42
13 73 51
13 74 41
13 75 45
13 76 44
13 77 57
13 78 57
13 79 48
13 80 45
13 81 39
13 82 55
13 83 47
13 84 49
13 85 53
13 86 50
13 87 46
13 88 51
13 89 59
13 90 53
13 91 58
13 92 53
13 93 53
13 94 60
13 95 52
13 96 52
13 97 40
13 98 55
13 99 42
13 100 59
13 101 41
13 102 57
13 103 52
13 104 51
13 105 55
13 106 53
13 107 61
13 108 42
13 109 55
13 110 57
13 111 43
13 112 44
13 113 60
13 114 39
13 115 58
13 116 48
13 117 54
13 118 57
13 119 55
13 120 46
13 121 53
13 122 57
13 123 38
13 124 52
13 125 48
13 126 60
13 127 57
13 128 40
13 129 43
13 130 46
13 131 49
13 132 44
13 133 51
13 134 37
13 135 45
13 136 54
13 137 56
13 138 49
13 139 46
13 140 40
13 141 47
13 142 40
13 143 43
13 144 43
13 145 49
13 146 47
13 147 51
13 148 52
13 149 49
14 0 49
14 1 47
14 2 61
14 3 48
14 4 44
14 5 64
14 6 43
14 7 47
14 8 54
14 9 47
14 10 45
14 11 49
14 12 49
14 13 47
14 14 50
14 15 44
14 16 55
14 17 48
14 18 51
14 19 44
14 20 46
14 21 55
14 22 48
14 23 55
14 24 51
14 25 53
14 26 47
14 27 40
14 28 48
14 29 51
14 30 41
14 31 51
14 32 47
14 33 48
14 34 51
14 35 48
14 36 60
14 37 43
14 38 50
14 39 37
14 40 46
14 41 37
14 42 64
14 43 47
14 44 52
14 45 57
14 46 47
14 47 42
14 48 47
14 49 53
14 50 50
14 51 39
14 52 38
14 53 38
14 54 68
14 55 56
14 56 62
14 57 40
14 58 42
14 59 62
14 60 48
14 61 54
14 62 54
14 63 65
14 64 41
14 65 64
14 66 48
14 67 47
14 68 43
14 69 37
14 70 48
14 71 44
14 72 55
14 73 57
14 74 36
14 75 51
14 76 42
14 77 36
14 78 46
14 79 54
14 80 47
14 81 49
14 82 48
14 83 48
14 84 55
14 85 50
14 86 40
14 87 61
14 88 49
14 89 46
14 90 36
14 91 58
14 92 48
14 93 47
14 94 45
14 95 42
14 96 56
14 97 59
14 98 51
14 99 49
14 100 42
14 101 52
14 102 49
14 103 46
14 104 47
14 105 58
14 106 60
14 107 51
14 108 49
14 109 56
14 110 55
14 111 47
14 112 55
14 113 48
14 114 50
14 115 55
14 116 49
14 117 68
14 118 38
14 119 51
14 120 44
14 121 57
14 122 53
14 123 50
14 124 50
14 125 47
14 126 53
14 127 50
14 128 47
14 129 54
14 130 46
14 131 43
14 132 45
14 133 51
14 134 60
14 135 43
14 136 44
14 137 46
14 138 57
14 139 38
14 140 60
14 141 38
14 142 40
14 143 64
14 144 53
14 145 50
14 146 45
14 147 47
14 148 46
14 149 38
15 0 37
15 1 49
15 2 44
15 3 60
15 4 54
15 5 54
15 6 53
15 7 62
15 8 42
15 9 32
15 10 51
15 11 42
15 12 61
15 13 52
15 14 65
15 15 46
15 16 58
15 17 46
15 18 53
15 19 35
15 20 48
15 21 52
15 22 47
15 23 49
15 24 57
15 25 46
15 26 48
15 27 45
15 28 63
15 29 32
15 30 41
15 31 56
15 32 66
15 33 52
15 34 47
15 35 39
15 36 45
15 37 49
15 38 48
15 39 51
15 40 56
15 41 49
15 42 48
15 43 64
15 44 53
15 45 70
15 46 55
15 47 45
15 48 62
15 49 49
15 50 51
15 51 40
15 52 45
15 53 56
15 54 47
15 55 51
15 56 42
15 57 41
15 58 39
15 59 52
15 60 37
15 61 37
15 62 51
15 63 50
15 64 43
15 65 42
15 66 42
15 67 45
15 68 38
15 69 43
15 70 51
15 71 42
15 72 36
15 73 53
15 74 38
15 75 48
15 76 50
15 77 47
15 78 40
15 79 57
15 80 48
15 81 47
15 82 49
15 83 54
15 84 50
15 85 50
15 86 44
15 87 40
15 88 52
15 89 46
15 90 55
15 91 54
15 92 46
15 93 45
15 94 53
15 95 49
15 96 47
15 97 43
15 98 50
15 99 54
15 100 43
15 101 50
15 102 52
15 103 55
15 104 56
15 105 48
15 106 51
15 107 56
15 108 46
15 109 62
15 110 44
15 111 46
15 112 34
15 113 53
15 114 48
15 115 55
15 116 59
15 117 43
15 118 51
15 119 47
15 120 46
15 121 50
15 122 49
15 123 51
15 124 40
15 125 47
15 126 44
15 127 59
15 128 51
15 129 37
15 130 43
15 131 48
15 132 55
15 133 33
15 134 38
15 135 43
15 136 55
15 137 42
15 138 50
15 139 63
15 140 51
15 141 53
15 142 39
15 143 31
15 144 54
15 145 59
15 146 45
15 147 46
15 148 53
15 149 61
16 0 46
16 1 36
16 2 48
16 3 47
16 4 48
16 5 53
16 6 59
16 7 46
16 8 42
16 9 56
16 10 47
16 11 55
16 12 44
16 13 46
16 14 55
16 15 50
16 16 33
16 17 47
16 18 49
16 19 51
16 20 55
16 21 46
16 22 52
16 23 64
16 24 45
16 25 44
16 26 51
16 27 44
16 28 41
16 29 48
16 30 48
16 31 49
16 32 56
16 33 47
16 34 45
16 35 55
16 36 54
16 37 54
16 38 52
16 39 50
16 40 51
16 41 59
16 42 47
16 43 41
16 44 51
16 45 41
16 46 44
16 47 43
16 48 59
16 49 56
16 50 58
16 51 51
16 52 56
16 53 61
16 54 41
16 55 58
16 56 37
16 57 45
16 58 39
16 59 47
16 60 60
16 61 38
16 62 52
16 63 47
16 64 52
16 65 53
16 66 47
16 67 39
16 68 54
16 69 41
16 70 48
16 71 51
16 72 33
16 73 43
16 74 47
16 75 47
16 76 42
16 77 45
16 78 41
16 79 45
16 80 44
16 81 53
16 82 50
16 83 48
16 84 43
16 85 62
16 86 41
16 87 48
16 88 55
16 89 54
16 90 60
16 91 58
16 92 61
16 93 47
16 94 57
16 95 48
16 96 38
16 97 57
16 98 46
16 99 54
16 100 47
16 101 38
16 102 38
16 103 42
16 104 47
16 105 40
16 106 50
16 107 49
16 108 52
16 109 34
16 110 52
16 111 46
16 112 56
16 113 57
16 114 44
16 115 56
16 116 38
16 117 51
16 118 43
16 119 50
16 120 56
16 121 52
16 122 48
16 123 51
16 124 48
16 125 49
16 126 54
16 127 41
16 128 46
16 129 52
16 130 47
16 131 42
16 132 61
16 133 50
16 134 35
16 135 50
16 136 49
16 137 46
16 138 57
16 139 51
16 140 43
16 141 42
16 142 52
16 143 55
16 144 61
16 145 45
16 146 42
16 147 42
16 148 45
16 149 43
17 0 53
17 1 55
17 2 53
17 3 47
17 4 53
17 5 54
17 6 54
17 7 52
17 8 56
17 9 38
17 10 35
17 11 57
17 12 49
17 13 56
17 14 50
17 15 54
17 16 57
17 17 45
17 18 43
17 19 50
17 20 43
17 21 43
17 22 54
17 23 50
17 24 39
17 25 33
17 26 61
17 27 47
17 28 48
17 29 47
17 30 46
17 31 49
17 32 51
17 33 43
17 34 46
17 35 46
17 36 37
17 37 53
17 38 48
17 39 54
17 40 43
17 41 38
17 42 39
17 43 50
17 44 48
17 45 72
17 46 44
17 47 45
17 48 56
17 49 45
17 50 49
17 51 53
17 52 56
17 53 44
17 54 43
17 55 55
17 56 48
17 57 36
17 58 56
17 59 54
17 60 44
17 61 38
17 62 60
17 63 54
17 64 42
17 65 46
17 66 44
17 67 56
17 68 65
17 69 51
17 70 53
17 71 51
17 72 55
17 73 48
17 74 57
17 75 49
17 76 57
17 77 40
17 78 50
17 79 63
17 80 58
17 81 53
17 82 60
17 83 56
17 84 45
17 85 44
17 86 55
17 87 49
17 88 47
17 89 39
17 90 56
17 91 50
17 92 45
17 93 49
17 94 74
17 95 43
17 96 55
17 97 41
17 98 45
17 99 38
17 100 53
17 101 50
17 102 45
17 103 36
17 104 48
17 105 42
17 106 42
17 107 47
17 108 58
17 109 35
17 110 44
17 111 45
17 112 56
17 113 55
17 114 45
17 115 57
17 116 46
17 117 47
17 118 43
17 119 44
17 120 33
17 121 42
17 122 56
17 123 50
17 124 50
17 125 48
17 126 33
17 127 62
17 128 38
17 129 41
17 130 51
17 131 46
17 132 59
17 133 44
17 134 45
17 135 53
17 136 54
17 137 60
17 138 49
17 139 41
17 140 52
17 141 52
17 142 45
17 143 44
17 144 41
17 145 51
17 146 49
17 147 42
17 148 52
17 149 39
18 0 50
18 1 51
18 2 51
18 3 35
18 4 46
18 5 46
18 6 51
18 7 43
18 8 44
18 9 41
18 10 49
18 11 52
18 12 48
18 13 49
18 14 53
18 15 55
18 16 47
18 17 47
18 18 58
18 19 58
18 20 58
18 21 58
18 22 51
18 23 36
18 24 67
18 25 47
18 26 46
18 27 48
18 28 45
18 29 41
18 30 57
18 31 49
18 32 41
18 33 56
18 34 46
18 35 41
18 36 47
18 37 57
18 38 42
18 39 31
18 40 53
18 41 50
18 42 48
18 43 46
18 44 32
18 45 48
18 46 53
18 47 48
18 48 46
18 49 43
18 50 54
18 51 40
18 52 52
18 53 45
18 54 53
18 55 49
18 56 56
18 57 46
18 58 40
18 59 55
18 60 55
18 61 50
18 62 56
18 63 54
18 64 56
18 65 42
18 66 42
18 67 60
18 68 49
18 69 41
18 70 60
18 71 38
18 72 50
18 73 54
18 74 47
18 75 51
18 76 48
18 77 51
18 78 52
18 79 55
18 80 42
18 81 45
18 82 50
18 83 39
18 84 47
18 85 49
18 86 54
18 87 60
18 88 56
18 89 49
18 90 48
18 91 50
18 92 43
18 93 40
18 94 44
18 95 46
18 96 41
18 97 50
18 98 45
18 99 46
18 100 45
18 101 70
18 102 48
18 103 41
18 104 48
18 105 57
18 106 41
18 107 51
18 108 50
18 109 50
18 110 39
18 111 62
18 112 38
18 113 44
18 114 39
18 115 50
18 116 44
18 117 56
18 118 52
18 119 45
18 120 44
18 121 51
18 122 42
18 123 34
18 124 39
18 125 49
18 126 54
18 127 48
18 128 51
18 129 43
18 130 45
18 131 43
18 132 48
18 133 51
18 134 39
18 135 49
18 136 45
18 137 47
18 138 51
18 139 41
18 140 37
18 141 59
18 142 57
18 143 46
18 144 42
18 145 46
18 146 50
18 147 39
18 148 57
18 149 49
19 0 47
19 1 39
19 2 51
19 3 50
19 4 52
19 5 53
19 6 46
19 7 53
19 8 32
19 9 45
19 10 57
19 11 52
19 12 53
19 13 47
19 14 53
19 15 52
19 16 45
19 17 57
19 18 49
19 19 46
19 20 45
19 21 58
19 22 54
19 23 50
19 24 60
19 25 47
19 26 48
19 27 54
19 28 53
19 29 59
19 30 51
19 31 40
19 32 58
19 33 52
19 34 59
19 35 58
19 36 57
19 37 57
19 38 44
19 39 59
19 40 43
19 41 39
19 42 47
19 43 35
19 44 39
19 45 49
19 46 41
19 47 36
19 48 50
19 49 61
19 50 45
19 51 43
19 52 48
19 53 46
19 54 48
19 55 48
19 56 41
19 57 35
19 58 42
19 59 35
19 60 46
19 61 41
19 62 45
19 63 47
19 64 45
19 65 45
19 66 44
19 67 59
19 68 52
19 69 53
19 70 50
19 71 47
19 72 56
19 73 42
19 74 48
19 75 36
19 76 54
19 77 53
19 78 42
19 79 42
19 80 52
19 81 59
19 82 48
19 83 44
19 84 50
19 85 57
19 86 46
19 87 45
19 88 49
19 89 40
19 90 49
19 91 54
19 92 39
19 93 47
19 94 37
19 95 51
19 96 46
19 97 57
19 98 44
19 99 59
19 100 53
19 101 42
19 102 55
19 103 47
19 104 60
19 105 47
19 106 45
19 107 46
19 108 58
19 109 44
19 110 46
19 111 54
19 112 47
19 113 53
19 114 50
19 115 49
19 116 57
19 117 48
19 118 47
19 119 50
19 120 41
19 121 44
19 122 29
19 123 57
19 124 49
19 125 43
19 126 43
19 127 50
19 128 54
19 129 53
19 130 47
19 131 52
19 132 48
19 133 44
19 134 46
19 135 42
19 136 54
19 137 51
19 138 50
19 139 45
19 140 49
19 141 58
19 142 41
19 143 50
19 144 54
19 145 42
19 146 54
19 147 57
19 148 47
19 149 44
20 0 37
20 1 52
20 2 42
20 3 63
20 4 59
20 5 55
20 6 41
20 7 60
20 8 61
20 9 43
20 10 49
20 11 33
20 12 42
20 13 57
20 14 38
20 15 43
20 16 39
20 17 39
20 18 35
20 19 51
20 20 45
20 21 55
20 22 47
20 23 49
20 24 41
20 25 49
20 26 53
20 27 53
20 28 47
20 29 60
20 30 57
20 31 41
20 32 44
20 33 42
20 34 53
20 35 57
20 36 54
20 37 44
20 38 35
20 39 49
20 40 53
20 41 40
20 42 44
20 43 51
20 44 50
20 45 54
20 46 37
20 47 39
20 48 48
20 49 56
20 50 61
20 51 57
20 52 58
20 53 46
20 54 50
20 55 48
20 56 50
20 57 53
20 58 48
20 59 41
20 60 52
20 61 42
20 62 45
20 63 41
20 64 54
20 65 39
20 66 47
20 67 59
20 68 46
20 69 48
20 70 44
20 71 43
20 72 54
20 73 55
20 74 50
20 75 50
20 76 52
20 77 46
20 78 43
20 79 43
20 80 58
20 81 57
20 82 48
20 83 38
20 84 49
20 85 41
20 86 49
20 87 44
20 88 62
20 89 50
20 90 54
20 91 45
20 92 52
20 93 46
20 94 35
20 95 50
20 96 46
20 97 55
20 98 48
20 99 50
20 100 50
20 101 47
20 102 48
20 103 52
20 104 40
20 105 35
20 106 39
20 107 47
20 108 42
20 109 50
20 110 41
20 111 64
20 112 53
20 113 40
20 114 49
20 115 48
20 116 43
20 117 42
20 118 56
20 119 46
20 120 51
20 121 45
20 122 57
20 123 39
20 124 41
20 125 55
20 126 51
20 127 52
20 128 51
20 129 55
20 130 48
20 131 57
20 132 57
20 133 64
20 134 43
20 135 50
20 136 56
20 137 57
20 138 45
20 139 57
20 140 55
20 141 43
20 142 54
20 143 64
20 144 59
20 145 52
20 146 51
20 147 38
20 148 57
20 149 45
21 0 73
21 1 46
21 2 50
21 3 45
21 4 39
21 5 58
21 6 42
21 7 50
21 8 49
21 9 67
21 10 45
21 11 38
21 12 52
21 13 44
21 14 56
21 15 51
21 16 46
21 17 57
21 18 47
21 19 65
21 20 54
21 21 48
21 22 42
21 23 39
21 24 39
21 25 42
21 26 48
21 27 45
21 28 59
21 29 38
21 30 43
21 31 59
21 32 52
21 33 47
21 34 57
21 35 44
21 36 36
21 37 41
21 38 50
21 39 45
21 40 54
21 41 32
21 42 37
21 43 50
21 44 42
21 45 54
21 46 51
21 47 57
21 48 42
21 49 55
21 50 44
21 51 43
21 52 66
21 53 42
21 54 34
21 55 44
21 56 58
21 57 52
21 58 38
21 59 61
21 60 54
21 61 44
21 62 35
21 63 41
21 64 47
21 65 48
21 66 43
21 67 61
21 68 48
21 69 52
21 70 50
21 71 56
21 72 55
21 73 57
21 74 41
21 75 40
21 76 51
21 77 53
21 78 49
21 79 50
21 80 64
21 81 37
21 82 56
21 83 42
21 84 52
21 85 50
21 86 50
21 87 45
21 88 51
21 89 45
21 90 39
21 91 57
21 92 57
21 93 47
21 94 40
21 95 43
21 96 55
21 97 60
21 98 49
21 99 40
21 100 54
21 101 50
21 102 42
21 103 43
21 104 60
21 105 61
21 106 47
21 107 48
21 108 45
21 109 40
21 110 37
21 111 55
21 112 48
21 113 51
21 114 56
21 115 47
21 116 42
21 117 51
21 118 50
21 119 42
21 120 47
21 121 47
21 122 43
21 123 48
21 124 53
21 125 44
21 126 58
21 127 51
21 128 47
21 129 56
21 130 47
21 131 49
21 132 55
21 133 35
21 134 44
21 135 55
21 136 52
21 137 60
21 138 47
21 139 45
21 140 40
21 141 42
21 142 46
21 143 55
21 144 55
21 145 45
21 146 35
21 147 58
21 148 45
21 149 56
22 0 48
22 1 50
22 2 49
22 3 52
22 4 54
22 5 54
22 6 42
22 7 46
22 8 45
22 9 44
22 10 51
22 11 54
22 12 51
22 13 48
22 14 45
22 15 41
22 16 48
22 17 50
22 18 51
22 19 54
22 20 60
22 21 46
22 22 54
22 23 56
22 24 48
22 25 51
22 26 50
22 27 32
22 28 61
22 29 54
22 30 51
22 31 42
22 32 51
22 33 40
22 34 44
22 35 45
22 36 55
22 37 52
22 38 55
22 39 40
22 40 53
22 41 55
22 42 47
22 43 32
22 44 55
22 45 53
22 46 56
22 47 57
22 48 39
22 49 45
22 50 51
22 51 54
22 52 57
22 53 58
22 54 55
22 55 49
22 56 54
22 57 43
22 58 56
22 59 50
22 60 49
22 61 53
22 62 57
22 63 32
22 64 63
22 65 56
22 66 53
22 67 47
22 68 53
22 69 40
22 70 45
22 71 52
22 72 58
22 73 32
22 74 64
22 75 48
22 76 49
22 77 55
22 78 39
22 79 51
22 80 50
22 81 55
22 82 48
22 83 40
22 84 46
22 85 54
22 86 50
22 87 35
22 88 49
22 89 50
22 90 56
22 91 50
22 92 47
22 93 42
22 94 46
22 95 46
22 96 58
22 97 38
22 98 55
22 99 39
22 100 50
22 101 57
22 102 46
22 103 44
22 104 36
22 105 45
22 106 53
22 107 48
22 108 49
22 109 56
22 110 46
22 111 71
22 112 53
22 113 38
22 114 53
22 115 40
22 116 38
22 117 49
22 118 38
22 119 43
22 120 41
22 121 43
22 122 62
22 123 47
22 124 35
22 125 40
22 126 41
22 127 61
22 128 51
22 129 64
22 130 66
22 131 51
22 132 45
22 133 44
22 134 57
22 135 39
22 136 48
22 137 57
22 138 57
22 139 44
22 140 53
22 141 43
22 142 44
22 143 46
22 144 42
22 145 39
22 146 51
22 147 49
22 148 42
22 149 33
23 0 46
23 1 58
23 2 49
23 3 54
23 4 49
23 5 44
23 6 39
23 7 63
23 8 37
23 9 60
23 10 53
23 11 49
23 12 51
23 13 49
23 14 34
23 15 52
23 16 58
23 17 59
23 18 48
23 19 50
23 20 41
23 21 34
23 22 53
23 23 59
23 24 53
23 25 42
23 26 55
23 27 48
23 28 57
23 29 51
23 30 52
23 31 39
23 32 37
23 33 44
23 34 58
23 35 53
23 36 56
23 37 48
23 38 54
23 39 41
23 40 49
23 41 50
23 42 45
23 43 53
23 44 48
23 45 53
23 46 57
23 47 41
23 48 53
23 49 50
23 50 59
23 51 50
23 52 50
23 53 55
23 54 47
23 55 52
23 56 57
23 57 47
23 58 47
23 59 42
23 60 48
23 61 47
23 62 43
23 63 48
23 64 40
23 65 41
23 66 47
23 67 42
23 68 49
23 69 50
23 70 57
23 71 52
23 72 45
23 73 47
23 74 58
23 75 36
23 76 49
23 77 56
23 78 57
23 79 50
23 80 47
23 81 48
23 82 53
23 83 45
23 84 67
23 85 47
23 86 42
23 87 54
23 88 47
23 89 55
23 90 42
23 91 45
23 92 38
23 93 49
23 94 63
23 95 54
23 96 50
23 97 54
23 98 50
23 99 62
23 100 46
23 101 52
23 102 58
23 103 43
23 104 45
23 105 56
23 106 43
23 107 57
23 108 59
23 109 37
23 110 45
23 111 51
23 112 38
23 113 44
23 114 50
23 115 47
23 116 59
23 117 53
23 118 47
23 119 63
23 120 52
23 121 45
23 122 48
23 123 47
23 124 59
23 125 41
23 126 54
23 127 54
23 128 49
23 129 55
23 130 59
23 131 53
23 132 47
23 133 51
23 134 49
23 135 47
23 136 46
23 137 40
23 138 53
23 139 51
23 140 50
23 141 51
23 142 50
23 143 43
23 144 47
23 145 56
23 146 56
23 147 51
23 148 50
23 149 57
24 0 49
24 1 37
24 2 43
24 3 51
24 4 56
24 5 58
24 6 38
24 7 56
24 8 56
24 9 49
24 10 47
24 11 64
24 12 54
24 13 36
24 14 52
24 15 50
24 16 34
24 17 45
24 18 44
24 19 35
24 20 52
24 21 54
24 22 44
24 23 51
24 24 39
24 25 61
24 26 58
24 27 56
24 28 69
24 29 48
24 30 50
24 31 47
24 32 47
24 33 50
24 34 51
24 35 42
24 36 38
24 37 46
24 38 44
24 39 49
24 40 51
24 41 52
24 42 47
24 43 52
24 44 40
24 45 48
24 46 54
24 47 45
24 48 54
24 49 53
24 50 46
24 51 51
24 52 39
24 53 56
24 54 45
24 55 50
24 56 45
24 57 45
24 58 51
24 59 50
24 60 51
24 61 39
24 62 56
24 63 57
24 64 47
24 65 38
24 66 52
24 67 55
24 68 41
24 69 43
24 70 49
24 71 41
24 72 44
24 73 51
24 74 43
24 75 43
24 76 50
24 77 52
24 78 42
24 79 51
24 80 45
24 81 41
24 82 37
24 83 48
24 84 39
24 85 52
24 86 46
24 87 54
24 88 50
24 89 55
24 90 52
24 91 48
24 92 43
24 93 38
24 94 40
24 95 34
24 96 60
24 97 51
24 98 51
24 99 42
24 100 39
24 101 48
24 102 52
24 103 44
24 104 53
24 105 47
24 106 40
24 107 64
24 108 43
24 109 50
24 110 46
24 111 51
24 112 60
24 113 56
24 114 53
24 115 48
24 116 60
24 117 57
24 118 57
24 119 38
24 120 52
24 121 42
24 122 47
24 123 41
24 124 57
24 125 53
24 126 48
24 127 52
24 128 44
24 129 65
24 130 40
24 131 42
24 132 39
24 133 52
24 134 43
24 135 65
24 136 42
24 137 49
24 138 49
24 139 65
24 140 42
24 141 55
24 142 46
24 143 39
24 144 53
24 145 51
24 146 41
24 147 53
24 148 61
24 149 52
25 0 56
25 1 52
25 2 50
25 3 57
25 4 57
25 5 45
25 6 46
25 7 43
25 8 43
25 9 45
25 10 53
25 11 56
25 12 50
25 13 51
25 14 42
25 15 46
25 16 54
25 17 41
25 18 49
25 19 48
25 20 43
25 21 53
25 22 50
25 23 45
25 24 48
25 25 54
25 26 54
25 27 46
25 28 53
25 29 49
25 30 50
25 31 43
25 32 58
25 33 60
25 34 52
25 35 48
25 36 41
25 37 55
25 38 41
25 39 37
25 40 33
25 41 40
25 42 37
25 43 50
25 44 53
25 45 53
25 46 41
25 47 45
25 48 42
25 49 52
25 50 47
25 51 42
25 52 50
25 53 47
25 54 40
25 55 59
25 56 46
25 57 40
25 58 43
25 59 47
25 60 53
25 61 51
25 62 41
25 63 59
25 64 51
25 65 45
25 66 55
25 67 47
25 68 47
25 69 50
25 70 40
25 71 58
25 72 51
25 73 38
25 74 45
25 75 55
25 76 55
25 77 47
25 78 41
25 79 50
25 80 48
25 81 44
25 82 50
25 83 55
25 84 57
25 85 55
25 86 46
25 87 35
25 88 50
25 89 52
25 90 53
25 91 68
25 92 48
25 93 51
25 94 41
25 95 56
25 96 60
25 97 48
25 98 53
25 99 41
25 100 52
25 101 43
25 102 54
25 103 48
25 104 48
25 105 55
25 106 44
25 107 58
25 108 49
25 109 40
25 110 49
25 111 57
25 112 56
25 113 42
25 114 50
25 115 54
25 116 47
25 117 44
25 118 46
25 119 61
25 120 47
25 121 50
25 122 51
25 123 43
25 124 50
25 125 46
25 126 50
25 127 44
25 128 51
25 129 58
25 130 36
25 131 46
25 132 48
25 133 44
25 134 51
25 135 57
25 136 46
25 137 52
25 138 54
25 139 53
25 140 43
25 141 53
25 142 51
25 143 54
25 144 48
25 145 45
25 146 60
25 147 43
25 148 48
25 149 47
26 0 49
26 1 48
26 2 47
26 3 49
26 4 54
26 5 53
26 6 54
26 7 58
26 8 61
26 9 49
26 10 45
26 11 51
26 12 51
26 13 52
26 14 39
26 15 40
26 16 50
26 17 51
26 18 45
26 19 51
26 20 57
26 21 38
26 22 44
26 23 53
26 24 42
26 25 46
26 26 54
26 27 44
26 28 46
26 29 57
26 30 50
26 31 45
26 32 50
26 33 56
26 34 39
26 35 50
26 36 52
26 37 62
26 38 43
26 39 47
26 40 48
26 41 53
26 42 40
26 43 53
26 44 36
26 45 53
26 46 50
26 47 55
26 48 49
26 49 42
26 50 39
26 51 58
26 52 55
26 53 56
26 54 33
26 55 50
26 56 44
26 57 55
26 58 42
26 59 63
26 60 45
26 61 56
26 62 45
26 63 39
26 64 61
26 65 49
26 66 41
26 67 57
26 68 50
26 69 52
26 70 57
26 71 56
26 72 41
26 73 58
26 74 44
26 75 56
26 76 53
26 77 40
26 78 46
26 79 58
26 80 41
26 81 56
26 82 45
26 83 55
26 84 55
26 85 53
26 86 37
26 87 51
26 88 54
26 89 40
26 90 57
26 91 43
26 92 54
26 93 54
26 94 54
26 95 54
26 96 45
26 97 47
26 98 38
26 99 57
26 100 53
26 101 57
26 102 67
26 103 67
26 104 39
26 105 52
26 106 45
26 107 42
26 108 41
26 109 47
26 110 52
26 111 50
26 112 49
26 113 45
26 114 60
26 115 55
26 116 60
26 117 47
26 118 52
26 119 55
26 120 37
26 121 48
26 122 48
26 123 48
26 124 49
26 125 48
26 126 41
26 127 58
26 128 47
26 129 42
26 130 58
26 131 55
26 132 49
26 133 50
26 134 44
26 135 50
26 136 61
26 137 52
26 138 42
26 139 43
26 140 49
26 141 49
26 142 38
26 143 56
26 144 55
26 145 46
26 146 59
26 147 50
26 148 49
26 149 47
27 0 50
27 1 53
27 2 51
27 3 57
27 4 54
27 5 48
27 6 44
27 7 47
27 8 49
27 9 58
27 10 51
27 11 45
27 12 63
27 13 50
27 14 45
27 15 53
27 16 51
27 17 50
27 18 57
27 19 61
27 20 52
27 21 49
27 22 46
27 23 42
27 24 48
27 25 58
27 26 53
27 27 40
27 28 53
27 29 52
27 30 59
27 31 55
27 32 46
27 33 56
27 34 51
27 35 50
27 36 39
27 37 60
27 38 54
27 39 41
27 40 41
27 41 44
27 42 47
27 43 39
27 44 54
27 45 47
27 46 45
27 47 49
27 48 45
27 49 58
27 50 34
27 51 49
27 52 55
27 53 49
27 54 40
27 55 52
27 56 49
27 57 45
27 58 58
27 59 53
27 60 52
27 61 46
27 62 49
27 63 49
27 64 44
27 65 42
27 66 42
27 67 49
27 68 53
27 69 43
27 70 60
27 71 43
27 72 49
27 73 60
27 74 56
27 75 46
27 76 47
27 77 40
27 78 55
27 79 51
27 80 54
27 81 48
27 82 44
27 83 42
27 84 54
27 85 44
27 86 53
27 87 40
27 88 39
27 89 51
27 90 55
27 91 53
27 92 40
27 93 55
27 94 40
27 95 51
27 96 58
27 97 47
27 98 46
27 99 63
27 100 44
27 101 62
27 102 53
27 103 43
27 104 45
27 105 45
27 106 54
27 107 42
27 108 49
27 109 52
27 110 56
27 111 42
27 112 46
27 113 41
27 114 55
27 115 61
27 116 45
27 117 40
27 118 36
27 119 40
27 120 52
27 121 44
27 122 51
27 123 47
27 124 49
27 125 39
27 126 59
27 127 44
27 128 65
27 129 57
27 130 41
27 131 46
27 132 50
27 133 55
27 134 58
27 135 30
27 136 39
27 137 43
27 138 52
27 139 40
27 140 63
27 141 58
27 142 47
27 143 50
27 144 47
27 145 53
27 146 41
27 147 59
27 148 51
27 149 67
28 0 45
28 1 61
28 2 39
28 3 58
28 4 52
28 5 51
28 6 48
28 7 45
28 8 44
28 9 54
28 10 50
28 11 54
28 12 50
28 13 41
28 14 50
28 15 61
28 16 52
28 17 41
28 18 45
28 19 53
28 20 57
28 21 47
28 22 42
28 23 37
28 24 57
28 25 57
28 26 46
28 27 47
28 28 40
28 29 43
28 30 61
28 31 38
28 32 48
28 33 57
28 34 53
28 35 48
28 36 48
28 37 47
28 38 39
28 39 58
28 40 41
28 41 53
28 42 47
28 43 45
28 44 49
28 45 43
28 46 50
28 47 43
28 48 48
28 49 50
28 50 50
28 51 42
28 52 39
28 53 42
28 54 44
28 55 49
28 56 52
28 57 45
28 58 46
28 59 53
28 60 43
28 61 44
28 62 44
28 63 51
28 64 59
28 65 46
28 66 47
28 67 53
28 68 42
28 69 60
28 70 64
28 71 58
28 72 45
28 73 51
28 74 49
28 75 44
28 76 57
28 77 37
28 78 57
28 79 46
28 80 56
28 81 53
28 82 53
28 83 51
28 84 40
28 85 51
28 86 56
28 87 51
28 88 58
28 89 40
28 90 53
28 91 52
28 92 40
28 93 55
28 94 46
28 95 45
28 96 50
28 97 43
28 98 39
28 99 48
28 100 50
28 101 54
28 102 45
28 103 56
28 104 39
28 105 51
28 106 50
28 107 49
28 108 53
28 109 45
28 110 53
28 111 59
28 112 45
28 113 38
28 114 45
28 115 48
28 116 46
28 117 53
28 118 63
28 119 44
28 120 60
28 121 53
28 122 53
28 123 60
28 124 47
28 125 39
28 126 49
28 127 57
28 128 54
28 129 51
28 130 44
28 131 42
28 132 56
28 133 49
28 134 60
28 135 47
28 136 42
28 137 48
28 138 59
28 139 46
28 140 53
28 141 38
28 142 45
28 143 47
28 144 56
28 145 44
28 146 56
28 147 48
28 148 45
28 149 39
29 0 52
29 1 46
29 2 42
29 3 47
29 4 49
29 5 44
29 6 53
29 7 48
29 8 58
29 9 46
29 10 33
29 11 56
29 12 50
29 13 53
29 14 50
29 15 37
29 16 54
29 17 39
29 18 43
29 19 56
29 20 42
29 21 51
29 22 50
29 23 46
29 24 50
29 25 48
29 26 40
29 27 42
29 28 50
29 29 52
29 30 51
29 31 65
29 32 57
29 33 46
29 34 58
29 35 54
29 36 49
29 37 43
29 38 54
29 39 48
29 40 48
29 41 55
29 42 45
29 43 53
29 44 48
29 45 41
29 46 57
29 47 50
29 48 43
29 49 52
29 50 51
29 51 48
29 52 45
29 53 41
29 54 44
29 55 46
29 56 42
29 57 56
29 58 55
29 59 46
29 60 46
29 61 56
29 62 68
29 63 61
29 64 39
29 65 45
29 66 51
29 67 46
29 68 44
29 69 61
29 70 46
29 71 42
29 72 40
29 73 51
29 74 45
29 75 53
29 76 64
29 77 51
29 78 56
29 79 47
29 80 56
29 81 47
29 82 58
29 83 57
29 84 50
29 85 56
29 86 48
29 87 41
29 88 53
29 89 47
29 90 49
29 91 50
29 92 55
29 93 53
29 94 51
29 95 52
29 96 55
29 97 46
29 98 41
29 99 51
29 100 53
29 101 50
29 102 48
29 103 51
29 104 56
29 105 54
29 106 55
29 107 54
29 108 47
29 109 48
29 110 58
29 111 54
29 112 52
29 113 35
29 114 51
29 115 48
29 116 58
29 117 51
29 118 50
29 119 55
29 120 42
29 121 44
29 122 51
29 123 45
29 124 62
29 125 52
29 126 44
29 127 41
29 128 51
29 129 37
29 130 47
29 131 57
29 132 54
29 133 45
29 134 35
29 135 49
29 136 46
29 137 44
29 138 37
29 139 51
29 140 47
29 141 51
29 142 60
29 143 53
29 144 55
29 145 37
29 146 63
29 147 61
29 148 58
29 149 49
30 0 51
30 1 38
30 2 45
30 3 58
30 4 37
30 5 58
30 6 54
30 7 43
30 8 51
30 9 46
30 10 46
30 11 40
30 12 58
30 13 58
30 14 36
30 15 47
30 16 42
30 17 49
30 18 57
30 19 44
30 20 48
30 21 54
30 22 40
30 23 45
30 24 57
30 25 45
30 26 47
30 27 48
30 28 52
30 29 44
30 30 41
30 31 49
30 32 45
30 33 50
30 34 43
30 35 53
30 36 53
30 37 53
30 38 53
30 39 41
30 40 45
30 41 48
30 42 54
30 43 60
30 44 51
30 45 42
30 46 54
30 47 42
30 48 55
30 49 62
30 50 50
30 51 49
30 52 43
30 53 52
30 54 44
30 55 55
30 56 59
30 57 58
30 58 49
30 59 52
30 60 58
30 61 47
30 62 53
30 63 43
30 64 52
30 65 48
30 66 49
30 67 44
30 68 47
30 69 34
30 70 49
30 71 49
30 72 43
30 73 61
30 74 47
30 75 62
30 76 47
30 77 55
30 78 47
30 79 44
30 80 46
30 81 53
30 82 53
30 83 52
30 84 47
30 85 38
30 86 49
30 87 40
30 88 64
30 89 47
30 90 49
30 91 41
30 92 42
30 93 59
30 94 44
30 95 59
30 96 56
30 97 47
30 98 46
30 99 59
30 100 56
30 101 50
30 102 63
30 103 57
30 104 67
30 105 45
30 106 50
30 107 42
30 108 55
30 109 39
30 110 44
30 111 46
30 112 56
30 113 62
30 114 45
30 115 55
30 116 53
30 117 50
30 118 56
30 119 53
30 120 33
30 121 47
30 122 48
30 123 49
30 124 51
30 125 48
30 126 42
30 127 44
30 128 41
30 129 43
30 130 57
30 131 47
30 132 65
30 133 46
30 134 49
30 135 48
30 136 62
30 137 59
30 138 55
30 139 53
30 140 56
30 141 55
30 142 57
30 143 47
30 144 43
30 145 60
30 146 42
30 147 44
30 148 46
30 149 41
31 0 65
31 1 55
31 2 67
31 3 49
31 4 44
31 5 54
31 6 48
31 7 52
31 8 49
31 9 56
31 10 47
31 11 39
31 12 55
31 13 48
31 14 51
31 15 60
31 16 45
31 17 42
31 18 43
31 19 54
31 20 43
31 21 38
31 22 50
31 23 48
31 24 46
31 25 40
31 26 47
31 27 52
31 28 38
31 29 51
31 30 46
31 31 45
31 32 49
31 33 53
31 34 42
31 35 51
31 36 55
31 37 44
31 38 55
31 39 46
31 40 48
31 41 50
31 42 55
31 43 56
31 44 60
31 45 45
31 46 52
31 47 41
31 48 50
31 49 47
31 50 50
31 51 52
31 52 48
31 53 49
31 54 44
31 55 52
31 56 50
31 57 46
31 58 53
31 59 34
31 60 50
31 61 55
31 62 53
31 63 59
31 64 43
31 65 44
31 66 58
31 67 54
31 68 43
31 69 60
31 70 51
31 71 59
31 72 50
31 73 48
31 74 62
31 75 35
31 76 55
31 77 38
31 78 42
31 79 51
31 80 48
31 81 54
31 82 45
31 83 44
31 84 44
31 85 43
31 86 68
31 87 43
31 88 51
31 89 69
31 90 56
31 91 44
31 92 48
31 93 53
31 94 52
31 95 54
31 96 47
31 97 41
31 98 47
31 99 48
31 100 46
31 101 43
31 102 56
31 103 43
31 104 42
31 105 49
31 106 54
31 107 43
31 108 50
31 109 41
31 110 45
31 111 44
31 112 36
31 113 46
31 114 43
31 115 52
31 116 54
31 117 49
31 118 47
31 119 52
31 120 48
31 121 61
31 122 44
31 123 59
31 124 43
31 125 53
31 126 48
31 127 50
31 128 56
31 129 54
31 130 41
31 131 46
31 132 51
31 133 53
31 134 49
31 135 52
31 136 50
31 137 57
31 138 46
31 139 43
31 140 51
31 141 65
31 142 52
31 143 52
31 144 50
31 145 49
31 146 45
31 147 39
31 148 55
31 149 45
32 0 44
32 1 41
32 2 48
32 3 46
32 4 51
32 5 51
32 6 47
32 7 43
32 8 40
32 9 55
32 10 44
32 11 55
32 12 39
32 13 66
32 14 42
32 15 64
32 16 45
32 17 53
32 18 61
32 19 55
32 20 47
32 21 58
32 22 39
32 23 50
32 24 51
32 25 45
32 26 38
32 27 46
32 28 45
32 29 47
32 30 57
32 31 54
32 32 50
32 33 41
32 34 52
32 35 51
32 36 54
32 37 36
32 38 44
32 39 56
32 40 44
32 41 47
32 42 48
32 43 56
32 44 55
32 45 57
32 46 47
32 47 63
32 48 42
32 49 39
32 50 37
32 51 45
32 52 44
32 53 46
32 54 56
32 55 51
32 56 71
32 57 40
32 58 52
32 59 55
32 60 47
32 61 45
32 62 56
32 63 57
32 64 48
32 65 55
32 66 46
32 67 44
32 68 48
32 69 34
32 70 54
32 71 46
32 72 44
32 73 54
32 74 48
32 75 41
32 76 49
32 77 46
32 78 50
32 79 49
32 80 42
32 81 55
32 82 43
32 83 42
32 84 39
32 85 38
32 86 43
32 87 45
32 88 45
32 89 43
32 90 56
32 91 40
32 92 64
32 93 56
32 94 51
32 95 43
32 96 41
32 97 56
32 98 51
32 99 47
32 100 59
32 101 42
32 102 50
32 103 51
32 104 53
32 105 55
32 106 55
32 107 44
32 108 42
32 109 48
32 110 40
32 111 53
32 112 55
32 113 50
32 114 45
32 115 44
32 116 50
32 117 39
32 118 59
32 119 45
32 120 40
32 121 53
32 122 48
32 123 43
32 124 49
32 125 55
32 126 31
32 127 53
32 128 45
32 129 61
32 130 51
32 131 44
32 132 43
32 133 45
32 134 49
32 135 40
32 136 40
32 137 57
32 138 42
32 139 37
32 140 43
32 141 57
32 142 40
32 143 47
32 144 34
32 145 42
32 146 47
32 147 48
32 148 54
32 149 52
33 0 40
33 1 52
33 2 53
33 3 58
33 4 45
33 5 58
33 6 45
33 7 46
33 8 53
33 9 67
33 10 41
33 11 55
33 12 45
33 13 46
33 14 50
33 15 56
33 16 42
33 17 55
33 18 56
33 19 50
33 20 51
33 21 56
33 22 41
33 23 56
33 24 41
33 25 54
33 26 49
33 27 54
33 28 38
33 29 46
33 30 45
33 31 50
33 32 50
33 33 47
33 34 48
33 35 55
33 36 44
33 37 50
33 38 55
33 39 45
33 40 44
33 41 42
33 42 54
33 43 35
33 44 38
33 45 44
33 46 43
33 47 46
33 48 43
33 49 58
33 50 41
33 51 50
33 52 50
33 53 47
33 54 40
33 55 61
33 56 65
33 57 50
33 58 46
33 59 49
33 60 35
33 61 50
33 62 41
33 63 43
33 64 61
33 65 44
33 66 40
33 67 49
33 68 58
33 69 50
33 70 56
33 71 49
33 72 51
33 73 50
33 74 54
33 75 40
33 76 54
33 77 43
33 78 40
33 79 58
33 80 43
33 81 45
33 82 45
33 83 51
33 84 52
33 85 52
33 86 47
33 87 55
33 88 41
33 89 47
33 90 58
33 91 61
33 92 47
33 93 57
33 94 38
33 95 38
33 96 33
33 97 51
33 98 61
33 99 41
33 100 49
33 101 60
33 102 44
33 103 32
33 104 45
33 105 34
33 106 50
33 107 65
33 108 44
33 109 52
33 110 44
33 111 45
33 112 49
33 113 58
33 114 47
33 115 41
33 116 34
33 117 47
33 118 51
33 119 40
33 120 47
33 121 52
33 122 49
33 123 55
33 124 50
33 125 47
33 126 50
33 127 54
33 128 47
33 129 42
33 130 47
33 131 61
33 132 49
33 133 42
33 134 43
33 135 52
33 136 50
33 137 45
33 138 53
33 139 60
33 140 41
33 141 40
33 142 57
33 143 42
33 144 61
33 145 44
33 146 56
33 147 44
33 148 43
33 149 47
34 0 69
34 1 46
34 2 49
34 3 52
34 4 44
34 5 60
34 6 29
34 7 51
34 8 56
34 9 60
34 10 49
34 11 64
34 12 58
34 13 40
34 14 54
34 15 58
34 16 41
34 17 47
34 18 47
34 19 52
34 20 43
34 21 47
34 22 43
34 23 40
34 24 44
34 25 61
34 26 50
34 27 48
34 28 59
34 29 42
34 30 50
34 31 43
34 32 49
34 33 54
34 34 59
34 35 50
34 36 52
34 37 58
34 38 43
34 39 41
34 40 59
34 41 37
34 42 47
34 43 47
34 44 35
34 45 48
34 46 40
34 47 52
34 48 54
34 49 46
34 50 52
34 51 43
34 52 52
34 53 45
34 54 45
34 55 48
34 56 56
34 57 39
34 58 48
34 59 51
34 60 49
34 61 34
34 62 51
34 63 51
34 64 52
34 65 46
34 66 49
34 67 48
34 68 39
34 69 58
34 70 47
34 71 50
34 72 53
34 73 50
34 74 54
34 75 62
34 76 52
34 77 66
34 78 48
34 79 46
34 80 57
34 81 48
34 82 42
34 83 54
34 84 64
34 85 65
34 86 49
34 87 50
34 88 49
34 89 57
34 90 47
34 91 57
34 92 46
34 93 58
34 94 47
34 95 57
34 96 43
34 97 37
34 98 45
34 99 65
34 100 62
34 101 45
34 102 35
34 103 53
34 104 52
34 105 57
34 106 60
34 107 51
34 108 52
34 109 52
34 110 48
34 111 59
34 112 55
34 113 42
34 114 54
34 115 50
34 116 43
34 117 53
34 118 46
34 119 51
34 120 52
34 121 37
34 122 40
34 123 40
34 124 58
34 125 43
34 126 45
34 127 50
34 128 43
34 129 44
34 130 71
34 131 48
34 132 48
34 133 39
34 134 46
34 135 47
34 136 52
34 137 46
34 138 57
34 139 41
34 140 50
34 141 42
34 142 43
34 143 59
34 144 38
34 145 40
34 146 49
34 147 39
34 148 61
34 149 51
35 0 49
35 1 54
35 2 51
35 3 56
35 4 56
35 5 50
35 6 50
35 7 50
35 8 47
35 9 45
35 10 40
35 11 45
35 12 33
35 13 46
35 14 56
35 15 38
35 16 54
35 17 41
35 18 57
35 19 52
35 20 51
35 21 53
35 22 50
35 23 52
35 24 37
35 25 53
35 26 44
35 27 39
35 28 62
35 29 34
35 30 37
35 31 37
35 32 55
35 33 52
35 34 39
35 35 47
35 36 58
35 37 31
35 38 38
35 39 46
35 40 48
35 41 55
35 42 55
35 43 62
35 44 33
35 45 51
35 46 48
35 47 48
35 48 54
35 49 53
35 50 43
35 51 47
35 52 46
35 53 56
35 54 44
35 55 39
35 56 53
35 57 54
35 58 45
35 59 43
35 60 47
35 61 50
35 62 48
35 63 58
35 64 38
35 65 52
35 66 53
35 67 53
35 68 50
35 69 53
35 70 41
35 71 47
35 72 43
35 73 54
35 74 42
35 75 45
35 76 54
35 77 46
35 78 39
35 79 48
35 80 43
35 81 46
35 82 50
35 83 45
35 84 46
35 85 38
35 86 55
35 87 43
35 88 41
35 89 61
35 90 53
35 91 47
35 92 48
35 93 60
35 94 55
35 95 49
35 96 42
35 97 47
35 98 59
35 99 47
35 100 45
35 101 45
35 102 45
35 103 42
35 104 43
35 105 49
35 106 51
35 107 43
35 108 57
35 109 54
35 110 50
35 111 55
35 112 58
35 113 58
35 114 42
35 115 44
35 116 58
35 117 58
35 118 46
35 119 58
35 120 47
35 121 42
35 122 49
35 123 57
35 124 48
35 125 64
35 126 40
35 127 45
35 128 61
35 129 48
35 130 39
35 131 54
35 132 52
35 133 56
35 134 45
35 135 62
35 136 42
35 137 49
35 138 40
35 139 42
35 140 42
35 141 53
35 142 45
35 143 45
35 144 43
35 145 53
35 146 47
35 147 48
35 148 44
35 149 46
36 0 55
36 1 43
36 2 50
36 3 48
36 4 47
36 5 45
36 6 53
36 7 59
36 8 49
36 9 47
36 10 42
36 11 46
36 12 42
36 13 51
36 14 39
36 15 46
36 16 41
36 17 42
36 18 38
36 19 35
36 20 47
36 21 55
36 22 46
36 23 47
36 24 39
36 25 46
36 26 59
36 27 44
36 28 50
36 29 47
36 30 51
36 31 41
36 32 44
36 33 36
36 34 46
36 35 60
36 36 45
36 37 57
36 38 54
36 39 51
36 40 50
36 41 49
36 42 55
36 43 50
36 44 38
36 45 55
36 46 46
36 47 44
36 48 35
36 49 51
36 50 55
36 51 48
36 52 56
36 53 40
36 54 43
36 55 74
36 56 46
36 57 44
36 58 43
36 59 31
36 60 53
36 61 57
36 62 45
36 63 52
36 64 46
36 65 53
36 66 55
36 67 65
36 68 45
36 69 51
36 70 57
36 71 48
36 72 43
36 73 44
36 74 50
36 75 32
36 76 50
36 77 40
36 78 55
36 79 49
36 80 45
36 81 49
36 82 52
36 83 55
36 84 57
36 85 48
36 86 49
36 87 35
36 88 42
36 89 47
36 90 49
36 91 59
36 92 41
36 93 45
36 94 47
36 95 35
36 96 47
36 97 37
36 98 53
36 99 45
36 100 48
36 101 48
36 102 53
36 103 43
36 104 39
36 105 48
36 106 52
36 107 52
36 108 48
36 109 37
36 110 39
36 111 51
36 112 41
36 113 53
36 114 51
36 115 47
36 116 40
36 117 51
36 118 58
36 119 43
36 120 58
36 121 47
36 122 50
36 123 43
36 124 38
36 125 46
36 126 55
36 127 69
36 128 51
36 129 65
36 130 49
36 131 42
36 132 48
36 133 51
36 134 53
36 135 44
36 136 41
36 137 46
36 138 53
36 139 45
36 140 52
36 141 45
36 142 46
36 143 48
36 144 49
36 145 41
36 146 57
36 147 43
36 148 57
36 149 47
37 0 65
37 1 39
37 2 47
37 3 48
37 4 49
37 5 52
37 6 47
37 7 40
37 8 61
37 9 47
37 10 52
37 11 62
37 12 53
37 13 61
37 14 50
37 15 51
37 16 44
37 17 50
37 18 45
37 19 48
37 20 58
37 21 37
37 22 54
37 23 54
37 24 62
37 25 51
37 26 52
37 27 68
37 28 40
37 29 39
37 30 46
37 31 43
37 32 48
37 33 40
37 34 44
37 35 51
37 36 46
37 37 53
37 38 51
37 39 49
37 40 61
37 41 45
37 42 46
37 43 37
37 44 56
37 45 54
37 46 55
37 47 35
37 48 52
37 49 46
37 50 38
37 51 53
37 52 49
37 53 47
37 54 41
37 55 47
37 56 50
37 57 42
37 58 45
37 59 52
37 60 43
37 61 47
37 62 47
37 63 49
37 64 43
37 65 41
37 66 45
37 67 40
37 68 48
37 69 58
37 70 51
37 71 43
37 72 33
37 73 55
37 74 60
37 75 29
37 76 50
37 77 47
37 78 46
37 79 53
37 80 52
37 81 43
37 82 47
37 83 51
37 84 45
37 85 47
37 86 46
37 87 52
37 88 41
37 89 51
37 90 54
37 91 39
37 92 47
37 93 49
37 94 37
37 95 46
37 96 53
37 97 54
37 98 42
37 99 52
37 100 51
37 101 57
37 102 53
37 103 53
37 104 43
37 105 48
37 106 39
37 107 47
37 108 51
37 109 45
37 110 39
37 111 44
37 112 48
37 113 50
37 114 56
37 115 43
37 116 46
37 117 48
37 118 45
37 119 54
37 120 38
37 121 50
37 122 59
37 123 60
37 124 44
37 125 45
37 126 45
37 127 49
37 128 42
37 129 57
37 130 46
37 131 55
37 132 42
37 133 45
37 134 45
37 135 51
37 136 55
37 137 74
37 138 45
37 139 51
37 140 36
37 141 51
37 142 53
37 143 48
37 144 58
37 145 51
37 146 37
37 147 57
37 148 50
37 149 41
38 0 62
38 1 48
38 2 49
38 3 58
38 4 52
38 5 45
38 6 54
38 7 52
38 8 40
38 9 48
38 10 41
38 11 51
38 12 48
38 13 46
38 14 57
38 15 54
38 16 43
38 17 44
38 18 48
38 19 57
38 20 47
38 21 42
38 22 33
38 23 49
38 24 46
38 25 44
38 26 55
38 27 44
38 28 44
38 29 51
38 30 40
38 31 51
38 32 49
38 33 47
38 34 41
38 35 62
38 36 49
38 37 39
38 38 47
38 39 40
38 40 35
38 41 42
38 42 48
38 43 46
38 44 50
38 45 47
38 46 44
38 47 42
38 48 55
38 49 47
38 50 44
38 51 38
38 52 38
38 53 62
38 54 44
38 55 53
38 56 57
38 57 47
38 58 48
38 59 47
38 60 43
38 61 41
38 62 52
38 63 48
38 64 54
38 65 50
38 66 57
38 67 61
38 68 52
38 69 33
38 70 60
38 71 44
38 72 52
38 73 54
38 74 43
38 75 50
38 76 56
38 77 57
38 78 50
38 79 49
38 80 39
38 81 47
38 82 50
38 83 53
38 84 48
38 85 55
38 86 37
38 87 40
38 88 59
38 89 69
38 90 59
38 91 33
38 92 53
38 93 50
38 94 51
38 95 50
38 96 43
38 97 50
38 98 49
38 99 50
38 100 51
38 101 52
38 102 49
38 103 45
38 104 52
38 105 48
38 106 54
38 107 45
38 108 46
38 109 62
38 110 61
38 111 45
38 112 53
38 113 36
38 114 32
38 115 50
38 116 34
38 117 48
38 118 52
38 119 53
38 120 54
38 121 48
38 122 50
38 123 44
38 124 52
38 125 53
38 126 48
38 127 58
38 128 51
38 129 49
38 130 52
38 131 45
38 132 38
38 133 55
38 134 52
38 135 54
38 136 52
38 137 45
38 138 49
38 139 49
38 140 36
38 141 68
38 142 50
38 143 56
38 144 45
38 145 43
38 146 54
38 147 47
38 148 58
38 149 49
39 0 36
39 1 49
39 2 45
39 3 56
39 4 45
39 5 47
39 6 45
39 7 45
39 8 32
39 9 48
39 10 39
39 11 60
39 12 51
39 13 50
39 14 63
39 15 43
39 16 46
39 17 46
39 18 50
39 19 55
39 20 61
39 21 58
39 22 39
39 23 49
39 24 53
39 25 43
39 26 51
39 27 50
39 28 50
39 29 55
39 30 43
39 31 52
39 32 46
39 33 52
39 34 58
39 35 46
39 36 59
39 37 49
39 38 47
39 39 47
39 40 48
39 41 45
39 42 47
39 43 51
39 44 50
39 45 45
39 46 49
39 47 54
39 48 56
39 49 43
39 50 65
39 51 42
39 52 51
39 53 52
39 54 48
39 55 46
39 56 45
39 57 44
39 58 43
39 59 44
39 60 49
39 61 51
39 62 54
39 63 48
39 64 53
39 65 52
39 66 43
39 67 59
39 68 39
39 69 50
39 70 36
39 71 42
39 72 59
39 73 37
39 74 39
39 75 63
39 76 41
39 77 57
39 78 45
39 79 42
39 80 51
39 81 38
39 82 52
39 83 61
39 84 45
39 85 40
39 86 43
39 87 39
39 88 48
39 89 58
39 90 62
39 91 59
39 92 54
39 93 53
39 94 53
39 95 41
39 96 50
39 97 52
39 98 59
39 99 45
39 100 55
39 101 59
39 102 63
39 103 45
39 104 51
39 105 58
39 106 58
39 107 54
39 108 43
39 109 50
39 110 44
39 111 50
39 112 53
39 113 42
39 114 46
39 115 37
39 116 46
39 117 41
39 118 44
39 119 57
39 120 59
39 121 60
39 122 50
39 123 54
39 124 52
39 125 53
39 126 47
39 127 38
39 128 47
39 129 48
39 130 42
39 131 55
39 132 39
39 133 52
39 134 38
39 135 41
39 136 35
39 137 53
39 138 40
39 139 52
39 140 57
39 141 41
39 142 56
39 143 48
39 144 51
39 145 46
39 146 50
39 147 48
39 148 46
39 149 56
40 0 58
40 1 50
40 2 40
40 3 43
40 4 50
40 5 52
40 6 49
40 7 43
40 8 46
40 9 51
40 10 61
40 11 46
40 12 44
40 13 34
40 14 39
40 15 46
40 16 49
40 17 46
40 18 55
40 19 50
40 20 54
40 21 45
40 22 46
40 23 43
40 24 47
40 25 48
40 26 36
40 27 47
40 28 44
40 29 39
40 30 64
40 31 45
40 32 51
40 33 53
40 34 62
40 35 58
40 36 42
40 37 46
40 38 47
40 39 56
40 40 40
40 41 51
40 42 48
40 43 46
40 44 42
40 45 53
40 46 40
40 47 63
40 48 51
40 49 53
40 50 50
40 51 56
40 52 43
40 53 52
40 54 44
40 55 60
40 56 52
40 57 42
40 58 43
40 59 58
40 60 58
40 61 41
40 62 31
40 63 51
40 64 47
40 65 45
40 66 53
40 67 58
40 68 46
40 69 50
40 70 51
40 71 49
40 72 61
40 73 58
40 74 43
40 75 45
40 76 34
40 77 59
40 78 44
40 79 41
40 80 52
40 81 46
40 82 42
40 83 47
40 84 51
40 85 53
40 86 50
40 87 46
40 88 48
40 89 40
40 90 58
40 91 39
40 92 64
40 93 39
40 94 49
40 95 59
40 96 47
40 97 47
40 98 50
40 99 38
40 100 46
40 101 53
40 102 52
40 103 49
40 104 55
40 105 61
40 106 40
40 107 52
40 108 52
40 109 52
40 110 51
40 111 43
40 112 57
40 113 57
40 114 39
40 115 50
40 116 45
40 117 48
40 118 53
40 119 53
40 120 48
40 121 49
40 122 47
40 123 43
40 124 47
40 125 51
40 126 54
40 127 46
40 128 54
40 129 38
40 130 62
40 131 44
40 132 45
40 133 48
40 134 45
40 135 44
40 136 56
40 137 53
40 138 56
40 139 57
40 140 49
40 141 43
40 142 44
40 143 55
40 144 47
40 145 53
40 146 50
40 147 57
40 148 47
40 149 63
41 0 43
41 1 46
41 2 51
41 3 55
41 4 47
41 5 44
41 6 49
41 7 54
41 8 41
41 9 53
41 10 47
41 11 39
41 12 44
41 13 47
41 14 63
41 15 52
41 16 50
41 17 41
41 18 54
41 19 56
41 20 55
41 21 47
41 22 59
41 23 53
41 24 57
41 25 51
41 26 48
41 27 41
41 28 45
41 29 49
41 30 39
41 31 51
41 32 57
41 33 50
41 34 54
41 35 52
41 36 47
41 37 62
41 38 46
41 39 51
41 40 53
41 41 38
41 42 47
41 43 59
41 44 35
41 45 52
41 46 41
41 47 36
41 48 48
41 49 54
41 50 69
41 51 59
41 52 52
41 53 42
41 54 55
41 55 40
41 56 44
41 57 40
41 58 65
41 59 45
41 60 56
41 61 46
41 62 42
41 63 48
41 64 52
41 65 47
41 66 57
41 67 57
41 68 33
41 69 37
41 70 52
41 71 41
41 72 47
41 73 34
41 74 42
41 75 38
41 76 54
41 77 46
41 78 50
41 79 49
41 80 43
41 81 62
41 82 53
41 83 55
41 84 48
41 85 49
41 86 39
41 87 59
41 88 49
41 89 56
41 90 44
41 91 42
41 92 57
41 93 41
41 94 37
41 95 48
41 96 47
41 97 53
41 98 48
41 99 50
41 100 40
41 101 44
41 102 47
41 103 36
41 104 53
41 105 45
41 106 43
41 107 42
41 108 49
41 109 55
41 110 44
41 111 35
41 112 47
41 113 41
41 114 38
41 115 49
41 116 46
41 117 51
41 118 50
41 119 37
41 120 51
41 121 45
41 122 52
41 123 46
41 124 41
41 125 51
41 126 59
41 127 58
41 128 52
41 129 49
41 130 37
41 131 46
41 132 41
41 133 39
41 134 38
41 135 63
41 136 56
41 137 44
41 138 53
41 139 45
41 140 43
41 141 50
41 142 50
41 143 40
41 144 51
41 145 53
41 146 48
41 147 39
41 148 59
41 149 48
42 0 43
42 1 46
42 2 32
42 3 48
42 4 46
42 5 46
42 6 49
42 7 45
42 8 48
42 9 52
42 10 39
42 11 58
42 12 36
42 13 46
42 14 54
42 15 48
42 16 41
42 17 42
42 18 53
42 19 53
42 20 58
42 21 47
42 22 46
42 23 52
42 24 39
42 25 48
42 26 41
42 27 50
42 28 43
42 29 48
42 30 49
42 31 49
42 32 64
42 33 41
42 34 47
42 35 61
42 36 33
42 37 42
42 38 47
42 39 53
42 40 49
42 41 53
42 42 51
42 43 51
42 44 44
42 45 39
42 46 44
42 47 48
42 48 55
42 49 57
42 50 50
42 51 41
42 52 43
42 53 41
42 54 48
42 55 42
42 56 43
42 57 56
42 58 54
42 59 40
42 60 41
42 61 52
42 62 51
42 63 53
42 64 49
42 65 45
42 66 47
42 67 61
42 68 57
42 69 50
42 70 44
42 71 47
42 72 45
42 73 50
42 74 58
42 75 45
42 76 41
42 77 42
42 78 60
42 79 70
42 80 48
42 81 51
42 82 39
42 83 42
42 84 48
42 85 51
42 86 43
42 87 50
42 88 50
42 89 51
42 90 47
42 91 38
42 92 36
42 93 34
42 94 48
42 95 44
42 96 54
42 97 55
42 98 46
42 99 51
42 100 34
42 101 53
42 102 55
42 103 44
42 104 39
42 105 46
42 106 49
42 107 41
42 108 57
42 109 39
42 110 50
42 111 51
42 112 49
42 113 43
42 114 68
42 115 49
42 116 44
42 117 46
42 118 42
42 119 51
42 120 55
42 121 50
42 122 50
42 123 45
42 124 54
42 125 42
42 126 38
42 127 50
42 128 45
42 129 43
42 130 44
42 131 42
42 132 50
42 133 38
42 134 46
42 135 51
42 136 47
42 137 57
42 138 63
42 139 47
42 140 41
42 141 46
42 142 47
42 143 49
42 144 49
42 145 53
42 146 40
42 147 51
42 148 46
42 149 55
43 0 62
43 1 27
43 2 54
43 3 48
43 4 45
43 5 47
43 6 49
43 7 42
43 8 38
43 9 43
43 10 45
43 11 44
43 12 55
43 13 48
43 14 51
43 15 49
43 16 54
43 17 55
43 18 35
43 19 47
43 20 52
43 21 40
43 22 46
43 23 53
43 24 52
43 25 32
43 26 54
43 27 39
43 28 50
43 29 49
43 30 53
43 31 48
43 32 62
43 33 48
43 34 50
43 35 57
43 36 49
43 37 59
43 38 53
43 39 41
43 40 58
43 41 46
43 42 47
43 43 39
43 44 36
43 45 58
43 46 54
43 47 48
43 48 42
43 49 46
43 50 41
43 51 41
43 52 47
43 53 42
43 54 52
43 55 40
43 56 33
43 57 47
43 58 41
43 59 53
43 60 54
43 61 46
43 62 51
43 63 44
43 64 48
43 65 55
43 66 48
43 67 44
43 68 56
43 69 43
43 70 46
43 71 53
43 72 52
43 73 56
43 74 52
43 75 40
43 76 53
43 77 46
43 78 55
43 79 42
43 80 43
43 81 44
43 82 41
43 83 46
43 84 44
43 85 60
43 86 40
43 87 48
43 88 45
43 89 54
43 90 49
43 91 55
43 92 48
43 93 54
43 94 39
43 95 42
43 96 51
43 97 46
43 98 45
43 99 37
43 100 44
43 101 53
43 102 49
43 103 48
43 104 46
43 105 51
43 106 48
43 107 46
43 108 54
43 109 52
43 110 50
43 111 56
43 112 55
43 113 38
43 114 58
43 115 44
43 116 57
43 117 62
43 118 53
43 119 45
43 120 47
43 121 37
43 122 61
43 123 41
43 124 44
43 125 45
43 126 49
43 127 45
43 128 43
43 129 47
43 130 49
43 131 49
43 132 45
43 133 42
43 134 59
43 135 58
43 136 44
43 137 42
43 138 39
43 139 43
43 140 46
43 141 49
43 142 44
43 143 45
43 144 35
43 145 48
43 146 47
43 147 44
43 148 62
43 149 51
44 0 31
44 1 42
44 2 38
44 3 45
44 4 54
44 5 63
44 6 38
44 7 57
44 8 48
44 9 37
44 10 55
44 11 59
44 12 53
44 13 64
44 14 53
44 15 37
44 16 63
44 17 50
44 18 41
44 19 61
44 20 31
44 21 43
44 22 47
44 23 62
44 24 44
44 25 47
44 26 54
44 27 40
44 28 51
44 29 59
44 30 42
44 31 58
44 32 54
44 33 49
44 34 42
44 35 47
44 36 53
44 37 55
44 38 47
44 39 42
44 40 60
44 41 39
44 42 59
44 43 49
44 44 37
44 45 43
44 46 45
44 47 47
44 48 57
44 49 40
44 50 59
44 51 59
44 52 48
44 53 51
44 54 55
44 55 45
44 56 44
44 57 54
44 58 50
44 59 38
44 60 50
44 61 46
44 62 47
44 63 56
44 64 41
44 65 47
44 66 57
44 67 53
44 68 49
44 69 55
44 70 54
44 71 58
44 72 56
44 73 47
44 74 44
44 75 61
44 76 48
44 77 40
44 78 46
44 79 37
44 80 57
44 81 56
44 82 60
44 83 64
44 84 37
44 85 43
44 86 43
44 87 46
44 88 55
44 89 49
44 90 54
44 91 37
44 92 54
44 93 53
44 94 54
44 95 42
44 96 47
44 97 42
44 98 45
44 99 53
44 100 30
44 101 42
44 102 48
44 103 54
44 104 35
44 105 52
44 106 51
44 107 51
44 108 49
44 109 43
44 110 46
44 111 51
44 112 52
44 113 50
44 114 50
44 115 43
44 116 34
44 117 40
44 118 44
44 119 33
44 120 50
44 121 51
44 122 44
44 123 57
44 124 38
44 125 40
44 126 58
44 127 56
44 128 54
44 129 56
44 130 34
44 131 61
44 132 46
44 133 50
44 134 51
44 135 59
44 136 68
44 137 57
44 138 52
44 139 29
44 140 61
44 141 61
44 142 48
44 143 39
44 144 48
44 145 49
44 146 51
44 147 42
44 148 51
44 149 40
45 0 45
45 1 44
45 2 56
45 3 36
45 4 41
45 5 57
45 6 51
45 7 42
45 8 50
45 9 43
45 10 50
45 11 56
45 12 55
45 13 44
45 14 37
45 15 57
45 16 51
45 17 47
45 18 53
45 19 59
45 20 46
45 21 57
45 22 45
45 23 54
45 24 38
45 25 52
45 26 48
45 27 50
45 28 45
45 29 52
45 30 50
45 31 59
45 32 50
45 33 44
45 34 55
45 35 46
45 36 54
45 37 42
45 38 49
45 39 40
45 40 51
45 41 57
45 42 47
45 43 58
45 44 45
45 45 53
45 46 63
45 47 56
45 48 52
45 49 47
45 50 44
45 51 47
45 52 53
45 53 59
45 54 63
45 55 42
45 56 39
45 57 69
45 58 47
45 59 45
45 60 53
45 61 49
45 62 52
45 63 58
45 64 54
45 65 50
45 66 49
45 67 34
45 68 48
45 69 43
45 70 48
45 71 39
45 72 47
45 73 62
45 74 41
45 75 58
45 76 43
45 77 40
45 78 56
45 79 54
45 80 53
45 81 45
45 82 54
45 83 39
45 84 43
45 85 59
45 86 43
45 87 44
45 88 51
45 89 48
45 90 40
45 91 45
45 92 47
45 93 53
45 94 44
45 95 42
45 96 44
45 97 46
45 98 54
45 99 52
45 100 57
45 101 40
45 102 39
45 103 58
45 104 28
45 105 49
45 106 53
45 107 56
45 108 59
45 109 60
45 110 48
45 111 63
45 112 53
45 113 53
45 114 37
45 115 54
45 116 51
45 117 44
45 118 42
45 119 54
45 120 51
45 121 46
45 122 61
45 123 50
45 124 55
45 125 35
45 126 35
45 127 43
45 128 40
45 129 46
45 130 55
45 131 59
45 132 47
45 133 56
45 134 40
45 135 47
45 136 45
45 137 42
45 138 45
45 139 38
45 140 42
45 141 38
45 142 59
45 143 46
45 144 50
45 145 49
45 146 41
45 147 37
45 148 56
45 149 57
46 0 63
46 1 65
46 2 42
46 3 36
46 4 53
46 5 42
46 6 49
46 7 52
46 8 50
46 9 40
46 10 47
46 11 42
46 12 58
46 13 37
46 14 49
46 15 40
46 16 53
46 17 56
46 18 58
46 19 50
46 20 56
46 21 59
46 22 39
46 23 38
46 24 50
46 25 58
46 26 41
46 27 39
46 28 50
46 29 47
46 30 40
46 31 43
46 32 53
46 33 40
46 34 55
46 35 45
46 36 48
46 37 38
46 38 40
46 39 62
46 40 51
46 41 59
46 42 52
46 43 60
46 44 43
46 45 36
46 46 55
46 47 42
46 48 39
46 49 50
46 50 53
46 51 42
46 52 45
46 53 54
46 54 40
46 55 51
46 56 42
46 57 50
46 58 52
46 59 55
46 60 43
46 61 41
46 62 59
46 63 54
46 64 56
46 65 43
46 66 56
46 67 49
46 68 50
46 69 59
46 70 39
46 71 56
46 72 43
46 73 46
46 74 47
46 75 45
46 76 57
46 77 44
46 78 60
46 79 53
46 80 46
46 81 53
46 82 53
46 83 47
46 84 53
46 85 43
46 86 51
46 87 34
46 88 48
46 89 59
46 90 50
46 91 41
46 92 45
46 93 55
46 94 37
46 95 50
46 96 47
46 97 50
46 98 48
46 99 47
46 100 57
46 101 44
46 102 58
46 103 58
46 104 46
46 105 47
46 106 49
46 107 63
46 108 41
46 109 40
46 110 45
46 111 63
46 112 47
46 113 57
46 114 49
46 115 42
46 116 43
46 117 55
46 118 51
46 119 37
46 120 55
46 121 40
46 122 53
46 123 54
46 124 37
46 125 50
46 126 51
46 127 44
46 128 40
46 129 55
46 130 64
46 131 52
46 132 60
46 133 43
46 134 49
46 135 63
46 136 38
46 137 42
46 138 30
46 139 36
46 140 59
46 141 47
46 142 54
46 143 44
46 144 47
46 145 48
46 146 58
46 147 36
46 148 55
46 149 38
47 0 63
47 1 40
47 2 50
47 3 41
47 4 50
47 5 49
47 6 47
47 7 57
47 8 39
47 9 58
47 10 35
47 11 50
47 12 51
47 13 54
47 14 47
47 15 55
47 16 53
47 17 46
47 18 58
47 19 41
47 20 47
47 21 53
47 22 54
47 23 34
47 24 60
47 25 53
47 26 47
47 27 42
47 28 47
47 29 50
47 30 45
47 31 47
47 32 49
47 33 44
47 34 48
47 35 54
47 36 46
47 37 48
47 38 41
47 39 54
47 40 56
47 41 55
47 42 62
47 43 45
47 44 40
47 45 42
47 46 42
47 47 46
47 48 48
47 49 52
47 50 55
47 51 55
47 52 42
47 53 59
47 54 51
47 55 58
47 56 48
47 57 45
47 58 55
47 59 48
47 60 40
47 61 33
47 62 32
47 63 57
47 64 33
47 65 45
47 66 59
47 67 57
47 68 46
47 69 45
47 70 52
47 71 37
47 72 48
47 73 50
47 74 51
47 75 60
47 76 48
47 77 39
47 78 50
47 79 43
47 80 45
47 81 50
47 82 47
47 83 47
47 84 50
47 85 58
47 86 40
47 87 41
47 88 49
47 89 44
47 90 43
47 91 45
47 92 52
47 93 49
47 94 53
47 95 52
47 96 42
47 97 44
47 98 59
47 99 41
47 100 44
47 101 52
47 102 40
47 103 53
47 104 51
47 105 47
47 106 35
47 107 50
47 108 45
47 109 46
47 110 57
47 111 60
47 112 53
47 113 44
47 114 57
47 115 51
47 116 59
47 117 62
47 118 43
47 119 52
47 120 41
47 121 44
47 122 54
47 123 42
47 124 50
47 125 39
47 126 51
47 127 52
47 128 50
47 129 40
47 130 47
47 131 53
47 132 40
47 133 54
47 134 48
47 135 43
47 136 55
47 137 53
47 138 58
47 139 47
47 140 44
47 141 54
47 142 49
47 143 60
47 144 45
47 145 43
47 146 57
47 147 57
47 148 43
47 149 49
48 0 47
48 1 72
48 2 60
48 3 50
48 4 40
48 5 50
48 6 44
48 7 53
48 8 47
48 9 39
48 10 46
48 11 62
48 12 48
48 13 56
48 14 51
48 15 56
48 16 56
48 17 42
48 18 56
48 19 48
48 20 42
48 21 61
48 22 47
48 23 59
48 24 40
48 25 43
48 26 48
48 27 52
48 28 46
48 29 50
48 30 52
48 31 48
48 32 54
48 33 53
48 34 51
48 35 40
48 36 58
48 37 52
48 38 46
48 39 55
48 40 49
48 41 32
48 42 51
48 43 53
48 44 48
48 45 48
48 46 49
48 47 52
48 48 60
48 49 55
48 50 56
48 51 51
48 52 52
48 53 45
48 54 44
48 55 41
48 56 55
48 57 43
48 58 46
48 59 45
48 60 53
48 61 52
48 62 39
48 63 45
48 64 48
48 65 47
48 66 52
48 67 47
48 68 47
48 69 47
48 70 49
48 71 46
48 72 39
48 73 57
48 74 51
48 75 37
48 76 47
48 77 48
48 78 41
48 79 53
48 80 40
48 81 40
48 82 45
48 83 55
48 84 61
48 85 40
48 86 47
48 87 37
48 88 52
48 89 48
48 90 54
48 91 49
48 92 49
48 93 47
48 94 56
48 95 45
48 96 44
48 97 54
48 98 48
48 99 47
48 100 41
48 101 42
48 102 48
48 103 40
48 104 52
48 105 62
48 106 45
48 107 49
48 108 47
48 109 53
48 110 41
48 111 48
48 112 49
48 113 50
48 114 41
48 115 42
48 116 56
48 117 58
48 118 46
48 119 52
48 120 50
48 121 51
48 122 51
48 123 55
48 124 45
48 125 53
48 126 36
48 127 49
48 128 60
48 129 54
48 130 59
48 131 48
48 132 45
48 133 53
48 134 42
48 135 50
48 136 46
48 137 47
48 138 55
48 139 59
48 140 51
48 141 56
48 142 50
48 143 56
48 144 45
48 145 57
48 146 56
48 147 49
48 148 41
48 149 45
49 0 61
49 1 43
49 2 45
49 3 45
49 4 40
49 5 53
49 6 51
49 7 49
49 8 47
49 9 48
49 10 61
49 11 45
49 12 48
49 13 31
49 14 46
49 15 54
49 16 47
49 17 46
49 18 44
49 19 43
49 20 47
49 21 41
49 22 51
49 23 46
49 24 50
49 25 47
49 26 56
49 27 49
49 28 58
49 29 43
49 30 54
49 31 42
49 32 52
49 33 57
49 34 59
49 35 49
49 36 57
49 37 42
49 38 53
49 39 35
49 40 51
49 41 48
49 42 50
49 43 66
49 44 49
49 45 45
49 46 58
49 47 50
49 48 54
49 49 47
49 50 50
49 51 46
49 52 41
49 53 57
49 54 35
49 55 44
49 56 36
49 57 43
49 58 46
49 59 49
49 60 46
49 61 49
49 62 54
49 63 50
49 64 60
49 65 57
49 66 48
49 67 43
49 68 45
49 69 51
49 70 58
49 71 48
49 72 51
49 73 48
49 74 54
49 75 54
49 76 50
49 77 58
49 78 42
49 79 49
49 80 40
49 81 49
49 82 52
49 83 46
49 84 43
49 85 47
49 86 40
49 87 52
49 88 46
49 89 33
49 90 60
49 91 52
49 92 43
49 93 57
49 94 42
49 95 42
49 96 44
49 97 51
49 98 51
49 99 57
49 100 45
49 101 66
49 102 52
49 103 52
49 104 38
49 105 39
49 106 46
49 107 46
49 108 45
49 109 41
49 110 63
49 111 52
49 112 50
49 113 53
49 114 51
49 115 48
49 116 50
49 117 47
49 118 48
49 119 48
49 120 47
49 121 47
49 122 36
49 123 60
49 124 54
49 125 55
49 126 41
49 127 53
49 128 44
49 129 51
49 130 43
49 131 48
49 132 51
49 133 44
49 134 37
49 135 58
49 136 44
49 137 43
49 138 48
49 139 38
49 140 37
49 141 45
49 142 59
49 143 49
49 144 46
49 145 45
49 146 45
49 147 54
49 148 42
49 149 51
50 0 44
50 1 44
50 2 55
50 3 46
50 4 48
50 5 56
50 6 51
50 7 42
50 8 46
50 9 49
50 10 53
50 11 46
50 12 59
50 13 52
50 14 37
50 15 44
50 16 43
50 17 51
50 18 62
50 19 50
50 20 49
50 21 46
50 22 50
50 23 59
50 24 48
50 25 55
50 26 62
50 27 51
50 28 45
50 29 37
50 30 61
50 31 48
50 32 46
50 33 35
50 34 58
50 35 59
50 36 51
50 37 47
50 38 41
50 39 52
50 40 48
50 41 37
50 42 45
50 43 52
50 44 45
50 45 45
50 46 62
50 47 58
50 48 45
50 49 47
50 50 49
50 51 55
50 52 49
50 53 51
50 54 41
50 55 42
50 56 48
50 57 68
50 58 41
50 59 47
50 60 43
50 61 43
50 62 43
50 63 61
50 64 51
50 65 61
50 66 49
50 67 44
50 68 38
50 69 51
50 70 46
50 71 57
50 72 56
50 73 45
50 74 45
50 75 57
50 76 44
50 77 40
50 78 52
50 79 48
50 80 61
50 81 66
50 82 46
50 83 50
50 84 50
50 85 41
50 86 42
50 87 53
50 88 53
50 89 48
50 90 47
50 91 63
50 92 56
50 93 41
50 94 49
50 95 50
50 96 48
50 97 56
50 98 54
50 99 53
50 100 62
50 101 61
50 102 54
50 103 53
50 104 46
50 105 46
50 106 50
50 107 48
50 108 55
50 109 47
50 110 43
50 111 56
50 112 50
50 113 43
50 114 43
50 115 57
50 116 47
50 117 45
50 118 45
50 119 40
50 120 46
50 121 45
50 122 44
50 123 50
50 124 50
50 125 59
50 126 62
50 127 62
50 128 45
50 129 53
50 130 46
50 131 48
50 132 48
50 133 34
50 134 46
50 135 50
50 136 50
50 137 43
50 138 45
50 139 52
50 140 45
50 141 47
50 142 42
50 143 41
50 144 37
50 145 56
50 146 43
50 147 31
50 148 44
50 149 56
51 0 47
51 1 57
51 2 49
51 3 43
51 4 47
51 5 45
51 6 53
51 7 49
51 8 42
51 9 46
51 10 45
51 11 51
51 12 42
51 13 40
51 14 54
51 15 53
51 16 52
51 17 49
51 18 38
51 19 59
51 20 57
51 21 70
51 22 50
51 23 49
51 24 62
51 25 45
51 26 40
51 27 55
51 28 65
51 29 63
51 30 38
51 31 54
51 32 45
51 33 59
51 34 48
51 35 46
51 36 58
51 37 47
51 38 54
51 39 61
51 40 47
51 41 51
51 42 36
51 43 42
51 44 61
51 45 44
51 46 53
51 47 36
51 48 47
51 49 41
51 50 44
51 51 51
51 52 51
51 53 59
51 54 55
51 55 67
51 56 44
51 57 55
51 58 61
51 59 58
51 60 50
51 61 52
51 62 40
51 63 47
51 64 46
51 65 55
51 66 44
51 67 42
51 68 56
51 69 44
51 70 49
51 71 42
51 72 40
51 73 29
51 74 45
51 75 43
51 76 44
51 77 50
51 78 44
51 79 49
51 80 37
51 81 46
51 82 51
51 83 53
51 84 40
51 85 39
51 86 46
51 87 47
51 88 53
51 89 55
51 90 45
51 91 53
51 92 47
51 93 56
51 94 54
51 95 63
51 96 48
51 97 42
51 98 65
51 99 63
51 100 47
51 101 46
51 102 62
51 103 62
51 104 64
51 105 50
51 106 48
51 107 51
51 108 46
51 109 47
51 110 50
51 111 50
51 112 43
51 113 53
51 114 51
51 115 40
51 116 47
51 117 37
51 118 52
51 119 59
51 120 57
51 121 49
51 122 48
51 123 51
51 124 42
51 125 38
51 126 46
51 127 38
51 128 44
51 129 49
51 130 47
51 131 49
51 132 41
51 133 46
51 134 56
51 135 50
51 136 51
51 137 46
51 138 59
51 139 48
51 140 38
51 141 45
51 142 44
51 143 46
51 144 48
51 145 38
51 146 40
51 147 34
51 148 50
51 149 48
52 0 59
52 1 48
52 2 49
52 3 48
52 4 43
52 5 55
52 6 50
52 7 51
52 8 49
52 9 41
52 10 49
52 11 47
52 12 50
52 13 59
52 14 50
52 15 41
52 16 33
52 17 58
52 18 43
52 19 52
52 20 53
52 21 40
52 22 67
52 23 49
52 24 62
52 25 59
52 26 46
52 27 55
52 28 45
52 29 58
52 30 53
52 31 44
52 32 48
52 33 43
52 34 50
52 35 47
52 36 50
52 37 56
52 38 48
52 39 54
52 40 45
52 41 59
52 42 47
52 43 52
52 44 65
52 45 71
52 46 45
52 47 47
52 48 49
52 49 45
52 50 42
52 51 43
52 52 52
52 53 39
52 54 51
52 55 47
52 56 60
52 57 45
52 58 51
52 59 41
52 60 52
52 61 44
52 62 52
52 63 61
52 64 49
52 65 43
52 66 36
52 67 42
52 68 41
52 69 57
52 70 40
52 71 42
52 72 37
52 73 39
52 74 49
52 75 41
52 76 55
52 77 53
52 78 40
52 79 41
52 80 46
52 81 39
52 82 46
52 83 49
52 84 45
52 85 54
52 86 48
52 87 47
52 88 43
52 89 48
52 90 50
52 91 48
52 92 46
52 93 57
52 94 47
52 95 43
52 96 39
52 97 52
52 98 51
52 99 51
52 100 59
52 101 48
52 102 41
52 103 51
52 104 49
52 105 51
52 106 40
52 107 55
52 108 48
52 109 54
52 110 50
52 111 44
52 112 45
52 113 58
52 114 38
52 115 45
52 116 43
52 117 47
52 118 40
52 119 43
52 120 52
52 121 55
52 122 53
52 123 43
52 124 40
52 125 47
52 126 49
52 127 41
52 128 53
52 129 50
52 130 51
52 131 38
52 132 54
52 133 54
52 134 68
52 135 63
52 136 39
52 137 53
52 138 46
52 139 50
52 140 65
52 141 52
52 142 45
52 143 62
52 144 48
52 145 58
52 146 37
52 147 47
52 148 48
52 149 42
53 0 56
53 1 41
53 2 49
53 3 35
53 4 43
53 5 45
53 6 51
53 7 52
53 8 39
53 9 45
53 10 54
53 11 47
53 12 53
53 13 32
53 14 41
53 15 58
53 16 43
53 17 33
53 18 43
53 19 51
53 20 62
53 21 56
53 22 38
53 23 56
53 24 51
53 25 49
53 26 54
53 27 52
53 28 47
53 29 42
53 30 51
53 31 53
53 32 48
53 33 35
53 34 50
53 35 55
53 36 35
53 37 57
53 38 57
53 39 52
53 40 46
53 41 44
53 42 58
53 43 55
53 44 52
53 45 60
53 46 50
53 47 51
53 48 56
53 49 48
53 50 43
53 51 35
53 52 49
53 53 56
53 54 50
53 55 58
53 56 57
53 57 42
53 58 53
53 59 46
53 60 39
53 61 61
53 62 53
53 63 38
53 64 51
53 65 58
53 66 53
53 67 49
53 68 51
53 69 47
53 70 33
53 71 42
53 72 63
53 73 37
53 74 43
53 75 53
53 76 52
53 77 57
53 78 55
53 79 48
53 80 43
53 81 54
53 82 50
53 83 55
53 84 35
53 85 60
53 86 48
53 87 41
53 88 51
53 89 45
53 90 43
53 91 57
53 92 50
53 93 54
53 94 46
53 95 38
53 96 39
53 97 48
53 98 54
53 99 58
53 100 50
53 101 41
53 102 42
53 103 41
53 104 57
53 105 51
53 106 46
53 107 42
53 108 53
53 109 50
53 110 60
53 111 47
53 112 48
53 113 57
53 114 50
53 115 45
53 116 39
53 117 47
53 118 49
53 119 52
53 120 62
53 121 60
53 122 54
53 123 45
53 124 56
53 125 47
53 126 39
53 127 44
53 128 44
53 129 44
53 130 57
53 131 46
53 132 42
53 133 62
53 134 40
53 135 37
53 136 48
53 137 52
53 138 45
53 139 34
53 140 51
53 141 38
53 142 55
53 143 55
53 144 58
53 145 38
53 146 50
53 147 41
53 148 55
53 149 55
54 0 52
54 1 47
54 2 48
54 3 47
54 4 40
54 5 52
54 6 40
54 7 36
54 8 46
54 9 46
54 10 52
54 11 62
54 12 54
54 13 48
54 14 46
54 15 56
54 16 50
54 17 62
54 18 48
54 19 44
54 20 51
54 21 45
54 22 57
54 23 49
54 24 54
54 25 53
54 26 43
54 27 46
54 28 47
54 29 41
54 30 52
54 31 51
54 32 41
54 33 62
54 34 47
54 35 60
54 36 46
54 37 45
54 38 46
54 39 48
54 40 48
54 41 51
54 42 49
54 43 64
54 44 51
54 45 56
54 46 46
54 47 54
54 48 56
54 49 52
54 50 46
54 51 49
54 52 44
54 53 52
54 54 47
54 55 60
54 56 56
54 57 55
54 58 54
54 59 51
54 60 44
54 61 58
54 62 35
54 63 50
54 64 54
54 65 39
54 66 47
54 67 56
54 68 55
54 69 50
54 70 47
54 71 65
54 72 64
54 73 57
54 74 41
54 75 42
54 76 39
54 77 53
54 78 41
54 79 60
54 80 45
54 81 53
54 82 51
54 83 47
54 84 48
54 85 33
54 86 55
54 87 45
54 88 51
54 89 55
54 90 43
54 91 53
54 92 49
54 93 45
54 94 48
54 95 48
54 96 50
54 97 53
54 98 46
54 99 42
54 100 57
54 101 45
54 102 51
54 103 47
54 104 57
54 105 34
54 106 39
54 107 47
54 108 55
54 109 51
54 110 54
54 111 65
54 112 46
54 113 52
54 114 48
54 115 46
54 116 49
54 117 62
54 118 56
54 119 56
54 120 41
54 121 54
54 122 48
54 123 53
54 124 49
54 125 51
54 126 39
54 127 59
54 128 52
54 129 61
54 130 47
54 131 47
54 132 50
54 133 61
54 134 54
54 135 59
54 136 41
54 137 56
54 138 57
54 139 48
54 140 51
54 141 51
54 142 59
54 143 50
54 144 48
54 145 48
54 146 49
54 147 60
54 148 46
54 149 49
55 0 50
55 1 49
55 2 50
55 3 61
55 4 50
55 5 42
55 6 54
55 7 53
55 8 50
55 9 54
55 10 56
55 11 59
55 12 40
55 13 49
55 14 49
55 15 63
55 16 59
55 17 64
55 18 47
55 19 43
55 20 42
55 21 49
55 22 48
55 23 48
55 24 55
55 25 44
55 26 61
55 27 53
55 28 47
55 29 52
55 30 46
55 31 51
55 32 51
55 33 54
55 34 49
55 35 50
55 36 44
55 37 49
55 38 56
55 39 38
55 40 48
55 41 51
55 42 49
55 43 59
55 44 52
55 45 52
55 46 39
55 47 57
55 48 50
55 49 49
55 50 47
55 51 31
55 52 52
55 53 46
55 54 45
55 55 53
55 56 63
55 57 47
55 58 59
55 59 51
55 60 46
55 61 36
55 62 47
55 63 45
55 64 44
55 65 51
55 66 45
55 67 41
55 68 59
55 69 49
55 70 47
55 71 57
55 72 40
55 73 41
55 74 51
55 75 48
55 76 49
55 77 54
55 78 46
55 79 52
55 80 59
55 81 49
55 82 51
55 83 52
55 84 48
55 85 54
55 86 41
55 87 58
55 88 35
55 89 39
55 90 47
55 91 38
55 92 38
55 93 53
55 94 49
55 95 63
55 96 41
55 97 46
55 98 47
55 99 61
55 100 48
55 101 47
55 102 60
55 103 51
55 104 41
55 105 38
55 106 48
55 107 62
55 108 54
55 109 58
55 110 52
55 111 40
55 112 45
55 113 46
55 114 39
55 115 48
55 116 50
55 117 47
55 118 49
55 119 55
55 120 49
55 121 41
55 122 42
55 123 48
55 124 53
55 125 47
55 126 61
55 127 48
55 128 36
55 129 50
55 130 46
55 131 48
55 132 59
55 133 33
55 134 43
55 135 61
55 136 47
55 137 42
55 138 57
55 139 46
55 140 35
55 141 48
55 142 60
55 143 41
55 144 48
55 145 59
55 146 53
55 147 43
55 148 46
55 149 50
56 0 50
56 1 52
56 2 44
56 3 46
56 4 51
56 5 46
56 6 38
56 7 45
56 8 52
56 9 35
56 10 67
56 11 46
56 12 53
56 13 45
56 14 43
56 15 59
56 16 54
56 17 48
56 18 49
56 19 57
56 20 50
56 21 58
56 22 49
56 23 54
56 24 44
56 25 37
56 26 56
56 27 50
56 28 45
56 29 46
56 30 42
56 31 66
56 32 32
56 33 50
56 34 35
56 35 55
56 36 40
56 37 58
56 38 43
56 39 45
56 40 46
56 41 45
56 42 56
56 43 57
56 44 47
56 45 55
56 46 62
56 47 45
56 48 50
56 49 53
56 50 45
56 51 49
56 52 43
56 53 46
56 54 56
56 55 44
56 56 50
56 57 43
56 58 48
56 59 45
56 60 39
56 61 55
56 62 56
56 63 53
56 64 48
56 65 50
56 66 43
56 67 57
56 68 40
56 69 47
56 70 54
56 71 47
56 72 44
56 73 51
56 74 55
56 75 55
56 76 50
56 77 48
56 78 46
56 79 40
56 80 37
56 81 45
56 82 43
56 83 58
56 84 48
56 85 54
56 86 38
56 87 44
56 88 56
56 89 55
56 90 42
56 91 71
56 92 54
56 93 35
56 94 53
56 95 59
56 96 53
56 97 33
56 98 43
56 99 52
56 100 50
56 101 47
56 102 37
56 103 44
56 104 38
56 105 66
56 106 50
56 107 47
56 108 37
56 109 62
56 110 46
56 111 49
56 112 51
56 113 47
56 114 42
56 115 36
56 116 48
56 117 50
56 118 53
56 119 35
56 120 52
56 121 54
56 122 44
56 123 52
56 124 33
56 125 56
56 126 53
56 127 50
56 128 64
56 129 50
56 130 43
56 131 38
56 132 45
56 133 63
56 134 54
56 135 45
56 136 51
56 137 64
56 138 41
56 139 51
56 140 37
56 141 47
56 142 50
56 143 51
56 144 54
56 145 57
56 146 49
56 147 47
56 148 52
56 149 43
57 0 50
57 1 47
57 2 49
57 3 57
57 4 62
57 5 39
57 6 32
57 7 58
57 8 43
57 9 38
57 10 43
57 11 57
57 12 53
57 13 52
57 14 54
57 15 45
57 16 46
57 17 59
57 18 50
57 19 51
57 20 53
57 21 52
57 22 46
57 23 47
57 24 51
57 25 46
57 26 42
57 27 47
57 28 40
57 29 52
57 30 53
57 31 51
57 32 51
57 33 52
57 34 55
57 35 41
57 36 53
57 37 42
57 38 47
57 39 50
57 40 43
57 41 57
57 42 46
57 43 44
57 44 50
57 45 54
57 46 55
57 47 46
57 48 46
57 49 37
57 50 52
57 51 44
57 52 55
57 53 46
57 54 47
57 55 44
57 56 42
57 57 67
57 58 54
57 59 51
57 60 48
57 61 61
57 62 39
57 63 47
57 64 59
57 65 42
57 66 73
57 67 57
57 68 45
57 69 48
57 70 41
57 71 57
57 72 49
57 73 63
57 74 44
57 75 55
57 76 64
57 77 49
57 78 51
57 79 46
57 80 56
57 81 50
57 82 43
57 83 48
57 84 47
57 85 60
57 86 37
57 87 43
57 88 45
57 89 47
57 90 42
57 91 52
57 92 40
57 93 56
57 94 40
57 95 51
57 96 57
57 97 43
57 98 51
57 99 48
57 100 51
57 101 36
57 102 39
57 103 52
57 104 47
57 105 42
57 106 52
57 107 52
57 108 62
57 109 51
57 110 46
57 111 41
57 112 45
57 113 53
57 114 50
57 115 64
57 116 46
57 117 56
57 118 64
57 119 54
57 120 51
57 121 50
57 122 48
57 123 43
57 124 57
57 125 54
57 126 47
57 127 49
57 128 50
57 129 47
57 130 44
57 131 48
57 132 47
57 133 49
57 134 46
57 135 48
57 136 39
57 137 52
57 138 53
57 139 51
57 140 46
57 141 48
57 142 48
57 143 49
57 144 52
57 145 56
57 146 58
57 147 42
57 148 50
57 149 60
58 0 49
58 1 52
58 2 48
58 3 45
58 4 45
58 5 52
58 6 57
58 7 36
58 8 58
58 9 53
58 10 51
58 11 58
58 12 42
58 13 47
58 14 54
58 15 53
58 16 59
58 17 42
58 18 39
58 19 51
58 20 61
58 21 62
58 22 43
58 23 50
58 24 47
58 25 52
58 26 56
58 27 68
58 28 55
58 29 50
58 30 39
58 31 61
58 32 44
58 33 59
58 34 41
58 35 48
58 36 44
58 37 58
58 38 55
58 39 38
58 40 43
58 41 47
58 42 46
58 43 45
58 44 42
58 45 43
58 46 48
58 47 47
58 48 43
58 49 57
58 50 49
58 51 62
58 52 47
58 53 49
58 54 48
58 55 49
58 56 41
58 57 43
58 58 65
58 59 49
58 60 39
58 61 50
58 62 47
58 63 51
58 64 49
58 65 48
58 66 46
58 67 42
58 68 47
58 69 42
58 70 57
58 71 47
58 72 58
58 73 49
58 74 55
58 75 45
58 76 47
58 77 57
58 78 62
58 79 54
58 80 52
58 81 57
58 82 55
58 83 60
58 84 64
58 85 43
58 86 46
58 87 44
58 88 37
58 89 53
58 90 49
58 91 46
58 92 52
58 93 42
58 94 45
58 95 58
58 96 50
58 97 55
58 98 42
58 99 50
58 100 48
58 101 58
58 102 46
58 103 42
58 104 54
58 105 45
58 106 51
58 107 59
58 108 60
58 109 50
58 110 50
58 111 48
58 112 61
58 113 48
58 114 42
58 115 55
58 116 48
58 117 42
58 118 51
58 119 53
58 120 43
58 121 44
58 122 36
58 123 42
58 124 54
58 125 52
58 126 54
58 127 43
58 128 40
58 129 52
58 130 49
58 131 44
58 132 46
58 133 48
58 134 54
58 135 51
58 136 43
58 137 46
58 138 52
58 139 49
58 140 54
58 141 35
58 142 61
58 143 58
58 144 45
58 145 51
58 146 67
58 147 46
58 148 56
58 149 50
59 0 49
59 1 58
59 2 44
59 3 38
59 4 51
59 5 43
59 6 45
59 7 49
59 8 44
59 9 58
59 10 48
59 11 54
59 12 58
59 13 46
59 14 63
59 15 41
59 16 41
59 17 53
59 18 62
59 19 52
59 20 48
59 21 52
59 22 45
59 23 48
59 24 53
59 25 34
59 26 45
59 27 41
59 28 47
59 29 58
59 30 42
59 31 45
59 32 49
59 33 45
59 34 59
59 35 59
59 36 48
59 37 44
59 38 59
59 39 49
59 40 50
59 41 40
59 42 55
59 43 45
59 44 50
59 45 58
59 46 56
59 47 42
59 48 62
59 49 43
59 50 47
59 51 51
59 52 43
59 53 29
59 54 47
59 55 44
59 56 54
59 57 45
59 58 30
59 59 49
59 60 48
59 61 45
59 62 42
59 63 55
59 64 54
59 65 46
59 66 46
59 67 45
59 68 56
59 69 52
59 70 54
59 71 48
59 72 50
59 73 55
59 74 38
59 75 56
59 76 49
59 77 34
59 78 42
59 79 55
59 80 54
59 81 54
59 82 42
59 83 47
59 84 45
59 85 43
59 86 51
59 87 56
59 88 52
59 89 39
59 90 41
59 91 52
59 92 57
59 93 44
59 94 45
59 95 45
59 96 50
59 97 49
59 98 44
59 99 55
59 100 43
59 101 51
59 102 60
59 103 40
59 104 48
59 105 52
59 106 45
59 107 45
59 108 52
59 109 46
59 110 44
59 111 42
59 112 39
59 113 45
59 114 52
59 115 43
59 116 35
59 117 46
59 118 47
59 119 44
59 120 56
59 121 50
59 122 49
59 123 46
59 124 44
59 125 54
59 126 54
59 127 47
59 128 53
59 129 37
59 130 44
59 131 53
59 132 49
59 133 49
59 134 51
59 135 56
59 136 50
59 137 53
59 138 40
59 139 46
59 140 57
59 141 61
59 142 47
59 143 58
59 144 54
59 145 44
59 146 44
59 147 42
59 148 60
59 149 47
60 0 43
60 1 56
60 2 33
60 3 70
60 4 51
60 5 38
60 6 52
60 7 46
60 8 50
60 9 45
60 10 42
60 11 55
60 12 48
60 13 41
60 14 41
60 15 36
60 16 50
60 17 61
60 18 49
60 19 55
60 20 44
60 21 50
60 22 63
60 23 45
60 24 52
60 25 47
60 26 47
60 27 52
60 28 39
60 29 49
60 30 55
60 31 60
60 32 45
60 33 45
60 34 51
60 35 54
60 36 43
60 37 53
60 38 68
60 39 46
60 40 50
60 41 38
60 42 41
60 43 58
60 44 58
60 45 60
60 46 57
60 47 50
60 48 57
60 49 53
60 50 44
60 51 44
60 52 45
60 53 51
60 54 47
60 55 52
60 56 57
60 57 54
60 58 58
60 59 50
60 60 50
60 61 46
60 62 51
60 63 43
60 64 40
60 65 46
60 66 49
60 67 50
60 68 40
60 69 46
60 70 51
60 71 48
60 72 42
60 73 61
60 74 44
60 75 41
60 76 52
60 77 56
60 78 47
60 79 37
60 80 46
60 81 62
60 82 44
60 83 46
60 84 38
60 85 49
60 86 37
60 87 45
60 88 50
60 89 57
60 90 57
60 91 64
60 92 33
60 93 44
60 94 37
60 95 46
60 96 41
60 97 55
60 98 50
60 99 38
60 100 47
60 101 44
60 102 56
60 103 50
60 104 50
60 105 60
60 106 60
60 107 31
60 108 49
60 109 52
60 110 58
60 111 56
60 112 58
60 113 40
60 114 62
60 115 46
60 116 51
60 117 53
60 118 38
60 119 40
60 120 46
60 121 47
60 122 55
60 123 55
60 124 51
60 125 44
60 126 44
60 127 37
60 128 45
60 129 39
60 130 47
60 131 68
60 132 46
60 133 44
60 134 46
60 135 48
60 136 59
60 137 52
60 138 54
60 139 45
60 140 57
60 141 27
60 142 44
60 143 53
60 144 46
60 145 60
60 146 45
60 147 55
60 148 33
60 149 38
61 0 41
61 1 50
61 2 48
61 3 56
61 4 44
61 5 52
61 6 44
61 7 46
61 8 48
61 9 47
61 10 56
61 11 50
61 12 48
61 13 46
61 14 49
61 15 50
61 16 33
61 17 43
61 18 51
61 19 58
61 20 52
61 21 46
61 22 41
61 23 42
61 24 51
61 25 44
61 26 55
61 27 49
61 28 42
61 29 56
61 30 40
61 31 50
61 32 60
61 33 54
61 34 52
61 35 52
61 36 43
61 37 38
61 38 63
61 39 48
61 40 58
61 41 49
61 42 46
61 43 59
61 44 46
61 45 40
61 46 55
61 47 50
61 48 51
61 49 55
61 50 49
61 51 45
61 52 49
61 53 55
61 54 45
61 55 50
61 56 67
61 57 71
61 58 49
61 59 50
61 60 44
61 61 45
61 62 43
61 63 50
61 64 66
61 65 44
61 66 50
61 67 51
61 68 47
61 69 65
61 70 51
61 71 52
61 72 58
61 73 38
61 74 47
61 75 48
61 76 46
61 77 46
61 78 47
61 79 53
61 80 34
61 81 41
61 82 50
61 83 61
61 84 52
61 85 40
61 86 53
61 87 55
61 88 51
61 89 40
61 90 38
61 91 51
61 92 59
61 93 62
61 94 38
61 95 44
61 96 48
61 97 51
61 98 45
61 99 48
61 100 49
61 101 51
61 102 41
61 103 57
61 104 41
61 105 50
61 106 52
61 107 44
61 108 36
61 109 44
61 110 43
61 111 39
61 112 43
61 113 50
61 114 58
61 115 56
61 116 54
61 117 43
61 118 67
61 119 41
61 120 48
61 121 55
61 122 52
61 123 42
61 124 45
61 125 59
61 126 42
61 127 47
61 128 47
61 129 48
61 130 42
61 131 52
61 132 40
61 133 59
61 134 62
61 135 58
61 136 46
61 137 56
61 138 39
61 139 52
61 140 42
61 141 48
61 142 42
61 143 47
61 144 40
61 145 38
61 146 51
61 147 43
61 148 65
61 149 34
62 0 53
62 1 50
62 2 53
62 3 50
62 4 54
62 5 50
62 6 61
62 7 44
62 8 51
62 9 55
62 10 45
62 11 46
62 12 42
62 13 45
62 14 38
62 15 48
62 16 50
62 17 50
62 18 46
62 19 45
62 20 56
62 21 57
62 22 48
62 23 55
62 24 54
62 25 44
62 26 48
62 27 44
62 28 47
62 29 43
62 30 54
62 31 48
62 32 51
62 33 47
62 34 59
62 35 42
62 36 57
62 37 47
62 38 44
62 39 35
62 40 41
62 41 49
62 42 49
62 43 55
62 44 61
62 45 51
62 46 49
62 47 47
62 48 63
62 49 53
62 50 50
62 51 40
62 52 51
62 53 48
62 54 56
62 55 36
62 56 56
62 57 56
62 58 47
62 59 46
62 60 40
62 61 62
62 62 50
62 63 42
62 64 47
62 65 51
62 66 41
62 67 50
62 68 52
62 69 40
62 70 43
62 71 59
62 72 50
62 73 43
62 74 50
62 75 45
62 76 45
62 77 42
62 78 43
62 79 39
62 80 54
62 81 56
62 82 53
62 83 44
62 84 51
62 85 47
62 86 50
62 87 51
62 88 61
62 89 57
62 90 48
62 91 37
62 92 45
62 93 56
62 94 57
62 95 54
62 96 52
62 97 61
62 98 55
62 99 45
62 100 29
62 101 52
62 102 46
62 103 69
62 104 38
62 105 42
62 106 53
62 107 44
62 108 56
62 109 54
62 110 48
62 111 49
62 112 53
62 113 35
62 114 56
62 115 65
62 116 47
62 117 43
62 118 44
62 119 39
62 120 44
62 121 54
62 122 57
62 123 53
62 124 46
62 125 46
62 126 59
62 127 40
62 128 46
62 129 42
62 130 34
62 131 35
62 132 50
62 133 41
62 134 37
62 135 52
62 136 55
62 137 40
62 138 54
62 139 43
62 140 58
62 141 49
62 142 55
62 143 47
62 144 45
62 145 50
62 146 51
62 147 55
62 148 44
62 149 58
63 0 32
63 1 59
63 2 63
63 3 53
63 4 38
63 5 57
63 6 46
63 7 50
63 8 47
63 9 41
63 10 52
63 11 50
63 12 52
63 13 59
63 14 46
63 15 52
63 16 48
63 17 42
63 18 50
63 19 46
63 20 48
63 21 60
63 22 54
63 23 43
63 24 51
63 25 57
63 26 46
63 27 55
63 28 55
63 29 59
63 30 44
63 31 51
63 32 64
63 33 47
63 34 62
63 35 53
63 36 47
63 37 56
63 38 54
63 39 49
63 40 58
63 41 36
63 42 49
63 43 59
63 44 59
63 45 42
63 46 39
63 47 52
63 48 44
63 49 46
63 50 56
63 51 53
63 52 49
63 53 48
63 54 46
63 55 35
63 56 45
63 57 41
63 58 46
63 59 60
63 60 40
63 61 58
63 62 51
63 63 54
63 64 61
63 65 53
63 66 46
63 67 65
63 68 50
63 69 53
63 70 41
63 71 43
63 72 54
63 73 54
63 74 41
63 75 55
63 76 40
63 77 50
63 78 39
63 79 45
63 80 44
63 81 56
63 82 40
63 83 46
63 84 51
63 85 61
63 86 48
63 87 45
63 88 57
63 89 49
63 90 51
63 91 43
63 92 52
63 93 46
63 94 54
63 95 40
63 96 43
63 97 63
63 98 50
63 99 45
63 100 50
63 101 64
63 102 52
63 103 56
63 104 53
63 105 44
63 106 43
63 107 61
63 108 40
63 109 50
63 110 56
63 111 49
63 112 50
63 113 54
63 114 43
63 115 65
63 116 55
63 117 44
63 118 42
63 119 50
63 120 54
63 121 46
63 122 52
63 123 53
63 124 57
63 125 42
63 126 55
63 127 53
63 128 49
63 129 46
63 130 50
63 131 45
63 132 44
63 133 47
63 134 51
63 135 62
63 136 48
63 137 37
63 138 44
63 139 43
63 140 54
63 141 54
63 142 42
63 143 52
63 144 48
63 145 38
63 146 44
63 147 63
63 148 51
63 149 55
64 0 52
64 1 66
64 2 53
64 3 57
64 4 38
64 5 36
64 6 54
64 7 48
64 8 65
64 9 43
64 10 47
64 11 49
64 12 49
64 13 57
64 14 62
64 15 40
64 16 48
64 17 37
64 18 40
64 19 59
64 20 48
64 21 57
64 22 49
64 23 44
64 24 39
64 25 48
64 26 47
64 27 45
64 28 41
64 29 50
64 30 44
64 31 36
64 32 55
64 33 46
64 34 54
64 35 51
64 36 33
64 37 46
64 38 44
64 39 39
64 40 52
64 41 44
64 42 44
64 43 46
64 44 42
64 45 41
64 46 49
64 47 47
64 48 50
64 49 49
64 50 46
64 51 44
64 52 55
64 53 50
64 54 55
64 55 56
64 56 47
64 57 55
64 58 65
64 59 49
64 60 38
64 61 41
64 62 47
64 63 55
64 64 50
64 65 41
64 66 36
64 67 51
64 68 44
64 69 32
64 70 53
64 71 51
64 72 38
64 73 44
64 74 42
64 75 44
64 76 41
64 77 49
64 78 40
64 79 46
64 80 49
64 81 52
64 82 45
64 83 47
64 84 41
64 85 56
64 86 57
64 87 57
64 88 40
64 89 45
64 90 39
64 91 34
64 92 47
64 93 53
64 94 54
64 95 45
64 96 56
64 97 50
64 98 51
64 99 53
64 100 57
64 101 54
64 102 42
64 103 45
64 104 50
64 105 52
64 106 51
64 107 42
64 108 41
64 109 52
64 110 39
64 111 39
64 112 34
64 113 45
64 114 37
64 115 49
64 116 47
64 117 47
64 118 38
64 119 49
64 120 59
64 121 53
64 122 50
64 123 55
64 124 51
64 125 51
64 126 51
64 127 48
64 128 51
64 129 50
64 130 33
64 131 37
64 132 46
64 133 44
64 134 57
64 135 58
64 136 45
64 137 48
64 138 38
64 139 45
64 140 49
64 141 50
64 142 42
64 143 62
64 144 46
64 145 53
64 146 49
64 147 60
64 148 42
64 149 46
65 0 54
65 1 47
65 2 45
65 3 49
65 4 59
65 5 53
65 6 41
65 7 53
65 8 47
65 9 50
65 10 48
65 11 44
65 12 56
65 13 45
65 14 49
65 15 43
65 16 46
65 17 61
65 18 56
65 19 47
65 20 49
65 21 51
65 22 47
65 23 48
65 24 48
65 25 57
65 26 52
65 27 54
65 28 40
65 29 38
65 30 55
65 31 49
65 32 42
65 33 39
65 34 42
65 35 54
65 36 48
65 37 50
65 38 47
65 39 52
65 40 45
65 41 37
65 42 46
65 43 48
65 44 47
65 45 45
65 46 47
65 47 50
65 48 38
65 49 48
65 50 58
65 51 48
65 52 52
65 53 48
65 54 55
65 55 47
65 56 52
65 57 55
65 58 48
65 59 64
65 60 57
65 61 47
65 62 57
65 63 42
65 64 53
65 65 53
65 66 49
65 67 41
65 68 37
65 69 49
65 70 51
65 71 59
65 72 36
65 73 49
65 74 58
65 75 49
65 76 40
65 77 51
65 78 63
65 79 58
65 80 59
65 81 45
65 82 44
65 83 45
65 84 44
65 85 40
65 86 43
65 87 45
65 88 47
65 89 54
65 90 42
65 91 54
65 92 51
65 93 39
65 94 45
65 95 54
65 96 52
65 97 55
65 98 42
65 99 51
65 100 46
65 101 46
65 102 45
65 103 48
65 104 54
65 105 57
65 106 44
65 107 44
65 108 61
65 109 48
65 110 55
65 111 51
65 112 51
65 113 52
65 114 37
65 115 55
65 116 44
65 117 54
65 118 42
65 119 57
65 120 52
65 121 58
65 122 38
65 123 49
65 124 45
65 125 49
65 126 50
65 127 34
65 128 63
65 129 54
65 130 50
65 131 59
65 132 52
65 133 45
65 134 47
65 135 50
65 136 53
65 137 36
65 138 52
65 139 49
65 140 49
65 141 62
65 142 55
65 143 65
65 144 54
65 145 48
65 146 42
65 147 40
65 148 61
65 149 60
66 0 46
66 1 48
66 2 53
66 3 42
66 4 50
66 5 54
66 6 35
66 7 63
66 8 50
66 9 42
66 10 42
66 11 61
66 12 44
66 13 46
66 14 61
66 15 37
66 16 64
66 17 47
66 18 48
66 19 46
66 20 41
66 21 41
66 22 51
66 23 43
66 24 48
66 25 46
66 26 44
66 27 50
66 28 38
66 29 49
66 30 50
66 31 44
66 32 43
66 33 48
66 34 54
66 35 58
66 36 40
66 37 42
66 38 31
66 39 50
66 40 69
66 41 50
66 42 58
66 43 57
66 44 68
66 45 52
66 46 54
66 47 45
66 48 55
66 49 43
66 50 47
66 51 53
66 52 57
66 53 47
66 54 44
66 55 50
66 56 36
66 57 50
66 58 53
66 59 50
66 60 52
66 61 44
66 62 45
66 63 44
66 64 53
66 65 58
66 66 41
66 67 43
66 68 48
66 69 39
66 70 47
66 71 47
66 72 48
66 73 47
66 74 42
66 75 49
66 76 67
66 77 39
66 78 47
66 79 41
66 80 45
66 81 66
66 82 49
66 83 58
66 84 54
66 85 43
66 86 39
66 87 45
66 88 37
66 89 56
66 90 44
66 91 55
66 92 43
66 93 42
66 94 59
66 95 55
66 96 51
66 97 60
66 98 64
66 99 39
66 100 50
66 101 35
66 102 53
66 103 47
66 104 67
66 105 43
66 106 41
66 107 54
66 108 50
66 109 45
66 110 54
66 111 45
66 112 54
66 113 50
66 114 39
66 115 50
66 116 54
66 117 48
66 118 46
66 119 59
66 120 46
66 121 64
66 122 41
66 123 52
66 124 52
66 125 43
66 126 57
66 127 56
66 128 53
66 129 47
66 130 42
66 131 36
66 132 51
66 133 47
66 134 52
66 135 33
66 136 42
66 137 41
66 138 41
66 139 43
66 140 45
66 141 41
66 142 56
66 143 53
66 144 52
66 145 41
66 146 47
66 147 53
66 148 49
66 149 40
67 0 48
67 1 37
67 2 45
67 3 46
67 4 47
67 5 62
67 6 54
67 7 48
67 8 49
67 9 32
67 10 61
67 11 44
67 12 52
67 13 35
67 14 57
67 15 55
67 16 50
67 17 43
67 18 52
67 19 50
67 20 45
67 21 53
67 22 66
67 23 61
67 24 52
67 25 43
67 26 49
67 27 54
67 28 51
67 29 54
67 30 48
67 31 43
67 32 48
67 33 44
67 34 36
67 35 55
67 36 50
67 37 49
67 38 60
67 39 36
67 40 48
67 41 52
67 42 42
67 43 40
67 44 41
67 45 52
67 46 53
67 47 57
67 48 52
67 49 54
67 50 44
67 51 50
67 52 51
67 53 46
67 54 56
67 55 53
67 56 35
67 57 39
67 58 39
67 59 49
67 60 54
67 61 43
67 62 48
67 63 44
67 64 40
67 65 52
67 66 53
67 67 41
67 68 45
67 69 47
67 70 50
67 71 37
67 72 52
67 73 39
67 74 50
67 75 57
67 76 60
67 77 44
67 78 66
67 79 41
67 80 54
67 81 46
67 82 50
67 83 41
67 84 56
67 85 59
67 86 49
67 87 39
67 88 51
67 89 60
67 90 48
67 91 46
67 92 53
67 93 53
67 94 50
67 95 46
67 96 55
67 97 52
67 98 43
67 99 55
67 100 60
67 101 40
67 102 52
67 103 51
67 104 41
67 105 68
67 106 51
67 107 44
67 108 49
67 109 38
67 110 61
67 111 53
67 112 44
67 113 49
67 114 51
67 115 42
67 116 45
67 117 49
67 118 52
67 119 47
67 120 54
67 121 52
67 122 62
67 123 49
67 124 46
67 125 39
67 126 40
67 127 46
67 128 59
67 129 53
67 130 51
67 131 27
67 132 49
67 133 42
67 134 53
67 135 45
67 136 48
67 137 42
67 138 44
67 139 52
67 140 37
67 141 50
67 142 52
67 143 53
67 144 52
67 145 49
67 146 59
67 147 49
67 148 61
67 149 41
68 0 46
68 1 41
68 2 63
68 3 58
68 4 53
68 5 44
68 6 41
68 7 42
68 8 56
68 9 47
68 10 55
68 11 40
68 12 55
68 13 50
68 14 43
68 15 54
68 16 42
68 17 50
68 18 39
68 19 49
68 20 38
68 21 36
68 22 50
68 23 38
68 24 58
68 25 41
68 26 44
68 27 38
68 28 44
68 29 45
68 30 61
68 31 55
68 32 43
68 33 49
68 34 50
68 35 33
68 36 51
68 37 42
68 38 50
68 39 46
68 40 49
68 41 54
68 42 55
68 43 46
68 44 48
68 45 47
68 46 49
68 47 43
68 48 59
68 49 44
68 50 47
68 51 58
68 52 61
68 53 58
68 54 44
68 55 48
68 56 49
68 57 54
68 58 39
68 59 59
68 60 48
68 61 49
68 62 57
68 63 45
68 64 37
68 65 41
68 66 47
68 67 47
68 68 42
68 69 52
68 70 36
68 71 50
68 72 41
68 73 48
68 74 48
68 75 61
68 76 43
68 77 48
68 78 60
68 79 58
68 80 49
68 81 49
68 82 41
68 83 49
68 84 44
68 85 40
68 86 39
68 87 52
68 88 51
68 89 54
68 90 42
68 91 42
68 92 46
68 93 59
68 94 53
68 95 52
68 96 34
68 97 42
68 98 62
68 99 56
68 100 47
68 101 57
68 102 49
68 103 55
68 104 51
68 105 34
68 106 54
68 107 45
68 108 48
68 109 48
68 110 54
68 111 39
68 112 54
68 113 44
68 114 45
68 115 47
68 116 43
68 117 55
68 118 51
68 119 45
68 120 48
68 121 40
68 122 58
68 123 36
68 124 40
68 125 51
68 126 52
68 127 52
68 128 58
68 129 46
68 130 51
68 131 50
68 132 53
68 133 49
68 134 54
68 135 43
68 136 51
68 137 43
68 138 44
68 139 47
68 140 48
68 141 54
68 142 50
68 143 60
68 144 46
68 145 53
68 146 60
68 147 51
68 148 36
68 149 52
69 0 58
69 1 54
69 2 56
69 3 42
69 4 38
69 5 56
69 6 52
69 7 52
69 8 57
69 9 57
69 10 50
69 11 50
69 12 48
69 13 52
69 14 40
69 15 45
69 16 55
69 17 39
69 18 60
69 19 47
69 20 52
69 21 42
69 22 53
69 23 48
69 24 46
69 25 52
69 26 45
69 27 49
69 28 39
69 29 48
69 30 65
69 31 49
69 32 60
69 33 37
69 34 50
69 35 44
69 36 53
69 37 44
69 38 44
69 39 52
69 40 50
69 41 36
69 42 49
69 43 47
69 44 42
69 45 44
69 46 36
69 47 52
69 48 59
69 49 53
69 50 49
69 51 59
69 52 37
69 53 47
69 54 43
69 55 41
69 56 45
69 57 57
69 58 43
69 59 49
69 60 49
69 61 56
69 62 50
69 63 40
69 64 48
69 65 56
69 66 54
69 67 51
69 68 42
69 69 62
69 70 49
69 71 49
69 72 48
69 73 49
69 74 48
69 75 46
69 76 41
69 77 30
69 78 42
69 79 37
69 80 36
69 81 45
69 82 39
69 83 51
69 84 52
69 85 41
69 86 48
69 87 53
69 88 54
69 89 52
69 90 40
69 91 57
69 92 39
69 93 45
69 94 45
69 95 50
69 96 55
69 97 47
69 98 54
69 99 51
69 100 50
69 101 51
69 102 37
69 103 50
69 104 60
69 105 42
69 106 40
69 107 46
69 108 45
69 109 52
69 110 43
69 111 38
69 112 36
69 113 56
69 114 58
69 115 51
69 116 48
69 117 61
69 118 60
69 119 51
69 120 46
69 121 43
69 122 53
69 123 45
69 124 42
69 125 49
69 126 43
69 127 37
69 128 52
69 129 54
69 130 47
69 131 61
69 132 59
69 133 59
69 134 47
69 135 33
69 136 62
69 137 60
69 138 39
69 139 58
69 140 65
69 141 45
69 142 34
69 143 49
69 144 45
69 145 34
69 146 48
69 147 50
69 148 55
69 149 46
70 0 37
70 1 32
70 2 56
70 3 44
70 4 58
70 5 41
70 6 57
70 7 53
70 8 43
70 9 43
70 10 45
70 11 46
70 12 44
70 13 46
70 14 55
70 15 44
70 16 40
70 17 49
70 18 48
70 19 42
70 20 61
70 21 47
70 22 41
70 23 56
70 24 54
70 25 49
70 26 63
70 27 53
70 28 50
70 29 57
70 30 36
70 31 37
70 32 56
70 33 38
70 34 44
70 35 40
70 36 52
70 37 57
70 38 40
70 39 41
70 40 44
70 41 38
70 42 47
70 43 36
70 44 59
70 45 60
70 46 42
70 47 48
70 48 41
70 49 57
70 50 42
70 51 51
70 52 48
70 53 40
70 54 50
70 55 57
70 56 50
70 57 53
70 58 53
70 59 45
70 60 53
70 61 55
70 62 43
70 63 41
70 64 56
70 65 38
70 66 61
70 67 60
70 68 52
70 69 51
70 70 55
70 71 47
70 72 60
70 73 41
70 74 47
70 75 49
70 76 46
70 77 41
70 78 60
70 79 36
70 80 61
70 81 54
70 82 53
70 83 47
70 84 54
70 85 55
70 86 44
70 87 45
70 88 39
70 89 55
70 90 41
70 91 49
70 92 47
70 93 51
70 94 39
70 95 49
70 96 48
70 97 49
70 98 41
70 99 49
70 100 56
70 101 57
70 102 44
70 103 49
70 104 45
70 105 50
70 106 52
70 107 50
70 108 47
70 109 57
70 110 47
70 111 46
70 112 44
70 113 64
70 114 35
70 115 49
70 116 40
70 117 47
70 118 47
70 119 54
70 120 50
70 121 49
70 122 29
70 123 48
70 124 44
70 125 41
70 126 48
70 127 48
70 128 62
70 129 41
70 130 48
70 131 38
70 132 52
70 133 50
70 134 52
70 135 46
70 136 48
70 137 43
70 138 48
70 139 47
70 140 55
70 141 51
70 142 55
70 143 53
70 144 53
70 145 49
70 146 49
70 147 42
70 148 41
70 149 53
71 0 48
71 1 46
71 2 43
71 3 44
71 4 59
71 5 53
71 6 49
71 7 39
71 8 46
71 9 46
71 10 41
71 11 48
71 12 38
71 13 40
71 14 44
71 15 40
71 16 50
71 17 50
71 18 39
71 19 54
71 20 55
71 21 48
71 22 53
71 23 52
71 24 48
71 25 57
71 26 55
71 27 44
71 28 40
71 29 59
71 30 41
71 31 52
71 32 46
71 33 45
71 34 54
71 35 48
71 36 52
71 37 58
71 38 45
71 39 59
71 40 43
71 41 44
71 42 42
71 43 49
71 44 52
71 45 55
71 46 58
71 47 55
71 48 34
71 49 42
71 50 46
71 51 56
71 52 61
71 53 44
71 54 49
71 55 64
71 56 40
71 57 46
71 58 47
71 59 56
71 60 53
71 61 54
71 62 54
71 63 56
71 64 48
71 65 51
71 66 54
71 67 49
71 68 51
71 69 46
71 70 56
71 71 47
71 72 41
71 73 44
71 74 46
71 75 50
71 76 40
71 77 50
71 78 55
71 79 48
71 80 48
71 81 51
71 82 50
71 83 50
71 84 58
71 85 55
71 86 54
71 87 42
71 88 50
71 89 51
71 90 45
71 91 68
71 92 52
71 93 45
71 94 43
71 95 58
71 96 63
71 97 56
71 98 42
71 99 47
71 100 49
71 101 52
71 102 50
71 103 52
71 104 35
71 105 46
71 106 45
71 107 50
71 108 60
71 109 54
71 110 46
71 111 28
71 112 53
71 113 60
71 114 55
71 115 57
71 116 41
71 117 50
71 118 49
71 119 57
71 120 50
71 121 38
71 122 48
71 123 56
71 124 57
71 125 53
71 126 49
71 127 46
71 128 58
71 129 48
71 130 46
71 131 41
71 132 38
71 133 45
71 134 56
71 135 69
71 136 53
71 137 42
71 138 66
71 139 47
71 140 55
71 141 45
71 142 50
71 143 43
71 144 45
71 145 49
71 146 47
71 147 56
71 148 58
71 149 52
72 0 45
72 1 47
72 2 48
72 3 44
72 4 41
72 5 44
72 6 45
72 7 53
72 8 48
72 9 55
72 10 46
72 11 41
72 12 46
72 13 42
72 14 55
72 15 66
72 16 35
72 17 58
72 18 41
72 19 49
72 20 50
72 21 40
72 22 48
72 23 44
72 24 40
72 25 45
72 26 56
72 27 44
72 28 53
72 29 49
72 30 47
72 31 47
72 32 46
72 33 48
72 34 54
72 35 46
72 36 50
72 37 55
72 38 52
72 39 52
72 40 54
72 41 50
72 42 38
72 43 39
72 44 52
72 45 34
72 46 47
72 47 52
72 48 41
72 49 55
72 50 54
72 51 69
72 52 47
72 53 28
72 54 40
72 55 51
72 56 45
72 57 49
72 58 58
72 59 44
72 60 49
72 61 53
72 62 45
72 63 45
72 64 46
72 65 41
72 66 44
72 67 42
72 68 57
72 69 47
72 70 58
72 71 49
72 72 48
72 73 44
72 74 56
72 75 59
72 76 54
72 77 59
72 78 61
72 79 60
72 80 54
72 81 52
72 82 45
72 83 47
72 84 52
72 85 42
72 86 47
72 87 52
72 88 44
72 89 49
72 90 49
72 91 36
72 92 42
72 93 56
72 94 50
72 95 50
72 96 46
72 97 41
72 98 55
72 99 37
72 100 57
72 101 48
72 102 41
72 103 45
72 104 48
72 105 43
72 106 47
72 107 49
72 108 52
72 109 48
72 110 51
72 111 39
72 112 56
72 113 54
72 114 52
72 115 51
72 116 60
72 117 43
72 118 45
72 119 48
72 120 49
72 121 43
72 122 58
72 123 39
72 124 57
72 125 49
72 126 46
72 127 46
72 128 48
72 129 34
72 130 56
72 131 50
72 132 53
72 133 67
72 134 52
72 135 43
72 136 44
72 137 44
72 138 63
72 139 40
72 140 41
72 141 48
72 142 35
72 143 51
72 144 36
72 145 50
72 146 59
72 147 44
72 148 63
72 149 42
73 0 43
73 1 44
73 2 42
73 3 56
73 4 55
73 5 53
73 6 45
73 7 47
73 8 39
73 9 47
73 10 51
73 11 59
73 12 58
73 13 56
73 14 38
73 15 50
73 16 35
73 17 54
73 18 40
73 19 58
73 20 43
73 21 50
73 22 44
73 23 39
73 24 53
73 25 47
73 26 37
73 27 47
73 28 57
73 29 40
73 30 55
73 31 47
73 32 46
73 33 48
73 34 48
73 35 55
73 36 51
73 37 52
73 38 55
73 39 54
73 40 40
73 41 59
73 42 43
73 43 56
73 44 45
73 45 52
73 46 48
73 47 44
73 48 45
73 49 45
73 50 53
73 51 43
73 52 47
73 53 46
73 54 58
73 55 55
73 56 49
73 57 48
73 58 46
73 59 46
73 60 40
73 61 40
73 62 42
73 63 42
73 64 49
73 65 44
73 66 45
73 67 45
73 68 51
73 69 42
73 70 36
73 71 54
73 72 41
73 73 45
73 74 41
73 75 37
73 76 54
73 77 45
73 78 41
73 79 42
73 80 37
73 81 46
73 82 37
73 83 50
73 84 43
73 85 40
73 86 53
73 87 57
73 88 42
73 89 62
73 90 31
73 91 50
73 92 54
73 93 57
73 94 39
73 95 47
73 96 47
73 97 44
73 98 51
73 99 42
73 100 40
73 101 55
73 102 51
73 103 55
73 104 51
73 105 48
73 106 48
73 107 36
73 108 39
73 109 43
73 110 53
73 111 46
73 112 53
73 113 60
73 114 53
73 115 58
73 116 40
73 117 49
73 118 40
73 119 43
73 120 40
73 121 49
73 122 54
73 123 55
73 124 59
73 125 61
73 126 57
73 127 60
73 128 57
73 129 50
73 130 47
73 131 55
73 132 36
73 133 49
73 134 40
73 135 43
73 136 48
73 137 45
73 138 60
73 139 42
73 140 41
73 141 54
73 142 50
73 143 50
73 144 53
73 145 42
73 146 50
73 147 52
73 148 50
73 149 63
74 0 48
74 1 63
74 2 48
74 3 44
74 4 46
74 5 42
74 6 48
74 7 51
74 8 56
74 9 44
74 10 57
74 11 41
74 12 46
74 13 55
74 14 45
74 15 53
74 16 65
74 17 52
74 18 56
74 19 46
74 20 51
74 21 50
74 22 57
74 23 55
74 24 43
74 25 49
74 26 41
74 27 37
74 28 46
74 29 35
74 30 48
74 31 49
74 32 44
74 33 55
74 34 44
74 35 55
74 36 42
74 37 53
74 38 44
74 39 45
74 40 48
74 41 57
74 42 53
74 43 47
74 44 54
74 45 56
74 46 49
74 47 42
74 48 66
74 49 50
74 50 51
74 51 52
74 52 43
74 53 56
74 54 51
74 55 45
74 56 58
74 57 58
74 58 44
74 59 58
74 60 52
74 61 43
74 62 44
74 63 40
74 64 50
74 65 40
74 66 62
74 67 54
74 68 49
74 69 40
74 70 60
74 71 30
74 72 51
74 73 53
74 74 44
74 75 49
74 76 49
74 77 38
74 78 44
74 79 40
74 80 53
74 81 44
74 82 38
74 83 47
74 84 46
74 85 48
74 86 47
74 87 51
74 88 55
74 89 48
74 90 49
74 91 59
74 92 46
74 93 52
74 94 58
74 95 50
74 96 39
74 97 42
74 98 51
74 99 43
74 100 53
74 101 53
74 102 42
74 103 58
74 104 39
74 105 49
74 106 57
74 107 35
74 108 57
74 109 53
74 110 53
74 111 50
74 112 52
74 113 53
74 114 42
74 115 40
74 116 49
74 117 56
74 118 33
74 119 46
74 120 43
74 121 52
74 122 58
74 123 48
74 124 44
74 125 49
74 126 39
74 127 45
74 128 51
74 129 43
74 130 50
74 131 52
74 132 43
74 133 60
74 134 44
74 135 56
74 136 42
74 137 45
74 138 49
74 139 45
74 140 50
74 141 55
74 142 52
74 143 44
74 144 45
74 145 58
74 146 45
74 147 58
74 148 42
74 149 64
75 0 40
75 1 44
75 2 47
75 3 63
75 4 67
75 5 43
75 6 46
75 7 50
75 8 66
75 9 49
75 10 51
75 11 55
75 12 50
75 13 56
75 14 55
75 15 51
75 16 41
75 17 49
75 18 46
75 19 44
75 20 59
75 21 55
75 22 36
75 23 40
75 24 37
75 25 43
75 26 44
75 27 53
75 28 37
75 29 39
75 30 42
75 31 44
75 32 53
75 33 49
75 34 45
75 35 51
75 36 45
75 37 44
75 38 37
75 39 53
75 40 47
75 41 41
75 42 51
75 43 51
75 44 45
75 45 41
75 46 37
75 47 47
75 48 47
75 49 50
75 50 67
75 51 40
75 52 42
75 53 41
75 54 54
75 55 44
75 56 33
75 57 48
75 58 57
75 59 57
75 60 44
75 61 46
75 62 45
75 63 47
75 64 46
75 65 64
75 66 45
75 67 49
75 68 58
75 69 42
75 70 53
75 71 44
75 72 59
75 73 49
75 74 51
75 75 54
75 76 50
75 77 57
75 78 51
75 79 51
75 80 49
75 81 62
75 82 47
75 83 35
75 84 44
75 85 48
75 86 59
75 87 44
75 88 53
75 89 43
75 90 63
75 91 49
75 92 43
75 93 45
75 94 51
75 95 70
75 96 43
75 97 44
75 98 58
75 99 55
75 100 46
75 101 39
75 102 47
75 103 39
75 104 56
75 105 38
75 106 52
75 107 43
75 108 44
75 109 42
75 110 49
75 111 51
75 112 49
75 113 46
75 114 36
75 115 43
75 116 57
75 117 48
75 118 45
75 119 46
75 120 67
75 121 35
75 122 61
75 123 45
75 124 37
75 125 56
75 126 48
75 127 43
75 128 45
75 129 44
75 130 62
75 131 41
75 132 50
75 133 60
75 134 55
75 135 42
75 136 50
75 137 40
75 138 68
75 139 38
75 140 49
75 141 53
75 142 49
75 143 52
75 144 49
75 145 53
75 146 47
75 147 44
75 148 55
75 149 39
76 0 46
76 1 54
76 2 56
76 3 56
76 4 46
76 5 38
76 6 42
76 7 39
76 8 51
76 9 53
76 10 46
76 11 49
76 12 46
76 13 45
76 14 46
76 15 39
76 16 48
76 17 46
76 18 40
76 19 38
76 20 43
76 21 49
76 22 69
76 23 45
76 24 29
76 25 49
76 26 61
76 27 54
76 28 52
76 29 53
76 30 58
76 31 42
76 32 51
76 33 53
76 34 46
76 35 32
76 36 46
76 37 56
76 38 49
76 39 45
76 40 51
76 41 49
76 42 52
76 43 52
76 44 42
76 45 56
76 46 43
76 47 47
76 48 63
76 49 47
76 50 50
76 51 44
76 52 36
76 53 46
76 54 53
76 55 46
76 56 48
76 57 56
76 58 51
76 59 56
76 60 53
76 61 43
76 62 47
76 63 58
76 64 42
76 65 50
76 66 46
76 67 40
76 68 39
76 69 42
76 70 53
76 71 50
76 72 59
76 73 56
76 74 49
76 75 36
76 76 60
76 77 36
76 78 50
76 79 52
76 80 48
76 81 50
76 82 55
76 83 41
76 84 44
76 85 45
76 86 40
76 87 46
76 88 46
76 89 47
76 90 48
76 91 50
76 92 42
76 93 33
76 94 53
76 95 51
76 96 52
76 97 40
76 98 51
76 99 42
76 100 46
76 101 44
76 102 48
76 103 37
76 104 45
76 105 51
76 106 59
76 107 52
76 108 49
76 109 46
76 110 41
76 111 52
76 112 53
76 113 47
76 114 47
76 115 46
76 116 54
76 117 47
76 118 47
76 119 60
76 120 63
76 121 46
76 122 54
76 123 48
76 124 44
76 125 52
76 126 50
76 127 52
76 128 46
76 129 45
76 130 44
76 131 48
76 132 55
76 133 46
76 134 50
76 135 43
76 136 46
76 137 52
76 138 54
76 139 42
76 140 40
76 141 53
76 142 52
76 143 58
76 144 71
76 145 38
76 146 64
76 147 46
76 148 37
76 149 48
77 0 48
77 1 56
77 2 45
77 3 46
77 4 52
77 5 42
77 6 42
77 7 50
77 8 41
77 9 53
77 10 54
77 11 38
77 12 41
77 13 52
77 14 68
77 15 43
77 16 51
77 17 41
77 18 39
77 19 54
77 20 50
77 21 52
77 22 52
77 23 50
77 24 45
77 25 49
77 26 44
77 27 40
77 28 44
77 29 46
77 30 44
77 31 53
77 32 47
77 33 47
77 34 43
77 35 53
77 36 47
77 37 49
77 38 36
77 39 53
77 40 40
77 41 54
77 42 48
77 43 57
77 44 42
77 45 42
77 46 56
77 47 49
77 48 57
77 49 51
77 50 49
77 51 54
77 52 55
77 53 41
77 54 42
77 55 42
77 56 45
77 57 53
77 58 45
77 59 48
77 60 36
77 61 57
77 62 48
77 63 46
77 64 40
77 65 45
77 66 45
77 67 35
77 68 38
77 69 53
77 70 40
77 71 63
77 72 51
77 73 50
77 74 51
77 75 42
77 76 44
77 77 55
77 78 53
77 79 52
77 80 63
77 81 42
77 82 51
77 83 52
77 84 62
77 85 45
77 86 43
77 87 45
77 88 58
77 89 56
77 90 44
77 91 43
77 92 56
77 93 39
77 94 57
77 95 46
77 96 49
77 97 44
77 98 58
77 99 39
77 100 46
77 101 36
77 102 39
77 103 61
77 104 48
77 105 32
77 106 40
77 107 59
77 108 36
77 109 53
77 110 48
77 111 55
77 112 40
77 113 41
77 114 45
77 115 44
77 116 42
77 117 50
77 118 60
77 119 53
77 120 52
77 121 51
77 122 53
77 123 40
77 124 59
77 125 56
77 126 48
77 127 54
77 128 45
77 129 45
77 130 55
77 131 37
77 132 49
77 133 44
77 134 47
77 135 46
77 136 56
77 137 38
77 138 49
77 139 44
77 140 46
77 141 48
77 142 52
77 143 43
77 144 57
77 145 61
77 146 48
77 147 55
77 148 35
77 149 50
78 0 53
78 1 45
78 2 49
78 3 56
78 4 49
78 5 55
78 6 38
78 7 45
78 8 37
78 9 62
78 10 44
78 11 35
78 12 44
78 13 41
78 14 56
78 15 46
78 16 46
78 17 46
78 18 42
78 19 60
78 20 52
78 21 56
78 22 41
78 23 44
78 24 50
78 25 33
78 26 48
78 27 45
78 28 37
78 29 64
78 30 49
78 31 50
78 32 40
78 33 45
78 34 48
78 35 34
78 36 53
78 37 57
78 38 37
78 39 51
78 40 48
78 41 43
78 42 46
78 43 56
78 44 53
78 45 59
78 46 42
78 47 45
78 48 54
78 49 44
78 50 62
78 51 40
78 52 63
78 53 66
78 54 53
78 55 34
78 56 56
78 57 53
78 58 55
78 59 45
78 60 57
78 61 53
78 62 42
78 63 53
78 64 40
78 65 42
78 66 59
78 67 52
78 68 46
78 69 48
78 70 33
78 71 44
78 72 41
78 73 49
78 74 49
78 75 58
78 76 53
78 77 49
78 78 52
78 79 49
78 80 57
78 81 48
78 82 41
78 83 44
78 84 37
78 85 47
78 86 54
78 87 52
78 88 46
78 89 50
78 90 53
78 91 50
78 92 37
78 93 48
78 94 41
78 95 48
78 96 45
78 97 47
78 98 49
78 99 49
78 100 57
78 101 55
78 102 36
78 103 43
78 104 46
78 105 40
78 106 37
78 107 54
78 108 45
78 109 73
78 110 42
78 111 51
78 112 58
78 113 47
78 114 64
78 115 43
78 116 61
78 117 62
78 118 41
78 119 39
78 120 53
78 121 41
78 122 52
78 123 49
78 124 59
78 125 60
78 126 51
78 127 45
78 128 61
78 129 38
78 130 54
78 131 58
78 132 58
78 133 40
78 134 51
78 135 52
78 136 44
78 137 47
78 138 61
78 139 57
78 140 56
78 141 45
78 142 57
78 143 31
78 144 58
78 145 42
78 146 59
78 147 44
78 148 43
78 149 48
79 0 50
79 1 46
79 2 40
79 3 45
79 4 37
79 5 42
79 6 55
79 7 63
79 8 46
79 9 50
79 10 40
79 11 50
79 12 43
79 13 47
79 14 46
79 15 56
79 16 56
79 17 49
79 18 56
79 19 50
79 20 47
79 21 41
79 22 49
79 23 57
79 24 50
79 25 51
79 26 46
79 27 34
79 28 47
79 29 42
79 30 51
79 31 54
79 32 49
79 33 55
79 34 45
79 35 53
79 36 46
79 37 46
79 38 44
79 39 57
79 40 53
79 41 55
79 42 45
79 43 64
79 44 50
79 45 55
79 46 49
79 47 58
79 48 41
79 49 45
79 50 48
79 51 58
79 52 33
79 53 58
79 54 51
79 55 41
79 56 57
79 57 45
79 58 45
79 59 57
79 60 36
79 61 39
79 62 39
79 63 52
79 64 40
79 65 44
79 66 56
79 67 44
79 68 51
79 69 52
79 70 52
79 71 50
79 72 53
79 73 48
79 74 50
79 75 38
79 76 33
79 77 43
79 78 40
79 79 59
79 80 49
79 81 49
79 82 46
79 83 46
79 84 63
79 85 50
79 86 53
79 87 43
79 88 45
79 89 51
79 90 51
79 91 48
79 92 57
79 93 54
79 94 47
79 95 57
79 96 57
79 97 51
79 98 49
79 99 56
79 100 49
79 101 46
79 102 57
79 103 44
79 104 47
79 105 47
79 106 39
79 107 54
79 108 60
79 109 50
79 110 56
79 111 54
79 112 60
79 113 35
79 114 50
79 115 47
79 116 56
79 117 40
79 118 51
79 119 38
79 120 52
79 121 42
79 122 54
79 123 48
79 124 44
79 125 50
79 126 52
79 127 44
79 128 56
79 129 56
79 130 34
79 131 50
79 132 45
79 133 48
79 134 51
79 135 48
79 136 52
79 137 49
79 138 56
79 139 50
79 140 48
79 141 54
79 142 55
79 143 54
79 144 47
79 145 39
79 146 37
79 147 55
79 148 60
79 149 46
80 0 46
80 1 45
80 2 55
80 3 50
80 4 52
80 5 36
80 6 53
80 7 50
80 8 44
80 9 61
80 10 52
80 11 39
80 12 48
80 13 51
80 14 60
80 15 45
80 16 52
80 17 62
80 18 46
80 19 48
80 20 51
80 21 47
80 22 40
80 23 43
80 24 54
80 25 58
80 26 49
80 27 41
80 28 42
80 29 57
80 30 56
80 31 59
80 32 44
80 33 50
80 34 51
80 35 42
80 36 58
80 37 56
80 38 53
80 39 47
80 40 52
80 41 53
80 42 56
80 43 54
80 44 52
80 45 56
80 46 62
80 47 35
80 48 41
80 49 42
80 50 51
80 51 43
80 52 49
80 53 46
80 54 61
80 55 41
80 56 56
80 57 44
80 58 43
80 59 47
80 60 51
80 61 45
80 62 43
80 63 47
80 64 58
80 65 50
80 66 55
80 67 50
80 68 41
80 69 45
80 70 46
80 71 45
80 72 48
80 73 48
80 74 30
80 75 50
80 76 60
80 77 43
80 78 50
80 79 56
80 80 61
80 81 47
80 82 48
80 83 56
80 84 41
80 85 49
80 86 46
80 87 52
80 88 39
80 89 42
80 90 53
80 91 53
80 92 54
80 93 48
80 94 48
80 95 51
80 96 52
80 97 45
80 98 47
80 99 51
80 100 53
80 101 47
80 102 51
80 103 28
80 104 40
80 105 48
80 106 51
80 107 50
80 108 33
80 109 48
80 110 47
80 111 46
80 112 40
80 113 68
80 114 45
80 115 67
80 116 49
80 117 48
80 118 41
80 119 54
80 120 42
80 121 55
80 122 45
80 123 35
80 124 44
80 125 38
80 126 50
80 127 38
80 128 38
80 129 52
80 130 51
80 131 46
80 132 53
80 133 31
80 134 58
80 135 46
80 136 49
80 137 49
80 138 60
80 139 56
80 140 48
80 141 46
80 142 56
80 143 45
80 144 44
80 145 51
80 146 45
80 147 45
80 148 45
80 149 59
81 0 61
81 1 37
81 2 46
81 3 41
81 4 52
81 5 39
81 6 51
81 7 53
81 8 44
81 9 48
81 10 55
81 11 49
81 12 43
81 13 46
81 14 45
81 15 57
81 16 51
81 17 47
81 18 51
81 19 56
81 20 36
81 21 56
81 22 48
81 23 44
81 24 44
81 25 36
81 26 51
81 27 54
81 28 59
81 29 44
81 30 56
81 31 47
81 32 56
81 33 41
81 34 51
81 35 65
81 36 36
81 37 36
81 38 48
81 39 56
81 40 51
81 41 38
81 42 53
81 43 53
81 44 45
81 45 44
81 46 52
81 47 54
81 48 52
81 49 47
81 50 43
81 51 37
81 52 39
81 53 44
81 54 37
81 55 64
81 56 42
81 57 42
81 58 44
81 59 55
81 60 39
81 61 58
81 62 42
81 63 44
81 64 38
81 65 63
81 66 54
81 67 45
81 68 43
81 69 67
81 70 49
81 71 61
81 72 52
81 73 39
81 74 48
81 75 63
81 76 43
81 77 54
81 78 43
81 79 44
81 80 51
81 81 37
81 82 40
81 83 54
81 84 60
81 85 40
81 86 49
81 87 53
81 88 51
81 89 50
81 90 51
81 91 46
81 92 41
81 93 38
81 94 47
81 95 45
81 96 51
81 97 58
81 98 44
81 99 34
81 100 57
81 101 48
81 102 45
81 103 57
81 104 44
81 105 42
81 106 45
81 107 51
81 108 51
81 109 45
81 110 52
81 111 46
81 112 43
81 113 52
81 114 45
81 115 50
81 116 52
81 117 60
81 118 44
81 119 54
81 120 50
81 121 50
81 122 59
81 123 55
81 124 51
81 125 45
81 126 45
81 127 39
81 128 52
81 129 48
81 130 43
81 131 56
81 132 45
81 133 44
81 134 57
81 135 66
81 136 55
81 137 43
81 138 53
81 139 50
81 140 40
81 141 41
81 142 56
81 143 43
81 144 43
81 145 47
81 146 48
81 147 48
81 148 48
81 149 38
82 0 48
82 1 45
82 2 39
82 3 52
82 4 59
82 5 44
82 6 44
82 7 49
82 8 54
82 9 42
82 10 44
82 11 35
82 12 41
82 13 53
82 14 55
82 15 38
82 16 53
82 17 53
82 18 60
82 19 53
82 20 53
82 21 53
82 22 56
82 23 57
82 24 51
82 25 32
82 26 38
82 27 50
82 28 53
82 29 40
82 30 44
82 31 38
82 32 39
82 33 58
82 34 47
82 35 41
82 36 63
82 37 54
82 38 36
82 39 41
82 40 42
82 41 36
82 42 51
82 43 55
82 44 48
82 45 47
82 46 48
82 47 48
82 48 46
82 49 56
82 50 52
82 51 49
82 52 47
82 53 54
82 54 46
82 55 43
82 56 55
82 57 54
82 58 47
82 59 46
82 60 49
82 61 42
82 62 50
82 63 46
82 64 48
82 65 55
82 66 48
82 67 45
82 68 57
82 69 47
82 70 43
82 71 55
82 72 50
82 73 47
82 74 47
82 75 58
82 76 50
82 77 48
82 78 49
82 79 49
82 80 51
82 81 63
82 82 59
82 83 50
82 84 45
82 85 47
82 86 46
82 87 36
82 88 48
82 89 40
82 90 56
82 91 63
82 92 42
82 93 42
82 94 43
82 95 56
82 96 43
82 97 59
82 98 49
82 99 44
82 100 48
82 101 44
82 102 46
82 103 52
82 104 44
82 105 37
82 106 41
82 107 42
82 108 44
82 109 54
82 110 56
82 111 45
82 112 45
82 113 44
82 114 51
82 115 44
82 116 40
82 117 42
82 118 41
82 119 60
82 120 51
82 121 54
82 122 52
82 123 59
82 124 48
82 125 43
82 126 53
82 127 48
82 128 61
82 129 51
82 130 44
82 131 39
82 132 63
82 133 42
82 134 45
82 135 46
82 136 50
82 137 44
82 138 42
82 139 53
82 140 47
82 141 41
82 142 53
82 143 45
82 144 39
82 145 54
82 146 46
82 147 51
82 148 42
82 149 42
83 0 45
83 1 46
83 2 50
83 3 78
83 4 52
83 5 43
83 6 46
83 7 38
83 8 42
83 9 52
83 10 48
83 11 45
83 12 38
83 13 44
83 14 57
83 15 47
83 16 47
83 17 55
83 18 49
83 19 47
83 20 51
83 21 56
83 22 59
83 23 52
83 24 41
83 25 52
83 26 50
83 27 46
83 28 51
83 29 49
83 30 45
83 31 62
83 32 47
83 33 36
83 34 49
83 35 55
83 36 47
83 37 50
83 38 48
83 39 37
83 40 41
83 41 53
83 42 49
83 43 39
83 44 38
83 45 40
83 46 68
83 47 50
83 48 50
83 49 41
83 50 53
83 51 39
83 52 53
83 53 48
83 54 61
83 55 51
83 56 54
83 57 49
83 58 38
83 59 54
83 60 42
83 61 40
83 62 59
83 63 61
83 64 37
83 65 51
83 66 55
83 67 53
83 68 54
83 69 53
83 70 50
83 71 54
83 72 42
83 73 56
83 74 42
83 75 40
83 76 47
83 77 50
83 78 47
83 79 51
83 80 43
83 81 41
83 82 44
83 83 56
83 84 46
83 85 45
83 86 47
83 87 45
83 88 54
83 89 47
83 90 48
83 91 47
83 92 65
83 93 57
83 94 43
83 95 60
83 96 37
83 97 53
83 98 51
83 99 49
83 100 37
83 101 47
83 102 67
83 103 48
83 104 45
83 105 52
83 106 58
83 107 56
83 108 52
83 109 44
83 110 41
83 111 43
83 112 56
83 113 57
83 114 49
83 115 50
83 116 57
83 117 52
83 118 43
83 119 56
83 120 44
83 121 50
83 122 45
83 123 58
83 124 60
83 125 56
83 126 46
83 127 55
83 128 41
83 129 61
83 130 51
83 131 54
83 132 42
83 133 57
83 134 43
83 135 56
83 136 41
83 137 54
83 138 53
83 139 38
83 140 59
83 141 44
83 142 45
83 143 52
83 144 42
83 145 49
83 146 45
83 147 50
83 148 52
83 149 49
84 0 51
84 1 51
84 2 49
84 3 37
84 4 44
84 5 55
84 6 46
84 7 38
84 8 51
84 9 53
84 10 51
84 11 49
84 12 55
84 13 49
84 14 48
84 15 49
84 16 57
84 17 48
84 18 49
84 19 61
84 20 39
84 21 50
84 22 55
84 23 50
84 24 50
84 25 34
84 26 45
84 27 46
84 28 29
84 29 51
84 30 46
84 31 45
84 32 52
84 33 51
84 34 46
84 35 60
84 36 43
84 37 47
84 38 42
84 39 44
84 40 37
84 41 50
84 42 62
84 43 38
84 44 40
84 45 44
84 46 46
84 47 53
84 48 40
84 49 49
84 50 51
84 51 47
84 52 56
84 53 45
84 54 56
84 55 54
84 56 41
84 57 39
84 58 41
84 59 46
84 60 42
84 61 47
84 62 50
84 63 52
84 64 51
84 65 51
84 66 43
84 67 40
84 68 48
84 69 57
84 70 47
84 71 56
84 72 52
84 73 44
84 74 59
84 75 42
84 76 53
84 77 44
84 78 50
84 79 40
84 80 43
84 81 45
84 82 51
84 83 46
84 84 71
84 85 43
84 86 41
84 87 62
84 88 49
84 89 44
84 90 43
84 91 48
84 92 40
84 93 46
84 94 45
84 95 61
84 96 49
84 97 45
84 98 47
84 99 49
84 100 49
84 101 41
84 102 37
84 103 51
84 104 37
84 105 44
84 106 42
84 107 48
84 108 47
84 109 55
84 110 48
84 111 49
84 112 49
84 113 43
84 114 56
84 115 50
84 116 47
84 117 45
84 118 48
84 119 51
84 120 53
84 121 42
84 122 46
84 123 50
84 124 56
84 125 45
84 126 54
84 127 53
84 128 53
84 129 59
84 130 37
84 131 40
84 132 53
84 133 58
84 134 48
84 135 49
84 136 56
84 137 47
84 138 50
84 139 47
84 140 47
84 141 53
84 142 52
84 143 54
84 144 46
84 145 52
84 146 48
84 147 56
84 148 57
84 149 49
85 0 41
85 1 49
85 2 40
85 3 59
85 4 45
85 5 53
85 6 53
85 7 36
85 8 49
85 9 44
85 10 50
85 11 47
85 12 45
85 13 54
85 14 54
85 15 56
85 16 52
85 17 38
85 18 41
85 19 37
85 20 45
85 21 36
85 22 53
85 23 45
85 24 61
85 25 41
85 26 59
85 27 67
85 28 50
85 29 57
85 30 64
85 31 54
85 32 42
85 33 41
85 34 43
85 35 46
85 36 44
85 37 41
85 38 39
85 39 53
85 40 50
85 41 37
85 42 38
85 43 49
85 44 53
85 45 51
85 46 55
85 47 57
85 48 55
85 49 60
85 50 44
85 51 47
85 52 51
85 53 42
85 54 42
85 55 43
85 56 46
85 57 53
85 58 46
85 59 56
85 60 56
85 61 48
85 62 42
85 63 50
85 64 40
85 65 60
85 66 47
85 67 41
85 68 36
85 69 42
85 70 47
85 71 38
85 72 52
85 73 46
85 74 53
85 75 47
85 76 49
85 77 46
85 78 49
85 79 43
85 80 48
85 81 46
85 82 48
85 83 50
85 84 56
85 85 47
85 86 46
85 87 47
85 88 52
85 89 58
85 90 47
85 91 39
85 92 52
85 93 43
85 94 46
85 95 45
85 96 45
85 97 50
85 98 41
85 99 42
85 100 51
85 101 40
85 102 52
85 103 47
85 104 52
85 105 42
85 106 50
85 107 55
85 108 39
85 109 43
85 110 34
85 111 44
85 112 46
85 113 51
85 114 52
85 115 51
85 116 46
85 117 50
85 118 52
85 119 50
85 120 34
85 121 33
85 122 56
85 123 59
85 124 51
85 125 54
85 126 64
85 127 45
85 128 55
85 129 50
85 130 62
85 131 35
85 132 45
85 133 48
85 134 54
85 135 38
85 136 38
85 137 62
85 138 38
85 139 46
85 140 40
85 141 46
85 142 53
85 143 45
85 144 63
85 145 45
85 146 47
85 147 56
85 148 52
85 149 38
86 0 55
86 1 52
86 2 50
86 3 63
86 4 50
86 5 67
86 6 56
86 7 52
86 8 45
86 9 42
86 10 56
86 11 42
86 12 50
86 13 49
86 14 44
86 15 48
86 16 55
86 17 57
86 18 49
86 19 33
86 20 49
86 21 44
86 22 50
86 23 56
86 24 61
86 25 42
86 26 60
86 27 47
86 28 47
86 29 50
86 30 42
86 31 42
86 32 53
86 33 48
86 34 44
86 35 59
86 36 39
86 37 53
86 38 54
86 39 40
86 40 44
86 41 56
86 42 52
86 43 37
86 44 64
86 45 46
86 46 38
86 47 51
86 48 53
86 49 48
86 50 56
86 51 62
86 52 46
86 53 44
86 54 51
86 55 39
86 56 47
86 57 53
86 58 45
86 59 59
86 60 48
86 61 45
86 62 43
86 63 44
86 64 62
86 65 50
86 66 41
86 67 44
86 68 61
86 69 53
86 70 56
86 71 50
86 72 40
86 73 41
86 74 53
86 75 53
86 76 45
86 77 28
86 78 50
86 79 62
86 80 51
86 81 40
86 82 66
86 83 58
86 84 51
86 85 52
86 86 50
86 87 56
86 88 39
86 89 46
86 90 50
86 91 51
86 92 50
86 93 46
86 94 39
86 95 55
86 96 51
86 97 56
86 98 40
86 99 47
86 100 45
86 101 36
86 102 56
86 103 56
86 104 51
86 105 41
86 106 55
86 107 45
86 108 33
86 109 53
86 110 50
86 111 50
86 112 49
86 113 64
86 114 58
86 115 45
86 116 59
86 117 58
86 118 50
86 119 53
86 120 43
86 121 49
86 122 54
86 123 57
86 124 47
86 125 37
86 126 49
86 127 46
86 128 47
86 129 53
86 130 47
86 131 37
86 132 43
86 133 56
86 134 54
86 135 56
86 136 44
86 137 39
86 138 56
86 139 35
86 140 54
86 141 65
86 142 44
86 143 49
86 144 39
86 145 54
86 146 46
86 147 57
86 148 37
86 149 53
87 0 52
87 1 54
87 2 42
87 3 39
87 4 52
87 5 44
87 6 34
87 7 38
87 8 46
87 9 55
87 10 50
87 11 54
87 12 51
87 13 51
87 14 47
87 15 51
87 16 51
87 17 64
87 18 48
87 19 53
87 20 50
87 21 49
87 22 63
87 23 57
87 24 53
87 25 43
87 26 35
87 27 64
87 28 55
87 29 59
87 30 52
87 31 57
87 32 54
87 33 36
87 34 46
87 35 64
87 36 52
87 37 45
87 38 48
87 39 56
87 40 55
87 41 67
87 42 54
87 43 38
87 44 47
87 45 57
87 46 58
87 47 50
87 48 54
87 49 46
87 50 49
87 51 42
87 52 51
87 53 45
87 54 52
87 55 51
87 56 38
87 57 52
87 58 41
87 59 36
87 60 50
87 61 52
87 62 56
87 63 58
87 64 50
87 65 54
87 66 43
87 67 35
87 68 36
87 69 38
87 70 56
87 71 45
87 72 50
87 73 51
87 74 46
87 75 57
87 76 49
87 77 51
87 78 45
87 79 53
87 80 49
87 81 45
87 82 53
87 83 46
87 84 41
87 85 51
87 86 57
87 87 54
87 88 48
87 89 49
87 90 51
87 91 47
87 92 49
87 93 45
87 94 41
87 95 56
87 96 53
87 97 41
87 98 37
87 99 31
87 100 55
87 101 56
87 102 38
87 103 50
87 104 43
87 105 52
87 106 39
87 107 61
87 108 34
87 109 37
87 110 65
87 111 50
87 112 38
87 113 42
87 114 54
87 115 61
87 116 44
87 117 43
87 118 56
87 119 47
87 120 53
87 121 49
87 122 44
87 123 58
87 124 45
87 125 50
87 126 52
87 127 53
87 128 41
87 129 69
87 130 49
87 131 43
87 132 47
87 133 39
87 134 41
87 135 54
87 136 55
87 137 38
87 138 45
87 139 49
87 140 44
87 141 41
87 142 56
87 143 52
87 144 57
87 145 52
87 146 47
87 147 52
87 148 53
87 149 47
88 0 46
88 1 58
88 2 55
88 3 49
88 4 50
88 5 34
88 6 43
88 7 67
88 8 49
88 9 46
88 10 57
88 11 48
88 12 57
88 13 50
88 14 45
88 15 46
88 16 43
88 17 47
88 18 54
88 19 46
88 20 63
88 21 42
88 22 38
88 23 50
88 24 54
88 25 55
88 26 52
88 27 39
88 28 53
88 29 56
88 30 39
88 31 44
88 32 38
88 33 58
88 34 43
88 35 50
88 36 36
88 37 53
88 38 53
88 39 50
88 40 53
88 41 52
88 42 55
88 43 43
88 44 46
88 45 40
88 46 41
88 47 49
88 48 50
88 49 46
88 50 43
88 51 40
88 52 36
88 53 54
88 54 41
88 55 45
88 56 47
88 57 38
88 58 56
88 59 46
88 60 56
88 61 46
88 62 46
88 63 55
88 64 41
88 65 46
88 66 56
88 67 44
88 68 61
88 69 51
88 70 58
88 71 56
88 72 50
88 73 45
88 74 51
88 75 50
88 76 56
88 77 41
88 78 43
88 79 58
88 80 40
88 81 55
88 82 57
88 83 53
88 84 62
88 85 51
88 86 51
88 87 47
88 88 64
88 89 48
88 90 39
88 91 44
88 92 49
88 93 46
88 94 43
88 95 52
88 96 46
88 97 48
88 98 47
88 99 40
88 100 53
88 101 54
88 102 44
88 103 51
88 104 55
88 105 59
88 106 42
88 107 61
88 108 60
88 109 60
88 110 54
88 111 52
88 112 53
88 113 51
88 114 46
88 115 51
88 116 46
88 117 55
88 118 40
88 119 64
88 120 68
88 121 51
88 122 35
88 123 49
88 124 50
88 125 57
88 126 54
88 127 53
88 128 53
88 129 57
88 130 42
88 131 68
88 132 56
88 133 58
88 134 51
88 135 54
88 136 52
88 137 41
88 138 51
88 139 45
88 140 41
88 141 45
88 142 38
88 143 45
88 144 48
88 145 41
88 146 54
88 147 49
88 148 50
88 149 72
89 0 60
89 1 52
89 2 49
89 3 45
89 4 53
89 5 47
89 6 39
89 7 51
89 8 43
89 9 58
89 10 55
89 11 47
89 12 49
89 13 52
89 14 46
89 15 61
89 16 51
89 17 57
89 18 51
89 19 42
89 20 52
89 21 49
89 22 51
89 23 62
89 24 50
89 25 47
89 26 56
89 27 51
89 28 42
89 29 56
89 30 46
89 31 52
89 32 46
89 33 52
89 34 47
89 35 43
89 36 46
89 37 43
89 38 55
89 39 50
89 40 50
89 41 44
89 42 49
89 43 47
89 44 55
89 45 48
89 46 50
89 47 50
89 48 49
89 49 40
89 50 58
89 51 33
89 52 41
89 53 40
89 54 49
89 55 43
89 56 48
89 57 47
89 58 54
89 59 45
89 60 42
89 61 45
89 62 57
89 63 49
89 64 37
89 65 51
89 66 47
89 67 44
89 68 47
89 69 35
89 70 58
89 71 41
89 72 53
89 73 40
89 74 52
89 75 52
89 76 51
89 77 44
89 78 55
89 79 47
89 80 44
89 81 45
89 82 47
89 83 59
89 84 50
89 85 48
89 86 50
89 87 49
89 88 54
89 89 37
89 90 52
89 91 49
89 92 49
89 93 41
89 94 59
89 95 46
89 96 57
89 97 55
89 98 56
89 99 59
89 100 44
89 101 58
89 102 51
89 103 53
89 104 48
89 105 41
89 106 49
89 107 42
89 108 50
89 109 33
89 110 46
89 111 39
89 112 42
89 113 49
89 114 49
89 115 61
89 116 43
89 117 53
89 118 40
89 119 39
89 120 53
89 121 40
89 122 41
89 123 41
89 124 44
89 125 46
89 126 48
89 127 51
89 128 48
89 129 54
89 130 37
89 131 51
89 132 38
89 133 52
89 134 35
89 135 59
89 136 47
89 137 46
89 138 47
89 139 44
89 140 38
89 141 44
89 142 43
89 143 58
89 144 54
89 145 48
89 146 40
89 147 61
89 148 45
89 149 55
90 0 44
90 1 56
90 2 56
90 3 56
90 4 48
90 5 55
90 6 43
90 7 46
90 8 49
90 9 50
90 10 46
90 11 41
90 12 46
90 13 38
90 14 43
90 15 38
90 16 50
90 17 51
90 18 39
90 19 49
90 20 51
90 21 51
90 22 38
90 23 42
90 24 40
90 25 45
90 26 48
90 27 42
90 28 62
90 29 49
90 30 51
90 31 51
90 32 55
90 33 58
90 34 48
90 35 66
90 36 55
90 37 52
90 38 49
90 39 49
90 40 36
90 41 50
90 42 48
90 43 63
90 44 40
90 45 35
90 46 63
90 47 53
90 48 51
90 49 55
90 50 62
90 51 45
90 52 36
90 53 40
90 54 42
90 55 47
90 56 45
90 57 48
90 58 48
90 59 58
90 60 51
90 61 62
90 62 47
90 63 60
90 64 49
90 65 64
90 66 47
90 67 47
90 68 53
90 69 52
90 70 48
90 71 42
90 72 36
90 73 55
90 74 50
90 75 52
90 76 37
90 77 50
90 78 43
90 79 47
90 80 40
90 81 59
90 82 47
90 83 49
90 84 56
90 85 52
90 86 50
90 87 41
90 88 48
90 89 52
90 90 55
90 91 50
90 92 48
90 93 42
90 94 59
90 95 52
90 96 50
90 97 50
90 98 49
90 99 60
90 100 39
90 101 51
90 102 38
90 103 38
90 104 60
90 105 46
90 106 42
90 107 60
90 108 39
90 109 52
90 110 51
90 111 45
90 112 57
90 113 68
90 114 40
90 115 55
90 116 44
90 117 51
90 118 57
90 119 58
90 120 50
90 121 61
90 122 46
90 123 45
90 124 51
90 125 54
90 126 51
90 127 51
90 128 51
90 129 43
90 130 60
90 131 45
90 132 44
90 133 39
90 134 61
90 135 40
90 136 54
90 137 37
90 138 44
90 139 52
90 140 45
90 141 57
90 142 46
90 143 46
90 144 53
90 145 46
90 146 47
90 147 46
90 148 58
90 149 48
91 0 54
91 1 48
91 2 54
91 3 47
91 4 50
91 5 49
91 6 53
91 7 60
91 8 60
91 9 37
91 10 55
91 11 52
91 12 50
91 13 38
91 14 57
91 15 44
91 16 37
91 17 37
91 18 48
91 19 46
91 20 48
91 21 57
91 22 49
91 23 48
91 24 60
91 25 46
91 26 54
91 27 47
91 28 37
91 29 40
91 30 56
91 31 50
91 32 61
91 33 49
91 34 40
91 35 46
91 36 50
91 37 45
91 38 51
91 39 52
91 40 45
91 41 42
91 42 48
91 43 60
91 44 47
91 45 40
91 46 46
91 47 57
91 48 48
91 49 56
91 50 33
91 51 48
91 52 43
91 53 47
91 54 46
91 55 47
91 56 56
91 57 44
91 58 42
91 59 53
91 60 44
91 61 41
91 62 55
91 63 45
91 64 51
91 65 50
91 66 55
91 67 44
91 68 45
91 69 50
91 70 53
91 71 47
91 72 44
91 73 42
91 74 49
91 75 43
91 76 53
91 77 46
91 78 47
91 79 46
91 80 43
91 81 46
91 82 47
91 83 49
91 84 51
91 85 50
91 86 58
91 87 41
91 88 57
91 89 40
91 90 43
91 91 42
91 92 40
91 93 32
91 94 51
91 95 47
91 96 62
91 97 56
91 98 48
91 99 32
91 100 51
91 101 35
91 102 54
91 103 49
91 104 53
91 105 42
91 106 41
91 107 53
91 108 51
91 109 39
91 110 41
91 111 40
91 112 52
91 113 46
91 114 44
91 115 48
91 116 41
91 117 47
91 118 51
91 119 51
91 120 48
91 121 52
91 122 37
91 123 69
91 124 48
91 125 53
91 126 64
91 127 53
91 128 41
91 129 54
91 130 42
91 131 46
91 132 43
91 133 53
91 134 46
91 135 50
91 136 61
91 137 54
91 138 51
91 139 56
91 140 45
91 141 46
91 142 51
91 143 41
91 144 43
91 145 54
91 146 52
91 147 57
91 148 50
91 149 39
92 0 51
92 1 45
92 2 60
92 3 54
92 4 55
92 5 39
92 6 50
92 7 48
92 8 38
92 9 48
92 10 58
92 11 58
92 12 44
92 13 43
92 14 37
92 15 52
92 16 41
92 17 59
92 18 59
92 19 47
92 20 48
92 21 56
92 22 57
92 23 50
92 24 43
92 25 50
92 26 57
92 27 50
92 28 53
92 29 60
92 30 36
92 31 54
92 32 39
92 33 57
92 34 37
92 35 45
92 36 34
92 37 60
92 38 42
92 39 53
92 40 55
92 41 45
92 42 51
92 43 46
92 44 46
92 45 59
92 46 47
92 47 39
92 48 54
92 49 46
92 50 52
92 51 44
92 52 44
92 53 45
92 54 53
92 55 29
92 56 45
92 57 44
92 58 50
92 59 59
92 60 36
92 61 46
92 62 42
92 63 47
92 64 46
92 65 45
92 66 41
92 67 50
92 68 38
92 69 42
92 70 40
92 71 47
92 72 40
92 73 40
92 74 48
92 75 49
92 76 40
92 77 42
92 78 52
92 79 42
92 80 45
92 81 55
92 82 48
92 83 49
92 84 45
92 85 56
92 86 50
92 87 56
92 88 59
92 89 34
92 90 51
92 91 42
92 92 60
92 93 43
92 94 52
92 95 51
92 96 41
92 97 45
92 98 44
92 99 63
92 100 47
92 101 52
92 102 53
92 103 58
92 104 50
92 105 48
92 106 50
92 107 43
92 108 34
92 109 48
92 110 49
92 111 40
92 112 50
92 113 38
92 114 41
92 115 56
92 116 46
92 117 67
92 118 54
92 119 41
92 120 49
92 121 46
92 122 54
92 123 48
92 124 47
92 125 53
92 126 41
92 127 52
92 128 55
92 129 40
92 130 57
92 131 38
92 132 34
92 133 50
92 134 48
92 135 57
92 136 46
92 137 48
92 138 53
92 139 49
92 140 54
92 141 59
92 142 48
92 143 58
92 144 41
92 145 44
92 146 47
92 147 46
92 148 48
92 149 34
93 0 47
93 1 52
93 2 47
93 3 58
93 4 48
93 5 60
93 6 50
93 7 47
93 8 59
93 9 56
93 10 55
93 11 43
93 12 48
93 13 60
93 14 51
93 15 48
93 16 47
93 17 62
93 18 51
93 19 39
93 20 51
93 21 54
93 22 42
93 23 37
93 24 48
93 25 41
93 26 46
93 27 49
93 28 49
93 29 40
93 30 36
93 31 42
93 32 59
93 33 52
93 34 57
93 35 40
93 36 48
93 37 53
93 38 45
93 39 59
93 40 59
93 41 59
93 42 48
93 43 60
93 44 48
93 45 43
93 46 63
93 47 44
93 48 47
93 49 42
93 50 38
93 51 34
93 52 62
93 53 57
93 54 54
93 55 56
93 56 45
93 57 45
93 58 59
93 59 50
93 60 56
93 61 55
93 62 57
93 63 53
93 64 39
93 65 56
93 66 38
93 67 35
93 68 37
93 69 51
93 70 33
93 71 47
93 72 54
93 73 70
93 74 53
93 75 58
93 76 54
93 77 53
93 78 60
93 79 49
93 80 50
93 81 39
93 82 51
93 83 45
93 84 35
93 85 66
93 86 61
93 87 54
93 88 43
93 89 47
93 90 52
93 91 40
93 92 48
93 93 38
93 94 58
93 95 40
93 96 40
93 97 44
93 98 39
93 99 40
93 100 47
93 101 45
93 102 67
93 103 48
93 104 39
93 105 47
93 106 43
93 107 44
93 108 51
93 109 42
93 110 61
93 111 35
93 112 57
93 113 46
93 114 66
93 115 50
93 116 44
93 117 45
93 118 48
93 119 54
93 120 43
93 121 53
93 122 49
93 123 66
93 124 42
93 125 47
93 126 58
93 127 37
93 128 48
93 129 47
93 130 53
93 131 51
93 132 49
93 133 60
93 134 42
93 135 37
93 136 32
93 137 45
93 138 45
93 139 60
93 140 47
93 141 56
93 142 50
93 143 49
93 144 48
93 145 50
93 146 38
93 147 46
93 148 42
93 149 62
94 0 45
94 1 48
94 2 48
94 3 55
94 4 46
94 5 51
94 6 55
94 7 42
94 8 43
94 9 47
94 10 40
94 11 41
94 12 40
94 13 42
94 14 51
94 15 47
94 16 62
94 17 48
94 18 58
94 19 45
94 20 51
94 21 66
94 22 45
94 23 58
94 24 43
94 25 61
94 26 53
94 27 61
94 28 44
94 29 42
94 30 57
94 31 47
94 32 61
94 33 54
94 34 46
94 35 60
94 36 53
94 37 47
94 38 48
94 39 69
94 40 47
94 41 46
94 42 46
94 43 48
94 44 50
94 45 43
94 46 58
94 47 46
94 48 60
94 49 46
94 50 48
94 51 46
94 52 46
94 53 56
94 54 54
94 55 55
94 56 58
94 57 46
94 58 55
94 59 66
94 60 56
94 61 60
94 62 49
94 63 53
94 64 37
94 65 44
94 66 52
94 67 46
94 68 62
94 69 56
94 70 47
94 71 54
94 72 45
94 73 40
94 74 50
94 75 55
94 76 53
94 77 36
94 78 54
94 79 44
94 80 45
94 81 47
94 82 62
94 83 55
94 84 70
94 85 46
94 86 39
94 87 40
94 88 52
94 89 54
94 90 53
94 91 39
94 92 40
94 93 42
94 94 65
94 95 44
94 96 43
94 97 44
94 98 66
94 99 55
94 100 48
94 101 46
94 102 43
94 103 53
94 104 59
94 105 54
94 106 46
94 107 46
94 108 41
94 109 52
94 110 53
94 111 55
94 112 51
94 113 58
94 114 48
94 115 48
94 116 45
94 117 49
94 118 41
94 119 45
94 120 34
94 121 54
94 122 50
94 123 56
94 124 41
94 125 66
94 126 53
94 127 50
94 128 55
94 129 49
94 130 58
94 131 40
94 132 61
94 133 46
94 134 59
94 135 50
94 136 58
94 137 48
94 138 55
94 139 56
94 140 47
94 141 47
94 142 55
94 143 51
94 144 62
94 145 51
94 146 51
94 147 47
94 148 51
94 149 50
95 0 38
95 1 65
95 2 48
95 3 50
95 4 45
95 5 45
95 6 49
95 7 41
95 8 46
95 9 53
95 10 43
95 11 48
95 12 47
95 13 36
95 14 41
95 15 56
95 16 38
95 17 50
95 18 47
95 19 44
95 20 45
95 21 43
95 22 51
95 23 55
95 24 49
95 25 45
95 26 48
95 27 56
95 28 48
95 29 63
95 30 48
95 31 55
95 32 51
95 33 49
95 34 55
95 35 55
95 36 47
95 37 43
95 38 47
95 39 42
95 40 54
95 41 49
95 42 39
95 43 58
95 44 48
95 45 59
95 46 44
95 47 47
95 48 54
95 49 58
95 50 50
95 51 43
95 52 37
95 53 43
95 54 48
95 55 47
95 56 49
95 57 36
95 58 50
95 59 44
95 60 44
95 61 60
95 62 56
95 63 46
95 64 57
95 65 45
95 66 44
95 67 43
95 68 50
95 69 40
95 70 53
95 71 61
95 72 46
95 73 46
95 74 51
95 75 47
95 76 48
95 77 58
95 78 58
95 79 45
95 80 47
95 81 45
95 82 47
95 83 51
95 84 54
95 85 52
95 86 54
95 87 43
95 88 50
95 89 41
95 90 40
95 91 53
95 92 57
95 93 56
95 94 41
95 95 50
95 96 55
95 97 44
95 98 49
95 99 58
95 100 53
95 101 59
95 102 62
95 103 61
95 104 48
95 105 64
95 106 55
95 107 43
95 108 45
95 109 48
95 110 48
95 111 49
95 112 41
95 113 48
95 114 42
95 115 47
95 116 42
95 117 45
95 118 38
95 119 44
95 120 39
95 121 55
95 122 53
95 123 50
95 124 53
95 125 43
95 126 54
95 127 54
95 128 47
95 129 54
95 130 39
95 131 41
95 132 54
95 133 49
95 134 40
95 135 49
95 136 48
95 137 49
95 138 35
95 139 45
95 140 49
95 141 45
95 142 54
95 143 56
95 144 43
95 145 51
95 146 59
95 147 50
95 148 37
95 149 56
96 0 51
96 1 52
96 2 39
96 3 31
96 4 51
96 5 44
96 6 51
96 7 38
96 8 56
96 9 55
96 10 54
96 11 48
96 12 54
96 13 57
96 14 58
96 15 51
96 16 56
96 17 53
96 18 48
96 19 51
96 20 55
96 21 57
96 22 50
96 23 43
96 24 60
96 25 40
96 26 62
96 27 58
96 28 51
96 29 46
96 30 56
96 31 38
96 32 52
96 33 41
96 34 49
96 35 36
96 36 37
96 37 53
96 38 42
96 39 44
96 40 43
96 41 35
96 42 44
96 43 57
96 44 44
96 45 50
96 46 58
96 47 48
96 48 52
96 49 57
96 50 55
96 51 44
96 52 47
96 53 63
96 54 53
96 55 47
96 56 42
96 57 55
96 58 49
96 59 45
96 60 43
96 61 52
96 62 54
96 63 45
96 64 50
96 65 52
96 66 50
96 67 35
96 68 52
96 69 45
96 70 55
96 71 45
96 72 48
96 73 47
96 74 57
96 75 52
96 76 59
96 77 38
96 78 55
96 79 49
96 80 52
96 81 46
96 82 51
96 83 44
96 84 43
96 85 68
96 86 46
96 87 65
96 88 47
96 89 56
96 90 50
96 91 43
96 92 44
96 93 55
96 94 28
96 95 53
96 96 46
96 97 47
96 98 55
96 99 50
96 100 55
96 101 51
96 102 49
96 103 49
96 104 59
96 105 54
96 106 52
96 107 54
96 108 54
96 109 57
96 110 56
96 111 38
96 112 51
96 113 50
96 114 50
96 115 49
96 116 38
96 117 40
96 118 54
96 119 53
96 120 63
96 121 42
96 122 39
96 123 50
96 124 45
96 125 55
96 126 48
96 127 61
96 128 43
96 129 40
96 130 39
96 131 38
96 132 50
96 133 55
96 134 42
96 135 38
96 136 46
96 137 48
96 138 42
96 139 55
96 140 42
96 141 53
96 142 46
96 143 57
96 144 36
96 145 52
96 146 48
96 147 51
96 148 52
96 149 53
97 0 47
97 1 50
97 2 60
97 3 55
97 4 55
97 5 49
97 6 52
97 7 44
97 8 50
97 9 50
97 10 64
97 11 51
97 12 39
97 13 46
97 14 39
97 15 48
97 16 46
97 17 51
97 18 52
97 19 40
97 20 48
97 21 38
97 22 58
97 23 45
97 24 55
97 25 49
97 26 38
97 27 55
97 28 51
97 29 46
97 30 51
97 31 57
97 32 46
97 33 52
97 34 54
97 35 52
97 36 48
97 37 63
97 38 37
97 39 44
97 40 48
97 41 45
97 42 52
97 43 57
97 44 56
97 45 51
97 46 49
97 47 57
97 48 42
97 49 51
97 50 54
97 51 38
97 52 57
97 53 48
97 54 44
97 55 43
97 56 46
97 57 48
97 58 53
97 59 52
97 60 50
97 61 38
97 62 54
97 63 55
97 64 50
97 65 52
97 66 50
97 67 47
97 68 68
97 69 54
97 70 36
97 71 57
97 72 47
97 73 57
97 74 49
97 75 61
97 76 37
97 77 67
97 78 47
97 79 47
97 80 37
97 81 43
97 82 49
97 83 57
97 84 44
97 85 44
97 86 46
97 87 46
97 88 45
97 89 43
97 90 53
97 91 53
97 92 51
97 93 48
97 94 56
97 95 52
97 96 49
97 97 47
97 98 52
97 99 48
97 100 52
97 101 37
97 102 68
97 103 41
97 104 51
97 105 60
97 106 40
97 107 49
97 108 47
97 109 41
97 110 51
97 111 52
97 112 43
97 113 47
97 114 40
97 115 46
97 116 40
97 117 44
97 118 59
97 119 63
97 120 56
97 121 44
97 122 51
97 123 42
97 124 45
97 125 51
97 126 48
97 127 41
97 128 44
97 129 41
97 130 59
97 131 59
97 132 47
97 133 57
97 134 54
97 135 51
97 136 52
97 137 39
97 138 41
97 139 39
97 140 43
97 141 50
97 142 45
97 143 34
97 144 39
97 145 46
97 146 45
97 147 54
97 148 51
97 149 59
98 0 49
98 1 52
98 2 32
98 3 48
98 4 44
98 5 44
98 6 53
98 7 50
98 8 51
98 9 52
98 10 57
98 11 48
98 12 53
98 13 47
98 14 37
98 15 49
98 16 53
98 17 44
98 18 51
98 19 41
98 20 41
98 21 42
98 22 41
98 23 50
98 24 44
98 25 50
98 26 51
98 27 51
98 28 46
98 29 51
98 30 50
98 31 65
98 32 53
98 33 57
98 34 46
98 35 50
98 36 53
98 37 46
98 38 53
98 39 37
98 40 50
98 41 48
98 42 52
98 43 45
98 44 36
98 45 50
98 46 42
98 47 45
98 48 48
98 49 50
98 50 52
98 51 42
98 52 52
98 53 50
98 54 58
98 55 46
98 56 56
98 57 39
98 58 39
98 59 51
98 60 49
98 61 53
98 62 50
98 63 49
98 64 54
98 65 50
98 66 47
98 67 44
98 68 56
98 69 54
98 70 57
98 71 40
98 72 43
98 73 49
98 74 42
98 75 54
98 76 55
98 77 47
98 78 46
98 79 41
98 80 47
98 81 48
98 82 58
98 83 48
98 84 44
98 85 55
98 86 47
98 87 45
98 88 55
98 89 36
98 90 41
98 91 50
98 92 61
98 93 54
98 94 53
98 95 51
98 96 44
98 97 35
98 98 47
98 99 47
98 100 60
98 101 56
98 102 48
98 103 65
98 104 48
98 105 48
98 106 57
98 107 42
98 108 47
98 109 38
98 110 60
98 111 47
98 112 62
98 113 48
98 114 66
98 115 49
98 116 47
98 117 53
98 118 61
98 119 55
98 120 60
98 121 47
98 122 56
98 123 47
98 124 41
98 125 51
98 126 36
98 127 54
98 128 55
98 129 50
98 130 61
98 131 48
98 132 62
98 133 44
98 134 38
98 135 50
98 136 51
98 137 46
98 138 45
98 139 52
98 140 51
98 141 36
98 142 50
98 143 60
98 144 45
98 145 52
98 146 49
98 147 53
98 148 44
98 149 40
99 0 38
99 1 38
99 2 50
99 3 36
99 4 43
99 5 45
99 6 56
99 7 49
99 8 54
99 9 45
99 10 63
99 11 47
99 12 39
99 13 48
99 14 51
99 15 43
99 16 44
99 17 58
99 18 51
99 19 39
99 20 41
99 21 54
99 22 58
99 23 46
99 24 58
99 25 47
99 26 52
99 27 44
99 28 47
99 29 49
99 30 36
99 31 49
99 32 48
99 33 57
99 34 52
99 35 43
99 36 59
99 37 42
99 38 58
99 39 51
99 40 48
99 41 51
99 42 42
99 43 49
99 44 59
99 45 52
99 46 40
99 47 51
99 48 40
99 49 43
99 50 46
99 51 44
99 52 54
99 53 53
99 54 60
99 55 41
99 56 52
99 57 47
99 58 49
99 59 56
99 60 52
99 61 54
99 62 44
99 63 37
99 64 51
99 65 52
99 66 58
99 67 48
99 68 48
99 69 43
99 70 54
99 71 56
99 72 66
99 73 52
99 74 41
99 75 55
99 76 46
99 77 50
99 78 45
99 79 46
99 80 57
99 81 44
99 82 45
99 83 61
99 84 50
99 85 51
99 86 54
99 87 50
99 88 46
99 89 51
99 90 45
99 91 54
99 92 30
99 93 58
99 94 47
99 95 46
99 96 45
99 97 43
99 98 45
99 99 38
99 100 47
99 101 47
99 102 43
99 103 46
99 104 67
99 105 48
99 106 51
99 107 54
99 108 64
99 109 40
99 110 56
99 111 37
99 112 46
99 113 44
99 114 49
99 115 42
99 116 54
99 117 50
99 118 47
99 119 43
99 120 38
99 121 50
99 122 40
99 123 50
99 124 64
99 125 49
99 126 56
99 127 44
99 128 46
99 129 62
99 130 58
99 131 56
99 132 51
99 133 32
99 134 52
99 135 41
99 136 45
99 137 55
99 138 44
99 139 47
99 140 61
99 141 58
99 142 54
99 143 49
99 144 50
99 145 48
99 146 44
99 147 50
99 148 60
99 149 52
100 0 46
100 1 49
100 2 51
100 3 52
100 4 60
100 5 58
100 6 61
100 7 48
100 8 55
100 9 49
100 10 50
100 11 42
100 12 48
100 13 54
100 14 55
100 15 42
100 16 52
100 17 55
100 18 57
100 19 40
100 20 47
100 21 57
100 22 51
100 23 52
100 24 42
100 25 33
100 26 69
100 27 42
100 28 42
100 29 41
100 30 56
100 31 58
100 32 49
100 33 54
100 34 42
100 35 42
100 36 41
100 37 61
100 38 49
100 39 48
100 40 55
100 41 54
100 42 57
100 43 63
100 44 55
100 45 58
100 46 36
100 47 46
100 48 40
100 49 59
100 50 49
100 51 47
100 52 44
100 53 49
100 54 41
100 55 42
100 56 58
100 57 31
100 58 51
100 59 55
100 60 40
100 61 55
100 62 60
100 63 47
100 64 51
100 65 43
100 66 57
100 67 54
100 68 45
100 69 49
100 70 50
100 71 42
100 72 48
100 73 38
100 74 47
100 75 44
100 76 44
100 77 40
100 78 51
100 79 55
100 80 43
100 81 45
100 82 47
100 83 68
100 84 58
100 85 39
100 86 49
100 87 53
100 88 50
100 89 49
100 90 47
100 91 49
100 92 53
100 93 47
100 94 40
100 95 56
100 96 52
100 97 49
100 98 48
100 99 66
100 100 54
100 101 45
100 102 54
100 103 43
100 104 51
100 105 40
100 106 52
100 107 50
100 108 50
100 109 58
100 110 52
100 111 56
100 112 44
100 113 45
100 114 59
100 115 38
100 116 59
100 117 44
100 118 56
100 119 56
100 120 46
100 121 55
100 122 47
100 123 47
100 124 40
100 125 62
100 126 40
100 127 59
100 128 48
100 129 61
100 130 50
100 131 55
100 132 61
100 133 45
100 134 48
100 135 39
100 136 44
100 137 56
100 138 55
100 139 57
100 140 50
100 141 47
100 142 58
100 143 47
100 144 52
100 145 63
100 146 49
100 147 44
100 148 50
100 149 36
101 0 46
101 1 46
101 2 39
101 3 49
101 4 51
101 5 51
101 6 35
101 7 64
101 8 48
101 9 59
101 10 60
101 11 44
101 12 45
101 13 39
101 14 42
101 15 57
101 16 52
101 17 57
101 18 38
101 19 44
101 20 53
101 21 38
101 22 51
101 23 40
101 24 55
101 25 37
101 26 54
101 27 46
101 28 53
101 29 50
101 30 49
101 31 40
101 32 49
101 33 51
101 34 50
101 35 57
101 36 43
101 37 61
101 38 52
101 39 57
101 40 42
101 41 45
101 42 41
101 43 51
101 44 43
101 45 56
101 46 37
101 47 56
101 48 50
101 49 40
101 50 49
101 51 55
101 52 47
101 53 57
101 54 64
101 55 51
101 56 42
101 57 59
101 58 46
101 59 50
101 60 48
101 61 51
101 62 60
101 63 62
101 64 44
101 65 46
101 66 40
101 67 52
101 68 40
101 69 47
101 70 52
101 71 48
101 72 54
101 73 50
101 74 51
101 75 36
101 76 49
101 77 49
101 78 47
101 79 59
101 80 50
101 81 50
101 82 42
101 83 53
101 84 31
101 85 41
101 86 38
101 87 43
101 88 50
101 89 52
101 90 46
101 91 47
101 92 52
101 93 46
101 94 50
101 95 58
101 96 66
101 97 58
101 98 46
101 99 52
101 100 58
101 101 48
101 102 60
101 103 55
101 104 57
101 105 38
101 106 47
101 107 44
101 108 47
101 109 55
101 110 48
101 111 46
101 112 44
101 113 58
101 114 38
101 115 45
101 116 35
101 117 53
101 118 48
101 119 41
101 120 57
101 121 56
101 122 50
101 123 36
101 124 49
101 125 42
101 126 53
101 127 55
101 128 52
101 129 50
101 130 52
101 131 49
101 132 46
101 133 54
101 134 44
101 135 49
101 136 57
101 137 58
101 138 44
101 139 43
101 140 42
101 141 40
101 142 50
101 143 48
101 144 48
101 145 50
101 146 44
101 147 42
101 148 52
101 149 43
102 0 59
102 1 35
102 2 36
102 3 44
102 4 43
102 5 44
102 6 43
102 7 51
102 8 57
102 9 46
102 10 61
102 11 39
102 12 44
102 13 46
102 14 51
102 15 46
102 16 56
102 17 31
102 18 51
102 19 45
102 20 45
102 21 45
102 22 38
102 23 50
102 24 53
102 25 48
102 26 42
102 27 44
102 28 58
102 29 57
102 30 47
102 31 43
102 32 49
102 33 46
102 34 58
102 35 52
102 36 36
102 37 47
102 38 42
102 39 53
102 40 47
102 41 52
102 42 48
102 43 42
102 44 45
102 45 50
102 46 41
102 47 60
102 48 51
102 49 52
102 50 50
102 51 59
102 52 50
102 53 44
102 54 42
102 55 52
102 56 44
102 57 55
102 58 48
102 59 64
102 60 59
102 61 45
102 62 64
102 63 53
102 64 43
102 65 50
102 66 59
102 67 46
102 68 48
102 69 52
102 70 49
102 71 49
102 72 34
102 73 49
102 74 44
102 75 56
102 76 51
102 77 53
102 78 49
102 79 50
102 80 46
102 81 45
102 82 48
102 83 46
102 84 44
102 85 53
102 86 57
102 87 53
102 88 41
102 89 49
102 90 43
102 91 51
102 92 62
102 93 46
102 94 48
102 95 42
102 96 51
102 97 44
102 98 56
102 99 44
102 100 66
102 101 47
102 102 64
102 103 43
102 104 57
102 105 75
102 106 54
102 107 57
102 108 47
102 109 38
102 110 51
102 111 54
102 112 48
102 113 53
102 114 45
102 115 46
102 116 45
102 117 56
102 118 60
102 119 52
102 120 41
102 121 53
102 122 46
102 123 44
102 124 50
102 125 41
102 126 45
102 127 37
102 128 64
102 129 53
102 130 48
102 131 46
102 132 30
102 133 42
102 134 45
102 135 47
102 136 36
102 137 47
102 138 54
102 139 50
102 140 49
102 141 51
102 142 44
102 143 42
102 144 53
102 145 47
102 146 65
102 147 38
102 148 48
102 149 53
103 0 50
103 1 31
103 2 45
103 3 57
103 4 38
103 5 44
103 6 36
103 7 58
103 8 57
103 9 43
103 10 45
103 11 44
103 12 31
103 13 51
103 14 52
103 15 45
103 16 57
103 17 36
103 18 49
103 19 55
103 20 40
103 21 58
103 22 60
103 23 47
103 24 53
103 25 56
103 26 43
103 27 52
103 28 49
103 29 48
103 30 50
103 31 43
103 32 51
103 33 60
103 34 45
103 35 41
103 36 31
103 37 55
103 38 58
103 39 55
103 40 55
103 41 51
103 42 50
103 43 42
103 44 39
103 45 51
103 46 56
103 47 44
103 48 51
103 49 51
103 50 46
103 51 40
103 52 39
103 53 49
103 54 51
103 55 65
103 56 54
103 57 49
103 58 54
103 59 53
103 60 51
103 61 48
103 62 56
103 63 60
103 64 47
103 65 63
103 66 47
103 67 46
103 68 54
103 69 47
103 70 33
103 71 60
103 72 42
103 73 51
103 74 38
103 75 55
103 76 50
103 77 51
103 78 37
103 79 56
103 80 35
103 81 63
103 82 48
103 83 59
103 84 50
103 85 51
103 86 38
103 87 55
103 88 51
103 89 48
103 90 49
103 91 49
103 92 51
103 93 54
103 94 47
103 95 52
103 96 68
103 97 52
103 98 50
103 99 30
103 100 47
103 101 51
103 102 48
103 103 41
103 104 40
103 105 53
103 106 59
103 107 46
103 108 48
103 109 48
103 110 52
103 111 54
103 112 49
103 113 43
103 114 48
103 115 49
103 116 50
103 117 56
103 118 46
103 119 46
103 120 54
103 121 53
103 122 47
103 123 52
103 124 31
103 125 50
103 126 46
103 127 38
103 128 61
103 129 42
103 130 51
103 131 46
103 132 41
103 133 41
103 134 51
103 135 58
103 136 46
103 137 45
103 138 50
103 139 42
103 140 45
103 141 44
103 142 47
103 143 44
103 144 62
103 145 43
103 146 57
103 147 46
103 148 46
103 149 40
104 0 44
104 1 63
104 2 53
104 3 51
104 4 56
104 5 45
104 6 43
104 7 51
104 8 50
104 9 48
104 10 47
104 11 51
104 12 58
104 13 48
104 14 39
104 15 35
104 16 44
104 17 54
104 18 49
104 19 40
104 20 50
104 21 46
104 22 50
104 23 47
104 24 53
104 25 35
104 26 49
104 27 49
104 28 49
104 29 46
104 30 50
104 31 47
104 32 46
104 33 43
104 34 44
104 35 44
104 36 44
104 37 52
104 38 61
104 39 40
104 40 46
104 41 57
104 42 49
104 43 44
104 44 51
104 45 55
104 46 45
104 47 45
104 48 40
104 49 48
104 50 41
104 51 51
104 52 42
104 53 60
104 54 45
104 55 53
104 56 46
104 57 51
104 58 57
104 59 41
104 60 40
104 61 48
104 62 38
104 63 55
104 64 42
104 65 51
104 66 41
104 67 51
104 68 51
104 69 41
104 70 58
104 71 41
104 72 46
104 73 44
104 74 55
104 75 47
104 76 51
104 77 51
104 78 39
104 79 45
104 80 36
104 81 48
104 82 38
104 83 52
104 84 50
104 85 48
104 86 62
104 87 50
104 88 42
104 89 55
104 90 42
104 91 48
104 92 40
104 93 41
104 94 52
104 95 38
104 96 41
104 97 55
104 98 42
104 99 60
104 100 49
104 101 48
104 102 42
104 103 30
104 104 41
104 105 65
104 106 46
104 107 47
104 108 46
104 109 50
104 110 52
104 111 55
104 112 45
104 113 60
104 114 50
104 115 48
104 116 61
104 117 44
104 118 49
104 119 56
104 120 47
104 121 50
104 122 48
104 123 52
104 124 44
104 125 51
104 126 53
104 127 63
104 128 44
104 129 63
104 130 45
104 131 42
104 132 58
104 133 51
104 134 43
104 135 48
104 136 56
104 137 56
104 138 49
104 139 45
104 140 61
104 141 54
104 142 43
104 143 46
104 144 42
104 145 60
104 146 57
104 147 41
104 148 52
104 149 48
105 0 41
105 1 47
105 2 38
105 3 37
105 4 52
105 5 50
105 6 40
105 7 47
105 8 46
105 9 62
105 10 47
105 11 49
105 12 63
105 13 46
105 14 47
105 15 65
105 16 39
105 17 46
105 18 44
105 19 44
105 20 47
105 21 42
105 22 45
105 23 48
105 24 45
105 25 49
105 26 43
105 27 57
105 28 31
105 29 52
105 30 50
105 31 52
105 32 43
105 33 46
105 34 44
105 35 47
105 36 46
105 37 46
105 38 57
105 39 48
105 40 49
105 41 42
105 42 42
105 43 36
105 44 49
105 45 56
105 46 64
105 47 54
105 48 49
105 49 32
105 50 39
105 51 53
105 52 51
105 53 62
105 54 56
105 55 39
105 56 60
105 57 51
105 58 49
105 59 48
105 60 54
105 61 52
105 62 47
105 63 53
105 64 47
105 65 51
105 66 31
105 67 51
105 68 44
105 69 53
105 70 46
105 71 48
105 72 56
105 73 48
105 74 49
105 75 46
105 76 52
105 77 41
105 78 43
105 79 45
105 80 34
105 81 51
105 82 50
105 83 58
105 84 50
105 85 48
105 86 57
105 87 47
105 88 42
105 89 55
105 90 52
105 91 48
105 92 44
105 93 48
105 94 48
105 95 48
105 96 49
105 97 49
105 98 51
105 99 41
105 100 44
105 101 51
105 102 50
105 103 40
105 104 55
105 105 61
105 106 43
105 107 40
105 108 47
105 109 45
105 110 46
105 111 55
105 112 53
105 113 48
105 114 52
105 115 39
105 116 46
105 117 53
105 118 45
105 119 47
105 120 58
105 121 44
105 122 49
105 123 48
105 124 58
105 125 51
105 126 58
105 127 54
105 128 43
105 129 53
105 130 38
105 131 46
105 132 55
105 133 46
105 134 50
105 135 48
105 136 51
105 137 51
105 138 43
105 139 48
105 140 44
105 141 56
105 142 56
105 143 47
105 144 44
105 145 49
105 146 45
105 147 53
105 148 44
105 149 47
106 0 45
106 1 47
106 2 43
106 3 45
106 4 58
106 5 53
106 6 56
106 7 67
106 8 56
106 9 43
106 10 47
106 11 50
106 12 66
106 13 50
106 14 49
106 15 36
106 16 48
106 17 58
106 18 46
106 19 50
106 20 50
106 21 46
106 22 53
106 23 32
106 24 53
106 25 52
106 26 49
106 27 48
106 28 42
106 29 49
106 30 46
106 31 46
106 32 60
106 33 63
106 34 47
106 35 40
106 36 59
106 37 29
106 38 47
106 39 50
106 40 48
106 41 43
106 42 49
106 43 42
106 44 42
106 45 45
106 46 44
106 47 29
106 48 59
106 49 56
106 50 49
106 51 49
106 52 40
106 53 55
106 54 57
106 55 57
106 56 47
106 57 44
106 58 54
106 59 55
106 60 54
106 61 61
106 62 49
106 63 44
106 64 57
106 65 46
106 66 58
106 67 50
106 68 56
106 69 48
106 70 43
106 71 49
106 72 61
106 73 49
106 74 38
106 75 57
106 76 42
106 77 46
106 78 48
106 79 48
106 80 52
106 81 38
106 82 45
106 83 49
106 84 50
106 85 49
106 86 52
106 87 35
106 88 56
106 89 47
106 90 49
106 91 49
106 92 52
106 93 45
106 94 54
106 95 37
106 96 50
106 97 49
106 98 42
106 99 55
106 100 40
106 101 39
106 102 44
106 103 45
106 104 53
106 105 45
106 106 54
106 107 44
106 108 44
106 109 49
106 110 47
106 111 49
106 112 50
106 113 34
106 114 52
106 115 54
106 116 55
106 117 32
106 118 52
106 119 47
106 120 48
106 121 46
106 122 43
106 123 51
106 124 55
106 125 70
106 126 47
106 127 50
106 128 48
106 129 43
106 130 35
106 131 47
106 132 45
106 133 38
106 134 55
106 135 38
106 136 43
106 137 60
106 138 60
106 139 35
106 140 55
106 141 46
106 142 45
106 143 43
106 144 45
106 145 51
106 146 53
106 147 51
106 148 50
106 149 51
107 0 49
107 1 62
107 2 45
107 3 44
107 4 41
107 5 49
107 6 60
107 7 42
107 8 52
107 9 50
107 10 50
107 11 60
107 12 49
107 13 43
107 14 48
107 15 54
107 16 51
107 17 45
107 18 54
107 19 48
107 20 50
107 21 43
107 22 30
107 23 49
107 24 43
107 25 49
107 26 43
107 27 44
107 28 58
107 29 52
107 30 42
107 31 62
107 32 48
107 33 39
107 34 53
107 35 49
107 36 39
107 37 52
107 38 50
107 39 53
107 40 51
107 41 45
107 42 41
107 43 64
107 44 40
107 45 52
107 46 42
107 47 58
107 48 59
107 49 37
107 50 44
107 51 38
107 52 41
107 53 48
107 54 51
107 55 34
107 56 58
107 57 51
107 58 39
107 59 55
107 60 54
107 61 47
107 62 43
107 63 43
107 64 44
107 65 44
107 66 54
107 67 32
107 68 47
107 69 45
107 70 46
107 71 48
107 72 50
107 73 57
107 74 54
107 75 46
107 76 47
107 77 36
107 78 52
107 79 44
107 80 54
107 81 47
107 82 52
107 83 53
107 84 39
107 85 50
107 86 46
107 87 57
107 88 47
107 89 41
107 90 43
107 91 53
107 92 31
107 93 65
107 94 51
107 95 48
107 96 61
107 97 49
107 98 48
107 99 43
107 100 52
107 101 43
107 102 56
107 103 45
107 104 41
107 105 47
107 106 59
107 107 50
107 108 47
107 109 44
107 110 49
107 111 60
107 112 44
107 113 56
107 114 51
107 115 48
107 116 52
107 117 46
107 118 43
107 119 51
107 120 49
107 121 44
107 122 53
107 123 54
107 124 54
107 125 42
107 126 43
107 127 45
107 128 42
107 129 67
107 130 53
107 131 43
107 132 48
107 133 41
107 134 51
107 135 38
107 136 57
107 137 49
107 138 47
107 139 42
107 140 55
107 141 45
107 142 50
107 143 46
107 144 61
107 145 39
107 146 44
107 147 44
107 148 46
107 149 46
108 0 56
108 1 46
108 2 46
108 3 57
108 4 54
108 5 47
108 6 48
108 7 48
108 8 35
108 9 50
108 10 54
108 11 59
108 12 49
108 13 53
108 14 48
108 15 49
108 16 54
108 17 46
108 18 41
108 19 51
108 20 43
108 21 52
108 22 45
108 23 46
108 24 46
108 25 50
108 26 41
108 27 52
108 28 42
108 29 39
108 30 34
108 31 55
108 32 48
108 33 51
108 34 51
108 35 45
108 36 47
108 37 46
108 38 39
108 39 60
108 40 55
108 41 37
108 42 46
108 43 45
108 44 48
108 45 53
108 46 55
108 47 41
108 48 41
108 49 46
108 50 57
108 51 49
108 52 55
108 53 54
108 54 43
108 55 58
108 56 56
108 57 49
108 58 47
108 59 55
108 60 49
108 61 55
108 62 50
108 63 59
108 64 45
108 65 63
108 66 49
108 67 59
108 68 40
108 69 40
108 70 57
108 71 59
108 72 49
108 73 51
108 74 54
108 75 41
108 76 46
108 77 44
108 78 61
108 79 55
108 80 44
108 81 43
108 82 54
108 83 42
108 84 48
108 85 38
108 86 56
108 87 48
108 88 42
108 89 48
108 90 43
108 91 44
108 92 44
108 93 45
108 94 53
108 95 57
108 96 47
108 97 41
108 98 52
108 99 47
108 100 39
108 101 51
108 102 42
108 103 57
108 104 60
108 105 57
108 106 55
108 107 53
108 108 50
108 109 47
108 110 57
108 111 46
108 112 48
108 113 38
108 114 37
108 115 50
108 116 55
108 117 38
108 118 50
108 119 39
108 120 52
108 121 43
108 122 46
108 123 60
108 124 41
108 125 46
108 126 53
108 127 58
108 128 44
108 129 52
108 130 58
108 131 44
108 132 44
108 133 42
108 134 48
108 135 45
108 136 49
108 137 54
108 138 41
108 139 51
108 140 52
108 141 38
108 142 45
108 143 39
108 144 57
108 145 53
108 146 40
108 147 48
108 148 57
108 149 46
109 0 35
109 1 49
109 2 49
109 3 42
109 4 50
109 5 55
109 6 47
109 7 56
109 8 41
109 9 48
109 10 49
109 11 53
109 12 47
109 13 48
109 14 54
109 15 49
109 16 42
109 17 46
109 18 56
109 19 39
109 20 40
109 21 38
109 22 53
109 23 57
109 24 40
109 25 50
109 26 55
109 27 41
109 28 70
109 29 43
109 30 53
109 31 37
109 32 57
109 33 47
109 34 46
109 35 40
109 36 40
109 37 59
109 38 53
109 39 52
109 40 48
109 41 55
109 42 54
109 43 56
109 44 44
109 45 43
109 46 49
109 47 48
109 48 49
109 49 40
109 50 43
109 51 57
109 52 41
109 53 50
109 54 41
109 55 54
109 56 41
109 57 53
109 58 42
109 59 63
109 60 48
109 61 35
109 62 51
109 63 51
109 64 47
109 65 54
109 66 46
109 67 45
109 68 39
109 69 53
109 70 53
109 71 50
109 72 51
109 73 55
109 74 44
109 75 43
109 76 47
109 77 46
109 78 48
109 79 45
109 80 60
109 81 43
109 82 43
109 83 38
109 84 43
109 85 52
109 86 44
109 87 59
109 88 38
109 89 52
109 90 39
109 91 60
109 92 38
109 93 49
109 94 50
109 95 37
109 96 44
109 97 62
109 98 44
109 99 52
109 100 54
109 101 48
109 102 36
109 103 47
109 104 45
109 105 51
109 106 52
109 107 49
109 108 59
109 109 45
109 110 40
109 111 52
109 112 56
109 113 43
109 114 53
109 115 55
109 116 49
109 117 50
109 118 48
109 119 48
109 120 56
109 121 45
109 122 49
109 123 55
109 124 52
109 125 51
109 126 44
109 127 29
109 128 45
109 129 48
109 130 57
109 131 53
109 132 48
109 133 49
109 134 39
109 135 47
109 136 49
109 137 34
109 138 53
109 139 43
109 140 40
109 141 35
109 142 56
109 143 44
109 144 54
109 145 47
109 146 53
109 147 56
109 148 49
109 149 45
110 0 44
110 1 48
110 2 37
110 3 40
110 4 39
110 5 50
110 6 36
110 7 63
110 8 45
110 9 49
110 10 36
110 11 38
110 12 52
110 13 51
110 14 52
110 15 51
110 16 51
110 17 53
110 18 63
110 19 37
110 20 50
110 21 57
110 22 48
110 23 56
110 24 56
110 25 37
110 26 63
110 27 38
110 28 49
110 29 41
110 30 55
110 31 42
110 32 42
110 33 49
110 34 42
110 35 55
110 36 38
110 37 41
110 38 52
110 39 43
110 40 46
110 41 47
110 42 50
110 43 52
110 44 44
110 45 44
110 46 48
110 47 43
110 48 41
110 49 49
110 50 61
110 51 50
110 52 46
110 53 41
110 54 60
110 55 52
110 56 50
110 57 45
110 58 43
110 59 50
110 60 53
110 61 47
110 62 55
110 63 51
110 64 43
110 65 45
110 66 51
110 67 47
110 68 59
110 69 55
110 70 49
110 71 56
110 72 46
110 73 47
110 74 43
110 75 56
110 76 51
110 77 43
110 78 37
110 79 48
110 80 36
110 81 44
110 82 47
110 83 44
110 84 42
110 85 48
110 86 57
110 87 58
110 88 51
110 89 42
110 90 49
110 91 53
110 92 45
110 93 46
110 94 52
110 95 52
110 96 52
110 97 64
110 98 52
110 99 41
110 100 57
110 101 54
110 102 55
110 103 53
110 104 42
110 105 52
110 106 43
110 107 48
110 108 42
110 109 41
110 110 53
110 111 47
110 112 49
110 113 60
110 114 42
110 115 49
110 116 41
110 117 45
110 118 47
110 119 56
110 120 54
110 121 53
110 122 43
110 123 38
110 124 51
110 125 56
110 126 49
110 127 51
110 128 55
110 129 46
110 130 39
110 131 47
110 132 49
110 133 60
110 134 41
110 135 49
110 136 42
110 137 47
110 138 36
110 139 56
110 140 46
110 141 40
110 142 53
110 143 40
110 144 40
110 145 50
110 146 55
110 147 54
110 148 30
110 149 40
111 0 48
111 1 51
111 2 52
111 3 44
111 4 42
111 5 43
111 6 41
111 7 43
111 8 63
111 9 51
111 10 46
111 11 51
111 12 52
111 13 49
111 14 54
111 15 47
111 16 43
111 17 44
111 18 45
111 19 43
111 20 54
111 21 33
111 22 59
111 23 37
111 24 50
111 25 60
111 26 46
111 27 44
111 28 54
111 29 48
111 30 43
111 31 52
111 32 60
111 33 48
111 34 32
111 35 46
111 36 51
111 37 51
111 38 46
111 39 34
111 40 49
111 41 50
111 42 50
111 43 48
111 44 52
111 45 42
111 46 52
111 47 42
111 48 53
111 49 36
111 50 54
111 51 39
111 52 41
111 53 48
111 54 41
111 55 44
111 56 44
111 57 47
111 58 52
111 59 62
111 60 65
111 61 53
111 62 51
111 63 44
111 64 47
111 65 51
111 66 46
111 67 47
111 68 45
111 69 53
111 70 35
111 71 44
111 72 49
111 73 59
111 74 55
111 75 44
111 76 59
111 77 47
111 78 55
111 79 46
111 80 49
111 81 34
111 82 48
111 83 51
111 84 48
111 85 40
111 86 49
111 87 51
111 88 53
111 89 45
111 90 38
111 91 57
111 92 42
111 93 62
111 94 46
111 95 49
111 96 53
111 97 53
111 98 41
111 99 55
111 100 49
111 101 53
111 102 46
111 103 55
111 104 43
111 105 46
111 106 45
111 107 52
111 108 45
111 109 54
111 110 49
111 111 40
111 112 35
111 113 47
111 114 50
111 115 33
111 116 50
111 117 46
111 118 47
111 119 53
111 120 48
111 121 72
111 122 58
111 123 47
111 124 46
111 125 47
111 126 46
111 127 55
111 128 54
111 129 55
111 130 55
111 131 43
111 132 55
111 133 59
111 134 54
111 135 50
111 136 52
111 137 43
111 138 54
111 139 51
111 140 50
111 141 53
111 142 58
111 143 59
111 144 51
111 145 63
111 146 62
111 147 43
111 148 52
111 149 42
112 0 43
112 1 41
112 2 57
112 3 40
112 4 45
112 5 47
112 6 52
112 7 50
112 8 50
112 9 45
112 10 50
112 11 32
112 12 56
112 13 50
112 14 58
112 15 52
112 16 40
112 17 60
112 18 41
112 19 51
112 20 49
112 21 54
112 22 54
112 23 41
112 24 42
112 25 56
112 26 41
112 27 55
112 28 61
112 29 53
112 30 35
112 31 41
112 32 53
112 33 56
112 34 52
112 35 55
112 36 60
112 37 40
112 38 52
112 39 55
112 40 51
112 41 47
112 42 50
112 43 48
112 44 45
112 45 63
112 46 42
112 47 55
112 48 50
112 49 51
112 50 64
112 51 43
112 52 48
112 53 61
112 54 55
112 55 56
112 56 63
112 57 53
112 58 51
112 59 41
112 60 55
112 61 47
112 62 44
112 63 65
112 64 55
112 65 40
112 66 63
112 67 59
112 68 43
112 69 45
112 70 53
112 71 52
112 72 54
112 73 48
112 74 46
112 75 54
112 76 51
112 77 40
112 78 50
112 79 37
112 80 60
112 81 48
112 82 57
112 83 56
112 84 46
112 85 42
112 86 40
112 87 47
112 88 47
112 89 57
112 90 60
112 91 49
112 92 49
112 93 48
112 94 49
112 95 47
112 96 42
112 97 40
112 98 53
112 99 48
112 100 53
112 101 57
112 102 54
112 103 38
112 104 43
112 105 41
112 106 63
112 107 48
112 108 50
112 109 39
112 110 38
112 111 46
112 112 60
112 113 33
112 114 51
112 115 45
112 116 51
112 117 52
112 118 48
112 119 35
112 120 48
112 121 47
112 122 44
112 123 57
112 124 50
112 125 54
112 126 46
112 127 50
112 128 46
112 129 54
112 130 52
112 131 53
112 132 55
112 133 61
112 134 57
112 135 48
112 136 52
112 137 49
112 138 46
112 139 35
112 140 50
112 141 45
112 142 53
112 143 51
112 144 49
112 145 42
112 146 50
112 147 49
112 148 49
112 149 47
113 0 58
113 1 54
113 2 45
113 3 45
113 4 49
113 5 54
113 6 62
113 7 34
113 8 44
113 9 44
113 10 52
113 11 51
113 12 55
113 13 47
113 14 53
113 15 44
113 16 48
113 17 56
113 18 51
113 19 39
113 20 53
113 21 56
113 22 43
113 23 48
113 24 47
113 25 47
113 26 40
113 27 46
113 28 46
113 29 45
113 30 57
113 31 43
113 32 58
113 33 55
113 34 56
113 35 50
113 36 67
113 37 50
113 38 42
113 39 42
113 40 59
113 41 38
113 42 47
113 43 61
113 44 45
113 45 46
113 46 37
113 47 51
113 48 43
113 49 43
113 50 50
113 51 46
113 52 51
113 53 44
113 54 52
113 55 58
113 56 49
113 57 48
113 58 46
113 59 48
113 60 50
113 61 58
113 62 52
113 63 58
113 64 34
113 65 41
113 66 49
113 67 39
113 68 46
113 69 56
113 70 48
113 71 62
113 72 48
113 73 43
113 74 57
113 75 44
113 76 42
113 77 53
113 78 44
113 79 52
113 80 56
113 81 50
113 82 63
113 83 57
113 84 51
113 85 38
113 86 44
113 87 54
113 88 59
113 89 57
113 90 43
113 91 46
113 92 48
113 93 49
113 94 51
113 95 44
113 96 53
113 97 35
113 98 52
113 99 57
113 100 44
113 101 51
113 102 49
113 103 54
113 104 52
113 105 49
113 106 44
113 107 50
113 108 52
113 109 43
113 110 37
113 111 34
113 112 50
113 113 57
113 114 48
113 115 49
113 116 40
113 117 53
113 118 44
113 119 38
113 120 52
113 121 43
113 122 44
113 123 53
113 124 42
113 125 44
113 126 57
113 127 47
113 128 41
113 129 50
113 130 58
113 131 44
113 132 42
113 133 52
113 134 46
113 135 54
113 136 51
113 137 49
113 138 44
113 139 42
113 140 52
113 141 52
113 142 48
113 143 42
113 144 57
113 145 60
113 146 40
113 147 49
113 148 55
113 149 44
114 0 50
114 1 44
114 2 52
114 3 48
114 4 48
114 5 45
114 6 45
114 7 46
114 8 59
114 9 45
114 10 44
114 11 44
114 12 40
114 13 39
114 14 50
114 15 57
114 16 48
114 17 56
114 18 47
114 19 41
114 20 57
114 21 52
114 22 35
114 23 47
114 24 55
114 25 52
114 26 42
114 27 55
114 28 49
114 29 43
114 30 52
114 31 49
114 32 55
114 33 53
114 34 44
114 35 46
114 36 59
114 37 50
114 38 49
114 39 47
114 40 41
114 41 38
114 42 60
114 43 58
114 44 56
114 45 51
114 46 40
114 47 37
114 48 43
114 49 47
114 50 51
114 51 42
114 52 41
114 53 53
114 54 44
114 55 47
114 56 43
114 57 56
114 58 42
114 59 47
114 60 48
114 61 36
114 62 42
114 63 61
114 64 50
114 65 47
114 66 43
114 67 53
114 68 44
114 69 55
114 70 46
114 71 54
114 72 48
114 73 52
114 74 51
114 75 30
114 76 50
114 77 51
114 78 52
114 79 56
114 80 47
114 81 39
114 82 42
114 83 39
114 84 55
114 85 49
114 86 62
114 87 53
114 88 58
114 89 51
114 90 47
114 91 58
114 92 49
114 93 51
114 94 42
114 95 44
114 96 59
114 97 50
114 98 52
114 99 51
114 100 55
114 101 57
114 102 41
114 103 46
114 104 55
114 105 37
114 106 49
114 107 43
114 108 50
114 109 43
114 110 40
114 111 41
114 112 40
114 113 69
114 114 50
114 115 50
114 116 54
114 117 53
114 118 59
114 119 46
114 120 44
114 121 43
114 122 47
114 123 47
114 124 29
114 125 53
114 126 49
114 127 49
114 128 35
114 129 72
114 130 60
114 131 46
114 132 55
114 133 51
114 134 45
114 135 43
114 136 64
114 137 51
114 138 48
114 139 46
114 140 50
114 141 37
114 142 46
114 143 57
114 144 51
114 145 48
114 146 40
114 147 47
114 148 45
114 149 57
115 0 38
115 1 43
115 2 58
115 3 42
115 4 41
115 5 46
115 6 51
115 7 51
115 8 44
115 9 46
115 10 39
115 11 56
115 12 46
115 13 54
115 14 53
115 15 50
115 16 38
115 17 56
115 18 50
115 19 43
115 20 41
115 21 51
115 22 59
115 23 57
115 24 44
115 25 56
115 26 55
115 27 55
115 28 44
115 29 47
115 30 46
115 31 53
115 32 50
115 33 41
115 34 43
115 35 61
115 36 36
115 37 40
115 38 48
115 39 51
115 40 47
115 41 46
115 42 43
115 43 41
115 44 52
115 45 48
115 46 45
115 47 43
115 48 47
115 49 47
115 50 50
115 51 53
115 52 51
115 53 43
115 54 62
115 55 47
115 56 45
115 57 49
115 58 34
115 59 54
115 60 40
115 61 38
115 62 40
115 63 51
115 64 71
115 65 37
115 66 44
115 67 47
115 68 50
115 69 55
115 70 47
115 71 45
115 72 37
115 73 48
115 74 44
115 75 52
115 76 48
115 77 26
115 78 42
115 79 43
115 80 53
115 81 52
115 82 53
115 83 57
115 84 57
115 85 49
115 86 42
115 87 52
115 88 44
115 89 50
115 90 41
115 91 47
115 92 41
115 93 54
115 94 48
115 95 48
115 96 38
115 97 45
115 98 59
115 99 43
115 100 47
115 101 33
115 102 58
115 103 45
115 104 42
115 105 46
115 106 48
115 107 46
115 108 38
115 109 55
115 110 49
115 111 50
115 112 48
115 113 47
115 114 45
115 115 62
115 116 49
115 117 39
115 118 48
115 119 50
115 120 52
115 121 43
115 122 42
115 123 58
115 124 54
115 125 58
115 126 45
115 127 50
115 128 50
115 129 52
115 130 39
115 131 45
115 132 48
115 133 52
115 134 47
115 135 44
115 136 61
115 137 47
115 138 56
115 139 57
115 140 53
115 141 44
115 142 46
115 143 51
115 144 52
115 145 44
115 146 50
115 147 51
115 148 45
115 149 54
116 0 48
116 1 45
116 2 47
116 3 52
116 4 53
116 5 49
116 6 54
116 7 50
116 8 39
116 9 43
116 10 46
116 11 48
116 12 44
116 13 41
116 14 44
116 15 52
116 16 37
116 17 50
116 18 70
116 19 52
116 20 50
116 21 44
116 22 44
116 23 38
116 24 45
116 25 54
116 26 54
116 27 52
116 28 40
116 29 69
116 30 45
116 31 50
116 32 67
116 33 55
116 34 52
116 35 43
116 36 46
116 37 53
116 38 49
116 39 34
116 40 43
116 41 51
116 42 41
116 43 49
116 44 46
116 45 56
116 46 47
116 47 36
116 48 45
116 49 49
116 50 37
116 51 46
116 52 47
116 53 52
116 54 53
116 55 56
116 56 36
116 57 45
116 58 41
116 59 54
116 60 57
116 61 45
116 62 51
116 63 53
116 64 56
116 65 60
116 66 53
116 67 50
116 68 44
116 69 56
116 70 48
116 71 53
116 72 43
116 73 37
116 74 48
116 75 54
116 76 55
116 77 40
116 78 66
116 79 37
116 80 53
116 81 50
116 82 38
116 83 55
116 84 58
116 85 54
116 86 36
116 87 51
116 88 63
116 89 57
116 90 49
116 91 38
116 92 56
116 93 55
116 94 45
116 95 50
116 96 68
116 97 56
116 98 61
116 99 55
116 100 48
116 101 52
116 102 55
116 103 41
116 104 56
116 105 42
116 106 46
116 107 35
116 108 52
116 109 54
116 110 48
116 111 44
116 112 37
116 113 57
116 114 48
116 115 51
116 116 41
116 117 36
116 118 57
116 119 41
116 120 48
116 121 53
116 122 54
116 123 40
116 124 43
116 125 55
116 126 59
116 127 47
116 128 52
116 129 51
116 130 55
116 131 64
116 132 53
116 133 41
116 134 38
116 135 59
116 136 42
116 137 55
116 138 36
116 139 54
116 140 58
116 141 54
116 142 47
116 143 51
116 144 47
116 145 49
116 146 56
116 147 46
116 148 52
116 149 36
117 0 57
117 1 43
117 2 42
117 3 54
117 4 43
117 5 57
117 6 45
117 7 44
117 8 41
117 9 41
117 10 37
117 11 53
117 12 46
117 13 48
117 14 46
117 15 47
117 16 51
117 17 41
117 18 57
117 19 48
117 20 37
117 21 55
117 22 57
117 23 36
117 24 51
117 25 60
117 26 37
117 27 51
117 28 42
117 29 55
117 30 56
117 31 37
117 32 56
117 33 63
117 34 67
117 35 50
117 36 53
117 37 41
117 38 47
117 39 41
117 40 62
117 41 62
117 42 47
117 43 42
117 44 46
117 45 53
117 46 44
117 47 44
117 48 40
117 49 54
117 50 54
117 51 33
117 52 48
117 53 39
117 54 53
117 55 40
117 56 54
117 57 48
117 58 53
117 59 56
117 60 45
117 61 54
117 62 36
117 63 45
117 64 49
117 65 43
117 66 39
117 67 40
117 68 48
117 69 35
117 70 37
117 71 40
117 72 59
117 73 47
117 74 53
117 75 48
117 76 48
117 77 48
117 78 39
117 79 53
117 80 52
117 81 58
117 82 58
117 83 37
117 84 52
117 85 47
117 86 48
117 87 47
117 88 45
117 89 46
117 90 54
117 91 45
117 92 53
117 93 55
117 94 51
117 95 45
117 96 39
117 97 55
117 98 48
117 99 56
117 100 43
117 101 49
117 102 48
117 103 48
117 104 39
117 105 31
117 106 42
117 107 58
117 108 37
117 109 33
117 110 56
117 111 44
117 112 46
117 113 49
117 114 42
117 115 49
117 116 44
117 117 45
117 118 50
117 119 41
117 120 42
117 121 46
117 122 50
117 123 51
117 124 48
117 125 50
117 126 39
117 127 47
117 128 47
117 129 46
117 130 35
117 131 44
117 132 54
117 133 46
117 134 51
117 135 57
117 136 40
117 137 44
117 138 49
117 139 46
117 140 55
117 141 39
117 142 44
117 143 47
117 144 45
117 145 55
117 146 41
117 147 57
117 148 56
117 149 58
118 0 65
118 1 48
118 2 38
118 3 46
118 4 41
118 5 57
118 6 45
118 7 41
118 8 55
118 9 38
118 10 43
118 11 46
118 12 28
118 13 42
118 14 44
118 15 54
118 16 38
118 17 50
118 18 57
118 19 39
118 20 50
118 21 58
118 22 60
118 23 50
118 24 53
118 25 42
118 26 56
118 27 40
118 28 60
118 29 52
118 30 50
118 31 55
118 32 42
118 33 35
118 34 51
118 35 56
118 36 53
118 37 51
118 38 38
118 39 50
118 40 48
118 41 55
118 42 55
118 43 46
118 44 53
118 45 49
118 46 48
118 47 32
118 48 46
118 49 50
118 50 62
118 51 46
118 52 50
118 53 48
118 54 58
118 55 49
118 56 47
118 57 50
118 58 37
118 59 44
118 60 43
118 61 58
118 62 45
118 63 46
118 64 56
118 65 53
118 66 40
118 67 38
118 68 31
118 69 43
118 70 39
118 71 37
118 72 44
118 73 55
118 74 50
118 75 44
118 76 45
118 77 49
118 78 43
118 79 44
118 80 43
118 81 48
118 82 54
118 83 48
118 84 45
118 85 56
118 86 47
118 87 49
118 88 44
118 89 56
118 90 47
118 91 47
118 92 55
118 93 52
118 94 33
118 95 39
118 96 43
118 97 45
118 98 62
118 99 51
118 100 40
118 101 42
118 102 49
118 103 47
118 104 55
118 105 51
118 106 35
118 107 39
118 108 53
118 109 44
118 110 57
118 111 55
118 112 33
118 113 41
118 114 40
118 115 48
118 116 43
118 117 49
118 118 47
118 119 48
118 120 45
118 121 52
118 122 51
118 123 45
118 124 51
118 125 49
118 126 45
118 127 50
118 128 45
118 129 53
118 130 47
118 131 55
118 132 58
118 133 42
118 134 54
118 135 40
118 136 49
118 137 42
118 138 49
118 139 50
118 140 36
118 141 59
118 142 41
118 143 53
118 144 45
118 145 56
118 146 52
118 147 38
118 148 45
118 149 56
119 0 36
119 1 63
119 2 44
119 3 54
119 4 38
119 5 45
119 6 40
119 7 51
119 8 49
119 9 48
119 10 52
119 11 46
119 12 50
119 13 53
119 14 52
119 15 46
119 16 61
119 17 52
119 18 60
119 19 44
119 20 55
119 21 64
119 22 57
119 23 55
119 24 46
119 25 52
119 26 47
119 27 47
119 28 42
119 29 46
119 30 49
119 31 46
119 32 52
119 33 53
119 34 48
119 35 58
119 36 47
119 37 51
119 38 52
119 39 51
119 40 51
119 41 59
119 42 51
119 43 57
119 44 51
119 45 50
119 46 56
119 47 44
119 48 49
119 49 33
119 50 50
119 51 41
119 52 47
119 53 40
119 54 54
119 55 48
119 56 41
119 57 58
119 58 57
119 59 39
119 60 55
119 61 45
119 62 63
119 63 40
119 64 48
119 65 63
119 66 48
119 67 60
119 68 46
119 69 44
119 70 57
119 71 47
119 72 52
119 73 59
119 74 47
119 75 40
119 76 37
119 77 42
119 78 56
119 79 45
119 80 50
119 81 43
119 82 64
119 83 52
119 84 62
119 85 47
119 86 49
119 87 52
119 88 47
119 89 51
119 90 51
119 91 35
119 92 40
119 93 56
119 94 44
119 95 50
119 96 52
119 97 53
119 98 43
119 99 50
119 100 56
119 101 60
119 102 45
119 103 46
119 104 43
119 105 51
119 106 48
119 107 54
119 108 52
119 109 33
119 110 45
119 111 59
119 112 54
119 113 37
119 114 43
119 115 45
119 116 48
119 117 54
119 118 40
119 119 57
119 120 46
119 121 47
119 122 58
119 123 49
119 124 45
119 125 40
119 126 53
119 127 56
119 128 52
119 129 53
119 130 49
119 131 48
119 132 54
119 133 36
119 134 50
119 135 33
119 136 60
119 137 50
119 138 40
119 139 50
119 140 50
119 141 41
119 142 51
119 143 51
119 144 34
119 145 45
119 146 54
119 147 52
119 148 52
119 149 45
120 0 57
120 1 41
120 2 45
120 3 54
120 4 40
120 5 52
120 6 49
120 7 44
120 8 53
120 9 51
120 10 47
120 11 56
120 12 54
120 13 36
120 14 46
120 15 53
120 16 49
120 17 47
120 18 43
120 19 50
120 20 54
120 21 45
120 22 47
120 23 49
120 24 43
120 25 52
120 26 49
120 27 37
120 28 57
120 29 60
120 30 36
120 31 53
120 32 46
120 33 60
120 34 49
120 35 36
120 36 61
120 37 51
120 38 63
120 39 47
120 40 49
120 41 55
120 42 48
120 43 49
120 44 57
120 45 36
120 46 59
120 47 58
120 48 50
120 49 56
120 50 44
120 51 45
120 52 54
120 53 52
120 54 50
120 55 50
120 56 51
120 57 49
120 58 60
120 59 40
120 60 42
120 61 49
120 62 50
120 63 41
120 64 48
120 65 42
120 66 41
120 67 56
120 68 37
120 69 41
120 70 54
120 71 49
120 72 44
120 73 48
120 74 47
120 75 52
120 76 49
120 77 59
120 78 54
120 79 56
120 80 46
120 81 40
120 82 62
120 83 47
120 84 58
120 85 48
120 86 54
120 87 40
120 88 50
120 89 46
120 90 53
120 91 47
120 92 55
120 93 49
120 94 64
120 95 40
120 96 46
120 97 45
120 98 48
120 99 56
120 100 52
120 101 49
120 102 47
120 103 64
120 104 51
120 105 38
120 106 63
120 107 37
120 108 44
120 109 40
120 110 48
120 111 58
120 112 43
120 113 58
120 114 46
120 115 63
120 116 40
120 117 43
120 118 55
120 119 42
120 120 50
120 121 40
120 122 47
120 123 42
120 124 49
120 125 62
120 126 40
120 127 45
120 128 50
120 129 57
120 130 66
120 131 50
120 132 40
120 133 61
120 134 44
120 135 52
120 136 42
120 137 43
120 138 55
120 139 58
120 140 45
120 141 61
120 142 55
120 143 50
120 144 57
120 145 55
120 146 39
120 147 42
120 148 43
120 149 73
121 0 48
121 1 47
121 2 50
121 3 56
121 4 46
121 5 49
121 6 49
121 7 50
121 8 45
121 9 45
121 10 60
121 11 48
121 12 49
121 13 44
121 14 43
121 15 37
121 16 48
121 17 48
121 18 51
121 19 51
121 20 42
121 21 51
121 22 43
121 23 49
121 24 39
121 25 43
121 26 58
121 27 46
121 28 43
121 29 33
121 30 45
121 31 56
121 32 70
121 33 44
121 34 49
121 35 48
121 36 47
121 37 40
121 38 55
121 39 39
121 40 49
121 41 38
121 42 53
121 43 40
121 44 45
121 45 40
121 46 46
121 47 37
121 48 48
121 49 61
121 50 40
121 51 53
121 52 46
121 53 37
121 54 41
121 55 49
121 56 50
121 57 64
121 58 43
121 59 42
121 60 58
121 61 42
121 62 49
121 63 47
121 64 41
121 65 49
121 66 52
121 67 60
121 68 52
121 69 53
121 70 61
121 71 52
121 72 52
121 73 57
121 74 51
121 75 49
121 76 60
121 77 43
121 78 47
121 79 54
121 80 49
121 81 57
121 82 47
121 83 49
121 84 50
121 85 49
121 86 46
121 87 49
121 88 51
121 89 44
121 90 38
121 91 47
121 92 45
121 93 46
121 94 46
121 95 49
121 96 56
121 97 49
121 98 64
121 99 48
121 100 45
121 101 46
121 102 40
121 103 63
121 104 48
121 105 56
121 106 52
121 107 43
121 108 53
121 109 50
121 110 46
121 111 54
121 112 56
121 113 42
121 114 48
121 115 45
121 116 48
121 117 27
121 118 56
121 119 67
121 120 49
121 121 47
121 122 59
121 123 52
121 124 42
121 125 40
121 126 51
121 127 50
121 128 44
121 129 28
121 130 62
121 131 34
121 132 46
121 133 45
121 134 45
121 135 46
121 136 54
121 137 48
121 138 46
121 139 42
121 140 52
121 141 41
121 142 48
121 143 46
121 144 52
121 145 40
121 146 54
121 147 52
121 148 54
121 149 58
122 0 48
122 1 48
122 2 59
122 3 47
122 4 48
122 5 52
122 6 41
122 7 59
122 8 60
122 9 56
122 10 52
122 11 47
122 12 51
122 13 72
122 14 63
122 15 48
122 16 51
122 17 54
122 18 47
122 19 65
122 20 57
122 21 62
122 22 55
122 23 39
122 24 49
122 25 59
122 26 51
122 27 45
122 28 51
122 29 65
122 30 51
122 31 45
122 32 45
122 33 55
122 34 51
122 35 58
122 36 44
122 37 50
122 38 50
122 39 37
122 40 46
122 41 52
122 42 61
122 43 46
122 44 37
122 45 57
122 46 66
122 47 58
122 48 52
122 49 50
122 50 45
122 51 42
122 52 42
122 53 37
122 54 45
122 55 46
122 56 44
122 57 50
122 58 43
122 59 56
122 60 39
122 61 68
122 62 36
122 63 40
122 64 37
122 65 52
122 66 51
122 67 43
122 68 45
122 69 45
122 70 37
122 71 51
122 72 47
122 73 37
122 74 52
122 75 51
122 76 53
122 77 55
122 78 58
122 79 46
122 80 42
122 81 44
122 82 40
122 83 43
122 84 60
122 85 42
122 86 49
122 87 42
122 88 39
122 89 49
122 90 54
122 91 56
122 92 39
122 93 56
122 94 44
122 95 44
122 96 47
122 97 51
122 98 46
122 99 44
122 100 47
122 101 50
122 102 49
122 103 51
122 104 56
122 105 48
122 106 57
122 107 45
122 108 42
122 109 58
122 110 39
122 111 41
122 112 40
122 113 39
122 114 47
122 115 46
122 116 42
122 117 43
122 118 53
122 119 43
122 120 53
122 121 61
122 122 51
122 123 51
122 124 45
122 125 48
122 126 52
122 127 58
122 128 52
122 129 55
122 130 46
122 131 41
122 132 49
122 133 56
122 134 40
122 135 39
122 136 64
122 137 39
122 138 59
122 139 48
122 140 49
122 141 48
122 142 48
122 143 54
122 144 39
122 145 41
122 146 51
122 147 55
122 148 48
122 149 42
123 0 40
123 1 39
123 2 42
123 3 39
123 4 50
123 5 51
123 6 45
123 7 46
123 8 55
123 9 49
123 10 55
123 11 47
123 12 48
123 13 52
123 14 37
123 15 46
123 16 65
123 17 52
123 18 41
123 19 41
123 20 41
123 21 50
123 22 48
123 23 45
123 24 57
123 25 48
123 26 42
123 27 39
123 28 49
123 29 54
123 30 37
123 31 47
123 32 45
123 33 44
123 34 55
123 35 42
123 36 52
123 37 63
123 38 50
123 39 53
123 40 46
123 41 44
123 42 41
123 43 55
123 44 35
123 45 53
123 46 43
123 47 44
123 48 68
123 49 57
123 50 48
123 51 55
123 52 60
123 53 43
123 54 57
123 55 56
123 56 35
123 57 52
123 58 57
123 59 51
123 60 43
123 61 43
123 62 50
123 63 53
123 64 56
123 65 48
123 66 48
123 67 61
123 68 46
123 69 55
123 70 57
123 71 56
123 72 53
123 73 57
123 74 53
123 75 57
123 76 37
123 77 60
123 78 55
123 79 58
123 80 57
123 81 50
123 82 51
123 83 50
123 84 52
123 85 35
123 86 47
123 87 54
123 88 50
123 89 49
123 90 44
123 91 55
123 92 40
123 93 36
123 94 53
123 95 41
123 96 50
123 97 42
123 98 44
123 99 41
123 100 54
123 101 50
123 102 54
123 103 40
123 104 49
123 105 51
123 106 61
123 107 57
123 108 44
123 109 42
123 110 48
123 111 55
123 112 47
123 113 39
123 114 37
123 115 52
123 116 47
123 117 54
123 118 50
123 119 41
123 120 46
123 121 40
123 122 49
123 123 49
123 124 44
123 125 40
123 126 44
123 127 35
123 128 54
123 129 46
123 130 60
123 131 64
123 132 47
123 133 45
123 134 45
123 135 57
123 136 51
123 137 44
123 138 39
123 139 49
123 140 49
123 141 48
123 142 48
123 143 43
123 144 51
123 145 53
123 146 52
123 147 47
123 148 54
123 149 47
124 0 40
124 1 60
124 2 49
124 3 40
124 4 65
124 5 32
124 6 58
124 7 48
124 8 55
124 9 48
124 10 53
124 11 54
124 12 48
124 13 42
124 14 38
124 15 48
124 16 46
124 17 44
124 18 57
124 19 52
124 20 66
124 21 46
124 22 40
124 23 54
124 24 53
124 25 42
124 26 47
124 27 53
124 28 53
124 29 48
124 30 42
124 31 48
124 32 55
124 33 47
124 34 56
124 35 47
124 36 53
124 37 53
124 38 53
124 39 44
124 40 51
124 41 41
124 42 53
124 43 51
124 44 58
124 45 43
124 46 46
124 47 39
124 48 40
124 49 61
124 50 57
124 51 40
124 52 52
124 53 52
124 54 57
124 55 44
124 56 42
124 57 44
124 58 42
124 59 52
124 60 48
124 61 39
124 62 46
124 63 61
124 64 46
124 65 55
124 66 58
124 67 50
124 68 53
124 69 52
124 70 46
124 71 56
124 72 50
124 73 41
124 74 42
124 75 53
124 76 46
124 77 41
124 78 43
124 79 42
124 80 47
124 81 33
124 82 61
124 83 46
124 84 44
124 85 39
124 86 46
124 87 36
124 88 57
124 89 56
124 90 44
124 91 51
124 92 43
124 93 54
124 94 42
124 95 47
124 96 45
124 97 50
124 98 54
124 99 46
124 100 43
124 101 50
124 102 32
124 103 39
124 104 51
124 105 48
124 106 40
124 107 54
124 108 45
124 109 37
124 110 53
124 111 59
124 112 51
124 113 50
124 114 43
124 115 53
124 116 43
124 117 54
124 118 44
124 119 59
124 120 50
124 121 44
124 122 37
124 123 49
124 124 47
124 125 54
124 126 41
124 127 50
124 128 50
124 129 40
124 130 47
124 131 44
124 132 51
124 133 41
124 134 40
124 135 49
124 136 48
124 137 58
124 138 52
124 139 50
124 140 39
124 141 43
124 142 40
124 143 47
124 144 38
124 145 47
124 146 50
124 147 49
124 148 33
124 149 33
125 0 46
125 1 52
125 2 57
125 3 57
125 4 55
125 5 50
125 6 34
125 7 62
125 8 51
125 9 50
125 10 47
125 11 39
125 12 51
125 13 61
125 14 54
125 15 55
125 16 45
125 17 51
125 18 49
125 19 41
125 20 40
125 21 45
125 22 48
125 23 41
125 24 52
125 25 46
125 26 50
125 27 51
125 28 46
125 29 57
125 30 50
125 31 45
125 32 36
125 33 47
125 34 59
125 35 45
125 36 46
125 37 40
125 38 32
125 39 40
125 40 47
125 41 37
125 42 48
125 43 47
125 44 45
125 45 59
125 46 55
125 47 43
125 48 52
125 49 56
125 50 54
125 51 43
125 52 45
125 53 55
125 54 60
125 55 50
125 56 42
125 57 37
125 58 57
125 59 51
125 60 47
125 61 57
125 62 54
125 63 55
125 64 51
125 65 56
125 66 28
125 67 43
125 68 63
125 69 50
125 70 61
125 71 46
125 72 45
125 73 49
125 74 49
125 75 50
125 76 43
125 77 47
125 78 58
125 79 46
125 80 36
125 81 54
125 82 46
125 83 49
125 84 51
125 85 36
125 86 48
125 87 58
125 88 47
125 89 39
125 90 44
125 91 58
125 92 59
125 93 41
125 94 49
125 95 51
125 96 53
125 97 44
125 98 46
125 99 54
125 100 59
125 101 51
125 102 42
125 103 41
125 104 47
125 105 35
125 106 48
125 107 40
125 108 54
125 109 49
125 110 48
125 111 41
125 112 42
125 113 52
125 114 47
125 115 46
125 116 46
125 117 43
125 118 44
125 119 47
125 120 43
125 121 57
125 122 50
125 123 45
125 124 47
125 125 55
125 126 56
125 127 46
125 128 55
125 129 48
125 130 53
125 131 57
125 132 38
125 133 43
125 134 44
125 135 50
125 136 51
125 137 43
125 138 50
125 139 50
125 140 56
125 141 40
125 142 41
125 143 61
125 144 39
125 145 51
125 146 61
125 147 46
125 148 50
125 149 53
126 0 51
126 1 57
126 2 45
126 3 56
126 4 68
126 5 48
126 6 59
126 7 40
126 8 51
126 9 40
126 10 55
126 11 52
126 12 47
126 13 47
126 14 62
126 15 57
126 16 52
126 17 39
126 18 53
126 19 54
126 20 49
126 21 42
126 22 46
126 23 51
126 24 53
126 25 50
126 26 46
126 27 41
126 28 59
126 29 47
126 30 48
126 31 51
126 32 52
126 33 47
126 34 60
126 35 41
126 36 52
126 37 40
126 38 46
126 39 62
126 40 49
126 41 46
126 42 55
126 43 43
126 44 38
126 45 50
126 46 54
126 47 49
126 48 42
126 49 41
126 50 52
126 51 40
126 52 43
126 53 44
126 54 51
126 55 63
126 56 48
126 57 53
126 58 49
126 59 60
126 60 44
126 61 33
126 62 63
126 63 53
126 64 48
126 65 48
126 66 44
126 67 54
126 68 45
126 69 51
126 70 50
126 71 49
126 72 60
126 73 60
126 74 47
126 75 49
126 76 51
126 77 54
126 78 53
126 79 55
126 80 52
126 81 54
126 82 59
126 83 60
126 84 41
126 85 48
126 86 48
126 87 42
126 88 55
126 89 39
126 90 41
126 91 50
126 92 51
126 93 52
126 94 47
126 95 57
126 96 44
126 97 59
126 98 74
126 99 47
126 100 60
126 101 52
126 102 55
126 103 64
126 104 50
126 105 49
126 106 43
126 107 55
126 108 44
126 109 38
126 110 43
126 111 46
126 112 52
126 113 40
126 114 46
126 115 39
126 116 57
126 117 42
126 118 44
126 119 49
126 120 46
126 121 55
126 122 43
126 123 50
126 124 45
126 125 40
126 126 58
126 127 45
126 128 57
126 129 43
126 130 56
126 131 54
126 132 45
126 133 43
126 134 43
126 135 43
126 136 44
126 137 42
126 138 45
126 139 51
126 140 53
126 141 49
126 142 48
126 143 51
126 144 35
126 145 54
126 146 47
126 147 47
126 148 38
126 149 47
127 0 45
127 1 52
127 2 46
127 3 48
127 4 49
127 5 46
127 6 63
127 7 43
127 8 31
127 9 46
127 10 51
127 11 47
127 12 38
127 13 34
127 14 46
127 15 48
127 16 54
127 17 42
127 18 49
127 19 43
127 20 44
127 21 56
127 22 42
127 23 53
127 24 49
127 25 52
127 26 63
127 27 45
127 28 44
127 29 52
127 30 45
127 31 39
127 32 46
127 33 45
127 34 40
127 35 42
127 36 55
127 37 50
127 38 53
127 39 51
127 40 48
127 41 36
127 42 43
127 43 48
127 44 33
127 45 59
127 46 49
127 47 43
127 48 40
127 49 48
127 50 60
127 51 50
127 52 51
127 53 49
127 54 64
127 55 43
127 56 56
127 57 40
127 58 44
127 59 41
127 60 42
127 61 59
127 62 43
127 63 65
127 64 43
127 65 50
127 66 42
127 67 65
127 68 46
127 69 54
127 70 52
127 71 54
127 72 50
127 73 54
127 74 46
127 75 44
127 76 44
127 77 47
127 78 53
127 79 50
127 80 41
127 81 41
127 82 50
127 83 46
127 84 36
127 85 55
127 86 32
127 87 53
127 88 58
127 89 54
127 90 44
127 91 56
127 92 49
127 93 46
127 94 44
127 95 51
127 96 49
127 97 52
127 98 45
127 99 42
127 100 40
127 101 56
127 102 39
127 103 46
127 104 55
127 105 56
127 106 61
127 107 50
127 108 57
127 109 50
127 110 38
127 111 51
127 112 32
127 113 50
127 114 46
127 115 44
127 116 42
127 117 47
127 118 51
127 119 50
127 120 50
127 121 55
127 122 50
127 123 44
127 124 49
127 125 42
127 126 53
127 127 52
127 128 44
127 129 47
127 130 48
127 131 42
127 132 52
127 133 46
127 134 47
127 135 43
127 136 49
127 137 48
127 138 49
127 139 48
127 140 38
127 141 54
127 142 59
127 143 52
127 144 62
127 145 42
127 146 50
127 147 35
127 148 52
127 149 44
128 0 55
128 1 47
128 2 48
128 3 54
128 4 43
128 5 48
128 6 41
128 7 47
128 8 66
128 9 59
128 10 59
128 11 49
128 12 37
128 13 47
128 14 47
128 15 50
128 16 45
128 17 48
128 18 58
128 19 59
128 20 57
128 21 54
128 22 45
128 23 46
128 24 50
128 25 52
128 26 49
128 27 40
128 28 63
128 29 52
128 30 47
128 31 48
128 32 49
128 33 51
128 34 41
128 35 53
128 36 38
128 37 35
128 38 48
128 39 44
128 40 57
128 41 52
128 42 60
128 43 54
128 44 61
128 45 40
128 46 42
128 47 53
128 48 53
128 49 46
128 50 49
128 51 62
128 52 49
128 53 48
128 54 40
128 55 52
128 56 52
128 57 42
128 58 60
128 59 56
128 60 37
128 61 58
128 62 55
128 63 48
128 64 51
128 65 51
128 66 47
128 67 43
128 68 46
128 69 50
128 70 43
128 71 42
128 72 41
128 73 51
128 74 38
128 75 37
128 76 45
128 77 53
128 78 57
128 79 52
128 80 46
128 81 48
128 82 47
128 83 57
128 84 64
128 85 51
128 86 55
128 87 49
128 88 56
128 89 44
128 90 54
128 91 51
128 92 48
128 93 57
128 94 49
128 95 45
128 96 49
128 97 51
128 98 44
128 99 40
128 100 35
128 101 45
128 102 50
128 103 50
128 104 53
128 105 49
128 106 56
128 107 51
128 108 54
128 109 71
128 110 54
128 111 49
128 112 47
128 113 41
128 114 57
128 115 49
128 116 52
128 117 55
128 118 49
128 119 43
128 120 60
128 121 44
128 122 52
128 123 55
128 124 52
128 125 48
128 126 57
128 127 54
128 128 43
128 129 50
128 130 49
128 131 35
128 132 44
128 133 50
128 134 55
128 135 37
128 136 42
128 137 48
128 138 48
128 139 57
128 140 50
128 141 44
128 142 47
128 143 47
128 144 40
128 145 41
128 146 36
128 147 38
128 148 32
128 149 51
129 0 41
129 1 49
129 2 47
129 3 35
129 4 46
129 5 39
129 6 51
129 7 38
129 8 49
129 9 53
129 10 51
129 11 62
129 12 41
129 13 49
129 14 59
129 15 47
129 16 36
129 17 45
129 18 58
129 19 50
129 20 44
129 21 51
129 22 52
129 23 41
129 24 48
129 25 41
129 26 46
129 27 59
129 28 43
129 29 43
129 30 40
129 31 54
129 32 43
129 33 55
129 34 49
129 35 54
129 36 44
129 37 48
129 38 50
129 39 50
129 40 44
129 41 57
129 42 40
129 43 50
129 44 48
129 45 53
129 46 34
129 47 49
129 48 50
129 49 45
129 50 49
129 51 48
129 52 39
129 53 51
129 54 37
129 55 48
129 56 45
129 57 49
129 58 50
129 59 62
129 60 48
129 61 61
129 62 50
129 63 57
129 64 55
129 65 41
129 66 53
129 67 48
129 68 40
129 69 43
129 70 39
129 71 56
129 72 50
129 73 45
129 74 50
129 75 58
129 76 41
129 77 41
129 78 53
129 79 50
129 80 63
129 81 46
129 82 42
129 83 47
129 84 52
129 85 54
129 86 54
129 87 47
129 88 39
129 89 47
129 90 45
129 91 43
129 92 51
129 93 55
129 94 54
129 95 43
129 96 47
129 97 51
129 98 43
129 99 55
129 100 41
129 101 56
129 102 55
129 103 42
129 104 41
129 105 44
129 106 48
129 107 48
129 108 62
129 109 39
129 110 46
129 111 47
129 112 53
129 113 51
129 114 46
129 115 46
129 116 47
129 117 42
129 118 61
129 119 49
129 120 51
129 121 38
129 122 46
129 123 44
129 124 49
129 125 54
129 126 55
129 127 58
129 128 39
129 129 37
129 130 69
129 131 37
129 132 55
129 133 40
129 134 62
129 135 65
129 136 43
129 137 52
129 138 33
129 139 45
129 140 47
129 141 44
129 142 50
129 143 46
129 144 56
129 145 58
129 146 41
129 147 54
129 148 57
129 149 62
130 0 60
130 1 43
130 2 46
130 3 46
130 4 61
130 5 50
130 6 60
130 7 43
130 8 48
130 9 59
130 10 54
130 11 30
130 12 46
130 13 53
130 14 37
130 15 57
130 16 70
130 17 55
130 18 47
130 19 50
130 20 47
130 21 39
130 22 63
130 23 46
130 24 63
130 25 53
130 26 44
130 27 44
130 28 42
130 29 48
130 30 38
130 31 36
130 32 57
130 33 55
130 34 48
130 35 44
130 36 56
130 37 50
130 38 45
130 39 44
130 40 57
130 41 58
130 42 55
130 43 46
130 44 42
130 45 57
130 46 48
130 47 68
130 48 47
130 49 41
130 50 40
130 51 40
130 52 50
130 53 47
130 54 53
130 55 49
130 56 55
130 57 63
130 58 60
130 59 46
130 60 43
130 61 52
130 62 51
130 63 65
130 64 56
130 65 54
130 66 49
130 67 49
130 68 49
130 69 46
130 70 51
130 71 52
130 72 50
130 73 56
130 74 46
130 75 59
130 76 47
130 77 40
130 78 55
130 79 47
130 80 55
130 81 58
130 82 41
130 83 36
130 84 47
130 85 35
130 86 51
130 87 46
130 88 53
130 89 54
130 90 50
130 91 52
130 92 58
130 93 62
130 94 48
130 95 45
130 96 37
130 97 55
130 98 42
130 99 32
130 100 50
130 101 65
130 102 47
130 103 50
130 104 49
130 105 68
130 106 42
130 107 50
130 108 60
130 109 52
130 110 52
130 111 40
130 112 41
130 113 59
130 114 56
130 115 51
130 116 50
130 117 58
130 118 31
130 119 55
130 120 42
130 121 42
130 122 64
130 123 52
130 124 34
130 125 55
130 126 57
130 127 54
130 128 52
130 129 45
130 130 47
130 131 53
130 132 56
130 133 53
130 134 52
130 135 46
130 136 49
130 137 61
130 138 49
130 139 38
130 140 54
130 141 51
130 142 35
130 143 48
130 144 49
130 145 45
130 146 45
130 147 50
130 148 61
130 149 41
131 0 50
131 1 44
131 2 53
131 3 53
131 4 45
131 5 36
131 6 45
131 7 52
131 8 68
131 9 42
131 10 58
131 11 47
131 12 53
131 13 43
131 14 47
131 15 43
131 16 38
131 17 58
131 18 50
131 19 54
131 20 53
131 21 58
131 22 57
131 23 48
131 24 47
131 25 42
131 26 44
131 27 49
131 28 46
131 29 44
131 30 57
131 31 43
131 32 45
131 33 34
131 34 49
131 35 50
131 36 43
131 37 38
131 38 53
131 39 64
131 40 48
131 41 46
131 42 48
131 43 48
131 44 40
131 45 57
131 46 39
131 47 45
131 48 38
131 49 46
131 50 39
131 51 46
131 52 48
131 53 58
131 54 38
131 55 54
131 56 49
131 57 53
131 58 51
131 59 40
131 60 54
131 61 48
131 62 41
131 63 41
131 64 36
131 65 47
131 66 44
131 67 55
131 68 45
131 69 37
131 70 48
131 71 49
131 72 55
131 73 51
131 74 46
131 75 31
131 76 52
131 77 41
131 78 54
131 79 58
131 80 48
131 81 60
131 82 58
131 83 39
131 84 53
131 85 58
131 86 57
131 87 51
131 88 53
131 89 54
131 90 55
131 91 35
131 92 48
131 93 39
131 94 53
131 95 42
131 96 50
131 97 46
131 98 37
131 99 57
131 100 41
131 101 52
131 102 37
131 103 50
131 104 50
131 105 41
131 106 54
131 107 53
131 108 44
131 109 76
131 110 57
131 111 50
131 112 49
131 113 50
131 114 52
131 115 60
131 116 47
131 117 52
131 118 46
131 119 43
131 120 47
131 121 35
131 122 52
131 123 47
131 124 57
131 125 57
131 126 54
131 127 50
131 128 41
131 129 45
131 130 41
131 131 41
131 132 44
131 133 47
131 134 47
131 135 55
131 136 51
131 137 46
131 138 43
131 139 47
131 140 53
131 141 60
131 142 35
131 143 55
131 144 40
131 145 43
131 146 61
131 147 31
131 148 39
131 149 52
132 0 54
132 1 48
132 2 43
132 3 45
132 4 54
132 5 33
132 6 45
132 7 52
132 8 47
132 9 51
132 10 62
132 11 55
132 12 53
132 13 49
132 14 33
132 15 38
132 16 48
132 17 44
132 18 44
132 19 55
132 20 43
132 21 63
132 22 43
132 23 49
132 24 53
132 25 49
132 26 50
132 27 45
132 28 53
132 29 60
132 30 53
132 31 44
132 32 49
132 33 41
132 34 43
132 35 60
132 36 53
132 37 47
132 38 45
132 39 35
132 40 51
132 41 48
132 42 54
132 43 46
132 44 52
132 45 46
132 46 59
132 47 59
132 48 45
132 49 57
132 50 33
132 51 51
132 52 37
132 53 55
132 54 44
132 55 40
132 56 52
132 57 45
132 58 44
132 59 48
132 60 50
132 61 45
132 62 44
132 63 43
132 64 43
132 65 56
132 66 50
132 67 41
132 68 51
132 69 42
132 70 49
132 71 42
132 72 53
132 73 45
132 74 47
132 75 50
132 76 38
132 77 47
132 78 43
132 79 38
132 80 46
132 81 49
132 82 46
132 83 48
132 84 60
132 85 41
132 86 44
132 87 47
132 88 61
132 89 39
132 90 57
132 91 46
132 92 38
132 93 50
132 94 43
132 95 51
132 96 54
132 97 56
132 98 45
132 99 49
132 100 42
132 101 50
132 102 46
132 103 36
132 104 66
132 105 40
132 106 45
132 107 48
132 108 42
132 109 38
132 110 63
132 111 55
132 112 51
132 113 60
132 114 51
132 115 42
132 116 47
132 117 52
132 118 45
132 119 53
132 120 49
132 121 45
132 122 54
132 123 50
132 124 36
132 125 44
132 126 41
132 127 47
132 128 52
132 129 48
132 130 63
132 131 40
132 132 53
132 133 55
132 134 40
132 135 47
132 136 52
132 137 54
132 138 39
132 139 51
132 140 60
132 141 60
132 142 45
132 143 60
132 144 53
132 145 41
132 146 40
132 147 59
132 148 51
132 149 44
133 0 61
133 1 34
133 2 46
133 3 50
133 4 51
133 5 53
133 6 48
133 7 56
133 8 52
133 9 51
133 10 45
133 11 45
133 12 46
133 13 54
133 14 39
133 15 47
133 16 50
133 17 35
133 18 48
133 19 39
133 20 35
133 21 46
133 22 48
133 23 60
133 24 46
133 25 44
133 26 43
133 27 49
133 28 44
133 29 48
133 30 62
133 31 54
133 32 41
133 33 51
133 34 43
133 35 58
133 36 42
133 37 57
133 38 46
133 39 47
133 40 53
133 41 40
133 42 48
133 43 50
133 44 40
133 45 52
133 46 59
133 47 59
133 48 48
133 49 52
133 50 58
133 51 48
133 52 56
133 53 47
133 54 51
133 55 49
133 56 56
133 57 43
133 58 40
133 59 38
133 60 51
133 61 51
133 62 58
133 63 50
133 64 35
133 65 43
133 66 43
133 67 56
133 68 57
133 69 41
133 70 53
133 71 56
133 72 55
133 73 54
133 74 50
133 75 66
133 76 49
133 77 51
133 78 53
133 79 46
133 80 52
133 81 61
133 82 57
133 83 52
133 84 46
133 85 48
133 86 41
133 87 37
133 88 53
133 89 36
133 90 47
133 91 43
133 92 54
133 93 32
133 94 49
133 95 45
133 96 48
133 97 38
133 98 50
133 99 52
133 100 51
133 101 42
133 102 39
133 103 45
133 104 48
133 105 56
133 106 47
133 107 44
133 108 42
133 109 46
133 110 53
133 111 54
133 112 43
133 113 48
133 114 57
133 115 54
133 116 45
133 117 64
133 118 61
133 119 56
133 120 54
133 121 48
133 122 50
133 123 44
133 124 49
133 125 55
133 126 45
133 127 46
133 128 42
133 129 40
133 130 50
133 131 59
133 132 57
133 133 44
133 134 51
133 135 52
133 136 39
133 137 55
133 138 55
133 139 55
133 140 46
133 141 56
133 142 48
133 143 45
133 144 44
133 145 48
133 146 63
133 147 60
133 148 50
133 149 47
134 0 56
134 1 49
134 2 41
134 3 43
134 4 36
134 5 44
134 6 46
134 7 59
134 8 57
134 9 49
134 10 46
134 11 52
134 12 40
134 13 49
134 14 56
134 15 41
134 16 51
134 17 48
134 18 54
134 19 51
134 20 65
134 21 35
134 22 39
134 23 40
134 24 46
134 25 54
134 26 48
134 27 44
134 28 45
134 29 37
134 30 47
134 31 42
134 32 55
134 33 48
134 34 57
134 35 61
134 36 58
134 37 48
134 38 46
134 39 40
134 40 43
134 41 52
134 42 45
134 43 62
134 44 46
134 45 51
134 46 40
134 47 56
134 48 55
134 49 43
134 50 56
134 51 59
134 52 46
134 53 47
134 54 55
134 55 57
134 56 48
134 57 44
134 58 55
134 59 50
134 60 47
134 61 41
134 62 52
134 63 52
134 64 43
134 65 54
134 66 58
134 67 43
134 68 54
134 69 38
134 70 48
134 71 53
134 72 46
134 73 52
134 74 59
134 75 44
134 76 50
134 77 58
134 78 52
134 79 51
134 80 39
134 81 47
134 82 54
134 83 58
134 84 58
134 85 59
134 86 42
134 87 54
134 88 57
134 89 54
134 90 44
134 91 43
134 92 62
134 93 49
134 94 44
134 95 53
134 96 50
134 97 39
134 98 43
134 99 49
134 100 53
134 101 47
134 102 48
134 103 47
134 104 52
134 105 41
134 106 51
134 107 45
134 108 41
134 109 43
134 110 47
134 111 48
134 112 60
134 113 51
134 114 43
134 115 44
134 116 43
134 117 45
134 118 44
134 119 52
134 120 49
134 121 53
134 122 53
134 123 52
134 124 45
134 125 55
134 126 47
134 127 49
134 128 44
134 129 48
134 130 55
134 131 50
134 132 49
134 133 47
134 134 45
134 135 54
134 136 51
134 137 60
134 138 38
134 139 57
134 140 42
134 141 48
134 142 51
134 143 58
134 144 44
134 145 61
134 146 49
134 147 49
134 148 58
134 149 44
135 0 55
135 1 48
135 2 42
135 3 59
135 4 52
135 5 51
135 6 39
135 7 56
135 8 47
135 9 42
135 10 57
135 11 47
135 12 40
135 13 53
135 14 53
135 15 48
135 16 48
135 17 60
135 18 44
135 19 37
135 20 44
135 21 53
135 22 47
135 23 37
135 24 43
135 25 55
135 26 46
135 27 50
135 28 48
135 29 42
135 30 48
135 31 51
135 32 50
135 33 41
135 34 43
135 35 33
135 36 47
135 37 50
135 38 56
135 39 52
135 40 60
135 41 43
135 42 42
135 43 46
135 44 52
135 45 45
135 46 42
135 47 36
135 48 49
135 49 47
135 50 51
135 51 53
135 52 52
135 53 44
135 54 49
135 55 53
135 56 52
135 57 40
135 58 43
135 59 45
135 60 39
135 61 28
135 62 46
135 63 53
135 64 52
135 65 44
135 66 55
135 67 48
135 68 52
135 69 55
135 70 52
135 71 49
135 72 59
135 73 49
135 74 44
135 75 44
135 76 44
135 77 45
135 78 48
135 79 49
135 80 46
135 81 63
135 82 43
135 83 54
135 84 43
135 85 46
135 86 56
135 87 66
135 88 48
135 89 52
135 90 56
135 91 50
135 92 53
135 93 46
135 94 56
135 95 44
135 96 57
135 97 55
135 98 49
135 99 53
135 100 57
135 101 50
135 102 48
135 103 64
135 104 52
135 105 44
135 106 51
135 107 58
135 108 57
135 109 41
135 110 46
135 111 40
135 112 51
135 113 45
135 114 52
135 115 54
135 116 33
135 117 42
135 118 46
135 119 54
135 120 45
135 121 31
135 122 44
135 123 46
135 124 47
135 125 59
135 126 52
135 127 50
135 128 71
135 129 50
135 130 53
135 131 44
135 132 45
135 133 61
135 134 61
135 135 46
135 136 56
135 137 57
135 138 35
135 139 45
135 140 55
135 141 51
135 142 49
135 143 55
135 144 53
135 145 41
135 146 30
135 147 42
135 148 52
135 149 47
136 0 70
136 1 47
136 2 43
136 3 36
136 4 59
136 5 55
136 6 47
136 7 61
136 8 42
136 9 53
136 10 55
136 11 45
136 12 53
136 13 38
136 14 44
136 15 53
136 16 56
136 17 43
136 18 64
136 19 46
136 20 46
136 21 49
136 22 47
136 23 53
136 24 48
136 25 51
136 26 48
136 27 55
136 28 52
136 29 56
136 30 48
136 31 71
136 32 59
136 33 45
136 34 46
136 35 46
136 36 45
136 37 50
136 38 49
136 39 53
136 40 52
136 41 53
136 42 42
136 43 52
136 44 50
136 45 46
136 46 53
136 47 41
136 48 46
136 49 52
136 50 51
136 51 41
136 52 39
136 53 50
136 54 58
136 55 53
136 56 47
136 57 52
136 58 41
136 59 56
136 60 49
136 61 43
136 62 53
136 63 40
136 64 54
136 65 46
136 66 51
136 67 41
136 68 48
136 69 55
136 70 55
136 71 36
136 72 54
136 73 52
136 74 44
136 75 39
136 76 55
136 77 52
136 78 47
136 79 49
136 80 44
136 81 51
136 82 44
136 83 49
136 84 38
136 85 55
136 86 52
136 87 45
136 88 41
136 89 53
136 90 43
136 91 51
136 92 44
136 93 45
136 94 62
136 95 47
136 96 53
136 97 48
136 98 57
136 99 57
136 100 48
136 101 51
136 102 50
136 103 56
136 104 42
136 105 55
136 106 45
136 107 51
136 108 49
136 109 53
136 110 45
136 111 40
136 112 45
136 113 63
136 114 53
136 115 45
136 116 38
136 117 65
136 118 48
136 119 58
136 120 50
136 121 53
136 122 44
136 123 51
136 124 52
136 125 58
136 126 47
136 127 49
136 128 40
136 129 45
136 130 48
136 131 60
136 132 38
136 133 54
136 134 48
136 135 52
136 136 52
136 137 53
136 138 49
136 139 41
136 140 55
136 141 53
136 142 47
136 143 45
136 144 37
136 145 52
136 146 52
136 147 49
136 148 50
136 149 54
137 0 54
137 1 44
137 2 42
137 3 57
137 4 45
137 5 41
137 6 49
137 7 44
137 8 49
137 9 67
137 10 54
137 11 52
137 12 41
137 13 45
137 14 53
137 15 45
137 16 37
137 17 48
137 18 47
137 19 52
137 20 31
137 21 37
137 22 55
137 23 46
137 24 51
137 25 53
137 26 37
137 27 50
137 28 48
137 29 56
137 30 40
137 31 43
137 32 47
137 33 43
137 34 46
137 35 53
137 36 55
137 37 47
137 38 49
137 39 55
137 40 44
137 41 39
137 42 47
137 43 47
137 44 49
137 45 69
137 46 43
137 47 33
137 48 59
137 49 38
137 50 50
137 51 43
137 52 42
137 53 51
137 54 42
137 55 38
137 56 46
137 57 45
137 58 50
137 59 51
137 60 54
137 61 42
137 62 53
137 63 56
137 64 63
137 65 56
137 66 44
137 67 48
137 68 48
137 69 46
137 70 48
137 71 38
137 72 58
137 73 54
137 74 44
137 75 43
137 76 65
137 77 42
137 78 52
137 79 48
137 80 50
137 81 67
137 82 44
137 83 53
137 84 59
137 85 55
137 86 46
137 87 46
137 88 55
137 89 45
137 90 45
137 91 57
137 92 43
137 93 52
137 94 46
137 95 42
137 96 57
137 97 44
137 98 51
137 99 61
137 100 43
137 101 63
137 102 54
137 103 52
137 104 42
137 105 60
137 106 52
137 107 53
137 108 43
137 109 57
137 110 51
137 111 46
137 112 42
137 113 42
137 114 45
137 115 56
137 116 50
137 117 47
137 118 45
137 119 44
137 120 55
137 121 40
137 122 41
137 123 48
137 124 53
137 125 34
137 126 58
137 127 47
137 128 54
137 129 49
137 130 46
137 131 47
137 132 49
137 133 50
137 134 45
137 135 54
137 136 45
137 137 58
137 138 43
137 139 46
137 140 34
137 141 56
137 142 46
137 143 45
137 144 41
137 145 45
137 146 52
137 147 50
137 148 43
137 149 64
138 0 41
138 1 42
138 2 51
138 3 45
138 4 49
138 5 52
138 6 46
138 7 62
138 8 47
138 9 52
138 10 50
138 11 41
138 12 42
138 13 54
138 14 50
138 15 58
138 16 44
138 17 51
138 18 48
138 19 44
138 20 47
138 21 42
138 22 47
138 23 41
138 24 57
138 25 66
138 26 43
138 27 46
138 28 39
138 29 44
138 30 44
138 31 39
138 32 50
138 33 46
138 34 49
138 35 42
138 36 56
138 37 44
138 38 39
138 39 49
138 40 41
138 41 49
138 42 47
138 43 51
138 44 55
138 45 54
138 46 51
138 47 54
138 48 58
138 49 50
138 50 52
138 51 51
138 52 41
138 53 46
138 54 58
138 55 33
138 56 41
138 57 56
138 58 48
138 59 49
138 60 39
138 61 50
138 62 38
138 63 65
138 64 49
138 65 46
138 66 46
138 67 51
138 68 56
138 69 54
138 70 45
138 71 53
138 72 44
138 73 46
138 74 47
138 75 51
138 76 39
138 77 44
138 78 50
138 79 44
138 80 39
138 81 42
138 82 49
138 83 36
138 84 57
138 85 47
138 86 46
138 87 46
138 88 50
138 89 58
138 90 57
138 91 50
138 92 51
138 93 54
138 94 53
138 95 47
138 96 34
138 97 40
138 98 55
138 99 51
138 100 43
138 101 48
138 102 40
138 103 49
138 104 43
138 105 48
138 106 43
138 107 57
138 108 38
138 109 51
138 110 38
138 111 49
138 112 51
138 113 62
138 114 44
138 115 60
138 116 44
138 117 52
138 118 38
138 119 49
138 120 54
138 121 52
138 122 55
138 123 52
138 124 45
138 125 54
138 126 56
138 127 43
138 128 48
138 129 46
138 130 33
138 131 44
138 132 31
138 133 48
138 134 59
138 135 51
138 136 49
138 137 49
138 138 56
138 139 42
138 140 50
138 141 51
138 142 52
138 143 48
138 144 55
138 145 48
138 146 54
138 147 47
138 148 49
138 149 53
139 0 47
139 1 45
139 2 53
139 3 56
139 4 60
139 5 59
139 6 47
139 7 41
139 8 41
139 9 52
139 10 48
139 11 38
139 12 47
139 13 44
139 14 48
139 15 54
139 16 37
139 17 54
139 18 60
139 19 50
139 20 46
139 21 57
139 22 51
139 23 41
139 24 42
139 25 40
139 26 53
139 27 45
139 28 39
139 29 45
139 30 56
139 31 60
139 32 51
139 33 49
139 34 37
139 35 43
139 36 45
139 37 42
139 38 59
139 39 56
139 40 51
139 41 55
139 42 59
139 43 43
139 44 41
139 45 37
139 46 54
139 47 50
139 48 44
139 49 43
139 50 52
139 51 45
139 52 56
139 53 42
139 54 43
139 55 27
139 56 41
139 57 39
139 58 55
139 59 47
139 60 35
139 61 51
139 62 42
139 63 41
139 64 51
139 65 51
139 66 45
139 67 55
139 68 53
139 69 39
139 70 56
139 71 54
139 72 45
139 73 62
139 74 61
139 75 42
139 76 54
139 77 42
139 78 42
139 79 52
139 80 49
139 81 49
139 82 61
139 83 44
139 84 59
139 85 50
139 86 49
139 87 42
139 88 43
139 89 63
139 90 50
139 91 50
139 92 40
139 93 54
139 94 49
139 95 41
139 96 47
139 97 48
139 98 56
139 99 44
139 100 53
139 101 44
139 102 46
139 103 43
139 104 46
139 105 47
139 106 44
139 107 44
139 108 51
139 109 48
139 110 59
139 111 48
139 112 45
139 113 56
139 114 52
139 115 51
139 116 44
139 117 54
139 118 62
139 119 48
139 120 50
139 121 36
139 122 42
139 123 50
139 124 45
139 125 43
139 126 61
139 127 34
139 128 54
139 129 52
139 130 46
139 131 34
139 132 53
139 133 53
139 134 53
139 135 47
139 136 46
139 137 42
139 138 45
139 139 59
139 140 37
139 141 48
139 142 62
139 143 43
139 144 45
139 145 43
139 146 54
139 147 47
139 148 43
139 149 47
140 0 39
140 1 42
140 2 49
140 3 63
140 4 45
140 5 47
140 6 49
140 7 56
140 8 42
140 9 48
140 10 61
140 11 48
140 12 40
140 13 49
140 14 53
140 15 38
140 16 53
140 17 43
140 18 41
140 19 44
140 20 52
140 21 37
140 22 59
140 23 50
140 24 56
140 25 50
140 26 38
140 27 42
140 28 56
140 29 55
140 30 39
140 31 44
140 32 51
140 33 37
140 34 53
140 35 48
140 36 56
140 37 57
140 38 63
140 39 47
140 40 51
140 41 46
140 42 52
140 43 48
140 44 40
140 45 42
140 46 46
140 47 49
140 48 41
140 49 55
140 50 56
140 51 47
140 52 47
140 53 46
140 54 51
140 55 54
140 56 54
140 57 51
140 58 43
140 59 60
140 60 42
140 61 37
140 62 53
140 63 52
140 64 51
140 65 52
140 66 49
140 67 56
140 68 63
140 69 53
140 70 43
140 71 47
140 72 40
140 73 54
140 74 49
140 75 38
140 76 40
140 77 50
140 78 59
140 79 46
140 80 44
140 81 57
140 82 48
140 83 49
140 84 50
140 85 54
140 86 52
140 87 46
140 88 49
140 89 51
140 90 51
140 91 51
140 92 54
140 93 42
140 94 50
140 95 55
140 96 51
140 97 56
140 98 47
140 99 45
140 100 43
140 101 61
140 102 61
140 103 41
140 104 51
140 105 41
140 106 40
140 107 41
140 108 42
140 109 60
140 110 43
140 111 47
140 112 47
140 113 43
140 114 54
140 115 47
140 116 39
140 117 42
140 118 59
140 119 48
140 120 55
140 121 55
140 122 53
140 123 43
140 124 46
140 125 52
140 126 46
140 127 47
140 128 49
140 129 46
140 130 44
140 131 64
140 132 60
140 133 58
140 134 43
140 135 50
140 136 44
140 137 42
140 138 54
140 139 62
140 140 51
140 141 46
140 142 59
140 143 49
140 144 53
140 145 59
140 146 54
140 147 52
140 148 37
140 149 41
141 0 39
141 1 65
141 2 58
141 3 48
141 4 48
141 5 58
141 6 51
141 7 51
141 8 45
141 9 49
141 10 53
141 11 46
141 12 42
141 13 45
141 14 46
141 15 44
141 16 56
141 17 52
141 18 53
141 19 47
141 20 55
141 21 36
141 22 40
141 23 41
141 24 30
141 25 49
141 26 50
141 27 45
141 28 45
141 29 55
141 30 43
141 31 43
141 32 54
141 33 56
141 34 40
141 35 49
141 36 54
141 37 49
141 38 36
141 39 44
141 40 56
141 41 57
141 42 41
141 43 43
141 44 43
141 45 48
141 46 51
141 47 55
141 48 46
141 49 51
141 50 54
141 51 38
141 52 41
141 53 45
141 54 55
141 55 52
141 56 58
141 57 53
141 58 57
141 59 50
141 60 53
141 61 49
141 62 50
141 63 51
141 64 49
141 65 54
141 66 37
141 67 46
141 68 52
141 69 55
141 70 35
141 71 61
141 72 50
141 73 45
141 74 61
141 75 44
141 76 50
141 77 49
141 78 52
141 79 53
141 80 55
141 81 50
141 82 48
141 83 53
141 84 52
141 85 48
141 86 57
141 87 47
141 88 29
141 89 52
141 90 47
141 91 43
141 92 46
141 93 51
141 94 51
141 95 43
141 96 51
141 97 49
141 98 54
141 99 49
141 100 58
141 101 68
141 102 45
141 103 52
141 104 62
141 105 45
141 106 50
141 107 46
141 108 50
141 109 66
141 110 59
141 111 39
141 112 60
141 113 46
141 114 53
141 115 39
141 116 46
141 117 45
141 118 50
141 119 48
141 120 44
141 121 53
141 122 46
141 123 57
141 124 54
141 125 50
141 126 52
141 127 45
141 128 45
141 129 45
141 130 44
141 131 45
141 132 38
141 133 50
141 134 43
141 135 54
141 136 49
141 137 46
141 138 58
141 139 48
141 140 43
141 141 45
141 142 47
141 143 54
141 144 58
141 145 47
141 146 45
141 147 49
141 148 43
141 149 53
142 0 54
142 1 43
142 2 64
142 3 37
142 4 42
142 5 45
142 6 55
142 7 40
142 8 44
142 9 48
142 10 42
142 11 54
142 12 41
142 13 57
142 14 46
142 15 50
142 16 42
142 17 43
142 18 40
142 19 53
142 20 47
142 21 54
142 22 57
142 23 44
142 24 65
142 25 61
142 26 47
142 27 47
142 28 49
142 29 40
142 30 53
142 31 57
142 32 52
142 33 48
142 34 51
142 35 70
142 36 42
142 37 48
142 38 48
142 39 39
142 40 42
142 41 49
142 42 57
142 43 33
142 44 46
142 45 51
142 46 51
142 47 50
142 48 61
142 49 34
142 50 36
142 51 49
142 52 43
142 53 49
142 54 41
142 55 53
142 56 49
142 57 56
142 58 45
142 59 49
142 60 47
142 61 46
142 62 53
142 63 36
142 64 58
142 65 42
142 66 54
142 67 46
142 68 49
142 69 37
142 70 50
142 71 50
142 72 53
142 73 53
142 74 57
142 75 45
142 76 46
142 77 40
142 78 56
142 79 50
142 80 47
142 81 58
142 82 57
142 83 46
142 84 63
142 85 51
142 86 50
142 87 50
142 88 53
142 89 39
142 90 52
142 91 49
142 92 39
142 93 52
142 94 36
142 95 54
142 96 55
142 97 52
142 98 51
142 99 40
142 100 49
142 101 48
142 102 50
142 103 36
142 104 59
142 105 50
142 106 47
142 107 59
142 108 49
142 109 57
142 110 45
142 111 46
142 112 57
142 113 43
142 114 40
142 115 47
142 116 60
142 117 45
142 118 49
142 119 58
142 120 48
142 121 39
142 122 48
142 123 46
142 124 47
142 125 41
142 126 53
142 127 37
142 128 41
142 129 41
142 130 47
142 131 49
142 132 59
142 133 54
142 134 52
142 135 53
142 136 39
142 137 52
142 138 61
142 139 58
142 140 48
142 141 50
142 142 56
142 143 44
142 144 49
142 145 52
142 146 46
142 147 52
142 148 42
142 149 59
143 0 33
143 1 39
143 2 43
143 3 41
143 4 30
143 5 42
143 6 58
143 7 46
143 8 39
143 9 41
143 10 56
143 11 54
143 12 49
143 13 42
143 14 43
143 15 48
143 16 35
143 17 41
143 18 47
143 19 39
143 20 42
143 21 44
143 22 49
143 23 51
143 24 40
143 25 51
143 26 42
143 27 46
143 28 48
143 29 53
143 30 68
143 31 60
143 32 46
143 33 51
143 34 59
143 35 57
143 36 44
143 37 50
143 38 56
143 39 45
143 40 49
143 41 58
143 42 57
143 43 43
143 44 49
143 45 49
143 46 50
143 47 40
143 48 38
143 49 52
143 50 50
143 51 56
143 52 56
143 53 50
143 54 52
143 55 45
143 56 51
143 57 42
143 58 48
143 59 53
143 60 47
143 61 49
143 62 54
143 63 35
143 64 49
143 65 37
143 66 40
143 67 44
143 68 56
143 69 45
143 70 45
143 71 49
143 72 52
143 73 46
143 74 38
143 75 53
143 76 53
143 77 46
143 78 46
143 79 49
143 80 49
143 81 59
143 82 51
143 83 53
143 84 56
143 85 60
143 86 55
143 87 46
143 88 49
143 89 54
143 90 49
143 91 42
143 92 59
143 93 35
143 94 44
143 95 49
143 96 41
143 97 37
143 98 48
143 99 50
143 100 44
143 101 59
143 102 51
143 103 46
143 104 47
143 105 44
143 106 45
143 107 51
143 108 60
143 109 50
143 110 39
143 111 45
143 112 54
143 113 50
143 114 47
143 115 38
143 116 42
143 117 63
143 118 60
143 119 37
143 120 48
143 121 46
143 122 57
143 123 49
143 124 50
143 125 47
143 126 46
143 127 42
143 128 36
143 129 53
143 130 42
143 131 39
143 132 47
143 133 50
143 134 57
143 135 51
143 136 52
143 137 41
143 138 57
143 139 43
143 140 42
143 141 43
143 142 51
143 143 46
143 144 50
143 145 67
143 146 46
143 147 40
143 148 52
143 149 57
144 0 55
144 1 45
144 2 52
144 3 48
144 4 56
144 5 50
144 6 37
144 7 46
144 8 49
144 9 49
144 10 50
144 11 52
144 12 39
144 13 55
144 14 52
144 15 46
144 16 53
144 17 49
144 18 52
144 19 56
144 20 34
144 21 49
144 22 51
144 23 43
144 24 50
144 25 42
144 26 51
144 27 54
144 28 39
144 29 46
144 30 44
144 31 46
144 32 54
144 33 48
144 34 52
144 35 36
144 36 38
144 37 53
144 38 39
144 39 51
144 40 46
144 41 47
144 42 48
144 43 57
144 44 40
144 45 53
144 46 54
144 47 55
144 48 52
144 49 49
144 50 48
144 51 43
144 52 45
144 53 50
144 54 47
144 55 45
144 56 43
144 57 44
144 58 53
144 59 46
144 60 46
144 61 57
144 62 35
144 63 50
144 64 40
144 65 47
144 66 60
144 67 45
144 68 45
144 69 38
144 70 50
144 71 44
144 72 48
144 73 47
144 74 47
144 75 39
144 76 52
144 77 52
144 78 52
144 79 55
144 80 54
144 81 44
144 82 43
144 83 38
144 84 49
144 85 47
144 86 55
144 87 45
144 88 63
144 89 47
144 90 44
144 91 54
144 92 40
144 93 72
144 94 50
144 95 48
144 96 47
144 97 50
144 98 50
144 99 49
144 100 40
144 101 57
144 102 52
144 103 39
144 104 53
144 105 63
144 106 49
144 107 51
144 108 54
144 109 32
144 110 50
144 111 62
144 112 43
144 113 51
144 114 58
144 115 44
144 116 45
144 117 53
144 118 64
144 119 58
144 120 42
144 121 51
144 122 59
144 123 59
144 124 58
144 125 36
144 126 49
144 127 57
144 128 48
144 129 51
144 130 46
144 131 48
144 132 35
144 133 33
144 134 51
144 135 41
144 136 62
144 137 56
144 138 53
144 139 51
144 140 55
144 141 38
144 142 48
144 143 47
144 144 44
144 145 44
144 146 53
144 147 49
144 148 54
144 149 45
145 0 46
145 1 45
145 2 56
145 3 48
145 4 43
145 5 48
145 6 45
145 7 53
145 8 46
145 9 31
145 10 44
145 11 56
145 12 49
145 13 42
145 14 44
145 15 50
145 16 44
145 17 44
145 18 46
145 19 54
145 20 49
145 21 45
145 22 52
145 23 58
145 24 64
145 25 50
145 26 46
145 27 49
145 28 59
145 29 60
145 30 51
145 31 48
145 32 52
145 33 49
145 34 45
145 35 49
145 36 65
145 37 56
145 38 43
145 39 50
145 40 51
145 41 48
145 42 37
145 43 49
145 44 42
145 45 52
145 46 33
145 47 50
145 48 62
145 49 42
145 50 44
145 51 48
145 52 47
145 53 43
145 54 47
145 55 37
145 56 51
145 57 51
145 58 59
145 59 61
145 60 49
145 61 50
145 62 47
145 63 49
145 64 48
145 65 46
145 66 43
145 67 65
145 68 55
145 69 49
145 70 46
145 71 51
145 72 48
145 73 50
145 74 54
145 75 48
145 76 51
145 77 54
145 78 64
145 79 55
145 80 57
145 81 47
145 82 45
145 83 38
145 84 50
145 85 63
145 86 60
145 87 56
145 88 50
145 89 48
145 90 57
145 91 41
145 92 45
145 93 43
145 94 53
145 95 43
145 96 55
145 97 53
145 98 48
145 99 37
145 100 44
145 101 47
145 102 42
145 103 55
145 104 50
145 105 50
145 106 42
145 107 62
145 108 51
145 109 57
145 110 52
145 111 50
145 112 55
145 113 60
145 114 40
145 115 46
145 116 51
145 117 55
145 118 48
145 119 42
145 120 63
145 121 37
145 122 51
145 123 50
145 124 43
145 125 41
145 126 53
145 127 41
145 128 46
145 129 53
145 130 48
145 131 47
145 132 34
145 133 47
145 134 48
145 135 64
145 136 55
145 137 58
145 138 48
145 139 54
145 140 55
145 141 54
145 142 53
145 143 45
145 144 43
145 145 36
145 146 40
145 147 52
145 148 40
145 149 43
146 0 54
146 1 64
146 2 45
146 3 42
146 4 42
146 5 59
146 6 61
146 7 59
146 8 55
146 9 44
146 10 48
146 11 45
146 12 51
146 13 52
146 14 40
146 15 59
146 16 43
146 17 48
146 18 45
146 19 44
146 20 62
146 21 50
146 22 57
146 23 55
146 24 42
146 25 56
146 26 53
146 27 53
146 28 48
146 29 38
146 30 48
146 31 47
146 32 45
146 33 51
146 34 51
146 35 53
146 36 50
146 37 55
146 38 51
146 39 42
146 40 36
146 41 49
146 42 47
146 43 41
146 44 56
146 45 45
146 46 44
146 47 51
146 48 48
146 49 54
146 50 38
146 51 55
146 52 48
146 53 48
146 54 56
146 55 51
146 56 49
146 57 43
146 58 43
146 59 41
146 60 43
146 61 57
146 62 53
146 63 52
146 64 51
146 65 34
146 66 53
146 67 64
146 68 47
146 69 43
146 70 48
146 71 53
146 72 64
146 73 48
146 74 44
146 75 52
146 76 45
146 77 53
146 78 45
146 79 47
146 80 53
146 81 45
146 82 41
146 83 42
146 84 47
146 85 49
146 86 36
146 87 61
146 88 54
146 89 39
146 90 46
146 91 53
146 92 53
146 93 45
146 94 47
146 95 46
146 96 51
146 97 48
146 98 59
146 99 58
146 100 51
146 101 47
146 102 49
146 103 46
146 104 46
146 105 51
146 106 49
146 107 43
146 108 52
146 109 58
146 110 48
146 111 51
146 112 46
146 113 48
146 114 42
146 115 35
146 116 50
146 117 48
146 118 48
146 119 50
146 120 42
146 121 62
146 122 58
146 123 44
146 124 50
146 125 45
146 126 58
146 127 42
146 128 65
146 129 46
146 130 54
146 131 41
146 132 46
146 133 53
146 134 44
146 135 62
146 136 46
146 137 52
146 138 43
146 139 48
146 140 41
146 141 54
146 142 42
146 143 37
146 144 49
146 145 46
146 146 41
146 147 60
146 148 50
146 149 48
147 0 29
147 1 42
147 2 50
147 3 53
147 4 44
147 5 57
147 6 48
147 7 50
147 8 38
147 9 58
147 10 51
147 11 48
147 12 65
147 13 40
147 14 53
147 15 45
147 16 43
147 17 52
147 18 55
147 19 56
147 20 49
147 21 48
147 22 43
147 23 49
147 24 57
147 25 40
147 26 51
147 27 54
147 28 62
147 29 35
147 30 45
147 31 49
147 32 46
147 33 47
147 34 47
147 35 42
147 36 49
147 37 41
147 38 49
147 39 49
147 40 42
147 41 44
147 42 62
147 43 53
147 44 47
147 45 60
147 46 56
147 47 51
147 48 48
147 49 54
147 50 43
147 51 54
147 52 43
147 53 51
147 54 51
147 55 59
147 56 54
147 57 46
147 58 48
147 59 38
147 60 50
147 61 58
147 62 47
147 63 50
147 64 39
147 65 47
147 66 55
147 67 54
147 68 42
147 69 60
147 70 60
147 71 39
147 72 50
147 73 56
147 74 43
147 75 40
147 76 46
147 77 53
147 78 45
147 79 44
147 80 51
147 81 55
147 82 45
147 83 46
147 84 46
147 85 46
147 86 50
147 87 49
147 88 38
147 89 40
147 90 51
147 91 28
147 92 46
147 93 45
147 94 44
147 95 46
147 96 45
147 97 59
147 98 49
147 99 49
147 100 56
147 101 58
147 102 57
147 103 49
147 104 49
147 105 59
147 106 36
147 107 54
147 108 59
147 109 48
147 110 45
147 111 43
147 112 43
147 113 46
147 114 51
147 115 57
147 116 44
147 117 54
147 118 46
147 119 64
147 120 42
147 121 34
147 122 48
147 123 46
147 124 51
147 125 59
147 126 51
147 127 52
147 128 47
147 129 37
147 130 67
147 131 58
147 132 46
147 133 42
147 134 50
147 135 53
147 136 48
147 137 48
147 138 44
147 139 57
147 140 37
147 141 52
147 142 42
147 143 44
147 144 57
147 145 46
147 146 48
147 147 53
147 148 51
147 149 51
148 0 45
148 1 63
148 2 49
148 3 49
148 4 47
148 5 55
148 6 63
148 7 47
148 8 46
148 9 53
148 10 51
148 11 41
148 12 47
148 13 44
148 14 54
148 15 44
148 16 36
148 17 42
148 18 38
148 19 46
148 20 57
148 21 52
148 22 49
148 23 53
148 24 64
148 25 40
148 26 49
148 27 43
148 28 43
148 29 44
148 30 56
148 31 50
148 32 40
148 33 53
148 34 43
148 35 53
148 36 48
148 37 53
148 38 55
148 39 61
148 40 49
148 41 45
148 42 39
148 43 50
148 44 52
148 45 46
148 46 42
148 47 50
148 48 60
148 49 53
148 50 57
148 51 53
148 52 46
148 53 45
148 54 43
148 55 53
148 56 48
148 57 53
148 58 48
148 59 37
148 60 52
148 61 48
148 62 45
148 63 41
148 64 41
148 65 46
148 66 46
148 67 43
148 68 47
148 69 40
148 70 46
148 71 51
148 72 49
148 73 46
148 74 50
148 75 59
148 76 62
148 77 49
148 78 35
148 79 42
148 80 47
148 81 39
148 82 44
148 83 43
148 84 45
148 85 43
148 86 50
148 87 54
148 88 46
148 89 48
148 90 45
148 91 54
148 92 34
148 93 59
148 94 60
148 95 48
148 96 42
148 97 45
148 98 48
148 99 49
148 100 45
148 101 45
148 102 40
148 103 49
148 104 66
148 105 49
148 106 50
148 107 50
148 108 55
148 109 51
148 110 51
148 111 49
148 112 46
148 113 68
148 114 51
148 115 52
148 116 56
148 117 47
148 118 44
148 119 61
148 120 38
148 121 60
148 122 46
148 123 51
148 124 41
148 125 49
148 126 58
148 127 51
148 128 43
148 129 61
148 130 50
148 131 54
148 132 52
148 133 55
148 134 39
148 135 44
148 136 40
148 137 46
148 138 43
148 139 33
148 140 62
148 141 46
148 142 49
148 143 59
148 144 54
148 145 54
148 146 59
148 147 40
148 148 46
148 149 45
149 0 51
149 1 56
149 2 46
149 3 49
149 4 47
149 5 47
149 6 53
149 7 51
149 8 46
149 9 59
149 10 54
149 11 48
149 12 42
149 13 57
149 14 54
149 15 49
149 16 58
149 17 51
149 18 40
149 19 43
149 20 55
149 21 51
149 22 43
149 23 53
149 24 50
149 25 38
149 26 51
149 27 35
149 28 46
149 29 58
149 30 53
149 31 39
149 32 48
149 33 42
149 34 44
149 35 45
149 36 34
149 37 55
149 38 43
149 39 58
149 40 34
149 41 52
149 42 45
149 43 52
149 44 54
149 45 51
149 46 45
149 47 49
149 48 35
149 49 53
149 50 46
149 51 52
149 52 45
149 53 55
149 54 50
149 55 44
149 56 47
149 57 43
149 58 57
149 59 69
149 60 52
149 61 47
149 62 52
149 63 50
149 64 54
149 65 48
149 66 45
149 67 47
149 68 47
149 69 53
149 70 44
149 71 51
149 72 58
149 73 52
149 74 52
149 75 49
149 76 46
149 77 41
149 78 52
149 79 50
149 80 45
149 81 41
149 82 50
149 83 51
149 84 51
149 85 45
149 86 43
149 87 43
149 88 45
149 89 42
149 90 56
149 91 43
149 92 37
149 93 54
149 94 57
149 95 51
149 96 47
149 97 48
149 98 47
149 99 51
149 100 50
149 101 40
149 102 58
149 103 50
149 104 52
149 105 52
149 106 44
149 107 52
149 108 45
149 109 44
149 110 43
149 111 39
149 112 42
149 113 48
149 114 49
149 115 50
149 116 50
149 117 54
149 118 50
149 119 50
149 120 61
149 121 51
149 122 56
149 123 40
149 124 40
149 125 45
149 126 53
149 127 37
149 128 53
149 129 52
149 130 50
149 131 54
149 132 51
149 133 47
149 134 44
149 135 41
149 136 52
149 137 39
149 138 45
149 139 48
149 140 45
149 141 41
149 142 41
149 143 43
149 144 44
149 145 48
149 146 45
149 147 57
149 148 51
149 149 57
