0 0 62
0 1 51
0 2 52
0 3 51
0 4 51
0 5 62
0 6 51
0 7 48
0 8 52
0 9 43
0 10 52
0 11 58
0 12 42
0 13 46
0 14 47
0 15 47
0 16 47
0 17 54
0 18 58
0 19 56
0 20 47
0 21 50
0 22 49
0 23 44
0 24 41
0 25 48
0 26 46
0 27 51
0 28 50
0 29 53
0 30 45
0 31 40
0 32 45
0 33 46
0 34 45
0 35 46
0 36 65
0 37 46
0 38 51
0 39 39
0 40 50
0 41 58
0 42 48
0 43 66
0 44 47
0 45 52
0 46 59
0 47 50
0 48 41
0 49 52
0 50 53
0 51 64
0 52 61
0 53 52
0 54 45
0 55 54
0 56 46
0 57 49
0 58 51
0 59 60
0 60 48
0 61 42
0 62 46
0 63 47
0 64 41
0 65 55
0 66 46
0 67 45
0 68 42
0 69 50
0 70 48
0 71 52
0 72 39
0 73 54
0 74 48
0 75 39
0 76 38
0 77 51
0 78 40
0 79 46
0 80 53
0 81 45
0 82 57
0 83 49
0 84 44
0 85 44
0 86 51
0 87 55
0 88 50
0 89 32
0 90 53
0 91 53
0 92 36
0 93 54
0 94 53
0 95 38
0 96 49
0 97 49
0 98 33
0 99 50
0 100 44
0 101 49
0 102 49
0 103 51
0 104 53
0 105 42
0 106 46
0 107 48
0 108 55
0 109 54
0 110 51
0 111 59
0 112 48
0 113 41
0 114 42
0 115 51
0 116 48
0 117 47
0 118 50
0 119 53
0 120 42
0 121 58
0 122 43
0 123 46
0 124 45
0 125 55
0 126 44
0 127 39
0 128 52
0 129 45
0 130 34
0 131 53
0 132 64
0 133 46
0 134 46
0 135 41
0 136 60
0 137 48
0 138 37
0 139 46
0 140 35
0 141 50
0 142 48
0 143 37
0 144 50
0 145 45
0 146 53
0 147 52
0 148 54
0 149 34
1 0 48
1 1 51
1 2 60
1 3 42
1 4 71
1 5 47
1 6 59
1 7 49
1 8 40
1 9 51
1 10 56
1 11 51
1 12 39
1 13 56
1 14 52
1 15 61
1 16 42
1 17 45
1 18 46
1 19 50
1 20 58
1 21 63
1 22 45
1 23 47
1 24 44
1 25 47
1 26 51
1 27 60
1 28 42
1 29 57
1 30 46
1 31 46
1 32 60
1 33 55
1 34 49
1 35 57
1 36 68
1 37 66
1 38 38
1 39 46
1 40 59
1 41 46
1 42 57
1 43 47
1 44 37
1 45 45
1 46 59
1 47 41
1 48 49
1 49 57
1 50 46
1 51 70
1 52 48
1 53 52
1 54 45
1 55 52
1 56 51
1 57 47
1 58 40
1 59 59
1 60 50
1 61 52
1 62 54
1 63 59
1 64 43
1 65 39
1 66 58
1 67 50
1 68 52
1 69 39
1 70 35
1 71 49
1 72 63
1 73 44
1 74 37
1 75 30
1 76 48
1 77 47
1 78 49
1 79 51
1 80 46
1 81 51
1 82 46
1 83 54
1 84 48
1 85 46
1 86 45
1 87 58
1 88 48
1 89 52
1 90 44
1 91 50
1 92 47
1 93 50
1 94 36
1 95 54
1 96 52
1 97 40
1 98 57
1 99 57
1 100 71
1 101 54
1 102 39
1 103 44
1 104 42
1 105 44
1 106 45
1 107 45
1 108 51
1 109 45
1 110 61
1 111 45
1 112 63
1 113 32
1 114 50
1 115 53
1 116 53
1 117 48
1 118 54
1 119 51
1 120 49
1 121 41
1 122 38
1 123 52
1 124 52
1 125 42
1 126 51
1 127 60
1 128 42
1 129 44
1 130 55
1 131 48
1 132 52
1 133 42
1 134 53
1 135 48
1 136 42
1 137 54
1 138 39
1 139 57
1 140 51
1 141 53
1 142 35
1 143 58
1 144 46
1 145 65
1 146 45
1 147 46
1 148 52
1 149 54
2 0 45
2 1 53
2 2 56
2 3 44
2 4 55
2 5 72
2 6 42
2 7 58
2 8 49
2 9 51
2 10 37
2 11 52
2 12 57
2 13 64
2 14 44
2 15 50
2 16 51
2 17 54
2 18 39
2 19 48
2 20 40
2 21 49
2 22 46
2 23 52
2 24 45
2 25 52
2 26 34
2 27 47
2 28 53
2 29 51
2 30 46
2 31 42
2 32 50
2 33 50
2 34 46
2 35 50
2 36 45
2 37 58
2 38 59
2 39 54
2 40 54
2 41 57
2 42 52
2 43 43
2 44 42
2 45 53
2 46 51
2 47 55
2 48 46
2 49 52
2 50 53
2 51 54
2 52 52
2 53 38
2 54 51
2 55 51
2 56 45
2 57 58
2 58 50
2 59 53
2 60 38
2 61 65
2 62 36
2 63 64
2 64 46
2 65 55
2 66 48
2 67 42
2 68 50
2 69 39
2 70 56
2 71 44
2 72 51
2 73 53
2 74 59
2 75 45
2 76 42
2 77 46
2 78 41
2 79 54
2 80 39
2 81 51
2 82 47
2 83 46
2 84 48
2 85 46
2 86 48
2 87 52
2 88 48
2 89 37
2 90 45
2 91 49
2 92 46
2 93 54
2 94 43
2 95 57
2 96 52
2 97 50
2 98 40
2 99 55
2 100 53
2 101 47
2 102 55
2 103 51
2 104 52
2 105 55
2 106 52
2 107 49
2 108 44
2 109 45
2 110 44
2 111 52
2 112 50
2 113 56
2 114 51
2 115 60
2 116 49
2 117 54
2 118 38
2 119 42
2 120 44
2 121 46
2 122 36
2 123 49
2 124 51
2 125 56
2 126 52
2 127 48
2 128 50
2 129 40
2 130 58
2 131 50
2 132 41
2 133 55
2 134 47
2 135 49
2 136 56
2 137 57
2 138 43
2 139 47
2 140 50
2 141 48
2 142 32
2 143 47
2 144 58
2 145 45
2 146 57
2 147 40
2 148 47
2 149 52
3 0 50
3 1 54
3 2 59
3 3 50
3 4 50
3 5 53
3 6 35
3 7 49
3 8 57
3 9 42
3 10 64
3 11 45
3 12 48
3 13 55
3 14 58
3 15 46
3 16 67
3 17 45
3 18 50
3 19 44
3 20 39
3 21 50
3 22 55
3 23 57
3 24 40
3 25 42
3 26 58
3 27 42
3 28 53
3 29 43
3 30 37
3 31 45
3 32 47
3 33 57
3 34 46
3 35 50
3 36 54
3 37 45
3 38 49
3 39 37
3 40 55
3 41 52
3 42 34
3 43 47
3 44 45
3 45 32
3 46 46
3 47 49
3 48 57
3 49 42
3 50 45
3 51 45
3 52 55
3 53 47
3 54 44
3 55 53
3 56 56
3 57 47
3 58 44
3 59 35
3 60 55
3 61 45
3 62 61
3 63 53
3 64 44
3 65 58
3 66 49
3 67 52
3 68 44
3 69 48
3 70 45
3 71 61
3 72 42
3 73 37
3 74 53
3 75 43
3 76 55
3 77 55
3 78 45
3 79 57
3 80 42
3 81 43
3 82 66
3 83 43
3 84 51
3 85 43
3 86 54
3 87 50
3 88 43
3 89 51
3 90 63
3 91 52
3 92 50
3 93 49
3 94 50
3 95 62
3 96 54
3 97 45
3 98 53
3 99 45
3 100 53
3 101 51
3 102 43
3 103 54
3 104 44
3 105 47
3 106 56
3 107 47
3 108 45
3 109 50
3 110 53
3 111 52
3 112 45
3 113 61
3 114 50
3 115 47
3 116 47
3 117 55
3 118 55
3 119 46
3 120 49
3 121 49
3 122 44
3 123 53
3 124 52
3 125 49
3 126 48
3 127 53
3 128 45
3 129 53
3 130 55
3 131 47
3 132 36
3 133 44
3 134 55
3 135 58
3 136 48
3 137 48
3 138 52
3 139 53
3 140 53
3 141 55
3 142 54
3 143 54
3 144 52
3 145 48
3 146 49
3 147 51
3 148 48
3 149 52
4 0 48
4 1 50
4 2 53
4 3 46
4 4 37
4 5 53
4 6 50
4 7 37
4 8 62
4 9 40
4 10 44
4 11 54
4 12 46
4 13 45
4 14 49
4 15 40
4 16 58
4 17 50
4 18 49
4 19 50
4 20 61
4 21 55
4 22 54
4 23 55
4 24 48
4 25 50
4 26 49
4 27 61
4 28 51
4 29 57
4 30 58
4 31 54
4 32 52
4 33 38
4 34 43
4 35 53
4 36 52
4 37 56
4 38 44
4 39 48
4 40 51
4 41 42
4 42 53
4 43 49
4 44 54
4 45 40
4 46 42
4 47 47
4 48 44
4 49 41
4 50 36
4 51 37
4 52 38
4 53 45
4 54 40
4 55 41
4 56 61
4 57 39
4 58 51
4 59 72
4 60 45
4 61 56
4 62 48
4 63 58
4 64 47
4 65 52
4 66 52
4 67 55
4 68 57
4 69 49
4 70 36
4 71 57
4 72 44
4 73 46
4 74 37
4 75 48
4 76 46
4 77 58
4 78 49
4 79 48
4 80 54
4 81 46
4 82 45
4 83 58
4 84 51
4 85 44
4 86 42
4 87 53
4 88 48
4 89 47
4 90 52
4 91 51
4 92 44
4 93 63
4 94 60
4 95 44
4 96 45
4 97 42
4 98 53
4 99 43
4 100 53
4 101 39
4 102 62
4 103 63
4 104 42
4 105 42
4 106 46
4 107 59
4 108 61
4 109 53
4 110 59
4 111 48
4 112 61
4 113 39
4 114 41
4 115 45
4 116 51
4 117 53
4 118 40
4 119 51
4 120 56
4 121 46
4 122 53
4 123 52
4 124 48
4 125 46
4 126 57
4 127 46
4 128 62
4 129 40
4 130 59
4 131 43
4 132 53
4 133 36
4 134 62
4 135 53
4 136 47
4 137 48
4 138 38
4 139 52
4 140 55
4 141 51
4 142 55
4 143 48
4 144 53
4 145 53
4 146 54
4 147 55
4 148 48
4 149 45
5 0 59
5 1 40
5 2 56
5 3 43
5 4 62
5 5 43
5 6 55
5 7 49
5 8 50
5 9 59
5 10 44
5 11 44
5 12 47
5 13 48
5 14 52
5 15 44
5 16 57
5 17 54
5 18 40
5 19 69
5 20 53
5 21 51
5 22 37
5 23 37
5 24 42
5 25 38
5 26 62
5 27 45
5 28 35
5 29 46
5 30 42
5 31 46
5 32 50
5 33 58
5 34 45
5 35 58
5 36 62
5 37 43
5 38 48
5 39 46
5 40 43
5 41 51
5 42 54
5 43 57
5 44 49
5 45 43
5 46 31
5 47 55
5 48 44
5 49 58
5 50 64
5 51 44
5 52 54
5 53 52
5 54 52
5 55 58
5 56 54
5 57 39
5 58 44
5 59 47
5 60 47
5 61 51
5 62 39
5 63 47
5 64 31
5 65 50
5 66 49
5 67 40
5 68 51
5 69 43
5 70 54
5 71 50
5 72 49
5 73 54
5 74 42
5 75 40
5 76 41
5 77 51
5 78 59
5 79 43
5 80 45
5 81 52
5 82 50
5 83 49
5 84 43
5 85 48
5 86 42
5 87 48
5 88 57
5 89 56
5 90 46
5 91 51
5 92 41
5 93 46
5 94 42
5 95 51
5 96 36
5 97 54
5 98 59
5 99 50
5 100 58
5 101 48
5 102 47
5 103 53
5 104 50
5 105 65
5 106 49
5 107 41
5 108 53
5 109 47
5 110 51
5 111 55
5 112 45
5 113 45
5 114 47
5 115 52
5 116 60
5 117 46
5 118 50
5 119 57
5 120 46
5 121 67
5 122 46
5 123 54
5 124 60
5 125 56
5 126 46
5 127 52
5 128 56
5 129 59
5 130 47
5 131 56
5 132 47
5 133 49
5 134 49
5 135 39
5 136 65
5 137 41
5 138 41
5 139 52
5 140 42
5 141 44
5 142 42
5 143 52
5 144 58
5 145 58
5 146 41
5 147 47
5 148 54
5 149 50
6 0 47
6 1 50
6 2 45
6 3 60
6 4 48
6 5 57
6 6 46
6 7 46
6 8 57
6 9 52
6 10 58
6 11 50
6 12 45
6 13 46
6 14 60
6 15 49
6 16 53
6 17 49
6 18 45
6 19 52
6 20 55
6 21 47
6 22 61
6 23 59
6 24 44
6 25 46
6 26 40
6 27 41
6 28 61
6 29 43
6 30 51
6 31 45
6 32 57
6 33 67
6 34 48
6 35 48
6 36 55
6 37 53
6 38 34
6 39 55
6 40 55
6 41 47
6 42 49
6 43 42
6 44 48
6 45 45
6 46 40
6 47 48
6 48 33
6 49 50
6 50 56
6 51 30
6 52 46
6 53 46
6 54 40
6 55 46
6 56 36
6 57 45
6 58 54
6 59 44
6 60 40
6 61 39
6 62 56
6 63 42
6 64 42
6 65 42
6 66 43
6 67 48
6 68 43
6 69 45
6 70 39
6 71 53
6 72 53
6 73 63
6 74 46
6 75 46
6 76 60
6 77 46
6 78 43
6 79 53
6 80 44
6 81 59
6 82 39
6 83 60
6 84 47
6 85 54
6 86 36
6 87 57
6 88 45
6 89 58
6 90 40
6 91 50
6 92 44
6 93 53
6 94 38
6 95 45
6 96 47
6 97 47
6 98 39
6 99 55
6 100 34
6 101 47
6 102 53
6 103 40
6 104 44
6 105 54
6 106 59
6 107 46
6 108 42
6 109 50
6 110 41
6 111 57
6 112 46
6 113 41
6 114 44
6 115 40
6 116 60
6 117 47
6 118 48
6 119 59
6 120 53
6 121 57
6 122 54
6 123 47
6 124 49
6 125 49
6 126 44
6 127 49
6 128 48
6 129 47
6 130 52
6 131 47
6 132 54
6 133 38
6 134 65
6 135 64
6 136 43
6 137 61
6 138 52
6 139 39
6 140 54
6 141 52
6 142 46
6 143 50
6 144 53
6 145 51
6 146 47
6 147 60
6 148 52
6 149 56
7 0 59
7 1 57
7 2 46
7 3 56
7 4 45
7 5 48
7 6 48
7 7 48
7 8 53
7 9 50
7 10 49
7 11 41
7 12 44
7 13 49
7 14 49
7 15 42
7 16 48
7 17 52
7 18 43
7 19 46
7 20 53
7 21 51
7 22 44
7 23 51
7 24 37
7 25 43
7 26 46
7 27 40
7 28 47
7 29 49
7 30 55
7 31 44
7 32 54
7 33 41
7 34 52
7 35 36
7 36 51
7 37 59
7 38 41
7 39 58
7 40 46
7 41 56
7 42 57
7 43 40
7 44 47
7 45 40
7 46 35
7 47 43
7 48 39
7 49 42
7 50 40
7 51 39
7 52 50
7 53 42
7 54 46
7 55 48
7 56 36
7 57 48
7 58 46
7 59 50
7 60 53
7 61 46
7 62 43
7 63 54
7 64 40
7 65 54
7 66 49
7 67 42
7 68 51
7 69 41
7 70 42
7 71 53
7 72 45
7 73 51
7 74 47
7 75 37
7 76 51
7 77 53
7 78 53
7 79 48
7 80 54
7 81 59
7 82 43
7 83 51
7 84 39
7 85 55
7 86 51
7 87 44
7 88 52
7 89 46
7 90 43
7 91 55
7 92 49
7 93 49
7 94 51
7 95 47
7 96 46
7 97 56
7 98 49
7 99 51
7 100 45
7 101 55
7 102 51
7 103 48
7 104 57
7 105 58
7 106 48
7 107 52
7 108 48
7 109 47
7 110 53
7 111 48
7 112 38
7 113 45
7 114 43
7 115 46
7 116 47
7 117 49
7 118 43
7 119 47
7 120 50
7 121 47
7 122 61
7 123 56
7 124 50
7 125 47
7 126 42
7 127 43
7 128 46
7 129 61
7 130 52
7 131 46
7 132 44
7 133 55
7 134 55
7 135 51
7 136 56
7 137 34
7 138 47
7 139 41
7 140 36
7 141 48
7 142 51
7 143 64
7 144 40
7 145 37
7 146 49
7 147 52
7 148 46
7 149 64
8 0 49
8 1 51
8 2 32
8 3 49
8 4 39
8 5 39
8 6 51
8 7 56
8 8 53
8 9 50
8 10 49
8 11 48
8 12 57
8 13 59
8 14 50
8 15 50
8 16 64
8 17 36
8 18 45
8 19 42
8 20 58
8 21 51
8 22 40
8 23 53
8 24 50
8 25 55
8 26 62
8 27 45
8 28 61
8 29 61
8 30 61
8 31 43
8 32 46
8 33 38
8 34 41
8 35 48
8 36 43
8 37 50
8 38 50
8 39 43
8 40 39
8 41 41
8 42 43
8 43 53
8 44 59
8 45 43
8 46 36
8 47 55
8 48 59
8 49 48
8 50 59
8 51 42
8 52 51
8 53 60
8 54 50
8 55 42
8 56 42
8 57 52
8 58 46
8 59 57
8 60 52
8 61 35
8 62 43
8 63 52
8 64 47
8 65 50
8 66 47
8 67 56
8 68 38
8 69 47
8 70 45
8 71 51
8 72 45
8 73 40
8 74 44
8 75 55
8 76 43
8 77 39
8 78 34
8 79 46
8 80 53
8 81 56
8 82 58
8 83 36
8 84 47
8 85 49
8 86 37
8 87 53
8 88 66
8 89 45
8 90 49
8 91 49
8 92 44
8 93 46
8 94 60
8 95 45
8 96 49
8 97 47
8 98 48
8 99 41
8 100 45
8 101 45
8 102 43
8 103 43
8 104 50
8 105 54
8 106 55
8 107 42
8 108 37
8 109 39
8 110 55
8 111 42
8 112 47
8 113 36
8 114 37
8 115 46
8 116 36
8 117 50
8 118 62
8 119 38
8 120 53
8 121 38
8 122 49
8 123 57
8 124 57
8 125 35
8 126 39
8 127 49
8 128 44
8 129 53
8 130 46
8 131 38
8 132 52
8 133 48
8 134 47
8 135 54
8 136 55
8 137 54
8 138 43
8 139 51
8 140 48
8 141 48
8 142 60
8 143 64
8 144 38
8 145 64
8 146 58
8 147 47
8 148 41
8 149 28
9 0 47
9 1 53
9 2 49
9 3 51
9 4 49
9 5 41
9 6 64
9 7 52
9 8 51
9 9 49
9 10 39
9 11 52
9 12 50
9 13 41
9 14 63
9 15 45
9 16 55
9 17 57
9 18 45
9 19 54
9 20 53
9 21 51
9 22 40
9 23 48
9 24 41
9 25 58
9 26 49
9 27 58
9 28 47
9 29 52
9 30 60
9 31 53
9 32 45
9 33 51
9 34 39
9 35 42
9 36 52
9 37 52
9 38 51
9 39 42
9 40 42
9 41 51
9 42 45
9 43 39
9 44 45
9 45 49
9 46 48
9 47 45
9 48 43
9 49 54
9 50 53
9 51 46
9 52 49
9 53 48
9 54 44
9 55 67
9 56 44
9 57 48
9 58 49
9 59 40
9 60 54
9 61 44
9 62 53
9 63 53
9 64 43
9 65 41
9 66 55
9 67 50
9 68 50
9 69 43
9 70 40
9 71 47
9 72 54
9 73 48
9 74 42
9 75 45
9 76 51
9 77 43
9 78 48
9 79 46
9 80 49
9 81 62
9 82 50
9 83 52
9 84 42
9 85 61
9 86 46
9 87 57
9 88 62
9 89 36
9 90 44
9 91 62
9 92 45
9 93 60
9 94 43
9 95 46
9 96 58
9 97 48
9 98 47
9 99 53
9 100 44
9 101 53
9 102 47
9 103 41
9 104 52
9 105 43
9 106 51
9 107 53
9 108 45
9 109 49
9 110 42
9 111 44
9 112 56
9 113 53
9 114 56
9 115 54
9 116 35
9 117 48
9 118 46
9 119 56
9 120 53
9 121 46
9 122 48
9 123 55
9 124 48
9 125 52
9 126 48
9 127 44
9 128 64
9 129 55
9 130 42
9 131 56
9 132 42
9 133 53
9 134 53
9 135 48
9 136 49
9 137 57
9 138 53
9 139 37
9 140 53
9 141 48
9 142 49
9 143 42
9 144 47
9 145 36
9 146 53
9 147 60
9 148 66
9 149 54
10 0 47
10 1 50
10 2 59
10 3 39
10 4 57
10 5 46
10 6 53
10 7 52
10 8 44
10 9 49
10 10 55
10 11 44
10 12 48
10 13 48
10 14 48
10 15 44
10 16 58
10 17 52
10 18 41
10 19 45
10 20 52
10 21 51
10 22 48
10 23 67
10 24 49
10 25 45
10 26 52
10 27 57
10 28 58
10 29 57
10 30 48
10 31 45
10 32 42
10 33 51
10 34 56
10 35 52
10 36 53
10 37 49
10 38 45
10 39 40
10 40 49
10 41 46
10 42 46
10 43 55
10 44 46
10 45 39
10 46 52
10 47 51
10 48 47
10 49 47
10 50 39
10 51 39
10 52 49
10 53 50
10 54 55
10 55 45
10 56 52
10 57 49
10 58 49
10 59 46
10 60 44
10 61 39
10 62 42
10 63 57
10 64 47
10 65 41
10 66 48
10 67 48
10 68 46
10 69 52
10 70 35
10 71 45
10 72 48
10 73 41
10 74 53
10 75 51
10 76 52
10 77 52
10 78 48
10 79 44
10 80 36
10 81 49
10 82 51
10 83 41
10 84 50
10 85 49
10 86 47
10 87 45
10 88 52
10 89 61
10 90 58
10 91 50
10 92 47
10 93 50
10 94 49
10 95 57
10 96 34
10 97 50
10 98 53
10 99 55
10 100 48
10 101 39
10 102 57
10 103 55
10 104 53
10 105 64
10 106 62
10 107 50
10 108 44
10 109 52
10 110 54
10 111 49
10 112 46
10 113 53
10 114 35
10 115 41
10 116 60
10 117 53
10 118 54
10 119 59
10 120 53
10 121 58
10 122 36
10 123 49
10 124 45
10 125 56
10 126 43
10 127 30
10 128 46
10 129 49
10 130 55
10 131 57
10 132 45
10 133 47
10 134 52
10 135 44
10 136 34
10 137 57
10 138 45
10 139 59
10 140 45
10 141 53
10 142 38
10 143 48
10 144 47
10 145 36
10 146 62
10 147 44
10 148 45
10 149 44
11 0 60
11 1 60
11 2 45
11 3 56
11 4 34
11 5 52
11 6 45
11 7 68
11 8 56
11 9 46
11 10 34
11 11 58
11 12 48
11 13 49
11 14 54
11 15 45
11 16 47
11 17 52
11 18 44
11 19 55
11 20 50
11 21 53
11 22 62
11 23 49
11 24 34
11 25 52
11 26 50
11 27 58
11 28 49
11 29 52
11 30 45
11 31 44
11 32 45
11 33 45
11 34 47
11 35 53
11 36 44
11 37 60
11 38 44
11 39 51
11 40 48
11 41 47
11 42 61
11 43 43
11 44 41
11 45 54
11 46 47
11 47 58
11 48 55
11 49 44
11 50 55
11 51 47
11 52 48
11 53 51
11 54 48
11 55 48
11 56 51
11 57 52
11 58 61
11 59 42
11 60 47
11 61 37
11 62 49
11 63 50
11 64 54
11 65 49
11 66 44
11 67 69
11 68 47
11 69 40
11 70 54
11 71 50
11 72 53
11 73 60
11 74 42
11 75 43
11 76 50
11 77 56
11 78 51
11 79 38
11 80 50
11 81 57
11 82 58
11 83 45
11 84 50
11 85 37
11 86 50
11 87 49
11 88 44
11 89 58
11 90 53
11 91 56
11 92 57
11 93 52
11 94 43
11 95 39
11 96 48
11 97 46
11 98 52
11 99 57
11 100 48
11 101 55
11 102 54
11 103 54
11 104 46
11 105 40
11 106 53
11 107 41
11 108 41
11 109 47
11 110 52
11 111 51
11 112 55
11 113 47
11 114 59
11 115 50
11 116 42
11 117 48
11 118 46
11 119 43
11 120 44
11 121 57
11 122 50
11 123 59
11 124 51
11 125 40
11 126 50
11 127 55
11 128 48
11 129 51
11 130 46
11 131 51
11 132 45
11 133 52
11 134 28
11 135 41
11 136 41
11 137 57
11 138 48
11 139 53
11 140 60
11 141 51
11 142 40
11 143 46
11 144 44
11 145 44
11 146 50
11 147 62
11 148 55
11 149 43
12 0 65
12 1 49
12 2 62
12 3 47
12 4 47
12 5 57
12 6 57
12 7 51
12 8 55
12 9 45
12 10 47
12 11 55
12 12 63
12 13 47
12 14 46
12 15 43
12 16 40
12 17 54
12 18 53
12 19 38
12 20 59
12 21 45
12 22 56
12 23 46
12 24 46
12 25 46
12 26 61
12 27 55
12 28 51
12 29 50
12 30 52
12 31 39
12 32 44
12 33 49
12 34 52
12 35 52
12 36 28
12 37 61
12 38 62
12 39 48
12 40 52
12 41 45
12 42 49
12 43 44
12 44 62
12 45 47
12 46 51
12 47 45
12 48 38
12 49 50
12 50 46
12 51 43
12 52 43
12 53 43
12 54 58
12 55 57
12 56 41
12 57 36
12 58 48
12 59 64
12 60 50
12 61 53
12 62 42
12 63 49
12 64 43
12 65 41
12 66 57
12 67 63
12 68 42
12 69 37
12 70 35
12 71 52
12 72 52
12 73 67
12 74 60
12 75 47
12 76 46
12 77 58
12 78 61
12 79 39
12 80 60
12 81 53
12 82 50
12 83 55
12 84 71
12 85 50
12 86 50
12 87 45
12 88 48
12 89 54
12 90 60
12 91 44
12 92 50
12 93 51
12 94 52
12 95 46
12 96 46
12 97 49
12 98 49
12 99 47
12 100 53
12 101 47
12 102 39
12 103 44
12 104 56
12 105 59
12 106 36
12 107 58
12 108 40
12 109 42
12 110 52
12 111 59
12 112 55
12 113 48
12 114 53
12 115 50
12 116 45
12 117 45
12 118 57
12 119 46
12 120 56
12 121 49
12 122 41
12 123 44
12 124 57
12 125 55
12 126 48
12 127 53
12 128 61
12 129 53
12 130 53
12 131 47
12 132 55
12 133 45
12 134 38
12 135 52
12 136 45
12 137 42
12 138 65
12 139 39
12 140 54
12 141 70
12 142 49
12 143 45
12 144 51
12 145 47
12 146 61
12 147 55
12 148 75
12 149 49
13 0 67
13 1 48
13 2 45
13 3 44
13 4 57
13 5 47
13 6 54
13 7 45
13 8 49
13 9 38
13 10 46
13 11 51
13 12 40
13 13 47
13 14 46
13 15 55
13 16 53
13 17 50
13 18 55
13 19 56
13 20 46
13 21 50
13 22 62
13 23 44
13 24 43
13 25 47
13 26 56
13 27 60
13 28 51
13 29 46
13 30 41
13 31 43
13 32 44
13 33 40
13 34 63
13 35 54
13 36 53
13 37 34
13 38 42
13 39 49
13 40 55
13 41 42
13 42 44
13 43 42
13 44 46
13 45 54
13 46 52
13 47 50
13 48 60
13 49 47
13 50 56
13 51 48
13 52 54
13 53 52
13 54 51
13 55 38
13 56 46
13 57 54
13 58 58
13 59 33
13 60 49
13 61 35
13 62 51
13 63 46
13 64 54
13 65 41
13 66 44
13 67 44
13 68 45
13 69 47
13 70 59
13 71 43
13 72 47
13 73 41
13 74 56
13 75 44
13 76 60
13 77 53
13 78 45
13 79 57
13 80 53
13 81 45
13 82 43
13 83 55
13 84 56
13 85 50
13 86 35
13 87 53
13 88 49
13 89 53
13 90 51
13 91 54
13 92 52
13 93 44
13 94 51
13 95 52
13 96 53
13 97 43
13 98 58
13 99 48
13 100 41
13 101 50
13 102 48
13 103 45
13 104 42
13 105 55
13 106 54
13 107 44
13 108 48
13 109 62
13 110 44
13 111 42
13 112 50
13 113 61
13 114 46
13 115 59
13 116 50
13 117 50
13 118 46
13 119 45
13 120 51
13 121 60
13 122 40
13 123 50
13 124 50
13 125 43
13 126 57
13 127 34
13 128 48
13 129 46
13 130 52
13 131 54
13 132 30
13 133 62
13 134 35
13 135 38
13 136 52
13 137 50
13 138 50
13 139 50
13 140 46
13 141 52
13 142 50
13 143 45
13 144 55
13 145 42
13 146 42
13 147 53
13 148 57
13 149 46
14 0 55
14 1 50
14 2 55
14 3 45
14 4 43
14 5 49
14 6 49
14 7 48
14 8 50
14 9 55
14 10 41
14 11 55
14 12 47
14 13 42
14 14 69
14 15 54
14 16 50
14 17 52
14 18 55
14 19 52
14 20 45
14 21 54
14 22 68
14 23 58
14 24 57
14 25 50
14 26 62
14 27 37
14 28 52
14 29 60
14 30 57
14 31 44
14 32 37
14 33 48
14 34 53
14 35 48
14 36 50
14 37 46
14 38 60
14 39 45
14 40 48
14 41 51
14 42 37
14 43 59
14 44 44
14 45 59
14 46 47
14 47 37
14 48 43
14 49 47
14 50 43
14 51 58
14 52 47
14 53 46
14 54 45
14 55 45
14 56 45
14 57 46
14 58 52
14 59 54
14 60 57
14 61 37
14 62 56
14 63 47
14 64 36
14 65 55
14 66 51
14 67 45
14 68 53
14 69 38
14 70 46
14 71 43
14 72 55
14 73 29
14 74 53
14 75 54
14 76 50
14 77 37
14 78 52
14 79 54
14 80 48
14 81 53
14 82 54
14 83 40
14 84 48
14 85 50
14 86 41
14 87 64
14 88 39
14 89 56
14 90 60
14 91 44
14 92 46
14 93 61
14 94 47
14 95 39
14 96 49
14 97 49
14 98 57
14 99 51
14 100 42
14 101 49
14 102 48
14 103 38
14 104 51
14 105 57
14 106 33
14 107 54
14 108 39
14 109 49
14 110 59
14 111 43
14 112 36
14 113 39
14 114 48
14 115 52
14 116 51
14 117 48
14 118 48
14 119 45
14 120 61
14 121 52
14 122 48
14 123 55
14 124 51
14 125 37
14 126 59
14 127 34
14 128 43
14 129 44
14 130 57
14 131 47
14 132 49
14 133 54
14 134 41
14 135 46
14 136 50
14 137 47
14 138 58
14 139 43
14 140 41
14 141 64
14 142 58
14 143 47
14 144 58
14 145 59
14 146 50
14 147 44
14 148 51
14 149 41
15 0 51
15 1 37
15 2 62
15 3 54
15 4 45
15 5 55
15 6 43
15 7 45
15 8 42
15 9 40
15 10 43
15 11 39
15 12 63
15 13 55
15 14 51
15 15 50
15 16 61
15 17 49
15 18 43
15 19 42
15 20 41
15 21 36
15 22 47
15 23 48
15 24 37
15 25 54
15 26 38
15 27 45
15 28 49
15 29 56
15 30 35
15 31 56
15 32 59
15 33 41
15 34 47
15 35 39
15 36 48
15 37 47
15 38 45
15 39 43
15 40 42
15 41 46
15 42 52
15 43 61
15 44 53
15 45 69
15 46 45
15 47 44
15 48 55
15 49 42
15 50 47
15 51 40
15 52 42
15 53 52
15 54 47
15 55 40
15 56 48
15 57 42
15 58 54
15 59 42
15 60 38
15 61 45
15 62 43
15 63 45
15 64 60
15 65 55
15 66 52
15 67 57
15 68 62
15 69 36
15 70 49
15 71 41
15 72 44
15 73 45
15 74 50
15 75 45
15 76 46
15 77 55
15 78 46
15 79 54
15 80 52
15 81 55
15 82 47
15 83 54
15 84 37
15 85 54
15 86 56
15 87 47
15 88 38
15 89 39
15 90 49
15 91 51
15 92 55
15 93 46
15 94 53
15 95 66
15 96 43
15 97 48
15 98 48
15 99 41
15 100 47
15 101 54
15 102 49
15 103 44
15 104 46
15 105 63
15 106 47
15 107 45
15 108 47
15 109 39
15 110 53
15 111 62
15 112 39
15 113 56
15 114 42
15 115 44
15 116 51
15 117 62
15 118 52
15 119 48
15 120 54
15 121 42
15 122 52
15 123 43
15 124 40
15 125 52
15 126 36
15 127 51
15 128 57
15 129 44
15 130 46
15 131 49
15 132 54
15 133 53
15 134 43
15 135 52
15 136 67
15 137 44
15 138 57
15 139 51
15 140 45
15 141 65
15 142 47
15 143 40
15 144 52
15 145 43
15 146 38
15 147 49
15 148 48
15 149 53
16 0 45
16 1 40
16 2 54
16 3 46
16 4 52
16 5 44
16 6 41
16 7 44
16 8 42
16 9 70
16 10 57
16 11 54
16 12 66
16 13 47
16 14 42
16 15 53
16 16 51
16 17 46
16 18 55
16 19 51
16 20 52
16 21 61
16 22 54
16 23 36
16 24 47
16 25 58
16 26 49
16 27 59
16 28 45
16 29 40
16 30 57
16 31 41
16 32 35
16 33 41
16 34 54
16 35 50
16 36 47
16 37 41
16 38 53
16 39 32
16 40 55
16 41 57
16 42 56
16 43 47
16 44 50
16 45 52
16 46 51
16 47 44
16 48 46
16 49 46
16 50 49
16 51 53
16 52 42
16 53 39
16 54 49
16 55 47
16 56 47
16 57 52
16 58 54
16 59 43
16 60 51
16 61 50
16 62 36
16 63 46
16 64 44
16 65 41
16 66 69
16 67 59
16 68 56
16 69 60
16 70 49
16 71 48
16 72 62
16 73 51
16 74 40
16 75 54
16 76 42
16 77 52
16 78 54
16 79 52
16 80 54
16 81 43
16 82 53
16 83 54
16 84 64
16 85 38
16 86 49
16 87 46
16 88 46
16 89 35
16 90 53
16 91 60
16 92 50
16 93 43
16 94 46
16 95 56
16 96 54
16 97 56
16 98 47
16 99 49
16 100 47
16 101 46
16 102 39
16 103 46
16 104 27
16 105 51
16 106 57
16 107 54
16 108 40
16 109 56
16 110 51
16 111 45
16 112 54
16 113 52
16 114 48
16 115 53
16 116 55
16 117 54
16 118 53
16 119 41
16 120 37
16 121 53
16 122 60
16 123 47
16 124 42
16 125 50
16 126 51
16 127 46
16 128 51
16 129 49
16 130 39
16 131 47
16 132 49
16 133 30
16 134 49
16 135 38
16 136 47
16 137 50
16 138 48
16 139 52
16 140 44
16 141 48
16 142 55
16 143 39
16 144 46
16 145 51
16 146 56
16 147 44
16 148 48
16 149 61
17 0 43
17 1 59
17 2 38
17 3 42
17 4 52
17 5 50
17 6 42
17 7 64
17 8 45
17 9 51
17 10 56
17 11 52
17 12 54
17 13 53
17 14 42
17 15 46
17 16 50
17 17 44
17 18 44
17 19 47
17 20 52
17 21 42
17 22 54
17 23 42
17 24 47
17 25 45
17 26 50
17 27 52
17 28 45
17 29 39
17 30 50
17 31 42
17 32 44
17 33 50
17 34 57
17 35 37
17 36 61
17 37 45
17 38 44
17 39 52
17 40 56
17 41 56
17 42 40
17 43 61
17 44 41
17 45 57
17 46 55
17 47 46
17 48 47
17 49 69
17 50 49
17 51 52
17 52 71
17 53 67
17 54 48
17 55 42
17 56 39
17 57 43
17 58 50
17 59 50
17 60 47
17 61 56
17 62 50
17 63 55
17 64 37
17 65 47
17 66 37
17 67 49
17 68 55
17 69 48
17 70 59
17 71 64
17 72 42
17 73 49
17 74 47
17 75 54
17 76 46
17 77 51
17 78 51
17 79 38
17 80 42
17 81 48
17 82 42
17 83 55
17 84 51
17 85 51
17 86 46
17 87 57
17 88 45
17 89 57
17 90 53
17 91 47
17 92 52
17 93 51
17 94 50
17 95 56
17 96 49
17 97 46
17 98 52
17 99 48
17 100 42
17 101 52
17 102 41
17 103 50
17 104 44
17 105 55
17 106 40
17 107 44
17 108 49
17 109 46
17 110 33
17 111 40
17 112 37
17 113 49
17 114 49
17 115 51
17 116 59
17 117 35
17 118 37
17 119 50
17 120 53
17 121 59
17 122 66
17 123 53
17 124 40
17 125 43
17 126 45
17 127 50
17 128 56
17 129 45
17 130 53
17 131 46
17 132 48
17 133 45
17 134 36
17 135 41
17 136 52
17 137 67
17 138 47
17 139 50
17 140 56
17 141 55
17 142 50
17 143 71
17 144 54
17 145 46
17 146 51
17 147 41
17 148 63
17 149 40
18 0 43
18 1 53
18 2 62
18 3 52
18 4 52
18 5 62
18 6 53
18 7 53
18 8 44
18 9 49
18 10 49
18 11 50
18 12 52
18 13 45
18 14 48
18 15 39
18 16 45
18 17 48
18 18 66
18 19 48
18 20 48
18 21 45
18 22 53
18 23 54
18 24 44
18 25 48
18 26 46
18 27 40
18 28 44
18 29 48
18 30 57
18 31 50
18 32 37
18 33 61
18 34 56
18 35 62
18 36 52
18 37 42
18 38 47
18 39 46
18 40 42
18 41 52
18 42 51
18 43 42
18 44 63
18 45 41
18 46 56
18 47 44
18 48 53
18 49 53
18 50 41
18 51 52
18 52 45
18 53 48
18 54 60
18 55 35
18 56 54
18 57 54
18 58 45
18 59 49
18 60 50
18 61 63
18 62 53
18 63 48
18 64 48
18 65 57
18 66 44
18 67 53
18 68 40
18 69 52
18 70 49
18 71 44
18 72 54
18 73 51
18 74 46
18 75 46
18 76 55
18 77 56
18 78 43
18 79 51
18 80 42
18 81 53
18 82 60
18 83 61
18 84 61
18 85 53
18 86 53
18 87 46
18 88 54
18 89 49
18 90 50
18 91 38
18 92 61
18 93 54
18 94 51
18 95 48
18 96 47
18 97 44
18 98 51
18 99 49
18 100 54
18 101 35
18 102 48
18 103 35
18 104 63
18 105 42
18 106 46
18 107 43
18 108 43
18 109 40
18 110 43
18 111 44
18 112 37
18 113 52
18 114 52
18 115 45
18 116 50
18 117 54
18 118 46
18 119 44
18 120 62
18 121 46
18 122 48
18 123 44
18 124 56
18 125 58
18 126 52
18 127 52
18 128 42
18 129 52
18 130 48
18 131 44
18 132 46
18 133 55
18 134 47
18 135 48
18 136 42
18 137 58
18 138 48
18 139 44
18 140 49
18 141 57
18 142 46
18 143 49
18 144 45
18 145 48
18 146 51
18 147 45
18 148 52
18 149 60
19 0 53
19 1 50
19 2 64
19 3 47
19 4 48
19 5 52
19 6 50
19 7 49
19 8 50
19 9 47
19 10 50
19 11 56
19 12 60
19 13 47
19 14 42
19 15 47
19 16 47
19 17 44
19 18 44
19 19 52
19 20 54
19 21 53
19 22 43
19 23 56
19 24 45
19 25 65
19 26 47
19 27 45
19 28 43
19 29 54
19 30 37
19 31 48
19 32 44
19 33 45
19 34 54
19 35 44
19 36 55
19 37 42
19 38 49
19 39 49
19 40 49
19 41 60
19 42 38
19 43 48
19 44 47
19 45 44
19 46 42
19 47 51
19 48 38
19 49 51
19 50 54
19 51 53
19 52 44
19 53 49
19 54 55
19 55 51
19 56 44
19 57 39
19 58 64
19 59 47
19 60 39
19 61 40
19 62 50
19 63 54
19 64 49
19 65 60
19 66 43
19 67 42
19 68 35
19 69 50
19 70 63
19 71 41
19 72 51
19 73 56
19 74 47
19 75 48
19 76 54
19 77 63
19 78 51
19 79 49
19 80 49
19 81 48
19 82 63
19 83 36
19 84 49
19 85 45
19 86 54
19 87 49
19 88 46
19 89 56
19 90 51
19 91 53
19 92 54
19 93 40
19 94 54
19 95 57
19 96 49
19 97 53
19 98 53
19 99 56
19 100 56
19 101 42
19 102 56
19 103 54
19 104 49
19 105 49
19 106 46
19 107 60
19 108 41
19 109 48
19 110 60
19 111 40
19 112 34
19 113 41
19 114 55
19 115 54
19 116 42
19 117 39
19 118 52
19 119 40
19 120 52
19 121 46
19 122 41
19 123 39
19 124 53
19 125 46
19 126 43
19 127 44
19 128 54
19 129 53
19 130 39
19 131 38
19 132 38
19 133 48
19 134 59
19 135 42
19 136 55
19 137 40
19 138 53
19 139 45
19 140 43
19 141 50
19 142 52
19 143 52
19 144 48
19 145 43
19 146 45
19 147 52
19 148 43
19 149 51
20 0 45
20 1 49
20 2 44
20 3 46
20 4 58
20 5 49
20 6 33
20 7 41
20 8 53
20 9 58
20 10 42
20 11 70
20 12 45
20 13 53
20 14 53
20 15 49
20 16 63
20 17 46
20 18 37
20 19 53
20 20 49
20 21 42
20 22 42
20 23 53
20 24 38
20 25 51
20 26 54
20 27 57
20 28 36
20 29 60
20 30 46
20 31 50
20 32 48
20 33 48
20 34 47
20 35 54
20 36 48
20 37 36
20 38 47
20 39 36
20 40 55
20 41 64
20 42 44
20 43 55
20 44 49
20 45 54
20 46 42
20 47 41
20 48 38
20 49 55
20 50 42
20 51 50
20 52 45
20 53 50
20 54 43
20 55 48
20 56 49
20 57 45
20 58 55
20 59 55
20 60 60
20 61 48
20 62 31
20 63 51
20 64 48
20 65 57
20 66 56
20 67 44
20 68 42
20 69 46
20 70 56
20 71 55
20 72 43
20 73 44
20 74 58
20 75 49
20 76 53
20 77 39
20 78 40
20 79 57
20 80 50
20 81 46
20 82 53
20 83 48
20 84 59
20 85 50
20 86 62
20 87 54
20 88 51
20 89 47
20 90 40
20 91 45
20 92 47
20 93 42
20 94 56
20 95 57
20 96 51
20 97 45
20 98 35
20 99 59
20 100 54
20 101 46
20 102 49
20 103 32
20 104 46
20 105 57
20 106 50
20 107 32
20 108 53
20 109 51
20 110 43
20 111 42
20 112 41
20 113 37
20 114 46
20 115 37
20 116 46
20 117 64
20 118 50
20 119 51
20 120 41
20 121 50
20 122 60
20 123 31
20 124 48
20 125 44
20 126 41
20 127 49
20 128 37
20 129 46
20 130 51
20 131 41
20 132 45
20 133 45
20 134 58
20 135 49
20 136 39
20 137 48
20 138 35
20 139 53
20 140 47
20 141 44
20 142 46
20 143 55
20 144 64
20 145 51
20 146 48
20 147 39
20 148 49
20 149 47
21 0 45
21 1 46
21 2 53
21 3 62
21 4 43
21 5 38
21 6 46
21 7 67
21 8 38
21 9 45
21 10 47
21 11 53
21 12 49
21 13 48
21 14 34
21 15 40
21 16 54
21 17 44
21 18 44
21 19 64
21 20 41
21 21 57
21 22 38
21 23 54
21 24 45
21 25 52
21 26 52
21 27 46
21 28 51
21 29 50
21 30 58
21 31 51
21 32 52
21 33 60
21 34 61
21 35 53
21 36 55
21 37 35
21 38 45
21 39 38
21 40 54
21 41 57
21 42 28
21 43 49
21 44 49
21 45 38
21 46 61
21 47 59
21 48 47
21 49 55
21 50 56
21 51 39
21 52 54
21 53 42
21 54 50
21 55 51
21 56 36
21 57 50
21 58 29
21 59 39
21 60 44
21 61 49
21 62 40
21 63 38
21 64 45
21 65 46
21 66 55
21 67 49
21 68 65
21 69 55
21 70 40
21 71 33
21 72 50
21 73 38
21 74 56
21 75 44
21 76 48
21 77 51
21 78 45
21 79 53
21 80 39
21 81 44
21 82 56
21 83 42
21 84 60
21 85 43
21 86 70
21 87 55
21 88 50
21 89 53
21 90 47
21 91 51
21 92 49
21 93 53
21 94 46
21 95 57
21 96 40
21 97 54
21 98 50
21 99 46
21 100 63
21 101 51
21 102 52
21 103 52
21 104 54
21 105 53
21 106 51
21 107 52
21 108 50
21 109 51
21 110 44
21 111 42
21 112 53
21 113 42
21 114 43
21 115 29
21 116 46
21 117 51
21 118 55
21 119 61
21 120 48
21 121 67
21 122 59
21 123 56
21 124 43
21 125 67
21 126 44
21 127 47
21 128 43
21 129 51
21 130 46
21 131 46
21 132 46
21 133 44
21 134 47
21 135 57
21 136 41
21 137 44
21 138 37
21 139 41
21 140 36
21 141 38
21 142 39
21 143 45
21 144 47
21 145 61
21 146 48
21 147 51
21 148 52
21 149 53
22 0 46
22 1 66
22 2 48
22 3 41
22 4 62
22 5 52
22 6 51
22 7 49
22 8 47
22 9 53
22 10 45
22 11 49
22 12 51
22 13 29
22 14 53
22 15 45
22 16 54
22 17 47
22 18 52
22 19 49
22 20 49
22 21 44
22 22 56
22 23 41
22 24 54
22 25 42
22 26 48
22 27 50
22 28 63
22 29 41
22 30 51
22 31 59
22 32 45
22 33 37
22 34 45
22 35 56
22 36 43
22 37 51
22 38 38
22 39 53
22 40 41
22 41 37
22 42 58
22 43 27
22 44 51
22 45 47
22 46 52
22 47 46
22 48 61
22 49 59
22 50 57
22 51 52
22 52 50
22 53 46
22 54 57
22 55 43
22 56 56
22 57 37
22 58 49
22 59 38
22 60 62
22 61 47
22 62 44
22 63 67
22 64 43
22 65 58
22 66 49
22 67 49
22 68 55
22 69 50
22 70 46
22 71 60
22 72 60
22 73 36
22 74 55
22 75 63
22 76 47
22 77 63
22 78 43
22 79 50
22 80 43
22 81 52
22 82 48
22 83 34
22 84 46
22 85 55
22 86 52
22 87 55
22 88 40
22 89 49
22 90 52
22 91 40
22 92 57
22 93 60
22 94 53
22 95 43
22 96 47
22 97 48
22 98 53
22 99 48
22 100 47
22 101 48
22 102 58
22 103 55
22 104 33
22 105 56
22 106 66
22 107 56
22 108 38
22 109 45
22 110 46
22 111 56
22 112 53
22 113 43
22 114 45
22 115 51
22 116 47
22 117 39
22 118 45
22 119 48
22 120 47
22 121 53
22 122 50
22 123 47
22 124 48
22 125 43
22 126 54
22 127 48
22 128 35
22 129 52
22 130 31
22 131 38
22 132 42
22 133 42
22 134 42
22 135 41
22 136 49
22 137 47
22 138 52
22 139 50
22 140 47
22 141 49
22 142 38
22 143 42
22 144 43
22 145 43
22 146 56
22 147 74
22 148 46
22 149 54
23 0 39
23 1 47
23 2 48
23 3 47
23 4 49
23 5 36
23 6 45
23 7 49
23 8 50
23 9 53
23 10 52
23 11 49
23 12 46
23 13 63
23 14 53
23 15 45
23 16 45
23 17 57
23 18 50
23 19 51
23 20 55
23 21 57
23 22 56
23 23 60
23 24 47
23 25 45
23 26 49
23 27 49
23 28 41
23 29 54
23 30 46
23 31 47
23 32 53
23 33 57
23 34 52
23 35 41
23 36 42
23 37 42
23 38 45
23 39 46
23 40 52
23 41 53
23 42 45
23 43 52
23 44 52
23 45 48
23 46 41
23 47 60
23 48 55
23 49 58
23 50 51
23 51 54
23 52 41
23 53 46
23 54 69
23 55 49
23 56 47
23 57 58
23 58 47
23 59 58
23 60 58
23 61 48
23 62 66
23 63 56
23 64 42
23 65 53
23 66 41
23 67 37
23 68 51
23 69 48
23 70 53
23 71 50
23 72 50
23 73 44
23 74 44
23 75 61
23 76 56
23 77 51
23 78 56
23 79 44
23 80 49
23 81 47
23 82 45
23 83 45
23 84 65
23 85 53
23 86 44
23 87 46
23 88 37
23 89 51
23 90 57
23 91 53
23 92 45
23 93 42
23 94 46
23 95 53
23 96 49
23 97 33
23 98 52
23 99 51
23 100 42
23 101 48
23 102 51
23 103 45
23 104 30
23 105 48
23 106 46
23 107 63
23 108 50
23 109 47
23 110 49
23 111 55
23 112 59
23 113 39
23 114 59
23 115 46
23 116 54
23 117 52
23 118 43
23 119 43
23 120 42
23 121 58
23 122 46
23 123 46
23 124 46
23 125 53
23 126 40
23 127 52
23 128 53
23 129 43
23 130 47
23 131 52
23 132 52
23 133 35
23 134 55
23 135 43
23 136 50
23 137 40
23 138 41
23 139 52
23 140 44
23 141 58
23 142 36
23 143 46
23 144 53
23 145 46
23 146 44
23 147 52
23 148 54
23 149 54
24 0 58
24 1 36
24 2 45
24 3 41
24 4 56
24 5 54
24 6 47
24 7 41
24 8 43
24 9 47
24 10 51
24 11 50
24 12 62
24 13 52
24 14 43
24 15 46
24 16 53
24 17 36
24 18 42
24 19 46
24 20 54
24 21 51
24 22 61
24 23 57
24 24 47
24 25 64
24 26 52
24 27 50
24 28 47
24 29 40
24 30 53
24 31 40
24 32 48
24 33 44
24 34 56
24 35 51
24 36 37
24 37 53
24 38 40
24 39 49
24 40 50
24 41 54
24 42 52
24 43 49
24 44 66
24 45 43
24 46 55
24 47 47
24 48 55
24 49 55
24 50 35
24 51 46
24 52 44
24 53 46
24 54 49
24 55 42
24 56 44
24 57 49
24 58 62
24 59 53
24 60 50
24 61 51
24 62 60
24 63 58
24 64 47
24 65 44
24 66 52
24 67 56
24 68 55
24 69 60
24 70 58
24 71 53
24 72 49
24 73 52
24 74 49
24 75 44
24 76 41
24 77 48
24 78 47
24 79 57
24 80 69
24 81 39
24 82 50
24 83 57
24 84 46
24 85 46
24 86 50
24 87 49
24 88 37
24 89 44
24 90 47
24 91 54
24 92 50
24 93 44
24 94 57
24 95 52
24 96 63
24 97 65
24 98 34
24 99 61
24 100 36
24 101 47
24 102 48
24 103 38
24 104 47
24 105 58
24 106 35
24 107 52
24 108 55
24 109 58
24 110 44
24 111 38
24 112 48
24 113 45
24 114 53
24 115 46
24 116 53
24 117 46
24 118 42
24 119 58
24 120 47
24 121 43
24 122 56
24 123 41
24 124 36
24 125 45
24 126 41
24 127 42
24 128 43
24 129 42
24 130 52
24 131 51
24 132 39
24 133 42
24 134 50
24 135 41
24 136 63
24 137 52
24 138 44
24 139 41
24 140 46
24 141 45
24 142 51
24 143 49
24 144 51
24 145 54
24 146 49
24 147 58
24 148 55
24 149 53
25 0 44
25 1 48
25 2 49
25 3 57
25 4 47
25 5 52
25 6 37
25 7 60
25 8 39
25 9 57
25 10 55
25 11 54
25 12 31
25 13 36
25 14 41
25 15 48
25 16 42
25 17 56
25 18 49
25 19 60
25 20 51
25 21 59
25 22 47
25 23 54
25 24 51
25 25 49
25 26 51
25 27 57
25 28 58
25 29 51
25 30 46
25 31 55
25 32 44
25 33 47
25 34 50
25 35 47
25 36 53
25 37 59
25 38 49
25 39 37
25 40 60
25 41 39
25 42 47
25 43 50
25 44 50
25 45 51
25 46 44
25 47 50
25 48 38
25 49 65
25 50 48
25 51 53
25 52 54
25 53 54
25 54 50
25 55 40
25 56 46
25 57 45
25 58 51
25 59 36
25 60 50
25 61 47
25 62 54
25 63 51
25 64 51
25 65 55
25 66 55
25 67 51
25 68 58
25 69 45
25 70 51
25 71 45
25 72 47
25 73 60
25 74 57
25 75 59
25 76 60
25 77 45
25 78 55
25 79 53
25 80 41
25 81 44
25 82 41
25 83 51
25 84 45
25 85 50
25 86 48
25 87 45
25 88 49
25 89 43
25 90 52
25 91 44
25 92 48
25 93 46
25 94 68
25 95 38
25 96 42
25 97 45
25 98 50
25 99 53
25 100 50
25 101 42
25 102 45
25 103 47
25 104 41
25 105 52
25 106 44
25 107 51
25 108 59
25 109 50
25 110 47
25 111 59
25 112 55
25 113 64
25 114 39
25 115 65
25 116 48
25 117 50
25 118 40
25 119 50
25 120 63
25 121 43
25 122 46
25 123 51
25 124 44
25 125 47
25 126 64
25 127 56
25 128 44
25 129 44
25 130 42
25 131 47
25 132 46
25 133 51
25 134 60
25 135 62
25 136 58
25 137 42
25 138 54
25 139 45
25 140 55
25 141 43
25 142 40
25 143 42
25 144 39
25 145 46
25 146 47
25 147 52
25 148 59
25 149 54
26 0 45
26 1 47
26 2 55
26 3 51
26 4 49
26 5 33
26 6 44
26 7 46
26 8 59
26 9 62
26 10 51
26 11 46
26 12 50
26 13 39
26 14 47
26 15 49
26 16 45
26 17 58
26 18 59
26 19 45
26 20 50
26 21 41
26 22 63
26 23 43
26 24 41
26 25 41
26 26 50
26 27 56
26 28 30
26 29 57
26 30 48
26 31 51
26 32 45
26 33 58
26 34 54
26 35 53
26 36 38
26 37 44
26 38 38
26 39 50
26 40 49
26 41 46
26 42 45
26 43 51
26 44 54
26 45 44
26 46 47
26 47 54
26 48 42
26 49 46
26 50 36
26 51 61
26 52 47
26 53 54
26 54 40
26 55 46
26 56 61
26 57 44
26 58 52
26 59 56
26 60 47
26 61 38
26 62 54
26 63 56
26 64 49
26 65 40
26 66 52
26 67 40
26 68 43
26 69 49
26 70 33
26 71 39
26 72 45
26 73 47
26 74 47
26 75 49
26 76 52
26 77 56
26 78 55
26 79 50
26 80 46
26 81 45
26 82 47
26 83 38
26 84 50
26 85 50
26 86 55
26 87 51
26 88 44
26 89 47
26 90 45
26 91 51
26 92 44
26 93 47
26 94 48
26 95 52
26 96 42
26 97 48
26 98 39
26 99 58
26 100 40
26 101 58
26 102 48
26 103 47
26 104 55
26 105 37
26 106 50
26 107 47
26 108 47
26 109 41
26 110 58
26 111 51
26 112 48
26 113 45
26 114 31
26 115 37
26 116 38
26 117 38
26 118 46
26 119 45
26 120 42
26 121 55
26 122 38
26 123 52
26 124 48
26 125 50
26 126 41
26 127 50
26 128 47
26 129 58
26 130 49
26 131 53
26 132 57
26 133 45
26 134 65
26 135 39
26 136 38
26 137 41
26 138 54
26 139 38
26 140 43
26 141 37
26 142 39
26 143 46
26 144 31
26 145 54
26 146 51
26 147 54
26 148 48
26 149 36
27 0 43
27 1 44
27 2 55
27 3 58
27 4 53
27 5 63
27 6 38
27 7 45
27 8 45
27 9 50
27 10 42
27 11 53
27 12 41
27 13 51
27 14 46
27 15 49
27 16 46
27 17 55
27 18 45
27 19 60
27 20 50
27 21 59
27 22 36
27 23 50
27 24 33
27 25 42
27 26 45
27 27 50
27 28 53
27 29 48
27 30 55
27 31 51
27 32 44
27 33 42
27 34 49
27 35 52
27 36 50
27 37 44
27 38 44
27 39 52
27 40 42
27 41 48
27 42 49
27 43 46
27 44 52
27 45 53
27 46 39
27 47 54
27 48 52
27 49 46
27 50 37
27 51 46
27 52 50
27 53 40
27 54 52
27 55 51
27 56 52
27 57 52
27 58 49
27 59 49
27 60 56
27 61 47
27 62 49
27 63 45
27 64 35
27 65 43
27 66 52
27 67 46
27 68 44
27 69 37
27 70 49
27 71 49
27 72 48
27 73 57
27 74 42
27 75 44
27 76 47
27 77 41
27 78 45
27 79 60
27 80 55
27 81 49
27 82 54
27 83 51
27 84 50
27 85 45
27 86 48
27 87 65
27 88 41
27 89 47
27 90 54
27 91 30
27 92 54
27 93 54
27 94 62
27 95 48
27 96 54
27 97 48
27 98 43
27 99 44
27 100 43
27 101 57
27 102 44
27 103 52
27 104 45
27 105 58
27 106 52
27 107 44
27 108 40
27 109 45
27 110 43
27 111 46
27 112 47
27 113 44
27 114 43
27 115 43
27 116 56
27 117 45
27 118 40
27 119 40
27 120 52
27 121 53
27 122 54
27 123 49
27 124 47
27 125 54
27 126 56
27 127 42
27 128 46
27 129 53
27 130 56
27 131 46
27 132 41
27 133 50
27 134 54
27 135 48
27 136 55
27 137 48
27 138 54
27 139 40
27 140 57
27 141 46
27 142 42
27 143 53
27 144 45
27 145 53
27 146 55
27 147 43
27 148 41
27 149 49
28 0 47
28 1 42
28 2 45
28 3 41
28 4 44
28 5 61
28 6 45
28 7 48
28 8 53
28 9 58
28 10 47
28 11 52
28 12 53
28 13 44
28 14 33
28 15 46
28 16 51
28 17 41
28 18 53
28 19 53
28 20 56
28 21 51
28 22 48
28 23 57
28 24 46
28 25 50
28 26 57
28 27 45
28 28 54
28 29 41
28 30 51
28 31 31
28 32 37
28 33 47
28 34 48
28 35 51
28 36 45
28 37 44
28 38 44
28 39 47
28 40 47
28 41 44
28 42 50
28 43 56
28 44 43
28 45 52
28 46 48
28 47 58
28 48 47
28 49 42
28 50 39
28 51 59
28 52 35
28 53 60
28 54 61
28 55 58
28 56 58
28 57 44
28 58 55
28 59 49
28 60 45
28 61 51
28 62 53
28 63 46
28 64 54
28 65 36
28 66 37
28 67 41
28 68 59
28 69 39
28 70 42
28 71 53
28 72 57
28 73 42
28 74 39
28 75 50
28 76 48
28 77 54
28 78 41
28 79 43
28 80 40
28 81 60
28 82 44
28 83 43
28 84 55
28 85 45
28 86 46
28 87 51
28 88 54
28 89 41
28 90 47
28 91 55
28 92 55
28 93 50
28 94 45
28 95 45
28 96 44
28 97 37
28 98 44
28 99 58
28 100 26
28 101 47
28 102 47
28 103 56
28 104 53
28 105 47
28 106 39
28 107 61
28 108 49
28 109 46
28 110 55
28 111 52
28 112 41
28 113 56
28 114 41
28 115 62
28 116 56
28 117 36
28 118 42
28 119 60
28 120 39
28 121 50
28 122 45
28 123 49
28 124 48
28 125 55
28 126 45
28 127 47
28 128 48
28 129 56
28 130 52
28 131 46
28 132 38
28 133 52
28 134 51
28 135 49
28 136 43
28 137 43
28 138 59
28 139 41
28 140 39
28 141 40
28 142 55
28 143 40
28 144 38
28 145 54
28 146 45
28 147 47
28 148 51
28 149 48
29 0 53
29 1 49
29 2 35
29 3 57
29 4 50
29 5 44
29 6 60
29 7 48
29 8 45
29 9 39
29 10 50
29 11 43
29 12 53
29 13 46
29 14 31
29 15 39
29 16 45
29 17 57
29 18 47
29 19 54
29 20 55
29 21 40
29 22 50
29 23 47
29 24 40
29 25 57
29 26 53
29 27 66
29 28 46
29 29 52
29 30 49
29 31 43
29 32 49
29 33 44
29 34 45
29 35 44
29 36 61
29 37 48
29 38 51
29 39 42
29 40 50
29 41 51
29 42 43
29 43 50
29 44 51
29 45 55
29 46 57
29 47 53
29 48 44
29 49 53
29 50 54
29 51 48
29 52 51
29 53 42
29 54 49
29 55 54
29 56 60
29 57 42
29 58 60
29 59 51
29 60 42
29 61 48
29 62 49
29 63 57
29 64 53
29 65 46
29 66 51
29 67 63
29 68 56
29 69 62
29 70 41
29 71 38
29 72 59
29 73 46
29 74 42
29 75 56
29 76 54
29 77 44
29 78 43
29 79 49
29 80 52
29 81 53
29 82 34
29 83 36
29 84 46
29 85 54
29 86 55
29 87 57
29 88 50
29 89 47
29 90 53
29 91 42
29 92 46
29 93 50
29 94 29
29 95 50
29 96 45
29 97 53
29 98 52
29 99 43
29 100 41
29 101 40
29 102 57
29 103 50
29 104 41
29 105 51
29 106 41
29 107 42
29 108 46
29 109 47
29 110 50
29 111 60
29 112 59
29 113 39
29 114 55
29 115 43
29 116 46
29 117 47
29 118 57
29 119 50
29 120 49
29 121 52
29 122 46
29 123 57
29 124 54
29 125 46
29 126 55
29 127 44
29 128 52
29 129 42
29 130 51
29 131 48
29 132 44
29 133 51
29 134 61
29 135 59
29 136 41
29 137 42
29 138 58
29 139 46
29 140 50
29 141 47
29 142 48
29 143 46
29 144 45
29 145 51
29 146 45
29 147 45
29 148 44
29 149 32
30 0 44
30 1 62
30 2 50
30 3 51
30 4 51
30 5 42
30 6 58
30 7 50
30 8 45
30 9 53
30 10 51
30 11 45
30 12 51
30 13 50
30 14 53
30 15 52
30 16 39
30 17 47
30 18 51
30 19 40
30 20 37
30 21 45
30 22 48
30 23 61
30 24 50
30 25 63
30 26 49
30 27 55
30 28 49
30 29 51
30 30 37
30 31 62
30 32 40
30 33 50
30 34 45
30 35 48
30 36 50
30 37 42
30 38 54
30 39 52
30 40 44
30 41 61
30 42 52
30 43 46
30 44 45
30 45 57
30 46 57
30 47 43
30 48 40
30 49 58
30 50 45
30 51 56
30 52 48
30 53 39
30 54 55
30 55 41
30 56 55
30 57 45
30 58 53
30 59 60
30 60 45
30 61 33
30 62 48
30 63 46
30 64 68
30 65 44
30 66 39
30 67 51
30 68 56
30 69 50
30 70 48
30 71 45
30 72 45
30 73 59
30 74 50
30 75 32
30 76 46
30 77 56
30 78 34
30 79 51
30 80 58
30 81 65
30 82 70
30 83 44
30 84 48
30 85 53
30 86 48
30 87 44
30 88 29
30 89 43
30 90 54
30 91 56
30 92 45
30 93 36
30 94 47
30 95 53
30 96 37
30 97 49
30 98 40
30 99 45
30 100 46
30 101 44
30 102 52
30 103 55
30 104 59
30 105 48
30 106 42
30 107 44
30 108 41
30 109 59
30 110 46
30 111 42
30 112 48
30 113 53
30 114 45
30 115 60
30 116 45
30 117 49
30 118 40
30 119 53
30 120 49
30 121 42
30 122 33
30 123 50
30 124 64
30 125 53
30 126 45
30 127 50
30 128 45
30 129 53
30 130 55
30 131 51
30 132 51
30 133 46
30 134 41
30 135 43
30 136 38
30 137 48
30 138 45
30 139 50
30 140 57
30 141 48
30 142 54
30 143 29
30 144 40
30 145 45
30 146 56
30 147 51
30 148 50
30 149 42
31 0 46
31 1 54
31 2 35
31 3 55
31 4 56
31 5 46
31 6 52
31 7 55
31 8 43
31 9 45
31 10 63
31 11 47
31 12 37
31 13 51
31 14 40
31 15 44
31 16 44
31 17 66
31 18 36
31 19 51
31 20 46
31 21 48
31 22 46
31 23 53
31 24 46
31 25 42
31 26 39
31 27 52
31 28 56
31 29 47
31 30 52
31 31 50
31 32 57
31 33 42
31 34 48
31 35 45
31 36 65
31 37 54
31 38 41
31 39 59
31 40 40
31 41 56
31 42 52
31 43 50
31 44 40
31 45 48
31 46 40
31 47 46
31 48 46
31 49 53
31 50 42
31 51 56
31 52 39
31 53 42
31 54 48
31 55 62
31 56 35
31 57 51
31 58 46
31 59 49
31 60 44
31 61 42
31 62 50
31 63 63
31 64 57
31 65 39
31 66 33
31 67 45
31 68 48
31 69 56
31 70 38
31 71 46
31 72 55
31 73 49
31 74 51
31 75 50
31 76 52
31 77 54
31 78 41
31 79 55
31 80 45
31 81 47
31 82 53
31 83 41
31 84 43
31 85 47
31 86 44
31 87 39
31 88 51
31 89 41
31 90 49
31 91 53
31 92 37
31 93 53
31 94 40
31 95 48
31 96 46
31 97 50
31 98 63
31 99 59
31 100 49
31 101 43
31 102 60
31 103 47
31 104 46
31 105 55
31 106 60
31 107 42
31 108 46
31 109 49
31 110 38
31 111 52
31 112 43
31 113 49
31 114 59
31 115 56
31 116 62
31 117 52
31 118 62
31 119 41
31 120 35
31 121 59
31 122 43
31 123 38
31 124 51
31 125 32
31 126 51
31 127 57
31 128 56
31 129 49
31 130 49
31 131 40
31 132 39
31 133 54
31 134 43
31 135 43
31 136 43
31 137 50
31 138 57
31 139 43
31 140 50
31 141 54
31 142 46
31 143 72
31 144 58
31 145 43
31 146 46
31 147 47
31 148 43
31 149 50
32 0 40
32 1 53
32 2 49
32 3 47
32 4 60
32 5 48
32 6 47
32 7 61
32 8 50
32 9 42
32 10 46
32 11 49
32 12 51
32 13 42
32 14 32
32 15 42
32 16 47
32 17 42
32 18 44
32 19 50
32 20 55
32 21 46
32 22 55
32 23 42
32 24 32
32 25 35
32 26 44
32 27 51
32 28 46
32 29 44
32 30 47
32 31 42
32 32 43
32 33 47
32 34 45
32 35 43
32 36 49
32 37 53
32 38 52
32 39 47
32 40 65
32 41 57
32 42 52
32 43 49
32 44 46
32 45 48
32 46 55
32 47 58
32 48 58
32 49 47
32 50 60
32 51 53
32 52 55
32 53 57
32 54 59
32 55 52
32 56 55
32 57 61
32 58 46
32 59 54
32 60 48
32 61 40
32 62 49
32 63 51
32 64 48
32 65 54
32 66 52
32 67 46
32 68 54
32 69 45
32 70 43
32 71 60
32 72 45
32 73 60
32 74 49
32 75 45
32 76 42
32 77 47
32 78 36
32 79 46
32 80 51
32 81 51
32 82 54
32 83 51
32 84 46
32 85 51
32 86 47
32 87 51
32 88 39
32 89 52
32 90 47
32 91 47
32 92 38
32 93 40
32 94 36
32 95 42
32 96 40
32 97 49
32 98 42
32 99 46
32 100 42
32 101 52
32 102 45
32 103 43
32 104 40
32 105 54
32 106 56
32 107 49
32 108 45
32 109 46
32 110 44
32 111 52
32 112 46
32 113 47
32 114 38
32 115 49
32 116 49
32 117 55
32 118 55
32 119 48
32 120 49
32 121 58
32 122 45
32 123 46
32 124 57
32 125 55
32 126 43
32 127 48
32 128 41
32 129 49
32 130 52
32 131 46
32 132 55
32 133 51
32 134 44
32 135 54
32 136 58
32 137 41
32 138 54
32 139 43
32 140 48
32 141 34
32 142 53
32 143 42
32 144 50
32 145 52
32 146 54
32 147 54
32 148 36
32 149 40
33 0 41
33 1 42
33 2 42
33 3 48
33 4 54
33 5 57
33 6 47
33 7 44
33 8 60
33 9 41
33 10 49
33 11 64
33 12 48
33 13 59
33 14 46
33 15 55
33 16 51
33 17 52
33 18 48
33 19 56
33 20 50
33 21 50
33 22 54
33 23 38
33 24 44
33 25 45
33 26 51
33 27 52
33 28 60
33 29 51
33 30 55
33 31 41
33 32 57
33 33 42
33 34 59
33 35 52
33 36 53
33 37 42
33 38 47
33 39 41
33 40 53
33 41 62
33 42 39
33 43 39
33 44 46
33 45 55
33 46 57
33 47 61
33 48 51
33 49 57
33 50 45
33 51 49
33 52 47
33 53 51
33 54 49
33 55 48
33 56 52
33 57 53
33 58 46
33 59 51
33 60 51
33 61 54
33 62 44
33 63 46
33 64 42
33 65 50
33 66 51
33 67 46
33 68 47
33 69 49
33 70 35
33 71 50
33 72 59
33 73 55
33 74 54
33 75 42
33 76 38
33 77 52
33 78 37
33 79 54
33 80 51
33 81 51
33 82 38
33 83 42
33 84 53
33 85 54
33 86 57
33 87 47
33 88 48
33 89 52
33 90 43
33 91 42
33 92 58
33 93 48
33 94 51
33 95 46
33 96 52
33 97 48
33 98 38
33 99 49
33 100 38
33 101 49
33 102 55
33 103 53
33 104 42
33 105 48
33 106 58
33 107 31
33 108 50
33 109 41
33 110 45
33 111 56
33 112 45
33 113 47
33 114 46
33 115 48
33 116 40
33 117 45
33 118 58
33 119 46
33 120 40
33 121 47
33 122 51
33 123 48
33 124 44
33 125 56
33 126 42
33 127 45
33 128 46
33 129 39
33 130 42
33 131 48
33 132 54
33 133 52
33 134 42
33 135 49
33 136 45
33 137 49
33 138 54
33 139 52
33 140 55
33 141 55
33 142 44
33 143 44
33 144 57
33 145 57
33 146 58
33 147 53
33 148 40
33 149 45
34 0 44
34 1 54
34 2 49
34 3 49
34 4 50
34 5 45
34 6 60
34 7 44
34 8 47
34 9 46
34 10 40
34 11 47
34 12 44
34 13 46
34 14 41
34 15 44
34 16 44
34 17 44
34 18 53
34 19 46
34 20 42
34 21 56
34 22 46
34 23 51
34 24 55
34 25 46
34 26 49
34 27 54
34 28 42
34 29 51
34 30 48
34 31 48
34 32 47
34 33 38
34 34 55
34 35 69
34 36 57
34 37 55
34 38 61
34 39 40
34 40 44
34 41 57
34 42 39
34 43 48
34 44 48
34 45 42
34 46 49
34 47 54
34 48 51
34 49 53
34 50 63
34 51 45
34 52 46
34 53 47
34 54 56
34 55 53
34 56 60
34 57 43
34 58 56
34 59 37
34 60 54
34 61 47
34 62 50
34 63 48
34 64 50
34 65 46
34 66 59
34 67 52
34 68 45
34 69 50
34 70 52
34 71 33
34 72 42
34 73 54
34 74 50
34 75 55
34 76 48
34 77 61
34 78 40
34 79 48
34 80 41
34 81 52
34 82 51
34 83 48
34 84 41
34 85 59
34 86 66
34 87 52
34 88 40
34 89 39
34 90 51
34 91 42
34 92 47
34 93 37
34 94 53
34 95 50
34 96 49
34 97 41
34 98 41
34 99 45
34 100 53
34 101 42
34 102 44
34 103 44
34 104 34
34 105 59
34 106 54
34 107 47
34 108 47
34 109 46
34 110 42
34 111 46
34 112 51
34 113 53
34 114 43
34 115 48
34 116 47
34 117 47
34 118 50
34 119 52
34 120 60
34 121 68
34 122 54
34 123 33
34 124 44
34 125 54
34 126 44
34 127 47
34 128 44
34 129 46
34 130 49
34 131 53
34 132 41
34 133 57
34 134 61
34 135 49
34 136 39
34 137 44
34 138 44
34 139 50
34 140 61
34 141 46
34 142 52
34 143 53
34 144 47
34 145 55
34 146 51
34 147 55
34 148 41
34 149 52
35 0 41
35 1 50
35 2 46
35 3 45
35 4 47
35 5 55
35 6 46
35 7 53
35 8 49
35 9 63
35 10 53
35 11 54
35 12 42
35 13 52
35 14 44
35 15 41
35 16 33
35 17 53
35 18 47
35 19 45
35 20 44
35 21 56
35 22 50
35 23 49
35 24 41
35 25 47
35 26 46
35 27 44
35 28 48
35 29 60
35 30 52
35 31 46
35 32 34
35 33 59
35 34 59
35 35 45
35 36 52
35 37 51
35 38 45
35 39 55
35 40 49
35 41 57
35 42 43
35 43 28
35 44 45
35 45 49
35 46 48
35 47 52
35 48 42
35 49 57
35 50 45
35 51 50
35 52 58
35 53 41
35 54 56
35 55 43
35 56 47
35 57 44
35 58 46
35 59 46
35 60 43
35 61 54
35 62 50
35 63 42
35 64 51
35 65 45
35 66 42
35 67 55
35 68 45
35 69 48
35 70 46
35 71 48
35 72 47
35 73 43
35 74 43
35 75 29
35 76 52
35 77 40
35 78 59
35 79 46
35 80 48
35 81 56
35 82 42
35 83 50
35 84 54
35 85 60
35 86 48
35 87 50
35 88 55
35 89 49
35 90 33
35 91 47
35 92 46
35 93 41
35 94 56
35 95 46
35 96 43
35 97 46
35 98 40
35 99 55
35 100 35
35 101 46
35 102 46
35 103 49
35 104 53
35 105 50
35 106 47
35 107 54
35 108 49
35 109 39
35 110 51
35 111 61
35 112 60
35 113 32
35 114 46
35 115 46
35 116 56
35 117 56
35 118 46
35 119 45
35 120 55
35 121 51
35 122 44
35 123 33
35 124 45
35 125 41
35 126 47
35 127 64
35 128 60
35 129 52
35 130 39
35 131 44
35 132 44
35 133 48
35 134 45
35 135 56
35 136 56
35 137 46
35 138 44
35 139 51
35 140 39
35 141 41
35 142 46
35 143 43
35 144 52
35 145 58
35 146 55
35 147 48
35 148 60
35 149 44
36 0 39
36 1 60
36 2 51
36 3 42
36 4 54
36 5 43
36 6 42
36 7 49
36 8 39
36 9 47
36 10 41
36 11 48
36 12 52
36 13 53
36 14 41
36 15 37
36 16 44
36 17 57
36 18 43
36 19 61
36 20 51
36 21 53
36 22 48
36 23 40
36 24 53
36 25 49
36 26 51
36 27 41
36 28 50
36 29 50
36 30 44
36 31 42
36 32 44
36 33 59
36 34 44
36 35 54
36 36 61
36 37 51
36 38 59
36 39 49
36 40 50
36 41 59
36 42 52
36 43 55
36 44 46
36 45 54
36 46 45
36 47 56
36 48 50
36 49 34
36 50 42
36 51 65
36 52 48
36 53 52
36 54 55
36 55 54
36 56 45
36 57 55
36 58 45
36 59 59
36 60 40
36 61 45
36 62 41
36 63 33
36 64 49
36 65 50
36 66 50
36 67 44
36 68 55
36 69 47
36 70 58
36 71 40
36 72 45
36 73 51
36 74 47
36 75 43
36 76 57
36 77 50
36 78 52
36 79 50
36 80 50
36 81 56
36 82 45
36 83 52
36 84 57
36 85 42
36 86 48
36 87 47
36 88 46
36 89 34
36 90 50
36 91 36
36 92 48
36 93 47
36 94 47
36 95 34
36 96 40
36 97 34
36 98 46
36 99 50
36 100 52
36 101 33
36 102 41
36 103 54
36 104 48
36 105 49
36 106 43
36 107 41
36 108 44
36 109 45
36 110 49
36 111 49
36 112 57
36 113 50
36 114 45
36 115 54
36 116 54
36 117 39
36 118 48
36 119 46
36 120 49
36 121 43
36 122 44
36 123 50
36 124 45
36 125 53
36 126 61
36 127 45
36 128 48
36 129 46
36 130 56
36 131 46
36 132 43
36 133 42
36 134 39
36 135 32
36 136 61
36 137 47
36 138 47
36 139 53
36 140 44
36 141 55
36 142 44
36 143 58
36 144 46
36 145 50
36 146 48
36 147 45
36 148 42
36 149 54
37 0 61
37 1 47
37 2 49
37 3 53
37 4 53
37 5 39
37 6 46
37 7 60
37 8 39
37 9 49
37 10 49
37 11 52
37 12 47
37 13 52
37 14 37
37 15 50
37 16 53
37 17 55
37 18 52
37 19 51
37 20 48
37 21 41
37 22 47
37 23 53
37 24 48
37 25 56
37 26 48
37 27 48
37 28 43
37 29 52
37 30 38
37 31 45
37 32 54
37 33 47
37 34 48
37 35 53
37 36 51
37 37 49
37 38 45
37 39 43
37 40 52
37 41 51
37 42 50
37 43 63
37 44 42
37 45 50
37 46 47
37 47 60
37 48 53
37 49 49
37 50 64
37 51 47
37 52 43
37 53 51
37 54 50
37 55 50
37 56 38
37 57 43
37 58 46
37 59 49
37 60 55
37 61 49
37 62 43
37 63 46
37 64 56
37 65 51
37 66 68
37 67 51
37 68 55
37 69 50
37 70 42
37 71 43
37 72 49
37 73 46
37 74 61
37 75 48
37 76 47
37 77 53
37 78 47
37 79 48
37 80 48
37 81 56
37 82 45
37 83 42
37 84 44
37 85 60
37 86 49
37 87 38
37 88 57
37 89 57
37 90 53
37 91 43
37 92 44
37 93 41
37 94 45
37 95 46
37 96 42
37 97 46
37 98 50
37 99 60
37 100 46
37 101 52
37 102 41
37 103 52
37 104 46
37 105 46
37 106 36
37 107 54
37 108 44
37 109 46
37 110 60
37 111 48
37 112 43
37 113 48
37 114 61
37 115 52
37 116 45
37 117 47
37 118 56
37 119 51
37 120 41
37 121 52
37 122 52
37 123 53
37 124 49
37 125 43
37 126 52
37 127 58
37 128 40
37 129 39
37 130 32
37 131 58
37 132 50
37 133 55
37 134 47
37 135 42
37 136 64
37 137 56
37 138 55
37 139 47
37 140 36
37 141 51
37 142 68
37 143 65
37 144 54
37 145 52
37 146 52
37 147 44
37 148 48
37 149 43
38 0 43
38 1 55
38 2 39
38 3 59
38 4 58
38 5 45
38 6 39
38 7 39
38 8 35
38 9 48
38 10 54
38 11 42
38 12 44
38 13 48
38 14 38
38 15 47
38 16 37
38 17 32
38 18 35
38 19 46
38 20 40
38 21 43
38 22 48
38 23 34
38 24 49
38 25 49
38 26 49
38 27 49
38 28 44
38 29 45
38 30 47
38 31 59
38 32 46
38 33 53
38 34 43
38 35 52
38 36 51
38 37 46
38 38 47
38 39 46
38 40 50
38 41 52
38 42 48
38 43 41
38 44 37
38 45 56
38 46 61
38 47 46
38 48 46
38 49 45
38 50 57
38 51 35
38 52 54
38 53 51
38 54 51
38 55 56
38 56 52
38 57 39
38 58 61
38 59 47
38 60 46
38 61 56
38 62 43
38 63 62
38 64 51
38 65 39
38 66 44
38 67 46
38 68 34
38 69 48
38 70 47
38 71 45
38 72 49
38 73 49
38 74 58
38 75 52
38 76 36
38 77 60
38 78 46
38 79 56
38 80 37
38 81 54
38 82 36
38 83 31
38 84 45
38 85 53
38 86 36
38 87 44
38 88 60
38 89 51
38 90 47
38 91 55
38 92 43
38 93 36
38 94 50
38 95 37
38 96 57
38 97 50
38 98 49
38 99 45
38 100 45
38 101 43
38 102 58
38 103 41
38 104 37
38 105 46
38 106 44
38 107 47
38 108 50
38 109 48
38 110 48
38 111 44
38 112 43
38 113 59
38 114 49
38 115 48
38 116 67
38 117 46
38 118 41
38 119 40
38 120 61
38 121 48
38 122 49
38 123 43
38 124 51
38 125 35
38 126 40
38 127 58
38 128 53
38 129 43
38 130 51
38 131 54
38 132 65
38 133 43
38 134 42
38 135 38
38 136 48
38 137 48
38 138 49
38 139 61
38 140 55
38 141 42
38 142 54
38 143 55
38 144 60
38 145 54
38 146 49
38 147 61
38 148 51
38 149 56
39 0 38
39 1 37
39 2 49
39 3 54
39 4 54
39 5 49
39 6 55
39 7 40
39 8 55
39 9 47
39 10 44
39 11 47
39 12 45
39 13 47
39 14 58
39 15 52
39 16 57
39 17 57
39 18 38
39 19 44
39 20 44
39 21 36
39 22 35
39 23 38
39 24 65
39 25 39
39 26 52
39 27 56
39 28 46
39 29 42
39 30 50
39 31 35
39 32 47
39 33 57
39 34 66
39 35 51
39 36 54
39 37 32
39 38 44
39 39 53
39 40 41
39 41 42
39 42 39
39 43 62
39 44 48
39 45 40
39 46 49
39 47 51
39 48 48
39 49 43
39 50 55
39 51 48
39 52 44
39 53 54
39 54 40
39 55 46
39 56 43
39 57 41
39 58 40
39 59 54
39 60 59
39 61 48
39 62 49
39 63 45
39 64 43
39 65 42
39 66 50
39 67 52
39 68 51
39 69 39
39 70 39
39 71 57
39 72 41
39 73 48
39 74 32
39 75 41
39 76 58
39 77 62
39 78 43
39 79 55
39 80 53
39 81 47
39 82 59
39 83 53
39 84 55
39 85 55
39 86 47
39 87 57
39 88 40
39 89 52
39 90 62
39 91 48
39 92 47
39 93 62
39 94 54
39 95 52
39 96 45
39 97 41
39 98 39
39 99 53
39 100 50
39 101 59
39 102 52
39 103 60
39 104 39
39 105 52
39 106 50
39 107 59
39 108 38
39 109 47
39 110 39
39 111 46
39 112 55
39 113 50
39 114 52
39 115 54
39 116 35
39 117 69
39 118 43
39 119 56
39 120 47
39 121 60
39 122 48
39 123 47
39 124 52
39 125 51
39 126 57
39 127 54
39 128 56
39 129 49
39 130 35
39 131 51
39 132 44
39 133 50
39 134 53
39 135 42
39 136 50
39 137 46
39 138 50
39 139 44
39 140 61
39 141 56
39 142 56
39 143 38
39 144 50
39 145 59
39 146 45
39 147 49
39 148 58
39 149 56
40 0 46
40 1 56
40 2 47
40 3 50
40 4 61
40 5 47
40 6 47
40 7 44
40 8 56
40 9 44
40 10 62
40 11 32
40 12 40
40 13 43
40 14 55
40 15 31
40 16 49
40 17 27
40 18 47
40 19 49
40 20 44
40 21 34
40 22 45
40 23 46
40 24 44
40 25 53
40 26 48
40 27 53
40 28 50
40 29 55
40 30 33
40 31 50
40 32 37
40 33 38
40 34 45
40 35 44
40 36 54
40 37 53
40 38 56
40 39 61
40 40 59
40 41 45
40 42 51
40 43 45
40 44 48
40 45 49
40 46 46
40 47 46
40 48 43
40 49 44
40 50 41
40 51 45
40 52 47
40 53 60
40 54 35
40 55 36
40 56 50
40 57 54
40 58 55
40 59 56
40 60 51
40 61 41
40 62 43
40 63 52
40 64 57
40 65 50
40 66 47
40 67 49
40 68 51
40 69 48
40 70 40
40 71 41
40 72 40
40 73 41
40 74 46
40 75 39
40 76 55
40 77 43
40 78 50
40 79 42
40 80 51
40 81 46
40 82 54
40 83 47
40 84 56
40 85 52
40 86 63
40 87 43
40 88 39
40 89 53
40 90 43
40 91 48
40 92 44
40 93 44
40 94 61
40 95 40
40 96 51
40 97 43
40 98 49
40 99 37
40 100 35
40 101 54
40 102 45
40 103 31
40 104 43
40 105 41
40 106 44
40 107 41
40 108 50
40 109 59
40 110 44
40 111 46
40 112 52
40 113 57
40 114 41
40 115 52
40 116 48
40 117 55
40 118 56
40 119 49
40 120 46
40 121 56
40 122 43
40 123 41
40 124 59
40 125 41
40 126 55
40 127 41
40 128 44
40 129 53
40 130 42
40 131 59
40 132 56
40 133 42
40 134 58
40 135 47
40 136 54
40 137 52
40 138 55
40 139 46
40 140 51
40 141 46
40 142 36
40 143 51
40 144 51
40 145 53
40 146 42
40 147 45
40 148 51
40 149 47
41 0 51
41 1 46
41 2 54
41 3 49
41 4 42
41 5 57
41 6 43
41 7 46
41 8 48
41 9 41
41 10 41
41 11 50
41 12 57
41 13 47
41 14 56
41 15 47
41 16 39
41 17 43
41 18 58
41 19 43
41 20 43
41 21 47
41 22 46
41 23 52
41 24 50
41 25 53
41 26 36
41 27 36
41 28 47
41 29 43
41 30 43
41 31 46
41 32 52
41 33 51
41 34 45
41 35 48
41 36 52
41 37 61
41 38 48
41 39 51
41 40 59
41 41 46
41 42 49
41 43 48
41 44 49
41 45 50
41 46 55
41 47 41
41 48 48
41 49 38
41 50 40
41 51 53
41 52 46
41 53 43
41 54 52
41 55 34
41 56 35
41 57 55
41 58 40
41 59 56
41 60 51
41 61 59
41 62 57
41 63 57
41 64 34
41 65 44
41 66 42
41 67 38
41 68 44
41 69 64
41 70 42
41 71 49
41 72 49
41 73 50
41 74 48
41 75 53
41 76 57
41 77 51
41 78 50
41 79 55
41 80 49
41 81 48
41 82 50
41 83 52
41 84 50
41 85 47
41 86 52
41 87 45
41 88 48
41 89 47
41 90 52
41 91 43
41 92 40
41 93 45
41 94 27
41 95 45
41 96 60
41 97 64
41 98 57
41 99 46
41 100 44
41 101 45
41 102 58
41 103 44
41 104 48
41 105 44
41 106 45
41 107 49
41 108 53
41 109 45
41 110 42
41 111 43
41 112 51
41 113 46
41 114 59
41 115 49
41 116 45
41 117 51
41 118 43
41 119 46
41 120 41
41 121 49
41 122 45
41 123 48
41 124 55
41 125 52
41 126 59
41 127 40
41 128 54
41 129 46
41 130 61
41 131 50
41 132 53
41 133 38
41 134 47
41 135 49
41 136 53
41 137 51
41 138 49
41 139 48
41 140 53
41 141 56
41 142 71
41 143 52
41 144 56
41 145 47
41 146 48
41 147 54
41 148 48
41 149 42
42 0 51
42 1 46
42 2 60
42 3 32
42 4 55
42 5 49
42 6 48
42 7 61
42 8 48
42 9 55
42 10 55
42 11 45
42 12 39
42 13 46
42 14 41
42 15 38
42 16 49
42 17 44
42 18 45
42 19 54
42 20 35
42 21 53
42 22 54
42 23 62
42 24 46
42 25 45
42 26 55
42 27 46
42 28 54
42 29 59
42 30 51
42 31 39
42 32 40
42 33 64
42 34 48
42 35 54
42 36 65
42 37 56
42 38 49
42 39 47
42 40 44
42 41 43
42 42 45
42 43 54
42 44 47
42 45 40
42 46 40
42 47 60
42 48 49
42 49 47
42 50 44
42 51 43
42 52 49
42 53 45
42 54 45
42 55 39
42 56 42
42 57 58
42 58 43
42 59 39
42 60 39
42 61 43
42 62 47
42 63 44
42 64 42
42 65 48
42 66 41
42 67 42
42 68 47
42 69 45
42 70 38
42 71 33
42 72 44
42 73 50
42 74 48
42 75 39
42 76 46
42 77 39
42 78 51
42 79 48
42 80 63
42 81 49
42 82 56
42 83 48
42 84 59
42 85 51
42 86 51
42 87 51
42 88 46
42 89 45
42 90 50
42 91 50
42 92 42
42 93 43
42 94 48
42 95 51
42 96 53
42 97 41
42 98 36
42 99 53
42 100 41
42 101 55
42 102 39
42 103 55
42 104 44
42 105 52
42 106 37
42 107 59
42 108 47
42 109 53
42 110 54
42 111 53
42 112 60
42 113 51
42 114 41
42 115 41
42 116 45
42 117 48
42 118 40
42 119 46
42 120 40
42 121 51
42 122 54
42 123 49
42 124 60
42 125 55
42 126 51
42 127 65
42 128 50
42 129 44
42 130 48
42 131 44
42 132 44
42 133 52
42 134 40
42 135 54
42 136 55
42 137 46
42 138 42
42 139 39
42 140 58
42 141 56
42 142 48
42 143 44
42 144 59
42 145 62
42 146 51
42 147 39
42 148 47
42 149 48
43 0 50
43 1 50
43 2 56
43 3 48
43 4 50
43 5 48
43 6 52
43 7 59
43 8 48
43 9 40
43 10 55
43 11 45
43 12 41
43 13 48
43 14 52
43 15 50
43 16 43
43 17 45
43 18 54
43 19 52
43 20 46
43 21 46
43 22 46
43 23 47
43 24 52
43 25 46
43 26 42
43 27 53
43 28 58
43 29 56
43 30 51
43 31 56
43 32 56
43 33 38
43 34 38
43 35 46
43 36 54
43 37 36
43 38 48
43 39 45
43 40 44
43 41 40
43 42 42
43 43 46
43 44 46
43 45 41
43 46 54
43 47 45
43 48 51
43 49 43
43 50 43
43 51 37
43 52 43
43 53 56
43 54 38
43 55 44
43 56 57
43 57 47
43 58 41
43 59 59
43 60 54
43 61 47
43 62 44
43 63 44
43 64 39
43 65 45
43 66 51
43 67 49
43 68 55
43 69 39
43 70 45
43 71 43
43 72 43
43 73 54
43 74 43
43 75 62
43 76 53
43 77 40
43 78 54
43 79 49
43 80 46
43 81 59
43 82 45
43 83 46
43 84 46
43 85 43
43 86 49
43 87 33
43 88 54
43 89 43
43 90 49
43 91 49
43 92 41
43 93 45
43 94 47
43 95 50
43 96 43
43 97 40
43 98 48
43 99 45
43 100 39
43 101 50
43 102 42
43 103 58
43 104 45
43 105 50
43 106 50
43 107 51
43 108 46
43 109 45
43 110 57
43 111 54
43 112 57
43 113 48
43 114 49
43 115 57
43 116 46
43 117 50
43 118 42
43 119 63
43 120 42
43 121 41
43 122 51
43 123 49
43 124 52
43 125 45
43 126 61
43 127 48
43 128 49
43 129 46
43 130 49
43 131 46
43 132 47
43 133 44
43 134 46
43 135 52
43 136 51
43 137 47
43 138 57
43 139 54
43 140 43
43 141 50
43 142 51
43 143 50
43 144 54
43 145 50
43 146 52
43 147 42
43 148 48
43 149 46
44 0 49
44 1 39
44 2 45
44 3 45
44 4 44
44 5 50
44 6 44
44 7 47
44 8 44
44 9 50
44 10 40
44 11 39
44 12 53
44 13 52
44 14 62
44 15 39
44 16 35
44 17 44
44 18 41
44 19 52
44 20 50
44 21 44
44 22 39
44 23 54
44 24 52
44 25 50
44 26 38
44 27 48
44 28 53
44 29 36
44 30 46
44 31 41
44 32 53
44 33 59
44 34 50
44 35 54
44 36 45
44 37 44
44 38 46
44 39 49
44 40 45
44 41 45
44 42 35
44 43 39
44 44 36
44 45 58
44 46 44
44 47 44
44 48 37
44 49 53
44 50 42
44 51 45
44 52 46
44 53 35
44 54 64
44 55 45
44 56 40
44 57 42
44 58 37
44 59 57
44 60 61
44 61 39
44 62 51
44 63 57
44 64 54
44 65 59
44 66 47
44 67 48
44 68 42
44 69 57
44 70 49
44 71 37
44 72 50
44 73 47
44 74 43
44 75 44
44 76 43
44 77 50
44 78 40
44 79 54
44 80 46
44 81 65
44 82 49
44 83 44
44 84 43
44 85 57
44 86 56
44 87 51
44 88 39
44 89 49
44 90 48
44 91 57
44 92 45
44 93 39
44 94 34
44 95 53
44 96 61
44 97 47
44 98 43
44 99 48
44 100 45
44 101 56
44 102 46
44 103 55
44 104 50
44 105 48
44 106 52
44 107 38
44 108 47
44 109 52
44 110 36
44 111 54
44 112 43
44 113 57
44 114 42
44 115 51
44 116 42
44 117 38
44 118 43
44 119 54
44 120 43
44 121 57
44 122 41
44 123 42
44 124 53
44 125 38
44 126 37
44 127 60
44 128 58
44 129 60
44 130 45
44 131 55
44 132 59
44 133 54
44 134 49
44 135 51
44 136 56
44 137 41
44 138 50
44 139 52
44 140 57
44 141 43
44 142 49
44 143 56
44 144 50
44 145 51
44 146 52
44 147 44
44 148 54
44 149 61
45 0 46
45 1 56
45 2 45
45 3 44
45 4 45
45 5 62
45 6 31
45 7 47
45 8 49
45 9 52
45 10 52
45 11 45
45 12 45
45 13 52
45 14 51
45 15 46
45 16 44
45 17 46
45 18 43
45 19 50
45 20 56
45 21 60
45 22 39
45 23 41
45 24 49
45 25 51
45 26 51
45 27 42
45 28 40
45 29 61
45 30 53
45 31 48
45 32 48
45 33 43
45 34 57
45 35 54
45 36 53
45 37 57
45 38 44
45 39 48
45 40 49
45 41 46
45 42 50
45 43 51
45 44 47
45 45 49
45 46 49
45 47 47
45 48 43
45 49 55
45 50 44
45 51 49
45 52 43
45 53 48
45 54 49
45 55 50
45 56 33
45 57 40
45 58 45
45 59 39
45 60 45
45 61 51
45 62 38
45 63 51
45 64 46
45 65 44
45 66 44
45 67 51
45 68 54
45 69 53
45 70 42
45 71 41
45 72 38
45 73 44
45 74 53
45 75 44
45 76 47
45 77 62
45 78 38
45 79 59
45 80 47
45 81 44
45 82 49
45 83 55
45 84 38
45 85 51
45 86 49
45 87 50
45 88 47
45 89 54
45 90 41
45 91 39
45 92 53
45 93 43
45 94 52
45 95 52
45 96 32
45 97 31
45 98 59
45 99 45
45 100 38
45 101 55
45 102 53
45 103 39
45 104 45
45 105 37
45 106 49
45 107 35
45 108 42
45 109 47
45 110 48
45 111 40
45 112 51
45 113 42
45 114 40
45 115 33
45 116 47
45 117 53
45 118 53
45 119 35
45 120 51
45 121 58
45 122 43
45 123 43
45 124 46
45 125 52
45 126 48
45 127 58
45 128 49
45 129 41
45 130 50
45 131 46
45 132 54
45 133 49
45 134 48
45 135 49
45 136 46
45 137 49
45 138 54
45 139 44
45 140 51
45 141 47
45 142 50
45 143 43
45 144 49
45 145 42
45 146 51
45 147 41
45 148 44
45 149 54
46 0 35
46 1 50
46 2 48
46 3 68
46 4 59
46 5 53
46 6 42
46 7 39
46 8 31
46 9 56
46 10 51
46 11 46
46 12 47
46 13 45
46 14 53
46 15 54
46 16 43
46 17 61
46 18 53
46 19 45
46 20 40
46 21 53
46 22 52
46 23 54
46 24 53
46 25 47
46 26 44
46 27 43
46 28 55
46 29 38
46 30 35
46 31 53
46 32 43
46 33 40
46 34 38
46 35 44
46 36 48
46 37 61
46 38 38
46 39 65
46 40 47
46 41 49
46 42 54
46 43 40
46 44 53
46 45 64
46 46 45
46 47 34
46 48 48
46 49 47
46 50 45
46 51 44
46 52 51
46 53 34
46 54 56
46 55 42
46 56 40
46 57 55
46 58 47
46 59 46
46 60 50
46 61 54
46 62 34
46 63 50
46 64 41
46 65 52
46 66 57
46 67 54
46 68 40
46 69 50
46 70 41
46 71 46
46 72 60
46 73 60
46 74 56
46 75 43
46 76 43
46 77 57
46 78 56
46 79 49
46 80 40
46 81 47
46 82 43
46 83 51
46 84 54
46 85 48
46 86 61
46 87 56
46 88 53
46 89 49
46 90 47
46 91 35
46 92 48
46 93 50
46 94 52
46 95 46
46 96 42
46 97 37
46 98 46
46 99 49
46 100 56
46 101 53
46 102 50
46 103 45
46 104 52
46 105 44
46 106 48
46 107 49
46 108 53
46 109 45
46 110 45
46 111 59
46 112 46
46 113 47
46 114 43
46 115 64
46 116 58
46 117 43
46 118 51
46 119 67
46 120 43
46 121 60
46 122 37
46 123 57
46 124 53
46 125 41
46 126 40
46 127 54
46 128 49
46 129 45
46 130 63
46 131 47
46 132 53
46 133 36
46 134 41
46 135 47
46 136 46
46 137 41
46 138 42
46 139 39
46 140 52
46 141 57
46 142 40
46 143 41
46 144 46
46 145 39
46 146 56
46 147 57
46 148 53
46 149 50
47 0 33
47 1 49
47 2 35
47 3 44
47 4 59
47 5 48
47 6 43
47 7 58
47 8 49
47 9 43
47 10 44
47 11 48
47 12 57
47 13 48
47 14 46
47 15 60
47 16 63
47 17 44
47 18 63
47 19 39
47 20 50
47 21 47
47 22 41
47 23 49
47 24 50
47 25 53
47 26 45
47 27 38
47 28 48
47 29 67
47 30 44
47 31 55
47 32 54
47 33 37
47 34 56
47 35 51
47 36 45
47 37 55
47 38 48
47 39 50
47 40 50
47 41 50
47 42 49
47 43 50
47 44 47
47 45 52
47 46 50
47 47 50
47 48 43
47 49 50
47 50 37
47 51 35
47 52 44
47 53 47
47 54 42
47 55 42
47 56 48
47 57 51
47 58 44
47 59 46
47 60 49
47 61 56
47 62 52
47 63 42
47 64 58
47 65 49
47 66 56
47 67 46
47 68 60
47 69 46
47 70 38
47 71 57
47 72 34
47 73 46
47 74 63
47 75 51
47 76 44
47 77 64
47 78 45
47 79 44
47 80 39
47 81 62
47 82 48
47 83 48
47 84 47
47 85 53
47 86 48
47 87 61
47 88 39
47 89 45
47 90 49
47 91 45
47 92 55
47 93 53
47 94 58
47 95 54
47 96 46
47 97 56
47 98 55
47 99 38
47 100 61
47 101 39
47 102 43
47 103 40
47 104 55
47 105 49
47 106 44
47 107 37
47 108 41
47 109 56
47 110 51
47 111 46
47 112 44
47 113 60
47 114 58
47 115 38
47 116 48
47 117 52
47 118 39
47 119 60
47 120 59
47 121 59
47 122 38
47 123 48
47 124 46
47 125 53
47 126 62
47 127 48
47 128 46
47 129 54
47 130 43
47 131 40
47 132 51
47 133 48
47 134 46
47 135 53
47 136 49
47 137 53
47 138 56
47 139 43
47 140 46
47 141 55
47 142 40
47 143 55
47 144 48
47 145 41
47 146 52
47 147 33
47 148 50
47 149 41
48 0 42
48 1 54
48 2 41
48 3 60
48 4 43
48 5 67
48 6 49
48 7 55
48 8 53
48 9 44
48 10 39
48 11 46
48 12 48
48 13 41
48 14 40
48 15 35
48 16 45
48 17 38
48 18 47
48 19 48
48 20 44
48 21 43
48 22 47
48 23 52
48 24 40
48 25 57
48 26 48
48 27 47
48 28 51
48 29 61
48 30 57
48 31 47
48 32 35
48 33 49
48 34 48
48 35 55
48 36 40
48 37 36
48 38 57
48 39 37
48 40 33
48 41 52
48 42 54
48 43 41
48 44 44
48 45 62
48 46 45
48 47 47
48 48 44
48 49 49
48 50 46
48 51 58
48 52 39
48 53 47
48 54 55
48 55 51
48 56 45
48 57 58
48 58 48
48 59 43
48 60 42
48 61 44
48 62 49
48 63 48
48 64 46
48 65 52
48 66 42
48 67 58
48 68 39
48 69 53
48 70 48
48 71 35
48 72 49
48 73 48
48 74 52
48 75 40
48 76 43
48 77 48
48 78 50
48 79 47
48 80 47
48 81 60
48 82 42
48 83 51
48 84 48
48 85 48
48 86 41
48 87 51
48 88 57
48 89 57
48 90 49
48 91 49
48 92 45
48 93 49
48 94 50
48 95 53
48 96 46
48 97 43
48 98 56
48 99 44
48 100 55
48 101 43
48 102 43
48 103 61
48 104 46
48 105 46
48 106 31
48 107 46
48 108 55
48 109 44
48 110 51
48 111 46
48 112 55
48 113 54
48 114 41
48 115 52
48 116 53
48 117 55
48 118 37
48 119 48
48 120 45
48 121 50
48 122 42
48 123 47
48 124 33
48 125 52
48 126 65
48 127 54
48 128 33
48 129 51
48 130 49
48 131 53
48 132 61
48 133 50
48 134 37
48 135 42
48 136 57
48 137 38
48 138 42
48 139 54
48 140 43
48 141 56
48 142 38
48 143 52
48 144 49
48 145 46
48 146 44
48 147 47
48 148 53
48 149 40
49 0 44
49 1 49
49 2 48
49 3 49
49 4 41
49 5 48
49 6 54
49 7 44
49 8 45
49 9 41
49 10 43
49 11 45
49 12 49
49 13 47
49 14 40
49 15 54
49 16 45
49 17 43
49 18 58
49 19 54
49 20 47
49 21 44
49 22 52
49 23 48
49 24 42
49 25 42
49 26 62
49 27 48
49 28 47
49 29 55
49 30 41
49 31 55
49 32 35
49 33 53
49 34 53
49 35 41
49 36 42
49 37 48
49 38 44
49 39 48
49 40 47
49 41 40
49 42 47
49 43 43
49 44 44
49 45 29
49 46 46
49 47 38
49 48 52
49 49 48
49 50 36
49 51 58
49 52 43
49 53 44
49 54 53
49 55 44
49 56 55
49 57 55
49 58 57
49 59 47
49 60 55
49 61 54
49 62 34
49 63 47
49 64 49
49 65 48
49 66 53
49 67 56
49 68 56
49 69 44
49 70 55
49 71 61
49 72 57
49 73 52
49 74 45
49 75 43
49 76 53
49 77 46
49 78 58
49 79 42
49 80 48
49 81 45
49 82 50
49 83 41
49 84 46
49 85 43
49 86 40
49 87 61
49 88 36
49 89 55
49 90 58
49 91 39
49 92 45
49 93 61
49 94 44
49 95 53
49 96 50
49 97 42
49 98 50
49 99 50
49 100 59
49 101 43
49 102 56
49 103 48
49 104 54
49 105 46
49 106 44
49 107 57
49 108 58
49 109 44
49 110 50
49 111 50
49 112 44
49 113 53
49 114 50
49 115 52
49 116 41
49 117 49
49 118 56
49 119 48
49 120 44
49 121 51
49 122 51
49 123 52
49 124 48
49 125 53
49 126 55
49 127 50
49 128 52
49 129 56
49 130 44
49 131 60
49 132 54
49 133 35
49 134 47
49 135 45
49 136 47
49 137 45
49 138 33
49 139 43
49 140 46
49 141 48
49 142 36
49 143 54
49 144 51
49 145 45
49 146 34
49 147 47
49 148 58
49 149 64
50 0 57
50 1 53
50 2 48
50 3 48
50 4 50
50 5 47
50 6 48
50 7 49
50 8 39
50 9 50
50 10 47
50 11 52
50 12 41
50 13 44
50 14 52
50 15 49
50 16 54
50 17 43
50 18 39
50 19 57
50 20 43
50 21 48
50 22 47
50 23 51
50 24 45
50 25 50
50 26 47
50 27 51
50 28 54
50 29 53
50 30 46
50 31 52
50 32 52
50 33 53
50 34 41
50 35 50
50 36 41
50 37 59
50 38 45
50 39 55
50 40 43
50 41 47
50 42 39
50 43 46
50 44 42
50 45 48
50 46 35
50 47 41
50 48 46
50 49 60
50 50 47
50 51 39
50 52 36
50 53 62
50 54 48
50 55 42
50 56 54
50 57 40
50 58 33
50 59 38
50 60 51
50 61 48
50 62 52
50 63 47
50 64 55
50 65 43
50 66 38
50 67 49
50 68 57
50 69 62
50 70 48
50 71 60
50 72 50
50 73 55
50 74 34
50 75 45
50 76 46
50 77 46
50 78 54
50 79 48
50 80 55
50 81 33
50 82 52
50 83 46
50 84 52
50 85 52
50 86 47
50 87 45
50 88 49
50 89 52
50 90 55
50 91 42
50 92 35
50 93 55
50 94 58
50 95 58
50 96 52
50 97 52
50 98 58
50 99 49
50 100 53
50 101 43
50 102 46
50 103 50
50 104 46
50 105 46
50 106 55
50 107 46
50 108 39
50 109 50
50 110 37
50 111 56
50 112 52
50 113 41
50 114 58
50 115 41
50 116 41
50 117 51
50 118 70
50 119 43
50 120 63
50 121 48
50 122 53
50 123 45
50 124 53
50 125 43
50 126 47
50 127 52
50 128 42
50 129 45
50 130 45
50 131 44
50 132 49
50 133 56
50 134 35
50 135 39
50 136 42
50 137 51
50 138 44
50 139 41
50 140 50
50 141 53
50 142 55
50 143 56
50 144 38
50 145 46
50 146 49
50 147 41
50 148 53
50 149 46
51 0 41
51 1 55
51 2 46
51 3 46
51 4 45
51 5 43
51 6 46
51 7 52
51 8 51
51 9 50
51 10 49
51 11 47
51 12 55
51 13 60
51 14 42
51 15 49
51 16 50
51 17 53
51 18 59
51 19 52
51 20 31
51 21 52
51 22 55
51 23 53
51 24 46
51 25 45
51 26 52
51 27 49
51 28 50
51 29 44
51 30 46
51 31 46
51 32 47
51 33 54
51 34 50
51 35 46
51 36 43
51 37 48
51 38 46
51 39 55
51 40 46
51 41 54
51 42 40
51 43 66
51 44 47
51 45 43
51 46 47
51 47 52
51 48 49
51 49 50
51 50 44
51 51 53
51 52 44
51 53 44
51 54 48
51 55 50
51 56 56
51 57 51
51 58 44
51 59 49
51 60 50
51 61 33
51 62 48
51 63 44
51 64 63
51 65 44
51 66 61
51 67 41
51 68 54
51 69 47
51 70 54
51 71 55
51 72 47
51 73 51
51 74 47
51 75 44
51 76 48
51 77 43
51 78 48
51 79 55
51 80 47
51 81 54
51 82 52
51 83 46
51 84 42
51 85 38
51 86 43
51 87 47
51 88 54
51 89 67
51 90 51
51 91 57
51 92 61
51 93 49
51 94 52
51 95 44
51 96 44
51 97 39
51 98 60
51 99 53
51 100 43
51 101 64
51 102 52
51 103 46
51 104 44
51 105 54
51 106 57
51 107 36
51 108 40
51 109 46
51 110 48
51 111 39
51 112 48
51 113 53
51 114 43
51 115 36
51 116 58
51 117 45
51 118 42
51 119 43
51 120 39
51 121 56
51 122 48
51 123 46
51 124 58
51 125 46
51 126 61
51 127 50
51 128 40
51 129 45
51 130 40
51 131 43
51 132 56
51 133 56
51 134 41
51 135 43
51 136 48
51 137 47
51 138 60
51 139 51
51 140 52
51 141 39
51 142 50
51 143 56
51 144 41
51 145 47
51 146 45
51 147 34
51 148 54
51 149 60
52 0 51
52 1 38
52 2 48
52 3 52
52 4 34
52 5 45
52 6 51
52 7 42
52 8 40
52 9 53
52 10 55
52 11 42
52 12 56
52 13 46
52 14 59
52 15 46
52 16 35
52 17 51
52 18 49
52 19 47
52 20 48
52 21 42
52 22 58
52 23 69
52 24 57
52 25 57
52 26 64
52 27 51
52 28 49
52 29 55
52 30 41
52 31 43
52 32 47
52 33 65
52 34 57
52 35 34
52 36 50
52 37 46
52 38 47
52 39 58
52 40 57
52 41 48
52 42 40
52 43 49
52 44 47
52 45 48
52 46 61
52 47 51
52 48 52
52 49 49
52 50 44
52 51 57
52 52 43
52 53 44
52 54 52
52 55 45
52 56 64
52 57 41
52 58 47
52 59 52
52 60 62
52 61 46
52 62 44
52 63 43
52 64 48
52 65 46
52 66 34
52 67 55
52 68 54
52 69 45
52 70 43
52 71 39
52 72 58
52 73 43
52 74 42
52 75 45
52 76 45
52 77 43
52 78 57
52 79 52
52 80 44
52 81 47
52 82 44
52 83 46
52 84 47
52 85 54
52 86 54
52 87 59
52 88 44
52 89 46
52 90 47
52 91 44
52 92 52
52 93 50
52 94 49
52 95 48
52 96 48
52 97 43
52 98 65
52 99 39
52 100 67
52 101 52
52 102 48
52 103 46
52 104 46
52 105 40
52 106 45
52 107 49
52 108 51
52 109 50
52 110 51
52 111 47
52 112 58
52 113 46
52 114 48
52 115 43
52 116 54
52 117 61
52 118 43
52 119 81
52 120 48
52 121 45
52 122 56
52 123 51
52 124 71
52 125 45
52 126 51
52 127 40
52 128 54
52 129 49
52 130 39
52 131 57
52 132 57
52 133 41
52 134 49
52 135 38
52 136 48
52 137 42
52 138 41
52 139 45
52 140 46
52 141 46
52 142 47
52 143 52
52 144 43
52 145 57
52 146 38
52 147 59
52 148 58
52 149 47
53 0 42
53 1 50
53 2 40
53 3 39
53 4 50
53 5 49
53 6 46
53 7 49
53 8 53
53 9 47
53 10 47
53 11 61
53 12 53
53 13 55
53 14 44
53 15 46
53 16 57
53 17 47
53 18 50
53 19 42
53 20 48
53 21 52
53 22 44
53 23 44
53 24 44
53 25 49
53 26 53
53 27 48
53 28 47
53 29 52
53 30 47
53 31 49
53 32 53
53 33 40
53 34 46
53 35 38
53 36 42
53 37 49
53 38 42
53 39 47
53 40 37
53 41 45
53 42 50
53 43 54
53 44 42
53 45 50
53 46 55
53 47 53
53 48 50
53 49 50
53 50 37
53 51 44
53 52 53
53 53 53
53 54 53
53 55 51
53 56 50
53 57 40
53 58 45
53 59 45
53 60 59
53 61 48
53 62 49
53 63 45
53 64 55
53 65 44
53 66 47
53 67 49
53 68 39
53 69 54
53 70 62
53 71 49
53 72 50
53 73 52
53 74 45
53 75 45
53 76 55
53 77 49
53 78 55
53 79 58
53 80 51
53 81 51
53 82 41
53 83 44
53 84 39
53 85 40
53 86 47
53 87 37
53 88 68
53 89 44
53 90 54
53 91 54
53 92 59
53 93 54
53 94 53
53 95 43
53 96 47
53 97 41
53 98 49
53 99 35
53 100 48
53 101 49
53 102 52
53 103 54
53 104 53
53 105 54
53 106 49
53 107 36
53 108 55
53 109 44
53 110 49
53 111 53
53 112 44
53 113 39
53 114 54
53 115 46
53 116 46
53 117 53
53 118 56
53 119 50
53 120 46
53 121 41
53 122 60
53 123 45
53 124 53
53 125 57
53 126 55
53 127 57
53 128 51
53 129 51
53 130 52
53 131 56
53 132 53
53 133 44
53 134 57
53 135 43
53 136 50
53 137 43
53 138 46
53 139 40
53 140 48
53 141 57
53 142 38
53 143 47
53 144 50
53 145 53
53 146 62
53 147 41
53 148 39
53 149 50
54 0 43
54 1 45
54 2 51
54 3 37
54 4 49
54 5 49
54 6 41
54 7 42
54 8 53
54 9 54
54 10 52
54 11 45
54 12 51
54 13 44
54 14 70
54 15 51
54 16 49
54 17 47
54 18 44
54 19 55
54 20 44
54 21 54
54 22 54
54 23 42
54 24 55
54 25 52
54 26 51
54 27 47
54 28 51
54 29 47
54 30 49
54 31 45
54 32 53
54 33 43
54 34 33
54 35 43
54 36 48
54 37 43
54 38 49
54 39 49
54 40 45
54 41 42
54 42 49
54 43 51
54 44 44
54 45 39
54 46 36
54 47 46
54 48 50
54 49 50
54 50 47
54 51 46
54 52 46
54 53 44
54 54 45
54 55 53
54 56 45
54 57 49
54 58 44
54 59 58
54 60 46
54 61 54
54 62 43
54 63 51
54 64 41
54 65 43
54 66 42
54 67 37
54 68 54
54 69 47
54 70 43
54 71 49
54 72 65
54 73 51
54 74 57
54 75 55
54 76 42
54 77 54
54 78 71
54 79 57
54 80 32
54 81 53
54 82 45
54 83 52
54 84 46
54 85 50
54 86 54
54 87 48
54 88 47
54 89 42
54 90 46
54 91 41
54 92 56
54 93 49
54 94 46
54 95 49
54 96 68
54 97 49
54 98 51
54 99 43
54 100 41
54 101 41
54 102 58
54 103 41
54 104 43
54 105 60
54 106 58
54 107 51
54 108 40
54 109 48
54 110 47
54 111 50
54 112 50
54 113 54
54 114 47
54 115 49
54 116 61
54 117 55
54 118 42
54 119 46
54 120 51
54 121 36
54 122 46
54 123 44
54 124 48
54 125 34
54 126 49
54 127 43
54 128 54
54 129 45
54 130 46
54 131 39
54 132 37
54 133 40
54 134 42
54 135 44
54 136 43
54 137 50
54 138 47
54 139 61
54 140 55
54 141 44
54 142 40
54 143 45
54 144 56
54 145 45
54 146 52
54 147 46
54 148 46
54 149 45
55 0 43
55 1 52
55 2 42
55 3 34
55 4 44
55 5 53
55 6 41
55 7 51
55 8 46
55 9 47
55 10 51
55 11 66
55 12 50
55 13 58
55 14 55
55 15 51
55 16 56
55 17 56
55 18 55
55 19 49
55 20 50
55 21 52
55 22 53
55 23 53
55 24 50
55 25 49
55 26 38
55 27 47
55 28 48
55 29 60
55 30 48
55 31 52
55 32 35
55 33 39
55 34 53
55 35 49
55 36 47
55 37 47
55 38 52
55 39 34
55 40 46
55 41 47
55 42 39
55 43 51
55 44 48
55 45 55
55 46 41
55 47 54
55 48 49
55 49 43
55 50 51
55 51 44
55 52 46
55 53 48
55 54 50
55 55 47
55 56 43
55 57 50
55 58 36
55 59 57
55 60 41
55 61 42
55 62 52
55 63 47
55 64 62
55 65 60
55 66 46
55 67 56
55 68 43
55 69 39
55 70 55
55 71 52
55 72 46
55 73 52
55 74 40
55 75 51
55 76 53
55 77 41
55 78 46
55 79 46
55 80 61
55 81 44
55 82 58
55 83 51
55 84 39
55 85 41
55 86 60
55 87 40
55 88 69
55 89 68
55 90 51
55 91 58
55 92 42
55 93 42
55 94 45
55 95 49
55 96 48
55 97 56
55 98 56
55 99 49
55 100 46
55 101 40
55 102 49
55 103 42
55 104 47
55 105 47
55 106 43
55 107 49
55 108 58
55 109 58
55 110 46
55 111 51
55 112 61
55 113 48
55 114 48
55 115 50
55 116 41
55 117 40
55 118 55
55 119 48
55 120 40
55 121 41
55 122 57
55 123 44
55 124 58
55 125 42
55 126 46
55 127 55
55 128 42
55 129 52
55 130 56
55 131 46
55 132 57
55 133 45
55 134 52
55 135 69
55 136 43
55 137 46
55 138 35
55 139 49
55 140 52
55 141 46
55 142 54
55 143 47
55 144 34
55 145 49
55 146 51
55 147 45
55 148 40
55 149 50
56 0 49
56 1 38
56 2 40
56 3 47
56 4 49
56 5 46
56 6 46
56 7 50
56 8 50
56 9 40
56 10 58
56 11 43
56 12 55
56 13 44
56 14 54
56 15 46
56 16 50
56 17 55
56 18 48
56 19 47
56 20 56
56 21 60
56 22 45
56 23 44
56 24 52
56 25 36
56 26 53
56 27 43
56 28 50
56 29 61
56 30 45
56 31 47
56 32 45
56 33 45
56 34 48
56 35 46
56 36 51
56 37 55
56 38 45
56 39 47
56 40 55
56 41 37
56 42 46
56 43 45
56 44 52
56 45 40
56 46 36
56 47 56
56 48 58
56 49 43
56 50 45
56 51 49
56 52 31
56 53 50
56 54 42
56 55 48
56 56 40
56 57 38
56 58 46
56 59 45
56 60 54
56 61 32
56 62 52
56 63 41
56 64 56
56 65 55
56 66 53
56 67 49
56 68 51
56 69 45
56 70 37
56 71 49
56 72 62
56 73 57
56 74 35
56 75 54
56 76 37
56 77 42
56 78 65
56 79 39
56 80 49
56 81 52
56 82 63
56 83 52
56 84 56
56 85 47
56 86 48
56 87 62
56 88 54
56 89 65
56 90 68
56 91 69
56 92 46
56 93 52
56 94 51
56 95 43
56 96 44
56 97 52
56 98 48
56 99 51
56 100 52
56 101 48
56 102 46
56 103 41
56 104 40
56 105 51
56 106 48
56 107 52
56 108 51
56 109 45
56 110 45
56 111 42
56 112 58
56 113 36
56 114 58
56 115 45
56 116 44
56 117 44
56 118 45
56 119 56
56 120 32
56 121 70
56 122 42
56 123 58
56 124 47
56 125 52
56 126 58
56 127 49
56 128 57
56 129 43
56 130 47
56 131 46
56 132 47
56 133 50
56 134 50
56 135 43
56 136 53
56 137 56
56 138 42
56 139 43
56 140 51
56 141 49
56 142 44
56 143 38
56 144 36
56 145 46
56 146 51
56 147 43
56 148 48
56 149 44
57 0 37
57 1 50
57 2 51
57 3 57
57 4 58
57 5 44
57 6 52
57 7 41
57 8 47
57 9 46
57 10 42
57 11 66
57 12 37
57 13 46
57 14 46
57 15 37
57 16 61
57 17 42
57 18 44
57 19 50
57 20 49
57 21 59
57 22 39
57 23 62
57 24 61
57 25 47
57 26 55
57 27 37
57 28 47
57 29 58
57 30 60
57 31 53
57 32 53
57 33 55
57 34 45
57 35 47
57 36 53
57 37 49
57 38 43
57 39 53
57 40 60
57 41 40
57 42 48
57 43 36
57 44 48
57 45 40
57 46 68
57 47 40
57 48 43
57 49 45
57 50 40
57 51 44
57 52 43
57 53 38
57 54 48
57 55 53
57 56 52
57 57 40
57 58 50
57 59 49
57 60 52
57 61 44
57 62 52
57 63 60
57 64 52
57 65 40
57 66 57
57 67 49
57 68 50
57 69 58
57 70 50
57 71 47
57 72 49
57 73 45
57 74 41
57 75 65
57 76 49
57 77 54
57 78 47
57 79 44
57 80 54
57 81 46
57 82 56
57 83 47
57 84 48
57 85 56
57 86 45
57 87 50
57 88 47
57 89 46
57 90 55
57 91 59
57 92 53
57 93 55
57 94 59
57 95 47
57 96 62
57 97 60
57 98 51
57 99 43
57 100 42
57 101 50
57 102 45
57 103 44
57 104 47
57 105 45
57 106 41
57 107 60
57 108 46
57 109 46
57 110 33
57 111 57
57 112 49
57 113 49
57 114 40
57 115 50
57 116 47
57 117 45
57 118 53
57 119 40
57 120 43
57 121 55
57 122 52
57 123 51
57 124 60
57 125 46
57 126 34
57 127 43
57 128 39
57 129 51
57 130 52
57 131 52
57 132 48
57 133 40
57 134 46
57 135 48
57 136 43
57 137 57
57 138 34
57 139 36
57 140 46
57 141 43
57 142 50
57 143 49
57 144 44
57 145 34
57 146 46
57 147 50
57 148 50
57 149 47
58 0 60
58 1 56
58 2 48
58 3 52
58 4 54
58 5 51
58 6 37
58 7 46
58 8 36
58 9 50
58 10 45
58 11 39
58 12 52
58 13 61
58 14 64
58 15 48
58 16 62
58 17 36
58 18 74
58 19 49
58 20 41
58 21 53
58 22 59
58 23 52
58 24 45
58 25 65
58 26 44
58 27 52
58 28 38
58 29 46
58 30 50
58 31 59
58 32 51
58 33 58
58 34 51
58 35 65
58 36 54
58 37 51
58 38 55
58 39 52
58 40 45
58 41 52
58 42 58
58 43 39
58 44 42
58 45 50
58 46 44
58 47 46
58 48 42
58 49 42
58 50 53
58 51 50
58 52 57
58 53 47
58 54 48
58 55 48
58 56 43
58 57 46
58 58 45
58 59 46
58 60 38
58 61 47
58 62 51
58 63 54
58 64 54
58 65 46
58 66 43
58 67 49
58 68 55
58 69 56
58 70 53
58 71 49
58 72 56
58 73 51
58 74 57
58 75 63
58 76 41
58 77 64
58 78 44
58 79 48
58 80 47
58 81 55
58 82 39
58 83 50
58 84 63
58 85 39
58 86 47
58 87 61
58 88 53
58 89 52
58 90 49
58 91 52
58 92 38
58 93 49
58 94 43
58 95 41
58 96 43
58 97 36
58 98 63
58 99 44
58 100 63
58 101 38
58 102 40
58 103 46
58 104 42
58 105 56
58 106 50
58 107 55
58 108 48
58 109 48
58 110 40
58 111 45
58 112 39
58 113 54
58 114 42
58 115 56
58 116 57
58 117 55
58 118 43
58 119 55
58 120 40
58 121 52
58 122 49
58 123 45
58 124 52
58 125 40
58 126 52
58 127 43
58 128 42
58 129 40
58 130 44
58 131 47
58 132 51
58 133 45
58 134 45
58 135 48
58 136 49
58 137 59
58 138 45
58 139 52
58 140 59
58 141 59
58 142 49
58 143 45
58 144 49
58 145 50
58 146 52
58 147 44
58 148 56
58 149 40
59 0 58
59 1 48
59 2 51
59 3 41
59 4 46
59 5 52
59 6 44
59 7 42
59 8 36
59 9 51
59 10 49
59 11 54
59 12 51
59 13 44
59 14 48
59 15 46
59 16 59
59 17 47
59 18 38
59 19 47
59 20 46
59 21 42
59 22 64
59 23 46
59 24 50
59 25 45
59 26 50
59 27 42
59 28 44
59 29 59
59 30 59
59 31 47
59 32 49
59 33 54
59 34 47
59 35 47
59 36 49
59 37 51
59 38 60
59 39 32
59 40 40
59 41 57
59 42 41
59 43 44
59 44 47
59 45 47
59 46 47
59 47 46
59 48 47
59 49 43
59 50 55
59 51 35
59 52 39
59 53 50
59 54 48
59 55 50
59 56 45
59 57 40
59 58 54
59 59 53
59 60 64
59 61 36
59 62 53
59 63 50
59 64 48
59 65 44
59 66 53
59 67 45
59 68 50
59 69 46
59 70 62
59 71 44
59 72 48
59 73 45
59 74 53
59 75 46
59 76 43
59 77 58
59 78 54
59 79 62
59 80 48
59 81 49
59 82 52
59 83 48
59 84 60
59 85 37
59 86 55
59 87 44
59 88 50
59 89 47
59 90 56
59 91 51
59 92 41
59 93 45
59 94 50
59 95 48
59 96 38
59 97 45
59 98 35
59 99 57
59 100 50
59 101 41
59 102 55
59 103 50
59 104 54
59 105 61
59 106 47
59 107 44
59 108 43
59 109 39
59 110 48
59 111 41
59 112 63
59 113 44
59 114 53
59 115 38
59 116 57
59 117 42
59 118 45
59 119 55
59 120 46
59 121 46
59 122 49
59 123 46
59 124 55
59 125 50
59 126 46
59 127 41
59 128 32
59 129 56
59 130 44
59 131 58
59 132 57
59 133 42
59 134 51
59 135 49
59 136 38
59 137 34
59 138 48
59 139 41
59 140 49
59 141 51
59 142 48
59 143 45
59 144 40
59 145 43
59 146 50
59 147 36
59 148 52
59 149 37
60 0 43
60 1 50
60 2 38
60 3 57
60 4 46
60 5 56
60 6 48
60 7 51
60 8 36
60 9 52
60 10 46
60 11 53
60 12 39
60 13 51
60 14 45
60 15 46
60 16 54
60 17 63
60 18 50
60 19 55
60 20 37
60 21 54
60 22 41
60 23 43
60 24 52
60 25 34
60 26 57
60 27 61
60 28 51
60 29 44
60 30 37
60 31 51
60 32 55
60 33 58
60 34 46
60 35 47
60 36 50
60 37 47
60 38 40
60 39 49
60 40 44
60 41 54
60 42 48
60 43 43
60 44 57
60 45 66
60 46 50
60 47 57
60 48 50
60 49 52
60 50 61
60 51 45
60 52 41
60 53 48
60 54 53
60 55 54
60 56 54
60 57 46
60 58 43
60 59 40
60 60 65
60 61 53
60 62 46
60 63 55
60 64 38
60 65 58
60 66 53
60 67 62
60 68 37
60 69 60
60 70 50
60 71 40
60 72 56
60 73 51
60 74 45
60 75 40
60 76 49
60 77 61
60 78 52
60 79 40
60 80 54
60 81 51
60 82 45
60 83 50
60 84 62
60 85 43
60 86 49
60 87 39
60 88 58
60 89 43
60 90 45
60 91 49
60 92 52
60 93 53
60 94 47
60 95 42
60 96 48
60 97 42
60 98 47
60 99 51
60 100 42
60 101 61
60 102 38
60 103 53
60 104 48
60 105 43
60 106 44
60 107 55
60 108 51
60 109 47
60 110 43
60 111 57
60 112 56
60 113 38
60 114 55
60 115 45
60 116 38
60 117 44
60 118 45
60 119 39
60 120 45
60 121 44
60 122 44
60 123 42
60 124 40
60 125 60
60 126 45
60 127 47
60 128 38
60 129 45
60 130 51
60 131 45
60 132 47
60 133 44
60 134 46
60 135 52
60 136 44
60 137 51
60 138 50
60 139 48
60 140 58
60 141 44
60 142 40
60 143 39
60 144 28
60 145 48
60 146 52
60 147 41
60 148 45
60 149 50
61 0 35
61 1 62
61 2 45
61 3 45
61 4 50
61 5 40
61 6 64
61 7 45
61 8 37
61 9 50
61 10 68
61 11 26
61 12 46
61 13 43
61 14 48
61 15 42
61 16 38
61 17 50
61 18 47
61 19 60
61 20 59
61 21 54
61 22 43
61 23 55
61 24 42
61 25 37
61 26 50
61 27 57
61 28 53
61 29 35
61 30 46
61 31 46
61 32 49
61 33 53
61 34 45
61 35 53
61 36 53
61 37 48
61 38 54
61 39 50
61 40 47
61 41 43
61 42 54
61 43 45
61 44 53
61 45 53
61 46 32
61 47 49
61 48 54
61 49 37
61 50 38
61 51 33
61 52 54
61 53 54
61 54 49
61 55 61
61 56 44
61 57 34
61 58 53
61 59 49
61 60 55
61 61 53
61 62 50
61 63 50
61 64 41
61 65 37
61 66 48
61 67 50
61 68 52
61 69 45
61 70 48
61 71 39
61 72 47
61 73 58
61 74 42
61 75 43
61 76 39
61 77 53
61 78 44
61 79 51
61 80 61
61 81 51
61 82 47
61 83 50
61 84 49
61 85 45
61 86 52
61 87 47
61 88 47
61 89 52
61 90 53
61 91 48
61 92 52
61 93 50
61 94 45
61 95 56
61 96 49
61 97 48
61 98 56
61 99 43
61 100 42
61 101 53
61 102 45
61 103 52
61 104 53
61 105 56
61 106 48
61 107 46
61 108 53
61 109 40
61 110 52
61 111 42
61 112 38
61 113 42
61 114 47
61 115 48
61 116 48
61 117 58
61 118 66
61 119 54
61 120 54
61 121 52
61 122 52
61 123 43
61 124 45
61 125 44
61 126 49
61 127 44
61 128 51
61 129 58
61 130 35
61 131 50
61 132 40
61 133 45
61 134 49
61 135 39
61 136 53
61 137 42
61 138 42
61 139 50
61 140 46
61 141 46
61 142 46
61 143 45
61 144 51
61 145 46
61 146 37
61 147 49
61 148 48
61 149 48
62 0 37
62 1 50
62 2 42
62 3 34
62 4 50
62 5 40
62 6 52
62 7 47
62 8 54
62 9 58
62 10 54
62 11 53
62 12 40
62 13 47
62 14 49
62 15 46
62 16 36
62 17 50
62 18 47
62 19 43
62 20 60
62 21 47
62 22 49
62 23 43
62 24 39
62 25 64
62 26 62
62 27 52
62 28 47
62 29 47
62 30 62
62 31 47
62 32 52
62 33 38
62 34 50
62 35 51
62 36 56
62 37 59
62 38 50
62 39 49
62 40 62
62 41 39
62 42 46
62 43 63
62 44 45
62 45 43
62 46 51
62 47 55
62 48 53
62 49 64
62 50 41
62 51 51
62 52 50
62 53 44
62 54 47
62 55 59
62 56 46
62 57 40
62 58 40
62 59 50
62 60 58
62 61 49
62 62 59
62 63 42
62 64 47
62 65 41
62 66 55
62 67 37
62 68 49
62 69 52
62 70 53
62 71 46
62 72 51
62 73 35
62 74 66
62 75 55
62 76 57
62 77 57
62 78 65
62 79 43
62 80 50
62 81 50
62 82 61
62 83 52
62 84 52
62 85 37
62 86 47
62 87 60
62 88 43
62 89 36
62 90 44
62 91 47
62 92 42
62 93 41
62 94 62
62 95 58
62 96 53
62 97 43
62 98 52
62 99 50
62 100 54
62 101 55
62 102 37
62 103 52
62 104 45
62 105 54
62 106 48
62 107 47
62 108 35
62 109 39
62 110 47
62 111 48
62 112 50
62 113 59
62 114 51
62 115 51
62 116 46
62 117 44
62 118 45
62 119 46
62 120 48
62 121 48
62 122 40
62 123 56
62 124 48
62 125 45
62 126 57
62 127 53
62 128 53
62 129 49
62 130 37
62 131 41
62 132 35
62 133 40
62 134 37
62 135 64
62 136 42
62 137 46
62 138 53
62 139 54
62 140 46
62 141 51
62 142 49
62 143 54
62 144 46
62 145 45
62 146 44
62 147 38
62 148 43
62 149 44
63 0 45
63 1 43
63 2 40
63 3 53
63 4 56
63 5 48
63 6 43
63 7 43
63 8 45
63 9 45
63 10 40
63 11 58
63 12 48
63 13 44
63 14 60
63 15 38
63 16 49
63 17 46
63 18 51
63 19 49
63 20 59
63 21 52
63 22 56
63 23 49
63 24 49
63 25 52
63 26 42
63 27 36
63 28 53
63 29 40
63 30 39
63 31 41
63 32 61
63 33 44
63 34 59
63 35 30
63 36 38
63 37 46
63 38 51
63 39 47
63 40 54
63 41 55
63 42 52
63 43 58
63 44 49
63 45 55
63 46 47
63 47 59
63 48 41
63 49 67
63 50 49
63 51 52
63 52 44
63 53 48
63 54 54
63 55 44
63 56 45
63 57 37
63 58 51
63 59 69
63 60 57
63 61 37
63 62 42
63 63 56
63 64 60
63 65 51
63 66 57
63 67 51
63 68 48
63 69 58
63 70 57
63 71 50
63 72 53
63 73 53
63 74 59
63 75 63
63 76 43
63 77 45
63 78 34
63 79 58
63 80 43
63 81 56
63 82 50
63 83 52
63 84 47
63 85 48
63 86 55
63 87 52
63 88 39
63 89 44
63 90 54
63 91 45
63 92 57
63 93 44
63 94 45
63 95 59
63 96 56
63 97 45
63 98 52
63 99 45
63 100 47
63 101 43
63 102 48
63 103 50
63 104 51
63 105 42
63 106 45
63 107 55
63 108 55
63 109 52
63 110 47
63 111 51
63 112 46
63 113 55
63 114 50
63 115 41
63 116 46
63 117 41
63 118 59
63 119 49
63 120 40
63 121 36
63 122 40
63 123 56
63 124 43
63 125 36
63 126 51
63 127 39
63 128 44
63 129 48
63 130 59
63 131 51
63 132 37
63 133 45
63 134 44
63 135 57
63 136 46
63 137 47
63 138 50
63 139 50
63 140 50
63 141 50
63 142 41
63 143 43
63 144 37
63 145 47
63 146 54
63 147 46
63 148 50
63 149 59
64 0 55
64 1 56
64 2 47
64 3 43
64 4 51
64 5 49
64 6 50
64 7 43
64 8 50
64 9 43
64 10 45
64 11 49
64 12 44
64 13 50
64 14 55
64 15 47
64 16 50
64 17 42
64 18 47
64 19 51
64 20 52
64 21 50
64 22 53
64 23 46
64 24 58
64 25 53
64 26 44
64 27 52
64 28 47
64 29 36
64 30 60
64 31 49
64 32 51
64 33 56
64 34 35
64 35 53
64 36 46
64 37 42
64 38 51
64 39 52
64 40 61
64 41 53
64 42 40
64 43 35
64 44 34
64 45 42
64 46 46
64 47 42
64 48 60
64 49 57
64 50 43
64 51 46
64 52 50
64 53 58
64 54 52
64 55 56
64 56 57
64 57 52
64 58 49
64 59 53
64 60 49
64 61 48
64 62 57
64 63 53
64 64 49
64 65 49
64 66 61
64 67 46
64 68 47
64 69 54
64 70 47
64 71 43
64 72 56
64 73 47
64 74 49
64 75 46
64 76 50
64 77 46
64 78 53
64 79 56
64 80 48
64 81 64
64 82 43
64 83 56
64 84 61
64 85 59
64 86 52
64 87 54
64 88 45
64 89 45
64 90 51
64 91 45
64 92 53
64 93 44
64 94 44
64 95 40
64 96 61
64 97 59
64 98 52
64 99 54
64 100 53
64 101 40
64 102 47
64 103 41
64 104 47
64 105 39
64 106 41
64 107 47
64 108 55
64 109 54
64 110 44
64 111 55
64 112 59
64 113 47
64 114 55
64 115 48
64 116 54
64 117 46
64 118 47
64 119 51
64 120 50
64 121 46
64 122 59
64 123 44
64 124 49
64 125 47
64 126 40
64 127 56
64 128 45
64 129 43
64 130 59
64 131 44
64 132 41
64 133 37
64 134 53
64 135 42
64 136 45
64 137 50
64 138 44
64 139 52
64 140 50
64 141 42
64 142 29
64 143 41
64 144 46
64 145 52
64 146 52
64 147 52
64 148 56
64 149 49
65 0 52
65 1 43
65 2 48
65 3 46
65 4 40
65 5 36
65 6 56
65 7 41
65 8 47
65 9 46
65 10 46
65 11 48
65 12 52
65 13 53
65 14 50
65 15 51
65 16 36
65 17 53
65 18 52
65 19 53
65 20 47
65 21 36
65 22 42
65 23 56
65 24 60
65 25 53
65 26 54
65 27 46
65 28 43
65 29 42
65 30 36
65 31 44
65 32 51
65 33 46
65 34 48
65 35 49
65 36 70
65 37 57
65 38 43
65 39 45
65 40 58
65 41 56
65 42 57
65 43 37
65 44 55
65 45 68
65 46 39
65 47 49
65 48 49
65 49 55
65 50 42
65 51 56
65 52 46
65 53 59
65 54 53
65 55 57
65 56 61
65 57 53
65 58 47
65 59 39
65 60 61
65 61 55
65 62 56
65 63 53
65 64 48
65 65 48
65 66 46
65 67 59
65 68 54
65 69 51
65 70 59
65 71 52
65 72 54
65 73 49
65 74 56
65 75 32
65 76 40
65 77 43
65 78 44
65 79 55
65 80 52
65 81 40
65 82 50
65 83 49
65 84 48
65 85 49
65 86 41
65 87 42
65 88 58
65 89 50
65 90 60
65 91 56
65 92 61
65 93 49
65 94 38
65 95 38
65 96 48
65 97 48
65 98 49
65 99 57
65 100 69
65 101 50
65 102 38
65 103 51
65 104 49
65 105 41
65 106 51
65 107 45
65 108 55
65 109 50
65 110 44
65 111 48
65 112 41
65 113 51
65 114 45
65 115 38
65 116 61
65 117 49
65 118 40
65 119 53
65 120 56
65 121 51
65 122 41
65 123 51
65 124 53
65 125 57
65 126 48
65 127 34
65 128 60
65 129 46
65 130 43
65 131 42
65 132 48
65 133 36
65 134 34
65 135 52
65 136 40
65 137 47
65 138 49
65 139 45
65 140 47
65 141 38
65 142 39
65 143 35
65 144 44
65 145 48
65 146 40
65 147 61
65 148 53
65 149 47
66 0 49
66 1 62
66 2 56
66 3 54
66 4 40
66 5 42
66 6 38
66 7 43
66 8 55
66 9 47
66 10 45
66 11 45
66 12 46
66 13 42
66 14 47
66 15 49
66 16 57
66 17 47
66 18 46
66 19 55
66 20 44
66 21 51
66 22 47
66 23 50
66 24 39
66 25 52
66 26 55
66 27 53
66 28 53
66 29 47
66 30 56
66 31 45
66 32 48
66 33 51
66 34 53
66 35 54
66 36 48
66 37 40
66 38 51
66 39 54
66 40 52
66 41 53
66 42 46
66 43 39
66 44 44
66 45 56
66 46 48
66 47 41
66 48 38
66 49 52
66 50 38
66 51 41
66 52 50
66 53 47
66 54 46
66 55 51
66 56 54
66 57 54
66 58 59
66 59 39
66 60 41
66 61 39
66 62 43
66 63 51
66 64 56
66 65 51
66 66 52
66 67 54
66 68 49
66 69 42
66 70 45
66 71 65
66 72 57
66 73 52
66 74 51
66 75 43
66 76 57
66 77 53
66 78 39
66 79 58
66 80 43
66 81 53
66 82 42
66 83 50
66 84 64
66 85 45
66 86 40
66 87 51
66 88 38
66 89 64
66 90 35
66 91 48
66 92 49
66 93 51
66 94 49
66 95 44
66 96 47
66 97 50
66 98 45
66 99 60
66 100 45
66 101 39
66 102 47
66 103 37
66 104 59
66 105 39
66 106 46
66 107 31
66 108 49
66 109 51
66 110 38
66 111 48
66 112 51
66 113 45
66 114 48
66 115 46
66 116 39
66 117 61
66 118 45
66 119 49
66 120 44
66 121 51
66 122 51
66 123 49
66 124 45
66 125 50
66 126 41
66 127 49
66 128 53
66 129 47
66 130 45
66 131 51
66 132 45
66 133 39
66 134 44
66 135 55
66 136 51
66 137 51
66 138 42
66 139 50
66 140 44
66 141 46
66 142 46
66 143 56
66 144 51
66 145 45
66 146 59
66 147 45
66 148 57
66 149 58
67 0 61
67 1 51
67 2 42
67 3 42
67 4 53
67 5 50
67 6 49
67 7 49
67 8 48
67 9 44
67 10 54
67 11 50
67 12 42
67 13 58
67 14 39
67 15 42
67 16 52
67 17 52
67 18 49
67 19 50
67 20 32
67 21 58
67 22 45
67 23 54
67 24 41
67 25 51
67 26 58
67 27 51
67 28 35
67 29 51
67 30 59
67 31 44
67 32 54
67 33 46
67 34 53
67 35 42
67 36 49
67 37 59
67 38 51
67 39 56
67 40 54
67 41 57
67 42 43
67 43 60
67 44 45
67 45 53
67 46 59
67 47 46
67 48 50
67 49 57
67 50 70
67 51 52
67 52 51
67 53 53
67 54 47
67 55 41
67 56 50
67 57 50
67 58 53
67 59 53
67 60 48
67 61 55
67 62 55
67 63 54
67 64 55
67 65 52
67 66 53
67 67 48
67 68 55
67 69 48
67 70 57
67 71 45
67 72 38
67 73 47
67 74 49
67 75 48
67 76 58
67 77 49
67 78 46
67 79 53
67 80 46
67 81 46
67 82 59
67 83 47
67 84 60
67 85 47
67 86 46
67 87 36
67 88 53
67 89 45
67 90 49
67 91 47
67 92 54
67 93 58
67 94 28
67 95 40
67 96 48
67 97 43
67 98 37
67 99 57
67 100 49
67 101 38
67 102 48
67 103 43
67 104 37
67 105 60
67 106 34
67 107 36
67 108 45
67 109 47
67 110 60
67 111 41
67 112 45
67 113 54
67 114 40
67 115 55
67 116 49
67 117 49
67 118 41
67 119 47
67 120 47
67 121 48
67 122 54
67 123 35
67 124 41
67 125 57
67 126 50
67 127 43
67 128 52
67 129 44
67 130 59
67 131 38
67 132 52
67 133 35
67 134 49
67 135 56
67 136 33
67 137 46
67 138 53
67 139 54
67 140 56
67 141 62
67 142 45
67 143 34
67 144 55
67 145 72
67 146 40
67 147 43
67 148 48
67 149 48
68 0 51
68 1 44
68 2 65
68 3 44
68 4 48
68 5 55
68 6 57
68 7 50
68 8 46
68 9 50
68 10 53
68 11 40
68 12 46
68 13 43
68 14 43
68 15 48
68 16 37
68 17 43
68 18 47
68 19 44
68 20 65
68 21 43
68 22 44
68 23 47
68 24 59
68 25 59
68 26 51
68 27 56
68 28 61
68 29 54
68 30 41
68 31 78
68 32 44
68 33 43
68 34 50
68 35 40
68 36 50
68 37 65
68 38 44
68 39 46
68 40 44
68 41 53
68 42 53
68 43 48
68 44 58
68 45 56
68 46 51
68 47 61
68 48 53
68 49 60
68 50 55
68 51 58
68 52 59
68 53 56
68 54 53
68 55 53
68 56 41
68 57 52
68 58 55
68 59 58
68 60 38
68 61 48
68 62 46
68 63 47
68 64 45
68 65 49
68 66 50
68 67 43
68 68 61
68 69 55
68 70 45
68 71 47
68 72 46
68 73 46
68 74 55
68 75 50
68 76 49
68 77 42
68 78 57
68 79 48
68 80 51
68 81 47
68 82 49
68 83 54
68 84 43
68 85 58
68 86 52
68 87 52
68 88 51
68 89 38
68 90 49
68 91 51
68 92 39
68 93 58
68 94 59
68 95 48
68 96 50
68 97 36
68 98 50
68 99 54
68 100 62
68 101 36
68 102 37
68 103 61
68 104 56
68 105 45
68 106 39
68 107 64
68 108 34
68 109 51
68 110 44
68 111 55
68 112 51
68 113 49
68 114 48
68 115 45
68 116 46
68 117 45
68 118 49
68 119 56
68 120 41
68 121 47
68 122 51
68 123 45
68 124 44
68 125 44
68 126 45
68 127 41
68 128 49
68 129 57
68 130 52
68 131 52
68 132 59
68 133 38
68 134 57
68 135 43
68 136 45
68 137 47
68 138 60
68 139 51
68 140 43
68 141 35
68 142 48
68 143 46
68 144 46
68 145 48
68 146 58
68 147 45
68 148 53
68 149 63
69 0 53
69 1 53
69 2 51
69 3 59
69 4 38
69 5 48
69 6 62
69 7 55
69 8 56
69 9 48
69 10 58
69 11 51
69 12 52
69 13 42
69 14 46
69 15 53
69 16 51
69 17 61
69 18 59
69 19 41
69 20 54
69 21 45
69 22 36
69 23 39
69 24 56
69 25 52
69 26 43
69 27 67
69 28 45
69 29 58
69 30 51
69 31 51
69 32 48
69 33 49
69 34 42
69 35 45
69 36 52
69 37 55
69 38 48
69 39 52
69 40 59
69 41 46
69 42 46
69 43 46
69 44 36
69 45 49
69 46 55
69 47 40
69 48 42
69 49 42
69 50 51
69 51 54
69 52 60
69 53 51
69 54 42
69 55 59
69 56 40
69 57 49
69 58 60
69 59 53
69 60 44
69 61 62
69 62 42
69 63 55
69 64 56
69 65 55
69 66 50
69 67 52
69 68 48
69 69 39
69 70 48
69 71 51
69 72 48
69 73 48
69 74 45
69 75 51
69 76 64
69 77 54
69 78 50
69 79 41
69 80 51
69 81 60
69 82 40
69 83 53
69 84 44
69 85 43
69 86 58
69 87 54
69 88 49
69 89 45
69 90 62
69 91 46
69 92 57
69 93 51
69 94 46
69 95 57
69 96 39
69 97 45
69 98 50
69 99 64
69 100 42
69 101 54
69 102 46
69 103 49
69 104 41
69 105 52
69 106 55
69 107 51
69 108 44
69 109 42
69 110 62
69 111 58
69 112 46
69 113 37
69 114 36
69 115 44
69 116 56
69 117 46
69 118 50
69 119 41
69 120 48
69 121 47
69 122 50
69 123 58
69 124 54
69 125 33
69 126 52
69 127 48
69 128 50
69 129 45
69 130 47
69 131 37
69 132 51
69 133 47
69 134 42
69 135 44
69 136 52
69 137 45
69 138 52
69 139 58
69 140 50
69 141 47
69 142 62
69 143 61
69 144 51
69 145 50
69 146 45
69 147 51
69 148 34
69 149 49
70 0 47
70 1 47
70 2 49
70 3 56
70 4 45
70 5 38
70 6 46
70 7 43
70 8 70
70 9 54
70 10 48
70 11 51
70 12 39
70 13 43
70 14 40
70 15 54
70 16 39
70 17 56
70 18 50
70 19 58
70 20 54
70 21 54
70 22 40
70 23 39
70 24 43
70 25 40
70 26 57
70 27 53
70 28 50
70 29 47
70 30 48
70 31 40
70 32 46
70 33 38
70 34 54
70 35 43
70 36 55
70 37 51
70 38 54
70 39 49
70 40 61
70 41 53
70 42 54
70 43 42
70 44 53
70 45 51
70 46 39
70 47 52
70 48 42
70 49 58
70 50 45
70 51 51
70 52 48
70 53 52
70 54 59
70 55 46
70 56 61
70 57 55
70 58 57
70 59 54
70 60 57
70 61 48
70 62 37
70 63 59
70 64 49
70 65 54
70 66 49
70 67 45
70 68 54
70 69 51
70 70 56
70 71 48
70 72 45
70 73 36
70 74 45
70 75 36
70 76 48
70 77 39
70 78 43
70 79 52
70 80 50
70 81 57
70 82 52
70 83 43
70 84 43
70 85 57
70 86 34
70 87 46
70 88 57
70 89 42
70 90 50
70 91 46
70 92 54
70 93 48
70 94 57
70 95 45
70 96 50
70 97 54
70 98 52
70 99 36
70 100 56
70 101 48
70 102 38
70 103 46
70 104 43
70 105 48
70 106 49
70 107 39
70 108 63
70 109 47
70 110 55
70 111 39
70 112 55
70 113 53
70 114 38
70 115 43
70 116 45
70 117 51
70 118 55
70 119 48
70 120 47
70 121 44
70 122 49
70 123 34
70 124 55
70 125 39
70 126 51
70 127 57
70 128 55
70 129 45
70 130 41
70 131 46
70 132 46
70 133 41
70 134 57
70 135 49
70 136 52
70 137 54
70 138 35
70 139 61
70 140 41
70 141 40
70 142 57
70 143 43
70 144 58
70 145 52
70 146 42
70 147 63
70 148 44
70 149 38
71 0 55
71 1 51
71 2 58
71 3 50
71 4 60
71 5 60
71 6 25
71 7 69
71 8 44
71 9 50
71 10 50
71 11 63
71 12 42
71 13 61
71 14 44
71 15 35
71 16 50
71 17 56
71 18 59
71 19 57
71 20 52
71 21 48
71 22 60
71 23 55
71 24 44
71 25 52
71 26 49
71 27 42
71 28 41
71 29 41
71 30 42
71 31 62
71 32 44
71 33 45
71 34 56
71 35 59
71 36 50
71 37 52
71 38 54
71 39 51
71 40 53
71 41 60
71 42 59
71 43 46
71 44 67
71 45 60
71 46 54
71 47 64
71 48 46
71 49 38
71 50 53
71 51 51
71 52 45
71 53 56
71 54 49
71 55 50
71 56 55
71 57 60
71 58 49
71 59 59
71 60 49
71 61 45
71 62 43
71 63 35
71 64 56
71 65 45
71 66 31
71 67 49
71 68 56
71 69 55
71 70 49
71 71 43
71 72 55
71 73 37
71 74 42
71 75 48
71 76 48
71 77 53
71 78 57
71 79 49
71 80 48
71 81 46
71 82 45
71 83 47
71 84 47
71 85 55
71 86 50
71 87 47
71 88 49
71 89 39
71 90 55
71 91 43
71 92 41
71 93 53
71 94 56
71 95 66
71 96 41
71 97 47
71 98 56
71 99 46
71 100 48
71 101 53
71 102 49
71 103 55
71 104 53
71 105 41
71 106 57
71 107 44
71 108 42
71 109 46
71 110 38
71 111 50
71 112 69
71 113 62
71 114 53
71 115 53
71 116 44
71 117 48
71 118 52
71 119 44
71 120 38
71 121 54
71 122 34
71 123 55
71 124 41
71 125 43
71 126 61
71 127 59
71 128 47
71 129 58
71 130 42
71 131 51
71 132 51
71 133 50
71 134 55
71 135 52
71 136 48
71 137 53
71 138 51
71 139 60
71 140 50
71 141 65
71 142 49
71 143 52
71 144 48
71 145 56
71 146 44
71 147 54
71 148 54
71 149 60
72 0 55
72 1 57
72 2 48
72 3 39
72 4 42
72 5 50
72 6 52
72 7 56
72 8 54
72 9 50
72 10 48
72 11 47
72 12 48
72 13 53
72 14 65
72 15 55
72 16 56
72 17 56
72 18 57
72 19 44
72 20 50
72 21 46
72 22 50
72 23 56
72 24 63
72 25 63
72 26 54
72 27 56
72 28 47
72 29 53
72 30 43
72 31 48
72 32 45
72 33 45
72 34 48
72 35 56
72 36 38
72 37 65
72 38 42
72 39 38
72 40 45
72 41 41
72 42 44
72 43 49
72 44 59
72 45 48
72 46 52
72 47 45
72 48 44
72 49 49
72 50 47
72 51 47
72 52 51
72 53 56
72 54 53
72 55 61
72 56 44
72 57 48
72 58 49
72 59 43
72 60 37
72 61 43
72 62 44
72 63 44
72 64 62
72 65 53
72 66 45
72 67 43
72 68 47
72 69 47
72 70 57
72 71 42
72 72 43
72 73 52
72 74 45
72 75 44
72 76 50
72 77 43
72 78 54
72 79 32
72 80 54
72 81 45
72 82 56
72 83 37
72 84 43
72 85 50
72 86 46
72 87 52
72 88 60
72 89 47
72 90 40
72 91 57
72 92 48
72 93 53
72 94 42
72 95 43
72 96 49
72 97 40
72 98 53
72 99 51
72 100 35
72 101 52
72 102 47
72 103 50
72 104 58
72 105 46
72 106 50
72 107 51
72 108 42
72 109 43
72 110 45
72 111 37
72 112 40
72 113 53
72 114 55
72 115 42
72 116 53
72 117 40
72 118 50
72 119 42
72 120 51
72 121 46
72 122 42
72 123 43
72 124 63
72 125 51
72 126 44
72 127 56
72 128 51
72 129 41
72 130 55
72 131 54
72 132 53
72 133 61
72 134 47
72 135 51
72 136 47
72 137 62
72 138 50
72 139 50
72 140 56
72 141 52
72 142 54
72 143 53
72 144 46
72 145 46
72 146 41
72 147 50
72 148 58
72 149 46
73 0 57
73 1 42
73 2 40
73 3 56
73 4 47
73 5 47
73 6 41
73 7 51
73 8 52
73 9 38
73 10 49
73 11 51
73 12 51
73 13 48
73 14 55
73 15 40
73 16 52
73 17 55
73 18 48
73 19 50
73 20 62
73 21 40
73 22 50
73 23 56
73 24 41
73 25 44
73 26 58
73 27 39
73 28 32
73 29 48
73 30 46
73 31 38
73 32 46
73 33 49
73 34 57
73 35 44
73 36 53
73 37 55
73 38 49
73 39 43
73 40 50
73 41 48
73 42 48
73 43 52
73 44 52
73 45 46
73 46 47
73 47 51
73 48 58
73 49 41
73 50 52
73 51 50
73 52 50
73 53 46
73 54 53
73 55 45
73 56 49
73 57 50
73 58 63
73 59 53
73 60 62
73 61 58
73 62 45
73 63 51
73 64 39
73 65 33
73 66 52
73 67 57
73 68 49
73 69 53
73 70 46
73 71 52
73 72 43
73 73 31
73 74 53
73 75 44
73 76 57
73 77 53
73 78 38
73 79 37
73 80 35
73 81 36
73 82 42
73 83 48
73 84 48
73 85 53
73 86 57
73 87 60
73 88 49
73 89 59
73 90 48
73 91 51
73 92 51
73 93 48
73 94 45
73 95 47
73 96 39
73 97 46
73 98 47
73 99 40
73 100 53
73 101 56
73 102 50
73 103 39
73 104 54
73 105 46
73 106 45
73 107 52
73 108 42
73 109 53
73 110 45
73 111 58
73 112 57
73 113 62
73 114 48
73 115 54
73 116 50
73 117 50
73 118 47
73 119 49
73 120 54
73 121 44
73 122 56
73 123 59
73 124 40
73 125 51
73 126 46
73 127 42
73 128 55
73 129 46
73 130 46
73 131 48
73 132 40
73 133 50
73 134 40
73 135 44
73 136 51
73 137 49
73 138 50
73 139 52
73 140 58
73 141 46
73 142 60
73 143 48
73 144 50
73 145 43
73 146 49
73 147 49
73 148 41
73 149 43
74 0 65
74 1 45
74 2 43
74 3 52
74 4 51
74 5 53
74 6 56
74 7 52
74 8 48
74 9 51
74 10 57
74 11 47
74 12 43
74 13 31
74 14 58
74 15 52
74 16 40
74 17 43
74 18 55
74 19 50
74 20 45
74 21 45
74 22 52
74 23 37
74 24 46
74 25 46
74 26 63
74 27 55
74 28 31
74 29 44
74 30 47
74 31 46
74 32 61
74 33 53
74 34 57
74 35 49
74 36 43
74 37 57
74 38 44
74 39 55
74 40 47
74 41 57
74 42 46
74 43 39
74 44 55
74 45 51
74 46 59
74 47 48
74 48 58
74 49 50
74 50 36
74 51 47
74 52 46
74 53 59
74 54 44
74 55 52
74 56 48
74 57 46
74 58 45
74 59 34
74 60 55
74 61 60
74 62 47
74 63 57
74 64 41
74 65 48
74 66 52
74 67 49
74 68 53
74 69 52
74 70 43
74 71 50
74 72 45
74 73 50
74 74 44
74 75 44
74 76 68
74 77 45
74 78 44
74 79 55
74 80 45
74 81 48
74 82 44
74 83 42
74 84 29
74 85 46
74 86 49
74 87 43
74 88 45
74 89 43
74 90 37
74 91 47
74 92 55
74 93 52
74 94 47
74 95 46
74 96 50
74 97 48
74 98 51
74 99 63
74 100 47
74 101 48
74 102 53
74 103 43
74 104 48
74 105 56
74 106 51
74 107 51
74 108 33
74 109 52
74 110 50
74 111 44
74 112 49
74 113 58
74 114 33
74 115 41
74 116 44
74 117 33
74 118 46
74 119 60
74 120 38
74 121 47
74 122 52
74 123 44
74 124 47
74 125 45
74 126 42
74 127 48
74 128 49
74 129 59
74 130 46
74 131 47
74 132 73
74 133 56
74 134 51
74 135 45
74 136 54
74 137 63
74 138 35
74 139 36
74 140 51
74 141 54
74 142 50
74 143 46
74 144 43
74 145 45
74 146 50
74 147 41
74 148 41
74 149 64
75 0 41
75 1 51
75 2 61
75 3 49
75 4 57
75 5 54
75 6 43
75 7 53
75 8 55
75 9 48
75 10 55
75 11 38
75 12 42
75 13 47
75 14 53
75 15 46
75 16 46
75 17 37
75 18 44
75 19 44
75 20 41
75 21 48
75 22 57
75 23 44
75 24 42
75 25 49
75 26 40
75 27 59
75 28 41
75 29 43
75 30 45
75 31 44
75 32 55
75 33 42
75 34 38
75 35 55
75 36 57
75 37 52
75 38 36
75 39 49
75 40 46
75 41 39
75 42 48
75 43 50
75 44 46
75 45 52
75 46 51
75 47 42
75 48 57
75 49 55
75 50 42
75 51 51
75 52 54
75 53 46
75 54 51
75 55 55
75 56 46
75 57 51
75 58 49
75 59 33
75 60 48
75 61 45
75 62 41
75 63 28
75 64 47
75 65 47
75 66 39
75 67 44
75 68 42
75 69 44
75 70 43
75 71 46
75 72 54
75 73 54
75 74 45
75 75 53
75 76 42
75 77 37
75 78 44
75 79 44
75 80 45
75 81 38
75 82 51
75 83 56
75 84 37
75 85 47
75 86 51
75 87 47
75 88 49
75 89 47
75 90 49
75 91 48
75 92 49
75 93 33
75 94 56
75 95 55
75 96 45
75 97 49
75 98 35
75 99 59
75 100 59
75 101 44
75 102 46
75 103 43
75 104 43
75 105 41
75 106 53
75 107 58
75 108 53
75 109 59
75 110 51
75 111 55
75 112 45
75 113 40
75 114 47
75 115 46
75 116 59
75 117 53
75 118 44
75 119 49
75 120 40
75 121 55
75 122 43
75 123 47
75 124 63
75 125 53
75 126 45
75 127 58
75 128 62
75 129 45
75 130 49
75 131 52
75 132 60
75 133 44
75 134 53
75 135 57
75 136 36
75 137 45
75 138 45
75 139 61
75 140 45
75 141 51
75 142 49
75 143 47
75 144 49
75 145 52
75 146 48
75 147 58
75 148 49
75 149 53
76 0 52
76 1 39
76 2 63
76 3 61
76 4 48
76 5 58
76 6 61
76 7 60
76 8 60
76 9 55
76 10 53
76 11 52
76 12 57
76 13 57
76 14 45
76 15 48
76 16 58
76 17 55
76 18 41
76 19 42
76 20 51
76 21 55
76 22 49
76 23 56
76 24 47
76 25 55
76 26 49
76 27 56
76 28 60
76 29 51
76 30 40
76 31 51
76 32 48
76 33 22
76 34 50
76 35 40
76 36 46
76 37 51
76 38 42
76 39 37
76 40 43
76 41 34
76 42 50
76 43 44
76 44 48
76 45 23
76 46 44
76 47 55
76 48 53
76 49 37
76 50 49
76 51 40
76 52 49
76 53 50
76 54 45
76 55 50
76 56 52
76 57 57
76 58 54
76 59 65
76 60 52
76 61 49
76 62 55
76 63 42
76 64 45
76 65 63
76 66 48
76 67 58
76 68 53
76 69 47
76 70 48
76 71 40
76 72 42
76 73 48
76 74 38
76 75 43
76 76 50
76 77 57
76 78 43
76 79 49
76 80 64
76 81 54
76 82 48
76 83 48
76 84 46
76 85 52
76 86 30
76 87 46
76 88 41
76 89 49
76 90 40
76 91 42
76 92 45
76 93 34
76 94 51
76 95 43
76 96 49
76 97 56
76 98 45
76 99 50
76 100 52
76 101 54
76 102 39
76 103 43
76 104 56
76 105 52
76 106 57
76 107 44
76 108 45
76 109 42
76 110 52
76 111 48
76 112 52
76 113 58
76 114 43
76 115 66
76 116 43
76 117 63
76 118 49
76 119 54
76 120 50
76 121 46
76 122 64
76 123 58
76 124 53
76 125 45
76 126 60
76 127 37
76 128 53
76 129 57
76 130 63
76 131 62
76 132 50
76 133 50
76 134 48
76 135 42
76 136 60
76 137 36
76 138 53
76 139 51
76 140 57
76 141 44
76 142 52
76 143 43
76 144 57
76 145 40
76 146 57
76 147 41
76 148 46
76 149 46
77 0 58
77 1 49
77 2 45
77 3 49
77 4 37
77 5 59
77 6 47
77 7 48
77 8 39
77 9 44
77 10 49
77 11 59
77 12 43
77 13 55
77 14 51
77 15 40
77 16 45
77 17 50
77 18 53
77 19 39
77 20 52
77 21 39
77 22 36
77 23 43
77 24 42
77 25 48
77 26 51
77 27 43
77 28 43
77 29 52
77 30 42
77 31 50
77 32 48
77 33 46
77 34 41
77 35 65
77 36 62
77 37 45
77 38 44
77 39 40
77 40 34
77 41 43
77 42 50
77 43 50
77 44 57
77 45 50
77 46 41
77 47 63
77 48 51
77 49 55
77 50 52
77 51 44
77 52 53
77 53 33
77 54 47
77 55 37
77 56 54
77 57 39
77 58 56
77 59 47
77 60 44
77 61 47
77 62 63
77 63 40
77 64 54
77 65 60
77 66 44
77 67 51
77 68 46
77 69 54
77 70 44
77 71 41
77 72 53
77 73 59
77 74 39
77 75 51
77 76 47
77 77 52
77 78 47
77 79 47
77 80 48
77 81 39
77 82 48
77 83 36
77 84 45
77 85 43
77 86 43
77 87 62
77 88 47
77 89 40
77 90 39
77 91 50
77 92 57
77 93 40
77 94 51
77 95 42
77 96 53
77 97 42
77 98 35
77 99 36
77 100 42
77 101 35
77 102 45
77 103 44
77 104 51
77 105 51
77 106 45
77 107 38
77 108 50
77 109 45
77 110 53
77 111 56
77 112 40
77 113 46
77 114 69
77 115 37
77 116 52
77 117 55
77 118 61
77 119 49
77 120 49
77 121 44
77 122 42
77 123 48
77 124 53
77 125 63
77 126 49
77 127 55
77 128 41
77 129 50
77 130 57
77 131 43
77 132 50
77 133 34
77 134 72
77 135 40
77 136 47
77 137 55
77 138 53
77 139 55
77 140 44
77 141 55
77 142 35
77 143 47
77 144 48
77 145 54
77 146 48
77 147 63
77 148 63
77 149 46
78 0 56
78 1 45
78 2 59
78 3 57
78 4 55
78 5 46
78 6 55
78 7 48
78 8 43
78 9 45
78 10 48
78 11 45
78 12 34
78 13 54
78 14 46
78 15 58
78 16 53
78 17 56
78 18 46
78 19 58
78 20 41
78 21 47
78 22 49
78 23 45
78 24 53
78 25 43
78 26 53
78 27 42
78 28 44
78 29 47
78 30 51
78 31 61
78 32 51
78 33 61
78 34 51
78 35 47
78 36 46
78 37 45
78 38 48
78 39 45
78 40 55
78 41 48
78 42 40
78 43 41
78 44 49
78 45 49
78 46 64
78 47 48
78 48 49
78 49 61
78 50 47
78 51 58
78 52 44
78 53 60
78 54 41
78 55 53
78 56 67
78 57 54
78 58 43
78 59 57
78 60 49
78 61 57
78 62 54
78 63 52
78 64 45
78 65 41
78 66 38
78 67 51
78 68 54
78 69 46
78 70 57
78 71 39
78 72 51
78 73 47
78 74 51
78 75 44
78 76 36
78 77 34
78 78 44
78 79 43
78 80 48
78 81 48
78 82 42
78 83 54
78 84 59
78 85 55
78 86 54
78 87 39
78 88 46
78 89 39
78 90 47
78 91 49
78 92 45
78 93 61
78 94 47
78 95 59
78 96 46
78 97 41
78 98 54
78 99 45
78 100 50
78 101 53
78 102 63
78 103 49
78 104 58
78 105 51
78 106 62
78 107 42
78 108 55
78 109 62
78 110 40
78 111 52
78 112 51
78 113 49
78 114 44
78 115 46
78 116 43
78 117 50
78 118 47
78 119 50
78 120 42
78 121 56
78 122 50
78 123 51
78 124 59
78 125 54
78 126 50
78 127 57
78 128 54
78 129 41
78 130 47
78 131 53
78 132 51
78 133 63
78 134 44
78 135 51
78 136 57
78 137 52
78 138 57
78 139 52
78 140 55
78 141 42
78 142 53
78 143 50
78 144 46
78 145 54
78 146 47
78 147 60
78 148 49
78 149 47
79 0 54
79 1 46
79 2 46
79 3 49
79 4 53
79 5 63
79 6 47
79 7 48
79 8 40
79 9 58
79 10 52
79 11 45
79 12 54
79 13 45
79 14 40
79 15 43
79 16 54
79 17 42
79 18 49
79 19 51
79 20 49
79 21 41
79 22 46
79 23 56
79 24 55
79 25 40
79 26 40
79 27 41
79 28 42
79 29 41
79 30 41
79 31 48
79 32 46
79 33 47
79 34 64
79 35 41
79 36 37
79 37 46
79 38 37
79 39 50
79 40 47
79 41 37
79 42 53
79 43 58
79 44 52
79 45 51
79 46 52
79 47 60
79 48 49
79 49 51
79 50 44
79 51 49
79 52 37
79 53 48
79 54 59
79 55 58
79 56 41
79 57 52
79 58 50
79 59 54
79 60 40
79 61 54
79 62 43
79 63 50
79 64 52
79 65 56
79 66 45
79 67 49
79 68 38
79 69 56
79 70 38
79 71 59
79 72 49
79 73 36
79 74 46
79 75 41
79 76 48
79 77 49
79 78 56
79 79 46
79 80 46
79 81 58
79 82 50
79 83 60
79 84 48
79 85 45
79 86 38
79 87 48
79 88 50
79 89 53
79 90 45
79 91 49
79 92 57
79 93 42
79 94 51
79 95 41
79 96 53
79 97 37
79 98 53
79 99 53
79 100 50
79 101 45
79 102 36
79 103 54
79 104 52
79 105 58
79 106 53
79 107 60
79 108 48
79 109 53
79 110 47
79 111 46
79 112 42
79 113 54
79 114 44
79 115 39
79 116 55
79 117 46
79 118 57
79 119 57
79 120 45
79 121 46
79 122 60
79 123 51
79 124 47
79 125 49
79 126 55
79 127 57
79 128 59
79 129 45
79 130 52
79 131 60
79 132 44
79 133 55
79 134 56
79 135 54
79 136 47
79 137 57
79 138 58
79 139 37
79 140 55
79 141 51
79 142 59
79 143 52
79 144 43
79 145 49
79 146 48
79 147 50
79 148 61
79 149 47
80 0 39
80 1 41
80 2 54
80 3 43
80 4 54
80 5 57
80 6 53
80 7 61
80 8 58
80 9 48
80 10 48
80 11 56
80 12 47
80 13 62
80 14 42
80 15 48
80 16 60
80 17 50
80 18 46
80 19 57
80 20 51
80 21 49
80 22 38
80 23 48
80 24 53
80 25 44
80 26 42
80 27 51
80 28 45
80 29 46
80 30 44
80 31 57
80 32 47
80 33 38
80 34 66
80 35 49
80 36 43
80 37 57
80 38 49
80 39 54
80 40 43
80 41 52
80 42 48
80 43 49
80 44 60
80 45 35
80 46 54
80 47 43
80 48 47
80 49 40
80 50 55
80 51 43
80 52 45
80 53 54
80 54 39
80 55 47
80 56 44
80 57 50
80 58 52
80 59 63
80 60 55
80 61 36
80 62 40
80 63 42
80 64 42
80 65 44
80 66 32
80 67 42
80 68 48
80 69 48
80 70 51
80 71 50
80 72 35
80 73 40
80 74 52
80 75 54
80 76 46
80 77 42
80 78 43
80 79 41
80 80 47
80 81 40
80 82 47
80 83 51
80 84 68
80 85 57
80 86 60
80 87 48
80 88 52
80 89 51
80 90 57
80 91 51
80 92 39
80 93 43
80 94 54
80 95 45
80 96 43
80 97 52
80 98 48
80 99 60
80 100 49
80 101 46
80 102 44
80 103 49
80 104 43
80 105 50
80 106 49
80 107 51
80 108 46
80 109 40
80 110 36
80 111 55
80 112 51
80 113 51
80 114 52
80 115 58
80 116 37
80 117 41
80 118 47
80 119 58
80 120 47
80 121 45
80 122 29
80 123 38
80 124 43
80 125 57
80 126 52
80 127 50
80 128 57
80 129 42
80 130 45
80 131 47
80 132 60
80 133 45
80 134 44
80 135 52
80 136 50
80 137 46
80 138 34
80 139 57
80 140 42
80 141 54
80 142 45
80 143 55
80 144 47
80 145 54
80 146 49
80 147 40
80 148 50
80 149 38
81 0 50
81 1 51
81 2 36
81 3 51
81 4 59
81 5 54
81 6 42
81 7 47
81 8 46
81 9 56
81 10 44
81 11 54
81 12 51
81 13 53
81 14 37
81 15 44
81 16 52
81 17 63
81 18 50
81 19 35
81 20 47
81 21 42
81 22 48
81 23 50
81 24 45
81 25 36
81 26 48
81 27 59
81 28 42
81 29 53
81 30 36
81 31 35
81 32 42
81 33 44
81 34 53
81 35 35
81 36 50
81 37 41
81 38 54
81 39 48
81 40 50
81 41 44
81 42 42
81 43 53
81 44 38
81 45 48
81 46 52
81 47 62
81 48 65
81 49 43
81 50 62
81 51 44
81 52 49
81 53 41
81 54 57
81 55 65
81 56 55
81 57 44
81 58 55
81 59 53
81 60 43
81 61 40
81 62 44
81 63 55
81 64 53
81 65 52
81 66 40
81 67 61
81 68 38
81 69 45
81 70 35
81 71 44
81 72 54
81 73 52
81 74 35
81 75 47
81 76 52
81 77 46
81 78 39
81 79 40
81 80 49
81 81 48
81 82 59
81 83 49
81 84 35
81 85 35
81 86 39
81 87 57
81 88 47
81 89 50
81 90 53
81 91 50
81 92 49
81 93 40
81 94 49
81 95 44
81 96 50
81 97 51
81 98 39
81 99 50
81 100 46
81 101 55
81 102 51
81 103 56
81 104 51
81 105 39
81 106 55
81 107 39
81 108 54
81 109 46
81 110 41
81 111 53
81 112 59
81 113 48
81 114 57
81 115 58
81 116 46
81 117 42
81 118 35
81 119 49
81 120 51
81 121 52
81 122 50
81 123 46
81 124 46
81 125 47
81 126 56
81 127 51
81 128 61
81 129 45
81 130 42
81 131 55
81 132 42
81 133 37
81 134 35
81 135 44
81 136 45
81 137 54
81 138 53
81 139 55
81 140 45
81 141 57
81 142 42
81 143 50
81 144 53
81 145 43
81 146 55
81 147 50
81 148 55
81 149 56
82 0 47
82 1 60
82 2 52
82 3 58
82 4 37
82 5 36
82 6 52
82 7 56
82 8 61
82 9 51
82 10 44
82 11 47
82 12 57
82 13 44
82 14 43
82 15 55
82 16 42
82 17 51
82 18 38
82 19 35
82 20 52
82 21 49
82 22 46
82 23 53
82 24 47
82 25 39
82 26 42
82 27 39
82 28 51
82 29 42
82 30 50
82 31 41
82 32 58
82 33 65
82 34 54
82 35 46
82 36 53
82 37 44
82 38 49
82 39 57
82 40 47
82 41 49
82 42 56
82 43 42
82 44 40
82 45 50
82 46 46
82 47 46
82 48 49
82 49 50
82 50 48
82 51 46
82 52 43
82 53 51
82 54 53
82 55 57
82 56 39
82 57 50
82 58 47
82 59 51
82 60 48
82 61 49
82 62 59
82 63 52
82 64 39
82 65 44
82 66 42
82 67 47
82 68 35
82 69 40
82 70 48
82 71 53
82 72 62
82 73 45
82 74 25
82 75 51
82 76 42
82 77 39
82 78 39
82 79 50
82 80 45
82 81 55
82 82 51
82 83 45
82 84 50
82 85 60
82 86 46
82 87 40
82 88 34
82 89 63
82 90 50
82 91 56
82 92 53
82 93 53
82 94 38
82 95 49
82 96 59
82 97 47
82 98 54
82 99 46
82 100 52
82 101 42
82 102 46
82 103 42
82 104 48
82 105 43
82 106 49
82 107 61
82 108 52
82 109 52
82 110 49
82 111 55
82 112 56
82 113 43
82 114 49
82 115 51
82 116 54
82 117 44
82 118 54
82 119 49
82 120 44
82 121 38
82 122 50
82 123 43
82 124 44
82 125 45
82 126 38
82 127 60
82 128 35
82 129 48
82 130 48
82 131 45
82 132 51
82 133 37
82 134 50
82 135 46
82 136 54
82 137 48
82 138 53
82 139 46
82 140 39
82 141 48
82 142 50
82 143 53
82 144 62
82 145 36
82 146 51
82 147 53
82 148 45
82 149 52
83 0 55
83 1 50
83 2 39
83 3 42
83 4 54
83 5 44
83 6 41
83 7 45
83 8 53
83 9 54
83 10 61
83 11 39
83 12 37
83 13 51
83 14 55
83 15 49
83 16 45
83 17 46
83 18 52
83 19 44
83 20 51
83 21 51
83 22 51
83 23 36
83 24 48
83 25 44
83 26 49
83 27 45
83 28 58
83 29 44
83 30 51
83 31 50
83 32 32
83 33 42
83 34 37
83 35 47
83 36 36
83 37 56
83 38 42
83 39 38
83 40 58
83 41 57
83 42 55
83 43 46
83 44 44
83 45 49
83 46 36
83 47 46
83 48 59
83 49 40
83 50 42
83 51 57
83 52 64
83 53 58
83 54 44
83 55 45
83 56 48
83 57 43
83 58 49
83 59 53
83 60 44
83 61 39
83 62 48
83 63 55
83 64 55
83 65 45
83 66 50
83 67 42
83 68 49
83 69 47
83 70 44
83 71 45
83 72 43
83 73 40
83 74 62
83 75 48
83 76 48
83 77 41
83 78 47
83 79 38
83 80 49
83 81 51
83 82 51
83 83 36
83 84 47
83 85 40
83 86 39
83 87 44
83 88 52
83 89 53
83 90 58
83 91 52
83 92 63
83 93 42
83 94 36
83 95 45
83 96 51
83 97 44
83 98 40
83 99 50
83 100 61
83 101 65
83 102 47
83 103 45
83 104 53
83 105 51
83 106 52
83 107 58
83 108 47
83 109 41
83 110 40
83 111 45
83 112 61
83 113 49
83 114 50
83 115 43
83 116 44
83 117 43
83 118 48
83 119 50
83 120 56
83 121 61
83 122 52
83 123 51
83 124 43
83 125 56
83 126 47
83 127 51
83 128 57
83 129 60
83 130 53
83 131 41
83 132 51
83 133 43
83 134 57
83 135 61
83 136 44
83 137 56
83 138 49
83 139 51
83 140 62
83 141 47
83 142 46
83 143 50
83 144 47
83 145 47
83 146 65
83 147 51
83 148 48
83 149 50
84 0 55
84 1 49
84 2 43
84 3 54
84 4 53
84 5 47
84 6 59
84 7 44
84 8 51
84 9 51
84 10 49
84 11 50
84 12 52
84 13 49
84 14 53
84 15 47
84 16 41
84 17 55
84 18 53
84 19 51
84 20 52
84 21 47
84 22 45
84 23 50
84 24 49
84 25 45
84 26 43
84 27 35
84 28 46
84 29 46
84 30 48
84 31 40
84 32 54
84 33 48
84 34 42
84 35 44
84 36 64
84 37 40
84 38 56
84 39 48
84 40 47
84 41 48
84 42 46
84 43 32
84 44 56
84 45 42
84 46 52
84 47 52
84 48 46
84 49 33
84 50 43
84 51 46
84 52 58
84 53 63
84 54 52
84 55 59
84 56 35
84 57 54
84 58 46
84 59 47
84 60 53
84 61 39
84 62 65
84 63 52
84 64 42
84 65 47
84 66 49
84 67 50
84 68 43
84 69 47
84 70 62
84 71 39
84 72 51
84 73 39
84 74 40
84 75 54
84 76 51
84 77 38
84 78 43
84 79 50
84 80 54
84 81 42
84 82 49
84 83 36
84 84 53
84 85 52
84 86 50
84 87 31
84 88 40
84 89 56
84 90 52
84 91 40
84 92 49
84 93 60
84 94 49
84 95 48
84 96 43
84 97 49
84 98 54
84 99 53
84 100 52
84 101 47
84 102 47
84 103 45
84 104 66
84 105 62
84 106 63
84 107 41
84 108 55
84 109 51
84 110 46
84 111 54
84 112 38
84 113 50
84 114 50
84 115 48
84 116 41
84 117 53
84 118 41
84 119 55
84 120 43
84 121 54
84 122 48
84 123 41
84 124 39
84 125 45
84 126 55
84 127 50
84 128 43
84 129 43
84 130 44
84 131 50
84 132 40
84 133 47
84 134 46
84 135 42
84 136 49
84 137 62
84 138 44
84 139 51
84 140 45
84 141 55
84 142 44
84 143 54
84 144 55
84 145 47
84 146 39
84 147 45
84 148 51
84 149 62
85 0 49
85 1 66
85 2 43
85 3 59
85 4 50
85 5 53
85 6 51
85 7 57
85 8 48
85 9 45
85 10 53
85 11 41
85 12 38
85 13 50
85 14 48
85 15 53
85 16 38
85 17 45
85 18 39
85 19 40
85 20 59
85 21 38
85 22 58
85 23 42
85 24 72
85 25 48
85 26 52
85 27 44
85 28 59
85 29 56
85 30 54
85 31 49
85 32 42
85 33 55
85 34 46
85 35 46
85 36 48
85 37 54
85 38 41
85 39 44
85 40 64
85 41 43
85 42 50
85 43 31
85 44 59
85 45 53
85 46 52
85 47 56
85 48 57
85 49 56
85 50 59
85 51 50
85 52 46
85 53 64
85 54 36
85 55 53
85 56 52
85 57 34
85 58 52
85 59 53
85 60 51
85 61 45
85 62 61
85 63 43
85 64 57
85 65 45
85 66 40
85 67 49
85 68 44
85 69 46
85 70 39
85 71 37
85 72 43
85 73 40
85 74 52
85 75 43
85 76 43
85 77 40
85 78 42
85 79 63
85 80 47
85 81 38
85 82 47
85 83 38
85 84 41
85 85 52
85 86 62
85 87 51
85 88 41
85 89 41
85 90 61
85 91 39
85 92 57
85 93 60
85 94 43
85 95 50
85 96 40
85 97 45
85 98 48
85 99 49
85 100 51
85 101 49
85 102 46
85 103 55
85 104 43
85 105 55
85 106 58
85 107 56
85 108 40
85 109 48
85 110 62
85 111 44
85 112 41
85 113 64
85 114 51
85 115 49
85 116 49
85 117 58
85 118 47
85 119 58
85 120 46
85 121 43
85 122 54
85 123 51
85 124 44
85 125 48
85 126 50
85 127 49
85 128 49
85 129 43
85 130 60
85 131 39
85 132 47
85 133 53
85 134 56
85 135 49
85 136 54
85 137 43
85 138 49
85 139 43
85 140 51
85 141 47
85 142 59
85 143 41
85 144 57
85 145 41
85 146 46
85 147 48
85 148 56
85 149 55
86 0 39
86 1 46
86 2 54
86 3 54
86 4 46
86 5 47
86 6 54
86 7 54
86 8 42
86 9 58
86 10 51
86 11 46
86 12 46
86 13 39
86 14 52
86 15 44
86 16 53
86 17 60
86 18 49
86 19 51
86 20 50
86 21 43
86 22 44
86 23 50
86 24 45
86 25 44
86 26 50
86 27 41
86 28 38
86 29 48
86 30 53
86 31 38
86 32 49
86 33 48
86 34 46
86 35 52
86 36 60
86 37 53
86 38 49
86 39 45
86 40 39
86 41 46
86 42 51
86 43 42
86 44 50
86 45 44
86 46 52
86 47 42
86 48 46
86 49 47
86 50 46
86 51 46
86 52 39
86 53 69
86 54 48
86 55 49
86 56 49
86 57 41
86 58 55
86 59 44
86 60 64
86 61 39
86 62 44
86 63 44
86 64 44
86 65 45
86 66 44
86 67 54
86 68 42
86 69 47
86 70 48
86 71 40
86 72 46
86 73 49
86 74 53
86 75 48
86 76 47
86 77 41
86 78 41
86 79 53
86 80 39
86 81 48
86 82 43
86 83 61
86 84 55
86 85 68
86 86 49
86 87 56
86 88 34
86 89 54
86 90 57
86 91 48
86 92 44
86 93 58
86 94 49
86 95 51
86 96 39
86 97 61
86 98 48
86 99 52
86 100 56
86 101 43
86 102 50
86 103 49
86 104 43
86 105 38
86 106 46
86 107 55
86 108 47
86 109 43
86 110 58
86 111 55
86 112 49
86 113 68
86 114 51
86 115 54
86 116 48
86 117 48
86 118 49
86 119 55
86 120 59
86 121 44
86 122 48
86 123 53
86 124 39
86 125 67
86 126 54
86 127 43
86 128 51
86 129 56
86 130 40
86 131 41
86 132 48
86 133 40
86 134 49
86 135 49
86 136 40
86 137 39
86 138 49
86 139 55
86 140 52
86 141 43
86 142 51
86 143 44
86 144 51
86 145 46
86 146 62
86 147 54
86 148 63
86 149 59
87 0 51
87 1 44
87 2 45
87 3 55
87 4 48
87 5 46
87 6 56
87 7 37
87 8 45
87 9 34
87 10 43
87 11 54
87 12 41
87 13 42
87 14 35
87 15 53
87 16 37
87 17 47
87 18 44
87 19 50
87 20 40
87 21 44
87 22 42
87 23 49
87 24 37
87 25 45
87 26 41
87 27 51
87 28 49
87 29 51
87 30 52
87 31 57
87 32 51
87 33 44
87 34 60
87 35 50
87 36 43
87 37 58
87 38 47
87 39 48
87 40 52
87 41 41
87 42 49
87 43 51
87 44 43
87 45 39
87 46 38
87 47 40
87 48 47
87 49 46
87 50 52
87 51 42
87 52 53
87 53 45
87 54 44
87 55 51
87 56 34
87 57 59
87 58 61
87 59 42
87 60 52
87 61 46
87 62 48
87 63 41
87 64 44
87 65 48
87 66 55
87 67 55
87 68 36
87 69 54
87 70 47
87 71 45
87 72 58
87 73 50
87 74 52
87 75 43
87 76 51
87 77 42
87 78 50
87 79 42
87 80 45
87 81 49
87 82 45
87 83 44
87 84 48
87 85 38
87 86 42
87 87 40
87 88 45
87 89 40
87 90 32
87 91 44
87 92 37
87 93 48
87 94 48
87 95 47
87 96 57
87 97 43
87 98 46
87 99 64
87 100 49
87 101 58
87 102 48
87 103 54
87 104 46
87 105 56
87 106 55
87 107 50
87 108 51
87 109 44
87 110 50
87 111 48
87 112 49
87 113 54
87 114 47
87 115 57
87 116 54
87 117 50
87 118 57
87 119 57
87 120 64
87 121 36
87 122 32
87 123 45
87 124 55
87 125 36
87 126 47
87 127 47
87 128 43
87 129 55
87 130 39
87 131 40
87 132 42
87 133 44
87 134 52
87 135 64
87 136 51
87 137 42
87 138 50
87 139 60
87 140 53
87 141 43
87 142 48
87 143 39
87 144 49
87 145 45
87 146 59
87 147 54
87 148 43
87 149 53
88 0 54
88 1 55
88 2 53
88 3 56
88 4 51
88 5 41
88 6 55
88 7 50
88 8 54
88 9 41
88 10 52
88 11 54
88 12 49
88 13 49
88 14 49
88 15 33
88 16 46
88 17 50
88 18 43
88 19 44
88 20 56
88 21 52
88 22 43
88 23 52
88 24 69
88 25 62
88 26 40
88 27 48
88 28 41
88 29 48
88 30 48
88 31 47
88 32 56
88 33 51
88 34 43
88 35 59
88 36 47
88 37 52
88 38 48
88 39 50
88 40 44
88 41 38
88 42 48
88 43 46
88 44 52
88 45 58
88 46 41
88 47 30
88 48 54
88 49 49
88 50 47
88 51 50
88 52 46
88 53 55
88 54 37
88 55 62
88 56 51
88 57 41
88 58 46
88 59 38
88 60 55
88 61 58
88 62 44
88 63 44
88 64 50
88 65 52
88 66 44
88 67 56
88 68 51
88 69 48
88 70 47
88 71 58
88 72 39
88 73 56
88 74 35
88 75 30
88 76 55
88 77 42
88 78 60
88 79 45
88 80 44
88 81 49
88 82 46
88 83 55
88 84 48
88 85 62
88 86 41
88 87 45
88 88 42
88 89 47
88 90 47
88 91 52
88 92 57
88 93 57
88 94 44
88 95 48
88 96 59
88 97 55
88 98 34
88 99 61
88 100 47
88 101 44
88 102 47
88 103 39
88 104 41
88 105 45
88 106 51
88 107 46
88 108 60
88 109 59
88 110 42
88 111 48
88 112 53
88 113 50
88 114 62
88 115 49
88 116 50
88 117 51
88 118 51
88 119 45
88 120 43
88 121 46
88 122 51
88 123 50
88 124 56
88 125 45
88 126 51
88 127 42
88 128 42
88 129 44
88 130 52
88 131 48
88 132 53
88 133 48
88 134 43
88 135 56
88 136 63
88 137 35
88 138 49
88 139 46
88 140 49
88 141 57
88 142 64
88 143 36
88 144 40
88 145 68
88 146 50
88 147 42
88 148 56
88 149 46
89 0 42
89 1 47
89 2 54
89 3 35
89 4 54
89 5 68
89 6 41
89 7 48
89 8 48
89 9 56
89 10 48
89 11 65
89 12 50
89 13 52
89 14 56
89 15 53
89 16 58
89 17 48
89 18 43
89 19 52
89 20 43
89 21 43
89 22 52
89 23 50
89 24 42
89 25 53
89 26 46
89 27 44
89 28 38
89 29 50
89 30 48
89 31 48
89 32 43
89 33 44
89 34 57
89 35 42
89 36 40
89 37 43
89 38 56
89 39 46
89 40 60
89 41 37
89 42 41
89 43 40
89 44 51
89 45 51
89 46 41
89 47 45
89 48 49
89 49 42
89 50 37
89 51 53
89 52 38
89 53 55
89 54 43
89 55 42
89 56 54
89 57 64
89 58 53
89 59 60
89 60 44
89 61 60
89 62 40
89 63 39
89 64 36
89 65 49
89 66 53
89 67 40
89 68 47
89 69 44
89 70 45
89 71 45
89 72 39
89 73 55
89 74 31
89 75 46
89 76 45
89 77 55
89 78 62
89 79 43
89 80 49
89 81 42
89 82 46
89 83 38
89 84 57
89 85 42
89 86 47
89 87 48
89 88 43
89 89 53
89 90 60
89 91 51
89 92 60
89 93 61
89 94 65
89 95 52
89 96 50
89 97 55
89 98 48
89 99 38
89 100 53
89 101 47
89 102 56
89 103 49
89 104 58
89 105 65
89 106 52
89 107 52
89 108 48
89 109 60
89 110 57
89 111 44
89 112 60
89 113 52
89 114 50
89 115 60
89 116 46
89 117 48
89 118 55
89 119 46
89 120 47
89 121 44
89 122 33
89 123 40
89 124 38
89 125 48
89 126 40
89 127 42
89 128 54
89 129 51
89 130 37
89 131 37
89 132 50
89 133 45
89 134 49
89 135 43
89 136 45
89 137 40
89 138 63
89 139 52
89 140 48
89 141 50
89 142 45
89 143 48
89 144 51
89 145 47
89 146 43
89 147 56
89 148 51
89 149 52
90 0 43
90 1 50
90 2 40
90 3 43
90 4 46
90 5 50
90 6 45
90 7 58
90 8 47
90 9 51
90 10 52
90 11 43
90 12 44
90 13 48
90 14 43
90 15 53
90 16 39
90 17 51
90 18 50
90 19 45
90 20 62
90 21 44
90 22 49
90 23 64
90 24 56
90 25 50
90 26 48
90 27 60
90 28 48
90 29 49
90 30 39
90 31 44
90 32 56
90 33 43
90 34 46
90 35 46
90 36 54
90 37 47
90 38 47
90 39 45
90 40 49
90 41 45
90 42 54
90 43 44
90 44 49
90 45 49
90 46 52
90 47 49
90 48 52
90 49 49
90 50 59
90 51 47
90 52 48
90 53 48
90 54 72
90 55 47
90 56 47
90 57 43
90 58 39
90 59 56
90 60 45
90 61 48
90 62 47
90 63 60
90 64 42
90 65 41
90 66 59
90 67 49
90 68 48
90 69 61
90 70 47
90 71 45
90 72 54
90 73 44
90 74 52
90 75 42
90 76 51
90 77 46
90 78 38
90 79 56
90 80 47
90 81 52
90 82 55
90 83 47
90 84 51
90 85 47
90 86 38
90 87 48
90 88 36
90 89 47
90 90 53
90 91 55
90 92 45
90 93 43
90 94 30
90 95 53
90 96 53
90 97 51
90 98 44
90 99 53
90 100 54
90 101 52
90 102 55
90 103 49
90 104 51
90 105 56
90 106 51
90 107 45
90 108 54
90 109 47
90 110 45
90 111 43
90 112 40
90 113 45
90 114 45
90 115 48
90 116 51
90 117 49
90 118 43
90 119 45
90 120 46
90 121 49
90 122 45
90 123 52
90 124 52
90 125 54
90 126 38
90 127 52
90 128 37
90 129 48
90 130 41
90 131 51
90 132 49
90 133 62
90 134 47
90 135 38
90 136 51
90 137 56
90 138 45
90 139 51
90 140 50
90 141 48
90 142 55
90 143 44
90 144 51
90 145 53
90 146 41
90 147 48
90 148 39
90 149 49
91 0 50
91 1 42
91 2 30
91 3 47
91 4 48
91 5 52
91 6 60
91 7 61
91 8 44
91 9 50
91 10 51
91 11 44
91 12 57
91 13 53
91 14 38
91 15 53
91 16 52
91 17 48
91 18 46
91 19 57
91 20 55
91 21 43
91 22 45
91 23 46
91 24 53
91 25 63
91 26 48
91 27 46
91 28 44
91 29 45
91 30 35
91 31 47
91 32 52
91 33 56
91 34 48
91 35 47
91 36 45
91 37 44
91 38 44
91 39 47
91 40 32
91 41 43
91 42 49
91 43 40
91 44 57
91 45 50
91 46 45
91 47 59
91 48 62
91 49 45
91 50 46
91 51 45
91 52 49
91 53 38
91 54 47
91 55 49
91 56 44
91 57 29
91 58 55
91 59 55
91 60 54
91 61 43
91 62 48
91 63 60
91 64 50
91 65 46
91 66 47
91 67 58
91 68 48
91 69 48
91 70 43
91 71 42
91 72 55
91 73 42
91 74 59
91 75 51
91 76 45
91 77 63
91 78 49
91 79 48
91 80 47
91 81 42
91 82 48
91 83 47
91 84 41
91 85 49
91 86 50
91 87 63
91 88 50
91 89 34
91 90 46
91 91 48
91 92 51
91 93 47
91 94 33
91 95 41
91 96 49
91 97 43
91 98 55
91 99 55
91 100 34
91 101 48
91 102 43
91 103 51
91 104 59
91 105 42
91 106 46
91 107 47
91 108 51
91 109 50
91 110 45
91 111 46
91 112 42
91 113 48
91 114 68
91 115 42
91 116 46
91 117 56
91 118 37
91 119 50
91 120 56
91 121 61
91 122 36
91 123 62
91 124 66
91 125 60
91 126 43
91 127 47
91 128 41
91 129 38
91 130 48
91 131 63
91 132 72
91 133 53
91 134 48
91 135 51
91 136 41
91 137 47
91 138 41
91 139 42
91 140 41
91 141 40
91 142 46
91 143 54
91 144 43
91 145 53
91 146 62
91 147 53
91 148 50
91 149 48
92 0 62
92 1 45
92 2 37
92 3 49
92 4 46
92 5 40
92 6 52
92 7 53
92 8 48
92 9 41
92 10 46
92 11 37
92 12 49
92 13 38
92 14 49
92 15 51
92 16 47
92 17 51
92 18 36
92 19 51
92 20 50
92 21 43
92 22 50
92 23 37
92 24 57
92 25 57
92 26 51
92 27 47
92 28 43
92 29 48
92 30 48
92 31 53
92 32 45
92 33 41
92 34 55
92 35 43
92 36 56
92 37 55
92 38 54
92 39 42
92 40 48
92 41 37
92 42 50
92 43 50
92 44 51
92 45 47
92 46 50
92 47 53
92 48 42
92 49 45
92 50 68
92 51 56
92 52 48
92 53 45
92 54 66
92 55 41
92 56 52
92 57 48
92 58 45
92 59 57
92 60 47
92 61 45
92 62 71
92 63 44
92 64 39
92 65 38
92 66 54
92 67 52
92 68 41
92 69 47
92 70 43
92 71 45
92 72 57
92 73 49
92 74 44
92 75 49
92 76 48
92 77 55
92 78 55
92 79 41
92 80 37
92 81 58
92 82 46
92 83 58
92 84 52
92 85 43
92 86 49
92 87 50
92 88 50
92 89 45
92 90 55
92 91 45
92 92 52
92 93 63
92 94 54
92 95 37
92 96 59
92 97 50
92 98 44
92 99 44
92 100 46
92 101 54
92 102 42
92 103 47
92 104 52
92 105 45
92 106 41
92 107 44
92 108 41
92 109 50
92 110 37
92 111 57
92 112 53
92 113 38
92 114 56
92 115 51
92 116 42
92 117 45
92 118 44
92 119 54
92 120 42
92 121 44
92 122 47
92 123 47
92 124 46
92 125 45
92 126 56
92 127 43
92 128 49
92 129 51
92 130 65
92 131 50
92 132 46
92 133 48
92 134 52
92 135 65
92 136 42
92 137 47
92 138 72
92 139 45
92 140 58
92 141 42
92 142 42
92 143 43
92 144 54
92 145 49
92 146 53
92 147 58
92 148 47
92 149 47
93 0 58
93 1 50
93 2 29
93 3 51
93 4 51
93 5 41
93 6 38
93 7 42
93 8 49
93 9 59
93 10 62
93 11 40
93 12 63
93 13 46
93 14 62
93 15 61
93 16 59
93 17 50
93 18 34
93 19 48
93 20 52
93 21 35
93 22 52
93 23 60
93 24 45
93 25 56
93 26 53
93 27 48
93 28 40
93 29 52
93 30 49
93 31 54
93 32 57
93 33 59
93 34 58
93 35 39
93 36 47
93 37 34
93 38 43
93 39 57
93 40 43
93 41 45
93 42 44
93 43 47
93 44 37
93 45 44
93 46 45
93 47 49
93 48 45
93 49 46
93 50 47
93 51 50
93 52 51
93 53 48
93 54 46
93 55 53
93 56 40
93 57 40
93 58 46
93 59 45
93 60 55
93 61 46
93 62 39
93 63 41
93 64 44
93 65 52
93 66 42
93 67 55
93 68 42
93 69 62
93 70 55
93 71 35
93 72 46
93 73 48
93 74 42
93 75 40
93 76 47
93 77 53
93 78 44
93 79 45
93 80 44
93 81 46
93 82 66
93 83 40
93 84 46
93 85 58
93 86 46
93 87 42
93 88 47
93 89 56
93 90 56
93 91 58
93 92 51
93 93 40
93 94 41
93 95 50
93 96 47
93 97 54
93 98 50
93 99 38
93 100 56
93 101 42
93 102 46
93 103 41
93 104 52
93 105 51
93 106 48
93 107 46
93 108 51
93 109 52
93 110 35
93 111 49
93 112 30
93 113 50
93 114 43
93 115 37
93 116 48
93 117 40
93 118 39
93 119 47
93 120 44
93 121 41
93 122 53
93 123 58
93 124 35
93 125 57
93 126 50
93 127 58
93 128 45
93 129 59
93 130 59
93 131 54
93 132 41
93 133 40
93 134 65
93 135 55
93 136 45
93 137 44
93 138 42
93 139 45
93 140 40
93 141 47
93 142 47
93 143 57
93 144 41
93 145 41
93 146 46
93 147 56
93 148 54
93 149 51
94 0 43
94 1 52
94 2 58
94 3 52
94 4 43
94 5 43
94 6 39
94 7 40
94 8 45
94 9 56
94 10 50
94 11 41
94 12 55
94 13 57
94 14 55
94 15 47
94 16 67
94 17 47
94 18 48
94 19 41
94 20 41
94 21 44
94 22 43
94 23 41
94 24 48
94 25 48
94 26 38
94 27 55
94 28 51
94 29 52
94 30 50
94 31 46
94 32 53
94 33 43
94 34 55
94 35 45
94 36 53
94 37 48
94 38 46
94 39 41
94 40 55
94 41 47
94 42 47
94 43 43
94 44 53
94 45 44
94 46 44
94 47 53
94 48 54
94 49 55
94 50 46
94 51 52
94 52 52
94 53 47
94 54 47
94 55 54
94 56 37
94 57 51
94 58 57
94 59 48
94 60 50
94 61 46
94 62 46
94 63 59
94 64 60
94 65 51
94 66 56
94 67 48
94 68 42
94 69 41
94 70 55
94 71 55
94 72 53
94 73 51
94 74 60
94 75 39
94 76 52
94 77 57
94 78 48
94 79 68
94 80 36
94 81 40
94 82 50
94 83 47
94 84 43
94 85 60
94 86 26
94 87 53
94 88 49
94 89 44
94 90 42
94 91 44
94 92 51
94 93 65
94 94 46
94 95 54
94 96 52
94 97 54
94 98 45
94 99 44
94 100 57
94 101 54
94 102 51
94 103 54
94 104 40
94 105 44
94 106 53
94 107 53
94 108 41
94 109 45
94 110 47
94 111 48
94 112 50
94 113 37
94 114 58
94 115 43
94 116 41
94 117 44
94 118 60
94 119 55
94 120 49
94 121 53
94 122 41
94 123 59
94 124 55
94 125 51
94 126 48
94 127 38
94 128 44
94 129 58
94 130 41
94 131 45
94 132 62
94 133 52
94 134 53
94 135 50
94 136 40
94 137 49
94 138 56
94 139 47
94 140 47
94 141 64
94 142 58
94 143 48
94 144 53
94 145 45
94 146 51
94 147 63
94 148 48
94 149 62
95 0 60
95 1 48
95 2 44
95 3 47
95 4 46
95 5 53
95 6 51
95 7 35
95 8 60
95 9 51
95 10 63
95 11 51
95 12 42
95 13 45
95 14 45
95 15 49
95 16 59
95 17 54
95 18 42
95 19 47
95 20 54
95 21 40
95 22 39
95 23 52
95 24 47
95 25 38
95 26 61
95 27 49
95 28 44
95 29 55
95 30 47
95 31 56
95 32 48
95 33 44
95 34 52
95 35 42
95 36 38
95 37 57
95 38 45
95 39 50
95 40 48
95 41 45
95 42 49
95 43 51
95 44 54
95 45 45
95 46 55
95 47 46
95 48 44
95 49 37
95 50 54
95 51 47
95 52 37
95 53 44
95 54 56
95 55 64
95 56 52
95 57 54
95 58 46
95 59 47
95 60 55
95 61 39
95 62 35
95 63 66
95 64 56
95 65 50
95 66 48
95 67 56
95 68 55
95 69 58
95 70 48
95 71 51
95 72 45
95 73 46
95 74 49
95 75 60
95 76 54
95 77 48
95 78 53
95 79 55
95 80 56
95 81 45
95 82 52
95 83 47
95 84 40
95 85 48
95 86 44
95 87 56
95 88 55
95 89 53
95 90 47
95 91 42
95 92 51
95 93 48
95 94 51
95 95 46
95 96 56
95 97 59
95 98 48
95 99 49
95 100 41
95 101 55
95 102 58
95 103 44
95 104 54
95 105 38
95 106 48
95 107 34
95 108 53
95 109 55
95 110 48
95 111 44
95 112 53
95 113 44
95 114 44
95 115 40
95 116 48
95 117 44
95 118 53
95 119 57
95 120 46
95 121 41
95 122 52
95 123 44
95 124 41
95 125 49
95 126 58
95 127 58
95 128 41
95 129 53
95 130 46
95 131 52
95 132 46
95 133 44
95 134 53
95 135 57
95 136 58
95 137 48
95 138 50
95 139 36
95 140 38
95 141 42
95 142 47
95 143 51
95 144 49
95 145 48
95 146 41
95 147 47
95 148 43
95 149 52
96 0 48
96 1 55
96 2 42
96 3 43
96 4 56
96 5 57
96 6 44
96 7 54
96 8 50
96 9 41
96 10 54
96 11 41
96 12 44
96 13 33
96 14 47
96 15 51
96 16 45
96 17 44
96 18 50
96 19 48
96 20 50
96 21 58
96 22 58
96 23 41
96 24 43
96 25 60
96 26 43
96 27 56
96 28 48
96 29 58
96 30 48
96 31 51
96 32 40
96 33 45
96 34 44
96 35 59
96 36 48
96 37 52
96 38 48
96 39 48
96 40 60
96 41 55
96 42 54
96 43 52
96 44 45
96 45 50
96 46 43
96 47 40
96 48 46
96 49 45
96 50 44
96 51 55
96 52 57
96 53 57
96 54 52
96 55 53
96 56 54
96 57 40
96 58 65
96 59 52
96 60 44
96 61 40
96 62 47
96 63 43
96 64 47
96 65 58
96 66 33
96 67 46
96 68 48
96 69 43
96 70 51
96 71 51
96 72 54
96 73 53
96 74 62
96 75 39
96 76 53
96 77 56
96 78 47
96 79 56
96 80 46
96 81 57
96 82 45
96 83 58
96 84 53
96 85 55
96 86 54
96 87 46
96 88 59
96 89 38
96 90 59
96 91 46
96 92 51
96 93 42
96 94 53
96 95 52
96 96 55
96 97 35
96 98 53
96 99 50
96 100 49
96 101 54
96 102 49
96 103 48
96 104 64
96 105 60
96 106 38
96 107 44
96 108 44
96 109 37
96 110 44
96 111 56
96 112 52
96 113 41
96 114 41
96 115 45
96 116 49
96 117 56
96 118 42
96 119 47
96 120 37
96 121 59
96 122 46
96 123 43
96 124 48
96 125 37
96 126 51
96 127 50
96 128 57
96 129 45
96 130 50
96 131 53
96 132 52
96 133 47
96 134 47
96 135 66
96 136 35
96 137 42
96 138 47
96 139 30
96 140 50
96 141 47
96 142 44
96 143 50
96 144 51
96 145 39
96 146 54
96 147 46
96 148 50
96 149 45
97 0 59
97 1 36
97 2 33
97 3 44
97 4 58
97 5 48
97 6 46
97 7 38
97 8 41
97 9 59
97 10 40
97 11 45
97 12 50
97 13 43
97 14 63
97 15 37
97 16 54
97 17 45
97 18 45
97 19 49
97 20 37
97 21 50
97 22 55
97 23 48
97 24 50
97 25 48
97 26 45
97 27 51
97 28 53
97 29 53
97 30 55
97 31 39
97 32 37
97 33 48
97 34 42
97 35 40
97 36 40
97 37 59
97 38 60
97 39 58
97 40 41
97 41 51
97 42 53
97 43 43
97 44 43
97 45 47
97 46 58
97 47 50
97 48 50
97 49 49
97 50 50
97 51 59
97 52 45
97 53 37
97 54 38
97 55 45
97 56 51
97 57 50
97 58 50
97 59 47
97 60 53
97 61 44
97 62 35
97 63 44
97 64 51
97 65 51
97 66 38
97 67 50
97 68 46
97 69 44
97 70 50
97 71 65
97 72 54
97 73 46
97 74 52
97 75 43
97 76 38
97 77 56
97 78 52
97 79 50
97 80 56
97 81 58
97 82 47
97 83 40
97 84 59
97 85 62
97 86 53
97 87 44
97 88 46
97 89 60
97 90 51
97 91 46
97 92 45
97 93 33
97 94 53
97 95 57
97 96 36
97 97 54
97 98 53
97 99 56
97 100 53
97 101 39
97 102 56
97 103 46
97 104 58
97 105 45
97 106 43
97 107 43
97 108 49
97 109 68
97 110 57
97 111 53
97 112 53
97 113 47
97 114 68
97 115 51
97 116 54
97 117 50
97 118 37
97 119 63
97 120 38
97 121 46
97 122 49
97 123 47
97 124 49
97 125 46
97 126 50
97 127 50
97 128 40
97 129 46
97 130 43
97 131 51
97 132 45
97 133 42
97 134 47
97 135 43
97 136 49
97 137 36
97 138 54
97 139 57
97 140 41
97 141 46
97 142 47
97 143 47
97 144 53
97 145 36
97 146 31
97 147 46
97 148 47
97 149 53
98 0 42
98 1 49
98 2 46
98 3 43
98 4 50
98 5 43
98 6 43
98 7 54
98 8 41
98 9 56
98 10 42
98 11 42
98 12 39
98 13 42
98 14 47
98 15 45
98 16 42
98 17 45
98 18 51
98 19 63
98 20 52
98 21 63
98 22 38
98 23 46
98 24 45
98 25 46
98 26 46
98 27 55
98 28 51
98 29 48
98 30 40
98 31 45
98 32 49
98 33 36
98 34 49
98 35 51
98 36 52
98 37 49
98 38 50
98 39 44
98 40 55
98 41 47
98 42 45
98 43 51
98 44 53
98 45 52
98 46 43
98 47 33
98 48 48
98 49 43
98 50 50
98 51 51
98 52 51
98 53 46
98 54 44
98 55 50
98 56 55
98 57 50
98 58 54
98 59 55
98 60 46
98 61 44
98 62 43
98 63 39
98 64 53
98 65 60
98 66 53
98 67 38
98 68 38
98 69 45
98 70 49
98 71 54
98 72 46
98 73 46
98 74 46
98 75 51
98 76 54
98 77 60
98 78 39
98 79 61
98 80 40
98 81 50
98 82 49
98 83 53
98 84 31
98 85 49
98 86 46
98 87 40
98 88 36
98 89 51
98 90 49
98 91 55
98 92 46
98 93 50
98 94 40
98 95 43
98 96 49
98 97 44
98 98 54
98 99 62
98 100 49
98 101 44
98 102 54
98 103 45
98 104 51
98 105 35
98 106 53
98 107 55
98 108 49
98 109 42
98 110 45
98 111 49
98 112 43
98 113 44
98 114 52
98 115 47
98 116 41
98 117 58
98 118 38
98 119 58
98 120 37
98 121 37
98 122 54
98 123 50
98 124 51
98 125 46
98 126 47
98 127 42
98 128 42
98 129 49
98 130 53
98 131 39
98 132 64
98 133 50
98 134 35
98 135 53
98 136 44
98 137 52
98 138 48
98 139 49
98 140 46
98 141 56
98 142 55
98 143 52
98 144 50
98 145 50
98 146 47
98 147 54
98 148 58
98 149 55
99 0 41
99 1 44
99 2 47
99 3 58
99 4 34
99 5 40
99 6 43
99 7 51
99 8 53
99 9 46
99 10 49
99 11 47
99 12 39
99 13 63
99 14 44
99 15 62
99 16 28
99 17 52
99 18 52
99 19 43
99 20 45
99 21 49
99 22 49
99 23 55
99 24 59
99 25 47
99 26 56
99 27 49
99 28 59
99 29 53
99 30 61
99 31 39
99 32 46
99 33 47
99 34 52
99 35 48
99 36 43
99 37 47
99 38 48
99 39 56
99 40 45
99 41 39
99 42 52
99 43 56
99 44 49
99 45 43
99 46 56
99 47 64
99 48 54
99 49 54
99 50 50
99 51 50
99 52 49
99 53 41
99 54 45
99 55 58
99 56 52
99 57 50
99 58 42
99 59 54
99 60 49
99 61 46
99 62 59
99 63 49
99 64 51
99 65 55
99 66 49
99 67 57
99 68 58
99 69 58
99 70 51
99 71 35
99 72 56
99 73 45
99 74 56
99 75 73
99 76 42
99 77 52
99 78 54
99 79 44
99 80 54
99 81 50
99 82 48
99 83 57
99 84 53
99 85 52
99 86 52
99 87 64
99 88 56
99 89 62
99 90 43
99 91 55
99 92 51
99 93 44
99 94 56
99 95 55
99 96 52
99 97 47
99 98 47
99 99 50
99 100 44
99 101 39
99 102 57
99 103 56
99 104 43
99 105 50
99 106 35
99 107 36
99 108 50
99 109 54
99 110 41
99 111 37
99 112 39
99 113 47
99 114 59
99 115 39
99 116 35
99 117 48
99 118 46
99 119 38
99 120 61
99 121 52
99 122 47
99 123 41
99 124 56
99 125 41
99 126 53
99 127 42
99 128 50
99 129 39
99 130 45
99 131 45
99 132 39
99 133 49
99 134 56
99 135 52
99 136 43
99 137 51
99 138 36
99 139 42
99 140 49
99 141 54
99 142 45
99 143 58
99 144 39
99 145 43
99 146 49
99 147 52
99 148 40
99 149 37
100 0 47
100 1 58
100 2 37
100 3 45
100 4 51
100 5 54
100 6 41
100 7 51
100 8 39
100 9 36
100 10 47
100 11 40
100 12 37
100 13 48
100 14 54
100 15 46
100 16 57
100 17 53
100 18 49
100 19 41
100 20 46
100 21 46
100 22 42
100 23 43
100 24 41
100 25 50
100 26 53
100 27 55
100 28 54
100 29 55
100 30 57
100 31 57
100 32 51
100 33 44
100 34 40
100 35 40
100 36 56
100 37 45
100 38 43
100 39 43
100 40 44
100 41 43
100 42 50
100 43 34
100 44 53
100 45 42
100 46 52
100 47 45
100 48 42
100 49 53
100 50 42
100 51 45
100 52 51
100 53 42
100 54 53
100 55 43
100 56 51
100 57 56
100 58 49
100 59 41
100 60 57
100 61 56
100 62 45
100 63 44
100 64 57
100 65 50
100 66 47
100 67 43
100 68 56
100 69 59
100 70 65
100 71 45
100 72 59
100 73 49
100 74 54
100 75 38
100 76 58
100 77 48
100 78 37
100 79 34
100 80 52
100 81 53
100 82 62
100 83 39
100 84 50
100 85 54
100 86 51
100 87 61
100 88 53
100 89 49
100 90 47
100 91 52
100 92 60
100 93 48
100 94 53
100 95 50
100 96 58
100 97 44
100 98 34
100 99 50
100 100 48
100 101 54
100 102 39
100 103 39
100 104 53
100 105 50
100 106 44
100 107 46
100 108 42
100 109 46
100 110 51
100 111 37
100 112 49
100 113 49
100 114 49
100 115 46
100 116 45
100 117 50
100 118 48
100 119 43
100 120 54
100 121 64
100 122 62
100 123 56
100 124 51
100 125 48
100 126 56
100 127 45
100 128 50
100 129 55
100 130 47
100 131 49
100 132 51
100 133 51
100 134 52
100 135 50
100 136 50
100 137 57
100 138 64
100 139 46
100 140 44
100 141 47
100 142 51
100 143 47
100 144 44
100 145 61
100 146 44
100 147 40
100 148 54
100 149 47
101 0 41
101 1 54
101 2 47
101 3 42
101 4 45
101 5 45
101 6 46
101 7 44
101 8 50
101 9 51
101 10 48
101 11 51
101 12 49
101 13 39
101 14 52
101 15 48
101 16 51
101 17 52
101 18 59
101 19 54
101 20 50
101 21 51
101 22 61
101 23 50
101 24 25
101 25 62
101 26 45
101 27 67
101 28 45
101 29 59
101 30 50
101 31 49
101 32 43
101 33 59
101 34 48
101 35 59
101 36 54
101 37 51
101 38 52
101 39 45
101 40 53
101 41 63
101 42 52
101 43 49
101 44 44
101 45 53
101 46 39
101 47 38
101 48 55
101 49 47
101 50 56
101 51 43
101 52 48
101 53 53
101 54 48
101 55 57
101 56 47
101 57 43
101 58 47
101 59 54
101 60 54
101 61 66
101 62 58
101 63 50
101 64 53
101 65 56
101 66 61
101 67 53
101 68 40
101 69 47
101 70 57
101 71 49
101 72 48
101 73 50
101 74 47
101 75 54
101 76 54
101 77 50
101 78 52
101 79 51
101 80 49
101 81 54
101 82 54
101 83 56
101 84 54
101 85 55
101 86 51
101 87 60
101 88 53
101 89 51
101 90 52
101 91 53
101 92 46
101 93 42
101 94 49
101 95 41
101 96 55
101 97 49
101 98 48
101 99 49
101 100 46
101 101 47
101 102 44
101 103 39
101 104 40
101 105 34
101 106 55
101 107 40
101 108 54
101 109 34
101 110 44
101 111 48
101 112 53
101 113 48
101 114 42
101 115 41
101 116 40
101 117 46
101 118 38
101 119 46
101 120 38
101 121 39
101 122 45
101 123 50
101 124 66
101 125 42
101 126 45
101 127 50
101 128 48
101 129 38
101 130 51
101 131 58
101 132 51
101 133 49
101 134 62
101 135 53
101 136 62
101 137 51
101 138 44
101 139 43
101 140 53
101 141 41
101 142 38
101 143 51
101 144 39
101 145 55
101 146 44
101 147 55
101 148 55
101 149 52
102 0 36
102 1 33
102 2 41
102 3 56
102 4 51
102 5 42
102 6 49
102 7 48
102 8 44
102 9 53
102 10 40
102 11 46
102 12 47
102 13 50
102 14 34
102 15 45
102 16 53
102 17 48
102 18 38
102 19 48
102 20 56
102 21 42
102 22 50
102 23 52
102 24 44
102 25 49
102 26 68
102 27 44
102 28 46
102 29 55
102 30 54
102 31 58
102 32 54
102 33 46
102 34 56
102 35 50
102 36 52
102 37 56
102 38 39
102 39 48
102 40 59
102 41 57
102 42 64
102 43 41
102 44 45
102 45 41
102 46 63
102 47 46
102 48 44
102 49 41
102 50 57
102 51 55
102 52 55
102 53 51
102 54 43
102 55 34
102 56 39
102 57 44
102 58 53
102 59 52
102 60 59
102 61 43
102 62 43
102 63 54
102 64 37
102 65 68
102 66 45
102 67 46
102 68 52
102 69 62
102 70 40
102 71 55
102 72 48
102 73 58
102 74 55
102 75 45
102 76 47
102 77 56
102 78 33
102 79 50
102 80 72
102 81 58
102 82 41
102 83 51
102 84 58
102 85 49
102 86 43
102 87 48
102 88 37
102 89 53
102 90 44
102 91 55
102 92 65
102 93 31
102 94 56
102 95 35
102 96 41
102 97 44
102 98 45
102 99 36
102 100 53
102 101 51
102 102 51
102 103 47
102 104 50
102 105 47
102 106 52
102 107 51
102 108 59
102 109 47
102 110 56
102 111 44
102 112 56
102 113 37
102 114 35
102 115 35
102 116 50
102 117 52
102 118 40
102 119 36
102 120 42
102 121 43
102 122 43
102 123 54
102 124 58
102 125 67
102 126 64
102 127 53
102 128 52
102 129 42
102 130 46
102 131 63
102 132 61
102 133 50
102 134 54
102 135 64
102 136 49
102 137 66
102 138 43
102 139 47
102 140 65
102 141 44
102 142 42
102 143 53
102 144 54
102 145 47
102 146 30
102 147 56
102 148 56
102 149 50
103 0 58
103 1 63
103 2 50
103 3 44
103 4 44
103 5 46
103 6 54
103 7 48
103 8 47
103 9 53
103 10 46
103 11 56
103 12 48
103 13 49
103 14 56
103 15 29
103 16 42
103 17 58
103 18 55
103 19 55
103 20 48
103 21 42
103 22 54
103 23 38
103 24 44
103 25 50
103 26 55
103 27 45
103 28 53
103 29 43
103 30 52
103 31 48
103 32 52
103 33 52
103 34 46
103 35 55
103 36 51
103 37 49
103 38 41
103 39 46
103 40 40
103 41 49
103 42 55
103 43 46
103 44 47
103 45 50
103 46 41
103 47 50
103 48 48
103 49 39
103 50 42
103 51 51
103 52 41
103 53 51
103 54 49
103 55 46
103 56 48
103 57 41
103 58 37
103 59 59
103 60 50
103 61 44
103 62 57
103 63 43
103 64 51
103 65 48
103 66 31
103 67 44
103 68 50
103 69 64
103 70 50
103 71 53
103 72 55
103 73 44
103 74 50
103 75 35
103 76 56
103 77 48
103 78 54
103 79 66
103 80 61
103 81 60
103 82 52
103 83 47
103 84 64
103 85 45
103 86 37
103 87 45
103 88 50
103 89 51
103 90 57
103 91 54
103 92 52
103 93 47
103 94 47
103 95 51
103 96 44
103 97 60
103 98 49
103 99 46
103 100 53
103 101 53
103 102 37
103 103 57
103 104 45
103 105 53
103 106 38
103 107 49
103 108 43
103 109 42
103 110 41
103 111 56
103 112 47
103 113 48
103 114 37
103 115 45
103 116 38
103 117 47
103 118 52
103 119 44
103 120 42
103 121 59
103 122 39
103 123 52
103 124 52
103 125 53
103 126 32
103 127 48
103 128 55
103 129 51
103 130 49
103 131 52
103 132 62
103 133 49
103 134 49
103 135 43
103 136 45
103 137 57
103 138 38
103 139 47
103 140 50
103 141 50
103 142 48
103 143 44
103 144 38
103 145 41
103 146 39
103 147 78
103 148 46
103 149 45
104 0 47
104 1 52
104 2 50
104 3 57
104 4 39
104 5 32
104 6 54
104 7 44
104 8 46
104 9 49
104 10 50
104 11 42
104 12 49
104 13 55
104 14 45
104 15 49
104 16 46
104 17 48
104 18 41
104 19 43
104 20 36
104 21 44
104 22 50
104 23 42
104 24 53
104 25 44
104 26 55
104 27 48
104 28 50
104 29 46
104 30 55
104 31 57
104 32 45
104 33 60
104 34 39
104 35 72
104 36 48
104 37 46
104 38 44
104 39 41
104 40 51
104 41 40
104 42 58
104 43 39
104 44 53
104 45 41
104 46 54
104 47 43
104 48 45
104 49 45
104 50 36
104 51 64
104 52 51
104 53 47
104 54 39
104 55 46
104 56 40
104 57 54
104 58 40
104 59 48
104 60 53
104 61 44
104 62 50
104 63 47
104 64 45
104 65 56
104 66 42
104 67 48
104 68 50
104 69 43
104 70 54
104 71 41
104 72 28
104 73 43
104 74 38
104 75 40
104 76 42
104 77 54
104 78 24
104 79 45
104 80 56
104 81 58
104 82 52
104 83 46
104 84 62
104 85 51
104 86 52
104 87 48
104 88 54
104 89 43
104 90 45
104 91 41
104 92 49
104 93 55
104 94 44
104 95 52
104 96 43
104 97 60
104 98 52
104 99 43
104 100 54
104 101 43
104 102 47
104 103 43
104 104 42
104 105 50
104 106 44
104 107 39
104 108 51
104 109 36
104 110 49
104 111 51
104 112 51
104 113 57
104 114 47
104 115 38
104 116 40
104 117 39
104 118 41
104 119 39
104 120 45
104 121 48
104 122 55
104 123 42
104 124 58
104 125 54
104 126 54
104 127 41
104 128 41
104 129 54
104 130 50
104 131 51
104 132 40
104 133 54
104 134 42
104 135 47
104 136 51
104 137 51
104 138 47
104 139 38
104 140 50
104 141 35
104 142 48
104 143 31
104 144 48
104 145 48
104 146 53
104 147 50
104 148 41
104 149 38
105 0 43
105 1 49
105 2 55
105 3 46
105 4 42
105 5 49
105 6 43
105 7 42
105 8 61
105 9 50
105 10 52
105 11 40
105 12 42
105 13 44
105 14 48
105 15 54
105 16 34
105 17 55
105 18 48
105 19 40
105 20 45
105 21 38
105 22 39
105 23 44
105 24 50
105 25 51
105 26 41
105 27 53
105 28 43
105 29 54
105 30 33
105 31 45
105 32 46
105 33 49
105 34 45
105 35 49
105 36 48
105 37 46
105 38 40
105 39 68
105 40 50
105 41 41
105 42 48
105 43 38
105 44 55
105 45 41
105 46 43
105 47 36
105 48 52
105 49 42
105 50 56
105 51 56
105 52 48
105 53 41
105 54 50
105 55 44
105 56 48
105 57 55
105 58 47
105 59 36
105 60 50
105 61 67
105 62 46
105 63 61
105 64 52
105 65 48
105 66 47
105 67 52
105 68 41
105 69 48
105 70 51
105 71 53
105 72 57
105 73 49
105 74 47
105 75 43
105 76 53
105 77 58
105 78 70
105 79 55
105 80 50
105 81 51
105 82 41
105 83 51
105 84 45
105 85 38
105 86 42
105 87 53
105 88 55
105 89 58
105 90 44
105 91 49
105 92 47
105 93 41
105 94 55
105 95 58
105 96 61
105 97 53
105 98 35
105 99 49
105 100 48
105 101 44
105 102 61
105 103 44
105 104 56
105 105 68
105 106 48
105 107 43
105 108 54
105 109 42
105 110 43
105 111 40
105 112 46
105 113 51
105 114 46
105 115 58
105 116 62
105 117 35
105 118 41
105 119 37
105 120 43
105 121 55
105 122 46
105 123 55
105 124 46
105 125 50
105 126 53
105 127 41
105 128 51
105 129 39
105 130 51
105 131 47
105 132 50
105 133 59
105 134 45
105 135 51
105 136 49
105 137 43
105 138 42
105 139 37
105 140 57
105 141 44
105 142 46
105 143 43
105 144 32
105 145 41
105 146 50
105 147 50
105 148 46
105 149 44
106 0 50
106 1 51
106 2 53
106 3 52
106 4 36
106 5 48
106 6 35
106 7 45
106 8 59
106 9 46
106 10 46
106 11 39
106 12 46
106 13 56
106 14 58
106 15 35
106 16 49
106 17 46
106 18 38
106 19 42
106 20 51
106 21 49
106 22 40
106 23 49
106 24 56
106 25 54
106 26 42
106 27 47
106 28 37
106 29 48
106 30 48
106 31 46
106 32 58
106 33 46
106 34 55
106 35 61
106 36 55
106 37 43
106 38 54
106 39 56
106 40 53
106 41 50
106 42 50
106 43 41
106 44 48
106 45 42
106 46 53
106 47 49
106 48 55
106 49 50
106 50 34
106 51 47
106 52 57
106 53 44
106 54 45
106 55 40
106 56 49
106 57 51
106 58 41
106 59 48
106 60 50
106 61 55
106 62 45
106 63 57
106 64 56
106 65 50
106 66 59
106 67 43
106 68 58
106 69 49
106 70 40
106 71 44
106 72 30
106 73 43
106 74 67
106 75 62
106 76 52
106 77 56
106 78 38
106 79 44
106 80 52
106 81 53
106 82 60
106 83 43
106 84 62
106 85 48
106 86 60
106 87 55
106 88 47
106 89 60
106 90 40
106 91 38
106 92 53
106 93 47
106 94 45
106 95 43
106 96 49
106 97 45
106 98 61
106 99 56
106 100 40
106 101 55
106 102 44
106 103 51
106 104 43
106 105 48
106 106 37
106 107 41
106 108 53
106 109 54
106 110 34
106 111 47
106 112 56
106 113 51
106 114 52
106 115 55
106 116 35
106 117 34
106 118 52
106 119 45
106 120 41
106 121 59
106 122 53
106 123 42
106 124 56
106 125 51
106 126 52
106 127 43
106 128 52
106 129 46
106 130 49
106 131 45
106 132 52
106 133 44
106 134 53
106 135 50
106 136 32
106 137 58
106 138 47
106 139 35
106 140 42
106 141 45
106 142 49
106 143 44
106 144 54
106 145 44
106 146 41
106 147 54
106 148 45
106 149 45
107 0 47
107 1 55
107 2 40
107 3 50
107 4 54
107 5 55
107 6 46
107 7 53
107 8 45
107 9 53
107 10 54
107 11 44
107 12 63
107 13 31
107 14 49
107 15 42
107 16 56
107 17 37
107 18 40
107 19 48
107 20 58
107 21 39
107 22 43
107 23 48
107 24 60
107 25 46
107 26 47
107 27 44
107 28 43
107 29 52
107 30 57
107 31 49
107 32 63
107 33 55
107 34 48
107 35 59
107 36 58
107 37 43
107 38 50
107 39 65
107 40 63
107 41 34
107 42 39
107 43 37
107 44 47
107 45 61
107 46 50
107 47 50
107 48 42
107 49 47
107 50 49
107 51 50
107 52 44
107 53 59
107 54 45
107 55 52
107 56 45
107 57 50
107 58 50
107 59 48
107 60 63
107 61 43
107 62 38
107 63 50
107 64 45
107 65 46
107 66 46
107 67 62
107 68 52
107 69 36
107 70 43
107 71 54
107 72 33
107 73 50
107 74 46
107 75 54
107 76 46
107 77 54
107 78 44
107 79 49
107 80 37
107 81 41
107 82 45
107 83 39
107 84 55
107 85 45
107 86 53
107 87 50
107 88 52
107 89 51
107 90 57
107 91 44
107 92 54
107 93 45
107 94 57
107 95 41
107 96 49
107 97 52
107 98 47
107 99 45
107 100 51
107 101 45
107 102 49
107 103 59
107 104 50
107 105 53
107 106 51
107 107 44
107 108 54
107 109 40
107 110 54
107 111 49
107 112 48
107 113 52
107 114 48
107 115 50
107 116 49
107 117 53
107 118 51
107 119 43
107 120 43
107 121 37
107 122 53
107 123 51
107 124 54
107 125 65
107 126 50
107 127 63
107 128 44
107 129 47
107 130 56
107 131 44
107 132 46
107 133 39
107 134 53
107 135 42
107 136 41
107 137 54
107 138 46
107 139 57
107 140 45
107 141 56
107 142 55
107 143 48
107 144 51
107 145 41
107 146 53
107 147 38
107 148 53
107 149 48
108 0 53
108 1 39
108 2 52
108 3 47
108 4 39
108 5 37
108 6 56
108 7 54
108 8 43
108 9 48
108 10 49
108 11 40
108 12 57
108 13 46
108 14 58
108 15 45
108 16 61
108 17 61
108 18 41
108 19 41
108 20 46
108 21 56
108 22 36
108 23 46
108 24 50
108 25 64
108 26 45
108 27 45
108 28 43
108 29 47
108 30 46
108 31 47
108 32 47
108 33 56
108 34 53
108 35 35
108 36 45
108 37 43
108 38 33
108 39 60
108 40 50
108 41 38
108 42 49
108 43 64
108 44 43
108 45 43
108 46 45
108 47 51
108 48 43
108 49 49
108 50 59
108 51 41
108 52 50
108 53 64
108 54 44
108 55 52
108 56 56
108 57 47
108 58 49
108 59 57
108 60 51
108 61 46
108 62 42
108 63 48
108 64 51
108 65 50
108 66 47
108 67 30
108 68 44
108 69 58
108 70 49
108 71 46
108 72 67
108 73 57
108 74 55
108 75 36
108 76 50
108 77 47
108 78 58
108 79 53
108 80 51
108 81 42
108 82 55
108 83 56
108 84 40
108 85 57
108 86 62
108 87 59
108 88 45
108 89 36
108 90 48
108 91 53
108 92 45
108 93 49
108 94 45
108 95 61
108 96 37
108 97 54
108 98 50
108 99 53
108 100 45
108 101 49
108 102 46
108 103 39
108 104 36
108 105 50
108 106 49
108 107 54
108 108 52
108 109 59
108 110 60
108 111 38
108 112 45
108 113 52
108 114 54
108 115 42
108 116 42
108 117 44
108 118 48
108 119 44
108 120 64
108 121 58
108 122 49
108 123 44
108 124 53
108 125 38
108 126 52
108 127 50
108 128 50
108 129 48
108 130 40
108 131 57
108 132 41
108 133 55
108 134 49
108 135 31
108 136 47
108 137 44
108 138 40
108 139 49
108 140 42
108 141 47
108 142 52
108 143 51
108 144 50
108 145 44
108 146 51
108 147 54
108 148 52
108 149 43
109 0 46
109 1 55
109 2 31
109 3 44
109 4 51
109 5 50
109 6 46
109 7 44
109 8 59
109 9 60
109 10 46
109 11 40
109 12 46
109 13 54
109 14 59
109 15 50
109 16 45
109 17 53
109 18 65
109 19 58
109 20 54
109 21 42
109 22 59
109 23 46
109 24 48
109 25 44
109 26 43
109 27 51
109 28 50
109 29 51
109 30 54
109 31 57
109 32 65
109 33 49
109 34 48
109 35 39
109 36 53
109 37 42
109 38 54
109 39 50
109 40 51
109 41 38
109 42 41
109 43 41
109 44 53
109 45 47
109 46 37
109 47 51
109 48 48
109 49 39
109 50 62
109 51 49
109 52 53
109 53 38
109 54 47
109 55 56
109 56 34
109 57 34
109 58 52
109 59 55
109 60 51
109 61 52
109 62 56
109 63 44
109 64 45
109 65 64
109 66 48
109 67 43
109 68 58
109 69 49
109 70 45
109 71 54
109 72 46
109 73 48
109 74 45
109 75 49
109 76 48
109 77 57
109 78 54
109 79 49
109 80 38
109 81 48
109 82 51
109 83 56
109 84 49
109 85 39
109 86 36
109 87 50
109 88 46
109 89 51
109 90 44
109 91 52
109 92 45
109 93 34
109 94 47
109 95 48
109 96 42
109 97 44
109 98 48
109 99 40
109 100 42
109 101 40
109 102 48
109 103 41
109 104 49
109 105 45
109 106 51
109 107 54
109 108 40
109 109 48
109 110 44
109 111 36
109 112 44
109 113 49
109 114 42
109 115 50
109 116 44
109 117 40
109 118 50
109 119 44
109 120 37
109 121 34
109 122 62
109 123 51
109 124 41
109 125 48
109 126 50
109 127 47
109 128 53
109 129 44
109 130 55
109 131 50
109 132 43
109 133 45
109 134 43
109 135 55
109 136 47
109 137 43
109 138 38
109 139 41
109 140 46
109 141 57
109 142 58
109 143 46
109 144 57
109 145 55
109 146 37
109 147 37
109 148 49
109 149 43
110 0 59
110 1 47
110 2 46
110 3 44
110 4 53
110 5 34
110 6 39
110 7 46
110 8 48
110 9 59
110 10 30
110 11 54
110 12 49
110 13 43
110 14 55
110 15 49
110 16 52
110 17 51
110 18 48
110 19 47
110 20 55
110 21 54
110 22 37
110 23 62
110 24 43
110 25 57
110 26 65
110 27 50
110 28 52
110 29 44
110 30 51
110 31 52
110 32 38
110 33 44
110 34 53
110 35 49
110 36 44
110 37 48
110 38 55
110 39 51
110 40 37
110 41 62
110 42 39
110 43 49
110 44 44
110 45 54
110 46 42
110 47 63
110 48 57
110 49 42
110 50 41
110 51 49
110 52 55
110 53 49
110 54 41
110 55 46
110 56 35
110 57 45
110 58 54
110 59 49
110 60 48
110 61 42
110 62 52
110 63 57
110 64 50
110 65 50
110 66 50
110 67 35
110 68 57
110 69 48
110 70 46
110 71 49
110 72 58
110 73 38
110 74 39
110 75 46
110 76 47
110 77 46
110 78 48
110 79 43
110 80 58
110 81 41
110 82 58
110 83 48
110 84 49
110 85 53
110 86 43
110 87 40
110 88 50
110 89 42
110 90 56
110 91 50
110 92 61
110 93 39
110 94 56
110 95 46
110 96 45
110 97 47
110 98 56
110 99 56
110 100 51
110 101 56
110 102 45
110 103 53
110 104 41
110 105 49
110 106 42
110 107 54
110 108 49
110 109 44
110 110 59
110 111 48
110 112 46
110 113 52
110 114 43
110 115 54
110 116 42
110 117 51
110 118 53
110 119 54
110 120 49
110 121 42
110 122 51
110 123 49
110 124 46
110 125 46
110 126 54
110 127 44
110 128 49
110 129 41
110 130 52
110 131 54
110 132 42
110 133 42
110 134 37
110 135 45
110 136 47
110 137 54
110 138 45
110 139 45
110 140 52
110 141 49
110 142 46
110 143 52
110 144 49
110 145 53
110 146 35
110 147 49
110 148 43
110 149 52
111 0 49
111 1 34
111 2 48
111 3 41
111 4 52
111 5 57
111 6 53
111 7 50
111 8 57
111 9 50
111 10 53
111 11 42
111 12 48
111 13 59
111 14 48
111 15 53
111 16 52
111 17 54
111 18 53
111 19 59
111 20 51
111 21 47
111 22 37
111 23 51
111 24 56
111 25 62
111 26 54
111 27 55
111 28 41
111 29 60
111 30 59
111 31 39
111 32 46
111 33 47
111 34 56
111 35 40
111 36 48
111 37 53
111 38 50
111 39 51
111 40 48
111 41 48
111 42 50
111 43 57
111 44 44
111 45 46
111 46 37
111 47 54
111 48 47
111 49 44
111 50 52
111 51 41
111 52 38
111 53 53
111 54 44
111 55 47
111 56 48
111 57 49
111 58 44
111 59 51
111 60 49
111 61 56
111 62 42
111 63 48
111 64 48
111 65 36
111 66 50
111 67 48
111 68 57
111 69 56
111 70 55
111 71 51
111 72 52
111 73 48
111 74 48
111 75 56
111 76 44
111 77 45
111 78 54
111 79 48
111 80 45
111 81 49
111 82 52
111 83 50
111 84 46
111 85 47
111 86 43
111 87 40
111 88 38
111 89 55
111 90 53
111 91 40
111 92 38
111 93 55
111 94 52
111 95 56
111 96 59
111 97 46
111 98 56
111 99 43
111 100 47
111 101 51
111 102 36
111 103 45
111 104 48
111 105 50
111 106 43
111 107 54
111 108 42
111 109 46
111 110 43
111 111 52
111 112 38
111 113 46
111 114 40
111 115 36
111 116 54
111 117 55
111 118 41
111 119 45
111 120 56
111 121 46
111 122 42
111 123 41
111 124 41
111 125 28
111 126 46
111 127 51
111 128 42
111 129 43
111 130 48
111 131 52
111 132 53
111 133 51
111 134 52
111 135 58
111 136 49
111 137 51
111 138 57
111 139 54
111 140 44
111 141 59
111 142 51
111 143 53
111 144 38
111 145 42
111 146 44
111 147 38
111 148 52
111 149 41
112 0 48
112 1 53
112 2 48
112 3 45
112 4 49
112 5 46
112 6 47
112 7 49
112 8 38
112 9 44
112 10 49
112 11 44
112 12 54
112 13 50
112 14 66
112 15 63
112 16 56
112 17 53
112 18 65
112 19 51
112 20 45
112 21 54
112 22 57
112 23 45
112 24 57
112 25 40
112 26 57
112 27 39
112 28 39
112 29 51
112 30 44
112 31 50
112 32 52
112 33 44
112 34 68
112 35 55
112 36 63
112 37 52
112 38 50
112 39 52
112 40 48
112 41 36
112 42 62
112 43 35
112 44 56
112 45 41
112 46 49
112 47 58
112 48 53
112 49 42
112 50 46
112 51 47
112 52 49
112 53 54
112 54 62
112 55 56
112 56 47
112 57 52
112 58 52
112 59 51
112 60 53
112 61 60
112 62 50
112 63 54
112 64 53
112 65 48
112 66 38
112 67 44
112 68 68
112 69 55
112 70 65
112 71 51
112 72 54
112 73 41
112 74 54
112 75 42
112 76 39
112 77 38
112 78 43
112 79 46
112 80 48
112 81 41
112 82 49
112 83 44
112 84 56
112 85 48
112 86 39
112 87 37
112 88 54
112 89 48
112 90 47
112 91 46
112 92 39
112 93 39
112 94 36
112 95 48
112 96 39
112 97 43
112 98 35
112 99 44
112 100 56
112 101 56
112 102 52
112 103 52
112 104 57
112 105 42
112 106 47
112 107 46
112 108 53
112 109 43
112 110 50
112 111 37
112 112 48
112 113 40
112 114 44
112 115 52
112 116 51
112 117 44
112 118 46
112 119 48
112 120 52
112 121 50
112 122 40
112 123 34
112 124 44
112 125 45
112 126 55
112 127 57
112 128 44
112 129 52
112 130 38
112 131 51
112 132 45
112 133 51
112 134 50
112 135 49
112 136 57
112 137 48
112 138 50
112 139 43
112 140 51
112 141 55
112 142 51
112 143 48
112 144 52
112 145 44
112 146 44
112 147 47
112 148 57
112 149 54
113 0 53
113 1 41
113 2 50
113 3 41
113 4 46
113 5 49
113 6 45
113 7 56
113 8 50
113 9 47
113 10 36
113 11 42
113 12 48
113 13 52
113 14 55
113 15 45
113 16 49
113 17 45
113 18 50
113 19 38
113 20 41
113 21 44
113 22 49
113 23 57
113 24 48
113 25 46
113 26 54
113 27 52
113 28 53
113 29 47
113 30 44
113 31 50
113 32 37
113 33 52
113 34 46
113 35 55
113 36 46
113 37 46
113 38 52
113 39 49
113 40 47
113 41 42
113 42 50
113 43 40
113 44 46
113 45 47
113 46 36
113 47 49
113 48 52
113 49 49
113 50 49
113 51 41
113 52 47
113 53 50
113 54 52
113 55 46
113 56 55
113 57 54
113 58 62
113 59 40
113 60 43
113 61 50
113 62 52
113 63 56
113 64 43
113 65 47
113 66 50
113 67 46
113 68 60
113 69 53
113 70 52
113 71 44
113 72 41
113 73 53
113 74 52
113 75 44
113 76 52
113 77 43
113 78 55
113 79 60
113 80 48
113 81 49
113 82 38
113 83 56
113 84 56
113 85 63
113 86 54
113 87 54
113 88 50
113 89 45
113 90 46
113 91 47
113 92 56
113 93 52
113 94 50
113 95 39
113 96 52
113 97 46
113 98 55
113 99 56
113 100 43
113 101 47
113 102 48
113 103 40
113 104 49
113 105 64
113 106 61
113 107 43
113 108 52
113 109 50
113 110 45
113 111 51
113 112 40
113 113 47
113 114 37
113 115 53
113 116 47
113 117 45
113 118 50
113 119 48
113 120 43
113 121 58
113 122 40
113 123 52
113 124 41
113 125 42
113 126 43
113 127 38
113 128 41
113 129 49
113 130 38
113 131 49
113 132 55
113 133 47
113 134 56
113 135 48
113 136 41
113 137 43
113 138 45
113 139 42
113 140 61
113 141 36
113 142 55
113 143 46
113 144 51
113 145 57
113 146 53
113 147 43
113 148 52
113 149 51
114 0 58
114 1 54
114 2 49
114 3 46
114 4 48
114 5 44
114 6 46
114 7 55
114 8 50
114 9 60
114 10 55
114 11 59
114 12 54
114 13 48
114 14 51
114 15 40
114 16 49
114 17 45
114 18 58
114 19 54
114 20 57
114 21 45
114 22 42
114 23 47
114 24 54
114 25 63
114 26 45
114 27 51
114 28 51
114 29 47
114 30 45
114 31 40
114 32 43
114 33 54
114 34 48
114 35 55
114 36 37
114 37 54
114 38 44
114 39 46
114 40 48
114 41 44
114 42 51
114 43 62
114 44 47
114 45 49
114 46 53
114 47 43
114 48 44
114 49 49
114 50 51
114 51 53
114 52 48
114 53 50
114 54 45
114 55 57
114 56 46
114 57 48
114 58 46
114 59 61
114 60 49
114 61 55
114 62 52
114 63 47
114 64 53
114 65 47
114 66 43
114 67 42
114 68 47
114 69 42
114 70 46
114 71 44
114 72 44
114 73 40
114 74 55
114 75 37
114 76 52
114 77 48
114 78 41
114 79 58
114 80 65
114 81 40
114 82 39
114 83 41
114 84 41
114 85 47
114 86 54
114 87 52
114 88 38
114 89 39
114 90 55
114 91 55
114 92 38
114 93 38
114 94 57
114 95 53
114 96 36
114 97 52
114 98 35
114 99 53
114 100 37
114 101 48
114 102 46
114 103 58
114 104 39
114 105 47
114 106 50
114 107 51
114 108 52
114 109 54
114 110 48
114 111 66
114 112 35
114 113 50
114 114 52
114 115 42
114 116 49
114 117 60
114 118 42
114 119 32
114 120 48
114 121 50
114 122 58
114 123 48
114 124 45
114 125 43
114 126 53
114 127 47
114 128 40
114 129 44
114 130 44
114 131 40
114 132 43
114 133 58
114 134 47
114 135 45
114 136 47
114 137 53
114 138 59
114 139 47
114 140 64
114 141 47
114 142 51
114 143 39
114 144 61
114 145 46
114 146 38
114 147 41
114 148 51
114 149 41
115 0 55
115 1 54
115 2 49
115 3 56
115 4 39
115 5 53
115 6 60
115 7 56
115 8 40
115 9 39
115 10 39
115 11 39
115 12 53
115 13 44
115 14 41
115 15 49
115 16 56
115 17 52
115 18 54
115 19 46
115 20 59
115 21 51
115 22 51
115 23 61
115 24 46
115 25 52
115 26 43
115 27 41
115 28 41
115 29 50
115 30 59
115 31 37
115 32 41
115 33 56
115 34 55
115 35 45
115 36 57
115 37 55
115 38 54
115 39 36
115 40 56
115 41 51
115 42 56
115 43 35
115 44 51
115 45 52
115 46 47
115 47 50
115 48 52
115 49 38
115 50 47
115 51 52
115 52 56
115 53 38
115 54 52
115 55 44
115 56 37
115 57 49
115 58 46
115 59 52
115 60 50
115 61 41
115 62 41
115 63 59
115 64 53
115 65 50
115 66 48
115 67 51
115 68 43
115 69 38
115 70 54
115 71 62
115 72 54
115 73 48
115 74 51
115 75 41
115 76 52
115 77 52
115 78 36
115 79 55
115 80 55
115 81 55
115 82 49
115 83 56
115 84 59
115 85 40
115 86 34
115 87 55
115 88 45
115 89 38
115 90 49
115 91 57
115 92 44
115 93 53
115 94 51
115 95 49
115 96 56
115 97 65
115 98 38
115 99 49
115 100 39
115 101 56
115 102 62
115 103 41
115 104 57
115 105 43
115 106 50
115 107 52
115 108 45
115 109 44
115 110 44
115 111 47
115 112 45
115 113 49
115 114 43
115 115 44
115 116 48
115 117 46
115 118 45
115 119 45
115 120 63
115 121 43
115 122 62
115 123 51
115 124 39
115 125 46
115 126 46
115 127 48
115 128 45
115 129 50
115 130 36
115 131 45
115 132 65
115 133 58
115 134 41
115 135 56
115 136 45
115 137 61
115 138 59
115 139 51
115 140 46
115 141 50
115 142 49
115 143 62
115 144 43
115 145 62
115 146 45
115 147 47
115 148 41
115 149 39
116 0 39
116 1 44
116 2 39
116 3 48
116 4 46
116 5 49
116 6 55
116 7 49
116 8 54
116 9 52
116 10 71
116 11 61
116 12 50
116 13 53
116 14 59
116 15 46
116 16 52
116 17 40
116 18 47
116 19 59
116 20 68
116 21 49
116 22 48
116 23 47
116 24 57
116 25 56
116 26 51
116 27 52
116 28 44
116 29 45
116 30 50
116 31 42
116 32 65
116 33 57
116 34 51
116 35 63
116 36 49
116 37 51
116 38 51
116 39 55
116 40 55
116 41 47
116 42 43
116 43 56
116 44 56
116 45 38
116 46 51
116 47 56
116 48 59
116 49 56
116 50 57
116 51 41
116 52 43
116 53 44
116 54 48
116 55 58
116 56 53
116 57 54
116 58 52
116 59 49
116 60 45
116 61 56
116 62 48
116 63 48
116 64 44
116 65 52
116 66 45
116 67 54
116 68 52
116 69 42
116 70 54
116 71 44
116 72 45
116 73 49
116 74 57
116 75 58
116 76 46
116 77 53
116 78 46
116 79 43
116 80 43
116 81 45
116 82 49
116 83 48
116 84 52
116 85 37
116 86 44
116 87 44
116 88 58
116 89 53
116 90 43
116 91 53
116 92 36
116 93 56
116 94 35
116 95 51
116 96 45
116 97 51
116 98 62
116 99 50
116 100 44
116 101 42
116 102 53
116 103 43
116 104 41
116 105 58
116 106 42
116 107 49
116 108 57
116 109 54
116 110 48
116 111 45
116 112 46
116 113 63
116 114 47
116 115 54
116 116 60
116 117 39
116 118 44
116 119 45
116 120 43
116 121 51
116 122 45
116 123 59
116 124 58
116 125 55
116 126 52
116 127 44
116 128 56
116 129 46
116 130 54
116 131 27
116 132 47
116 133 64
116 134 59
116 135 58
116 136 50
116 137 42
116 138 56
116 139 48
116 140 58
116 141 58
116 142 38
116 143 51
116 144 58
116 145 45
116 146 65
116 147 52
116 148 44
116 149 55
117 0 54
117 1 51
117 2 51
117 3 53
117 4 39
117 5 49
117 6 57
117 7 55
117 8 35
117 9 53
117 10 47
117 11 68
117 12 52
117 13 39
117 14 54
117 15 50
117 16 53
117 17 42
117 18 45
117 19 50
117 20 50
117 21 34
117 22 51
117 23 47
117 24 54
117 25 46
117 26 47
117 27 42
117 28 58
117 29 52
117 30 43
117 31 41
117 32 38
117 33 51
117 34 45
117 35 59
117 36 43
117 37 54
117 38 42
117 39 41
117 40 66
117 41 45
117 42 44
117 43 46
117 44 40
117 45 43
117 46 54
117 47 55
117 48 45
117 49 50
117 50 45
117 51 41
117 52 58
117 53 48
117 54 35
117 55 46
117 56 43
117 57 42
117 58 48
117 59 39
117 60 43
117 61 37
117 62 60
117 63 39
117 64 54
117 65 54
117 66 51
117 67 41
117 68 44
117 69 50
117 70 51
117 71 40
117 72 48
117 73 52
117 74 46
117 75 35
117 76 54
117 77 51
117 78 53
117 79 38
117 80 42
117 81 46
117 82 43
117 83 44
117 84 36
117 85 58
117 86 47
117 87 55
117 88 44
117 89 41
117 90 54
117 91 50
117 92 41
117 93 37
117 94 49
117 95 55
117 96 47
117 97 37
117 98 45
117 99 53
117 100 48
117 101 48
117 102 49
117 103 50
117 104 46
117 105 42
117 106 56
117 107 48
117 108 53
117 109 46
117 110 53
117 111 49
117 112 53
117 113 41
117 114 42
117 115 36
117 116 51
117 117 49
117 118 52
117 119 64
117 120 54
117 121 45
117 122 38
117 123 40
117 124 46
117 125 45
117 126 55
117 127 41
117 128 51
117 129 44
117 130 56
117 131 51
117 132 51
117 133 50
117 134 50
117 135 38
117 136 53
117 137 45
117 138 52
117 139 54
117 140 51
117 141 41
117 142 49
117 143 41
117 144 58
117 145 39
117 146 59
117 147 44
117 148 50
117 149 56
118 0 55
118 1 40
118 2 56
118 3 48
118 4 54
118 5 44
118 6 43
118 7 55
118 8 40
118 9 44
118 10 40
118 11 63
118 12 38
118 13 48
118 14 48
118 15 50
118 16 49
118 17 47
118 18 51
118 19 42
118 20 50
118 21 56
118 22 47
118 23 51
118 24 44
118 25 50
118 26 48
118 27 53
118 28 40
118 29 57
118 30 46
118 31 56
118 32 36
118 33 46
118 34 38
118 35 53
118 36 42
118 37 54
118 38 50
118 39 56
118 40 59
118 41 45
118 42 40
118 43 45
118 44 47
118 45 54
118 46 55
118 47 39
118 48 48
118 49 38
118 50 58
118 51 53
118 52 47
118 53 58
118 54 42
118 55 47
118 56 52
118 57 47
118 58 49
118 59 56
118 60 44
118 61 46
118 62 54
118 63 42
118 64 53
118 65 48
118 66 43
118 67 41
118 68 64
118 69 36
118 70 46
118 71 37
118 72 48
118 73 45
118 74 50
118 75 54
118 76 50
118 77 54
118 78 51
118 79 53
118 80 49
118 81 43
118 82 44
118 83 52
118 84 43
118 85 43
118 86 47
118 87 36
118 88 56
118 89 56
118 90 54
118 91 57
118 92 54
118 93 46
118 94 45
118 95 38
118 96 54
118 97 52
118 98 42
118 99 45
118 100 49
118 101 49
118 102 53
118 103 41
118 104 69
118 105 52
118 106 40
118 107 54
118 108 61
118 109 55
118 110 42
118 111 49
118 112 44
118 113 52
118 114 49
118 115 44
118 116 41
118 117 41
118 118 49
118 119 54
118 120 55
118 121 49
118 122 41
118 123 45
118 124 54
118 125 59
118 126 41
118 127 43
118 128 49
118 129 47
118 130 60
118 131 57
118 132 45
118 133 47
118 134 50
118 135 38
118 136 51
118 137 51
118 138 54
118 139 48
118 140 45
118 141 55
118 142 56
118 143 48
118 144 50
118 145 44
118 146 52
118 147 37
118 148 45
118 149 53
119 0 47
119 1 42
119 2 60
119 3 59
119 4 40
119 5 44
119 6 58
119 7 48
119 8 56
119 9 56
119 10 43
119 11 43
119 12 41
119 13 47
119 14 49
119 15 48
119 16 50
119 17 58
119 18 37
119 19 46
119 20 52
119 21 40
119 22 46
119 23 45
119 24 55
119 25 45
119 26 41
119 27 51
119 28 41
119 29 56
119 30 52
119 31 52
119 32 59
119 33 50
119 34 50
119 35 53
119 36 50
119 37 46
119 38 40
119 39 49
119 40 39
119 41 49
119 42 49
119 43 56
119 44 44
119 45 51
119 46 60
119 47 59
119 48 44
119 49 44
119 50 39
119 51 50
119 52 57
119 53 38
119 54 38
119 55 48
119 56 39
119 57 50
119 58 46
119 59 54
119 60 45
119 61 48
119 62 50
119 63 55
119 64 47
119 65 43
119 66 44
119 67 48
119 68 39
119 69 53
119 70 40
119 71 38
119 72 52
119 73 41
119 74 58
119 75 55
119 76 53
119 77 58
119 78 49
119 79 45
119 80 45
119 81 37
119 82 58
119 83 41
119 84 51
119 85 35
119 86 50
119 87 43
119 88 47
119 89 42
119 90 48
119 91 39
119 92 58
119 93 50
119 94 40
119 95 51
119 96 51
119 97 51
119 98 41
119 99 54
119 100 42
119 101 52
119 102 58
119 103 45
119 104 42
119 105 44
119 106 66
119 107 49
119 108 58
119 109 49
119 110 44
119 111 64
119 112 49
119 113 47
119 114 48
119 115 49
119 116 38
119 117 41
119 118 49
119 119 55
119 120 45
119 121 50
119 122 44
119 123 52
119 124 38
119 125 49
119 126 51
119 127 54
119 128 46
119 129 60
119 130 48
119 131 47
119 132 57
119 133 38
119 134 44
119 135 48
119 136 44
119 137 54
119 138 54
119 139 53
119 140 53
119 141 52
119 142 48
119 143 54
119 144 46
119 145 53
119 146 44
119 147 54
119 148 51
119 149 46
120 0 54
120 1 42
120 2 36
120 3 44
120 4 61
120 5 47
120 6 47
120 7 52
120 8 54
120 9 41
120 10 52
120 11 45
120 12 58
120 13 46
120 14 48
120 15 51
120 16 59
120 17 51
120 18 50
120 19 48
120 20 51
120 21 53
120 22 57
120 23 49
120 24 44
120 25 47
120 26 42
120 27 45
120 28 38
120 29 50
120 30 45
120 31 58
120 32 49
120 33 53
120 34 48
120 35 48
120 36 50
120 37 42
120 38 55
120 39 49
120 40 41
120 41 46
120 42 37
120 43 45
120 44 42
120 45 55
120 46 51
120 47 50
120 48 44
120 49 44
120 50 35
120 51 43
120 52 47
120 53 52
120 54 55
120 55 53
120 56 41
120 57 53
120 58 54
120 59 36
120 60 58
120 61 51
120 62 58
120 63 51
120 64 40
120 65 53
120 66 47
120 67 48
120 68 33
120 69 58
120 70 43
120 71 53
120 72 48
120 73 40
120 74 53
120 75 52
120 76 41
120 77 49
120 78 42
120 79 40
120 80 50
120 81 40
120 82 54
120 83 63
120 84 62
120 85 43
120 86 46
120 87 41
120 88 46
120 89 52
120 90 54
120 91 57
120 92 42
120 93 47
120 94 51
120 95 59
120 96 50
120 97 34
120 98 50
120 99 54
120 100 41
120 101 39
120 102 56
120 103 42
120 104 50
120 105 49
120 106 56
120 107 54
120 108 47
120 109 50
120 110 41
120 111 49
120 112 56
120 113 43
120 114 40
120 115 45
120 116 56
120 117 50
120 118 44
120 119 45
120 120 42
120 121 47
120 122 56
120 123 58
120 124 48
120 125 59
120 126 45
120 127 62
120 128 39
120 129 38
120 130 54
120 131 40
120 132 42
120 133 41
120 134 62
120 135 48
120 136 40
120 137 50
120 138 49
120 139 50
120 140 54
120 141 52
120 142 47
120 143 41
120 144 36
120 145 44
120 146 47
120 147 39
120 148 40
120 149 55
121 0 59
121 1 55
121 2 53
121 3 57
121 4 62
121 5 50
121 6 42
121 7 47
121 8 45
121 9 44
121 10 63
121 11 65
121 12 44
121 13 49
121 14 47
121 15 51
121 16 46
121 17 45
121 18 38
121 19 56
121 20 42
121 21 47
121 22 44
121 23 48
121 24 54
121 25 51
121 26 54
121 27 48
121 28 57
121 29 54
121 30 48
121 31 50
121 32 50
121 33 55
121 34 46
121 35 61
121 36 48
121 37 56
121 38 50
121 39 41
121 40 48
121 41 41
121 42 45
121 43 59
121 44 49
121 45 49
121 46 49
121 47 44
121 48 42
121 49 43
121 50 53
121 51 59
121 52 51
121 53 42
121 54 49
121 55 39
121 56 39
121 57 47
121 58 52
121 59 41
121 60 35
121 61 53
121 62 43
121 63 43
121 64 39
121 65 51
121 66 47
121 67 55
121 68 44
121 69 60
121 70 47
121 71 41
121 72 55
121 73 46
121 74 45
121 75 40
121 76 47
121 77 48
121 78 38
121 79 46
121 80 44
121 81 41
121 82 58
121 83 41
121 84 37
121 85 61
121 86 41
121 87 46
121 88 45
121 89 42
121 90 44
121 91 61
121 92 60
121 93 41
121 94 57
121 95 44
121 96 46
121 97 46
121 98 45
121 99 47
121 100 66
121 101 53
121 102 45
121 103 52
121 104 44
121 105 44
121 106 43
121 107 49
121 108 52
121 109 61
121 110 40
121 111 61
121 112 53
121 113 42
121 114 48
121 115 49
121 116 44
121 117 46
121 118 50
121 119 54
121 120 42
121 121 41
121 122 42
121 123 47
121 124 40
121 125 48
121 126 42
121 127 43
121 128 51
121 129 50
121 130 44
121 131 43
121 132 42
121 133 49
121 134 59
121 135 55
121 136 57
121 137 44
121 138 47
121 139 56
121 140 48
121 141 49
121 142 43
121 143 48
121 144 58
121 145 45
121 146 64
121 147 57
121 148 41
121 149 54
122 0 45
122 1 51
122 2 48
122 3 56
122 4 63
122 5 52
122 6 55
122 7 45
122 8 48
122 9 46
122 10 57
122 11 40
122 12 54
122 13 58
122 14 51
122 15 40
122 16 40
122 17 55
122 18 46
122 19 51
122 20 53
122 21 50
122 22 47
122 23 44
122 24 50
122 25 43
122 26 44
122 27 64
122 28 52
122 29 33
122 30 45
122 31 44
122 32 42
122 33 56
122 34 52
122 35 49
122 36 54
122 37 48
122 38 54
122 39 48
122 40 56
122 41 50
122 42 61
122 43 44
122 44 64
122 45 50
122 46 37
122 47 30
122 48 61
122 49 53
122 50 44
122 51 68
122 52 56
122 53 67
122 54 48
122 55 48
122 56 40
122 57 47
122 58 53
122 59 50
122 60 32
122 61 41
122 62 56
122 63 51
122 64 53
122 65 38
122 66 34
122 67 43
122 68 50
122 69 41
122 70 46
122 71 55
122 72 48
122 73 45
122 74 50
122 75 41
122 76 37
122 77 54
122 78 42
122 79 40
122 80 50
122 81 47
122 82 50
122 83 49
122 84 50
122 85 47
122 86 53
122 87 51
122 88 42
122 89 38
122 90 47
122 91 52
122 92 51
122 93 50
122 94 34
122 95 44
122 96 51
122 97 46
122 98 44
122 99 43
122 100 36
122 101 42
122 102 46
122 103 44
122 104 48
122 105 47
122 106 56
122 107 53
122 108 51
122 109 46
122 110 43
122 111 51
122 112 49
122 113 53
122 114 49
122 115 42
122 116 58
122 117 35
122 118 61
122 119 36
122 120 55
122 121 53
122 122 46
122 123 46
122 124 39
122 125 39
122 126 42
122 127 41
122 128 49
122 129 50
122 130 49
122 131 45
122 132 45
122 133 55
122 134 48
122 135 53
122 136 60
122 137 43
122 138 48
122 139 52
122 140 44
122 141 54
122 142 59
122 143 45
122 144 47
122 145 59
122 146 60
122 147 63
122 148 39
122 149 56
123 0 52
123 1 55
123 2 46
123 3 52
123 4 49
123 5 58
123 6 35
123 7 45
123 8 51
123 9 52
123 10 43
123 11 51
123 12 52
123 13 34
123 14 43
123 15 54
123 16 45
123 17 62
123 18 56
123 19 45
123 20 56
123 21 47
123 22 48
123 23 37
123 24 39
123 25 41
123 26 60
123 27 51
123 28 53
123 29 41
123 30 48
123 31 54
123 32 49
123 33 54
123 34 57
123 35 37
123 36 40
123 37 44
123 38 49
123 39 43
123 40 44
123 41 58
123 42 44
123 43 38
123 44 45
123 45 49
123 46 60
123 47 56
123 48 43
123 49 35
123 50 45
123 51 42
123 52 56
123 53 49
123 54 55
123 55 46
123 56 49
123 57 52
123 58 42
123 59 63
123 60 47
123 61 31
123 62 49
123 63 49
123 64 59
123 65 47
123 66 61
123 67 49
123 68 45
123 69 47
123 70 53
123 71 45
123 72 36
123 73 43
123 74 49
123 75 41
123 76 44
123 77 42
123 78 42
123 79 58
123 80 50
123 81 54
123 82 58
123 83 47
123 84 43
123 85 43
123 86 47
123 87 48
123 88 47
123 89 62
123 90 40
123 91 49
123 92 50
123 93 51
123 94 54
123 95 49
123 96 58
123 97 56
123 98 49
123 99 51
123 100 52
123 101 41
123 102 56
123 103 60
123 104 50
123 105 56
123 106 58
123 107 50
123 108 46
123 109 52
123 110 46
123 111 51
123 112 58
123 113 55
123 114 40
123 115 49
123 116 45
123 117 39
123 118 50
123 119 35
123 120 40
123 121 58
123 122 54
123 123 39
123 124 44
123 125 50
123 126 53
123 127 46
123 128 53
123 129 36
123 130 45
123 131 47
123 132 37
123 133 52
123 134 39
123 135 41
123 136 36
123 137 52
123 138 43
123 139 53
123 140 43
123 141 49
123 142 66
123 143 57
123 144 51
123 145 39
123 146 57
123 147 50
123 148 55
123 149 53
124 0 47
124 1 46
124 2 50
124 3 39
124 4 53
124 5 46
124 6 44
124 7 57
124 8 40
124 9 53
124 10 54
124 11 39
124 12 41
124 13 55
124 14 55
124 15 51
124 16 44
124 17 49
124 18 47
124 19 43
124 20 58
124 21 57
124 22 53
124 23 47
124 24 49
124 25 56
124 26 55
124 27 48
124 28 44
124 29 53
124 30 55
124 31 52
124 32 56
124 33 53
124 34 42
124 35 42
124 36 47
124 37 53
124 38 38
124 39 30
124 40 49
124 41 43
124 42 39
124 43 51
124 44 58
124 45 39
124 46 58
124 47 63
124 48 54
124 49 52
124 50 54
124 51 45
124 52 50
124 53 46
124 54 45
124 55 40
124 56 54
124 57 47
124 58 36
124 59 49
124 60 43
124 61 51
124 62 51
124 63 39
124 64 42
124 65 58
124 66 43
124 67 56
124 68 59
124 69 47
124 70 50
124 71 44
124 72 45
124 73 50
124 74 38
124 75 45
124 76 39
124 77 47
124 78 45
124 79 44
124 80 51
124 81 57
124 82 47
124 83 35
124 84 55
124 85 49
124 86 49
124 87 35
124 88 41
124 89 50
124 90 43
124 91 36
124 92 55
124 93 42
124 94 50
124 95 39
124 96 56
124 97 46
124 98 51
124 99 48
124 100 46
124 101 59
124 102 46
124 103 54
124 104 59
124 105 40
124 106 59
124 107 44
124 108 39
124 109 47
124 110 44
124 111 44
124 112 41
124 113 41
124 114 47
124 115 42
124 116 57
124 117 48
124 118 44
124 119 37
124 120 45
124 121 50
124 122 44
124 123 48
124 124 39
124 125 51
124 126 47
124 127 38
124 128 46
124 129 55
124 130 42
124 131 48
124 132 48
124 133 47
124 134 56
124 135 52
124 136 53
124 137 40
124 138 40
124 139 51
124 140 52
124 141 46
124 142 52
124 143 50
124 144 43
124 145 49
124 146 60
124 147 52
124 148 56
124 149 47
125 0 48
125 1 56
125 2 60
125 3 44
125 4 44
125 5 37
125 6 40
125 7 59
125 8 69
125 9 46
125 10 54
125 11 52
125 12 44
125 13 48
125 14 35
125 15 36
125 16 51
125 17 65
125 18 42
125 19 49
125 20 44
125 21 58
125 22 43
125 23 50
125 24 58
125 25 41
125 26 34
125 27 47
125 28 46
125 29 38
125 30 42
125 31 47
125 32 48
125 33 34
125 34 62
125 35 59
125 36 47
125 37 58
125 38 39
125 39 52
125 40 51
125 41 44
125 42 49
125 43 56
125 44 42
125 45 45
125 46 55
125 47 47
125 48 52
125 49 46
125 50 54
125 51 46
125 52 50
125 53 43
125 54 50
125 55 54
125 56 57
125 57 56
125 58 48
125 59 54
125 60 59
125 61 48
125 62 47
125 63 58
125 64 39
125 65 44
125 66 44
125 67 53
125 68 45
125 69 44
125 70 35
125 71 46
125 72 44
125 73 50
125 74 47
125 75 42
125 76 37
125 77 57
125 78 40
125 79 41
125 80 54
125 81 50
125 82 41
125 83 38
125 84 53
125 85 41
125 86 51
125 87 34
125 88 46
125 89 47
125 90 67
125 91 45
125 92 57
125 93 51
125 94 49
125 95 57
125 96 57
125 97 50
125 98 41
125 99 47
125 100 57
125 101 53
125 102 63
125 103 47
125 104 47
125 105 37
125 106 47
125 107 53
125 108 35
125 109 50
125 110 44
125 111 36
125 112 54
125 113 71
125 114 53
125 115 44
125 116 31
125 117 55
125 118 46
125 119 43
125 120 43
125 121 54
125 122 41
125 123 51
125 124 57
125 125 52
125 126 43
125 127 51
125 128 37
125 129 47
125 130 46
125 131 39
125 132 48
125 133 55
125 134 41
125 135 55
125 136 43
125 137 49
125 138 55
125 139 45
125 140 45
125 141 46
125 142 41
125 143 63
125 144 44
125 145 56
125 146 54
125 147 47
125 148 58
125 149 68
126 0 41
126 1 70
126 2 57
126 3 52
126 4 52
126 5 46
126 6 45
126 7 50
126 8 59
126 9 50
126 10 50
126 11 51
126 12 63
126 13 53
126 14 49
126 15 51
126 16 56
126 17 51
126 18 45
126 19 45
126 20 48
126 21 41
126 22 42
126 23 53
126 24 48
126 25 39
126 26 42
126 27 39
126 28 40
126 29 53
126 30 49
126 31 60
126 32 44
126 33 39
126 34 47
126 35 42
126 36 43
126 37 57
126 38 65
126 39 58
126 40 44
126 41 50
126 42 64
126 43 46
126 44 41
126 45 54
126 46 34
126 47 49
126 48 49
126 49 52
126 50 57
126 51 43
126 52 49
126 53 46
126 54 52
126 55 50
126 56 41
126 57 66
126 58 39
126 59 45
126 60 43
126 61 53
126 62 41
126 63 58
126 64 41
126 65 57
126 66 42
126 67 55
126 68 50
126 69 45
126 70 48
126 71 42
126 72 51
126 73 51
126 74 53
126 75 51
126 76 39
126 77 55
126 78 56
126 79 56
126 80 52
126 81 43
126 82 45
126 83 47
126 84 45
126 85 57
126 86 56
126 87 42
126 88 50
126 89 47
126 90 58
126 91 57
126 92 42
126 93 57
126 94 44
126 95 51
126 96 63
126 97 63
126 98 49
126 99 50
126 100 43
126 101 48
126 102 39
126 103 54
126 104 53
126 105 41
126 106 37
126 107 44
126 108 57
126 109 44
126 110 41
126 111 56
126 112 50
126 113 46
126 114 53
126 115 46
126 116 52
126 117 58
126 118 52
126 119 53
126 120 53
126 121 53
126 122 50
126 123 58
126 124 54
126 125 47
126 126 42
126 127 55
126 128 56
126 129 51
126 130 47
126 131 45
126 132 54
126 133 60
126 134 50
126 135 53
126 136 52
126 137 54
126 138 35
126 139 55
126 140 56
126 141 51
126 142 41
126 143 51
126 144 43
126 145 45
126 146 49
126 147 47
126 148 58
126 149 61
127 0 44
127 1 56
127 2 43
127 3 51
127 4 44
127 5 57
127 6 39
127 7 47
127 8 40
127 9 34
127 10 46
127 11 47
127 12 50
127 13 43
127 14 44
127 15 56
127 16 43
127 17 48
127 18 38
127 19 48
127 20 50
127 21 49
127 22 55
127 23 50
127 24 43
127 25 50
127 26 41
127 27 54
127 28 40
127 29 46
127 30 58
127 31 39
127 32 56
127 33 56
127 34 49
127 35 45
127 36 39
127 37 41
127 38 42
127 39 63
127 40 50
127 41 51
127 42 52
127 43 55
127 44 53
127 45 58
127 46 52
127 47 60
127 48 45
127 49 46
127 50 45
127 51 57
127 52 41
127 53 53
127 54 35
127 55 54
127 56 43
127 57 46
127 58 44
127 59 49
127 60 49
127 61 50
127 62 42
127 63 51
127 64 43
127 65 45
127 66 37
127 67 36
127 68 43
127 69 52
127 70 42
127 71 40
127 72 51
127 73 51
127 74 47
127 75 45
127 76 38
127 77 44
127 78 42
127 79 51
127 80 47
127 81 47
127 82 56
127 83 34
127 84 41
127 85 49
127 86 46
127 87 61
127 88 47
127 89 42
127 90 49
127 91 42
127 92 56
127 93 50
127 94 45
127 95 58
127 96 51
127 97 50
127 98 51
127 99 46
127 100 40
127 101 50
127 102 41
127 103 52
127 104 54
127 105 58
127 106 49
127 107 52
127 108 47
127 109 59
127 110 40
127 111 50
127 112 60
127 113 34
127 114 38
127 115 51
127 116 39
127 117 51
127 118 46
127 119 53
127 120 42
127 121 35
127 122 62
127 123 60
127 124 42
127 125 48
127 126 40
127 127 60
127 128 51
127 129 59
127 130 48
127 131 48
127 132 42
127 133 45
127 134 45
127 135 45
127 136 50
127 137 46
127 138 47
127 139 46
127 140 40
127 141 50
127 142 43
127 143 53
127 144 52
127 145 56
127 146 47
127 147 52
127 148 48
127 149 61
128 0 43
128 1 57
128 2 46
128 3 50
128 4 64
128 5 42
128 6 54
128 7 42
128 8 45
128 9 44
128 10 41
128 11 62
128 12 53
128 13 50
128 14 45
128 15 42
128 16 37
128 17 51
128 18 59
128 19 43
128 20 49
128 21 42
128 22 43
128 23 44
128 24 52
128 25 47
128 26 54
128 27 45
128 28 46
128 29 42
128 30 45
128 31 55
128 32 47
128 33 49
128 34 49
128 35 47
128 36 47
128 37 52
128 38 49
128 39 54
128 40 45
128 41 57
128 42 34
128 43 52
128 44 47
128 45 51
128 46 53
128 47 50
128 48 48
128 49 48
128 50 42
128 51 45
128 52 53
128 53 48
128 54 40
128 55 57
128 56 46
128 57 43
128 58 61
128 59 48
128 60 37
128 61 47
128 62 57
128 63 63
128 64 50
128 65 53
128 66 40
128 67 62
128 68 48
128 69 48
128 70 53
128 71 38
128 72 48
128 73 44
128 74 47
128 75 60
128 76 56
128 77 51
128 78 40
128 79 47
128 80 50
128 81 52
128 82 46
128 83 45
128 84 38
128 85 49
128 86 49
128 87 43
128 88 43
128 89 45
128 90 44
128 91 55
128 92 50
128 93 39
128 94 39
128 95 47
128 96 50
128 97 58
128 98 49
128 99 50
128 100 50
128 101 50
128 102 49
128 103 56
128 104 56
128 105 61
128 106 62
128 107 55
128 108 46
128 109 57
128 110 53
128 111 58
128 112 45
128 113 48
128 114 51
128 115 62
128 116 49
128 117 49
128 118 34
128 119 46
128 120 49
128 121 50
128 122 55
128 123 48
128 124 49
128 125 44
128 126 46
128 127 61
128 128 54
128 129 45
128 130 63
128 131 47
128 132 37
128 133 51
128 134 52
128 135 59
128 136 48
128 137 49
128 138 33
128 139 50
128 140 59
128 141 39
128 142 43
128 143 57
128 144 47
128 145 47
128 146 54
128 147 51
128 148 52
128 149 50
129 0 45
129 1 37
129 2 54
129 3 46
129 4 54
129 5 50
129 6 46
129 7 50
129 8 50
129 9 47
129 10 42
129 11 56
129 12 53
129 13 52
129 14 50
129 15 48
129 16 46
129 17 43
129 18 50
129 19 58
129 20 59
129 21 47
129 22 57
129 23 48
129 24 36
129 25 49
129 26 34
129 27 48
129 28 48
129 29 44
129 30 46
129 31 54
129 32 60
129 33 37
129 34 50
129 35 51
129 36 53
129 37 60
129 38 58
129 39 43
129 40 49
129 41 61
129 42 53
129 43 46
129 44 42
129 45 52
129 46 54
129 47 52
129 48 45
129 49 38
129 50 40
129 51 51
129 52 47
129 53 58
129 54 63
129 55 57
129 56 44
129 57 51
129 58 59
129 59 49
129 60 48
129 61 45
129 62 47
129 63 50
129 64 49
129 65 49
129 66 45
129 67 50
129 68 46
129 69 48
129 70 51
129 71 46
129 72 39
129 73 59
129 74 47
129 75 48
129 76 45
129 77 41
129 78 43
129 79 35
129 80 42
129 81 40
129 82 48
129 83 47
129 84 44
129 85 55
129 86 35
129 87 48
129 88 51
129 89 38
129 90 43
129 91 41
129 92 47
129 93 46
129 94 60
129 95 53
129 96 49
129 97 38
129 98 52
129 99 42
129 100 52
129 101 49
129 102 42
129 103 59
129 104 38
129 105 60
129 106 59
129 107 49
129 108 42
129 109 36
129 110 50
129 111 54
129 112 53
129 113 37
129 114 54
129 115 53
129 116 54
129 117 61
129 118 41
129 119 49
129 120 46
129 121 50
129 122 61
129 123 40
129 124 59
129 125 49
129 126 57
129 127 45
129 128 57
129 129 51
129 130 47
129 131 45
129 132 54
129 133 57
129 134 46
129 135 44
129 136 41
129 137 51
129 138 49
129 139 47
129 140 57
129 141 50
129 142 49
129 143 40
129 144 64
129 145 53
129 146 51
129 147 54
129 148 42
129 149 44
130 0 47
130 1 47
130 2 53
130 3 51
130 4 52
130 5 41
130 6 64
130 7 50
130 8 47
130 9 48
130 10 50
130 11 43
130 12 58
130 13 51
130 14 46
130 15 37
130 16 42
130 17 47
130 18 54
130 19 52
130 20 52
130 21 44
130 22 52
130 23 41
130 24 37
130 25 48
130 26 41
130 27 52
130 28 49
130 29 51
130 30 62
130 31 41
130 32 45
130 33 56
130 34 56
130 35 51
130 36 66
130 37 47
130 38 39
130 39 49
130 40 50
130 41 33
130 42 48
130 43 48
130 44 39
130 45 41
130 46 45
130 47 56
130 48 50
130 49 46
130 50 45
130 51 59
130 52 29
130 53 42
130 54 46
130 55 49
130 56 55
130 57 54
130 58 50
130 59 57
130 60 51
130 61 45
130 62 63
130 63 60
130 64 58
130 65 46
130 66 56
130 67 45
130 68 58
130 69 40
130 70 51
130 71 43
130 72 44
130 73 41
130 74 52
130 75 44
130 76 49
130 77 43
130 78 42
130 79 48
130 80 47
130 81 43
130 82 47
130 83 51
130 84 41
130 85 43
130 86 48
130 87 39
130 88 64
130 89 38
130 90 37
130 91 39
130 92 39
130 93 45
130 94 55
130 95 44
130 96 37
130 97 59
130 98 54
130 99 59
130 100 43
130 101 45
130 102 63
130 103 41
130 104 54
130 105 45
130 106 50
130 107 50
130 108 51
130 109 60
130 110 55
130 111 39
130 112 38
130 113 47
130 114 43
130 115 52
130 116 46
130 117 52
130 118 43
130 119 47
130 120 52
130 121 64
130 122 53
130 123 51
130 124 60
130 125 44
130 126 47
130 127 37
130 128 49
130 129 48
130 130 44
130 131 54
130 132 36
130 133 44
130 134 49
130 135 49
130 136 50
130 137 55
130 138 57
130 139 38
130 140 45
130 141 43
130 142 53
130 143 42
130 144 45
130 145 47
130 146 45
130 147 59
130 148 52
130 149 58
131 0 35
131 1 44
131 2 48
131 3 40
131 4 44
131 5 39
131 6 38
131 7 50
131 8 53
131 9 44
131 10 63
131 11 53
131 12 57
131 13 42
131 14 52
131 15 52
131 16 46
131 17 49
131 18 47
131 19 50
131 20 52
131 21 39
131 22 53
131 23 53
131 24 44
131 25 40
131 26 53
131 27 56
131 28 39
131 29 52
131 30 42
131 31 42
131 32 38
131 33 54
131 34 60
131 35 45
131 36 42
131 37 56
131 38 49
131 39 42
131 40 44
131 41 41
131 42 63
131 43 49
131 44 24
131 45 31
131 46 36
131 47 50
131 48 49
131 49 52
131 50 53
131 51 51
131 52 58
131 53 48
131 54 58
131 55 57
131 56 50
131 57 51
131 58 48
131 59 39
131 60 62
131 61 48
131 62 40
131 63 60
131 64 53
131 65 47
131 66 47
131 67 50
131 68 36
131 69 44
131 70 36
131 71 54
131 72 55
131 73 38
131 74 47
131 75 43
131 76 47
131 77 43
131 78 49
131 79 58
131 80 46
131 81 54
131 82 45
131 83 47
131 84 40
131 85 53
131 86 51
131 87 44
131 88 56
131 89 49
131 90 45
131 91 43
131 92 52
131 93 42
131 94 44
131 95 45
131 96 44
131 97 60
131 98 33
131 99 48
131 100 44
131 101 46
131 102 42
131 103 62
131 104 57
131 105 60
131 106 46
131 107 52
131 108 47
131 109 50
131 110 49
131 111 48
131 112 41
131 113 46
131 114 44
131 115 54
131 116 50
131 117 42
131 118 45
131 119 46
131 120 46
131 121 51
131 122 51
131 123 54
131 124 44
131 125 49
131 126 49
131 127 40
131 128 49
131 129 33
131 130 54
131 131 42
131 132 51
131 133 50
131 134 44
131 135 50
131 136 48
131 137 49
131 138 48
131 139 44
131 140 50
131 141 57
131 142 40
131 143 28
131 144 51
131 145 61
131 146 43
131 147 56
131 148 47
131 149 43
132 0 41
132 1 67
132 2 52
132 3 43
132 4 41
132 5 49
132 6 47
132 7 45
132 8 49
132 9 32
132 10 45
132 11 36
132 12 54
132 13 60
132 14 40
132 15 47
132 16 40
132 17 32
132 18 55
132 19 47
132 20 41
132 21 62
132 22 38
132 23 43
132 24 34
132 25 40
132 26 47
132 27 44
132 28 38
132 29 44
132 30 44
132 31 49
132 32 47
132 33 43
132 34 42
132 35 59
132 36 50
132 37 51
132 38 39
132 39 40
132 40 60
132 41 46
132 42 51
132 43 44
132 44 46
132 45 45
132 46 43
132 47 33
132 48 56
132 49 53
132 50 47
132 51 39
132 52 37
132 53 59
132 54 47
132 55 49
132 56 48
132 57 55
132 58 57
132 59 47
132 60 37
132 61 43
132 62 54
132 63 49
132 64 52
132 65 40
132 66 46
132 67 56
132 68 44
132 69 49
132 70 47
132 71 44
132 72 52
132 73 44
132 74 61
132 75 51
132 76 49
132 77 51
132 78 57
132 79 41
132 80 62
132 81 35
132 82 39
132 83 45
132 84 51
132 85 52
132 86 45
132 87 50
132 88 45
132 89 47
132 90 48
132 91 38
132 92 44
132 93 53
132 94 46
132 95 53
132 96 50
132 97 47
132 98 56
132 99 49
132 100 54
132 101 43
132 102 54
132 103 48
132 104 51
132 105 52
132 106 47
132 107 54
132 108 44
132 109 46
132 110 53
132 111 50
132 112 46
132 113 46
132 114 46
132 115 47
132 116 56
132 117 41
132 118 57
132 119 59
132 120 45
132 121 40
132 122 50
132 123 39
132 124 53
132 125 40
132 126 45
132 127 48
132 128 42
132 129 48
132 130 61
132 131 42
132 132 44
132 133 42
132 134 50
132 135 44
132 136 50
132 137 61
132 138 34
132 139 53
132 140 56
132 141 61
132 142 43
132 143 49
132 144 57
132 145 47
132 146 31
132 147 58
132 148 49
132 149 41
133 0 63
133 1 43
133 2 54
133 3 43
133 4 44
133 5 53
133 6 52
133 7 51
133 8 38
133 9 42
133 10 52
133 11 56
133 12 41
133 13 54
133 14 41
133 15 48
133 16 43
133 17 36
133 18 48
133 19 43
133 20 35
133 21 44
133 22 48
133 23 41
133 24 40
133 25 42
133 26 54
133 27 53
133 28 48
133 29 33
133 30 45
133 31 30
133 32 39
133 33 53
133 34 43
133 35 45
133 36 58
133 37 43
133 38 52
133 39 43
133 40 55
133 41 49
133 42 43
133 43 53
133 44 50
133 45 31
133 46 44
133 47 60
133 48 53
133 49 39
133 50 43
133 51 41
133 52 45
133 53 48
133 54 42
133 55 64
133 56 55
133 57 49
133 58 49
133 59 44
133 60 43
133 61 49
133 62 49
133 63 52
133 64 50
133 65 50
133 66 53
133 67 34
133 68 51
133 69 51
133 70 51
133 71 53
133 72 45
133 73 48
133 74 39
133 75 55
133 76 36
133 77 58
133 78 48
133 79 53
133 80 52
133 81 44
133 82 37
133 83 44
133 84 50
133 85 50
133 86 42
133 87 35
133 88 52
133 89 55
133 90 42
133 91 51
133 92 48
133 93 45
133 94 35
133 95 50
133 96 55
133 97 41
133 98 55
133 99 42
133 100 59
133 101 51
133 102 49
133 103 57
133 104 51
133 105 50
133 106 45
133 107 51
133 108 41
133 109 45
133 110 50
133 111 53
133 112 47
133 113 52
133 114 43
133 115 37
133 116 51
133 117 50
133 118 60
133 119 43
133 120 46
133 121 43
133 122 46
133 123 40
133 124 45
133 125 43
133 126 54
133 127 51
133 128 56
133 129 47
133 130 45
133 131 46
133 132 39
133 133 41
133 134 58
133 135 47
133 136 43
133 137 31
133 138 41
133 139 52
133 140 42
133 141 45
133 142 49
133 143 54
133 144 47
133 145 48
133 146 49
133 147 44
133 148 57
133 149 51
134 0 55
134 1 42
134 2 50
134 3 43
134 4 45
134 5 51
134 6 41
134 7 48
134 8 46
134 9 48
134 10 34
134 11 49
134 12 40
134 13 37
134 14 55
134 15 47
134 16 51
134 17 43
134 18 56
134 19 46
134 20 47
134 21 46
134 22 59
134 23 53
134 24 57
134 25 45
134 26 37
134 27 44
134 28 53
134 29 48
134 30 53
134 31 49
134 32 43
134 33 38
134 34 51
134 35 39
134 36 53
134 37 45
134 38 44
134 39 57
134 40 57
134 41 56
134 42 60
134 43 37
134 44 53
134 45 43
134 46 42
134 47 52
134 48 53
134 49 45
134 50 52
134 51 51
134 52 42
134 53 48
134 54 47
134 55 43
134 56 53
134 57 56
134 58 38
134 59 49
134 60 49
134 61 58
134 62 50
134 63 54
134 64 55
134 65 56
134 66 60
134 67 56
134 68 58
134 69 46
134 70 41
134 71 44
134 72 44
134 73 42
134 74 51
134 75 51
134 76 58
134 77 55
134 78 41
134 79 57
134 80 71
134 81 60
134 82 59
134 83 41
134 84 25
134 85 43
134 86 39
134 87 49
134 88 61
134 89 33
134 90 43
134 91 43
134 92 37
134 93 40
134 94 52
134 95 42
134 96 47
134 97 43
134 98 44
134 99 42
134 100 51
134 101 36
134 102 48
134 103 53
134 104 53
134 105 48
134 106 44
134 107 47
134 108 51
134 109 45
134 110 38
134 111 49
134 112 43
134 113 54
134 114 50
134 115 50
134 116 61
134 117 52
134 118 45
134 119 46
134 120 61
134 121 48
134 122 41
134 123 66
134 124 60
134 125 54
134 126 46
134 127 48
134 128 57
134 129 53
134 130 39
134 131 42
134 132 48
134 133 40
134 134 53
134 135 41
134 136 54
134 137 44
134 138 50
134 139 46
134 140 53
134 141 39
134 142 44
134 143 48
134 144 36
134 145 45
134 146 48
134 147 50
134 148 43
134 149 48
135 0 47
135 1 54
135 2 47
135 3 53
135 4 47
135 5 54
135 6 54
135 7 53
135 8 63
135 9 57
135 10 48
135 11 53
135 12 56
135 13 49
135 14 45
135 15 50
135 16 49
135 17 45
135 18 54
135 19 38
135 20 53
135 21 49
135 22 42
135 23 37
135 24 40
135 25 53
135 26 48
135 27 57
135 28 46
135 29 44
135 30 54
135 31 50
135 32 38
135 33 42
135 34 36
135 35 58
135 36 48
135 37 48
135 38 39
135 39 51
135 40 39
135 41 33
135 42 37
135 43 48
135 44 48
135 45 48
135 46 52
135 47 45
135 48 42
135 49 50
135 50 49
135 51 45
135 52 38
135 53 45
135 54 49
135 55 63
135 56 47
135 57 52
135 58 55
135 59 54
135 60 40
135 61 46
135 62 53
135 63 69
135 64 53
135 65 47
135 66 45
135 67 46
135 68 53
135 69 65
135 70 62
135 71 50
135 72 42
135 73 45
135 74 47
135 75 54
135 76 50
135 77 39
135 78 61
135 79 28
135 80 42
135 81 43
135 82 46
135 83 49
135 84 46
135 85 43
135 86 63
135 87 56
135 88 59
135 89 51
135 90 48
135 91 42
135 92 51
135 93 58
135 94 44
135 95 54
135 96 42
135 97 57
135 98 50
135 99 48
135 100 45
135 101 44
135 102 47
135 103 51
135 104 50
135 105 43
135 106 43
135 107 56
135 108 43
135 109 53
135 110 59
135 111 50
135 112 56
135 113 54
135 114 44
135 115 48
135 116 49
135 117 48
135 118 58
135 119 53
135 120 46
135 121 50
135 122 39
135 123 49
135 124 45
135 125 50
135 126 40
135 127 53
135 128 45
135 129 46
135 130 45
135 131 47
135 132 51
135 133 50
135 134 57
135 135 40
135 136 36
135 137 51
135 138 48
135 139 44
135 140 44
135 141 41
135 142 45
135 143 56
135 144 45
135 145 47
135 146 44
135 147 31
135 148 43
135 149 43
136 0 38
136 1 56
136 2 35
136 3 42
136 4 50
136 5 49
136 6 41
136 7 39
136 8 45
136 9 27
136 10 50
136 11 40
136 12 39
136 13 55
136 14 55
136 15 52
136 16 42
136 17 33
136 18 36
136 19 53
136 20 38
136 21 52
136 22 53
136 23 53
136 24 45
136 25 51
136 26 45
136 27 50
136 28 47
136 29 38
136 30 52
136 31 51
136 32 53
136 33 41
136 34 44
136 35 41
136 36 41
136 37 47
136 38 46
136 39 39
136 40 48
136 41 53
136 42 63
136 43 46
136 44 48
136 45 46
136 46 51
136 47 54
136 48 58
136 49 53
136 50 63
136 51 53
136 52 47
136 53 40
136 54 53
136 55 47
136 56 66
136 57 54
136 58 48
136 59 50
136 60 54
136 61 34
136 62 66
136 63 52
136 64 39
136 65 56
136 66 59
136 67 56
136 68 47
136 69 52
136 70 61
136 71 51
136 72 51
136 73 62
136 74 55
136 75 41
136 76 44
136 77 37
136 78 50
136 79 55
136 80 42
136 81 58
136 82 49
136 83 52
136 84 50
136 85 53
136 86 48
136 87 41
136 88 51
136 89 42
136 90 41
136 91 40
136 92 70
136 93 41
136 94 51
136 95 48
136 96 54
136 97 42
136 98 54
136 99 64
136 100 40
136 101 52
136 102 49
136 103 43
136 104 45
136 105 44
136 106 43
136 107 51
136 108 49
136 109 45
136 110 38
136 111 55
136 112 50
136 113 66
136 114 49
136 115 52
136 116 64
136 117 47
136 118 45
136 119 48
136 120 46
136 121 41
136 122 44
136 123 56
136 124 43
136 125 41
136 126 54
136 127 35
136 128 54
136 129 53
136 130 43
136 131 47
136 132 39
136 133 47
136 134 53
136 135 44
136 136 55
136 137 55
136 138 45
136 139 51
136 140 47
136 141 49
136 142 50
136 143 49
136 144 53
136 145 47
136 146 46
136 147 67
136 148 39
136 149 36
137 0 46
137 1 62
137 2 65
137 3 49
137 4 48
137 5 63
137 6 48
137 7 46
137 8 56
137 9 52
137 10 41
137 11 60
137 12 41
137 13 55
137 14 43
137 15 48
137 16 38
137 17 44
137 18 55
137 19 45
137 20 42
137 21 46
137 22 47
137 23 55
137 24 47
137 25 53
137 26 44
137 27 56
137 28 42
137 29 52
137 30 60
137 31 38
137 32 44
137 33 40
137 34 51
137 35 64
137 36 46
137 37 41
137 38 41
137 39 51
137 40 55
137 41 56
137 42 45
137 43 47
137 44 45
137 45 52
137 46 41
137 47 51
137 48 58
137 49 55
137 50 44
137 51 49
137 52 57
137 53 40
137 54 48
137 55 51
137 56 53
137 57 35
137 58 53
137 59 44
137 60 54
137 61 43
137 62 57
137 63 52
137 64 56
137 65 37
137 66 50
137 67 44
137 68 52
137 69 57
137 70 56
137 71 44
137 72 47
137 73 47
137 74 42
137 75 53
137 76 41
137 77 50
137 78 45
137 79 48
137 80 71
137 81 53
137 82 45
137 83 47
137 84 50
137 85 38
137 86 48
137 87 38
137 88 35
137 89 42
137 90 51
137 91 58
137 92 58
137 93 51
137 94 48
137 95 56
137 96 53
137 97 46
137 98 51
137 99 42
137 100 40
137 101 46
137 102 47
137 103 53
137 104 62
137 105 43
137 106 50
137 107 42
137 108 55
137 109 41
137 110 61
137 111 56
137 112 46
137 113 40
137 114 55
137 115 48
137 116 45
137 117 59
137 118 47
137 119 59
137 120 39
137 121 49
137 122 52
137 123 57
137 124 55
137 125 38
137 126 51
137 127 58
137 128 48
137 129 51
137 130 44
137 131 46
137 132 47
137 133 58
137 134 40
137 135 56
137 136 55
137 137 35
137 138 36
137 139 55
137 140 55
137 141 51
137 142 50
137 143 54
137 144 47
137 145 56
137 146 46
137 147 43
137 148 45
137 149 47
138 0 50
138 1 52
138 2 44
138 3 49
138 4 48
138 5 45
138 6 50
138 7 58
138 8 35
138 9 37
138 10 55
138 11 55
138 12 49
138 13 52
138 14 51
138 15 45
138 16 54
138 17 46
138 18 56
138 19 54
138 20 54
138 21 55
138 22 51
138 23 42
138 24 50
138 25 59
138 26 45
138 27 41
138 28 49
138 29 38
138 30 33
138 31 48
138 32 49
138 33 46
138 34 43
138 35 46
138 36 50
138 37 52
138 38 37
138 39 41
138 40 56
138 41 47
138 42 36
138 43 50
138 44 47
138 45 48
138 46 48
138 47 52
138 48 42
138 49 55
138 50 57
138 51 52
138 52 47
138 53 43
138 54 54
138 55 42
138 56 53
138 57 52
138 58 47
138 59 43
138 60 48
138 61 42
138 62 54
138 63 41
138 64 57
138 65 42
138 66 48
138 67 69
138 68 53
138 69 53
138 70 34
138 71 47
138 72 39
138 73 46
138 74 40
138 75 55
138 76 51
138 77 52
138 78 56
138 79 54
138 80 50
138 81 64
138 82 47
138 83 52
138 84 51
138 85 40
138 86 46
138 87 58
138 88 49
138 89 50
138 90 44
138 91 47
138 92 36
138 93 56
138 94 62
138 95 55
138 96 44
138 97 42
138 98 57
138 99 53
138 100 62
138 101 46
138 102 46
138 103 51
138 104 43
138 105 46
138 106 73
138 107 40
138 108 40
138 109 52
138 110 48
138 111 42
138 112 42
138 113 45
138 114 58
138 115 40
138 116 55
138 117 46
138 118 45
138 119 59
138 120 48
138 121 60
138 122 40
138 123 52
138 124 49
138 125 35
138 126 43
138 127 46
138 128 50
138 129 48
138 130 45
138 131 41
138 132 64
138 133 58
138 134 37
138 135 47
138 136 60
138 137 38
138 138 48
138 139 43
138 140 46
138 141 46
138 142 42
138 143 48
138 144 62
138 145 39
138 146 58
138 147 46
138 148 48
138 149 36
139 0 55
139 1 54
139 2 56
139 3 49
139 4 53
139 5 40
139 6 40
139 7 47
139 8 53
139 9 48
139 10 39
139 11 47
139 12 51
139 13 48
139 14 46
139 15 49
139 16 57
139 17 37
139 18 41
139 19 40
139 20 59
139 21 58
139 22 45
139 23 55
139 24 45
139 25 43
139 26 43
139 27 53
139 28 43
139 29 42
139 30 51
139 31 39
139 32 56
139 33 37
139 34 56
139 35 58
139 36 51
139 37 39
139 38 46
139 39 49
139 40 42
139 41 34
139 42 44
139 43 48
139 44 48
139 45 58
139 46 55
139 47 38
139 48 39
139 49 59
139 50 48
139 51 52
139 52 58
139 53 47
139 54 67
139 55 41
139 56 44
139 57 48
139 58 50
139 59 44
139 60 67
139 61 54
139 62 52
139 63 45
139 64 43
139 65 43
139 66 53
139 67 54
139 68 39
139 69 35
139 70 48
139 71 47
139 72 52
139 73 37
139 74 37
139 75 58
139 76 57
139 77 45
139 78 51
139 79 47
139 80 51
139 81 52
139 82 43
139 83 42
139 84 52
139 85 52
139 86 39
139 87 43
139 88 58
139 89 46
139 90 39
139 91 59
139 92 37
139 93 50
139 94 54
139 95 55
139 96 36
139 97 56
139 98 50
139 99 48
139 100 48
139 101 44
139 102 54
139 103 61
139 104 50
139 105 52
139 106 38
139 107 44
139 108 45
139 109 45
139 110 48
139 111 37
139 112 36
139 113 57
139 114 51
139 115 42
139 116 42
139 117 48
139 118 52
139 119 55
139 120 55
139 121 47
139 122 47
139 123 42
139 124 44
139 125 60
139 126 42
139 127 43
139 128 46
139 129 57
139 130 44
139 131 43
139 132 38
139 133 42
139 134 54
139 135 48
139 136 43
139 137 51
139 138 53
139 139 44
139 140 49
139 141 41
139 142 44
139 143 31
139 144 45
139 145 46
139 146 50
139 147 52
139 148 47
139 149 33
140 0 53
140 1 43
140 2 54
140 3 44
140 4 58
140 5 41
140 6 61
140 7 50
140 8 46
140 9 40
140 10 50
140 11 57
140 12 53
140 13 53
140 14 49
140 15 48
140 16 49
140 17 42
140 18 57
140 19 53
140 20 48
140 21 48
140 22 42
140 23 44
140 24 50
140 25 49
140 26 52
140 27 57
140 28 47
140 29 60
140 30 44
140 31 48
140 32 45
140 33 40
140 34 49
140 35 45
140 36 50
140 37 65
140 38 41
140 39 50
140 40 63
140 41 50
140 42 45
140 43 34
140 44 46
140 45 61
140 46 65
140 47 54
140 48 46
140 49 51
140 50 61
140 51 56
140 52 47
140 53 40
140 54 50
140 55 57
140 56 61
140 57 42
140 58 58
140 59 43
140 60 43
140 61 53
140 62 58
140 63 54
140 64 48
140 65 39
140 66 59
140 67 56
140 68 47
140 69 53
140 70 48
140 71 43
140 72 49
140 73 54
140 74 58
140 75 47
140 76 40
140 77 48
140 78 49
140 79 51
140 80 63
140 81 52
140 82 47
140 83 57
140 84 52
140 85 40
140 86 42
140 87 51
140 88 53
140 89 50
140 90 39
140 91 43
140 92 42
140 93 50
140 94 43
140 95 50
140 96 54
140 97 38
140 98 46
140 99 36
140 100 58
140 101 47
140 102 61
140 103 49
140 104 45
140 105 47
140 106 45
140 107 64
140 108 34
140 109 41
140 110 44
140 111 42
140 112 45
140 113 45
140 114 60
140 115 50
140 116 46
140 117 41
140 118 37
140 119 55
140 120 44
140 121 46
140 122 54
140 123 43
140 124 45
140 125 46
140 126 52
140 127 49
140 128 47
140 129 43
140 130 45
140 131 46
140 132 46
140 133 42
140 134 37
140 135 43
140 136 51
140 137 49
140 138 46
140 139 37
140 140 43
140 141 66
140 142 52
140 143 52
140 144 40
140 145 61
140 146 45
140 147 58
140 148 31
140 149 34
141 0 45
141 1 51
141 2 48
141 3 45
141 4 38
141 5 36
141 6 41
141 7 47
141 8 38
141 9 48
141 10 40
141 11 38
141 12 45
141 13 53
141 14 45
141 15 39
141 16 42
141 17 43
141 18 42
141 19 42
141 20 43
141 21 42
141 22 55
141 23 49
141 24 28
141 25 47
141 26 46
141 27 43
141 28 44
141 29 54
141 30 42
141 31 61
141 32 37
141 33 64
141 34 51
141 35 45
141 36 42
141 37 57
141 38 51
141 39 40
141 40 57
141 41 64
141 42 46
141 43 38
141 44 52
141 45 52
141 46 47
141 47 60
141 48 52
141 49 58
141 50 56
141 51 44
141 52 49
141 53 60
141 54 45
141 55 47
141 56 44
141 57 43
141 58 36
141 59 40
141 60 45
141 61 48
141 62 50
141 63 44
141 64 48
141 65 51
141 66 50
141 67 54
141 68 48
141 69 47
141 70 46
141 71 58
141 72 42
141 73 54
141 74 52
141 75 47
141 76 40
141 77 62
141 78 41
141 79 50
141 80 37
141 81 59
141 82 41
141 83 37
141 84 48
141 85 47
141 86 37
141 87 44
141 88 48
141 89 42
141 90 40
141 91 51
141 92 59
141 93 38
141 94 70
141 95 47
141 96 60
141 97 54
141 98 50
141 99 49
141 100 45
141 101 46
141 102 49
141 103 55
141 104 49
141 105 52
141 106 43
141 107 62
141 108 57
141 109 42
141 110 52
141 111 53
141 112 53
141 113 45
141 114 51
141 115 50
141 116 48
141 117 52
141 118 65
141 119 41
141 120 55
141 121 38
141 122 58
141 123 52
141 124 59
141 125 41
141 126 45
141 127 32
141 128 45
141 129 41
141 130 46
141 131 36
141 132 52
141 133 53
141 134 57
141 135 50
141 136 54
141 137 44
141 138 51
141 139 38
141 140 54
141 141 49
141 142 38
141 143 37
141 144 41
141 145 55
141 146 46
141 147 57
141 148 46
141 149 53
142 0 49
142 1 49
142 2 51
142 3 47
142 4 42
142 5 48
142 6 65
142 7 50
142 8 50
142 9 55
142 10 57
142 11 48
142 12 53
142 13 54
142 14 48
142 15 41
142 16 55
142 17 43
142 18 50
142 19 42
142 20 49
142 21 43
142 22 39
142 23 50
142 24 54
142 25 48
142 26 54
142 27 42
142 28 49
142 29 38
142 30 47
142 31 52
142 32 55
142 33 52
142 34 43
142 35 46
142 36 49
142 37 55
142 38 49
142 39 56
142 40 51
142 41 51
142 42 52
142 43 48
142 44 51
142 45 48
142 46 46
142 47 39
142 48 55
142 49 65
142 50 48
142 51 47
142 52 51
142 53 63
142 54 59
142 55 47
142 56 47
142 57 48
142 58 48
142 59 56
142 60 48
142 61 46
142 62 36
142 63 39
142 64 51
142 65 49
142 66 42
142 67 54
142 68 38
142 69 49
142 70 51
142 71 43
142 72 50
142 73 43
142 74 42
142 75 45
142 76 61
142 77 53
142 78 43
142 79 55
142 80 47
142 81 41
142 82 53
142 83 54
142 84 52
142 85 49
142 86 47
142 87 43
142 88 40
142 89 67
142 90 43
142 91 57
142 92 62
142 93 44
142 94 38
142 95 50
142 96 44
142 97 37
142 98 48
142 99 54
142 100 47
142 101 60
142 102 39
142 103 50
142 104 57
142 105 43
142 106 43
142 107 53
142 108 51
142 109 45
142 110 53
142 111 55
142 112 49
142 113 42
142 114 62
142 115 51
142 116 56
142 117 52
142 118 38
142 119 42
142 120 58
142 121 50
142 122 52
142 123 45
142 124 47
142 125 54
142 126 52
142 127 61
142 128 50
142 129 47
142 130 48
142 131 46
142 132 46
142 133 57
142 134 43
142 135 53
142 136 34
142 137 55
142 138 49
142 139 37
142 140 47
142 141 47
142 142 55
142 143 58
142 144 57
142 145 38
142 146 46
142 147 59
142 148 50
142 149 53
143 0 48
143 1 59
143 2 46
143 3 34
143 4 47
143 5 48
143 6 53
143 7 42
143 8 55
143 9 39
143 10 41
143 11 50
143 12 56
143 13 55
143 14 50
143 15 54
143 16 48
143 17 45
143 18 62
143 19 65
143 20 52
143 21 42
143 22 49
143 23 36
143 24 53
143 25 60
143 26 39
143 27 43
143 28 54
143 29 49
143 30 54
143 31 41
143 32 49
143 33 39
143 34 48
143 35 47
143 36 62
143 37 59
143 38 46
143 39 51
143 40 45
143 41 51
143 42 45
143 43 32
143 44 46
143 45 60
143 46 47
143 47 46
143 48 42
143 49 52
143 50 50
143 51 49
143 52 49
143 53 54
143 54 61
143 55 44
143 56 40
143 57 41
143 58 56
143 59 61
143 60 58
143 61 39
143 62 37
143 63 47
143 64 48
143 65 37
143 66 44
143 67 48
143 68 54
143 69 58
143 70 55
143 71 49
143 72 51
143 73 38
143 74 48
143 75 64
143 76 45
143 77 47
143 78 47
143 79 41
143 80 47
143 81 53
143 82 50
143 83 46
143 84 51
143 85 49
143 86 56
143 87 56
143 88 43
143 89 50
143 90 48
143 91 40
143 92 46
143 93 60
143 94 51
143 95 63
143 96 37
143 97 59
143 98 69
143 99 48
143 100 52
143 101 53
143 102 36
143 103 48
143 104 62
143 105 57
143 106 53
143 107 45
143 108 57
143 109 37
143 110 53
143 111 38
143 112 50
143 113 55
143 114 56
143 115 60
143 116 46
143 117 57
143 118 53
143 119 43
143 120 49
143 121 57
143 122 43
143 123 39
143 124 40
143 125 49
143 126 51
143 127 44
143 128 42
143 129 49
143 130 47
143 131 55
143 132 57
143 133 51
143 134 65
143 135 37
143 136 52
143 137 44
143 138 50
143 139 53
143 140 56
143 141 46
143 142 59
143 143 48
143 144 34
143 145 41
143 146 37
143 147 44
143 148 45
143 149 45
144 0 42
144 1 50
144 2 46
144 3 47
144 4 44
144 5 40
144 6 42
144 7 44
144 8 47
144 9 50
144 10 55
144 11 30
144 12 43
144 13 48
144 14 47
144 15 48
144 16 42
144 17 46
144 18 64
144 19 42
144 20 47
144 21 46
144 22 50
144 23 41
144 24 39
144 25 56
144 26 55
144 27 43
144 28 53
144 29 55
144 30 50
144 31 50
144 32 56
144 33 45
144 34 41
144 35 40
144 36 47
144 37 46
144 38 49
144 39 67
144 40 28
144 41 41
144 42 62
144 43 50
144 44 56
144 45 61
144 46 59
144 47 57
144 48 42
144 49 54
144 50 49
144 51 49
144 52 38
144 53 35
144 54 46
144 55 64
144 56 53
144 57 47
144 58 47
144 59 40
144 60 44
144 61 48
144 62 62
144 63 43
144 64 39
144 65 55
144 66 41
144 67 42
144 68 48
144 69 42
144 70 45
144 71 48
144 72 40
144 73 41
144 74 49
144 75 51
144 76 56
144 77 45
144 78 43
144 79 44
144 80 48
144 81 57
144 82 41
144 83 36
144 84 54
144 85 34
144 86 47
144 87 57
144 88 45
144 89 63
144 90 34
144 91 64
144 92 33
144 93 50
144 94 44
144 95 53
144 96 51
144 97 49
144 98 47
144 99 50
144 100 44
144 101 44
144 102 45
144 103 45
144 104 42
144 105 60
144 106 45
144 107 54
144 108 43
144 109 51
144 110 50
144 111 36
144 112 54
144 113 51
144 114 49
144 115 49
144 116 47
144 117 57
144 118 49
144 119 48
144 120 39
144 121 48
144 122 40
144 123 46
144 124 49
144 125 43
144 126 42
144 127 52
144 128 52
144 129 49
144 130 44
144 131 41
144 132 48
144 133 40
144 134 51
144 135 44
144 136 43
144 137 47
144 138 40
144 139 53
144 140 50
144 141 48
144 142 64
144 143 57
144 144 49
144 145 44
144 146 41
144 147 56
144 148 46
144 149 47
145 0 55
145 1 52
145 2 45
145 3 56
145 4 65
145 5 56
145 6 45
145 7 57
145 8 43
145 9 50
145 10 44
145 11 44
145 12 48
145 13 37
145 14 39
145 15 41
145 16 55
145 17 47
145 18 43
145 19 44
145 20 45
145 21 57
145 22 50
145 23 43
145 24 46
145 25 57
145 26 58
145 27 41
145 28 49
145 29 49
145 30 38
145 31 40
145 32 39
145 33 46
145 34 59
145 35 41
145 36 55
145 37 71
145 38 57
145 39 44
145 40 53
145 41 46
145 42 48
145 43 53
145 44 48
145 45 49
145 46 61
145 47 43
145 48 47
145 49 44
145 50 50
145 51 55
145 52 54
145 53 39
145 54 42
145 55 46
145 56 36
145 57 45
145 58 43
145 59 57
145 60 45
145 61 59
145 62 73
145 63 57
145 64 50
145 65 53
145 66 43
145 67 60
145 68 44
145 69 35
145 70 42
145 71 54
145 72 52
145 73 53
145 74 47
145 75 47
145 76 51
145 77 35
145 78 36
145 79 51
145 80 65
145 81 59
145 82 43
145 83 38
145 84 53
145 85 53
145 86 47
145 87 57
145 88 46
145 89 35
145 90 38
145 91 60
145 92 46
145 93 55
145 94 50
145 95 60
145 96 45
145 97 68
145 98 36
145 99 48
145 100 56
145 101 67
145 102 41
145 103 40
145 104 45
145 105 48
145 106 57
145 107 46
145 108 47
145 109 41
145 110 52
145 111 63
145 112 69
145 113 41
145 114 63
145 115 43
145 116 53
145 117 63
145 118 54
145 119 43
145 120 53
145 121 54
145 122 49
145 123 54
145 124 54
145 125 48
145 126 46
145 127 49
145 128 47
145 129 49
145 130 49
145 131 40
145 132 33
145 133 44
145 134 43
145 135 39
145 136 53
145 137 43
145 138 43
145 139 44
145 140 57
145 141 43
145 142 49
145 143 50
145 144 49
145 145 44
145 146 51
145 147 46
145 148 49
145 149 48
146 0 55
146 1 34
146 2 47
146 3 51
146 4 36
146 5 44
146 6 40
146 7 55
146 8 52
146 9 54
146 10 46
146 11 49
146 12 42
146 13 46
146 14 40
146 15 58
146 16 45
146 17 56
146 18 51
146 19 56
146 20 42
146 21 42
146 22 48
146 23 42
146 24 36
146 25 54
146 26 44
146 27 54
146 28 47
146 29 45
146 30 47
146 31 57
146 32 41
146 33 41
146 34 46
146 35 44
146 36 36
146 37 51
146 38 56
146 39 56
146 40 43
146 41 58
146 42 33
146 43 47
146 44 53
146 45 41
146 46 40
146 47 51
146 48 53
146 49 44
146 50 56
146 51 58
146 52 59
146 53 38
146 54 44
146 55 54
146 56 42
146 57 49
146 58 38
146 59 54
146 60 45
146 61 59
146 62 49
146 63 52
146 64 44
146 65 52
146 66 45
146 67 45
146 68 60
146 69 43
146 70 58
146 71 51
146 72 35
146 73 49
146 74 55
146 75 48
146 76 46
146 77 40
146 78 52
146 79 48
146 80 49
146 81 47
146 82 44
146 83 48
146 84 59
146 85 36
146 86 44
146 87 42
146 88 47
146 89 46
146 90 61
146 91 48
146 92 43
146 93 37
146 94 47
146 95 39
146 96 58
146 97 44
146 98 59
146 99 43
146 100 47
146 101 49
146 102 59
146 103 46
146 104 42
146 105 53
146 106 47
146 107 46
146 108 49
146 109 41
146 110 42
146 111 51
146 112 49
146 113 41
146 114 51
146 115 51
146 116 50
146 117 46
146 118 47
146 119 51
146 120 48
146 121 56
146 122 54
146 123 52
146 124 49
146 125 55
146 126 40
146 127 53
146 128 53
146 129 43
146 130 66
146 131 56
146 132 66
146 133 46
146 134 57
146 135 34
146 136 45
146 137 55
146 138 56
146 139 45
146 140 41
146 141 41
146 142 53
146 143 42
146 144 50
146 145 56
146 146 53
146 147 46
146 148 50
146 149 46
147 0 52
147 1 44
147 2 44
147 3 50
147 4 46
147 5 48
147 6 52
147 7 36
147 8 47
147 9 40
147 10 42
147 11 46
147 12 50
147 13 51
147 14 43
147 15 41
147 16 56
147 17 55
147 18 43
147 19 48
147 20 56
147 21 45
147 22 52
147 23 48
147 24 44
147 25 37
147 26 36
147 27 49
147 28 55
147 29 42
147 30 48
147 31 50
147 32 42
147 33 50
147 34 51
147 35 47
147 36 64
147 37 41
147 38 55
147 39 47
147 40 49
147 41 39
147 42 51
147 43 54
147 44 48
147 45 43
147 46 54
147 47 72
147 48 44
147 49 56
147 50 40
147 51 47
147 52 48
147 53 52
147 54 52
147 55 51
147 56 47
147 57 50
147 58 40
147 59 47
147 60 41
147 61 52
147 62 47
147 63 59
147 64 48
147 65 42
147 66 58
147 67 55
147 68 38
147 69 63
147 70 46
147 71 55
147 72 47
147 73 54
147 74 49
147 75 42
147 76 51
147 77 51
147 78 51
147 79 49
147 80 48
147 81 59
147 82 54
147 83 37
147 84 43
147 85 53
147 86 43
147 87 56
147 88 42
147 89 51
147 90 45
147 91 39
147 92 54
147 93 51
147 94 49
147 95 42
147 96 49
147 97 46
147 98 70
147 99 49
147 100 53
147 101 42
147 102 46
147 103 55
147 104 50
147 105 52
147 106 34
147 107 42
147 108 42
147 109 55
147 110 40
147 111 33
147 112 50
147 113 56
147 114 45
147 115 49
147 116 43
147 117 55
147 118 53
147 119 51
147 120 58
147 121 53
147 122 47
147 123 67
147 124 42
147 125 57
147 126 40
147 127 47
147 128 49
147 129 43
147 130 52
147 131 46
147 132 44
147 133 48
147 134 45
147 135 63
147 136 46
147 137 47
147 138 45
147 139 56
147 140 51
147 141 71
147 142 51
147 143 47
147 144 62
147 145 66
147 146 55
147 147 52
147 148 62
147 149 39
148 0 63
148 1 44
148 2 51
148 3 65
148 4 58
148 5 61
148 6 43
148 7 41
148 8 55
148 9 51
148 10 44
148 11 37
148 12 58
148 13 45
148 14 61
148 15 45
148 16 61
148 17 57
148 18 63
148 19 47
148 20 42
148 21 56
148 22 50
148 23 52
148 24 61
148 25 52
148 26 46
148 27 43
148 28 50
148 29 62
148 30 54
148 31 53
148 32 44
148 33 45
148 34 62
148 35 55
148 36 50
148 37 41
148 38 40
148 39 50
148 40 60
148 41 47
148 42 48
148 43 37
148 44 56
148 45 49
148 46 51
148 47 46
148 48 66
148 49 55
148 50 62
148 51 45
148 52 34
148 53 50
148 54 51
148 55 44
148 56 43
148 57 45
148 58 53
148 59 45
148 60 44
148 61 49
148 62 53
148 63 50
148 64 51
148 65 63
148 66 33
148 67 47
148 68 48
148 69 56
148 70 48
148 71 45
148 72 46
148 73 49
148 74 44
148 75 60
148 76 51
148 77 62
148 78 62
148 79 51
148 80 44
148 81 55
148 82 41
148 83 52
148 84 54
148 85 49
148 86 51
148 87 53
148 88 40
148 89 50
148 90 34
148 91 48
148 92 66
148 93 52
148 94 40
148 95 45
148 96 43
148 97 51
148 98 53
148 99 48
148 100 38
148 101 47
148 102 53
148 103 51
148 104 51
148 105 47
148 106 48
148 107 52
148 108 48
148 109 70
148 110 40
148 111 47
148 112 46
148 113 53
148 114 41
148 115 57
148 116 43
148 117 45
148 118 42
148 119 65
148 120 53
148 121 42
148 122 45
148 123 53
148 124 59
148 125 40
148 126 52
148 127 50
148 128 43
148 129 57
148 130 43
148 131 45
148 132 47
148 133 42
148 134 37
148 135 46
148 136 67
148 137 44
148 138 49
148 139 53
148 140 49
148 141 40
148 142 41
148 143 49
148 144 50
148 145 52
148 146 47
148 147 47
148 148 50
148 149 43
149 0 45
149 1 46
149 2 43
149 3 53
149 4 42
149 5 49
149 6 49
149 7 40
149 8 38
149 9 45
149 10 30
149 11 38
149 12 44
149 13 57
149 14 55
149 15 55
149 16 55
149 17 39
149 18 53
149 19 47
149 20 41
149 21 56
149 22 48
149 23 56
149 24 43
149 25 44
149 26 55
149 27 48
149 28 39
149 29 50
149 30 56
149 31 58
149 32 45
149 33 50
149 34 45
149 35 50
149 36 47
149 37 66
149 38 43
149 39 45
149 40 50
149 41 67
149 42 46
149 43 45
149 44 50
149 45 47
149 46 39
149 47 54
149 48 36
149 49 38
149 50 42
149 51 57
149 52 67
149 53 41
149 54 50
149 55 41
149 56 53
149 57 46
149 58 38
149 59 49
149 60 71
149 61 53
149 62 48
149 63 54
149 64 48
149 65 54
149 66 55
149 67 46
149 68 54
149 69 56
149 70 49
149 71 48
149 72 47
149 73 42
149 74 58
149 75 50
149 76 39
149 77 64
149 78 48
149 79 56
149 80 50
149 81 56
149 82 51
149 83 41
149 84 31
149 85 36
149 86 57
149 87 48
149 88 43
149 89 53
149 90 46
149 91 51
149 92 60
149 93 50
149 94 35
149 95 61
149 96 56
149 97 50
149 98 52
149 99 50
149 100 52
149 101 32
149 102 48
149 103 44
149 104 44
149 105 49
149 106 36
149 107 56
149 108 56
149 109 31
149 110 49
149 111 46
149 112 47
149 113 55
149 114 42
149 115 38
149 116 59
149 117 43
149 118 53
149 119 42
149 120 54
149 121 46
149 122 38
149 123 46
149 124 44
149 125 44
149 126 52
149 127 43
149 128 48
149 129 44
149 130 50
149 131 37
149 132 45
149 133 55
149 134 40
149 135 57
149 136 42
149 137 48
149 138 54
149 139 34
149 140 48
149 141 49
149 142 48
149 143 33
149 144 47
149 145 54
149 146 50
149 147 46
149 148 47
149 149 41
